Date,SPY,AGG,Trading costs
2015-01-02,0,0,0
2015-01-05,-0.0108355878102,0.000869373603771,-0
2015-01-06,-0.0056053068432,0.00102440186729,-0
2015-01-07,0.00737958105679,-7.34749215345e-05,-0
2015-01-08,0.0105623815435,-0.000620374218698,-0
2015-01-09,-0.00480675384872,0.000975501736036,-0
2015-01-12,-0.00467896371209,0.000326507484963,-0
2015-01-13,-0.00167411690971,0.000109247286209,-0
2015-01-14,-0.00358926474226,0.000984959857873,-0
2015-01-15,-0.00542706791966,0.00186559167411,-0
2015-01-16,0.0077257704908,-0.00157856578884,-0
2015-01-20,0.00126505155764,0.000693261377826,-0
2015-01-21,0.00299490054035,-0.000728283958917,-0
2015-01-22,0.00884736195528,-0.000217925653885,-0
2015-01-23,-0.00328216775222,0.00100879424796,-0
2015-01-26,0.00139740290986,-0.00018071620772,-0
2015-01-27,-0.00787955869694,-0.000216519519211,-0
2015-01-28,-0.00762153425206,0.0017086679321,-0
2015-01-29,0.0054552867967,-0.00032887411004,-0
2015-01-30,-0.00745174026892,0.00145513717119,-0
2015-02-02,0.00729020396186,-1.46186055704e-05,-8.41658429885e-06
2015-02-03,0.00867661813826,-0.00153299224312,-0
2015-02-04,-0.00230138565025,0.000601786181093,-0
2015-02-05,0.00608816702115,-0.00081561156483,-0
2015-02-06,-0.00167571501692,-0.00229267916087,-0
2015-02-09,-0.00271536300837,-7.06429396748e-05,-0
2015-02-10,0.00645243083071,-0.000426394007922,-0
2015-02-11,0.000353170140336,-0.000176375955155,-0
2015-02-12,0.00585373272293,7.05528431883e-05,-0
2015-02-13,0.00251508779313,-0.000455892642522,-0
2015-02-17,0.000962830214714,-0.00157580986854,-0
2015-02-18,5.84022470706e-05,0.00108600469945,-0
2015-02-19,-0.000437624185181,-0.000314728298519,-0
2015-02-20,0.00367801090392,6.99717020576e-05,-0
2015-02-23,-8.71344258108e-05,0.000697657836091,-0
2015-02-24,0.00174334746315,0.00170854149816,-0
2015-02-25,-0.000520958375059,0.000278153992121,-0
2015-02-26,-0.000724196954731,-0.00139044599565,-0
2015-02-27,-0.00209047694152,0.000975360030013,-0
2015-03-02,0.00386559633647,-0.00196982657155,-1.49823522772e-05
2015-03-03,-0.00246245551592,-0.000507122604089,-0
2015-03-04,-0.00252656531687,0.000217859558717,-0
2015-03-05,0.000654482602201,0.000182033820721,-0
2015-03-06,-0.00841497838036,-0.00261921133803,-0
2015-03-09,0.00247223263623,0.00102997918287,-0
2015-03-10,-0.00968248584684,0.000953386554311,-0
2015-03-11,-0.00138730417295,0.000813133772856,-0
2015-03-12,0.00751795770201,0.00033317592472,-0
2015-03-13,-0.00364333375819,-0.000770785943327,-0
2015-03-16,0.00792445953584,0.000884781601914,-0
2015-03-17,-0.0017710228785,-7.29850281213e-05,-0
2015-03-18,0.0071545217845,0.00296578180553,-0
2015-03-19,-0.00271969394698,-0.00141367650331,-0
2015-03-20,0.00526081658563,0.00123769015441,-0
2015-03-23,-0.00116402306654,7.23329857013e-05,-0
2015-03-24,-0.00335393109868,0.00108625702272,-0
2015-03-25,-0.00871687902106,-0.000762361035657,-0
2015-03-26,-0.00140961097908,-0.00146511395946,-0
2015-03-27,0.00135571343682,0.000587548932838,-0
2015-03-30,0.00722561206689,0.00018350462745,-0
2015-03-31,-0.00520089185511,0.000691451075868,-0
2015-04-01,-0.00209534775579,0.00132275464175,-9.08306013029e-06
2015-04-02,0.00215869875777,-0.000537798996964,-0
2015-04-06,0.00404776155777,0.000250584325105,-0
2015-04-07,-0.00159481121135,7.14768968349e-05,-0
2015-04-08,0.00203285644352,3.55860772834e-05,-0
2015-04-09,0.00266641019887,-0.000997394122369,-0
2015-04-10,0.00329833456323,0,-0
2015-04-13,-0.00273977104097,0.000425350144666,-0
2015-04-14,0.0011563340061,0.000426037342291,-0
2015-04-15,0.0027125783621,0.000532200627668,-0
2015-04-16,-0.000172570892939,-0.000212087406066,-0
2015-04-17,-0.00696406344698,0.000318141703108,-0
2015-04-20,0.00550442009559,-0.000284959795121,-0
2015-04-21,-0.000720569471089,-0.000424585670944,-0
2015-04-22,0.00297170084949,-0.00117027593966,-0
2015-04-23,0.00152637281127,0.00060173109039,-0
2015-04-24,0.00140826208857,0.000671033510668,-0
2015-04-27,-0.00252367947751,0.000141016183567,-0
2015-04-28,0.00192587387921,-0.00151928387489,-0
2015-04-29,-0.00249996426474,-0.000882873734044,-0
2015-04-30,-0.0060838469696,0,-0
2015-05-01,0.0065561258205,-0.00112145316877,-8.03908501465e-06
2015-05-04,0.0017087267466,-0.000761581729361,-0
2015-05-05,-0.00688413687342,-0.000361799541795,-0
2015-05-06,-0.00246429402624,-0.00135010990412,-0
2015-05-07,0.00238728955353,0.000988865911074,-0
2015-05-08,0.0078836236076,0.00131397464826,-0
2015-05-11,-0.00286907764968,-0.0025319021918,-0
2015-05-12,-0.00179938312464,-3.60336508869e-05,-0
2015-05-13,0.00011457719905,-3.66747485855e-05,-0
2015-05-14,0.00626559753546,0.000619321958776,-0
2015-05-15,0.000653581993805,0.00166433551027,-0
2015-05-18,0.00187112260507,-0.00151612621202,-0
2015-05-19,-0.000198435803325,-0.00137097533671,-0
2015-05-20,-0.000425701080548,0.000614183106802,-0
2015-05-21,0.00175935496181,0.00122855282717,-0
2015-05-22,-0.00144285213006,-0.000432272808657,-0
2015-05-26,-0.00649139199106,0.00097448847637,-0
2015-05-27,0.00570076367086,0.000399180912032,-0
2015-05-28,-0.000680075647208,-0.000144421499671,-0
2015-05-29,-0.00374292752804,0.000144540673043,-0
2015-06-01,0.00122379961107,-0.0011035586946,-1.99958429122e-06
2015-06-02,-0.000595520784407,-0.00156815972762,-0
2015-06-03,0.00159137665852,-0.0015720206907,-0
2015-06-04,-0.00508716136642,0.000840710602791,-0
2015-06-05,-0.00102730683369,-0.00176217803062,-0
2015-06-08,-0.00369224967521,0.00058898424345,-0
2015-06-09,-8.61729579383e-05,-0.00114487652656,-0
2015-06-10,0.00718655684451,-0.000998100302723,-0
2015-06-11,0.00194277284547,0.0021311991329,-0
2015-06-12,-0.00460932434137,-0.000475696029087,-0
2015-06-15,-0.00257389985013,0.000478127316229,-0
2015-06-16,0.00326702165686,0.000663677781822,-0
2015-06-17,0.000970379853101,3.65874050682e-05,-0
2015-06-18,0.00624555076294,-0.000110113977723,-0
2015-06-19,-0.00267748214998,0.00123958273553,-0
2015-06-22,0.00308036179647,-0.00197138329441,-0
2015-06-23,0.000427593685667,-0.00091193944505,-0
2015-06-24,-0.00438982286538,0.00062041165786,-0
2015-06-25,-0.00183107015119,-0.00043959239173,-0
2015-06-26,-0.000114754950494,-0.000954457198281,-0
2015-06-29,-0.0126317625551,0.00235194486659,-0
2015-06-30,0.0012472972341,-0.00025995667057,-0
2015-07-01,0.00478133063663,-0.00101839267328,-9.60958258782e-07
2015-07-02,-0.000549247377772,0.000554345697115,-0
2015-07-06,-0.0017061967409,0.00144061019665,-0
2015-07-07,0.00375997904436,0.000554180386621,-0
2015-07-08,-0.0100508204273,0.000956483887765,-0
2015-07-09,0.00107530778165,-0.00148516558182,-0
2015-07-10,0.00750148802046,-0.00170864266493,-0
2015-07-13,0.00661986755289,-0.000590801763301,-0
2015-07-14,0.0026148914644,0.000660654343477,-0
2015-07-15,-0.000200573671421,0.00106122559969,-0
2015-07-16,0.00483624735293,0.000328984731418,-0
2015-07-17,0.000512348447854,3.63194404408e-05,-0
2015-07-20,0.000313118648404,-0.000690452751933,-0
2015-07-21,-0.00239105516383,0.000654400155371,-0
2015-07-22,-0.0010834835482,0.000182225531342,-0
2015-07-23,-0.00339638228905,0.00113013740644,-0
2015-07-24,-0.00623563107883,-7.34050342929e-05,-0
2015-07-27,-0.00348322388355,0.000514939682419,-0
2015-07-28,0.00733361781815,-0.000405587422446,-0
2015-07-29,0.00412887396661,-0.000329791347006,-0
2015-07-30,0.000142548135053,3.64793060785e-05,-0
2015-07-31,-0.000913769104073,0.00156897932155,-0
2015-08-03,-0.00202626622546,0.000412667203699,-2.80301493045e-07
2015-08-04,-0.00117266434818,-0.00117014536568,-0
2015-08-05,0.0019779823512,-0.000732890571034,-0
2015-08-06,-0.00492438692888,0.000475977890497,-0
2015-08-07,-0.00115055038551,0.000698218206441,-0
2015-08-10,0.00753836722286,-0.000514869354873,-0
2015-08-11,-0.00542862810725,0.00131496691763,-0
2015-08-12,0.000717188261379,-0.000256791056418,-0
2015-08-13,-0.000745637777627,-0.000843140135484,-0
2015-08-14,0.00218298033262,-0.00018361306231,-0
2015-08-17,0.00335384575926,0.000696460052513,-0
2015-08-18,-0.0017415781758,-0.000730144415698,-0
2015-08-19,-0.00475081109385,0.0012441718778,-0
2015-08-20,-0.0124934292234,0.000624121435273,-0
2015-08-21,-0.0178463861229,0.000706159527742,-0
2015-08-24,-0.0246344235542,-0.000151642768121,-0
2015-08-25,-0.00676210201659,-0.0010076281848,-0
2015-08-26,0.0219740199628,-0.00199262454565,-0
2015-08-27,0.0144120443287,0.000574514331355,-0
2015-08-28,2.96265599229e-05,-0.000377551672751,-0
2015-08-31,-0.00475446934802,-0.000301909546864,-0
2015-09-01,-0.0175119934971,0.0012243321364,-2.1033723403e-05
2015-09-02,0.0113887650193,-0.000513592823257,-0
2015-09-03,0.000433391285247,0.000580616101028,-0
2015-09-04,-0.00915212989693,0.00083389898311,-0
2015-09-08,0.0150905742303,-0.000950308378149,-0
2015-09-09,-0.0081165406713,0.000144203314851,-0
2015-09-10,0.00328514838297,-0.000436276242665,-0
2015-09-11,0.00275044714515,0.000471009408541,-0
2015-09-14,-0.0022487913185,0.000108475964457,-0
2015-09-15,0.00756294764442,-0.00177368510454,-0
2015-09-16,0.00527911054899,-0.000324023337005,-0
2015-09-17,-0.00137423532601,0.00243510833857,-0
2015-09-18,-0.00995767134571,0.000322233371661,-0
2015-09-21,0.00312743706711,-0.00104755892622,-0
2015-09-22,-0.00787963538086,0.00093724141351,-0
2015-09-23,-0.000964741252802,-0.000326773567159,-0
2015-09-24,-0.0021809532603,0.000509119327562,-0
2015-09-25,-0.000156197873273,-0.00069178171141,-0
2015-09-28,-0.0151181568169,0.00094717181267,-0
2015-09-29,0.000348269345716,0.000628474069328,-0
2015-09-30,0.0111110381246,0.000147858927421,-0
2015-10-01,0.00156493406397,0.000311026043743,-2.78995409348e-07
2015-10-02,0.00896280654448,0.00120578687854,-0
2015-10-05,0.0107271363641,-0.00148343091764,-0
2015-10-06,-0.00208283899704,0.000968182929344,-0
2015-10-07,0.00496775280749,-0.000287335901292,-0
2015-10-08,0.00549414107113,-0.00053575193026,-0
2015-10-09,0.00036449106717,-0.000319724441338,-0
2015-10-12,0.000577006491522,0.000995229677748,-0
2015-10-13,-0.00385094748328,3.5266320596e-05,-0
2015-10-14,-0.00292231616048,0.00146043767288,-0
2015-10-15,0.00932816869829,-0.000535291735664,-0
2015-10-16,0.00277991057386,-0.000388870322435,-0
2015-10-19,0.000301417113992,0.000387942735739,-0
2015-10-20,-0.000783265595575,-0.000775461152461,-0
2015-10-21,-0.00380145069711,0.000918138957569,-0
2015-10-22,0.0103182513747,7.07536832483e-05,-0
2015-10-23,0.00673841012936,-0.000665723348564,-0
2015-10-26,-0.00151810587816,0.000174117620481,-0
2015-10-27,-0.00119235475393,0.000557904428766,-0
2015-10-28,0.00700923195764,-0.0011517151962,-0
2015-10-29,-0.000355805826453,-0.00163071680256,-0
2015-10-30,-0.00267396383444,0.00100815969871,-0
2015-11-02,0.00732122181828,-0.000750061493456,-2.22110189712e-05
2015-11-03,0.00173959951213,-0.000733998993613,-0
2015-11-04,-0.0018232885137,0,-0
2015-11-05,-0.000599409001947,-0.000183382987252,-0
2015-11-06,-0.000314068188644,-0.00191122964853,-0
2015-11-09,-0.00561097051498,-0.000257694168916,-0
2015-11-10,0.00138214124156,0.000740973183445,-0
2015-11-11,-0.0023564527805,-0.000517755324202,-0
2015-11-12,-0.00835736051744,0.000370902264873,-0
2015-11-13,-0.00668189728033,0.000784928390999,-0
2015-11-16,0.00900085809504,0.000338264931226,-0
2015-11-17,-0.000434123371703,0.000297953778407,-0
2015-11-18,0.00943954495695,-0.000297994356177,-0
2015-11-19,-0.000516299217565,0.000184746440604,-0
2015-11-20,0.00218145635992,-0.000258569529783,-0
2015-11-23,-0.000687567114277,0.000110487864264,-0
2015-11-24,0.000802598651127,0.000368773960129,-0
2015-11-25,-8.59144978634e-05,0.000184266999872,-0
2015-11-27,0.000687143881733,-0.000110334861579,-0
2015-11-30,-0.00248910811483,0.000147245235095,-0
2015-12-01,0.00570705241361,0.00140685139101,-4.65171741116e-08
2015-12-02,-0.00612310139413,-0.000477950677913,-0
2015-12-03,-0.0083710736307,-0.00295995630119,-0
2015-12-04,0.011627708124,0.00130964072775,-0
2015-12-07,-0.00363540758882,0.000591266208331,-0
2015-12-08,-0.00402029388909,0.000148469521069,-0
2015-12-09,-0.00464081636787,0,-0
2015-12-10,0.00153517504904,-7.49482290025e-05,-0
2015-12-11,-0.0115384317857,0.00100767644932,-0
2015-12-14,0.00298114739578,-0.00192387648261,-0
2015-12-15,0.00621854287517,3.78363516224e-05,-0
2015-12-16,0.0087036427636,-0.000711588297999,-0
2015-12-17,-0.0091241633235,0.000557273375839,-0
2015-12-18,-0.0105952585964,0.000861809845294,-0
2015-12-21,0.00486593731413,-0.000378265271344,-0
2015-12-22,0.00537286533267,-0.000301432015964,-0
2015-12-23,0.00736145053411,-7.50748555799e-05,-0
2015-12-24,-0.000986034533781,0.000193790362825,-0
2015-12-28,-0.00136408044616,0,-0
2015-12-29,0.0063648768476,-0.00100868084367,-0
2015-12-30,-0.00424966812018,-7.42563974322e-05,-0
2015-12-31,-0.00598090381406,0.00108224286899,-0
2016-01-04,-0.00831526639588,-0.000149930803753,-8.40772948758e-06
2016-01-05,0.00101457002491,0.000185386388295,-0
2016-01-06,-0.00757218991902,0.00151693828351,-0
2016-01-07,-0.0143070178877,-3.71121564176e-05,-0
2016-01-08,-0.00648137032712,0.000906778550478,-0
2016-01-11,0.000581212083552,-0.00117784768663,-0
2016-01-12,0.00474608417474,0.000912209678082,-0
2016-01-13,-0.0147057132645,0.000944945325248,-0
2016-01-14,0.00957000980339,-0.000153387963383,-0
2016-01-15,-0.0126002469576,0.000493359880177,-0
2016-01-19,0.000773764137983,-0.000422675290079,-0
2016-01-20,-0.00745843372413,0.000345703864566,-0
2016-01-21,0.00324202408879,-0.000580300629223,-0
2016-01-22,0.0119060454144,0.000308911473628,-0
2016-01-25,-0.00884508274341,-0.000229065137737,-0
2016-01-26,0.00793400530095,0.000538544348644,-0
2016-01-27,-0.00636146162188,7.64857783945e-05,-0
2016-01-28,0.00303082300088,0.000345231564045,-0
2016-01-29,0.0142091077618,0.00122440167287,-0
2016-02-01,-0.000212479636762,-0.000498462106636,-1.17677208569e-05
2016-02-02,-0.0108132018375,0.00121110999701,-0
2016-02-03,0.00356617871694,-3.69784795726e-05,-0
2016-02-04,0.000935554700483,0.000406209211158,-0
2016-02-05,-0.0113635640915,-0.000368865846207,-0
2016-02-08,-0.00796999319375,0.00156733599684,-0
2016-02-09,3.1581934511e-05,-3.73208523599e-05,-0
2016-02-10,-0.000507039650806,0.0010138695969,-0
2016-02-11,-0.00763693043003,0.000262742010346,-0
2016-02-12,0.0120354054709,-0.00113451955426,-0
2016-02-16,0.00994773967505,-0.00100979844618,-0
2016-02-17,0.00970320874533,-0.000222790104039,-0
2016-02-18,-0.00244985619715,0.00121215128435,-0
2016-02-19,-0.000279052673724,7.32396697606e-05,-0
2016-02-22,0.00863201845623,0.000110641236355,-0
2016-02-23,-0.00757225465189,7.28079901951e-05,-0
2016-02-24,0.00272934934084,0.000147247027777,-0
2016-02-25,0.00723668275662,0.00102546675844,-0
2016-02-26,-0.00138035783976,-0.000726607921449,-0
2016-02-29,-0.00470300328578,0.000473292359739,-0
2016-03-01,0.0140449963154,-0.00120525488915,-3.8171135736e-06
2016-03-02,0.00269545669566,-0.00043827662216,-0
2016-03-03,0.0023569618729,0.00047372412545,-0
2016-03-04,0.00195862718777,-0.000617863417413,-0
2016-03-07,0.000481411706619,-0.000108624961804,-0
2016-03-08,-0.00658781215468,0.000979165337464,-0
2016-03-09,0.00296476980102,-0.000182520771478,-0
2016-03-10,0.000482549135362,0.000182014362195,-0
2016-03-11,0.00970736802476,-0.00072693754584,-0
2016-03-14,-0.000776701167091,0.00021626266526,-0
2016-03-15,-0.000986839398585,-0.000360714135844,-0
2016-03-16,0.0035026759768,0.00169664417646,-0
2016-03-17,0.00384173035942,0.000825721659123,-0
2016-03-18,0.00238338512526,0.000321591384783,-0
2016-03-21,0.000861870317235,-0.000855349211865,-0
2016-03-22,-0.000326873504049,-0.000249544054954,-0
2016-03-23,-0.00401362105805,0.000856057331267,-0
2016-03-24,-0.000268551512556,3.58879716942e-05,-0
2016-03-28,0.000358008406865,0.000286175515058,-0
2016-03-29,0.00560486469821,0.00118016982814,-0
2016-03-30,0.00266546449146,-0.000142159989454,-0
2016-03-31,-0.00147712793866,0.00124013048536,-0
2016-04-01,0.00413633067844,-0.000347910136218,-9.07973789865e-06
2016-04-04,-0.0019426909231,0.000398216915309,-0
2016-04-05,-0.00598256304782,0.000543663198649,-0
2016-04-06,0.00651165080507,-7.30921402799e-05,-0
2016-04-07,-0.00716644845851,0.00086937273164,-0
2016-04-08,0.00160591543242,-0.000400936043262,-0
2016-04-11,-0.00139973413518,0.000291238912758,-0
2016-04-12,0.0055469692527,-0.000655977286322,-0
2016-04-13,0.0060429880671,0.000181413936553,-0
2016-04-14,2.88738611203e-05,-0.000684901122992,-0
2016-04-15,-0.000664586911782,0.00111808286667,-0
2016-04-18,0.00421643893887,-3.61619940074e-05,-0
2016-04-19,0.00189791909287,-3.58638682125e-05,-0
2016-04-20,0.000574172693202,-0.000967408601107,-0
2016-04-21,-0.00324505903013,-0.000537611526451,-0
2016-04-22,0,3.5873305219e-05,-0
2016-04-25,-0.00103750422918,-0.000431795553094,-0
2016-04-26,0.000894744192047,-0.000180216587444,-0
2016-04-27,0.00124042729893,0.00118852098867,-0
2016-04-28,-0.00546741740505,0.0007901197538,-0
2016-04-29,-0.00323814560677,-3.60175504046e-05,-0
2016-05-02,0.00475680381484,-0.000272191264169,-5.56028695206e-07
2016-05-03,-0.00522167485119,0.000723270145666,-0
2016-05-04,-0.00333289614027,0.000181755723158,-0
2016-05-05,-0.000116240799805,0.00102021955659,-0
2016-05-06,0.00217858206303,-0.000618884926571,-0
2016-05-09,0.000492874021051,0.00025441837957,-0
2016-05-10,0.00741866222833,0.000181597035581,-0
2016-05-11,-0.00560824765962,0,-0
2016-05-12,0.000173386097127,-0.000362487442684,-0
2016-05-13,-0.00520700533073,0.000761270883993,-0
2016-05-16,0.00586975324461,-0.000691917606513,-0
2016-05-17,-0.00557939053315,-0.000543337131759,-0
2016-05-18,0.000174573603945,-0.00167719431363,-0
2016-05-19,-0.00206827418879,0.000255286014309,-0
2016-05-20,0.00376467559902,0.000256200015065,-0
2016-05-23,-0.000813866434013,-7.27359878111e-05,-0
2016-05-24,0.00773811955663,-0.000218962754007,-0
2016-05-25,0.004071474164,7.26656622353e-05,-0
2016-05-26,0.000172536984418,0.000612539066474,-0
2016-05-27,0.00258607640606,-7.19764601942e-05,-0
2016-05-31,-0.00114661712724,0.000251506990378,-0
2016-06-01,0.00123355072808,-0.000223327587393,-2.57930302379e-06
2016-06-02,0.00182623588344,0.00101432591159,-0
2016-06-03,-0.00179276221675,0.00216733548998,-0
2016-06-06,0.00304374099078,-0.000541714179068,-0
2016-06-07,0.000936061748693,0.000360241452273,-0
2016-06-08,0.00195522089341,0.000143902663475,-0
2016-06-09,-0.000819987102702,0.000287275963228,-0
2016-06-10,-0.0056864867026,0.000538819201473,-0
2016-06-13,-0.00460700861653,0.000324809077337,-0
2016-06-14,-0.00117099875863,-0.000181349276964,-0
2016-06-15,-0.000829440661144,0.000871357918994,-0
2016-06-16,0.00177305061717,0.000254110625437,-0
2016-06-17,-0.00221452131364,-0.000289766326496,-0
2016-06-20,0.00382510263121,-0.00112604935022,-0
2016-06-21,0.00169233321187,-0.00028986021976,-0
2016-06-22,-0.000973827339748,0.000253490084448,-0
2016-06-23,0.00776751296689,-0.000688185731366,-0
2016-06-24,-0.0215454073944,0.0021568507525,-0
2016-06-27,-0.0105648214633,0.00164972506445,-0
2016-06-28,0.0105427369508,0.000517679469759,-0
2016-06-29,0.0100218981794,-0.00029275199969,-0
2016-06-30,0.00808949115324,0.000833329679982,-0
2016-07-01,0.00125117696848,0.00087074140563,-4.42269492289e-06
2016-07-05,-0.00431618045413,0.00106520516966,-0
2016-07-06,0.00358450880867,0.000748010062144,-0
2016-07-07,-0.000371112268005,-0.000283833984218,-0
2016-07-08,0.00891381432051,0.000603551572692,-0
2016-07-11,0.00212260878223,-0.00105476437936,-0
2016-07-12,0.0043819777826,-0.00119437574185,-0
2016-07-13,-8.44633183888e-05,0.00056040583711,-0
2016-07-14,0.00338021341244,-0.000350180901981,-0
2016-07-15,-0.000814448716333,-0.00143011382457,-0
2016-07-18,0.00163256181977,6.9824457735e-05,-0
2016-07-19,-0.000618310014837,0.000802900844657,-0
2016-07-20,0.0025282769546,-0.000348892635982,-0
2016-07-21,-0.00229851953602,0.000348133918379,-0
2016-07-22,0.00272456510382,6.97485846173e-05,-0
2016-07-25,-0.00165269658373,-0.000452244721539,-0
2016-07-26,0.000280894320354,0,-0
2016-07-27,-0.000645427055872,0.00115056199282,-0
2016-07-28,0.000701054618056,-3.50367340507e-05,-0
2016-07-29,0.000980873549073,0.00104446011742,-0
2016-08-01,-0.000503433946055,-0.000915575396,-7.63262055959e-06
2016-08-02,-0.00384429421401,-0.00117277982698,-0
2016-08-03,0.00175108969314,0.000428532977913,-0
2016-08-04,0.000638096364552,0.000748528930599,-0
2016-08-05,0.00490237528018,-0.00135258807608,-0
2016-08-08,-0.000358641950279,0.000248439569778,-0
2016-08-09,0.000358681477832,0.00102842233296,-0
2016-08-10,-0.00148827796335,0.000460618784254,-0
2016-08-11,0.00278671480019,-0.00106368152437,-0
2016-08-12,-0.000523202461817,0.00095562339726,-0
2016-08-15,0.00173446971597,-0.000707655453067,-0
2016-08-16,-0.0031080158612,-0.00024730095909,-0
2016-08-17,0.00113155953245,0.000744617635097,-0
2016-08-18,0.00134966952766,0.000566616077148,-0
2016-08-19,-0.000879873091324,-0.000883437078365,-0
2016-08-22,-2.75492406623e-05,0.000601731940597,-0
2016-08-23,0.00121112496188,0.000106046398252,-0
2016-08-24,-0.00307879924557,-0.000141293282649,-0
2016-08-25,-0.000413543007112,-0.000425393795378,-0
2016-08-26,-0.00113177912965,-0.000638391278754,-0
2016-08-29,0.00295862911769,0.00110162281772,-0
2016-08-30,-0.000991519139623,-0.000212480869869,-0
2016-08-31,-0.00170933639597,-7.08400493105e-05,-0
2016-09-01,2.76287092817e-05,0.000348712869881,-2.45476123617e-07
2016-09-02,0.00270484421525,-0.000533714180067,-0
2016-09-06,0.00181747341331,0.000851796356816,-0
2016-09-07,-5.4750465364e-05,0.000212247029105,-0
2016-09-08,-0.00137328052252,-0.0013800911343,-0
2016-09-09,-0.014402633351,-0.00173907329136,-0
2016-09-12,0.00856496923222,0.00032471169766,-0
2016-09-13,-0.00862820360619,-0.00110843858332,-0
2016-09-14,-0.000224137556539,0.000505701592692,-0
2016-09-15,0.00596576258602,0.000252412103616,-0
2016-09-16,-0.00231637320353,0.000287267476464,-0
2016-09-19,0.000112197361991,-0.00032353563511,-0
2016-09-20,2.79550722584e-05,0.000143535224222,-0
2016-09-21,0.00672820319618,0.0010066971246,-0
2016-09-22,0.00378334461229,0.000820386789538,-0
2016-09-23,-0.00329522513829,-0.000106579473774,-0
2016-09-26,-0.00486255099373,0.000498947689679,-0
2016-09-27,0.00371170138789,0.000500733650624,-0
2016-09-28,0.00297364905944,0.00010699769187,-0
2016-09-29,-0.00543019453556,0,-0
2016-09-30,0.00451266351369,-0.000428678595151,-0
2016-10-03,-0.00144279879378,-0.000452434467903,-2.17284281207e-07
2016-10-04,-0.00305841412491,-0.00135602171006,-0
2016-10-05,0.002653139776,-0.000537753460949,-0
2016-10-06,0.000417951257778,0,-0
2016-10-07,-0.0020615059998,7.15507093668e-05,-0
2016-10-10,0.00312672938301,-0.000179215234419,-0
2016-10-11,-0.00759851361873,-0.000607257889541,-0
2016-10-12,0.00078580839657,0.000144258020048,-0
2016-10-13,-0.00196254527124,0.000575581640533,-0
2016-10-14,0.000308808955889,-0.000684486841244,-0
2016-10-17,-0.00207811788167,0.000684744084454,-0
2016-10-18,0.00374041428175,0.000649673789695,-0
2016-10-19,0.00159620667847,0.000215867057066,-0
2016-10-20,-0.00111811541884,-0.000143578145733,-0
2016-10-21,0.00027998199143,0.000251268872231,-0
2016-10-24,0.00254533877775,-0.000610379928592,-0
2016-10-25,-0.00201007091963,0,-0
2016-10-26,-0.00120289355034,-0.000789772667247,-0
2016-10-27,-0.001597694898,-0.0010072486188,-0
2016-10-28,-0.00177058575001,0,-0
2016-10-31,2.8018647811e-05,0.000505743466922,-0
2016-11-01,-0.00433313273734,-0.000216878004788,-3.52638469774e-06
2016-11-02,-0.00361117045504,0.00046831397649,-0
2016-11-03,-0.00273824595791,-0.000542125139624,-0
2016-11-04,-0.000658294698771,0.000833906079352,-0
2016-11-07,0.0131620485602,-0.000471253861964,-0
2016-11-08,0.00271245466265,-0.000644347863606,-0
2016-11-09,0.00640060320708,-0.00367962295043,-0
2016-11-10,0.0015184468317,-0.00160312864172,-0
2016-11-11,-0.00140617210431,-0.000712714573401,-0
2016-11-14,0.000479219446601,-0.00157088129454,-0
2016-11-15,0.00476789192133,0.000285923619811,-0
2016-11-16,-0.00115097065282,0.00085345764194,-0
2016-11-17,0.00314483895239,-0.0014586180228,-0
2016-11-18,-0.00137356032248,-0.00124312100566,-0
2016-11-21,0.00463743278398,0.000320599476041,-0
2016-11-22,0.00120262123694,0.000354280472844,-0
2016-11-23,0.000335025064715,-0.00134425200902,-0
2016-11-25,0.00229215848609,-3.56027111095e-05,-0
2016-11-28,-0.00290050472638,0.00134283134342,-0
2016-11-29,0.00120117952109,0.000424745690225,-0
2016-11-30,-0.00147810985388,-0.00151934059161,-0
2016-12-01,-0.00226568594595,-0.00126409370999,-1.6269566042e-05
2016-12-02,0.000300713578332,0.00126297085892,-0
2016-12-05,0.00360141788186,0.000333820376254,-0
2016-12-06,0.00190220135205,-7.39164631557e-05,-0
2016-12-07,0.00786692852232,0.00103256858347,-0
2016-12-08,0.00147881622298,-0.000731159388011,-0
2016-12-09,0.00365390571269,-0.00120520103375,-0
2016-12-12,-0.00069672881997,-0.000364045312238,-0
2016-12-13,0.00405125320851,0.000510418846937,-0
2016-12-14,-0.00502126633648,-0.00214214170204,-0
2016-12-15,0.0025019749064,-0.000475479395454,-0
2016-12-16,-0.00119106290611,0.000255495364949,-0
2016-12-19,0.00132459984278,0.00102301246372,-0
2016-12-20,0.00234610350617,-0.000364584949945,-0
2016-12-21,-0.00169569445126,0.000836555622586,-0
2016-12-22,-0.00105020583931,-3.53856024519e-06,-0
2016-12-23,0.000889801529565,0.000109405192682,-0
2016-12-27,0.00150842996952,-0.000291763139498,-0
2016-12-28,-0.00503135705401,0.000619671259319,-0
2016-12-29,-0.000135034799774,0.00120785393328,-0
2016-12-30,-0.00221372231473,0.000804570026217,-0
2017-01-03,0.00462274736357,0.000402556750694,-5.899345038e-06
2017-01-04,0.00356955419491,0.000111134282246,-0
2017-01-05,-0.000477752962797,0.00165792344905,-0
2017-01-06,0.00214749535267,-0.00132484964893,-0
2017-01-09,-0.0019867035577,0.000661806042173,-0
2017-01-10,0,-0.000110354353639,-0
2017-01-11,0.00169771662324,0.000478552560802,-0
2017-01-12,-0.00150874543138,0.000146984292127,-0
2017-01-13,0.00137813498779,-0.000698904425015,-0
2017-01-17,-0.00211884453977,0.00136031171126,-0
2017-01-18,0.00132518305786,-0.00172929834334,-0
2017-01-19,-0.00222724149892,-0.00103068030109,-0
2017-01-20,0.00220810559614,0.000147662681569,-0
2017-01-23,-0.0015660424358,0.00110520227788,-0
2017-01-24,0.00385040691797,-0.000626696644819,-0
2017-01-25,0.00521410358017,-0.00106504157155,-0
2017-01-26,-0.000632729629042,0.000255715961256,-0
2017-01-27,-0.000948984020438,0.000329546135088,-0
2017-01-30,-0.00374687579034,-0.000183190552684,-0
2017-01-31,-5.28863512324e-05,0.000956081934222,-0
2017-02-01,0.000238149899919,-0.000559295714897,-2.59076793865e-06
2017-02-02,0.000395180514542,0.000222260025359,-0
2017-02-03,0.00413611928006,0.000110874718201,-0
2017-02-06,-0.00107551854614,0.00114362436915,-0
2017-02-07,2.63246943793e-05,0.000405673804152,-0
2017-02-08,0.000786558903966,0.00114282968427,-0
2017-02-09,0.00355884556823,-0.000956484236521,-0
2017-02-10,0.00237507515038,-7.34445057285e-05,-0
2017-02-13,0.00328122383932,-0.000585948410752,-0
2017-02-14,0.00241514906262,-0.000876283928686,-0
2017-02-15,0.0031635559618,-0.00061994039318,-0
2017-02-16,-0.000517230627652,0.000836418588826,-0
2017-02-17,0.00095669534266,0.000872365879477,-0
2017-02-21,0.00361326358401,-3.61846502947e-05,-0
2017-02-22,-0.000540046288183,0.000253228238162,-0
2017-02-23,0.000411525313499,0.000651084664537,-0
2017-02-24,0.000771007731517,0.00144551733236,-0
2017-02-27,0.000948568129416,-0.000721214718358,-0
2017-02-28,-0.00164052645734,-0.000108074036619,-0
2017-03-01,0.00849999305115,-0.00184513650077,-1.1757412294e-05
2017-03-02,-0.00377851022867,-0.000740906228148,-0
2017-03-03,0.000376976763579,0.000297820215404,-0
2017-03-06,-0.00178326347587,-0.000185923303305,-0
2017-03-07,-0.00178731847394,-0.000521215242302,-0
2017-03-08,-0.00110974438288,-0.000970559649688,-0
2017-03-09,0.000758255926961,-0.00123454506347,-0
2017-03-10,0.0020993382321,0.000598986019529,-0
2017-03-13,0.000302701992417,-0.000671759559776,-0
2017-03-14,-0.00229633758993,0.000149314146886,-0
2017-03-15,0.00518419879343,0.00231970659258,-0
2017-03-16,-0.00117989823317,-0.000445786974409,-0
2017-03-17,-0.00105267451597,0.000855713404578,-0
2017-03-20,-0.000656839651929,0.000594981153414,-0
2017-03-21,-0.00767771826216,0.000818725247588,-0
2017-03-22,0.00139861842613,0.000562188407375,-0
2017-03-23,-0.000634401756957,0.000111954310958,-0
2017-03-24,-0.000431778577538,-0.000336527798693,-0
2017-03-27,-0.000609961780418,0.000973445354405,-0
2017-03-28,0.00431877182432,-0.000935814217256,-0
2017-03-29,0.000556861170301,0.000895056995379,-0
2017-03-30,0.00189624370312,-0.000744768214465,-0
2017-03-31,-0.00138898231741,0.000297602076903,-0
2017-04-03,-0.0010364365837,0.00150020279955,-5.3546302043e-06
2017-04-04,0.000382516749481,-0.000368069431666,-0
2017-04-05,-0.00178463152099,0.0004416473706,-0
2017-04-06,0.00168480702646,-3.6785593798e-05,-0
2017-04-07,-0.00061161630583,-0.000883138179568,-0
2017-04-10,0.000357280172639,0.000515882714853,-0
2017-04-11,-0.000714027173918,0.00114136798567,-0
2017-04-12,-0.00262571308214,0.00088327419746,-0
2017-04-13,-0.00388196437777,0.000516222835566,-0
2017-04-17,0.00527867523928,-0.000222081015802,-0
2017-04-18,-0.00178465850392,0.00161966127593,-0
2017-04-19,-0.0010964518111,-0.000625668113202,-0
2017-04-20,0.00485312060616,-0.000627154738892,-0
2017-04-21,-0.00190777053297,0.000110243329603,-0
2017-04-24,0.00657432503573,-0.000588407591889,-0
2017-04-25,0.00349548978453,-0.00131657177935,-0
2017-04-26,-0.00037906016874,0.000510762795353,-0
2017-04-27,0.000505451290204,0.000364861023792,-0
2017-04-28,-0.00131296808979,0.000692450134161,-0
2017-05-01,0.00151570790625,-0.00102695968532,-2.7326726744e-06
2017-05-02,0.000226342147581,0.000551790074302,-0
2017-05-03,-0.000728476271521,-0.000404525395159,-0
2017-05-04,0.000704218620184,-0.000331169744215,-0
2017-05-05,0.0023630585988,7.367640273e-05,-0
2017-05-08,-0.000100365039814,-0.000770894488913,-0
2017-05-09,-0.000552200551128,3.70198943156e-05,-0
2017-05-10,0.00107983317413,0.000110122840412,-0
2017-05-11,-0.00122897181668,-3.66639849412e-05,-0
2017-05-12,-0.00100463239103,0.00147014846265,-0
2017-05-15,0.00331353563385,-0.000146957481468,-0
2017-05-16,-0.000550571703652,0.000512525811328,-0
2017-05-17,-0.0106601039416,0.00205084164826,-0
2017-05-18,0.00239787115614,-0.000221823595611,-0
2017-05-19,0.00387877591737,0,-0
2017-05-22,0.00303568219712,-0.000256645960984,-0
2017-05-23,0.00132608687908,-0.000769124702138,-0
2017-05-24,0.00140021992243,0.000695445470677,-0
2017-05-25,0.00286960688938,0.000182342328546,-0
2017-05-26,-0.000124380158718,-0.000145386248742,-0
2017-05-30,-0.000522520026077,0.000764596532123,-0
2017-05-31,-0.000149242733834,0.000400680449224,-0
2017-06-01,0.00477527077468,-0.000182549123371,-2.51634756883e-06
2017-06-02,0.0019970756069,0.00131519324903,-0
2017-06-05,-0.000442426043685,-0.000618999993614,-0
2017-06-06,-0.0019187235555,0.00080207077531,-0
2017-06-07,0.0011081297071,-0.000474402793618,-0
2017-06-08,0.000295377947135,-0.000401393522764,-0
2017-06-09,-0.000910605807212,-0.000328136070041,-0
2017-06-12,-0.000123261649248,0,-0
2017-06-13,0.00293305604169,0.000109661747737,-0
2017-06-14,-0.00076175451965,0.00127423182015,-0
2017-06-15,-0.00115425231321,-0.000254497500098,-0
2017-06-16,0.000130842924205,0.000254856529186,-0
2017-06-19,0.00499046351103,-0.000546342476071,-0
2017-06-20,-0.00405831541368,0.000616779779597,-0
2017-06-21,-0.000148082375497,7.25603304702e-05,-0
2017-06-22,-0.000271512100003,0.000182215152768,-0
2017-06-23,0.000715856703299,7.25358959411e-05,-0
2017-06-26,0.000394611354943,0.000363921170876,-0
2017-06-27,-0.00483073723685,-0.00119951722115,-0
2017-06-28,0.00535599061148,0.000146347916621,-0
2017-06-29,-0.00527724534533,-0.000763876677161,-0
2017-06-30,0.00111629899637,-0.000512126781502,-0
2017-07-03,0.00101673566248,-0.000714387632366,-3.93624630464e-07
2017-07-05,0.00138722305568,0.000220012162129,-0
2017-07-06,-0.00549053952465,-0.000768843438532,-0
2017-07-07,0.00388247059905,-0.000147386309278,-0
2017-07-10,0.000644692354344,0.000183529012919,-0
2017-07-11,-0.00044589239707,0.000366864034965,-0
2017-07-12,0.00450929388449,0.001209974939,-0
2017-07-13,0.0010101406086,-0.000437353163791,-0
2017-07-14,0.00280677138768,0.000400850281332,-0
2017-07-17,-7.35193868517e-05,0.000181552902707,-0
2017-07-18,0.00031896711072,0.000907992627951,-0
2017-07-19,0.00325987387777,0.000108880610193,-0
2017-07-20,0.000268666069373,0.00010865935156,-0
2017-07-21,-0.000537172443377,0.000686618097403,-0
2017-07-24,-0.000146530468401,-0.000361430219457,-0
2017-07-25,0.00146579142356,-0.0014098757621,-0
2017-07-26,2.43754698199e-05,0.000759079802671,-0
2017-07-27,-0.000561399701207,-0.000578082567216,-0
2017-07-28,-0.00070868921882,0.000795653017624,-0
2017-07-31,-0.000342122770608,-0.000180881751688,-0
2017-08-01,0.00134459725094,0.00108795230117,-3.1285337154e-06
2017-08-02,0.000291242237881,-0.000291501088138,-0
2017-08-03,-0.00116445687839,0.000801873204595,-0
2017-08-04,0.00109205293511,-0.000656342453359,-0
2017-08-07,0.00111582795587,-3.65121123167e-05,-0
2017-08-08,-0.00147812016835,-0.000364002362725,-0
2017-08-09,-2.43119208534e-05,0.00036467413717,-0
2017-08-10,-0.00846971482787,0.000401113993215,-0
2017-08-11,0.000880799502201,0.000330837064038,-0
2017-08-14,0.00591354722297,-0.000183608440094,-0
2017-08-15,-7.2996801449e-05,-0.000584075981889,-0
2017-08-16,0.00104560610399,0.000730656865278,-0
2017-08-17,-0.00934387748106,0.000583714196144,-0
2017-08-18,-0.000930592376711,-0.000257675359447,-0
2017-08-21,0.000465785026241,0.000294584974322,-0
2017-08-22,0.00622175706708,-0.000368061384316,-0
2017-08-23,-0.00214302746264,0.000915035337955,-0
2017-08-24,-0.00138978839731,-0.00051298268706,-0
2017-08-25,0.00139243788786,0.000293712677777,-0
2017-08-28,2.42513153449e-05,0.00014653615764,-0
2017-08-29,0.000682912006272,0.000586190468921,-0
2017-08-30,0.00282496572032,-7.3162716702e-05,-0
2017-08-31,0.0035942444173,0.000547250884254,-0
2017-09-01,0.000846488261147,-0.00091039764217,-5.42430098491e-07
2017-09-05,-0.00430923223692,0.00163691879806,-0
2017-09-06,0.0020388866798,-0.000437620907946,-0
2017-09-07,-7.24694166995e-05,0.000982991481501,-0
2017-09-08,-0.000702343700461,-0.000472813450431,-0
2017-09-11,0.00637559036364,-0.00109272016633,-0
2017-09-12,0.00202559516023,-0.000579702296678,-0
2017-09-13,0.000288989267899,-0.000398023825273,-0
2017-09-14,-0.000192638136139,0.000217134115351,-0
2017-09-15,0.000810628545896,-7.2184540316e-05,-0
2017-09-18,0.00128183517707,-0.000180938861668,-0
2017-09-19,0.000603872149004,-0.00021680174508,-0
2017-09-20,0.000217367372973,-0.000324718104382,-0
2017-09-21,-0.00161808050274,-7.24264045146e-05,-0
2017-09-22,0.000120911227415,0.000289549399861,-0
2017-09-25,-0.00123309341516,0.000939769448782,-0
2017-09-26,0.000362733602045,-0.000144578116142,-0
2017-09-27,0.00234567107507,-0.00115680371352,-0
2017-09-28,0.000724574604867,3.60219780362e-05,-0
2017-09-29,0.00212392747203,-0.000324991090674,-0
2017-10-02,0.00262613409022,0.0002421693952,-6.17341277928e-06
2017-10-03,0.0012841682412,0.000328788809003,-0
2017-10-04,0.000712231729146,-0.000109311228892,-0
2017-10-05,0.003558846632,-0.000182364900269,-0
2017-10-06,-0.000685760359167,-0.000581870604098,-0
2017-10-09,-0.000994389280837,0.000546234407807,-0
2017-10-10,0.00158718951383,3.63910384949e-05,-0
2017-10-11,0.000945924260366,7.26280572676e-05,-0
2017-10-12,-0.000897835735009,0.000471836066576,-0
2017-10-13,0.000732855130989,0.000981285418105,-0
2017-10-16,0.000802013275911,-0.000398984295035,-0
2017-10-17,0.000424657460641,-0.000145007141171,-0
2017-10-18,0.000589465080098,-0.000616197895642,-0
2017-10-19,0.000164972045543,0.00028986907906,-0
2017-10-20,0.00311104379704,-0.00115927246583,-0
2017-10-23,-0.00235221909175,0.000433795193727,-0
2017-10-24,0.00106051044237,-0.000833050882979,-0
2017-10-25,-0.00299247323153,-0.000253607601505,-0
2017-10-26,0.000780134707674,-0.000436053357538,-0
2017-10-27,0.00493897434122,0.000871950807204,-0
2017-10-30,-0.00225559881429,0.00108333718053,-0
2017-10-31,0.000940843174477,-0.000253101636041,-0
2017-11-01,0.00079932556807,0.000173860915837,-4.67051062594e-06
2017-11-02,0.000233059788821,0.000219305928964,-0
2017-11-03,0.00200301632223,0.000366201265713,-0
2017-11-06,0.000929574478251,0.000364757928796,-0
2017-11-07,-0.000417875484698,0.000109275107005,-0
2017-11-08,0.0010213912256,-0.000255198261525,-0
2017-11-09,-0.00218031122574,-0.000291375216278,-0
2017-11-10,-0.000186065836008,-0.00160702239171,-0
2017-11-13,0.000558955423196,0,-0
2017-11-14,-0.00139662830337,0.000402234343054,-0
2017-11-15,-0.00300647644311,0.000768580678745,-0
2017-11-16,0.00509194125698,-0.000440163651675,-0
2017-11-17,-0.00176706066537,0.000438125588872,-0
2017-11-20,0.00102448874923,-0.000219318122893,-0
2017-11-21,0.00393105428081,0.000401988690556,-0
2017-11-22,-0.000532622832062,0.000691122678126,-0
2017-11-24,0.00138932060152,-7.27325442164e-05,-0
2017-11-27,-0.000300649992752,0,-0
2017-11-28,0.00610750577666,0,-0
2017-11-29,-0.000367975659392,-0.000974956631128,-0
2017-11-30,0.00529564433827,-0.000651119454666,-0
2017-12-01,-0.00126064627915,0.00112184132392,-6.1706342599e-06
2017-12-04,-0.000725889282912,-3.66135140589e-05,-0
2017-12-05,-0.00215698238924,0.000403345641721,-0
2017-12-06,0.000113605320245,0.000404199288325,-0
2017-12-07,0.00188693463116,-0.000514159331822,-0
2017-12-08,0.00326913179774,-0.000146727136991,-0
2017-12-11,0.00181046946742,-0.000146089974442,-0
2017-12-12,0.00106190668174,-0.000182417124992,-0
2017-12-13,-6.7721717015e-05,0.00113022274436,-0
2017-12-14,-0.00245782567395,0.00010913734684,-0
2017-12-15,0.00500021859724,0.000109682633859,-0
2017-12-18,0.00381982999425,-0.00050879583446,-0
2017-12-19,-0.00232033020351,-0.00115799045546,-0
2017-12-20,-0.000316544420973,-0.000908342179745,-0
2017-12-21,0.00124493470877,0.000349346082072,-0
2017-12-22,-0.000158056570786,0.000181494145258,-0
2017-12-26,-0.000723168645862,0.000326982973363,-0
2017-12-27,0.000293817534986,0.00123556730643,-0
2017-12-28,0.00124163581927,-0.000290227213439,-0
2017-12-29,-0.00227784261138,0.00039861155035,-0
2018-01-02,0.00431542085486,-0.000580994525415,-5.01056661282e-06
2018-01-03,0.00379506336289,3.66703635383e-05,-0
2018-01-04,0.00253514813728,-0.000255352461464,-0
2018-01-05,0.00401608203662,-0.000255059186828,-0
2018-01-08,0.00110544549908,-0.000108681527018,-0
2018-01-09,0.00136903193003,-0.00108762905889,-0
2018-01-10,-0.000927394756419,0,-0
2018-01-11,0.00441965796521,0.000181418563531,-0
2018-01-12,0.00395920220892,-7.22635726844e-05,-0
2018-01-16,-0.00208137273256,0.000107904674328,-0
2018-01-17,0.0057958965111,-0.000432258776449,-0
2018-01-18,-0.00102637517304,-0.00086022371085,-0
2018-01-19,0.00277845237145,-0.000826052982956,-0
2018-01-22,0.00497876130902,-0.00014329686238,-0
2018-01-23,0.00130375989251,0.000927352218669,-0
2018-01-24,-0.000238765707658,-0.000391217989315,-0
2018-01-25,0.00026046404471,0.000996902682189,-0
2018-01-26,0.00710725126646,-0.000711319541934,-0
2018-01-29,-0.00409072047357,-0.000671570573691,-0
2018-01-30,-0.00631727898679,-0.000603499639714,-0
2018-01-31,0.000305030433369,0.000321674508446,-0
2018-02-01,-0.000696851614765,-0.00121048795049,-1.41772637667e-05
2018-02-02,-0.0130617217502,-0.00119036780647,-0
2018-02-05,-0.0249022009401,0.00162272866537,-0
2018-02-06,0.011508393014,-0.00119758474909,-0
2018-02-07,-0.00319816352348,-0.000918173993975,-0
2018-02-08,-0.0220843784448,-0.000691155379953,-0
2018-02-09,0.0087109169111,-0.000549943475048,-0
2018-02-12,0.00857356860407,0.000116737533817,-0
2018-02-13,0.00146088594984,0.000115884017735,-0
2018-02-14,0.0079337549374,-0.00138895095674,-0
2018-02-15,0.00755282111304,0.000498264471776,-0
2018-02-16,0.000174192958985,0.000798630249299,-0
2018-02-20,-0.00372080793736,-0.000418082121607,-0
2018-02-21,-0.00294983466014,-0.0012968390481,-0
2018-02-22,0.000768151069644,3.8407081223e-05,-0
2018-02-23,0.00944957171766,0.00103347894574,-0
2018-02-26,0.00692175626431,0.000302891364323,-0
2018-02-27,-0.00747507431432,-0.000865043359983,-0
2018-02-28,-0.00603923314129,0.00109993193938,-0
2018-03-01,-0.00862321449704,0.000363008731072,-1.06221636216e-05
2018-03-02,0.00309283101277,-0.000637737658739,-0
2018-03-05,0.00695359202759,-0.000224597521058,-0
2018-03-06,0.00153243334623,7.4365435744e-05,-0
2018-03-07,-0.000221879405438,-7.42461371413e-05,-0
2018-03-08,0.00292783614445,0.000631242626098,-0
2018-03-09,0.0105423401028,-0.000739974715075,-0
2018-03-12,-0.000766253124302,0.000219931074839,-0
2018-03-13,-0.00394160893192,0.000513140889169,-0
2018-03-14,-0.00312012004148,0.000661882901389,-0
2018-03-15,-0.000661087973554,3.67350899128e-05,-0
2018-03-16,0.000657314754663,-0.000221128247925,-0
2018-03-19,-0.00820669065946,-0.000405720242111,-0
2018-03-20,0.00102645654796,-0.000632343015723,-0
2018-03-21,-0.0011597857657,-3.70831343534e-05,-0
2018-03-22,-0.015095359535,0.000744307210392,-0
2018-03-23,-0.0127326303494,0,-0
2018-03-26,0.0162011194414,-0.00015276615595,-0
2018-03-27,-0.0101858899638,0.00116697639375,-0
2018-03-28,-0.00175487282642,0.00022788106173,-0
2018-03-29,0.00757811599388,0.00117980926247,-0
2018-04-02,-0.0128525477187,-0.000404570451836,-9.45225296212e-06
2018-04-03,0.00769027778592,-0.000449059976709,-0
2018-04-04,0.0064550492895,0.000148634818415,-0
2018-04-05,0.00478078676717,-0.000553552085362,-0
2018-04-06,-0.0135495407364,0.000881940693398,-0
2018-04-09,0.00296721361065,0.000334961916124,-0
2018-04-10,0.0095886485083,-0.000296759917418,-0
2018-04-11,-0.003182178902,0.000330821865781,-0
2018-04-12,0.00498186531676,-0.000884786558944,-0
2018-04-13,-0.00178328069923,0.000110174033393,-0
2018-04-16,0.00499246813242,7.36205210114e-05,-0
2018-04-17,0.00651737847733,0.000109694792252,-0
2018-04-18,0.000452607236479,-0.00109029639112,-0
2018-04-19,-0.00339768343207,-0.000945685763351,-0
2018-04-20,-0.00518718004848,-0.0010594722321,-0
2018-04-23,-9.14190646581e-05,-0.0001835449486,-0
2018-04-24,-0.00822099728476,-0.000514881904027,-0
2018-04-25,0.00150161985153,-0.0005190558272,-0
2018-04-26,0.00618502268765,0.000666738744884,-0
2018-04-27,0.000573101716232,0.000478356869094,-0
2018-04-30,-0.0046940052565,7.35327017357e-05,-0
2018-05-01,0.00108120940728,-0.000333048773041,-9.10576470553e-06
2018-05-02,-0.00403043083674,0,-0
2018-05-03,-0.00131867767665,0.00045598492586,-0
2018-05-04,0.00773637741489,0.000266348007176,-0
2018-05-07,0.00203174218658,-0.000188854173657,-0
2018-05-08,0,-0.000451811981401,-0
2018-05-09,0.00581596515117,-0.000452237386768,-0
2018-05-10,0.00565025903764,0.000899429300596,-0
2018-05-11,0.00184912815542,0.000186365191673,-0
2018-05-14,0.000289126656714,-0.000371682403,-0
2018-05-15,-0.00417983409012,-0.00174705879463,-0
2018-05-16,0.00254955738613,-0.000448576214965,-0
2018-05-17,-0.000513250217733,-0.000522272111655,-0
2018-05-18,-0.00151955627411,0.00100836146115,-0
2018-05-21,0.00456018573067,3.75404666006e-05,-0
2018-05-22,-0.00169123781742,0,-0
2018-05-23,0.00167182280824,0.00108042419924,-0
2018-05-24,-0.00124464907485,0.00107771320139,-0
2018-05-25,-0.00144520839575,0.000854607485501,-0
2018-05-29,-0.00696220831664,0.00260302244452,-0
2018-05-30,0.0080203274384,-0.00100828312788,-0
2018-05-31,-0.00370478813355,-0.000333923385396,-0
2018-06-01,0.00592550284105,-0.000488745966313,-6.20960297955e-06
2018-06-04,0.00285079401003,-0.000942777681744,-0
2018-06-05,0.000437672491019,0.000301099635735,-0
2018-06-06,0.00503061875426,-0.00090259536648,-0
2018-06-07,-6.53969763777e-05,0.000861420557453,-0
2018-06-08,0.00178486170611,-0.000561333289703,-0
2018-06-11,0.000804118928216,-0.000411202163848,-0
2018-06-12,0.000782345724749,0.000112121886515,-0
2018-06-13,-0.00193218841735,-0.000373369192663,-0
2018-06-14,0.00152317496255,0.0010104154623,-0
2018-06-15,-0.000771942772897,0.000149037695552,-0
2018-06-18,-0.00124353730337,7.48204058562e-05,-0
2018-06-19,-0.00231519066656,0.00041131872548,-0
2018-06-20,0.00102876033019,-0.000749338578952,-0
2018-06-21,-0.00378512820311,0.000112563084608,-0
2018-06-22,0.00109812252893,0.000375798586929,-0
2018-06-25,-0.00820019781159,-0.000225367065901,-0
2018-06-26,0.00132656039035,0.000643688757556,-0
2018-06-27,-0.00496531519457,0.000717629208534,-0
2018-06-28,0.00341325416613,-3.79115918409e-05,-0
2018-06-29,0.000861309548872,0.00034024101179,-0
2018-07-02,0.00127947456229,-0.000382215029035,-7.70550941293e-07
2018-07-03,-0.00211865397746,0.000830118818749,-0
2018-07-05,0.00488381473834,0.000378134706726,-0
2018-07-06,0.00507811714164,0.000413273104456,-0
2018-07-09,0.00542199020885,-0.000373737007937,-0
2018-07-10,0.00217514546063,-0.00029749505704,-0
2018-07-11,-0.00442931677366,0.000148233751372,-0
2018-07-12,0.00547319841388,0.000484920313285,-0
2018-07-13,0.000477120282159,0.000370695256119,-0
2018-07-16,-0.00054171265262,-0.000444385360606,-0
2018-07-17,0.00244975799146,-0.000148334833529,-0
2018-07-18,0.00127617794316,-0.000110968664305,-0
2018-07-19,-0.00229011693785,0.000591072119391,-0
2018-07-20,-0.000692384552493,-0.000777052938604,-0
2018-07-23,0.00112701466173,-0.00137143455377,-0
2018-07-24,0.00305684485558,0.000556274131183,-0
2018-07-25,0.00518396602402,3.67955695302e-05,-0
2018-07-26,-0.00143975738657,-0.00022052133533,-0
2018-07-27,-0.00413274783389,0.000294505481126,-0
2018-07-30,-0.00317610375595,-0.000406491810257,-0
2018-07-31,0.00299252025887,0.00033378657234,-0
2018-08-01,-0.001015732685,-0.000403613796868,-7.8683918182e-06
2018-08-02,0.00326864167196,0.000151026677182,-0
2018-08-03,0.00257583961968,0.000867605548936,-0
2018-08-06,0.00220677421538,0.000263076289435,-0
2018-08-07,0.00198943462666,-0.00071236216373,-0
2018-08-08,-0.000253885774332,0,-0
2018-08-09,-0.000824352022746,0.000561797370422,-0
2018-08-10,-0.00403935168872,0.000861660996364,-0
2018-08-13,-0.00224886764229,0.000225713585003,-0
2018-08-14,0.00382643984256,-0.000376683646989,-0
2018-08-15,-0.00449154226482,0.000562827753902,-0
2018-08-16,0.00484954037124,0.000226062990101,-0
2018-08-17,0.00211628157504,0.000225067052865,-0
2018-08-20,0.00128798852337,0.000785204294306,-0
2018-08-21,0.00141159930934,-0.000335861344858,-0
2018-08-22,-0.000357765827643,0.000335500434303,-0
2018-08-23,-0.000799836605793,-0.000223478761835,-0
2018-08-24,0.00362388172187,0.000447741686606,-0
2018-08-27,0.00476310237578,-0.000520313253178,-0
2018-08-28,0.000292368242247,-0.000740225928246,-0
2018-08-29,0.00326115525359,-7.3998201112e-05,-0
2018-08-30,-0.00245899427308,0.000184282257822,-0
2018-08-31,2.10001977656e-05,-3.68398448455e-05,-0
2018-09-04,-0.00104407276171,-0.000437664289212,-6.16416760389e-06
2018-09-05,-0.00161496792092,-0.00018835398741,-0
2018-09-06,-0.00180457836632,0.000680061159214,-0
2018-09-07,-0.00116274505679,-0.00143762686506,-0
2018-09-10,0.00104100547663,0.000379533647547,-0
2018-09-11,0.00197497180137,-0.000681780332555,-0
2018-09-12,0.000145094262053,0.00026466808352,-0
2018-09-13,0.00354885354527,0.000264779563069,-0
2018-09-14,0.000103442559739,-0.000753206048913,-0
2018-09-17,-0.00318571476417,0,-0
2018-09-18,0.00325821469374,-0.00086956965821,-0
2018-09-19,0.000641805511865,-0.000754339306308,-0
2018-09-20,0.00488695706697,0.000527862922477,-0
2018-09-21,-0.000552524710385,0.000300297202594,-0
2018-09-24,-0.00200742922397,-0.000375202465807,-0
2018-09-25,-0.0005601917512,-0.000188158679671,-0
2018-09-26,-0.00180579528515,0.00094116953924,-0
2018-09-27,0.00168293192919,0.000263518846909,-0
2018-09-28,6.21278274137e-05,-0.000413228885639,-0
2018-10-01,0.00209524944932,-0.000105677303712,-3.95913308584e-06
2018-10-02,-0.000349630807695,0.000456108179495,-0
2018-10-03,0.000329079189043,-0.00190035254603,-0
2018-10-04,-0.00469612067954,-0.00114207218941,-0
2018-10-05,-0.00335637588737,-0.000880375100593,-0
2018-10-08,0,-0.000153792490443,-0
2018-10-09,-0.000874038816603,0.000576847737883,-0
2018-10-10,-0.0189424691373,-0.000115508006379,-0
2018-10-11,-0.0130077351838,0.0012156721662,-0
2018-10-12,0.00811694972292,0.000119042105502,-0
2018-10-15,-0.00330113794924,-0.000275610117921,-0
2018-10-16,0.0128244091123,0.000237178007262,-0
2018-10-17,0.000105598020568,-0.000818797940184,-0
2018-10-18,-0.00855111951252,-0.000273265797257,-0
2018-10-19,-0.000319366291245,-0.000354235861743,-0
2018-10-22,-0.00264332116846,-7.87425119718e-05,-0
2018-10-23,-0.00299223835749,0.000513471648304,-0
2018-10-24,-0.0177635087332,0.00106912943722,-0
2018-10-25,0.0103726830991,-0.000362336102801,-0
2018-10-26,-0.0102482443703,0.000956897378767,-0
2018-10-29,-0.00320147442782,-0.000442751163762,-0
2018-10-30,0.00854621081373,-0.000605931432503,-0
2018-10-31,0.00620201623924,-0.000200398941289,-0
2018-11-01,0.00620805895087,0.00105287721728,-1.47863450574e-05
2018-11-02,-0.00355369757086,-0.00118849525087,-0
2018-11-05,0.00330605903129,0.000269701232679,-0
2018-11-06,0.00379966498981,3.84495098149e-05,-0
2018-11-07,0.0128869945833,0.000343949830975,-0
2018-11-08,-0.00110157176799,-0.000716900856738,-0
2018-11-09,-0.00592727483513,0.000491488966126,-0
2018-11-12,-0.0112887995425,0.000646195338601,-0
2018-11-13,-0.00112128168794,0.00015376635177,-0
2018-11-14,-0.00409296660857,3.84140532108e-05,-0
2018-11-15,0.00623094898051,0.000501898767529,-0
2018-11-16,0.00155834200091,0.000652087386126,-0
2018-11-19,-0.0101395760642,-3.83016436836e-05,-0
2018-11-20,-0.0110180957504,-0.000154633097476,-0
2018-11-21,0.00201364577013,0.000273552628344,-0
2018-11-23,-0.00395125585317,-0.000116904951449,-0
2018-11-26,0.00952632229176,-7.82926832563e-05,-0
2018-11-27,0.00199841467007,0.000116395856012,-0
2018-11-28,0.0136937906097,0.000774446592418,-0
2018-11-29,-0.0013105167171,0.000190859562548,-0
2018-11-30,0.00365182200435,-0.000114695582082,-0
2018-12-03,0.00795322442085,0.000652732051801,-3.42145844461e-06
2018-12-04,-0.0194414249981,0.00106876305644,-0
2018-12-06,-0.000897281148408,0.00101101355189,-0
2018-12-07,-0.0137199644823,0.000544134775606,-0
2018-12-10,0.00110869301725,0.000275718874333,-0
2018-12-11,0.000132991764921,0.000118179923613,-0
2018-12-12,0.00294419784744,-0.000314463171026,-0
2018-12-13,-0.000198686610438,0.000117426090938,-0
2018-12-14,-0.0108199575879,0.000117699280206,-0
2018-12-17,-0.0114056253246,0.00071368304647,-0
2018-12-18,-0.00063180832536,0.00124526078911,-0
2018-12-19,-0.00861330035948,0.000401358952245,-0
2018-12-20,-0.00929851001814,-0.000404682178584,-0
2018-12-21,-0.0116264180763,-0.000204401996182,-0
2018-12-24,-0.0148619030158,0.000289509615889,-0
2018-12-26,0.0280765481584,-0.000839109458478,-0
2018-12-27,0.00436306910159,0.000694294046517,-0
2018-12-28,-0.000734980656659,0.0015855380815,-0
2018-12-31,0.00497976118312,0.00109672940245,-0
2019-01-02,0.000593172695865,0.000322908231261,-2.98786825984e-05
2019-01-03,-0.0143175165906,0.00165153152353,-0
2019-01-04,0.0198695268621,-0.00121670440255,-0
2019-01-07,0.00474514981378,-0.00067145957697,-0
2019-01-08,0.00567590189711,-0.00029749268685,-0
2019-01-09,0.00283468447242,0.00033277374421,-0
2019-01-10,0.00214281478892,-0.000442309136672,-0
2019-01-11,0.000235064689619,0.000552027139614,-0
2019-01-14,-0.00371112521708,-0.000551592985283,-0
2019-01-15,0.00695865758064,7.39266051541e-05,-0
2019-01-16,0.00147596395831,0.000330030412302,-0
2019-01-17,0.00462957607093,-0.000292901636914,-0
2019-01-18,0.00814841454926,-0.000291427443503,-0
2019-01-22,-0.00831588292156,0.000325213401806,-0
2019-01-23,0.00128076510912,0.000401123185076,-0
2019-01-24,0.00032555660497,0.000654704540989,-0
2019-01-25,0.00517882601233,-0.000181850655546,-0
2019-01-28,-0.00466796133665,-0.000216844697882,-0
2019-01-29,-0.000812705451837,0.001017640567,-0
2019-01-30,0.00968162749076,0.000872049808626,-0
2019-01-31,0.00539894607948,0.00115070495526,-0
2019-02-01,0.000296860026708,-0.000795172956403,-1.6721879838e-05
2019-02-04,0.0042211807058,-0.000336613158433,-0
2019-02-05,0.00252314264333,0.000856734836098,-0
2019-02-06,-0.000794213065181,-0.000222491758013,-0
2019-02-07,-0.00574040311739,0.000185604416494,-0
2019-02-08,0.000732530321699,0.000896991894653,-0
2019-02-11,0.000332523111854,-0.000410434615743,-0
2019-02-12,0.00771435643012,7.4597873203e-05,-0
2019-02-13,0.00195775654446,-0.000703485646985,-0
2019-02-14,-0.00134001251198,0.000591676155027,-0
2019-02-15,0.00657387710929,0.000296183407839,-0
2019-02-19,0.00104787700062,0.000220507717669,-0
2019-02-20,0.00122132875892,3.63773229591e-05,-0
2019-02-21,-0.00215620448469,-0.000879666853519,-0
2019-02-22,0.00375771780382,0.000992867156743,-0
2019-02-25,0.000826142836039,-0.000109999055825,-0
2019-02-26,-0.000434399170516,0.000438947380963,-0
2019-02-27,-0.000261002419891,-0.000840878016308,-0
2019-02-28,-0.00113126624983,-0.000695585645207,-0
2019-03-01,0.00379182447416,-0.000636251625523,-9.19288052442e-06
2019-03-04,-0.00218220014459,0.000487617824211,-0
2019-03-05,-0.000814477961936,0.00026290442128,-0
2019-03-06,-0.00362412437113,0.000601727103786,-0
2019-03-07,-0.00499023217396,0.00113117329835,-0
2019-03-08,-0.00118775834307,0.000530063032145,-0
2019-03-11,0.00859976276276,3.78839833696e-05,-0
2019-03-12,0.00224943323653,0.000751119533439,-0
2019-03-13,0.00395121848656,-0.000186950390546,-0
2019-03-14,-0.000383157906111,-0.000597121580616,-0
2019-03-15,0.00295872112118,0.00100827096792,-0
2019-03-18,0.00217348924151,-7.43207106585e-05,-0
2019-03-19,0.000148889026544,-0.000222813534005,-0
2019-03-20,-0.00180772533261,0.00163344975462,-0
2019-03-21,0.00676340513281,7.4041865705e-05,-0
2019-03-22,-0.0115759650624,0.0019914950259,-0
2019-03-25,-0.000447783921486,0.000744352619517,-0
2019-03-26,0.00443480296243,7.44415790586e-05,-0
2019-03-27,-0.00312021432502,0.000852058607731,-0
2019-03-28,0.00225511384353,3.73857622292e-05,-0
2019-03-29,0.00375705726872,-3.73002514176e-05,-0
2019-04-01,0.00708440863184,-0.00184268709561,-1.31828928658e-06
2019-04-02,0.000294040498111,0.000443216429249,-0
2019-04-03,0.000943821706492,-0.000738056250481,-0
2019-04-04,0.0015937058704,0.00029510562234,-0
2019-04-05,0.00290978822626,0.00029465434537,-0
2019-04-08,0.000459012177899,-0.000183566360036,-0
2019-04-09,-0.00308719829554,0.000220302738948,-0
2019-04-10,0.00205030257687,0.000772856458563,-0
2019-04-11,-0.000166914947844,-0.000477137917968,-0
2019-04-12,0.00407030325562,-0.000771247236397,-0
2019-04-15,-0.00039535641174,-7.32437458761e-05,-0
2019-04-16,0.000395541762673,-0.000695549722205,-0
2019-04-17,-0.00147842739929,-3.68590679328e-05,-0
2019-04-18,0.00118856973295,0.000513739631182,-0
2019-04-22,0.000520550905452,-0.000476014302837,-0
2019-04-23,0.00543329161977,0.000695599171259,-0
2019-04-24,-0.00134481797407,0.000910149488916,-0
2019-04-25,-0.000372681502956,-3.65381790093e-05,-0
2019-04-26,0.00281627917015,0.000801397218118,-0
2019-04-29,0.000949098303761,-0.000689555046999,-0
2019-04-30,0.000309307502949,0.000253986126818,-0
2019-05-01,-0.00455599693895,0.000254533023467,-4.16971459711e-06
2019-05-02,-0.00129564608216,-0.000885501656486,-0
2019-05-03,0.00587307601317,0.000665551651531,-0
2019-05-06,-0.00247720069305,0.000514369879388,-0
2019-05-07,-0.0100307496791,0.000478673303491,-0
2019-05-08,-0.000828355608388,-7.44770446377e-05,-0
2019-05-09,-0.00180367383765,0.000223350672175,-0
2019-05-10,0.00298976794631,7.44148759317e-05,-0
2019-05-13,-0.0149857713682,0.000668639539689,-0
2019-05-14,0.00533393485076,0.000339175794406,-0
2019-05-15,0.00346597394664,0.00071192743427,-0
2019-05-16,0.00548982569999,-0.000485271694488,-0
2019-05-17,-0.00384856415507,0.000111606984917,-0
2019-05-20,-0.00392490843215,-0.000559173335495,-0
2019-05-21,0.00534039790767,-3.72614252071e-05,-0
2019-05-22,-0.00182595971296,0.000670241589494,-0
2019-05-23,-0.00725085417014,0.00119314331988,-0
2019-05-24,0.00133783006722,0.000149976257174,-0
2019-05-28,-0.00548908508487,0.000599440257681,-0
2019-05-29,-0.00394306017484,0.000112956248533,-0
2019-05-30,0.00160015612419,0.00109583376967,-0
2019-05-31,-0.00789515588151,0.0019217413077,-0
2019-06-03,-0.00147860634698,0.000987955574008,-1.9707029319e-05
2019-06-04,0.0130240846422,-0.000362390598215,-0
2019-06-05,0.00524364885847,-0.000214708921347,-0
2019-06-06,0.00395044282194,-7.09981120582e-05,-0
2019-06-07,0.0060958933459,0.00109928931657,-0
2019-06-10,0.00280306226743,-0.0010212177253,-0
2019-06-11,-0.000148391594762,-7.00936122934e-05,-0
2019-06-12,-0.00108127189675,0.00049196038486,-0
2019-06-13,0.00252462399398,0.000844400170088,-0
2019-06-14,-0.000676640610309,-0.000105253683402,-0
2019-06-17,0.00023263987731,-0.00010536925314,-0
2019-06-18,0.00641064979294,0.00105266194017,-0
2019-06-19,0.00138625209786,0.00132292946311,-0
2019-06-20,0.005864118648,0.000659841889495,-0
2019-06-21,-0.000894962037018,-0.00100067141112,-0
2019-06-24,-0.000753701295935,0.000691458243548,-0
2019-06-25,-0.00603410298323,6.90388809839e-05,-0
2019-06-26,-0.000611087580623,-0.000869316737069,-0
2019-06-27,0.0021740540845,0.00107950477482,-0
2019-06-28,0.00315583534581,-0.000173457866696,-0
2019-07-01,0.00557972901665,0.000284523969541,-1.66688865157e-05
2019-07-02,0.00156255586942,0.000719528591043,-0
2019-07-03,0.00479835796501,0.000645989405818,-0
2019-07-05,-0.000684594777621,-0.00167770649698,-0
2019-07-08,-0.00331015522155,-0.000214873711954,-0
2019-07-09,0.000749250514589,-0.000107647336942,-0
2019-07-10,0.00287462966341,0.000287044972987,-0
2019-07-11,0.00141275018703,-0.00146688710023,-0
2019-07-12,0.00270407134026,0.000429453299117,-0
2019-07-15,0.000201367460917,0.00057052381373,-0
2019-07-16,-0.00195000045524,-0.000427478685559,-0
2019-07-17,-0.00411071373307,0.00103593749018,-0
2019-07-18,0.0022030554801,0.000644982350035,-0
2019-07-19,-0.00334570145744,-0.000464570793872,-0
2019-07-22,0.00147694399471,0.000502288354656,-0
2019-07-23,0.0043009089858,-0.00039389005343,-0
2019-07-24,0.00283619035011,0.000570569604348,-0
2019-07-25,-0.00288673954872,-0.000604039787476,-0
2019-07-26,0.00404329655223,7.12648934925e-05,-0
2019-07-29,-0.00110183331822,0.000177532801295,-0
2019-07-30,-0.00148353797366,-3.55864102727e-05,-0
2019-07-31,-0.00660724600822,0.000178068270875,-0
2019-08-01,-0.00523492572622,0.00312498846383,-2.79570874239e-06
2019-08-02,-0.0045177717594,0.000142653184212,-0
2019-08-05,-0.0179865672003,0.00175934102807,-0
2019-08-06,0.00826878485452,0.00109466380025,-0
2019-08-07,0.000350124602438,-0.000216881373067,-0
2019-08-08,0.0116284460479,0.000397636672161,-0
2019-08-09,-0.00406749859497,-0.000535941363304,-0
2019-08-12,-0.00725273585685,0.00147136563154,-0
2019-08-13,0.00920602267048,-0.000577325515508,-0
2019-08-14,-0.0176231519753,0.00125219043593,-0
2019-08-15,0.00155341879176,0.00189210000513,-0
2019-08-16,0.00866952687292,-0.000326592841974,-0
2019-08-19,0.00712383661071,-0.00107861919207,-0
2019-08-20,-0.00455781338893,0.00110772990005,-0
2019-08-21,0.00481850648754,-0.000214933406582,-0
2019-08-22,-0.00018284363253,-0.00107095323436,-0
2019-08-23,-0.0152827826662,0.00164419426288,-0
2019-08-26,0.00649860612644,-0.000181056541524,-0
2019-08-27,-0.00231650264188,0.0012960814008,-0
2019-08-28,0.00414560569131,3.62720573069e-05,-0
2019-08-29,0.00754139922232,-0.000251595642711,-0
2019-08-30,-0.000263858200783,0.000356514206119,-0
2019-09-03,-0.00346909078847,-9.63217643563e-05,-8.01484030454e-06
2019-09-04,0.00681016257794,0.000702728746654,-0
2019-09-05,0.00774256517223,-0.00170884049057,-0
2019-09-06,0.000468430621916,0.000416061433181,-0
2019-09-09,0.000305141351323,-0.00166261223409,-0
2019-09-10,-0.000142597464346,-0.00211568889192,-0
2019-09-11,0.00432800609365,6.96315221853e-05,-0
2019-09-12,0.00211409895413,-0.000623126527141,-0
2019-09-13,-0.000406028934651,-0.00231520080083,-0
2019-09-16,-0.00189266224895,0.00103952367495,-0
2019-09-17,0.00154822019667,0.00058954683736,-0
2019-09-18,0.000365705779543,0.000449870134583,-0
2019-09-19,-4.07384924614e-05,0.000553192608481,-0
2019-09-20,-0.00288758127582,0.00141718127282,-0
2019-09-23,-0.000142859312794,0.000173024347808,-0
2019-09-24,-0.0047786858426,0.00107292681941,-0
2019-09-25,0.00358714783794,-0.00163274922407,-0
2019-09-26,-0.00126829495017,0.000658780882248,-0
2019-09-27,-0.00327537174211,0.000485589959796,-0
2019-09-30,0.00281214066456,0.000104486250153,-0
2019-10-01,-0.00722498246443,0.000712711886145,-4.10825585313e-06
2019-10-02,-0.0105989397357,0.000282893265167,-0
2019-10-03,0.00487918218793,0.00157216464648,-0
2019-10-04,0.00807298536564,0.000638938764668,-0
2019-10-07,-0.00258613300768,-0.00109107415832,-0
2019-10-08,-0.00930023681134,0.000141430539272,-0
2019-10-09,0.00565220507512,-0.000214056617501,-0
2019-10-10,0.00404194625695,-0.00138277831129,-0
2019-10-11,0.00622041514842,-0.00130843245414,-0
2019-10-14,-0.000671746223164,0.000668609960559,-0
2019-10-15,0.00596606744442,-0.00130184292606,-0
2019-10-16,-0.000972763572452,0.000700330688792,-0
2019-10-17,0.00178420497252,-0.000105088088254,-0
2019-10-18,-0.00265171739322,0.000279765143633,-0
2019-10-21,0.00409826019613,-0.00108683187229,-0
2019-10-22,-0.00198222708647,0.000594223599408,-0
2019-10-23,0.00176213629283,0.000315039740253,-0
2019-10-24,0.000990570167254,0.000104904775462,-0
2019-10-25,0.00248345375793,-0.000558279912601,-0
2019-10-28,0.00342589340504,-0.000835990437259,-0
2019-10-29,-0.000181210965915,3.45664835825e-05,-0
2019-10-30,0.00186973681138,0.0011119267264,-0
2019-10-31,-0.00162338198074,0.00152406581492,-0
2019-11-01,0.00563264165446,0.00010767283657,-1.0217364923e-05
2019-11-04,0.00241065107454,-0.000991813034525,-0
2019-11-05,-0.000665442087704,-0.00148547931077,-0
2019-11-06,0.000137265024275,0.000602584401518,-0
2019-11-07,0.0021167474713,-0.00187725075049,-0
2019-11-08,0.0014892724624,-0.000212550601205,-0
2019-11-11,-0.00115458729256,7.07929560278e-05,-0
2019-11-12,0.00127332032004,0.000424820999327,-0
2019-11-13,0.000195710486592,0.000706966997786,-0
2019-11-14,0.000879145037455,0.00112994860675,-0
2019-11-15,0.00436796948476,-0.00021156629589,-0
2019-11-18,0.000446700099416,0.000737170707408,-0
2019-11-19,-0.000174674332122,0.000280348026878,-0
2019-11-20,-0.00224985550002,0.00094647642928,-0
2019-11-21,-0.000970768924891,-0.000561631236583,-0
2019-11-22,0.00134198087628,0.000211017186319,-0
2019-11-25,0.00468005453934,0.000386073386717,-0
2019-11-26,0.00137192121184,0.000558626713859,-0
2019-11-27,0.0026997900948,-0.000487885082154,-0
2019-11-29,-0.00225147937025,-0.000486743222741,-0
2019-12-02,-0.00515151828754,-0.000433486036611,-4.65176720887e-06
2019-12-03,-0.00402379405499,0.00181348847004,-0
2019-12-04,0.00368550358669,-0.000677059729355,-0
2019-12-05,0.00107722418906,-0.000461963186762,-0
2019-12-06,0.0054794286234,-0.000568146506331,-0
2019-12-09,-0.00189410189081,0.000211993058982,-0
2019-12-10,-0.000670674743456,-0.000141588870563,-0
2019-12-11,0.00170722491585,0.00106274670908,-0
2019-12-12,0.0051829403667,-0.00169558554721,-0
2019-12-13,0.000362448862124,0.00158414264709,-0
2019-12-16,0.00414678245957,-0.000808182980818,-0
2019-12-17,0.000132884742696,3.49219507768e-05,-0
2019-12-18,3.79150295286e-05,-0.000770082900915,-0
2019-12-19,0.00248490214254,0.000424731106913,-0
2019-12-20,0.00266136991509,6.98763366205e-05,-0
2019-12-23,0.000928735518547,-0.000279232025148,-0
2019-12-24,1.92023068659e-05,0.000488363250235,-0
2019-12-26,0.00323776035913,0.000348677139399,-0
2019-12-27,-0.000151028770032,0.00052098475215,-0
2019-12-30,-0.00335710593885,0,-0
2019-12-31,0.00147613438941,-0.000905866044358,-0
2020-01-02,0.00569290086386,0.0010793243934,-1.03669571276e-05
2020-01-03,-0.00454348456965,0.00117146901622,-0
2020-01-06,0.00227945965189,-0.000320578562398,-0
2020-01-07,-0.00168323792004,-0.000426491958256,-0
2020-01-08,0.00318803065428,-0.000463126010163,-0
2020-01-09,0.00406650548119,0.000426265319566,-0
2020-01-10,-0.00172977881402,0.000672030523444,-0
2020-01-13,0.00412617637649,-0.000247834987172,-0
2020-01-14,-0.000917334054693,0.000352644585516,-0
2020-01-15,0.00135856937887,0.000599795040262,-0
2020-01-16,0.00500261972174,0,-0
2020-01-17,0.00187788885275,-0.000455495506164,-0
2020-01-21,-0.00118353996748,0.0011199784711,-0
2020-01-22,7.29676037074e-05,0.000209903283601,-0
2020-01-23,0.00069165212526,0.000524838116087,-0
2020-01-24,-0.00536332557099,0.000733691667656,-0
2020-01-27,-0.00962592407199,0.00122885606882,-0
2020-01-28,0.00624446585609,-0.000353966483893,-0
2020-01-29,-0.000494517590241,0.000915185986585,-0
2020-01-30,0.00194025445684,3.50269830222e-05,-0
2020-01-31,-0.0108696834418,0.00119403593144,-0
2020-02-03,0.00440872877826,-0.000131612842387,-4.66508616639e-06
2020-02-04,0.00914484236905,-0.00132892148837,-0
2020-02-05,0.00697989205309,-0.000589838882693,-0
2020-02-06,0.00204440757522,0.000241211948312,-0
2020-02-07,-0.00324150481565,0.00113530324925,-0
2020-02-10,0.00452552599141,0.000448184641142,-0
2020-02-11,0.00105304589746,-0.000480303562291,-0
2020-02-12,0.00392009023214,-0.000411553347685,-0
2020-02-13,-0.000651145017443,0.000273547352521,-0
2020-02-14,0.000976843596649,0.000410110392938,-0
2020-02-18,-0.00157171138589,0.000511967658046,-0
2020-02-19,0.00291173100256,-0.000102406806784,-0
2020-02-20,-0.00250662504193,0.000885768271694,-0
2020-02-21,-0.00626824848426,0.000784952342762,-0
2020-02-24,-0.0200885185126,0.00126969219561,-0
2020-02-25,-0.0180861280809,0.000699628646405,-0
2020-02-26,-0.00216626215352,-0.000427138565671,-0
2020-02-27,-0.0264246560264,7.12697469494e-05,-0
2020-02-28,-0.00242490492493,0.00311546565783,-0
2020-03-02,0.0248723639266,-0.000150555287649,-1.56284943581e-05
2020-03-03,-0.0171795302522,0.00272544690969,-0
2020-03-04,0.0248570098048,-0.000315020939503,-0
2020-03-05,-0.019993710805,0.00123002644855,-0
2020-03-06,-0.0097962023522,0.00299467936429,-0
2020-03-09,-0.0458246226648,-0.000525747317754,-0
2020-03-10,0.0293524261465,-0.00488982948968,-0
2020-03-11,-0.0283890348802,-0.00595687396512,-0
2020-03-12,-0.0548874534037,-0.0170575724191,-0
2020-03-13,0.0477869793522,0.00692746133747,-0
2020-03-16,-0.062952734237,0.0070996730325,-0
2020-03-17,0.029299966824,-0.0118223935978,-0
2020-03-18,-0.0284630608072,-0.0166779639611,-0
2020-03-19,0.00118770180844,0.00985051511361,-0
2020-03-20,-0.023873467517,0.00442127104094,-0
2020-03-23,-0.0138228847997,0.0108969809129,-0
2020-03-24,0.0478701694796,0.00389399542549,-0
2020-03-25,0.00820157401797,0.0046181395954,-0
2020-03-26,0.0320574263476,0.00137575088896,-0
2020-03-27,-0.0167480306417,0.00186380403442,-0
2020-03-30,0.0179843911672,0.000424873010553,-0
2020-03-31,-0.00836830433897,-0.0011754180084,-0
2020-04-01,-0.0251301042528,-0.00149989967765,-5.07610406064e-05
2020-04-02,0.0138453448963,0.000592769232645,-0
2020-04-03,-0.0087464889099,0.000274863929667,-0
2020-04-06,0.0403975959116,0.0019411287235,-0
2020-04-07,0.00062778297548,0.000532089393835,-0
2020-04-08,0.0206679641262,0.00036526843224,-0
2020-04-09,0.00948433006481,0.00468457106855,-0
2020-04-13,-0.00569617620502,-0.00176441288264,-0
2020-04-14,0.0183696085322,0.000193953805641,-0
2020-04-15,-0.0133766064453,0.00152305771075,-0
2020-04-16,0.00300833321297,0.000481683563058,-0
2020-04-17,0.0168678040629,-0.000447938612538,-0
2020-04-20,-0.0111147037199,-0.000535240616692,-0
2020-04-21,-0.0190401792158,0.000191157729044,-0
2020-04-22,0.0137542239383,0,-0
2020-04-23,-4.48230860196e-05,0.000896624105226,-0
2020-04-24,0.0087021240138,-0.000191963865456,-0
2020-04-27,0.00904985610671,-0.00171318423027,-0
2020-04-28,-0.00290665218837,0.00144867559974,-0
2020-04-29,0.016494710606,0.000252399095465,-0
2020-04-30,-0.00592100423816,-0.000806591769789,-0
2020-05-01,-0.0167912536777,1.89489130942e-05,-2.75524431823e-05
2020-05-04,0.00165461874874,0.000342148979715,-0
2020-05-05,0.00554795112517,-0.000307522523154,-0
2020-05-06,-0.00408654008226,-0.00159700656327,-0
2020-05-07,0.00726658001798,0.00123032457553,-0
2020-05-08,0.00999900172239,-0.00105061483975,-0
2020-05-11,0.000124907161105,-0.00117539039623,-0
2020-05-12,-0.0121507112835,0.00100860797361,-0
2020-05-13,-0.010686071348,0.000646047611168,-0
2020-05-14,0.0071748918719,0.00123630422795,-0
2020-05-15,0.00276562376527,0.000238492312998,-0
2020-05-18,0.0183557199404,-0.000577321845707,-0
2020-05-19,-0.00626682318833,0.000433724326167,-0
2020-05-20,0.0103184531613,0.00100671047743,-0
2020-05-21,-0.00421678833557,0.000298591219582,-0
2020-05-22,0.00115626084842,0.000200018349824,-0
2020-05-26,0.0075069610284,-0.000632056861521,-0
2020-05-27,0.00911475181497,0.000561643888798,-0
2020-05-28,-0.00113602297121,-0.000261704175123,-0
2020-05-29,0.002742458806,0.00101583739956,-0
2020-06-01,0.00248921800487,-0.000215999953896,-1.70285804683e-05
2020-06-02,0.00496823570716,0.00034101535088,-0
2020-06-03,0.00800856981501,-0.000983171141302,-0
2020-06-04,-0.00159044917776,-0.00117834633934,-0
2020-06-05,0.0155215400996,0.000236392128077,-0
2020-06-08,0.00739147575489,0.000432054371972,-0
2020-06-09,-0.00457921443338,0.000494637947961,-0
2020-06-10,-0.00341478972323,0.00158935762869,-0
2020-06-11,-0.0351490370226,-0.000663474024886,-0
2020-06-12,0.00713635070235,0.00041266081765,-0
2020-06-15,0.00558743691417,0.00133189474453,-0
2020-06-16,0.01154774047,-0.000780183870503,-0
2020-06-17,-0.00251311292513,-0.000335304739901,-0
2020-06-18,0.000232610471751,0.00040369513591,-0
2020-06-19,-0.00345196550306,0.000134438106506,-0
2020-06-22,0.00386578178211,-0.000101109717649,-0
2020-06-23,0.00278136008747,-6.72983946291e-05,-0
2020-06-24,-0.0154408291207,-6.69306621723e-05,-0
2020-06-25,0.00642334749297,0.000476585855278,-0
2020-06-26,-0.0142851862268,0.000473288777918,-0
2020-06-29,0.00875084909251,0.000342956295244,-0
2020-06-30,0.00766892659104,0.000339708858821,-0
2020-07-01,0.00421334377858,0.000212812323767,-3.09643213283e-06
2020-07-02,0.00330445587057,0.000474474932274,-0
2020-07-06,0.00927831813501,-3.37634767487e-05,-0
2020-07-07,-0.00623694154081,0.000601960100126,-0
2020-07-08,0.00460359724829,-0.000134575158516,-0
2020-07-09,-0.00343728882501,0.00103822469078,-0
2020-07-10,0.00614455070568,-0.000470106952516,-0
2020-07-13,-0.00523442986713,-3.32007603228e-05,-0
2020-07-14,0.00780693103427,0.000637554406171,-0
2020-07-15,0.00555967053558,3.31583788221e-05,-0
2020-07-16,-0.0020003791844,0.000264766889121,-0
2020-07-17,0.00175808445668,0.000397535551169,-0
2020-07-20,0.00490387734725,0.000430158559301,-0
2020-07-21,0.00129444248695,0.000230345957636,-0
2020-07-22,0.00346563393784,0.000328383134727,-0
2020-07-23,-0.00727822143861,0.000458251911456,-0
2020-07-24,-0.00390819830627,-0.000131888876116,-0
2020-07-27,0.00441466797535,-0.000264634468243,-0
2020-07-28,-0.00385166022898,0.000263540765237,-0
2020-07-29,0.0074479264681,0.000463138821915,-0
2020-07-30,-0.00217004247973,0.000295015368314,-0
2020-07-31,0.00479829192913,0.000164373490489,-0
2020-08-03,0.00423370501568,0.000154013153287,-1.05753565208e-05
2020-08-04,0.0023174526834,0.000770486442141,-0
2020-08-05,0.00372949611633,-0.000768114551166,-0
2020-08-06,0.00402682638726,0.000566080487601,-0
2020-08-07,0.000433436308883,-0.000464050788,-0
2020-08-10,0.00180560002338,-0.000364528889899,-0
2020-08-11,-0.00499426877995,-0.00109240862509,-0
2020-08-12,0.00841724271368,-0.000799277546244,-0
2020-08-13,-0.0010982236659,-0.00145425350921,-0
2020-08-14,1.79887925628e-05,-0.000364486122943,-0
2020-08-17,0.00193200616716,0.000530431282979,-0
2020-08-18,0.00131495776793,0.000562113356002,-0
2020-08-19,-0.00253492448859,-0.000594165489207,-0
2020-08-20,0.00189368096972,0.00069532328389,-0
2020-08-21,0.00215853278419,0.000396145424005,-0
2020-08-24,0.0061719231255,-0.000164680368818,-0
2020-08-25,0.00214011667418,-0.000818394698685,-0
2020-08-26,0.00614507625329,-6.53863574064e-05,-0
2020-08-27,0.00134545983738,-0.00133248457861,-0
2020-08-28,0.00398333751767,0.000519863339601,-0
2020-08-31,-0.00223842075343,0.000841325426647,-0
2020-09-01,0.00580656587694,0.000795109297964,-1.83356945871e-05
2020-09-02,0.00867833113684,0.000810649062608,-0
2020-09-03,-0.0207503613851,0.000100309537025,-0
2020-09-04,-0.0048538206826,-0.00201590826403,-0
2020-09-08,-0.0162216539121,0.000447394323472,-0
2020-09-09,0.0115864610008,-3.50677066014e-05,-0
2020-09-10,-0.0102705556958,3.46672515443e-05,-0
2020-09-11,0.00029897319309,0.000488758523241,-0
2020-09-14,0.0077323892199,3.48381006739e-05,-0
2020-09-15,0.00298208090072,3.47602319295e-05,-0
2020-09-16,-0.00234708081143,-0.000207300528397,-0
2020-09-17,-0.00519426550249,0.00010401098177,-0
2020-09-18,-0.0067738290841,-0.000487059273946,-0
2020-09-21,-0.00652038801643,7.01944555327e-05,-0
2020-09-22,0.00593853533025,0.000317165183245,-0
2020-09-23,-0.0135754187291,-0.000875819614883,-0
2020-09-24,0.00154654280386,3.54081061756e-05,-0
2020-09-25,0.00938988950468,0.000142125541456,-0
2020-09-28,0.00971032621956,0.00035160395029,-0
2020-09-29,-0.00320439569388,6.95627594139e-05,-0
2020-09-30,0.00445083059403,-0.000663517370201,-0
2020-10-01,0.00378322837096,0.000564512260199,-9.54857952889e-06
2020-10-02,-0.00569657981377,-0.000406654771481,-0
2020-10-05,0.0106033579848,-0.00129573107795,-0
2020-10-06,-0.00857131645155,0.000337856951294,-0
2020-10-07,0.0104319867893,-0.000272516934528,-0
2020-10-08,0.00534947778147,0.000505745303677,-0
2020-10-09,0.0054063250398,0.000100677002761,-0
2020-10-12,0.0097726748063,0.000766845462407,-0
2020-10-13,-0.00398607753835,9.89603994951e-05,-0
2020-10-14,-0.00382788612582,0.000231930079731,-0
2020-10-15,-0.000750764149452,-0.000332472206426,-0
2020-10-16,-0.000367113081701,-0.000199656951449,-0
2020-10-19,-0.00923505972615,-0.000466181264194,-0
2020-10-20,0.0024197729634,-0.00033631467248,-0
2020-10-21,-0.00114561152614,-0.000469800108231,-0
2020-10-22,0.00331879353642,-0.000705794188351,-0
2020-10-23,0.00206021748794,0.000569964675991,-0
2020-10-26,-0.0112218052705,0.000534799436869,-0
2020-10-27,-0.0020770687089,0.000912563629526,-0
2020-10-28,-0.0205442208725,-0.000575094254412,-0
2020-10-29,0.00602758683852,-0.000725881091218,-0
2020-10-30,-0.00621259369393,-0.00110037622555,-0
2020-11-02,0.00665866580609,0.000735497166362,-3.71432358597e-06
2020-11-03,0.0105934699636,-0.000170508891936,-0
2020-11-04,0.0135053746081,0.00263413153716,-0
2020-11-05,0.0118575280761,0.000365706106853,-0
2020-11-06,-0.000139826964592,-0.000853723284512,-0
2020-11-09,0.00770079534658,-0.00180776538159,-0
2020-11-10,-0.000904996147168,-0.000620749192672,-0
2020-11-11,0.00458309529189,0.00022892679043,-0
2020-11-12,-0.00600044909824,0.00159594540727,-0
2020-11-13,0.0085178255924,6.53567454174e-05,-0
2020-11-16,0.00771982544669,-3.24892869837e-05,-0
2020-11-17,-0.00334203195475,0.000772528367342,-0
2020-11-18,-0.00745722825151,0.000258153151741,-0
2020-11-19,0.00259587258006,0.000715165638709,-0
2020-11-20,-0.00422625453001,0.00038864674413,-0
2020-11-23,0.00368846145864,-9.75508660045e-05,-0
2020-11-24,0.00993896459745,-0.000518380078654,-0
2020-11-25,-0.000957398226619,-0.000128392894484,-0
2020-11-27,0.00172832685713,0.000642632870402,-0
2020-11-30,-0.00274847860487,0.000512972376692,-0
2020-12-01,0.00677562705001,-0.00120387959866,-2.29265233652e-05
2020-12-02,0.0012621641043,-0.000441240246542,-0
2020-12-03,-0.000163832935256,0.000678476856677,-0
2020-12-04,0.00517338523233,-0.00108500457967,-0
2020-12-07,-0.00123921760863,0.000607814619696,-0
2020-12-08,0.00176194409947,3.3689404121e-05,-0
2020-12-09,-0.00540681196264,-0.000573140721202,-0
2020-12-10,-0.000196560160261,0.000983741916636,-0
2020-12-11,-0.000703777538672,0.000440637688845,-0
2020-12-14,-0.00268549365969,-0.000237283642212,-0
2020-12-15,0.00809612730249,0.000237979202423,-0
2020-12-16,0.000944850808513,-0.000168593378962,-0
2020-12-17,0.00336862655918,-1.68339508422e-05,-0
2020-12-18,-0.00241082783669,-0.000201731324159,-0
2020-12-21,-0.00215557844154,0,-0
2020-12-22,-0.00101481433896,0.000574343182264,-0
2020-12-23,0.000540350683261,-0.000270463539782,-0
2020-12-24,0.00234079796161,0.000371679141689,-0
2020-12-28,0.00517529455923,6.73840392697e-05,-0
2020-12-29,-0.00115325298014,6.70020282761e-05,-0
2020-12-30,0.000861661979313,0.00023489987174,-0
2020-12-31,0.00306944526893,0.000301705149468,-0
2021-01-04,-0.0082384599934,-0.000501111818741,-2.1481893905e-06
2021-01-05,0.0041324460428,-0.000406577296637,-0
2021-01-06,0.00359848928443,-0.00195816777526,-0
2021-01-07,0.00898130406698,-0.000404650700708,-0
2021-01-08,0.00346567431646,-0.000467610473703,-0
2021-01-11,-0.00411134951275,-0.000633086380896,-0
2021-01-12,0.000128633728444,0.000334727459915,-0
2021-01-13,0.00163880434386,0.00123819273867,-0
2021-01-14,-0.00213056211494,-0.000767522121549,-0
2021-01-15,-0.00443427133993,0.000401620842836,-0
2021-01-19,0.00475862870206,0.000537560492101,-0
2021-01-20,0.00840826059447,3.3538676922e-05,-0
2021-01-21,0.000556924263241,-0.000563510106675,-0
2021-01-22,-0.00216406581372,0,-0
2021-01-25,0.00240797520862,0.000996544717798,-0
2021-01-26,-0.000953460533107,-0.000132657336396,-0
2021-01-27,-0.0149234218673,3.32532966118e-05,-0
2021-01-28,0.00520034099168,-0.000269249557177,-0
2021-01-29,-0.0121496361722,-0.000435024808619,-0
2021-02-01,0.0100259016151,0.000380387578409,-6.10088491501e-06
2021-02-02,0.00848418218387,-0.000614255443686,-0
2021-02-03,0.000474573600534,-0.000473914071212,-0
2021-02-04,0.00686736689821,-0.000169369438925,-0
2021-02-05,0.00238913479393,-0.000504421366877,-0
2021-02-08,0.00439267163113,0.000402741287346,-0
2021-02-09,-0.000405934713142,0.000167002926583,-0
2021-02-10,-0.000265456555536,0.000367622060156,-0
2021-02-11,0.000983771327825,-0.000467726940157,-0
2021-02-12,0.00301227100599,-0.000901486145239,-0
2021-02-16,-0.000529570108089,-0.00183295353009,-0
2021-02-17,0.000140370079664,0.000768381098174,-0
2021-02-18,-0.00260463820517,-0.00020029432393,-0
2021-02-19,-0.00107917982935,-0.00120465863095,-0
2021-02-22,-0.00470324891225,-0.001207630017,-0
2021-02-23,0.00074125270988,0.000101134343566,-0
2021-02-24,0.00672821769479,-0.000134640180532,-0
2021-02-25,-0.0147770778499,-0.00355031265669,-0
2021-02-26,-0.00314132863192,0.00317287187589,-0
2021-03-01,0.014701591028,-0.000204920477888,-1.25079619555e-05
2021-03-02,-0.0046817976999,6.94929448386e-05,-0
2021-03-03,-0.00792197599677,-0.00146649498822,-0
2021-03-04,-0.0073723617008,-0.00116316870557,-0
2021-03-05,0.0109173452523,-0.000284365743374,-0
2021-03-08,-0.00297726435428,-0.00158294808839,-0
2021-03-09,0.00853421322131,0.00151963843933,-0
2021-03-10,0.00373632937688,0.000664582534219,-0
2021-03-11,0.00609704734322,-3.49664602284e-05,-0
2021-03-12,0.000813251272848,-0.00225049893823,-0
2021-03-15,0.00361073155224,0.000416250795583,-0
2021-03-16,-0.000765172345273,-0.00013825656243,-0
2021-03-17,0.00206782337967,-3.4508965529e-05,-0
2021-03-18,-0.00883529659289,-0.00151763439623,-0
2021-03-19,-0.00111871364583,0.000313604940338,-0
2021-03-22,0.00482310996431,0.000767373182307,-0
2021-03-23,-0.00476570507704,0.00100611025593,-0
2021-03-24,-0.00306502869552,0.000487428904438,-0
2021-03-25,0.0033836136206,-0.000209474227206,-0
2021-03-26,0.00971616257426,-0.000661146542103,-0
2021-03-29,-0.000306801410192,-0.000655370367369,-0
2021-03-30,-0.00161149004905,0.000310752446535,-0
2021-03-31,0.00245891509114,6.91774701027e-05,-0
2021-04-01,0.00656065738734,0.00131914595358,-9.35893171083e-06
2021-04-05,0.00861184973276,-0.000806852690949,-0
2021-04-06,-0.000356662239182,0.00139215416656,-0
2021-04-07,0.000697862931192,-0.000625849750982,-0
2021-04-08,0.0028650100154,0.000973568643897,-0
2021-04-09,0.00439197752319,-0.000450257482993,-0
2021-04-12,0.000220969103891,-0.00010357229841,-0
2021-04-13,0.00179695282364,0.001138253401,-0
2021-04-14,-0.00207068147331,-0.000309458942187,-0
2021-04-15,0.00650613175934,0.00155133055714,-0
2021-04-16,0.00202997062702,-0.00102598483556,-0
2021-04-19,-0.00299061789071,-0.000307533263806,-0
2021-04-20,-0.00444934136622,0.000617008463879,-0
2021-04-21,0.0057301269733,0.000378464450279,-0
2021-04-22,-0.00554945101066,0.00010261911847,-0
2021-04-23,0.00656352614549,-6.87145731744e-05,-0
2021-04-26,0.00126924204418,-0.000341603970103,-0
2021-04-27,-0.00013133931172,-0.000955902160234,-0
2021-04-28,-0.000174990244407,0.000205125604331,-0
2021-04-29,0.00388110149642,-0.000205119422984,-0
2021-04-30,-0.00401220545363,0.000408674521161,-0
2021-05-03,0.00131302826894,0.000249745721224,-9.19373755455e-06
2021-05-04,-0.00370165879049,0.000489597829222,-0
2021-05-05,0.000187135216698,0.000315567150181,-0
2021-05-06,0.00477623546598,7.03415516972e-05,-0
2021-05-07,0.00436672157683,-0.000104924339631,-0
2021-05-10,-0.0059590752818,-0.000625299523001,-0
2021-05-11,-0.00535283161713,-0.000874410998271,-0
2021-05-12,-0.0127076444785,-0.0014077989373,-0
2021-05-13,0.00713324972,0.000928216159648,-0
2021-05-14,0.00915390245285,0.000920825320073,-0
2021-05-17,-0.00152475514543,-0.000350760650169,-0
2021-05-18,-0.0051595283047,-0.000491752002363,-0
2021-05-19,-0.00156538522788,-0.00056519179668,-0
2021-05-20,0.00642001512085,0.00138064661589,-0
2021-05-21,-0.000489973827096,0.000175619569902,-0
2021-05-24,0.00609838042368,0.000386580108838,-0
2021-05-25,-0.00133211110892,0.000977566780517,-0
2021-05-26,0.00118933954091,-0.000139715496306,-0
2021-05-27,0.000314909851769,-0.00048847569125,-0
2021-05-28,0.00107386021952,0,-0
2021-06-01,-0.00052926224238,-0.000185008297562,-6.17361067612e-07
2021-06-02,0.000943536194867,0.000524769217931,-0
2021-06-03,-0.00222701749489,-0.00094326293388,-0
2021-06-04,0.00548512004025,0.00164726762153,-0
2021-06-07,-0.000583079166186,-0.000278422435672,-0
2021-06-08,0.000128158067654,0.000731319617848,-0
2021-06-09,-0.000895915803821,0.000800494277309,-0
2021-06-10,0.00278738835993,0.000835097307051,-0
2021-06-11,0.00099193260469,-0.000173328411744,-0
2021-06-14,0.0013450997927,-0.00100477732698,-0
2021-06-15,-0.00110396475631,0.000173253130613,-0
2021-06-16,-0.00335754908297,-0.00128287838712,-0
2021-06-17,-0.000199350228781,0.00125398942293,-0
2021-06-18,-0.00809349694367,0.00107862885994,-0
2021-06-21,0.00853281718077,-0.00105116959025,-0
2021-06-22,0.00320811999716,0.000417320219568,-0
2021-06-23,-0.000724529082491,-0.000207969093488,-0
2021-06-24,0.00355513529411,0.000138712675868,-0
2021-06-25,0.0021392735167,-0.000794772009346,-0
2021-06-28,0.00121684413458,0.00113893384585,-0
2021-06-29,0.000324634748841,0.000206476030816,-0
2021-06-30,0.000507890368916,0.00027523830224,-0
2021-07-01,0.0033409720942,-0.000220273566372,-4.90864677298e-06
2021-07-02,0.00458629962723,0.000868812200563,-0
2021-07-06,-0.00109531359619,0.00127880821566,-0
2021-07-07,0.00212062375642,0.000691045730664,-0
2021-07-08,-0.0048930602559,0.000447734984789,-0
2021-07-09,0.00638681343257,-0.00131525508197,-0
2021-07-12,0.00215482189651,-0.000240978533893,-0
2021-07-13,-0.00205430448249,-0.000859135679211,-0
2021-07-14,0.00089875339557,0.00134424384606,-0
2021-07-15,-0.00205565098079,0.000859997514621,-0
2021-07-16,-0.00471045656952,-0.000344379672858,-0
2021-07-19,-0.00884402934744,0.00211112904569,-0
2021-07-20,0.00851250676842,-0.000383345155456,-0
2021-07-21,0.00483905744104,-0.0013134229687,-0
2021-07-22,0.00125732021932,0.000930046182628,-0
2021-07-23,0.00617630820848,-0.000275040274758,-0
2021-07-26,0.00148005100571,-0.000341652125983,-0
2021-07-27,-0.00275159015218,0.000921553716374,-0
2021-07-28,-0.000246868856829,0.00037607205057,-0
2021-07-29,0.00249579597646,-0.000649604643547,-0
2021-07-30,-0.00292920936611,0.000546123202246,-0
2021-08-02,-0.00126220460208,0.000845892625017,-6.51622352634e-07
2021-08-03,0.00488117226648,0.000137470481181,-0
2021-08-04,-0.00296045124284,-3.42191238035e-05,-0
2021-08-05,0.00380412975422,-0.000890607095317,-0
2021-08-06,0.000995867903195,-0.00177597799723,-0
2021-08-09,-0.000491305327673,-0.000717777085443,-0
2021-08-10,0.000751812342319,-0.000513428892019,-0
2021-08-11,0.00150349003117,0.000376301247897,-0
2021-08-12,0.00181437836586,3.42487093986e-05,-0
2021-08-13,0.00110302139836,0.0014316683664,-0
2021-08-16,0.00142622092234,0.000203888573627,-0
2021-08-17,-0.0039732743896,-0.000305381094184,-0
2021-08-18,-0.00661897271838,3.40975525629e-05,-0
2021-08-19,0.00093227619861,0.000686254533944,-0
2021-08-20,0.00479054069779,3.42990328914e-05,-0
2021-08-23,0.00531239449098,0,-0
2021-08-24,0.00096203171234,-0.00057672750867,-0
2021-08-25,0.00127315587631,-0.000745720128364,-0
2021-08-26,-0.00358739041819,3.38006383058e-05,-0
2021-08-27,0.0054205317249,0.00108820988165,-0
2021-08-30,0.00267246013565,0.00043925218679,-0
2021-08-31,-0.000901372820273,-0.000572673977373,-0
2021-09-01,0.000323279431517,0.000125148108201,-8.55668766522e-06
2021-09-02,0.00184613833062,0.000413953659427,-0
2021-09-03,-0.000145904186562,-0.000688480772653,-0
2021-09-07,-0.00214824082154,-0.00106804100959,-0
2021-09-08,-0.000731658602124,0.000656601382882,-0
2021-09-09,-0.00256790028653,0.00127908844894,-0
2021-09-10,-0.00471611651975,-0.000796086196864,-0
2021-09-13,0.00152702177408,0.000522068466849,-0
2021-09-14,-0.00322178820019,0.000902993067777,-0
2021-09-15,0.00497128881792,-0.000382911380077,-0
2021-09-16,-0.00094692840034,-0.00069300846074,-0
2021-09-17,-0.00581974088822,-0.000347182920402,-0
2021-09-20,-0.00992609278942,0.00076844121848,-0
2021-09-21,-0.000558071040372,0.000176219418014,-0
2021-09-22,0.00575979957081,0.000141035743968,-0
2021-09-23,0.0072012952171,-0.00199827775984,-0
2021-09-24,0.000983089324856,-0.000697507641549,-0
2021-09-27,-0.00170970226069,-0.00055789708606,-0
2021-09-28,-0.0120358842087,-0.00167721165671,-0
2021-09-29,0.000998604210715,0.000283501709,-0
2021-09-30,-0.00725509633168,-7.07766998597e-05,-0
2021-10-01,0.00701959654288,0.0012494519976,-7.26978631288e-06
2021-10-04,-0.00773762315642,-0.000278255262187,-0
2021-10-05,0.0062123316537,-0.000946625196969,-0
2021-10-06,0.00249396063838,0.000174282728129,-0
2021-10-07,0.00519599265552,-0.00111319883636,-0
2021-10-08,-0.00110092230971,-0.000866028480472,-0
2021-10-11,-0.00437151288921,-0.000624956846162,-0
2021-10-12,-0.00148296843693,0.00146536685261,-0
2021-10-13,0.00216217655486,0.000907055126486,-0
2021-10-14,0.0101139538189,0.000765419786756,-0
2021-10-15,0.00460621027499,-0.000963570915069,-0
2021-10-18,0.00179797296617,-0.00027416572972,-0
2021-10-19,0.00469116795153,-0.00112977515505,-0
2021-10-20,0.0023983155008,-0.00027280782056,-0
2021-10-21,0.00159541225449,-0.000816932644295,-0
2021-10-22,-0.000634882448306,0.000748193337254,-0
2021-10-25,0.00328261655739,0.000374207309193,-0
2021-10-26,0.000551909259264,0.000711413088397,-0
2021-10-27,-0.00271549221133,0.00128596296922,-0
2021-10-28,0.00589645490902,-0.000304986127314,-0
2021-10-29,0.00124485015982,-0.000101147311425,-0
2021-11-01,0.00105642735945,-0.000236023523486,-1.46699782398e-05
2021-11-02,0.00242586494182,0.000804216551842,-0
2021-11-03,0.00366612767627,-0.00080162723056,-0
2021-11-04,0.00283894083258,0.00132091346271,-0
2021-11-05,0.00209131048597,0.00155740600652,-0
2021-11-08,0.000514411254835,-0.000724122471428,-0
2021-11-09,-0.00199397686176,0.00110367535438,-0
2021-11-10,-0.00484168053967,-0.00269276295577,-0
2021-11-11,0.000194566812276,-0.000730610632968,-0
2021-11-12,0.004543640229,-6.95537571963e-05,-0
2021-11-15,0.000206707472421,-0.00145543069354,-0
2021-11-16,0.00239387198015,-0.000138629883002,-0
2021-11-17,-0.00147183001907,0.000934695860517,-0
2021-11-18,0.002053846687,0.000346245217567,-0
2021-11-19,-0.00108242691255,0.000760064631446,-0
2021-11-22,-0.00170157718247,-0.00190099170763,-0
2021-11-23,0.000802132590994,-0.00156080754952,-0
2021-11-24,0.00161841022606,0.000902566401848,-0
2021-11-26,-0.0135217768032,0.00280477790126,-0
2021-11-29,0.00734987456412,0.000209805849585,-0
2021-11-30,-0.0117129708963,0.000660248327478,-0
2021-12-01,-0.00662940146498,7.71407637374e-05,-5.84626512592e-06
2021-12-02,0.00918995891697,-6.97604770264e-05,-0
2021-12-03,-0.00525291370484,0.00159079667126,-0
2021-12-06,0.00711352218921,-0.00138824236146,-0
2021-12-07,0.012499430199,-0.000621211621845,-0
2021-12-08,0.00161417101136,-0.00102320912299,-0
2021-12-09,-0.00412392188318,3.42529945519e-05,-0
2021-12-10,0.00573440192426,0.000102658913094,-0
2021-12-13,-0.00541540052969,0.00136080148206,-0
2021-12-14,-0.00418557753741,-0.000751592022829,-0
2021-12-15,0.00948730082267,-0.000308807383285,-0
2021-12-16,-0.00538871295093,0.000534643111996,-0
2021-12-17,-0.00647770614625,0.000479059514184,-0
2021-12-20,-0.0064415856756,-0.00058521025614,-0
2021-12-21,0.0107191665665,-0.000312157704775,-0
2021-12-22,0.00607904244004,0.00034330024453,-0
2021-12-23,0.00379637582333,-0.000477418855624,-0
2021-12-27,0.00865996555013,0.00020400086832,-0
2021-12-28,-0.000502749961941,-0.000168663084258,-0
2021-12-29,0.000786816312071,-0.00114596337462,-0
2021-12-30,-0.00170302499362,0.000842976199959,-0
2021-12-31,-0.00154964790668,-0.000135010442582,-0
2022-01-03,0.00355705369663,-0.00263664633627,-1.73555345797e-05
2022-01-04,-0.000200962573018,-3.5411779021e-05,-0
2022-01-05,-0.0115201531654,-0.0012360018528,-0
2022-01-06,-0.000559889135327,-0.000429251277183,-0
2022-01-07,-0.00235653815308,-0.00118144931957,-0
2022-01-10,-0.000741446125798,-0.000359377839277,-0
2022-01-11,0.00542598205318,0.000755338149911,-0
2022-01-12,0.00161526368218,0,-0
2022-01-13,-0.00824095076918,0.000714006080302,-0
2022-01-14,0.000243067792447,-0.00226567526143,-0
2022-01-18,-0.0105510890641,-0.00245051114174,-0
2022-01-19,-0.00615680365226,0.00087624081598,-0
2022-01-20,-0.00652889238239,0.000220173754385,-0
2022-01-21,-0.0115247081793,0.00162526666171,-0
2022-01-24,0.00246854924529,-0.000484894025562,-0
2022-01-25,-0.00711310693734,-0.000409641844214,-0
2022-01-26,-0.00145478100994,-0.00236335730497,-0
2022-01-27,-0.0028670023378,0.00139330464434,-0
2022-01-28,0.0143699977277,0.000301654901651,-0
2022-01-31,0.0105258680778,-3.71491459253e-05,-0
2022-02-01,0.0039782641979,-0.000143625107868,-9.56271447425e-06
2022-02-02,0.00582837387222,0.000429991273773,-0
2022-02-03,-0.0141514407557,-0.00160281324628,-0
2022-02-04,0.0028087161265,-0.0025331913013,-0
2022-02-07,-0.00192547980234,0.000361757033564,-0
2022-02-08,0.00492833367822,-0.0012320170281,-0
2022-02-09,0.00880620183831,0.000252637558337,-0
2022-02-10,-0.0108692576983,-0.00364938046985,-0
2022-02-11,-0.0118880999583,0.00261395801005,-0
2022-02-14,-0.00195037217133,-0.00234518840529,-0
2022-02-15,0.00963016470372,-0.00066266651859,-0
2022-02-16,0.000674009472447,0.00047439689636,-0
2022-02-17,-0.0128461301251,0.00083796597818,-0
2022-02-18,-0.00385692765662,0.000848117702745,-0
2022-02-22,-0.00637040639877,-0.000443812884442,-0
2022-02-23,-0.0104881450649,-0.0018249002121,-0
2022-02-24,0.00884896673333,0.000754193997162,-0
2022-02-25,0.0130440392904,0.000410683955492,-0
2022-02-28,-0.0015254493436,0.00291136775798,-0
2022-03-01,-0.00904459621769,0.0022886548574,-1.11306123668e-05
2022-03-02,0.0110377992186,-0.00480044480644,-0
2022-03-03,-0.00302317480802,0.0013272697881,-0
2022-03-04,-0.00491757198015,0.00158091993298,-0
2022-03-07,-0.0177566714759,-0.00230722121645,-0
2022-03-08,-0.00452279795182,-0.00143504296107,-0
2022-03-09,0.0159679354519,-0.000851029471925,-0
2022-03-10,-0.00272036217017,-0.00222406979563,-0
2022-03-11,-0.00766336523595,-7.33240006384e-05,-0
2022-03-14,-0.00438270052014,-0.00387726394415,-0
2022-03-15,0.0131999006192,0.000893601560176,-0
2022-03-16,0.0134139666334,0.000293574394426,-0
2022-03-17,0.00763132850945,0.000652176930239,-0
2022-03-18,0.00670907069626,0.00086209356745,-0
2022-03-21,-0.000179709343203,-0.00377919444255,-0
2022-03-22,0.00721806975425,-0.00103794739976,-0
2022-03-23,-0.00798780936592,0.00156516369839,-0
2022-03-24,0.00928908389413,-0.000859194819098,-0
2022-03-25,0.00302920973368,-0.00301810868068,-0
2022-03-28,0.00443344027547,0.000923180416427,-0
2022-03-29,0.00772414084831,0.00176588290772,-0
2022-03-30,-0.00386639608486,0.00101449986696,-0
2022-03-31,-0.0096053471228,-0.000175503777988,-0
2022-04-01,0.00175862423815,-0.000674179439567,-2.1654099341e-05
2022-04-04,0.00513999368789,0.000337279265543,-0
2022-04-05,-0.0076021173945,-0.00402483788607,-0
2022-04-06,-0.0060119211695,-0.00101806307444,-0
2022-04-07,0.00302051914715,-0.000873216846509,-0
2022-04-08,-0.0016074773008,-0.00200817344155,-0
2022-04-11,-0.0102849468372,-0.00171144635665,-0
2022-04-12,-0.00221811610876,0.00127029051598,-0
2022-04-13,0.0068375674254,0.000809017959625,-0
2022-04-14,-0.00746147033691,-0.0032498672727,-0
2022-04-18,0.000245978819368,-0.00123660348821,-0
2022-04-19,0.0096696730289,-0.00243747462494,-0
2022-04-20,-0.000448152440219,0.00226617094037,-0
2022-04-21,-0.00901356354159,-0.00218527994217,-0
2022-04-22,-0.0164767252866,-0.000387756079352,-0
2022-04-25,0.00344392393891,0.00272104611256,-0
2022-04-26,-0.01719711862,0.00125446897191,-0
2022-04-27,0.00164755122125,-0.00167292082564,-0
2022-04-28,0.014842852614,-0.000159255353383,-0
2022-04-29,-0.0219421125995,-0.00243403289724,-0
2022-05-02,0.00352787935682,-0.00225314437456,-1.11526807418e-05
2022-05-03,0.00275046728336,0.000900795440371,-0
2022-05-04,0.0182886907466,0.00257560689117,-0
2022-05-05,-0.0215459576692,-0.00389895738632,-0
2022-05-06,-0.00358083750851,-0.00168678004458,-0
2022-05-09,-0.0191941299236,0.00197168018923,-0
2022-05-10,0.00136426820035,0.0012437440049,-0
2022-05-11,-0.009377467308,0.00152061787026,-0
2022-05-12,-0.00061128223801,0.000766527506289,-0
2022-05-13,0.0139815992159,-0.00177461010142,-0
2022-05-16,-0.0024002782709,0.000916535512409,-0
2022-05-17,0.0121374905606,-0.00223452678838,-0
2022-05-18,-0.0240370388036,0.00161987194777,-0
2022-05-19,-0.00358527016031,0.00105082589017,-0
2022-05-20,0.00025475461947,0.0012560732369,-0
2022-05-23,0.0109010376842,-0.00137564234223,-0
2022-05-24,-0.00448812305553,0.00316614531331,-0
2022-05-25,0.00516155363605,0.00172557592588,-0
2022-05-26,0.0116961374223,-0.000318802670794,-0
2022-05-27,0.0144922096776,0.000669891788529,-0
2022-05-31,-0.00334311109596,-0.00256197950905,-0
2022-06-01,-0.00482058253294,-0.00165878536914,-4.96685693787e-06
2022-06-02,0.0114262796264,0.000505583900991,-0
2022-06-03,-0.00991621323694,-0.000653268345384,-0
2022-06-06,0.00182898058381,-0.002446843738,-0
2022-06-07,0.00578254824193,0.00151560811078,-0
2022-06-08,-0.00656915753402,-0.00162038876739,-0
2022-06-09,-0.0143313212156,-0.000427987316988,-0
2022-06-10,-0.0173124640044,-0.00311919504101,-0
2022-06-13,-0.0224714893982,-0.0066909241708,-0
2022-06-14,-0.00176727270508,-0.00244974761302,-0
2022-06-15,0.00837116914912,0.00458640419409,-0
2022-06-16,-0.019458550044,0.00098793949062,-0
2022-06-17,0.00124862658736,-4.19527645758e-05,-0
2022-06-21,0.0145939732014,-0.00167538040977,-0
2022-06-22,-0.00106389676316,0.00351464409665,-0
2022-06-23,0.00572722997668,0.00173268594946,-0
2022-06-24,0.0186187733661,-0.000655231772583,-0
2022-06-27,-0.00226711796617,-0.00180986357511,-0
2022-06-28,-0.0121315231194,0.000161540127329,-0
2022-06-29,-0.000479221703625,0.00237067284616,-0
2022-06-30,-0.00476942115492,0.00187666801157,-0
2022-07-01,0.00617625991466,0.00346793791128,-1.56452102701e-05
2022-07-05,0.00113315344513,0.000742481726349,-0
2022-07-06,0.00202646831938,-0.00269169938392,-0
2022-07-07,0.00902277481696,-0.000897761088868,-0
2022-07-08,-0.000499006192097,-0.00147159451329,-0
2022-07-11,-0.00693660017285,0.00182358884456,-0
2022-07-12,-0.00533943268376,0.000545986848493,-0
2022-07-13,-0.0031557790087,0.00144980601125,-0
2022-07-14,-0.00145412478235,-0.00141301476787,-0
2022-07-15,0.0114448239692,0.00157460457864,-0
2022-07-18,-0.00497592587812,-0.00128248003878,-0
2022-07-19,0.0162501142987,-0.000547407993778,-0
2022-07-20,0.00387577409495,-0.000269472548601,-0
2022-07-21,0.00620990519209,0.00326076862879,-0
2022-07-22,-0.00566187407029,0.00304029328125,-0
2022-07-25,0.00073636454589,-0.00144777284337,-0
2022-07-26,-0.00718529734196,-7.63222905595e-05,-0
2022-07-27,0.0156976693173,0.00138265695579,-0
2022-07-28,0.00764868661768,0.00279449764147,-0
2022-07-29,0.00890887910003,3.72548347066e-05,-0
2022-08-01,-0.0018197285104,0.00133621984306,-1.29727917708e-05
2022-08-02,-0.00395828149346,-0.00410618841997,-0
2022-08-03,0.0094094406135,0.00177955695448,-0
2022-08-04,-0.000407767064587,0.000956623455282,-0
2022-08-05,-0.00101876450719,-0.00443575318734,-0
2022-08-08,-0.000702470725849,0.00180703885264,-0
2022-08-09,-0.00239726750701,-0.000883416931993,-0
2022-08-10,0.0126716215937,0.00100177937218,-0
2022-08-11,0,-0.00209059853094,-0
2022-08-12,0.0103086707107,0.00175233424139,-0
2022-08-15,0.00252125618187,0.000489183982406,-0
2022-08-16,0.00119996029755,-0.000562884475157,-0
2022-08-17,-0.00435351890043,-0.00228751533976,-0
2022-08-18,0.00178171926139,0.000830583009834,-0
2022-08-19,-0.00824086559356,-0.00271120135355,-0
2022-08-22,-0.0127372774117,-0.00167494848916,-0
2022-08-23,-0.00147018168799,-0.000154615989682,-0
2022-08-24,0.0019437239624,-0.00104468800371,-0
2022-08-25,0.00859264507242,0.00216469229075,-0
2022-08-26,-0.0206704773195,-0.000726545411933,-0
2022-08-29,-0.00398645559379,-0.00191505916865,-0
2022-08-30,-0.006613768923,0.000510976575439,-0
2022-08-31,-0.00456159658365,-0.00213589863952,-0
2022-09-01,0.00187938171707,-0.00173989776186,-7.54377593516e-07
2022-09-02,-0.00632666624168,0.0011593221549,-0
2022-09-06,-0.00225168226796,-0.00377695897283,-0
2022-09-07,0.0107451088569,0.00278928537204,-0
2022-09-08,0.00392638056432,-0.00127633159147,-0
2022-09-09,0.00936866655125,-3.96711379537e-05,-0
2022-09-12,0.00652131629345,-0.000591030465641,-0
2022-09-13,-0.0265099022998,-0.0021943092471,-0
2022-09-14,0.00229105238848,0.000524419036716,-0
2022-09-15,-0.0068233842974,-0.00120660036877,-0
2022-09-16,-0.00456941043813,-0.000283827514555,-0
2022-09-19,0.00463207832045,-0.00061120398567,-0
2022-09-20,-0.00688165732979,-0.00178572328262,-0
2022-09-21,-0.0104284711598,0.00126923836048,-0
2022-09-22,-0.00497963477043,-0.00433824979524,-0
2022-09-23,-0.00994198870772,-0.00125113175041,-0
2022-09-26,-0.00583703028982,-0.00527216541559,-0
2022-09-27,-0.00150809678674,-0.00174868571019,-0
2022-09-28,0.0116323096305,0.00658982728724,-0
2022-09-29,-0.0123668362523,-0.00214334050016,-0
2022-09-30,-0.00909552534633,-0.000980864744441,-0
2022-10-03,0.0154445248669,0.00337176565599,-1.08482646042e-05
2022-10-04,0.0185920403693,0.00107310056057,-0
2022-10-05,-0.00141253196847,-0.00206452766787,-0
2022-10-06,-0.0062653517079,-0.00154340605908,-0
2022-10-07,-0.0168988922452,-0.00208800005177,-0
2022-10-10,-0.00458378152523,-0.00179444742255,-0
2022-10-11,-0.00379694731273,0.000251997881238,-0
2022-10-12,-0.00197197354316,0.000337155320483,-0
2022-10-13,0.0157523876816,-0.00126657970759,-0
2022-10-14,-0.0137620126671,-0.00216406650683,-0
2022-10-17,0.015410097388,0.00084577490852,-0
2022-10-18,0.0071117774909,0.000665796818755,-0
2022-10-19,-0.00430620078741,-0.00338583837522,-0
2022-10-20,-0.00509838587302,-0.00237189525301,-0
2022-10-21,0.0147618701097,0.000586830899627,-0
2022-10-24,0.00749869974629,-0.000536651090593,-0
2022-10-25,0.00983702011286,0.00377254895615,-0
2022-10-26,-0.004651955166,0.00169905795805,-0
2022-10-27,-0.00328201773999,0.00194764388424,-0
2022-10-28,0.0145634355785,-0.000975087277392,-0
2022-10-31,-0.00446628963831,-0.0012827575012,-0
2022-11-01,-0.00270158905903,0.000711207334096,-1.5889438142e-05
2022-11-02,-0.0150576610915,-0.000674649731079,-0
2022-11-03,-0.00611939687539,-0.00149945342607,-0
2022-11-04,0.00853060408808,-4.32800878433e-05,-0
2022-11-07,0.00570257979063,-0.0012840843465,-0
2022-11-08,0.00323302153278,0.00170469331794,-0
2022-11-09,-0.0123506071276,0.000466493813737,-0
2022-11-10,0.032653596449,0.00871252966916,-0
2022-11-11,0.00582607336931,-0.00028832788678,-0
2022-11-14,-0.00514184784811,-0.00110684235102,-0
2022-11-15,0.00514356789065,0.00292845015921,-0
2022-11-16,-0.00460269371423,0.00245490856037,-0
2022-11-17,-0.00183596914553,-0.0016810671973,-0
2022-11-18,0.00272554828436,-0.000576084265123,-0
2022-11-21,-0.0021878733473,-0.000246405009833,-0
2022-11-22,0.00808771489982,0.0020581080136,-0
2022-11-23,0.00379952316882,0.00236315955694,-0
2022-11-25,-0.000134819672095,8.11280427729e-05,-0
2022-11-28,-0.00962136206165,-0.000648096724282,-0
2022-11-29,-0.00102960286968,-0.00143220793108,-0
2022-11-30,0.0188983068188,0.00311754513973,-0
2022-12-01,-0.000445687439448,0.00328270456884,-3.35162034367e-06
2022-12-02,-0.000692203526394,0.00165854437482,-0
2022-12-05,-0.0107706783461,-0.00315219186062,-0
2022-12-06,-0.00859501799937,0.00118851355867,-0
2022-12-07,-0.00100708153775,0.00363355498783,-0
2022-12-08,0.00461792392486,-0.00123540125158,-0
2022-12-09,-0.00442305748816,-0.00242167220125,-0
2022-12-12,0.00853111696494,8.27449196062e-05,-0
2022-12-13,0.00450526630522,0.00270420391927,-0
2022-12-14,-0.00380654040399,0.00089499682902,-0
2022-12-15,-0.014512438956,0.000596973702107,-0
2022-12-16,-0.00692938956041,-0.00107821321374,-0
2022-12-19,-0.00495793851322,-0.00254995995019,-0
2022-12-20,0.000799296580455,-0.00282204497109,-0
2022-12-21,0.0087635151806,0.00113947802907,-0
2022-12-22,-0.00840311003928,-0.000125338680174,-0
2022-12-23,0.00336859096126,-0.00143305633903,-0
2022-12-27,-0.00231814645226,-0.00298693284359,-0
2022-12-28,-0.00731567007159,-0.00071897664179,-0
2022-12-29,0.0105490410104,0.00153492365568,-0
2022-12-30,-0.0015527872581,-0.00193797256444,-0
2023-01-03,-0.00248376461668,0.00240969047043,-1.24598199217e-05
2023-01-04,0.00463218086123,0.00221409087264,-0
2023-01-05,-0.00685401181359,-0.000325718311519,-0
2023-01-06,0.0137124489382,0.00438858444046,-0
2023-01-09,-0.000340537763145,0.00100721019031,-0
2023-01-10,0.00420812355761,-0.00152984498356,-0
2023-01-11,0.00762210216902,0.00244925606714,-0
2023-01-12,0.00219982858826,0.00286219588543,-0
2023-01-13,0.00234066652882,-0.00146346578378,-0
2023-01-17,-0.00110859868693,-0.000711355740762,-0
2023-01-18,-0.00955395041687,0.00391953801835,-0
2023-01-19,-0.00436020518827,-0.000915878254759,-0
2023-01-20,0.011135365016,-0.00164098289795,-0
2023-01-23,0.00723728272357,-0.000991212328954,-0
2023-01-24,-0.000651199524762,0.00173366757098,-0
2023-01-25,0.000227010403788,0.000472357332758,-0
2023-01-26,0.00665027199846,-0.00066856449703,-0
2023-01-27,0.0013972428257,-0.00058665405506,-0
2023-01-30,-0.00764124210012,-0.00105457435824,-0
2023-01-31,0.00891976202821,0.00161554055682,-0
2023-02-01,0.00647402544763,0.00275619640681,-1.00946039306e-05
2023-02-02,0.00873419386686,0.000437089094971,-0
2023-02-03,-0.00641150116314,-0.00381873700129,-0
2023-02-06,-0.00368488743198,-0.00218779389185,-0
2023-02-07,0.00788392556842,-0.000680078866833,-0
2023-02-08,-0.00663002548673,0.000556122498375,-0
2023-02-09,-0.00523070696248,-0.00155877785627,-0
2023-02-10,0.00140546944071,-0.00173030905215,-0
2023-02-13,0.00708834116658,0.00120755681404,-0
2023-02-14,-0.000278975043462,-0.00139724830906,-0
2023-02-15,0.00196993288326,-0.000759757815532,-0
2023-02-16,-0.00836941222442,-0.00163766477298,-0
2023-02-17,-0.00151280075292,0.00092804943118,-0
2023-02-21,-0.012124633892,-0.00371398158828,-0
2023-02-22,-0.000829307058374,0.001066506992,-0
2023-02-23,0.00319590245729,0.00143529239759,-0
2023-02-24,-0.0064225474613,-0.00228572449195,-0
2023-02-27,0.00204359114351,0.000782193982034,-0
2023-02-28,-0.00221894973542,-4.10577666921e-05,-0
2023-03-01,-0.00229973334021,-0.00229379559177,-2.14106369359e-08
2023-03-02,0.00466632894156,-0.000828647903144,-0
2023-03-03,0.00966056997849,0.00313748624455,-0
2023-03-06,0.000418502357092,-0.000978222211846,-0
2023-03-07,-0.00927447539822,-0.00053029898517,-0
2023-03-08,0.000981925733531,-0.00041189794551,-0
2023-03-09,-0.0111123613965,0.00144073176708,-0
2023-03-10,-0.00861387871116,0.00469712709271,-0
2023-03-13,-0.000841812451783,0.00325503794984,-0
2023-03-14,0.00972642033883,-0.00241461102434,-0
2023-03-15,-0.00371372797558,0.00405010621298,-0
2023-03-16,0.0103493586958,-0.00161114749248,-0
2023-03-17,-0.00695734908071,0.00253932819231,-0
2023-03-20,0.0056796662498,-0.00164556482455,-0
2023-03-21,0.00779897650816,-0.00122917911535,-0
2023-03-22,-0.0101909162504,0.00386716078909,-0
2023-03-23,0.00159877024272,0.000983113668752,-0
2023-03-24,0.00388109913886,0.00069457292231,-0
2023-03-27,0.00110813716151,-0.00439266176632,-0
2023-03-28,-0.00133719223453,-0.00061213598161,-0
2023-03-29,0.00865575535673,0.000490622472285,-0
2023-03-30,0.00350538740616,0.000445761175935,-0
2023-03-31,0.00845437143018,0.00193704933192,-0
2023-04-03,0.0022940701197,0.00172983088335,-1.90294896942e-06
2023-04-04,-0.00332894106456,0.00148260487822,-0
2023-04-05,-0.00156516622977,0.00136506003331,-0
2023-04-06,0.00232618566545,-0.000361388116608,-0
2023-04-10,0.000613356679377,-0.00276532533448,-0
2023-04-11,0.000160910850861,0.00024108796672,-0
2023-04-12,-0.00244267086344,0.00048177268043,-0
2023-04-13,0.00794342858178,-0.000160929737723,-0
2023-04-14,-0.00146883206937,-0.0019558182863,-0
2023-04-17,0.00215984198174,-0.0020026330624,-0
2023-04-18,0.000393850171778,0.000560702057564,-0
2023-04-19,-0.00010207387551,-0.000600146992247,-0
2023-04-20,-0.00329650877587,0.00180156689395,-0
2023-04-21,0.000467444237294,-0.000681672900622,-0
2023-04-24,0.000628313724767,0.00156405392183,-0
2023-04-25,-0.00954982147127,0.00248092599818,-0
2023-04-26,-0.00252556344691,-0.00149095109357,-0
2023-04-27,0.011867920518,-0.0014567039798,-0
2023-04-28,0.00513597108012,0.00204229271096,-0
2023-05-01,-0.000608353737956,-0.00406982535133,-4.75080364902e-06
2023-05-02,-0.00674351283924,0.00389116859272,-0
2023-05-03,-0.00408382517926,0.00178840691016,-0
2023-05-04,-0.00419467697138,-0.00048892733638,-0
2023-05-05,0.0109372426584,-0.00130972840999,-0
2023-05-08,0.000158831433445,-0.00222987831807,-0
2023-05-09,-0.002619883372,-0.00036556826892,-0
2023-05-10,0.00278736598182,0.00260785999376,-0
2023-05-11,-0.00103953226825,0.00121581511956,-0
2023-05-12,-0.000779638328882,-0.00226913561143,-0
2023-05-15,0.00205639203046,-0.00101616907209,-0
2023-05-16,-0.00399268669241,-0.000933987211668,-0
2023-05-17,0.00723973909592,-0.000611934729729,-0
2023-05-18,0.00577674647254,-0.00186461676901,-0
2023-05-19,-0.000877514442362,-0.00088833769963,-0
2023-05-22,0.000244915031893,-0.000364119141746,-0
2023-05-23,-0.00677395749442,0.000445025168851,-0
2023-05-24,-0.00435136561247,-0.00101778576105,-0
2023-05-25,0.00519152047552,-0.00147345062222,-0
2023-05-26,0.00780201061577,0.00032609083674,-0
2023-05-30,0.000230548465335,0.00262931518113,-0
2023-05-31,-0.00334832887126,0.00141183113875,-0
2023-06-01,0.00571625070636,0.00120738996303,-3.20093986093e-06
2023-06-02,0.0086766473147,-0.00210931569387,-0
2023-06-05,-0.00115887200135,-4.01710230631e-05,-0
2023-06-06,0.00131584282766,0.000484097298795,-0
2023-06-07,-0.00209020416703,-0.00209440410994,-0
2023-06-08,0.00365901175702,0.00210320519983,-0
2023-06-09,0.0010857290554,-0.000924801675503,-0
2023-06-12,0.00549845843352,0.000683383113663,-0
2023-06-13,0.00400746528582,-0.0018381859042,-0
2023-06-14,0.000727073127848,0.000358885337181,-0
2023-06-15,0.00756982894986,0.00270846814489,-0
2023-06-16,-0.00208406959174,-0.0012221849058,-0
2023-06-20,-0.00317433991898,0.000712051792763,-0
2023-06-21,-0.00312611212464,0.000634447681359,-0
2023-06-22,0.0021966369204,-0.00202728252535,-0
2023-06-23,-0.00461632766374,0.00115251261138,-0
2023-06-26,-0.00248450693744,0.000478592732078,-0
2023-06-27,0.00665294664368,-0.000759341012822,-0
2023-06-28,0.000307676950561,0.00115222525617,-0
2023-06-29,0.00240156058553,-0.00301509740682,-0
2023-06-30,0.00722316905971,0.00091304646023,-0
2023-07-03,0.000706691081997,-0.000454031323845,-1.48773137917e-05
2023-07-05,-0.000892327056356,-0.00180370359954,-0
2023-07-06,-0.0047040539912,-0.0025893862162,-0
2023-07-07,-0.00151580512249,8.28316397585e-05,-0
2023-07-10,0.00151798034808,0.00111954554303,-0
2023-07-11,0.00381909911712,0.000868332206697,-0
2023-07-12,0.00483307127658,0.00325193300509,-0
2023-07-13,0.00476736677516,0.00249064387428,-0
2023-07-14,-0.000374307078477,-0.00190522604579,-0
2023-07-17,0.00209058495924,0.000447054053642,-0
2023-07-18,0.00447769044231,0.00032413236084,-0
2023-07-19,0.00134365937085,0.00120995742417,-0
2023-07-20,-0.00400718492878,-0.00205164325753,-0
2023-07-21,0,0.000283200945817,-0
2023-07-24,0.0026958803181,-0.000728284254214,-0
2023-07-25,0.00165174337725,-0.000444393869838,-0
2023-07-26,9.30282436429e-05,0.00129101749952,-0
2023-07-27,-0.00401232055383,-0.00338374595204,-0
2023-07-28,0.00592939824782,0.00154207633151,-0
2023-07-31,0.00115586456571,0.000483317978481,-0
2023-08-01,-0.0017375300348,-0.00260071066396,-8.05249868362e-06
2023-08-02,-0.00834642108807,-0.000950764224241,-0
2023-08-03,-0.00171159348623,-0.00271214531578,-0
2023-08-04,-0.00270518307289,0.0033109209269,-0
2023-08-07,0.00519410271146,8.35970974421e-05,-0
2023-08-08,-0.0025966271768,0.000958381375651,-0
2023-08-09,-0.00398106120903,0.000292052162929,-0
2023-08-10,0.000213130293186,-0.00263877863834,-0
2023-08-11,-0.00034724775862,-0.00125966138692,-0
2023-08-14,0.00328989420608,-0.000294319247281,-0
2023-08-15,-0.00696004211617,-0.00109017861512,-0
2023-08-16,-0.00436832494545,-0.000972344058999,-0
2023-08-17,-0.00452712822728,-0.000424881912372,-0
2023-08-18,0.000285240430422,0.000896964465125,-0
2023-08-21,0.0038524017368,-0.00204764721848,-0
2023-08-22,-0.00161131605609,0.000425797174199,-0
2023-08-23,0.00661546834226,0.00387950744362,-0
2023-08-24,-0.00823712904571,-0.000928030579665,-0
2023-08-25,0.00417024779443,-0.000255547013626,-0
2023-08-28,0.00376287564742,0.000890616541798,-0
2023-08-29,0.00859156147227,0.00261732393601,-0
2023-08-30,0.00245602060704,-0.00016687426537,-0
2023-08-31,-0.000874161439728,0.000583227901038,-0
2023-09-01,0.00111293113171,-0.00208897807979,-1.62495350583e-06
2023-09-05,-0.00259321112013,-0.00216567158843,-0
2023-09-06,-0.00403528545818,-0.000376788623953,-0
2023-09-07,-0.00183859100823,0.0012611191118,-0
2023-09-08,0.00089974145029,0.00021022372686,-0
2023-09-11,0.0039302526753,-0.00046210202977,-0
2023-09-12,-0.0032884195149,0.00012556611698,-0
2023-09-13,0.000697397867018,0.00058803873953,-0
2023-09-14,0.00515608377705,-0.000545265539921,-0
2023-09-15,-0.00723367307043,-0.000918618422556,-0
2023-09-18,0.000350803971772,0.000589321029132,-0
2023-09-19,-0.00123977309748,-0.00117749892737,-0
2023-09-20,-0.00549781665834,-0.000210796557924,-0
2023-09-21,-0.0098496492283,-0.00275605230136,-0
2023-09-22,-0.00133461866289,0.00171770749095,-0
2023-09-25,0.00248942307207,-0.00321943135667,-0
2023-09-26,-0.00874016509336,-0.00051552809886,-0
2023-09-27,0.00023624960874,-0.00143080710793,-0
2023-09-28,0.00343552619078,0.00121550171775,-0
2023-09-29,-0.00143978526519,-0.000388814070674,-0
2023-10-02,-0.000235824553532,-0.00283447960173,-5.47310930246e-06
2023-10-03,-0.00803169572906,-0.00313536244873,-0
2023-10-04,0.00435938298341,0.00282325937349,-0
2023-10-05,-0.000225656462668,0.000258756296109,-0
2023-10-06,0.0071055788506,-0.00155256022261,-0
2023-10-09,0.00385557689084,0.00411721150296,-0
2023-10-10,0.00312964319388,-0.000382834215208,-0
2023-10-11,0.00246906220922,0.00182436889725,-0
2023-10-12,-0.00367399253163,-0.00342213976039,-0
2023-10-13,-0.0030047033597,0.00170209889304,-0
2023-10-16,0.00632370918153,-0.00221563651438,-0
2023-10-17,-2.76985263826e-05,-0.00284304023028,-0
2023-10-18,-0.00808286041066,-0.00182973267898,-0
2023-10-19,-0.00531128209783,-0.00150432906543,-0
2023-10-20,-0.00741334816415,0.00142807643985,-0
2023-10-23,-0.00103898283461,0.00156733977771,-0
2023-10-24,0.00450934940762,0.00143580490817,-0
2023-10-25,-0.00859774665084,-0.00298457325974,-0
2023-10-26,-0.00715334172326,0.00271328746679,-0
2023-10-27,-0.00268740680781,-0.000131893051222,-0
2023-10-30,0.00707590969329,-0.000969711292714,-0
2023-10-31,0.00373855872395,-0.000262963923655,-0
2023-11-01,0.00636629832429,0.00445389407302,-3.17880440258e-06
2023-11-02,0.0114986777049,0.0024072654929,-0
2023-11-03,0.00550243590622,0.00241676746023,-0
2023-11-06,0.00138904316086,-0.00197705111103,-0
2023-11-07,0.00172355885696,0.00210437401971,-0
2023-11-08,0.000443103144974,0.00134174087115,-0
2023-11-09,-0.0047132890188,-0.00330647426639,-0
2023-11-10,0.0094328602418,0.000928279194461,-0
2023-11-13,-0.00057917137287,-4.16289643048e-05,-0
2023-11-14,0.0117844112885,0.00493056877722,-0
2023-11-15,0.00128929373965,-0.00242487743248,-0
2023-11-16,0.0007474108087,0.00213960505438,-0
2023-11-17,0.000758678444198,0.000779487856514,-0
2023-11-20,0.0046941336672,0.000614528364156,-0
2023-11-21,-0.00133223128794,0.000407556956039,-0
2023-11-22,0.0023569931016,0.000367032836178,-0
2023-11-24,0.0003762083177,-0.00178963151957,-0
2023-11-27,-0.00110302354533,0.00219935781031,-0
2023-11-28,0.000604650747271,0.00170908168485,-0
2023-11-29,-0.000429035991422,0.00190785007286,-0
2023-11-30,0.00239598712367,-0.00129723651301,-0
2023-12-01,0.00361021842241,0.00342731376445,-9.63578129487e-06
2023-12-04,-0.00314965384204,-0.0015285935858,-0
2023-12-05,-0.000118127021776,0.00265621128587,-0
2023-12-06,-0.00240989892727,0.0010351181265,-0
2023-12-07,0.00455090138961,0.000124258167482,-0
2023-12-08,0.00257168373952,-0.00202182645553,-0
2023-12-11,0.00233547601389,4.11688945915e-05,-0
2023-12-12,0.0027464344564,0.00119320304612,-0
2023-12-13,0.00829759874673,0.00499968299777,-0
2023-12-14,0.00193205952685,0.00321237581961,-0
2023-12-15,-0.000989302391007,-0.000928215377391,-0
2023-12-18,0.00338078532147,-0.000808649742357,-0
2023-12-19,0.00366573095278,0.000484047734311,-0
2023-12-20,-0.00836980364761,0.00144569900664,-0
2023-12-21,0.0056871709989,-4.05622258638e-05,-0
2023-12-22,0.0012098210611,-0.000522710199243,-0
2023-12-26,0.00254562286922,0.000803680317827,-0
2023-12-27,0.00109101184091,0.00252316942216,-0
2023-12-28,0.000227463208927,-0.000877897218652,-0
2023-12-29,-0.00174539166597,-0.000758714398046,-0
2024-01-02,-0.00337282727198,-0.00188153853275,-2.46280349429e-06
2024-01-03,-0.00490001346934,0.000202469669497,-0
2024-01-04,-0.00192594804962,-0.0016274712002,-0
2024-01-05,0.000819227151107,-0.000938947702601,-0
2024-01-08,0.00855127349657,0.00151083370214,-0
2024-01-09,-0.000912458775931,-8.07604100934e-05,-0
2024-01-10,0.00339989319147,-0.000768948246642,-0
2024-01-11,-0.000265825641066,0.00226037444236,-0
2024-01-12,0.000416809208581,0.000724930536642,-0
2024-01-16,-0.00220736851404,-0.00297740610336,-0
2024-01-17,-0.00334727044387,-0.00109227987443,-0
2024-01-18,0.00534896998039,-0.000365406629919,-0
2024-01-19,0.00752757979419,8.08902863183e-05,-0
2024-01-22,0.00128291781543,0.000722140839112,-0
2024-01-23,0.0017697289273,-0.000961052319679,-0
2024-01-24,0.000664717870292,-0.000880017965697,-0
2024-01-25,0.00331173292726,0.00176055077815,-0
2024-01-26,-0.00077384795479,-0.000437899565053,-0
2024-01-29,0.00482358246252,0.00155465185033,-0
2024-01-30,-0.000471834450274,0.000752416725433,-0
2024-01-31,-0.00994322360271,0.0017820066508,-0
2024-02-01,0.00790974502654,0.00225434932944,-6.16678797386e-06
2024-02-02,0.00631644700629,-0.00366298775658,-0
2024-02-05,-0.00220182936229,-0.00325202600798,-0
2024-02-06,0.00175885814519,0.00205883954473,-0
2024-02-07,0.0050481725881,-0.00080437812677,-0
2024-02-08,0.000268401640065,-0.00120128206011,-0
2024-02-09,0.00351718923622,-0.000120152203245,-0
2024-02-12,-0.000267742728534,7.97626869067e-05,-0
2024-02-13,-0.00839968638845,-0.00359564104359,-0
2024-02-14,0.00553217794582,0.00173885020974,-0
2024-02-15,0.00420794703971,0.00092327166661,-0
2024-02-16,-0.00304235200548,-0.0012382170517,-0
2024-02-20,-0.0033611204612,0.000361081420338,-0
2024-02-21,0.000551556771934,-0.001166841848,-0
2024-02-22,0.0126220967371,0.000322197164839,-0
2024-02-23,0.000423860636388,0.00143077082994,-0
2024-02-26,-0.00224821497267,-0.000833116030547,-0
2024-02-27,0.00113971428328,-0.000517353410517,-0
2024-02-28,-0.000811845907259,0.000755627965687,-0
2024-02-29,0.00220538601747,0.00063644969729,-0
2024-03-01,0.00576378856517,0.00185337207306,-1.51267807772e-05
2024-03-04,-0.000643451662865,-0.00098430863468,-0
2024-03-05,-0.00599986586749,0.00217719524606,-0
2024-03-06,0.0030231785352,0.000618573514525,-0
2024-03-07,0.00593066589094,0.000862812068877,-0
2024-03-08,-0.00359719463149,0.000367247053957,-0
2024-03-11,-0.000513814872491,-0.000450227563667,-0
2024-03-12,0.0064297126213,-0.00102454302491,-0
2024-03-13,-0.000941773257927,-0.000733688671089,-0
2024-03-14,-0.00118801131366,-0.00253154037849,-0
2024-03-15,-0.00413384463573,-4.10735175665e-05,-0
2024-03-18,0.00356821420313,-0.000411519747895,-0
2024-03-19,0.00334572069314,0.000984601801409,-0
2024-03-20,0.00557541696523,0.000816981014592,-0
2024-03-21,0.00199764146729,0.000284202432362,-0
2024-03-22,-0.00114712829215,0.00125529635361,-0
2024-03-25,-0.00166855841557,-0.000728726887839,-0
2024-03-26,-0.00111498454045,0.000405866795669,-0
2024-03-27,0.0050675682901,0.00129964055761,-0
2024-03-28,-0.0001154618019,-0.000484213588077,-0
2024-04-01,-0.00105172497883,-0.00287588516269,-5.77036218332e-06
2024-04-02,-0.00381485984689,-0.000288828009723,-0
2024-04-03,0.000657594630238,0.000248582010374,-0
2024-04-04,-0.00730848309081,0.000952064009578,-0
2024-04-05,0.0062183620137,-0.00199970588153,-0
2024-04-08,0.000334983438028,-0.000373395904432,-0
2024-04-09,0.000693187177037,0.00136906622481,-0
2024-04-10,-0.00599524638433,-0.00480255526722,-0
2024-04-11,0.00452225420004,8.38188095142e-05,-0
2024-04-12,-0.0082952336536,0.000749894324936,-0
2024-04-15,-0.007481525328,-0.00243478308037,-0
2024-04-16,-0.00108624540133,-0.00114478063063,-0
2024-04-17,-0.00352642421097,0.00186978488134,-0
2024-04-18,-0.00122078583947,-0.00114924426012,-0
2024-04-19,-0.00518031184681,0.000426612023003,-0
2024-04-22,0.00544375235623,0.000257197028458,-0
2024-04-23,0.00703902190533,0.000852547233368,-0
2024-04-24,-0.000282627363785,-0.00105742000774,-0
2024-04-25,-0.0022642381106,-0.0011433650648,-0
2024-04-26,0.00564461151979,0.000892435824087,-0
2024-04-29,0.00211615954329,0.00122426532869,-0
2024-04-30,-0.00946767340556,-0.00164102854272,-0
2024-05-01,-0.00193147650087,0.00142980519378,-6.82869487618e-06
2024-05-02,0.00561202838912,0.001805481575,-0
2024-05-03,0.00745148291589,0.00204215915899,-0
2024-05-06,0.00622595120679,0.000288953859523,-0
2024-05-07,0.000667717414556,0.000820390993254,-0
2024-05-08,5.8399560683e-05,-0.000819171976548,-0
2024-05-09,0.00348850866985,0.000737929505601,-0
2024-05-10,0.000781260330098,-0.000816448093061,-0
2024-05-13,8.13482842984e-05,0.000204050755326,-0
2024-05-14,0.00278548448652,0.00106105544037,-0
2024-05-15,0.00752308941158,0.00260159004402,-0
2024-05-16,-0.00125274575278,-0.000442805621766,-0
2024-05-17,0.000874996796984,-0.00124962063568,-0
2024-05-20,0.000702430895315,-0.000362945410631,-0
2024-05-21,0.0014968435046,0.000725610674281,-0
2024-05-22,-0.00175757987425,-0.000482656500493,-0
2024-05-23,-0.00445579722241,-0.00108839008247,-0
2024-05-24,0.00402907187906,0.000445988475566,-0
2024-05-28,0.0004264508103,-0.00181607154554,-0
2024-05-29,-0.00428211938924,-0.00149522374583,-0
2024-05-30,-0.00405164322951,0.00182906418113,-0
2024-05-31,0.00553825875844,0.00126285529617,-0
2024-06-03,0.000496997326596,0.00236231678174,-8.23776728411e-06
2024-06-04,0.000670685014487,0.0014463220088,-0
2024-06-05,0.00712393873864,0.00123704626826,-0
2024-06-06,-1.12398863906e-05,0.000122678910297,-0
2024-06-07,-0.000731076673793,-0.00351638077852,-0
2024-06-10,0.00186391722822,-0.000328617022129,-0
2024-06-11,0.00145487003732,0.00135309882145,-0
2024-06-12,0.00496035626139,0.00188073623359,-0
2024-06-13,0.00121764124608,0.00198974525196,-0
2024-06-14,0.0003675671479,0.00040469555299,-0
2024-06-17,0.00480684826366,-0.00141556117522,-0
2024-06-18,0.00154137682426,0.00141077682598,-0
2024-06-20,-0.00164737836227,-0.000683121509487,-0
2024-06-21,-0.000812764751075,4.02061762596e-05,-0
2024-06-24,-0.0019696087455,0.000322639485296,-0
2024-06-25,0.00232943979334,-4.04386613308e-05,-0
2024-06-26,0.000756179973642,-0.0017727790798,-0
2024-06-27,0.000957324621644,0.000645220204076,-0
2024-06-28,-0.00238951710581,-0.00193276554276,-0
2024-07-01,0.00125021075573,-0.00210551324253,-9.19776545584e-06
2024-07-02,0.00403776259952,0.00132997834565,-0
2024-07-03,0.00268135400106,0.00214939603901,-0
2024-07-05,0.00346310847834,0.00201582669374,-0
2024-07-08,0.000693298112804,0.000122769102905,-0
2024-07-09,0.000584406442581,-0.000367938859757,-0
2024-07-10,0.00595130588083,0.000408694635858,-0
2024-07-11,-0.00520407295613,0.00203059266677,-0
2024-07-12,0.00378606901105,0.00110006047054,-0
2024-07-15,0.00165302373254,-0.00137844058939,-0
2024-07-16,0.00357338765089,0.00162135097133,-0
2024-07-17,-0.00845498102484,0.00028215165536,-0
2024-07-18,-0.00460672447377,-0.00109762516094,-0
2024-07-19,-0.0039728824291,-0.000817779548687,-0
2024-07-22,0.0061566999534,-0.000164302138471,-0
2024-07-23,-0.000940891317386,-4.08393680641e-05,-0
2024-07-24,-0.0135829475294,-0.00122648722048,-0
2024-07-25,-0.00309801973838,0.00112037267179,-0
2024-07-26,0.0066376444819,0.00145527187029,-0
2024-07-29,0.000349349244015,0.000659844908513,-0
2024-07-30,-0.00301068020561,0.000412146087693,-0
2024-07-31,0.00963509554546,0.00218936986901,-0
2024-08-01,-0.00843074929673,0.00169551606101,-9.02983851551e-06
2024-08-02,-0.0111711485588,0.00447482421577,-0
2024-08-05,-0.0172643296545,-0.000324655794124,-0
2024-08-06,0.00540095934584,-0.00247873606551,-0
2024-08-07,-0.00394013507025,-0.00123579109536,-0
2024-08-08,0.0136073678869,-0.000621127568172,-0
2024-08-09,0.00262159076518,0.0014306161396,-0
2024-08-12,0.000312546871087,0.000692129109361,-0
2024-08-13,0.00977578899943,0.00162673762536,-0
2024-08-14,0.00188465462762,0.000723725573385,-0
2024-08-15,0.010245303334,-0.00168441077182,-0
2024-08-16,0.00135144137493,0.000954397543892,-0
2024-08-19,0.0057634464415,0.00043651651865,-0
2024-08-20,-0.000983559919444,0.00118290197137,-0
2024-08-21,0.00207460679948,0.000749155120095,-0
2024-08-22,-0.0047409368913,-0.00161205101351,-0
2024-08-23,0.00640864214247,0.00182005003301,-0
2024-08-26,-0.00144120193303,-0.000353169898998,-0
2024-08-27,0.000829603760308,0.000117924033132,-0
2024-08-28,-0.00350911192714,-0.000353339329887,-0
2024-08-29,5.39436749282e-05,-0.000512641844663,-0
2024-08-30,0.00576229799289,-0.000946653426528,-0
2024-09-03,-0.012480549671,0.00166169919731,-4.80517001752e-07
2024-09-04,-0.00122808496416,0.0017536735591,-0
2024-09-05,-0.00145549694622,0.00103571728736,-0
2024-09-06,-0.0100518634006,0.000518092623366,-0
2024-09-09,0.00663765150869,0.000603484113798,-0
2024-09-10,0.00259244508481,0.00123841953793,-0
2024-09-11,0.00610914364478,-0.000119398191007,-0
2024-09-12,0.00503719749074,-0.000356029093761,-0
2024-09-13,0.00313500859537,0.000826776911773,-0
2024-09-16,0.000887560443321,0.000941377295322,-0
2024-09-17,0.000245503893944,-0.00039152176428,-0
2024-09-18,-0.00178277102352,-0.00125287752672,-0
2024-09-19,0.0102584197438,3.92218378989e-05,-0
2024-09-20,-0.0010460771076,-0.000349849230656,-0
2024-09-23,0.00151177545549,-0.00015556979437,-0
2024-09-24,0.00173300038613,0.000544239715762,-0
2024-09-25,-0.00133659085509,-0.0015126746221,-0
2024-09-26,0.00240420855073,7.77889339258e-05,-0
2024-09-27,-0.000880791884504,0.00112513086458,-0
2024-09-30,0.00242960207818,-0.000892123863928,-0
2024-10-01,-0.00544481804019,0.00103723552056,-4.98722181574e-06
2024-10-02,0.000253214182762,-0.000829767560522,-0
2024-10-03,-0.00109796038112,-0.00162105954107,-0
2024-10-04,0.0054626590216,-0.00257687232293,-0
2024-10-07,-0.00546809975169,-0.00134399927559,-0
2024-10-08,0.00570763282789,0.000676526609109,-0
2024-10-09,0.00419279775979,-0.00102825466075,-0
2024-10-10,-0.00106334942198,-0.00023651094644,-0
2024-10-11,0.00363681342166,0.000118409388892,-0
2024-10-14,0.00497814764198,-0.000353899196341,-0
2024-10-15,-0.00474614880326,0.0015658069905,-0
2024-10-16,0.00264281891007,0.000510490605699,-0
2024-10-17,5.22894094071e-05,-0.0019181806127,-0
2024-10-18,0.00234623834118,0.000274477920193,-0
2024-10-21,-0.00100293035128,-0.00269913743007,-0
2024-10-22,-0.000325142047456,7.85171816378e-05,-0
2024-10-23,-0.00559001128675,-0.000981836589087,-0
2024-10-24,0.00131964696688,0.000751130828191,-0
2024-10-25,-0.000210715081352,-0.00078905755383,-0
2024-10-28,0.00188786306674,-0.000631903861957,-0
2024-10-29,0.000990036126092,0.00043396222969,-0
2024-10-30,-0.00185115776625,-0.000393932396046,-0
2024-10-31,-0.0119854822324,-7.89050944721e-05,-0
2024-11-01,0.00256071801708,-0.00156336058362,-8.70842831626e-06
2024-11-04,-0.00129232983837,0.00167835517958,-0
2024-11-05,0.00723660243853,0.000941028982393,-0
2024-11-06,0.0149393355023,-0.00312503777966,-0
2024-11-07,0.00470545632199,0.00296831343164,-0
2024-11-08,0.00263612570522,0.000676767344323,-0
2024-11-11,0.000580479765354,-0.000872938102957,-0
2024-11-12,-0.00189480818078,-0.00226217635673,-0
2024-11-13,0.000296710778001,-7.96708437931e-05,-0
2024-11-14,-0.003927419437,-0.000159405489789,-0
2024-11-15,-0.00780473460329,4.00396018423e-05,-0
2024-11-18,0.00248402170437,0.0003629440755,-0
2024-11-19,0.00221880716361,0.000562807766452,-0
2024-11-20,0.000205841582643,-0.000400805570164,-0
2024-11-21,0.00326312566575,-0.000200573885673,-0
2024-11-22,0.00188841845351,0.000279788148275,-0
2024-11-25,0.00206823256325,0.00351068376865,-0
2024-11-26,0.0031773081182,-0.000595135077672,-0
2024-11-27,-0.00184856633428,0.00106833431979,-0
2024-11-29,0.00378132958539,0.00154443419874,-0
2024-12-02,0.00109202838164,4.74952493257e-05,-9.65542431443e-06
2024-12-03,0.000278375758654,-0.000768552941338,-0
2024-12-04,0.00372920800265,0.00129487375608,-0
2024-12-05,-0.000989537767524,8.05353682735e-05,-0
2024-12-06,0.00113898832873,0.00112835566696,-0
2024-12-09,-0.00309293783389,-0.0011659832393,-0
2024-12-10,-0.00186562107259,-0.000484588561775,-0
2024-12-11,0.00463534890658,-0.000930880357386,-0
2024-12-12,-0.00310193097311,-0.00161303643454,-0
2024-12-13,-0.000119506717632,-0.00149911207819,-0
2024-12-16,0.0025731240879,0.000365155478893,-0
2024-12-17,-0.00248610195279,0,-0
2024-12-18,-0.0179544938087,-0.00302777537846,-0
2024-12-19,-0.000183317271223,-0.00103913813318,-0
2024-12-20,0.0071770957646,0.00108200188165,-0
2024-12-23,0.00359163901506,-0.0012382447795,-0
2024-12-24,0.0066906843895,0.000452933524688,-0
2024-12-26,4.01550878356e-05,0.00028630457761,-0
2024-12-27,-0.00635962810406,-0.000817583752847,-0
2024-12-30,-0.00687132820539,0.00156459847142,-0
2024-12-31,-0.00217706756616,-0.00049677313129,-0
2025-01-02,-0.0014689609627,4.15426888277e-05,-2.76080269762e-06
2025-01-03,0.00750202226121,-0.00041282714357,-0
2025-01-06,0.00347495505864,-0.000409753544316,-0
2025-01-07,-0.00683712125215,-0.00138920551488,-0
2025-01-08,0.000880901929949,0.00045319664275,-0
2025-01-10,-0.00920696960749,-0.00222171233257,-0
2025-01-13,0.000931373161066,-0.000374708005391,-0
2025-01-14,0.000827355137385,0.000124810499797,-0
2025-01-15,0.0109423496216,0.00344922795918,-0
2025-01-16,-0.0011613421362,0.000860258026579,-0
2025-01-17,0.00605240213328,0,-0
2025-01-21,0.00553986496608,0.00130348031464,-0
2025-01-22,0.00340995254446,-0.000930519023038,-0
2025-01-23,0.00332133750731,-0.000645643388724,-0
2025-01-24,-0.00178132609566,0.000643920454551,-0
2025-01-27,-0.00861611742869,0.00217586683903,-0
2025-01-28,0.00519315201697,-0.000121653988998,-0
2025-01-29,-0.0027189960252,-0.000242113267338,-0
2025-01-30,0.0032502289794,0.000566652876815,-0
2025-01-31,-0.00322770157227,-0.000806407236045,-0
2025-02-03,-0.00407630616718,0.000373685297292,-3.87220985111e-06
2025-02-04,0.00402508442073,0.000740965736752,-0
2025-02-05,0.00243725388269,0.00213050307589,-0
2025-02-06,0.00208832840644,-0.000407920773667,-0
2025-02-07,-0.00550973590429,-0.00126216418243,-0
2025-02-10,0.00407808597011,0.000123027294505,-0
2025-02-11,0.000457832438501,-0.000898048672907,-0
2025-02-12,-0.00194188846745,-0.00208283262344,-0
2025-02-13,0.00636888743511,0.00237824880565,-0
2025-02-14,-2.97310842783e-05,0.00146330742907,-0
2025-02-18,0.00177151789371,-0.00158296660603,-0
2025-02-19,0.00142508839862,0.000568066900609,-0
2025-02-20,-0.00251833725148,0.000607576244226,-0
2025-02-21,-0.010329893637,0.00170439755102,-0
2025-02-24,-0.00272474424066,0.000695744825133,-0
2025-02-25,-0.00297028159275,0.00250205757361,-0
2025-02-26,0.000300137540952,0.000656512446403,-0
2025-02-27,-0.0094863550901,-0.000614950659525,-0
2025-02-28,0.00921966491779,0.00182229175446,-0
2025-03-03,-0.0103973181266,0.000879309021895,-1.123169212e-05
2025-03-04,-0.00710210263994,-0.00100849654901,-0
2025-03-05,0.00642450257192,-0.00138274528697,-0
2025-03-06,-0.0106709222487,-0.000404676724147,-0
2025-03-07,0.00334658030661,-0.000491004200023,-0
2025-03-10,-0.0159473116846,0.00191767635862,-0
2025-03-11,-0.00491337954898,-0.00144839065881,-0
2025-03-12,0.00313036119675,-0.0012077709926,-0
2025-03-13,-0.00789024374771,0.00124703357049,-0
2025-03-14,0.0121437315288,-0.000836960857288,-0
2025-03-17,0.00457543584667,0.000537905182899,-0
2025-03-18,-0.00642959182259,0.000411696523355,-0
2025-03-19,0.00644743790155,0.00120103724176,-0
2025-03-20,-0.00171752411826,0.000246587041324,-0
2025-03-21,0.000195678766019,-0.000493934027825,-0
2025-03-24,0.0106278480008,-0.00156458549255,-0
2025-03-25,0.0014389907771,0.000367257584613,-0
2025-03-26,-0.00715117384301,-0.000977521596262,-0
2025-03-27,-0.00158451979502,-0.000205288722057,-0
2025-03-28,-0.0120063164453,0.0023448285938,-0
2025-03-31,0.00395975734813,0.000789302223632,-0
2025-04-01,0.00166935043587,0.00151392928217,-9.20802348677e-06
2025-04-02,0.00379705042548,-0.000444613699494,-0
2025-04-03,-0.0296562084,0.00209488249237,-0
2025-04-04,-0.0344430468838,0.000372777264945,-0
2025-04-07,-0.00102139312403,-0.00540386524101,-0
2025-04-08,-0.00902352863324,-0.00220141684348,-0
2025-04-09,0.0602314259751,0.000960367682442,-0
2025-04-10,-0.02616930627,-0.0031676806566,-0
2025-04-11,0.0104969464691,-0.000423794864899,-0
2025-04-14,0.00575135815136,0.00239170350509,-0
2025-04-15,-0.00166305586473,0.000832325315299,-0
2025-04-16,-0.0131717500484,0.00129134386035,-0
2025-04-17,0.000836584355032,-0.00105386794941,-0
2025-04-21,-0.0139800940892,-0.00248784784018,-0
2025-04-22,0.0151670815871,0.000771708830236,-0
2025-04-23,0.00912282948483,0.00101279087136,-0
2025-04-24,0.012458030251,0.00225580440564,-0
2025-04-25,0.00430315053946,0.00148211835085,-0
2025-04-28,0.000227286998781,0.0011052695064,-0
2025-04-29,0.00375356704829,0.000981032942655,-0
2025-04-30,0.000236736383587,-0.00036619907133,-0
2025-05-01,0.00423147588361,-0.00109811328471,-5.64309612276e-07
2025-05-02,0.00890653398918,-0.00195066802621,-0
2025-05-05,-0.0034675524041,-0.000686055309367,-0
2025-05-06,-0.0050462265731,0.000972603818944,-0
2025-05-07,0.00252819372473,0.000610330928037,-0
2025-05-08,0.00419290949593,-0.00206880953872,-0
2025-05-09,-0.000770431653073,0.00040491790791,-0
2025-05-12,0.0199654149296,-0.00133628290331,-0
2025-05-13,0.00404614357086,-0.000397529572843,-0
2025-05-14,0.000785313991657,-0.00110898519708,-0
2025-05-15,0.00300624305037,0.00217908964442,-0
2025-05-16,0.00389729863842,0.00023639942838,-0
2025-05-19,0.000674564076455,-0.000117665588428,-0
2025-05-20,-0.00207443642956,-0.0006669600983,-0
2025-05-21,-0.0103901112544,-0.00251777355926,-0
2025-05-22,0.000242415385484,0.00111589001243,-0
2025-05-23,-0.00418787547553,0.000557284568289,-0
2025-05-27,0.0127149021302,0.00175759903942,-0
2025-05-28,-0.00356017720714,-0.000708719797416,-0
2025-05-29,0.00242533683283,0.0014235164399,-0
2025-05-30,-0.000687157896115,0.000945446565481,-0
2025-06-02,0.00345660864436,-0.00101553065456,-1.56506099033e-05
2025-06-03,0.00342161415394,-0.000287041118302,-0
2025-06-04,-0.000161545290704,0.00237147293276,-0
2025-06-05,-0.00289996638437,-0.0010198964066,-0
2025-06-06,0.00615637681546,-0.00204798477719,-0
2025-06-09,0.000543575780354,0.000489427804062,-0
2025-06-10,0.00341933364696,0.000896593356743,-0
2025-06-11,-0.00172238869243,0.00133897993784,-0
2025-06-12,0.00239421871272,0.00146125377205,-0
2025-06-13,-0.00673588442103,-0.00141519986734,-0
2025-06-16,0.0057147501023,-0.000815350218592,-0
2025-06-17,-0.00515623664711,0.00121696452318,-0
2025-06-18,-9.04963600909e-05,0.000285150223416,-0
2025-06-20,-0.00141005922104,0.000366452068148,-0
2025-06-23,0.00592284273994,0.000815276132535,-0
2025-06-24,0.00664491389159,0.00161963894533,-0
2025-06-25,0.000337854947245,-4.01655394982e-05,-0
2025-06-26,0.00472020075258,0.00108385609349,-0
2025-06-27,0.00300354491778,-0.00111755562708,-0
2025-06-30,0.00289924237997,0.00159351644831,-0
2025-07-01,-0.000196353917298,-0.000362026975128,-6.69979562461e-06
2025-07-02,0.00272010317425,-0.000485866681865,-0
2025-07-03,0.00473964504001,-0.000807972601238,-0
2025-07-07,-0.00449913389873,-0.00140843883438,-0
2025-07-08,-0.000330155987885,-0.000161983151433,-0
2025-07-09,0.00361462871055,0.00166061695081,-0
2025-07-10,0.00170110851434,-0.000120885119961,-0
2025-07-11,-0.00212303078002,-0.00164913518803,-0
2025-07-14,0.00115279115411,-4.04809539686e-05,-0
2025-07-15,-0.00258359501924,-0.00116966723408,-0
2025-07-16,0.00202021122337,0.000566775233603,-0
2025-07-17,0.00370066652604,0.000161610470224,-0
2025-07-18,-0.000443885468624,0.000723900634486,-0
2025-07-21,0.00114810902645,0.00108574050149,-0
2025-07-22,8.65891951655e-05,0.000762375999511,-0
2025-07-23,0.005145723343,-0.000881888982701,-0
2025-07-24,0.000201032738384,-0.000239491103609,-0
2025-07-25,0.00256683589861,0.000638678177984,-0
2025-07-28,-0.000152734884694,-0.000517301821273,-0
2025-07-29,-0.00160496886397,0.00211038922001,-0
2025-07-30,-0.000763859488124,-0.00111438709252,-0
2025-07-31,-0.00227683374912,0.000199470394949,-0
2025-08-01,-0.00993161413288,0.00340776636405,-7.64502458014e-08
2025-08-04,0.00911987701095,0.000322719591476,-0
2025-08-05,-0.00305933124,0.000119943708809,-0
2025-08-06,0.00461207587389,-0.000160417775694,-0
2025-08-07,-0.000505936220958,-0.000319222212634,-0
2025-08-08,0.00471009147986,-0.000758962461989,-0
2025-08-11,-0.00119905748988,0.000278632789287,-0
2025-08-12,0.00644847764834,0,-0
2025-08-13,0.00208218687586,0.00142432189366,-0
2025-08-14,5.65359765761e-05,-0.00110396998032,-0
2025-08-15,-0.0014255112717,-0.000592129513129,-0
2025-08-18,-0.000132498149384,-0.000434996597507,-0
2025-08-19,-0.00330344297246,0.000751830405205,-0
2025-08-20,-0.00161314945744,0.000238015797659,-0
2025-08-21,-0.00243269740937,-0.000913676747256,-0
2025-08-22,0.00930567790344,0.00219241187961,-0
2025-08-25,-0.00267705137597,-0.000591142196911,-0
2025-08-26,0.00254395243973,0.000474432793353,-0
2025-08-27,0.00138609134069,0.000394228670867,-0
2025-08-28,0.00215524100074,0.00047216447793,-0
2025-08-29,-0.00363285016781,-0.000510236450058,-0
2025-09-02,-0.00450566357169,-0.00103980816946,-6.86225782855e-06
2025-09-03,0.00325168577801,0.00145644493727,-0
2025-09-04,0.00501799778082,0.00161064604128,-0
2025-09-05,-0.00174195961605,0.00188003578178,-0
2025-09-08,0.00147303048015,0.00135998322291,-0
2025-09-09,0.0013857698288,-0.000797713327233,-0
2025-09-10,0.00173577801595,0.00079724450242,-0
2025-09-11,0.00499163340202,0.000755410052599,-0
2025-09-12,-0.000201556248726,-0.000355734707182,-0
2025-09-15,0.0032066900306,0.000672377541314,-0
2025-09-16,-0.000830433081413,0.0001576265515,-0
2025-09-17,-0.000748955147985,-0.000709718501348,-0
2025-09-18,0.00281698481572,-0.00110555287881,-0
2025-09-19,0.00299490158428,0,-0
2025-09-22,0.00286628629712,-0.000471698348034,-0
2025-09-23,-0.00330563656995,0.000627387046644,-0
2025-09-24,-0.00192675330348,-0.000746936695821,-0
2025-09-25,-0.00279239430899,-0.000551835006429,-0
2025-09-26,0.00346319957918,0.000276827575101,-0
2025-09-29,0.00170233694001,0.000748620781758,-0
2025-09-30,0.00228236944127,-3.92717939782e-05,-0
2025-10-01,0.0020678670252,0.00100331408802,-7.0644171473e-06
2025-10-02,0.000691038875805,0.000439211249402,-0
2025-10-03,-8.85017980048e-06,-0.000438715391276,-0
2025-10-06,0.00215266342202,-0.000877855354299,-0
2025-10-07,-0.00223061386878,0.000677546729038,-0
2025-10-08,0.0035799583634,3.98748006388e-05,-0
2025-10-09,-0.00174331567406,-0.000477245513227,-0
2025-10-10,-0.0162532622565,0.00163411484523,-0
2025-10-13,0.00911100920543,0.000768531947701,-0
2025-10-14,-0.000729293635055,0.000640809932791,-0
2025-10-15,0.00264738850304,-0.000160232565316,-0
2025-10-16,-0.0040690411961,0.00143842007947,-0
2025-10-17,0.00337730885078,-0.000560914025723,-0
2025-10-20,0.00620569378659,0.000679201533819,-0
2025-10-21,-8.96934460598e-06,0.000396800252079,-0
2025-10-22,-0.0031115960184,-3.9686690195e-05,-0
2025-10-23,0.00354184290941,-0.00071614473744,-0
2025-10-24,0.00489645133801,0.000396747630727,-0
2025-10-27,0.00708871085741,0.000276248500068,-0
2025-10-28,0.00160279399241,0.000234995489803,-0
2025-10-29,0.000290152812601,-0.00187701217108,-0
2025-10-30,-0.00665647238249,-0.000744190790335,-0
2025-10-31,0.0019781033477,-0.000236657539713,-0
2025-11-03,0.00113341354412,-0.00048613146959,-4.71535459164e-06
2025-11-04,-0.00711213078179,0.0001998383135,-0
2025-11-05,0.0020689504553,-0.0010864532928,-0
2025-11-06,-0.00642145581141,0.00148738676725,-0
2025-11-07,0.000585802071631,-0.000161571692345,-0
2025-11-10,0.00928992352757,-0.000161535145957,-0
2025-11-11,0.00137168879297,0.00120057030672,-0
2025-11-12,0.000333290788154,-0.000159694831469,-0
2025-11-13,-0.00994354110644,-0.00119725061646,-0
2025-11-14,-9.76497130319e-05,-0.000484334021718,-0
2025-11-17,-0.00555411256111,8.08119657419e-05,-0
2025-11-18,-0.00498701262112,0.000243577268282,-0
2025-11-19,0.00228581729444,0,-0
2025-11-20,-0.00903281276778,0.000488488923005,-0
2025-11-21,0.00586328264942,0.000985364900602,-0
2025-11-24,0.00869030241308,0.000815589647693,-0
2025-11-25,0.00558230022425,0.000646276636054,-0
2025-11-26,0.00411000148085,0.000642244392594,-0
2025-11-28,0.0032566255371,-0.000559349371116,-0
2025-12-01,-0.00273137168466,-0.00173494562178,-1.77914240821e-06
2025-12-02,0.00111129632011,0.000519720280911,-0
2025-12-03,0.00207816213705,0.00075826708605,-0
2025-12-04,0.000439007464775,-0.000955115198688,-0
2025-12-05,0.00114209552747,-0.000438029071905,-0
2025-12-08,-0.00180850799987,-0.000636582176956,-0
2025-12-09,-0.000519216342878,-0.000359041702455,-0
2025-12-10,0.00399022593971,0.00127750138006,-0
2025-12-11,0.00140192104251,7.94979077796e-05,-0
2025-12-12,-0.00648315945168,-0.00122937794632,-0
2025-12-15,-0.000908209590946,0.000399702681862,-0
2025-12-16,-0.00164084462025,0.000759619560993,-0
2025-12-17,-0.00659564103813,-0.00012005236558,-0
2025-12-18,0.00450681767274,0.00100728520137,-0
2025-12-19,0.00542019208849,-0.000586969068141,-0
2025-12-22,0.00374136413061,-0.000159990369316,-0
2025-12-23,0.00275195809398,0,-0
2025-12-24,0.00212198867418,0.000874666295989,-0
2025-12-26,-6.1195341985e-05,7.92378775715e-05,-0
2025-12-29,-0.00215056340577,0.000475668054934,-0
2025-12-30,-0.000735508981708,-0.000158832436323,-0
2025-12-31,-0.00446115806847,-0.00095375392997,-0
