Date,nav,fees,gross_traded_notional,gross_turnover,rebalance
2015-01-02,100000,0,0,0,False
2015-01-05,99003.3785794,0,0,0,False
2015-01-06,98549.8535098,0,0,0,False
2015-01-07,99269.8691991,0,0,0,False
2015-01-08,100256.810966,0,0,0,False
2015-01-09,99872.701847,0,0,0,False
2015-01-12,99438.010284,0,0,0,False
2015-01-13,99282.4027622,0,0,0,False
2015-01-14,99023.8411158,0,0,0,False
2015-01-15,98671.1700579,0,0,0,False
2015-01-16,99277.7219384,0,0,0,False
2015-01-20,99472.1387855,0,0,0,False
2015-01-21,99697.6039847,0,0,0,False
2015-01-22,100557.938108,0,0,0,False
2015-01-23,100329.332356,0,0,0,False
2015-01-26,100451.40172,0,0,0,False
2015-01-27,99638.1393148,0,0,0,False
2015-01-28,99048.9923167,0,0,0,False
2015-01-29,99556.7583275,0,0,0,False
2015-01-30,98959.7559621,0,0,0,False
2015-02-02,99678.9132103,0.832903128248,1665.80625649,0.0167115820559,True
2015-02-03,100390.982076,0,0,0,False
2015-02-04,100220.357616,0,0,0,False
2015-02-05,100748.775009,0,0,0,False
2015-02-06,100348.964157,0,0,0,False
2015-02-09,100069.391346,0,0,0,False
2015-02-10,100672.413183,0,0,0,False
2015-02-11,100690.211481,0,0,0,False
2015-02-12,101286.729047,0,0,0,False
2015-02-13,101495.298188,0,0,0,False
2015-02-17,101433.083636,0,0,0,False
2015-02-18,101549.164361,0,0,0,False
2015-02-19,101472.763595,0,0,0,False
2015-02-20,101853.081748,0,0,0,False
2015-02-23,101915.265439,0,0,0,False
2015-02-24,102267.065619,0,0,0,False
2015-02-25,102242.234727,0,0,0,False
2015-02-26,102026.028906,0,0,0,False
2015-02-27,101912.257956,0,0,0,False
2015-03-02,102103.933248,1.52688535006,3053.77070013,0.0299080058613,True
2015-03-03,101800.727642,0,0,0,False
2015-03-04,101565.699715,0,0,0,False
2015-03-05,101650.661091,0,0,0,False
2015-03-06,100529.028412,0,0,0,False
2015-03-09,100881.102363,0,0,0,False
2015-03-10,100000.501204,0,0,0,False
2015-03-11,99943.0838762,0,0,0,False
2015-03-12,100727.750383,0,0,0,False
2015-03-13,100283.126035,0,0,0,False
2015-03-16,101166.544275,0,0,0,False
2015-03-17,100979.992367,0,0,0,False
2015-03-18,102001.940546,0,0,0,False
2015-03-19,101580.328739,0,0,0,False
2015-03-20,102240.44919,0,0,0,False
2015-03-23,102128.834306,0,0,0,False
2015-03-24,101897.239396,0,0,0,False
2015-03-25,100931.331003,0,0,0,False
2015-03-26,100641.181189,0,0,0,False
2015-03-27,100836.753409,0,0,0,False
2015-03-30,101583.864682,0,0,0,False
2015-03-31,101125.77826,0,0,0,False
2015-04-01,101046.730649,0.918531524658,1837.06304933,0.0181801661319,True
2015-04-02,101210.51727,0,0,0,False
2015-04-06,101645.55508,0,0,0,False
2015-04-07,101490.714918,0,0,0,False
2015-04-08,101700.642628,0,0,0,False
2015-04-09,101870.382636,0,0,0,False
2015-04-10,102206.38524,0,0,0,False
2015-04-13,101969.836646,0,0,0,False
2015-04-14,102131.190794,0,0,0,False
2015-04-15,102462.583936,0,0,0,False
2015-04-16,102423.170853,0,0,0,False
2015-04-17,101742.474475,0,0,0,False
2015-04-20,102273.515281,0,0,0,False
2015-04-21,102156.396239,0,0,0,False
2015-04-22,102340.423316,0,0,0,False
2015-04-23,102558.21437,0,0,0,False
2015-04-24,102771.463214,0,0,0,False
2015-04-27,102526.593421,0,0,0,False
2015-04-28,102568.279709,0,0,0,False
2015-04-29,102221.307835,0,0,0,False
2015-04-30,101599.409041,0,0,0,False
2015-05-01,102150.751805,0.81676628672,1633.53257348,0.0159912627513,True
2015-05-04,102247.50338,0,0,0,False
2015-05-05,101506.624472,0,0,0,False
2015-05-06,101119.437205,0,0,0,False
2015-05-07,101460.832145,0,0,0,False
2015-05-08,102394.028118,0,0,0,False
2015-05-11,101841.000036,0,0,0,False
2015-05-12,101654.079356,0,0,0,False
2015-05-13,101661.998458,0,0,0,False
2015-05-14,102361.933133,0,0,0,False
2015-05-15,102599.19965,0,0,0,False
2015-05-18,102635.621996,0,0,0,False
2015-05-19,102474.544507,0,0,0,False
2015-05-20,102493.859117,0,0,0,False
2015-05-21,102800.101317,0,0,0,False
2015-05-22,102607.338283,0,0,0,False
2015-05-26,102041.263498,0,0,0,False
2015-05-27,102663.70955,0,0,0,False
2015-05-28,102579.063615,0,0,0,False
2015-05-29,102209.944461,0,0,0,False
2015-06-01,102222.029901,0.20437739935,408.754798714,0.00399868777669,True
2015-06-02,102000.854087,0,0,0,False
2015-06-03,102002.828412,0,0,0,False
2015-06-04,101569.678423,0,0,0,False
2015-06-05,101286.351343,0,0,0,False
2015-06-08,100972.03291,0,0,0,False
2015-06-09,100847.731341,0,0,0,False
2015-06-10,101471.823144,0,0,0,False
2015-06-11,101885.216508,0,0,0,False
2015-06-12,101367.128106,0,0,0,False
2015-06-15,101154.685663,0,0,0,False
2015-06-16,101552.29433,0,0,0,False
2015-06-17,101654.554165,0,0,0,False
2015-06-18,102278.249256,0,0,0,False
2015-06-19,102131.183421,0,0,0,False
2015-06-22,102244.444708,0,0,0,False
2015-06-23,102194.923045,0,0,0,False
2015-06-24,101809.708357,0,0,0,False
2015-06-25,101578.532865,0,0,0,False
2015-06-26,101469.923864,0,0,0,False
2015-06-29,100426.831546,0,0,0,False
2015-06-30,100525.98703,0,0,0,False
2015-07-01,100904.163482,0.0966012774588,193.202554929,0.0019147115768,True
2015-07-02,100904.677923,0,0,0,False
2015-07-06,100877.878999,0,0,0,False
2015-07-07,101313.082252,0,0,0,False
2015-07-08,100391.706986,0,0,0,False
2015-07-09,100350.560662,0,0,0,False
2015-07-10,100931.875941,0,0,0,False
2015-07-13,101540.400861,0,0,0,False
2015-07-14,101873.001096,0,0,0,False
2015-07-15,101960.67829,0,0,0,False
2015-07-16,102487.328857,0,0,0,False
2015-07-17,102543.560364,0,0,0,False
2015-07-20,102504.867181,0,0,0,False
2015-07-21,102326.85159,0,0,0,False
2015-07-22,102234.628695,0,0,0,False
2015-07-23,102002.939991,0,0,0,False
2015-07-24,101359.399759,0,0,0,False
2015-07-27,101058.536254,0,0,0,False
2015-07-28,101758.672865,0,0,0,False
2015-07-29,102145.26247,0,0,0,False
2015-07-30,102163.549275,0,0,0,False
2015-07-31,102230.487876,0,0,0,False
2015-08-03,102065.500206,0.0286553583865,57.3107168163,0.000561509036946,True
2015-08-04,101826.380161,0,0,0,False
2015-08-05,101953.16335,0,0,0,False
2015-08-06,101499.633976,0,0,0,False
2015-08-07,101453.722426,0,0,0,False
2015-08-10,102166.282429,0,0,0,False
2015-08-11,101746.004958,0,0,0,False
2015-08-12,101792.848534,0,0,0,False
2015-08-13,101631.122305,0,0,0,False
2015-08-14,101834.320244,0,0,0,False
2015-08-17,102246.780383,0,0,0,False
2015-08-18,101994.054706,0,0,0,False
2015-08-19,101636.398354,0,0,0,False
2015-08-20,100430.04466,0,0,0,False
2015-08-21,98708.6509374,0,0,0,False
2015-08-24,96262.0517686,0,0,0,False
2015-08-25,95514.1215978,0,0,0,False
2015-08-26,97422.6270293,0,0,0,False
2015-08-27,98882.6569441,0,0,0,False
2015-08-28,98848.2531845,0,0,0,False
2015-08-31,98348.4389633,0,0,0,False
2015-09-01,96744.5042603,2.06863386228,4137.26772457,0.042763971899,True
2015-09-02,97796.6174031,0,0,0,False
2015-09-03,97895.7838955,0,0,0,False
2015-09-04,97081.4641596,0,0,0,False
2015-09-08,98454.2218721,0,0,0,False
2015-09-09,97669.3116012,0,0,0,False
2015-09-10,97947.558982,0,0,0,False
2015-09-11,98263.0927878,0,0,0,False
2015-09-14,98052.7787816,0,0,0,False
2015-09-15,98620.4320607,0,0,0,False
2015-09-16,99109.1049024,0,0,0,False
2015-09-17,99214.2470771,0,0,0,False
2015-09-18,98258.2743533,0,0,0,False
2015-09-21,98462.6395903,0,0,0,False
2015-09-22,97779.0731552,0,0,0,False
2015-09-23,97652.7900331,0,0,0,False
2015-09-24,97489.5307851,0,0,0,False
2015-09-25,97406.8616533,0,0,0,False
2015-09-28,96026.5104775,0,0,0,False
2015-09-29,96120.3037393,0,0,0,False
2015-09-30,97202.5123437,0,0,0,False
2015-10-01,97384.8332601,0.027119054721,54.2381094373,0.000556946010151,True
2015-10-02,98375.1000351,0,0,0,False
2015-10-05,99284.4504831,0,0,0,False
2015-10-06,99173.782468,0,0,0,False
2015-10-07,99637.9571161,0,0,0,False
2015-10-08,100132.000881,0,0,0,False
2015-10-09,100136.483452,0,0,0,False
2015-10-12,100293.921654,0,0,0,False
2015-10-13,99911.232026,0,0,0,False
2015-10-14,99765.1739453,0,0,0,False
2015-10-15,100642.396845,0,0,0,False
2015-10-16,100883.036867,0,0,0,False
2015-10-19,100952.581582,0,0,0,False
2015-10-20,100795.224093,0,0,0,False
2015-10-21,100504.60004,0,0,0,False
2015-10-22,101548.742838,0,0,0,False
2015-10-23,102165.416546,0,0,0,False
2015-10-26,102028.107426,0,0,0,False
2015-10-27,101963.37566,0,0,0,False
2015-10-28,102560.627842,0,0,0,False
2015-10-29,102356.888834,0,0,0,False
2015-10-30,102186.382305,0,0,0,False
2015-11-02,102855.595743,2.26966367598,4539.32735198,0.0441320392373,True
2015-11-03,102959.027383,0,0,0,False
2015-11-04,102771.303371,0,0,0,False
2015-11-05,102690.854818,0,0,0,False
2015-11-06,102462.337081,0,0,0,False
2015-11-09,101861.019982,0,0,0,False
2015-11-10,102077.282583,0,0,0,False
2015-11-11,101783.89123,0,0,0,False
2015-11-12,100970.998432,0,0,0,False
2015-11-13,100375.575595,0,0,0,False
2015-11-16,101312.995445,0,0,0,False
2015-11-17,101299.199695,0,0,0,False
2015-11-18,102225.231455,0,0,0,False
2015-11-19,102191.338396,0,0,0,False
2015-11-20,102387.840775,0,0,0,False
2015-11-23,102328.754876,0,0,0,False
2015-11-24,102448.619977,0,0,0,False
2015-11-25,102458.696055,0,0,0,False
2015-11-27,102517.795155,0,0,0,False
2015-11-30,102277.712536,0,0,0,False
2015-12-01,103005.301587,0.00475767016178,9.5153403134,9.23771857109e-05,True
2015-12-02,102325.358227,0,0,0,False
2015-12-03,101165.90653,0,0,0,False
2015-12-04,102474.725155,0,0,0,False
2015-12-07,102162.777604,0,0,0,False
2015-12-08,101767.221272,0,0,0,False
2015-12-09,101294.938286,0,0,0,False
2015-12-10,101442.851871,0,0,0,False
2015-12-11,100374.582018,0,0,0,False
2015-12-14,100480.705144,0,0,0,False
2015-12-15,101109.35054,0,0,0,False
2015-12-16,101917.421977,0,0,0,False
2015-12-17,101044.306639,0,0,0,False
2015-12-18,100060.797059,0,0,0,False
2015-12-21,100509.8371,0,0,0,False
2015-12-22,101019.566037,0,0,0,False
2015-12-23,101755.632546,0,0,0,False
2015-12-24,101675.017239,0,0,0,False
2015-12-28,101536.324336,0,0,0,False
2015-12-29,102080.172791,0,0,0,False
2015-12-30,101638.785829,0,0,0,False
2015-12-31,101140.891878,0,0,0,False
2016-01-04,100283.863918,0.850365259044,1700.73051809,0.0169590204274,True
2016-01-05,100404.200184,0,0,0,False
2016-01-06,99796.2274864,0,0,0,False
2016-01-07,98364.7374215,0,0,0,False
2016-01-08,97816.3941651,0,0,0,False
2016-01-11,97758.0334218,0,0,0,False
2016-01-12,98311.1771014,0,0,0,False
2016-01-13,96958.3398075,0,0,0,False
2016-01-14,97871.3598277,0,0,0,False
2016-01-15,96686.4423261,0,0,0,False
2016-01-19,96720.3878578,0,0,0,False
2016-01-20,96032.441867,0,0,0,False
2016-01-21,96288.0536704,0,0,0,False
2016-01-22,97464.2080948,0,0,0,False
2016-01-25,96579.8034574,0,0,0,False
2016-01-26,97398.0806374,0,0,0,False
2016-01-27,96785.9360534,0,0,0,False
2016-01-28,97112.6906546,0,0,0,False
2016-01-29,98611.4802821,0,0,0,False
2016-02-01,98540.212832,1.16043237325,2320.86474649,0.023552185946,True
2016-02-02,97594.0206584,0,0,0,False
2016-02-03,97938.4494992,0,0,0,False
2016-02-04,98069.8597763,0,0,0,False
2016-02-05,96919.2620175,0,0,0,False
2016-02-08,96298.721207,0,0,0,False
2016-02-09,96298.1685566,0,0,0,False
2016-02-10,96346.9753522,0,0,0,False
2016-02-11,95636.4946023,0,0,0,False
2016-02-12,96679.0171194,0,0,0,False
2016-02-16,97543.1284925,0,0,0,False
2016-02-17,98467.8781862,0,0,0,False
2016-02-18,98346.0040096,0,0,0,False
2016-02-19,98325.7631231,0,0,0,False
2016-02-22,99185.3918091,0,0,0,False
2016-02-23,98441.5562536,0,0,0,False
2016-02-24,98724.7328768,0,0,0,False
2016-02-25,99540.4113807,0,0,0,False
2016-02-26,99330.683142,0,0,0,False
2016-02-29,98910.5430663,0,0,0,False
2016-03-01,100180.151311,0.37755277651,755.105553008,0.0075374482604,True
2016-03-02,100406.275952,0,0,0,False
2016-03-03,100690.494592,0,0,0,False
2016-03-04,100825.496759,0,0,0,False
2016-03-07,100863.083167,0,0,0,False
2016-03-08,100297.377757,0,0,0,False
2016-03-09,100576.430039,0,0,0,False
2016-03-10,100643.269463,0,0,0,False
2016-03-11,101547.089348,0,0,0,False
2016-03-14,101490.178449,0,0,0,False
2016-03-15,101353.415,0,0,0,False
2016-03-16,101880.383854,0,0,0,False
2016-03-17,102355.905657,0,0,0,False
2016-03-18,102632.775977,0,0,0,False
2016-03-21,102633.445257,0,0,0,False
2016-03-22,102574.285537,0,0,0,False
2016-03-23,102250.400693,0,0,0,False
2016-03-24,102226.610753,0,0,0,False
2016-03-28,102292.463492,0,0,0,False
2016-03-29,102986.521389,0,0,0,False
2016-03-30,103246.387742,0,0,0,False
2016-03-31,103221.918611,0,0,0,False
2016-04-01,103612.02942,0.93722796638,1874.45593279,0.0180909397099,True
2016-04-04,103452.003333,0,0,0,False
2016-04-05,102889.338248,0,0,0,False
2016-04-06,103551.797288,0,0,0,False
2016-04-07,102899.723779,0,0,0,False
2016-04-08,103023.715825,0,0,0,False
2016-04-11,102909.514529,0,0,0,False
2016-04-12,103412.844137,0,0,0,False
2016-04-13,104056.527252,0,0,0,False
2016-04-14,103988.263333,0,0,0,False
2016-04-15,104035.42159,0,0,0,False
2016-04-18,104470.318464,0,0,0,False
2016-04-19,104664.847966,0,0,0,False
2016-04-20,104623.68999,0,0,0,False
2016-04-21,104227.933038,0,0,0,False
2016-04-22,104231.672039,0,0,0,False
2016-04-25,104078.524466,0,0,0,False
2016-04-26,104152.891444,0,0,0,False
2016-04-27,104405.873432,0,0,0,False
2016-04-28,103917.536085,0,0,0,False
2016-04-29,103577.293117,0,0,0,False
2016-05-02,104041.739554,0.0575919471448,115.18389428,0.00110709250936,True
2016-05-03,103573.717703,0,0,0,False
2016-05-04,103247.342375,0,0,0,False
2016-05-05,103340.675779,0,0,0,False
2016-05-06,103501.855935,0,0,0,False
2016-05-09,103579.202086,0,0,0,False
2016-05-10,104366.430876,0,0,0,False
2016-05-11,103781.118084,0,0,0,False
2016-05-12,103761.492935,0,0,0,False
2016-05-13,103300.196892,0,0,0,False
2016-05-16,103835.068333,0,0,0,False
2016-05-17,103199.314487,0,0,0,False
2016-05-18,103044.24506,0,0,0,False
2016-05-19,102857.427062,0,0,0,False
2016-05-20,103271.003982,0,0,0,False
2016-05-23,103179.44366,0,0,0,False
2016-05-24,103955.266076,0,0,0,False
2016-05-25,104386.071234,0,0,0,False
2016-05-26,104468.022239,0,0,0,False
2016-05-27,104730.665288,0,0,0,False
2016-05-31,104636.919808,0,0,0,False
2016-06-01,104742.356555,0.26989032366,539.780647341,0.00515339996388,True
2016-06-02,105039.883692,0,0,0,False
2016-06-03,105079.228825,0,0,0,False
2016-06-06,105342.139872,0,0,0,False
2016-06-07,105478.695226,0,0,0,False
2016-06-08,105700.108039,0,0,0,False
2016-06-09,105643.800414,0,0,0,False
2016-06-10,105099.981256,0,0,0,False
2016-06-13,104649.922165,0,0,0,False
2016-06-14,104508.399048,0,0,0,False
2016-06-15,104512.779754,0,0,0,False
2016-06-16,104724.64401,0,0,0,False
2016-06-17,104462.383379,0,0,0,False
2016-06-20,104744.332917,0,0,0,False
2016-06-21,104891.234015,0,0,0,False
2016-06-22,104815.676952,0,0,0,False
2016-06-23,105557.701428,0,0,0,False
2016-06-24,103511.089955,0,0,0,False
2016-06-27,102588.27861,0,0,0,False
2016-06-28,103722.947691,0,0,0,False
2016-06-29,104732.083411,0,0,0,False
2016-06-30,105666.589027,0,0,0,False
2016-07-01,105890.337573,0.467331086809,934.662173646,0.00882666039316,True
2016-07-05,105546.090703,0,0,0,False
2016-07-06,106003.371132,0,0,0,False
2016-07-07,105933.944622,0,0,0,False
2016-07-08,106942.156733,0,0,0,False
2016-07-11,107056.354317,0,0,0,False
2016-07-12,107397.60737,0,0,0,False
2016-07-13,107448.722458,0,0,0,False
2016-07-14,107774.29558,0,0,0,False
2016-07-15,107532.389433,0,0,0,False
2016-07-18,107715.451098,0,0,0,False
2016-07-19,107735.334382,0,0,0,False
2016-07-20,107970.13108,0,0,0,False
2016-07-21,107759.54769,0,0,0,False
2016-07-22,108060.661669,0,0,0,False
2016-07-25,107833.200319,0,0,0,False
2016-07-26,107863.490052,0,0,0,False
2016-07-27,107917.975669,0,0,0,False
2016-07-28,107989.850971,0,0,0,False
2016-07-29,108208.566452,0,0,0,False
2016-08-01,108054.19157,0.825914929024,1651.82985804,0.0152869334204,True
2016-08-02,107512.075691,0,0,0,False
2016-08-03,107746.411448,0,0,0,False
2016-08-04,107895.815348,0,0,0,False
2016-08-05,108278.822533,0,0,0,False
2016-08-08,108266.889949,0,0,0,False
2016-08-09,108417.067364,0,0,0,False
2016-08-10,108305.65157,0,0,0,False
2016-08-11,108492.265811,0,0,0,False
2016-08-12,108539.180138,0,0,0,False
2016-08-15,108650.629717,0,0,0,False
2016-08-16,108286.072431,0,0,0,False
2016-08-17,108489.236288,0,0,0,False
2016-08-18,108697.13265,0,0,0,False
2016-08-19,108505.46589,0,0,0,False
2016-08-22,108567.767852,0,0,0,False
2016-08-23,108710.770206,0,0,0,False
2016-08-24,108360.711467,0,0,0,False
2016-08-25,108269.803678,0,0,0,False
2016-08-26,108078.147676,0,0,0,False
2016-08-29,108516.972184,0,0,0,False
2016-08-30,108386.317749,0,0,0,False
2016-08-31,108193.370979,0,0,0,False
2016-09-01,108234.062084,0.0265588893089,53.1177786202,0.000490767551021,True
2016-09-02,108469.052307,0,0,0,False
2016-09-06,108758.585469,0,0,0,False
2016-09-07,108775.714573,0,0,0,False
2016-09-08,108476.214603,0,0,0,False
2016-09-09,106725.22337,0,0,0,False
2016-09-12,107673.976552,0,0,0,False
2016-09-13,106625.59357,0,0,0,False
2016-09-14,106655.615502,0,0,0,False
2016-09-15,107318.818751,0,0,0,False
2016-09-16,107101.057521,0,0,0,False
2016-09-19,107078.422969,0,0,0,False
2016-09-20,107096.785879,0,0,0,False
2016-09-21,107925.168843,0,0,0,False
2016-09-22,108422.027331,0,0,0,False
2016-09-23,108053.196779,0,0,0,False
2016-09-26,107581.695492,0,0,0,False
2016-09-27,108034.876396,0,0,0,False
2016-09-28,108367.693687,0,0,0,False
2016-09-29,107779.236029,0,0,0,False
2016-09-30,108219.404803,0,0,0,False
2016-10-03,108014.280273,0.0235143755854,47.0287511847,0.000435393735233,True
2016-10-04,107537.458164,0,0,0,False
2016-10-05,107764.941431,0,0,0,False
2016-10-06,107809.981924,0,0,0,False
2016-10-07,107595.44488,0,0,0,False
2016-10-10,107912.583976,0,0,0,False
2016-10-11,107027.077969,0,0,0,False
2016-10-12,107126.62026,0,0,0,False
2016-10-13,106978.039534,0,0,0,False
2016-10-14,106937.85025,0,0,0,False
2016-10-17,106788.845852,0,0,0,False
2016-10-18,107257.65829,0,0,0,False
2016-10-19,107452.017076,0,0,0,False
2016-10-20,107316.445557,0,0,0,False
2016-10-21,107373.457512,0,0,0,False
2016-10-24,107581.220733,0,0,0,False
2016-10-25,107364.97485,0,0,0,False
2016-10-26,107151.032292,0,0,0,False
2016-10-27,106871.909905,0,0,0,False
2016-10-28,106682.684024,0,0,0,False
2016-10-31,106739.627199,0,0,0,False
2016-11-01,106253.584344,0.376404987997,752.809976035,0.0070850062504,True
2016-11-02,105919.644578,0,0,0,False
2016-11-03,105572.188837,0,0,0,False
2016-11-04,105590.728515,0,0,0,False
2016-11-07,106930.758773,0,0,0,False
2016-11-08,107151.903002,0,0,0,False
2016-11-09,107443.461214,0,0,0,False
2016-11-10,107434.362708,0,0,0,False
2016-11-11,107206.721468,0,0,0,False
2016-11-14,107089.68798,0,0,0,False
2016-11-15,107630.899509,0,0,0,False
2016-11-16,107598.877917,0,0,0,False
2016-11-17,107780.313396,0,0,0,False
2016-11-18,107498.286663,0,0,0,False
2016-11-21,108031.266636,0,0,0,False
2016-11-22,108199.4607,0,0,0,False
2016-11-23,108090.262889,0,0,0,False
2016-11-25,108334.174596,0,0,0,False
2016-11-28,108165.425335,0,0,0,False
2016-11-29,108341.294227,0,0,0,False
2016-11-30,108016.546567,0,0,0,False
2016-12-01,107633.514576,1.75738233799,3514.76467602,0.032654394903,True
2016-12-02,107801.819428,0,0,0,False
2016-12-05,108226.045272,0,0,0,False
2016-12-06,108423.913315,0,0,0,False
2016-12-07,109388.831618,0,0,0,False
2016-12-08,109470.616925,0,0,0,False
2016-12-09,109738.678137,0,0,0,False
2016-12-12,109622.270186,0,0,0,False
2016-12-13,110122.331033,0,0,0,False
2016-12-14,109333.479841,0,0,0,False
2016-12-15,109555.043647,0,0,0,False
2016-12-16,109452.547504,0,0,0,False
2016-12-19,109709.499652,0,0,0,False
2016-12-20,109926.891061,0,0,0,False
2016-12-21,109832.448601,0,0,0,False
2016-12-22,109716.713273,0,0,0,False
2016-12-23,109826.342951,0,0,0,False
2016-12-27,109959.965019,0,0,0,False
2016-12-28,109474.856204,0,0,0,False
2016-12-29,109592.302924,0,0,0,False
2016-12-30,109437.87068,0,0,0,False
2017-01-03,109987.18365,0.645611759363,1291.22351872,0.0117396945406,True
2017-01-04,110392.012209,0,0,0,False
2017-01-05,110522.293604,0,0,0,False
2017-01-06,110613.214294,0,0,0,False
2017-01-09,110466.663121,0,0,0,False
2017-01-10,110454.472644,0,0,0,False
2017-01-11,110694.851309,0,0,0,False
2017-01-12,110544.111362,0,0,0,False
2017-01-13,110619.196301,0,0,0,False
2017-01-17,110535.288009,0,0,0,False
2017-01-18,110490.61901,0,0,0,False
2017-01-19,110130.649213,0,0,0,False
2017-01-20,110390.091503,0,0,0,False
2017-01-23,110339.219316,0,0,0,False
2017-01-24,110694.920991,0,0,0,False
2017-01-25,111154.201082,0,0,0,False
2017-01-26,111112.294429,0,0,0,False
2017-01-27,111043.467264,0,0,0,False
2017-01-30,110607.059071,0,0,0,False
2017-01-31,110706.958878,0,0,0,False
2017-02-01,110671.118986,0.286816039647,573.632079327,0.00518320044073,True
2017-02-02,110739.451821,0,0,0,False
2017-02-03,111209.761608,0,0,0,False
2017-02-06,111217.335641,0,0,0,False
2017-02-07,111265.381363,0,0,0,False
2017-02-08,111480.05552,0,0,0,False
2017-02-09,111770.166905,0,0,0,False
2017-02-10,112027.420547,0,0,0,False
2017-02-13,112329.365301,0,0,0,False
2017-02-14,112502.225044,0,0,0,False
2017-02-15,112788.387456,0,0,0,False
2017-02-16,112824.388151,0,0,0,False
2017-02-17,113030.750864,0,0,0,False
2017-02-21,113435.070782,0,0,0,False
2017-02-22,113402.535556,0,0,0,False
2017-02-23,113523.038222,0,0,0,False
2017-02-24,113774.664882,0,0,0,False
2017-02-27,113800.53194,0,0,0,False
2017-02-28,113601.540273,0,0,0,False
2017-03-01,114356.206568,1.33566014623,2671.3202925,0.0233593713231,True
2017-03-02,113839.383246,0,0,0,False
2017-03-03,113916.201718,0,0,0,False
2017-03-06,113691.879439,0,0,0,False
2017-03-07,113429.417902,0,0,0,False
2017-03-08,113193.450227,0,0,0,False
2017-03-09,113139.537416,0,0,0,False
2017-03-10,113444.824574,0,0,0,False
2017-03-13,113402.956903,0,0,0,False
2017-03-14,113159.478096,0,0,0,False
2017-03-15,114008.616113,0,0,0,False
2017-03-16,113823.273992,0,0,0,False
2017-03-17,113800.855234,0,0,0,False
2017-03-20,113793.815684,0,0,0,False
2017-03-21,113013.304697,0,0,0,False
2017-03-22,113234.901957,0,0,0,False
2017-03-23,113175.742672,0,0,0,False
2017-03-24,113088.789027,0,0,0,False
2017-03-27,113129.894944,0,0,0,False
2017-03-28,113512.608583,0,0,0,False
2017-03-29,113677.419601,0,0,0,False
2017-03-30,113808.316364,0,0,0,False
2017-03-31,113684.108216,0,0,0,False
2017-04-03,113736.222328,0.608736359602,1217.47271924,0.010704296118,True
2017-04-04,113737.865511,0,0,0,False
2017-04-05,113585.117361,0,0,0,False
2017-04-06,113772.308069,0,0,0,False
2017-04-07,113602.246401,0,0,0,False
2017-04-10,113701.439666,0,0,0,False
2017-04-11,113750.028932,0,0,0,False
2017-04-12,113551.826458,0,0,0,False
2017-04-13,113169.640359,0,0,0,False
2017-04-17,113741.893309,0,0,0,False
2017-04-18,113723.126211,0,0,0,False
2017-04-19,113527.28135,0,0,0,False
2017-04-20,114007.043766,0,0,0,False
2017-04-21,113802.113003,0,0,0,False
2017-04-24,114483.323057,0,0,0,False
2017-04-25,114732.772831,0,0,0,False
2017-04-26,114747.883438,0,0,0,False
2017-04-27,114847.749934,0,0,0,False
2017-04-28,114776.484843,0,0,0,False
2017-05-01,114832.267999,0.313646563794,627.293127632,0.00546267547625,True
2017-05-02,114921.622687,0,0,0,False
2017-05-03,114791.416297,0,0,0,False
2017-05-04,114834.239106,0,0,0,False
2017-05-05,115114.059716,0,0,0,False
2017-05-08,115013.765494,0,0,0,False
2017-05-09,114954.512627,0,0,0,False
2017-05-10,115091.303441,0,0,0,False
2017-05-11,114945.639767,0,0,0,False
2017-05-12,114999.148809,0,0,0,False
2017-05-15,115363.302602,0,0,0,False
2017-05-16,115358.913502,0,0,0,False
2017-05-17,114365.758358,0,0,0,False
2017-05-18,114614.623687,0,0,0,False
2017-05-19,115059.188129,0,0,0,False
2017-05-22,115378.941782,0,0,0,False
2017-05-23,115443.203489,0,0,0,False
2017-05-24,115685.133815,0,0,0,False
2017-05-25,116038.198969,0,0,0,False
2017-05-26,116006.895761,0,0,0,False
2017-05-30,116034.978305,0,0,0,False
2017-05-31,116064.153875,0,0,0,False
2017-06-01,116596.912169,0.292057751431,584.11550285,0.00500968703942,True
2017-06-02,116983.11249,0,0,0,False
2017-06-05,116858.943569,0,0,0,False
2017-06-06,116728.452705,0,0,0,False
2017-06-07,116802.426667,0,0,0,False
2017-06-08,116790.04379,0,0,0,False
2017-06-09,116645.371072,0,0,0,False
2017-06-12,116630.993171,0,0,0,False
2017-06-13,116985.868369,0,0,0,False
2017-06-14,117045.820971,0,0,0,False
2017-06-15,116880.932693,0,0,0,False
2017-06-16,116926.013604,0,0,0,False
2017-06-19,117445.646961,0,0,0,False
2017-06-20,117041.453582,0,0,0,False
2017-06-21,117032.614372,0,0,0,False
2017-06-22,117022.163717,0,0,0,False
2017-06-23,117114.423125,0,0,0,False
2017-06-26,117203.258224,0,0,0,False
2017-06-27,116496.492753,0,0,0,False
2017-06-28,117137.495894,0,0,0,False
2017-06-29,116429.853988,0,0,0,False
2017-06-30,116500.19767,0,0,0,False
2017-07-03,116535.375418,0.045857347257,91.7146945512,0.000787011309928,True
2017-07-05,116722.675178,0,0,0,False
2017-07-06,115992.063253,0,0,0,False
2017-07-07,116425.303387,0,0,0,False
2017-07-10,116521.729311,0,0,0,False
2017-07-11,116512.520789,0,0,0,False
2017-07-12,117178.887217,0,0,0,False
2017-07-13,117246.005812,0,0,0,False
2017-07-14,117622.086641,0,0,0,False
2017-07-17,117634.793769,0,0,0,False
2017-07-18,117779.126925,0,0,0,False
2017-07-19,118175.895887,0,0,0,False
2017-07-20,118220.486657,0,0,0,False
2017-07-21,118238.154195,0,0,0,False
2017-07-24,118178.09386,0,0,0,False
2017-07-25,118184.701867,0,0,0,False
2017-07-26,118277.294295,0,0,0,False
2017-07-27,118142.519415,0,0,0,False
2017-07-28,118152.793537,0,0,0,False
2017-07-31,118090.999092,0,0,0,False
2017-08-01,118377.891847,0.369451672144,738.90334428,0.00624188373924,True
2017-08-02,118377.861205,0,0,0,False
2017-08-03,118334.939325,0,0,0,False
2017-08-04,118386.499099,0,0,0,False
2017-08-07,118514.275523,0,0,0,False
2017-08-08,118295.957706,0,0,0,False
2017-08-09,118336.22118,0,0,0,False
2017-08-10,117381.413447,0,0,0,False
2017-08-11,117523.63706,0,0,0,False
2017-08-14,118197.040306,0,0,0,False
2017-08-15,118119.376247,0,0,0,False
2017-08-16,118329.187321,0,0,0,False
2017-08-17,117292.604319,0,0,0,False
2017-08-18,117153.229302,0,0,0,False
2017-08-21,117242.309103,0,0,0,False
2017-08-22,117928.609901,0,0,0,False
2017-08-23,117783.794497,0,0,0,False
2017-08-24,117559.678899,0,0,0,False
2017-08-25,117757.902218,0,0,0,False
2017-08-28,117778.013792,0,0,0,False
2017-08-29,117927.486161,0,0,0,False
2017-08-30,118251.999372,0,0,0,False
2017-08-31,118741.739471,0,0,0,False
2017-09-01,118734.086351,0.0644090934366,128.818186882,0.00108492953423,True
2017-09-05,118416.791657,0,0,0,False
2017-09-06,118606.408412,0,0,0,False
2017-09-07,118714.402164,0,0,0,False
2017-09-08,118574.894085,0,0,0,False
2017-09-11,119201.309859,0,0,0,False
2017-09-12,119373.662183,0,0,0,False
2017-09-13,119360.646328,0,0,0,False
2017-09-14,119363.570184,0,0,0,False
2017-09-15,119451.713497,0,0,0,False
2017-09-18,119583.217448,0,0,0,False
2017-09-19,119629.504573,0,0,0,False
2017-09-20,119616.662258,0,0,0,False
2017-09-21,119414.449464,0,0,0,False
2017-09-22,119463.464394,0,0,0,False
2017-09-25,119428.422897,0,0,0,False
2017-09-26,119454.476862,0,0,0,False
2017-09-27,119596.492391,0,0,0,False
2017-09-28,119687.457074,0,0,0,False
2017-09-29,119902.767195,0,0,0,False
2017-10-02,120245.944511,0.740209275275,1480.41855056,0.0123115124047,True
2017-10-03,120439.896055,0,0,0,False
2017-10-04,120512.511737,0,0,0,False
2017-10-05,120919.420032,0,0,0,False
2017-10-06,120766.138831,0,0,0,False
2017-10-09,120712.016897,0,0,0,False
2017-10-10,120908.00258,0,0,0,False
2017-10-11,121031.153707,0,0,0,False
2017-10-12,120979.594475,0,0,0,False
2017-10-13,121186.970504,0,0,0,False
2017-10-16,121235.812365,0,0,0,False
2017-10-17,121269.715999,0,0,0,False
2017-10-18,121266.474118,0,0,0,False
2017-10-19,121321.631097,0,0,0,False
2017-10-20,121558.423179,0,0,0,False
2017-10-23,121325.222594,0,0,0,False
2017-10-24,121352.819176,0,0,0,False
2017-10-25,120958.898116,0,0,0,False
2017-10-26,121000.517817,0,0,0,False
2017-10-27,121703.642769,0,0,0,False
2017-10-30,121560.974258,0,0,0,False
2017-10-31,121644.576789,0,0,0,False
2017-11-01,121762.391505,0.568142288481,1136.28457695,0.00933193953437,True
2017-11-02,121817.472636,0,0,0,False
2017-11-03,122106.084735,0,0,0,False
2017-11-06,122264.130598,0,0,0,False
2017-11-07,122226.399841,0,0,0,False
2017-11-08,122320.048848,0,0,0,False
2017-11-09,122017.712042,0,0,0,False
2017-11-10,121798.923519,0,0,0,False
2017-11-13,121867.003688,0,0,0,False
2017-11-14,121745.819875,0,0,0,False
2017-11-15,121473.365421,0,0,0,False
2017-11-16,122038.432502,0,0,0,False
2017-11-17,121876.251348,0,0,0,False
2017-11-20,121974.382526,0,0,0,False
2017-11-21,122502.902767,0,0,0,False
2017-11-22,122522.319458,0,0,0,False
2017-11-24,122683.63088,0,0,0,False
2017-11-27,122646.746048,0,0,0,False
2017-11-28,123395.811758,0,0,0,False
2017-11-29,123230.099537,0,0,0,False
2017-11-30,123802.444801,0,0,0,False
2017-12-01,123784.496469,0.76393960735,1527.87921474,0.0123429817872,True
2017-12-04,123690.110444,0,0,0,False
2017-12-05,123473.202921,0,0,0,False
2017-12-06,123537.137915,0,0,0,False
2017-12-07,123706.726646,0,0,0,False
2017-12-08,124092.989106,0,0,0,False
2017-12-11,124299.526932,0,0,0,False
2017-12-12,124408.847068,0,0,0,False
2017-12-13,124541.031596,0,0,0,False
2017-12-14,124248.523529,0,0,0,False
2017-12-15,124883.421212,0,0,0,False
2017-12-18,125296.914486,0,0,0,False
2017-12-19,124861.091639,0,0,0,False
2017-12-20,124708.150961,0,0,0,False
2017-12-21,124906.970771,0,0,0,False
2017-12-22,124909.898287,0,0,0,False
2017-12-26,124860.410775,0,0,0,False
2017-12-27,125051.370395,0,0,0,False
2017-12-28,125170.345345,0,0,0,False
2017-12-29,124935.121344,0,0,0,False
2018-01-02,125401.056355,0.625995747774,1251.99149555,0.00998384927609,True
2018-01-03,125881.559812,0,0,0,False
2018-01-04,126168.544047,0,0,0,False
2018-01-05,126643.066825,0,0,0,False
2018-01-08,126769.300071,0,0,0,False
2018-01-09,126804.973316,0,0,0,False
2018-01-10,126687.375048,0,0,0,False
2018-01-11,127270.273356,0,0,0,False
2018-01-12,127764.965099,0,0,0,False
2018-01-16,127512.825021,0,0,0,False
2018-01-17,128196.757621,0,0,0,False
2018-01-18,127954.901762,0,0,0,False
2018-01-19,128204.720834,0,0,0,False
2018-01-22,128824.650203,0,0,0,False
2018-01-23,129112.07244,0,0,0,False
2018-01-24,129030.73394,0,0,0,False
2018-01-25,129192.972891,0,0,0,False
2018-01-26,130019.282325,0,0,0,False
2018-01-29,129400.092661,0,0,0,False
2018-01-30,128504.543265,0,0,0,False
2018-01-31,128585.077698,0,0,0,False
2018-02-01,128337.999307,1.82298456298,3645.96912598,0.0284087125951,True
2018-02-02,126508.914647,0,0,0,False
2018-02-05,123563.853876,0,0,0,False
2018-02-06,124837.897082,0,0,0,False
2018-02-07,124324.022163,0,0,0,False
2018-02-08,121492.476191,0,0,0,False
2018-02-09,122483.973062,0,0,0,False
2018-02-12,123548.396284,0,0,0,False
2018-02-13,123743.203685,0,0,0,False
2018-02-14,124553.078697,0,0,0,False
2018-02-15,125555.866194,0,0,0,False
2018-02-16,125678.009854,0,0,0,False
2018-02-20,125157.842389,0,0,0,False
2018-02-21,124626.33787,0,0,0,False
2018-02-22,124726.856259,0,0,0,False
2018-02-23,126034.374212,0,0,0,False
2018-02-26,126944.928155,0,0,0,False
2018-02-27,125886.192516,0,0,0,False
2018-02-28,125264.402694,0,0,0,False
2018-03-01,124228.362373,1.33057898137,2661.15796275,0.0214212713524,True
2018-03-02,124533.3546,0,0,0,False
2018-03-05,125371.338859,0,0,0,False
2018-03-06,125572.785374,0,0,0,False
2018-03-07,125535.600064,0,0,0,False
2018-03-08,125982.391154,0,0,0,False
2018-03-09,127217.316584,0,0,0,False
2018-03-12,127147.814959,0,0,0,False
2018-03-13,126711.892739,0,0,0,False
2018-03-14,126400.404858,0,0,0,False
2018-03-15,126321.486401,0,0,0,False
2018-03-16,126376.586129,0,0,0,False
2018-03-19,125288.17904,0,0,0,False
2018-03-20,125337.556807,0,0,0,False
2018-03-21,125187.544183,0,0,0,False
2018-03-22,123390.971187,0,0,0,False
2018-03-23,121819.879562,0,0,0,False
2018-03-26,123774.888026,0,0,0,False
2018-03-27,122658.573009,0,0,0,False
2018-03-28,122471.274378,0,0,0,False
2018-03-29,123543.868645,0,0,0,False
2018-04-02,121904.865212,1.16776789835,2335.53579673,0.0191584923211,True
2018-04-03,122787.604893,0,0,0,False
2018-04-04,123598.455448,0,0,0,False
2018-04-05,124120.935125,0,0,0,False
2018-04-06,122548.620762,0,0,0,False
2018-04-09,122953.297818,0,0,0,False
2018-04-10,124095.766163,0,0,0,False
2018-04-11,123741.924827,0,0,0,False
2018-04-12,124248.905239,0,0,0,False
2018-04-13,124041.023568,0,0,0,False
2018-04-16,124669.42639,0,0,0,False
2018-04-17,125495.619813,0,0,0,False
2018-04-18,125415.592617,0,0,0,False
2018-04-19,124870.866395,0,0,0,False
2018-04-20,124090.841513,0,0,0,False
2018-04-23,124056.720997,0,0,0,False
2018-04-24,122972.97647,0,0,0,False
2018-04-25,123093.805293,0,0,0,False
2018-04-26,123937.21468,0,0,0,False
2018-04-27,124067.529529,0,0,0,False
2018-04-30,123494.278914,0,0,0,False
2018-05-01,123585.547962,1.12450984627,2249.01969255,0.018197914448,True
2018-05-02,123087.444958,0,0,0,False
2018-05-03,122981.258312,0,0,0,False
2018-05-04,123965.443554,0,0,0,False
2018-05-07,124193.897984,0,0,0,False
2018-05-08,124137.785693,0,0,0,False
2018-05-09,124803.626981,0,0,0,False
2018-05-10,125621.051841,0,0,0,False
2018-05-11,125876.752656,0,0,0,False
2018-05-14,125866.360807,0,0,0,False
2018-05-15,125120.364369,0,0,0,False
2018-05-16,125383.239898,0,0,0,False
2018-05-17,125253.402754,0,0,0,False
2018-05-18,125189.373864,0,0,0,False
2018-05-21,125764.960328,0,0,0,False
2018-05-22,125552.261871,0,0,0,False
2018-05-23,125897.812708,0,0,0,False
2018-05-24,125876.795847,0,0,0,False
2018-05-25,125802.452896,0,0,0,False
2018-05-29,125254.056621,0,0,0,False
2018-05-30,126132.343616,0,0,0,False
2018-05-31,125622.931467,0,0,0,False
2018-06-01,126305.132735,0.780068529537,1560.13705911,0.0123520508619,True
2018-06-04,126546.12499,0,0,0,False
2018-06-05,126639.61374,0,0,0,False
2018-06-06,127162.385028,0,0,0,False
2018-06-07,127263.609285,0,0,0,False
2018-06-08,127419.319927,0,0,0,False
2018-06-11,127469.385114,0,0,0,False
2018-06-12,127583.40235,0,0,0,False
2018-06-13,127289.251466,0,0,0,False
2018-06-14,127611.750295,0,0,0,False
2018-06-15,127532.260288,0,0,0,False
2018-06-18,127383.21118,0,0,0,False
2018-06-19,127140.689859,0,0,0,False
2018-06-20,127176.215733,0,0,0,False
2018-06-21,126709.152799,0,0,0,False
2018-06-22,126895.912095,0,0,0,False
2018-06-25,125826.742355,0,0,0,False
2018-06-26,126074.652387,0,0,0,False
2018-06-27,125539.126853,0,0,0,False
2018-06-28,125962.864412,0,0,0,False
2018-06-29,126114.215163,0,0,0,False
2018-07-02,126227.275167,0.0971774272039,194.354854431,0.001539720354,True
2018-07-03,126064.626885,0,0,0,False
2018-07-05,126727.972578,0,0,0,False
2018-07-06,127423.885331,0,0,0,False
2018-07-09,128067.153368,0,0,0,False
2018-07-10,128307.61871,0,0,0,False
2018-07-11,127758.323142,0,0,0,False
2018-07-12,128519.5224,0,0,0,False
2018-07-13,128628.483248,0,0,0,False
2018-07-16,128501.642956,0,0,0,False
2018-07-17,128797.379613,0,0,0,False
2018-07-18,128947.455515,0,0,0,False
2018-07-19,128728.368009,0,0,0,False
2018-07-20,128539.209718,0,0,0,False
2018-07-23,128507.792179,0,0,0,False
2018-07-24,128972.106123,0,0,0,False
2018-07-25,129645.438741,0,0,0,False
2018-07-26,129430.191178,0,0,0,False
2018-07-27,128933.406736,0,0,0,False
2018-07-30,128471.490485,0,0,0,False
2018-07-31,128898.826081,0,0,0,False
2018-08-01,128714.859759,1.01422646851,2028.45293703,0.0157591513325,True
2018-08-02,129155.021891,0,0,0,False
2018-08-03,129599.760127,0,0,0,False
2018-08-06,129919.85216,0,0,0,False
2018-08-07,130085.769226,0,0,0,False
2018-08-08,130052.7423,0,0,0,False
2018-08-09,130018.596347,0,0,0,False
2018-08-10,129605.437464,0,0,0,False
2018-08-13,129343.225697,0,0,0,False
2018-08-14,129789.428291,0,0,0,False
2018-08-15,129279.522681,0,0,0,False
2018-08-16,129935.694261,0,0,0,False
2018-08-17,130239.91902,0,0,0,False
2018-08-20,130509.931485,0,0,0,False
2018-08-21,130650.325973,0,0,0,False
2018-08-22,130647.416992,0,0,0,False
2018-08-23,130513.723483,0,0,0,False
2018-08-24,131045.126214,0,0,0,False
2018-08-27,131601.12305,0,0,0,False
2018-08-28,131542.184476,0,0,0,False
2018-08-29,131961.430077,0,0,0,False
2018-08-30,131661.255826,0,0,0,False
2018-08-31,131659.170359,0,0,0,False
2018-09-04,131463.274519,0.81156919268,1623.13838544,0.012346629667,True
2018-09-05,131226.203915,0,0,0,False
2018-09-06,131078.637791,0,0,0,False
2018-09-07,130737.784582,0,0,0,False
2018-09-10,130923.50272,0,0,0,False
2018-09-11,131092.811877,0,0,0,False
2018-09-12,131146.528775,0,0,0,False
2018-09-13,131646.673519,0,0,0,False
2018-09-14,131561.134317,0,0,0,False
2018-09-17,131142.018069,0,0,0,False
2018-09-18,131455.269799,0,0,0,False
2018-09-19,131440.476639,0,0,0,False
2018-09-20,132152.203159,0,0,0,False
2018-09-21,132118.870739,0,0,0,False
2018-09-24,131804.08013,0,0,0,False
2018-09-25,131705.44449,0,0,0,False
2018-09-26,131591.568572,0,0,0,False
2018-09-27,131847.705083,0,0,0,False
2018-09-28,131801.413214,0,0,0,False
2018-10-01,132063.119815,0.521819335816,1043.63867165,0.00790254349144,True
2018-10-02,132077.181549,0,0,0,False
2018-10-03,131869.652193,0,0,0,False
2018-10-04,131099.77173,0,0,0,False
2018-10-05,130544.334642,0,0,0,False
2018-10-08,130524.257904,0,0,0,False
2018-10-09,130485.467259,0,0,0,False
2018-10-10,127998.678206,0,0,0,False
2018-10-11,126489.309727,0,0,0,False
2018-10-12,127531.074648,0,0,0,False
2018-10-15,127074.928123,0,0,0,False
2018-10-16,128734.728368,0,0,0,False
2018-10-17,128642.91477,0,0,0,False
2018-10-18,127507.720122,0,0,0,False
2018-10-19,127421.830648,0,0,0,False
2018-10-22,127074.98031,0,0,0,False
2018-10-23,126759.991079,0,0,0,False
2018-10-24,124643.811709,0,0,0,False
2018-10-25,125891.539515,0,0,0,False
2018-10-26,124721.837538,0,0,0,False
2018-10-29,124267.323026,0,0,0,False
2018-10-30,125254.040289,0,0,0,False
2018-10-31,126005.767103,0,0,0,False
2018-11-01,126918.82377,1.86316475162,3726.32950325,0.0293595125683,True
2018-11-02,126316.950235,0,0,0,False
2018-11-05,126768.629367,0,0,0,False
2018-11-06,127255.181881,0,0,0,False
2018-11-07,128938.888119,0,0,0,False
2018-11-08,128704.416281,0,0,0,False
2018-11-09,128004.806634,0,0,0,False
2018-11-12,126642.50214,0,0,0,False
2018-11-13,126519.973577,0,0,0,False
2018-11-14,126006.991695,0,0,0,False
2018-11-15,126855.377585,0,0,0,False
2018-11-16,127135.78244,0,0,0,False
2018-11-19,125841.809994,0,0,0,False
2018-11-20,124435.813573,0,0,0,False
2018-11-21,124720.422967,0,0,0,False
2018-11-23,124213.04023,0,0,0,False
2018-11-26,125386.608712,0,0,0,False
2018-11-27,125651.777632,0,0,0,False
2018-11-28,127469.737356,0,0,0,False
2018-11-29,127327.014952,0,0,0,False
2018-11-30,127777.386701,0,0,0,False
2018-12-03,128876.596144,0.43718501876,874.370037544,0.00678452952365,True
2018-12-04,126508.790011,0,0,0,False
2018-12-06,126523.17816,0,0,0,False
2018-12-07,124856.130311,0,0,0,False
2018-12-10,125028.982622,0,0,0,False
2018-12-11,125060.386363,0,0,0,False
2018-12-12,125389.261998,0,0,0,False
2018-12-13,125379.072801,0,0,0,False
2018-12-14,124037.233577,0,0,0,False
2018-12-17,122711.034636,0,0,0,False
2018-12-18,122786.312022,0,0,0,False
2018-12-19,121777.998022,0,0,0,False
2018-12-20,120596.362702,0,0,0,False
2018-12-21,119169.608834,0,0,0,False
2018-12-24,117433.022412,0,0,0,False
2018-12-26,120631.597162,0,0,0,False
2018-12-27,121241.674956,0,0,0,False
2018-12-28,121344.797963,0,0,0,False
2018-12-31,122082.148485,0,0,0,False
2019-01-02,122190.337959,3.64765376551,7295.30753103,0.0597026727171,True
2019-01-03,120642.676963,0,0,0,False
2019-01-04,122893.003397,0,0,0,False
2019-01-07,123393.631426,0,0,0,False
2019-01-08,124057.292869,0,0,0,False
2019-01-09,124450.239161,0,0,0,False
2019-01-10,124661.867496,0,0,0,False
2019-01-11,124759.987833,0,0,0,False
2019-01-14,124228.171162,0,0,0,False
2019-01-15,125101.816234,0,0,0,False
2019-01-16,125327.74941,0,0,0,False
2019-01-17,125871.255057,0,0,0,False
2019-01-18,126860.223885,0,0,0,False
2019-01-22,125846.525761,0,0,0,False
2019-01-23,126058.185559,0,0,0,False
2019-01-24,126181.755501,0,0,0,False
2019-01-25,126812.282623,0,0,0,False
2019-01-28,126192.82922,0,0,0,False
2019-01-29,126218.690562,0,0,0,False
2019-01-30,127550.761891,0,0,0,False
2019-01-31,128386.174871,0,0,0,False
2019-02-01,128320.051522,2.14685818905,4293.71637812,0.0334604334428,True
2019-02-04,128818.519429,0,0,0,False
2019-02-05,129253.910242,0,0,0,False
2019-02-06,129122.497168,0,0,0,False
2019-02-07,128405.247689,0,0,0,False
2019-02-08,128614.486893,0,0,0,False
2019-02-11,128604.466344,0,0,0,False
2019-02-12,129606.160656,0,0,0,False
2019-02-13,129768.721891,0,0,0,False
2019-02-14,129671.611239,0,0,0,False
2019-02-15,130562.463055,0,0,0,False
2019-02-19,130728.066488,0,0,0,False
2019-02-20,130892.483973,0,0,0,False
2019-02-21,130495.111232,0,0,0,False
2019-02-22,131115.039345,0,0,0,False
2019-02-25,131208.936565,0,0,0,False
2019-02-26,131209.533331,0,0,0,False
2019-02-27,131064.956113,0,0,0,False
2019-02-28,130825.51985,0,0,0,False
2019-03-01,131237.146645,1.20266337352,2405.32674703,0.0183279259433,True
2019-03-04,131014.754496,0,0,0,False
2019-03-05,130942.490224,0,0,0,False
2019-03-06,130546.729999,0,0,0,False
2019-03-07,130042.942482,0,0,0,False
2019-03-08,129957.413849,0,0,0,False
2019-03-11,131079.940082,0,0,0,False
2019-03-12,131473.252359,0,0,0,False
2019-03-13,131968.152928,0,0,0,False
2019-03-14,131838.787255,0,0,0,False
2019-03-15,132361.790681,0,0,0,False
2019-03-18,132639.640387,0,0,0,False
2019-03-19,132629.835067,0,0,0,False
2019-03-20,132606.720926,0,0,0,False
2019-03-21,133513.412352,0,0,0,False
2019-03-22,132233.757051,0,0,0,False
2019-03-25,132272.973445,0,0,0,False
2019-03-26,132869.424628,0,0,0,False
2019-03-27,132568.056083,0,0,0,False
2019-03-28,132871.968299,0,0,0,False
2019-03-29,133366.219736,0,0,0,False
2019-04-01,134065.112507,0.17581525867,351.630517354,0.00262283042654,True
2019-04-02,134163.95294,0,0,0,False
2019-04-03,134191.559247,0,0,0,False
2019-04-04,134445.021806,0,0,0,False
2019-04-05,134875.843157,0,0,0,False
2019-04-08,134912.994144,0,0,0,False
2019-04-09,134526.212681,0,0,0,False
2019-04-10,134906.001574,0,0,0,False
2019-04-11,134819.114977,0,0,0,False
2019-04-12,135263.890789,0,0,0,False
2019-04-15,135200.506109,0,0,0,False
2019-04-16,135159.944881,0,0,0,False
2019-04-17,134955.138846,0,0,0,False
2019-04-18,135184.874242,0,0,0,False
2019-04-22,135190.894917,0,0,0,False
2019-04-23,136019.465148,0,0,0,False
2019-04-24,135960.341773,0,0,0,False
2019-04-25,135904.704125,0,0,0,False
2019-04-26,136396.363365,0,0,0,False
2019-04-29,136431.764121,0,0,0,False
2019-04-30,136508.615265,0,0,0,False
2019-05-01,135920.85918,0.5692019657,1138.40393148,0.00837545591617,True
2019-05-02,135624.395705,0,0,0,False
2019-05-03,136511.193131,0,0,0,False
2019-05-06,136243.244755,0,0,0,False
2019-05-07,134941.838875,0,0,0,False
2019-05-08,134820.008977,0,0,0,False
2019-05-09,134606.949793,0,0,0,False
2019-05-10,135019.410097,0,0,0,False
2019-05-13,133086.319403,0,0,0,False
2019-05-14,133841.332818,0,0,0,False
2019-05-15,134400.508707,0,0,0,False
2019-05-16,135073.123312,0,0,0,False
2019-05-17,134568.360835,0,0,0,False
2019-05-20,133964.945302,0,0,0,False
2019-05-21,134675.379691,0,0,0,False
2019-05-22,134519.732913,0,0,0,False
2019-05-23,133704.851268,0,0,0,False
2019-05-24,133903.778191,0,0,0,False
2019-05-28,133249.036275,0,0,0,False
2019-05-29,132738.678618,0,0,0,False
2019-05-30,133096.540754,0,0,0,False
2019-05-31,132301.499938,0,0,0,False
2019-06-03,132233.978835,2.60726953822,5214.53907641,0.0394334066693,True
2019-06-04,133908.285017,0,0,0,False
2019-06-05,134581.701739,0,0,0,False
2019-06-06,135103.80401,0,0,0,False
2019-06-07,136075.900559,0,0,0,False
2019-06-10,136318.366659,0,0,0,False
2019-06-11,136288.583113,0,0,0,False
2019-06-12,136208.266682,0,0,0,False
2019-06-13,136667.155624,0,0,0,False
2019-06-14,136560.296354,0,0,0,False
2019-06-17,136577.676469,0,0,0,False
2019-06-18,137596.998244,0,0,0,False
2019-06-19,137969.773494,0,0,0,False
2019-06-20,138869.882852,0,0,0,False
2019-06-21,138606.636457,0,0,0,False
2019-06-24,138598.009157,0,0,0,False
2019-06-25,137771.263148,0,0,0,False
2019-06-26,137567.305975,0,0,0,False
2019-06-27,138014.889302,0,0,0,False
2019-06-28,138426.5018,0,0,0,False
2019-07-01,139235.962411,2.30741564927,4614.8312986,0.033143411681,True
2019-07-02,139553.710637,0,0,0,False
2019-07-03,140313.489514,0,0,0,False
2019-07-05,139982.026779,0,0,0,False
2019-07-08,139488.586085,0,0,0,False
2019-07-09,139578.082405,0,0,0,False
2019-07-10,140019.382888,0,0,0,False
2019-07-11,140011.802671,0,0,0,False
2019-07-12,140450.533104,0,0,0,False
2019-07-15,140558.945645,0,0,0,False
2019-07-16,140224.769684,0,0,0,False
2019-07-17,139793.609893,0,0,0,False
2019-07-18,140191.747383,0,0,0,False
2019-07-19,139657.578658,0,0,0,False
2019-07-22,139933.993455,0,0,0,False
2019-07-23,140480.718217,0,0,0,False
2019-07-24,140959.302302,0,0,0,False
2019-07-25,140467.244482,0,0,0,False
2019-07-26,141045.205591,0,0,0,False
2019-07-29,140914.837435,0,0,0,False
2019-07-30,140700.770269,0,0,0,False
2019-07-31,139796.180009,0,0,0,False
2019-08-01,139500.82801,0.390829402604,781.65880521,0.00560323996959,True
2019-08-02,138890.495346,0,0,0,False
2019-08-05,136636.687865,0,0,0,False
2019-08-06,137916.078477,0,0,0,False
2019-08-07,137934.45486,0,0,0,False
2019-08-08,139593.266024,0,0,0,False
2019-08-09,138950.656806,0,0,0,False
2019-08-12,138147.331616,0,0,0,False
2019-08-13,139339.363103,0,0,0,False
2019-08-14,137058.243749,0,0,0,False
2019-08-15,137530.480504,0,0,0,False
2019-08-16,138677.88823,0,0,0,False
2019-08-19,139516.226215,0,0,0,False
2019-08-20,139034.883587,0,0,0,False
2019-08-21,139674.940834,0,0,0,False
2019-08-22,139499.816831,0,0,0,False
2019-08-23,137597.236247,0,0,0,False
2019-08-26,138466.51361,0,0,0,False
2019-08-27,138325.219438,0,0,0,False
2019-08-28,138903.678595,0,0,0,False
2019-08-29,139916.259129,0,0,0,False
2019-08-30,139929.22321,0,0,0,False
2019-09-03,139429.196291,1.12151037797,2243.02075592,0.0160870375345,True
2019-09-04,140476.71269,0,0,0,False
2019-09-05,141324.310499,0,0,0,False
2019-09-06,141449.310729,0,0,0,False
2019-09-09,141257.297408,0,0,0,False
2019-09-10,140938.29798,0,0,0,False
2019-09-11,141558.093541,0,0,0,False
2019-09-12,141769.152755,0,0,0,False
2019-09-13,141383.366321,0,0,0,False
2019-09-16,141262.746718,0,0,0,False
2019-09-17,141564.733561,0,0,0,False
2019-09-18,141680.190348,0,0,0,False
2019-09-19,141752.794945,0,0,0,False
2019-09-20,141544.361634,0,0,0,False
2019-09-23,141548.631325,0,0,0,False
2019-09-24,141024.086207,0,0,0,False
2019-09-25,141299.703486,0,0,0,False
2019-09-26,141213.579329,0,0,0,False
2019-09-27,140819.624258,0,0,0,False
2019-09-30,141230.342564,0,0,0,False
2019-10-01,140310.032149,0.580210381479,1160.42076302,0.00827037059785,True
2019-10-02,138862.587337,0,0,0,False
2019-10-03,139758.43805,0,0,0,False
2019-10-04,140976.002959,0,0,0,False
2019-10-07,140457.604991,0,0,0,False
2019-10-08,139171.180997,0,0,0,False
2019-10-09,139928.014541,0,0,0,False
2019-10-10,140300.106632,0,0,0,False
2019-10-11,140989.258327,0,0,0,False
2019-10-14,140988.816148,0,0,0,False
2019-10-15,141646.419641,0,0,0,False
2019-10-16,141607.830499,0,0,0,False
2019-10-17,141845.606598,0,0,0,False
2019-10-18,141509.155592,0,0,0,False
2019-10-21,141935.300271,0,0,0,False
2019-10-22,141738.29358,0,0,0,False
2019-10-23,142032.708966,0,0,0,False
2019-10-24,142188.30224,0,0,0,False
2019-10-25,142462.03944,0,0,0,False
2019-10-28,142831.002299,0,0,0,False
2019-10-29,142810.056921,0,0,0,False
2019-10-30,143235.86846,0,0,0,False
2019-10-31,143221.642823,0,0,0,False
2019-11-01,144042.316747,1.4633477896,2926.69557918,0.020318097576,True
2019-11-04,144246.689465,0,0,0,False
2019-11-05,143936.426174,0,0,0,False
2019-11-06,144042.917456,0,0,0,False
2019-11-07,144077.415263,0,0,0,False
2019-11-08,144261.362049,0,0,0,False
2019-11-11,144105.012401,0,0,0,False
2019-11-12,144349.723077,0,0,0,False
2019-11-13,144480.024322,0,0,0,False
2019-11-14,144770.298221,0,0,0,False
2019-11-15,145372.02195,0,0,0,False
2019-11-18,145544.123643,0,0,0,False
2019-11-19,145559.503828,0,0,0,False
2019-11-20,145369.784617,0,0,0,False
2019-11-21,145147.019936,0,0,0,False
2019-11-22,145372.432977,0,0,0,False
2019-11-25,146108.908319,0,0,0,False
2019-11-26,146390.978569,0,0,0,False
2019-11-27,146714.781508,0,0,0,False
2019-11-29,146313.043779,0,0,0,False
2019-12-02,145495.204182,0.68061421928,1361.22843856,0.00935578652592,True
2019-12-03,145173.61532,0,0,0,False
2019-12-04,145610.361991,0,0,0,False
2019-12-05,145699.950368,0,0,0,False
2019-12-06,146415.523929,0,0,0,False
2019-12-09,146169.237083,0,0,0,False
2019-12-10,146050.50913,0,0,0,False
2019-12-11,146455.064897,0,0,0,False
2019-12-12,146965.805673,0,0,0,False
2019-12-13,147251.888062,0,0,0,False
2019-12-16,147743.503139,0,0,0,False
2019-12-17,147768.295488,0,0,0,False
2019-12-18,147660.10429,0,0,0,False
2019-12-19,148089.741039,0,0,0,False
2019-12-20,148494.210589,0,0,0,False
2019-12-23,148590.658097,0,0,0,False
2019-12-24,148666.077597,0,0,0,False
2019-12-26,149199.259193,0,0,0,False
2019-12-27,149254.456351,0,0,0,False
2019-12-30,148753.39333,0,0,0,False
2019-12-31,148838.222681,0,0,0,False
2020-01-02,149844.645652,1.54299947349,3085.99894696,0.0205944440411,True
2020-01-03,149339.367177,0,0,0,False
2020-01-06,149631.905239,0,0,0,False
2020-01-07,149316.222338,0,0,0,False
2020-01-08,149723.094805,0,0,0,False
2020-01-09,150395.766354,0,0,0,False
2020-01-10,150236.685489,0,0,0,False
2020-01-13,150819.354645,0,0,0,False
2020-01-14,150734.188543,0,0,0,False
2020-01-15,151029.381015,0,0,0,False
2020-01-16,151784.923575,0,0,0,False
2020-01-17,152000.82144,0,0,0,False
2020-01-21,151991.160041,0,0,0,False
2020-01-22,152034.153915,0,0,0,False
2020-01-23,152219.10198,0,0,0,False
2020-01-24,151514.383264,0,0,0,False
2020-01-27,150242.106685,0,0,0,False
2020-01-28,151127.10772,0,0,0,False
2020-01-29,151190.682118,0,0,0,False
2020-01-30,151489.326266,0,0,0,False
2020-01-31,150023.568943,0,0,0,False
2020-02-03,150664.537268,0.69987287611,1399.74575221,0.00929043606061,True
2020-02-04,151842.119371,0,0,0,False
2020-02-05,152812.398587,0,0,0,False
2020-02-06,153161.669589,0,0,0,False
2020-02-07,152839.08024,0,0,0,False
2020-02-10,153599.257599,0,0,0,False
2020-02-11,153687.230396,0,0,0,False
2020-02-12,154226.447713,0,0,0,False
2020-02-13,154168.212166,0,0,0,False
2020-02-14,154382.036383,0,0,0,False
2020-02-18,154218.430989,0,0,0,False
2020-02-19,154651.680558,0,0,0,False
2020-02-20,154401.012335,0,0,0,False
2020-02-21,153554.38586,0,0,0,False
2020-02-24,150664.672542,0,0,0,False
2020-02-25,148045.141298,0,0,0,False
2020-02-26,147661.200922,0,0,0,False
2020-02-27,143769.828256,0,0,0,False
2020-02-28,143869.110054,0,0,0,False
2020-03-02,147423.566204,2.24845757478,4496.91514961,0.030502901815,True
2020-03-03,145292.693691,0,0,0,False
2020-03-04,148858.465362,0,0,0,False
2020-03-05,146065.332104,0,0,0,False
2020-03-06,145071.86539,0,0,0,False
2020-03-09,138347.730755,0,0,0,False
2020-03-10,141732.075491,0,0,0,False
2020-03-11,136864.158546,0,0,0,False
2020-03-12,127017.463125,0,0,0,False
2020-03-13,133967.152578,0,0,0,False
2020-03-16,126484.677005,0,0,0,False
2020-03-17,128695.32221,0,0,0,False
2020-03-18,122885.883482,0,0,0,False
2020-03-19,124242.324521,0,0,0,False
2020-03-20,121825.538414,0,0,0,False
2020-03-23,121469.088597,0,0,0,False
2020-03-24,127756.83453,0,0,0,False
2020-03-25,129394.640561,0,0,0,False
2020-03-26,133720.714512,0,0,0,False
2020-03-27,131730.385096,0,0,0,False
2020-03-30,134155.444555,0,0,0,False
2020-03-31,132875.102241,0,0,0,False
2020-04-01,129329.892867,6.74487846042,13489.7569209,0.104299579423,True
2020-04-02,131197.172621,0,0,0,False
2020-04-03,130085.719376,0,0,0,False
2020-04-06,135593.382828,0,0,0,False
2020-04-07,135750.653846,0,0,0,False
2020-04-08,138605.928918,0,0,0,False
2020-04-09,140569.822622,0,0,0,False
2020-04-13,139521.088937,0,0,0,False
2020-04-14,142111.097369,0,0,0,False
2020-04-15,140426.57655,0,0,0,False
2020-04-16,140916.667658,0,0,0,False
2020-04-17,143230.500381,0,0,0,False
2020-04-20,141561.873024,0,0,0,False
2020-04-21,138893.570238,0,0,0,False
2020-04-22,140803.943507,0,0,0,False
2020-04-23,140923.880449,0,0,0,False
2020-04-24,142123.16524,0,0,0,False
2020-04-27,143165.87627,0,0,0,False
2020-04-28,142957.143774,0,0,0,False
2020-04-29,145351.262743,0,0,0,False
2020-04-30,144373.398168,0,0,0,False
2020-05-01,141947.945695,3.97783985006,7955.67970021,0.0560448883124,True
2020-05-04,142231.382772,0,0,0,False
2020-05-05,142976.736178,0,0,0,False
2020-05-06,142164.121229,0,0,0,False
2020-05-07,143372.076203,0,0,0,False
2020-05-08,144655.025009,0,0,0,False
2020-05-11,144503.067331,0,0,0,False
2020-05-12,142892.999226,0,0,0,False
2020-05-13,141458.350122,0,0,0,False
2020-05-14,142648.184045,0,0,0,False
2020-05-15,143076.715748,0,0,0,False
2020-05-18,145620.390559,0,0,0,False
2020-05-19,144770.972424,0,0,0,False
2020-05-20,146410.527377,0,0,0,False
2020-05-21,145836.862071,0,0,0,False
2020-05-22,146034.657573,0,0,0,False
2020-05-26,147038.631849,0,0,0,False
2020-05-27,148461.435835,0,0,0,False
2020-05-28,148253.927256,0,0,0,False
2020-05-29,148811.109428,0,0,0,False
2020-06-01,149146.855486,2.53404195147,5068.08390299,0.0339799171759,True
2020-06-02,149938.713586,0,0,0,False
2020-06-03,150992.092826,0,0,0,False
2020-06-04,150574.026596,0,0,0,False
2020-06-05,152946.761903,0,0,0,False
2020-06-08,154143.345502,0,0,0,False
2020-06-09,153513.735218,0,0,0,False
2020-06-10,153233.506318,0,0,0,False
2020-06-11,147745.829681,0,0,0,False
2020-06-12,148861.164651,0,0,0,False
2020-06-15,149891.18442,0,0,0,False
2020-06-16,151505.146232,0,0,0,False
2020-06-17,151073.596297,0,0,0,False
2020-06-18,151169.725274,0,0,0,False
2020-06-19,150668.215569,0,0,0,False
2020-06-22,151235.431991,0,0,0,False
2020-06-23,151645.894283,0,0,0,False
2020-06-24,149294.206183,0,0,0,False
2020-06-25,150324.326255,0,0,0,False
2020-06-26,148248.062076,0,0,0,False
2020-06-29,149596.201102,0,0,0,False
2020-06-30,150794.262541,0,0,0,False
2020-07-01,151461.234563,0.46692419998,933.848400004,0.00616557447089,True
2020-07-02,152033.596087,0,0,0,False
2020-07-06,153439.078976,0,0,0,False
2020-07-07,152574.452614,0,0,0,False
2020-07-08,153256.311213,0,0,0,False
2020-07-09,152888.639493,0,0,0,False
2020-07-10,153756.197479,0,0,0,False
2020-07-13,152946.266624,0,0,0,False
2020-07-14,154237.819145,0,0,0,False
2020-07-15,155100.44488,0,0,0,False
2020-07-16,154831.250641,0,0,0,False
2020-07-17,155165.007983,0,0,0,False
2020-07-20,155992.663707,0,0,0,False
2020-07-21,156230.519518,0,0,0,False
2020-07-22,156823.260776,0,0,0,False
2020-07-23,155753.730916,0,0,0,False
2020-07-24,155124.472264,0,0,0,False
2020-07-27,155768.244022,0,0,0,False
2020-07-28,155209.328954,0,0,0,False
2020-07-29,156437.200089,0,0,0,False
2020-07-30,156143.876097,0,0,0,False
2020-07-31,156918.765912,0,0,0,False
2020-08-03,157605.62176,1.65947189432,3318.94378871,0.0210583150903,True
2020-08-04,158092.298326,0,0,0,False
2020-08-05,158560.469944,0,0,0,False
2020-08-06,159288.723416,0,0,0,False
2020-08-07,159283.846875,0,0,0,False
2020-08-10,159513.386229,0,0,0,False
2020-08-11,158542.479705,0,0,0,False
2020-08-12,159750.250793,0,0,0,False
2020-08-13,159342.491924,0,0,0,False
2020-08-14,159287.280176,0,0,0,False
2020-08-17,159679.51514,0,0,0,False
2020-08-18,159979.244947,0,0,0,False
2020-08-19,159478.655495,0,0,0,False
2020-08-20,159891.546412,0,0,0,False
2020-08-21,160300.017862,0,0,0,False
2020-08-24,161262.978983,0,0,0,False
2020-08-25,161476.123806,0,0,0,False
2020-08-26,162457.848564,0,0,0,False
2020-08-27,162459.956497,0,0,0,False
2020-08-28,163191.546312,0,0,0,False
2020-08-31,162963.552166,0,0,0,False
2020-09-01,164036.396553,2.98804992135,5976.09984272,0.0364308843099,True
2020-09-02,165592.934671,0,0,0,False
2020-09-03,162173.431985,0,0,0,False
2020-09-04,161059.344465,0,0,0,False
2020-09-08,158518.752556,0,0,0,False
2020-09-09,160349.865011,0,0,0,False
2020-09-10,158708.541681,0,0,0,False
2020-09-11,158833.561433,0,0,0,False
2020-09-14,160067.257811,0,0,0,False
2020-09-15,160550.155298,0,0,0,False
2020-09-16,160140.048977,0,0,0,False
2020-09-17,159324.895369,0,0,0,False
2020-09-18,158168.055091,0,0,0,False
2020-09-21,157147.840521,0,0,0,False
2020-09-22,158130.910347,0,0,0,False
2020-09-23,155845.722872,0,0,0,False
2020-09-24,156092.263155,0,0,0,False
2020-09-25,157580.136956,0,0,0,False
2020-09-28,159165.69729,0,0,0,False
2020-09-29,158666.739421,0,0,0,False
2020-09-30,159267.660061,0,0,0,False
2020-10-01,159958.593758,1.52077991847,3041.55983698,0.0190144889916,True
2020-10-02,158982.328936,0,0,0,False
2020-10-05,160462.077139,0,0,0,False
2020-10-06,159140.919125,0,0,0,False
2020-10-07,160757.706496,0,0,0,False
2020-10-08,161698.97873,0,0,0,False
2020-10-09,162589.455336,0,0,0,False
2020-10-12,164303.070196,0,0,0,False
2020-10-13,163664.404916,0,0,0,False
2020-10-14,163075.87491,0,0,0,False
2020-10-15,162899.225193,0,0,0,False
2020-10-16,162806.898794,0,0,0,False
2020-10-19,161227.469834,0,0,0,False
2020-10-20,161563.380543,0,0,0,False
2020-10-21,161302.389178,0,0,0,False
2020-10-22,161723.872216,0,0,0,False
2020-10-23,162149.23546,0,0,0,False
2020-10-26,160416.345635,0,0,0,False
2020-10-27,160229.539985,0,0,0,False
2020-10-28,156845.601838,0,0,0,False
2020-10-29,157677.151066,0,0,0,False
2020-10-30,156524.062804,0,0,0,False
2020-11-02,157680.845852,0.581381018244,1162.76203651,0.00737412171435,True
2020-11-03,159324.34717,0,0,0,False
2020-11-04,161895.763451,0,0,0,False
2020-11-05,163874.65328,0,0,0,False
2020-11-06,163711.835578,0,0,0,False
2020-11-09,164676.59433,0,0,0,False
2020-11-10,164425.339784,0,0,0,False
2020-11-11,165216.55815,0,0,0,False
2020-11-12,164488.86121,0,0,0,False
2020-11-13,165900.699098,0,0,0,False
2020-11-16,167176.033541,0,0,0,False
2020-11-17,166746.474123,0,0,0,False
2020-11-18,165546.053734,0,0,0,False
2020-11-19,166094.183044,0,0,0,False
2020-11-20,165456.778714,0,0,0,False
2020-11-23,166050.919214,0,0,0,False
2020-11-24,167615.215933,0,0,0,False
2020-11-25,167433.220819,0,0,0,False
2020-11-27,167830.198243,0,0,0,False
2020-11-30,167455.012789,0,0,0,False
2020-12-01,168384.190669,3.83916126334,7678.32252673,0.0455989807261,True
2020-12-02,168522.421268,0,0,0,False
2020-12-03,168609.150308,0,0,0,False
2020-12-04,169298.488696,0,0,0,False
2020-12-07,169191.593124,0,0,0,False
2020-12-08,169495.399217,0,0,0,False
2020-12-09,168481.82475,0,0,0,False
2020-12-10,168614.450569,0,0,0,False
2020-12-11,168570.081387,0,0,0,False
2020-12-14,168077.38858,0,0,0,False
2020-12-15,169478.163437,0,0,0,False
2020-12-16,169609.722121,0,0,0,False
2020-12-17,170178.218734,0,0,0,False
2020-12-18,169733.618069,0,0,0,False
2020-12-21,169367.743941,0,0,0,False
2020-12-22,169293.142335,0,0,0,False
2020-12-23,169338.832378,0,0,0,False
2020-12-24,169798.160084,0,0,0,False
2020-12-28,170688.357263,0,0,0,False
2020-12-29,170502.946873,0,0,0,False
2020-12-30,170689.9139,0,0,0,False
2020-12-31,171265.335275,0,0,0,False
2021-01-04,169768.181668,0.367910376197,735.820752457,0.00433425834341,True
2021-01-05,170400.71563,0,0,0,False
2021-01-06,170680.227589,0,0,0,False
2021-01-07,172144.092737,0,0,0,False
2021-01-08,172660.191718,0,0,0,False
2021-01-11,171841.016507,0,0,0,False
2021-01-12,171920.640964,0,0,0,False
2021-01-13,172415.256147,0,0,0,False
2021-01-14,171915.582211,0,0,0,False
2021-01-15,171222.306753,0,0,0,False
2021-01-19,172129.132483,0,0,0,False
2021-01-20,173582.212069,0,0,0,False
2021-01-21,173581.068883,0,0,0,False
2021-01-22,173205.428026,0,0,0,False
2021-01-25,173795.109357,0,0,0,False
2021-01-26,173606.347383,0,0,0,False
2021-01-27,171021.319606,0,0,0,False
2021-01-28,171864.64137,0,0,0,False
2021-01-29,169701.783124,0,0,0,False
2021-02-01,171466.713625,1.03533104871,2070.6620974,0.0120761024158,True
2021-02-02,172816.144099,0,0,0,False
2021-02-03,172816.258077,0,0,0,False
2021-02-04,173973.780934,0,0,0,False
2021-02-05,174301.671655,0,0,0,False
2021-02-08,175137.520143,0,0,0,False
2021-02-09,175095.674222,0,0,0,False
2021-02-10,175113.56296,0,0,0,False
2021-02-11,175203.929332,0,0,0,False
2021-02-12,175573.747133,0,0,0,False
2021-02-16,175158.950005,0,0,0,False
2021-02-17,175318.125908,0,0,0,False
2021-02-18,174826.370393,0,0,0,False
2021-02-19,174427.095205,0,0,0,False
2021-02-22,173396.077763,0,0,0,False
2021-02-23,173542.144374,0,0,0,False
2021-02-24,174686.407955,0,0,0,False
2021-02-25,171484.86194,0,0,0,False
2021-02-26,171490.271129,0,0,0,False
2021-03-01,173974.164098,2.14499378702,4289.98757411,0.0246584583642,True
2021-03-02,173171.742234,0,0,0,False
2021-03-03,171545.924357,0,0,0,False
2021-03-04,170081.688903,0,0,0,False
2021-03-05,171890.164016,0,0,0,False
2021-03-08,171106.308351,0,0,0,False
2021-03-09,172826.585794,0,0,0,False
2021-03-10,173587.180374,0,0,0,False
2021-03-11,174639.479901,0,0,0,False
2021-03-12,174388.479717,0,0,0,False
2021-03-15,175090.739046,0,0,0,False
2021-03-16,174932.557011,0,0,0,False
2021-03-17,175288.249901,0,0,0,False
2021-03-18,173473.502746,0,0,0,False
2021-03-19,173333.837719,0,0,0,False
2021-03-22,174302.857617,0,0,0,False
2021-03-23,173647.549497,0,0,0,False
2021-03-24,173199.955609,0,0,0,False
2021-03-25,173749.716411,0,0,0,False
2021-03-26,175323.022879,0,0,0,False
2021-03-29,175154.332015,0,0,0,False
2021-03-30,174926.502189,0,0,0,False
2021-03-31,175368.732578,0,0,0,False
2021-04-01,176748.962438,1.64126399241,3282.52798484,0.0185715234691,True
2021-04-05,178128.487567,0,0,0,False
2021-04-06,178312.938178,0,0,0,False
2021-04-07,178325.77906,0,0,0,False
2021-04-08,179010.29659,0,0,0,False
2021-04-09,179715.905063,0,0,0,False
2021-04-12,179737.003137,0,0,0,False
2021-04-13,180264.568307,0,0,0,False
2021-04-14,179835.513323,0,0,0,False
2021-04-15,181284.531194,0,0,0,False
2021-04-16,181466.538288,0,0,0,False
2021-04-19,180868.034215,0,0,0,False
2021-04-20,180174.887697,0,0,0,False
2021-04-21,181275.50247,0,0,0,False
2021-04-22,180288.125282,0,0,0,False
2021-04-23,181459.062685,0,0,0,False
2021-04-26,181627.39102,0,0,0,False
2021-04-27,181429.918188,0,0,0,False
2021-04-28,181435.385644,0,0,0,False
2021-04-29,182102.338869,0,0,0,False
2021-04-30,181446.127458,0,0,0,False
2021-05-03,181728.018579,1.66816807614,3336.33615226,0.0183587844782,True
2021-05-04,181144.297105,0,0,0,False
2021-05-05,181235.358771,0,0,0,False
2021-05-06,182113.729896,0,0,0,False
2021-05-07,182889.861687,0,0,0,False
2021-05-10,181685.64629,0,0,0,False
2021-05-11,180554.24569,0,0,0,False
2021-05-12,178005.642452,0,0,0,False
2021-05-13,179440.628865,0,0,0,False
2021-05-14,181248.444352,0,0,0,False
2021-05-17,180908.510032,0,0,0,False
2021-05-18,179886.145332,0,0,0,False
2021-05-19,179502.884043,0,0,0,False
2021-05-20,180903.125323,0,0,0,False
2021-05-21,180846.257655,0,0,0,False
2021-05-24,182019.038498,0,0,0,False
2021-05-25,181954.504681,0,0,0,False
2021-05-26,182145.488504,0,0,0,False
2021-05-27,182113.874269,0,0,0,False
2021-05-28,182309.439114,0,0,0,False
2021-06-01,182179.108302,0.112550749967,225.10149995,0.00123560469134,True
2021-06-02,182446.602873,0,0,0,False
2021-06-03,181868.195978,0,0,0,False
2021-06-04,183165.350455,0,0,0,False
2021-06-07,183007.553213,0,0,0,False
2021-06-08,183164.844121,0,0,0,False
2021-06-09,183147.366252,0,0,0,False
2021-06-10,183810.814961,0,0,0,False
2021-06-11,183961.283265,0,0,0,False
2021-06-14,184023.889422,0,0,0,False
2021-06-15,183852.616249,0,0,0,False
2021-06-16,182999.461518,0,0,0,False
2021-06-17,183192.459923,0,0,0,False
2021-06-18,181907.388982,0,0,0,False
2021-06-21,183268.355961,0,0,0,False
2021-06-22,183932.784429,0,0,0,False
2021-06-23,183761.267443,0,0,0,False
2021-06-24,184440.053628,0,0,0,False
2021-06-25,184688.033558,0,0,0,False
2021-06-28,185123.117561,0,0,0,False
2021-06-29,185221.438444,0,0,0,False
2021-06-30,185366.490663,0,0,0,False
2021-07-01,185944.053699,0.909898626211,1819.79725244,0.00978675204336,True
2021-07-02,186958.399305,0,0,0,False
2021-07-06,186992.705166,0,0,0,False
2021-07-07,187518.466849,0,0,0,False
2021-07-08,186684.88627,0,0,0,False
2021-07-09,187631.669564,0,0,0,False
2021-07-12,187990.767189,0,0,0,False
2021-07-13,187443.067338,0,0,0,False
2021-07-14,187863.501621,0,0,0,False
2021-07-15,187638.881974,0,0,0,False
2021-07-16,186690.398153,0,0,0,False
2021-07-19,185433.430315,0,0,0,False
2021-07-20,186940.848638,0,0,0,False
2021-07-21,187599.933739,0,0,0,False
2021-07-22,188010.283531,0,0,0,False
2021-07-23,189119.782588,0,0,0,False
2021-07-26,189335.076337,0,0,0,False
2021-07-27,188988.586248,0,0,0,False
2021-07-28,189013.004177,0,0,0,False
2021-07-29,189361.958347,0,0,0,False
2021-07-30,188910.692485,0,0,0,False
2021-08-02,188831.923602,0.123098429875,246.196859788,0.00130378748782,True
2021-08-03,189779.603566,0,0,0,False
2021-08-04,189211.276211,0,0,0,False
2021-08-05,189762.547552,0,0,0,False
2021-08-06,189614.511873,0,0,0,False
2021-08-09,189385.252301,0,0,0,False
2021-08-10,189430.398611,0,0,0,False
2021-08-11,189786.488223,0,0,0,False
2021-08-12,190137.332663,0,0,0,False
2021-08-13,190619.271814,0,0,0,False
2021-08-16,190930.002099,0,0,0,False
2021-08-17,190113.078399,0,0,0,False
2021-08-18,188861.20751,0,0,0,False
2021-08-19,189166.885179,0,0,0,False
2021-08-20,190079.585082,0,0,0,False
2021-08-23,191089.362823,0,0,0,False
2021-08-24,191162.990357,0,0,0,False
2021-08-25,191263.816552,0,0,0,False
2021-08-26,190584.143408,0,0,0,False
2021-08-27,191824.606352,0,0,0,False
2021-08-30,192421.509344,0,0,0,False
2021-08-31,192137.871034,0,0,0,False
2021-09-01,192222.386883,1.6440637511,3288.12750218,0.0171057046613,True
2021-09-02,192656.82716,0,0,0,False
2021-09-03,192496.077201,0,0,0,False
2021-09-07,191876.955565,0,0,0,False
2021-09-08,191862.553815,0,0,0,False
2021-09-09,191615.279084,0,0,0,False
2021-09-10,190559.056822,0,0,0,False
2021-09-13,190949.529526,0,0,0,False
2021-09-14,190506.756686,0,0,0,False
2021-09-15,191380.87359,0,0,0,False
2021-09-16,191067.021041,0,0,0,False
2021-09-17,189888.72528,0,0,0,False
2021-09-20,188149.790497,0,0,0,False
2021-09-21,188077.945194,0,0,0,False
2021-09-22,189187.762175,0,0,0,False
2021-09-23,190172.109404,0,0,0,False
2021-09-24,190226.419075,0,0,0,False
2021-09-27,189795.061772,0,0,0,False
2021-09-28,187192.383895,0,0,0,False
2021-09-29,187432.384358,0,0,0,False
2021-09-30,186059.278509,0,0,0,False
2021-10-01,187596.459103,1.35261119629,2705.22239265,0.0144203302156,True
2021-10-04,186092.708695,0,0,0,False
2021-10-05,187072.618273,0,0,0,False
2021-10-06,187571.773545,0,0,0,False
2021-10-07,188337.590423,0,0,0,False
2021-10-08,187967.139651,0,0,0,False
2021-10-11,187027.967526,0,0,0,False
2021-10-12,187024.675538,0,0,0,False
2021-10-13,187598.697597,0,0,0,False
2021-10-14,189639.653916,0,0,0,False
2021-10-15,190330.442784,0,0,0,False
2021-10-18,190620.46969,0,0,0,False
2021-10-19,191299.344057,0,0,0,False
2021-10-20,191705.952282,0,0,0,False
2021-10-21,191855.191457,0,0,0,False
2021-10-22,191876.93074,0,0,0,False
2021-10-25,192578.590879,0,0,0,False
2021-10-26,192821.879717,0,0,0,False
2021-10-27,192546.235201,0,0,0,False
2021-10-28,193622.851465,0,0,0,False
2021-10-29,193844.298471,0,0,0,False
2021-11-01,194000.485386,2.84369164048,5687.38328102,0.0293159055985,True
2021-11-02,194627.122763,0,0,0,False
2021-11-03,195184.632243,0,0,0,False
2021-11-04,195996.571874,0,0,0,False
2021-11-05,196711.707798,0,0,0,False
2021-11-08,196670.455147,0,0,0,False
2021-11-09,196495.359144,0,0,0,False
2021-11-10,195014.875963,0,0,0,False
2021-11-11,194910.339444,0,0,0,False
2021-11-12,195782.385157,0,0,0,False
2021-11-15,195537.907147,0,0,0,False
2021-11-16,195978.892466,0,0,0,False
2021-11-17,195873.625509,0,0,0,False
2021-11-18,196343.740212,0,0,0,False
2021-11-19,196280.446396,0,0,0,False
2021-11-22,195573.332566,0,0,0,False
2021-11-23,195424.955976,0,0,0,False
2021-11-24,195917.617722,0,0,0,False
2021-11-26,193817.968828,0,0,0,False
2021-11-29,195283.170731,0,0,0,False
2021-11-30,193124.760023,0,0,0,False
2021-12-01,191858.227189,1.12905854947,2258.11709895,0.0117696480543,True
2021-12-02,193608.012293,0,0,0,False
2021-12-03,192898.997093,0,0,0,False
2021-12-06,194003.39783,0,0,0,False
2021-12-07,196307.812594,0,0,0,False
2021-12-08,196423.82303,0,0,0,False
2021-12-09,195620.514632,0,0,0,False
2021-12-10,196762.363477,0,0,0,False
2021-12-13,195964.570985,0,0,0,False
2021-12-14,194997.06067,0,0,0,False
2021-12-15,196786.839913,0,0,0,False
2021-12-16,195831.622848,0,0,0,False
2021-12-17,194656.898143,0,0,0,False
2021-12-20,193289.083843,0,0,0,False
2021-12-21,195300.645052,0,0,0,False
2021-12-22,196554.932721,0,0,0,False
2021-12-23,197207.290084,0,0,0,False
2021-12-27,198955.328881,0,0,0,False
2021-12-28,198821.747678,0,0,0,False
2021-12-29,198750.341431,0,0,0,False
2021-12-30,198579.40644,0,0,0,False
2021-12-31,198244.867985,0,0,0,False
2022-01-03,198423.893375,3.44064566155,6881.29132318,0.0346791502146,True
2022-01-04,198376.991055,0,0,0,False
2022-01-05,195846.463405,0,0,0,False
2022-01-06,195652.743754,0,0,0,False
2022-01-07,194960.526797,0,0,0,False
2022-01-10,194745.909577,0,0,0,False
2022-01-11,195949.696403,0,0,0,False
2022-01-12,196266.206831,0,0,0,False
2022-01-13,194788.921948,0,0,0,False
2022-01-14,194394.940419,0,0,0,False
2022-01-18,191867.495122,0,0,0,False
2022-01-19,190854.326758,0,0,0,False
2022-01-20,189650.280511,0,0,0,False
2022-01-21,187772.848651,0,0,0,False
2022-01-24,188145.325242,0,0,0,False
2022-01-25,186729.955226,0,0,0,False
2022-01-26,186016.994429,0,0,0,False
2022-01-27,185742.861613,0,0,0,False
2022-01-28,188468.016357,0,0,0,False
2022-01-31,190444.804409,0,0,0,False
2022-02-01,191173.270331,1.82116928766,3642.33857536,0.019052369986,True
2022-02-02,192369.702463,0,0,0,False
2022-02-03,189339.061308,0,0,0,False
2022-02-04,189391.22892,0,0,0,False
2022-02-07,189095.073543,0,0,0,False
2022-02-08,189794.028811,0,0,0,False
2022-02-09,191513.342437,0,0,0,False
2022-02-10,188732.829514,0,0,0,False
2022-02-11,186982.494463,0,0,0,False
2022-02-14,186179.299831,0,0,0,False
2022-02-15,187848.862364,0,0,0,False
2022-02-16,188064.589194,0,0,0,False
2022-02-17,185806.278737,0,0,0,False
2022-02-18,185247.222956,0,0,0,False
2022-02-22,183984.907757,0,0,0,False
2022-02-23,181719.493257,0,0,0,False
2022-02-24,183464.574759,0,0,0,False
2022-02-25,185933.039838,0,0,0,False
2022-02-28,186190.727862,0,0,0,False
2022-03-01,184930.761806,2.07241681812,4144.83363623,0.022412643237,True
2022-03-02,186084.240509,0,0,0,False
2022-03-03,185768.659311,0,0,0,False
2022-03-04,185148.813934,0,0,0,False
2022-03-07,181434.007999,0,0,0,False
2022-03-08,180353.053043,0,0,0,False
2022-03-09,183079.433189,0,0,0,False
2022-03-10,182174.209387,0,0,0,False
2022-03-11,180764.784142,0,0,0,False
2022-03-14,179271.673449,0,0,0,False
2022-03-15,181798.239169,0,0,0,False
2022-03-16,184290.245992,0,0,0,False
2022-03-17,185816.815247,0,0,0,False
2022-03-18,187223.664878,0,0,0,False
2022-03-21,186482.464402,0,0,0,False
2022-03-22,187634.948849,0,0,0,False
2022-03-23,186429.836058,0,0,0,False
2022-03-24,188001.418896,0,0,0,False
2022-03-25,188003.50591,0,0,0,False
2022-03-28,189010.56938,0,0,0,False
2022-03-29,190804.284173,0,0,0,False
2022-03-30,190260.130157,0,0,0,False
2022-03-31,188399.224191,0,0,0,False
2022-04-01,188599.453135,4.07961551641,8159.23103286,0.0432612842076,True
2022-04-04,189632.463818,0,0,0,False
2022-04-05,187427.615642,0,0,0,False
2022-04-06,186110.002457,0,0,0,False
2022-04-07,186509.636893,0,0,0,False
2022-04-08,185835.283186,0,0,0,False
2022-04-11,183605.93006,0,0,0,False
2022-04-12,183431.90366,0,0,0,False
2022-04-13,184834.531374,0,0,0,False
2022-04-14,182854.706307,0,0,0,False
2022-04-18,182673.565924,0,0,0,False
2022-04-19,183994.697396,0,0,0,False
2022-04-20,184329.203159,0,0,0,False
2022-04-21,182264.929264,0,0,0,False
2022-04-22,179191.125761,0,0,0,False
2022-04-25,180295.833684,0,0,0,False
2022-04-26,177421.440375,0,0,0,False
2022-04-27,177416.939263,0,0,0,False
2022-04-28,180022.058147,0,0,0,False
2022-04-29,175633.814265,0,0,0,False
2022-05-02,175855.742044,1.95878785796,3917.57571594,0.0222769642581,True
2022-05-03,176497.837559,0,0,0,False
2022-05-04,180180.340975,0,0,0,False
2022-05-05,175595.667504,0,0,0,False
2022-05-06,174670.696684,0,0,0,False
2022-05-09,171662.43939,0,0,0,False
2022-05-10,172110.137127,0,0,0,False
2022-05-11,170757.893693,0,0,0,False
2022-05-12,170784.403048,0,0,0,False
2022-05-13,172869.166397,0,0,0,False
2022-05-16,172612.673023,0,0,0,False
2022-05-17,174322.050071,0,0,0,False
2022-05-18,170414.243587,0,0,0,False
2022-05-19,169982.338184,0,0,0,False
2022-05-20,170239.152236,0,0,0,False
2022-05-23,171860.747464,0,0,0,False
2022-05-24,171633.551381,0,0,0,False
2022-05-25,172815.613886,0,0,0,False
2022-05-26,174781.794976,0,0,0,False
2022-05-27,177431.854286,0,0,0,False
2022-05-31,176384.10311,0,0,0,False
2022-06-01,175240.369539,0.876074606262,1752.14921258,0.00999849782192,True
2022-06-02,177331.313713,0,0,0,False
2022-06-03,175457.013659,0,0,0,False
2022-06-06,175348.605235,0,0,0,False
2022-06-07,176628.326772,0,0,0,False
2022-06-08,175181.820912,0,0,0,False
2022-06-09,172596.258368,0,0,0,False
2022-06-10,169069.830464,0,0,0,False
2022-06-13,164139.346146,0,0,0,False
2022-06-14,163447.167188,0,0,0,False
2022-06-15,165565.045845,0,0,0,False
2022-06-16,162506.958362,0,0,0,False
2022-06-17,162703.051255,0,0,0,False
2022-06-21,164804.94572,0,0,0,False
2022-06-22,165208.841001,0,0,0,False
2022-06-23,166441.285065,0,0,0,False
2022-06-24,169431.160012,0,0,0,False
2022-06-27,168740.3923,0,0,0,False
2022-06-28,166720.572674,0,0,0,False
2022-06-29,167035.916492,0,0,0,False
2022-06-30,166552.72282,0,0,0,False
2022-07-01,168156.384475,2.60575236956,5211.50473918,0.0309915320742,True
2022-07-05,168471.784504,0,0,0,False
2022-07-06,168359.711839,0,0,0,False
2022-07-07,169727.636809,0,0,0,False
2022-07-08,169393.171408,0,0,0,False
2022-07-11,168527.062204,0,0,0,False
2022-07-12,167719.236859,0,0,0,False
2022-07-13,167433.11237,0,0,0,False
2022-07-14,166953.058272,0,0,0,False
2022-07-15,169126.691685,0,0,0,False
2022-07-18,168068.228197,0,0,0,False
2022-07-19,170707.354223,0,0,0,False
2022-07-20,171322.976419,0,0,0,False
2022-07-21,172945.520446,0,0,0,False
2022-07-22,172492.129793,0,0,0,False
2022-07-25,172369.41746,0,0,0,False
2022-07-26,171117.736314,0,0,0,False
2022-07-27,174040.483082,0,0,0,False
2022-07-28,175858.019915,0,0,0,False
2022-07-29,177431.269315,0,0,0,False
2022-08-01,177343.177979,2.30177891045,4603.55782091,0.0259581345247,True
2022-08-02,175912.999256,0,0,0,False
2022-08-03,177881.289377,0,0,0,False
2022-08-04,177978.920659,0,0,0,False
2022-08-05,177008.131487,0,0,0,False
2022-08-08,177203.649028,0,0,0,False
2022-08-09,176622.299774,0,0,0,False
2022-08-10,179037.327298,0,0,0,False
2022-08-11,178663.032125,0,0,0,False
2022-08-12,180817.88784,0,0,0,False
2022-08-15,181362.229272,0,0,0,False
2022-08-16,181477.770763,0,0,0,False
2022-08-17,180272.570674,0,0,0,False
2022-08-18,180743.497119,0,0,0,False
2022-08-19,178763.982239,0,0,0,False
2022-08-22,176187.595344,0,0,0,False
2022-08-23,175901.326148,0,0,0,False
2022-08-24,176059.467765,0,0,0,False
2022-08-25,177953.398856,0,0,0,False
2022-08-26,174145.725936,0,0,0,False
2022-08-29,173118.002363,0,0,0,False
2022-08-30,172061.499143,0,0,0,False
2022-08-31,170909.118075,0,0,0,False
2022-09-01,170932.828224,0.128930009203,257.860018475,0.00150854476964,True
2022-09-02,170049.559485,0,0,0,False
2022-09-06,169024.391698,0,0,0,False
2022-09-07,171312.034449,0,0,0,False
2022-09-08,171766.01973,0,0,0,False
2022-09-09,173368.424141,0,0,0,False
2022-09-12,174396.548449,0,0,0,False
2022-09-13,169390.63303,0,0,0,False
2022-09-14,169867.547517,0,0,0,False
2022-09-15,168503.513715,0,0,0,False
2022-09-16,167685.726067,0,0,0,False
2022-09-19,168359.969299,0,0,0,False
2022-09-20,166900.729365,0,0,0,False
2022-09-21,165372.046731,0,0,0,False
2022-09-22,163831.129089,0,0,0,False
2022-09-23,161997.347526,0,0,0,False
2022-09-26,160197.687289,0,0,0,False
2022-09-27,159675.958265,0,0,0,False
2022-09-28,162585.595439,0,0,0,False
2022-09-29,160226.449711,0,0,0,False
2022-09-30,158611.945501,0,0,0,False
2022-10-03,161594.713284,1.72066435419,3441.32870842,0.0212958208566,True
2022-10-04,164772.496094,0,0,0,False
2022-10-05,164199.572299,0,0,0,False
2022-10-06,162917.377613,0,0,0,False
2022-10-07,159824.082911,0,0,0,False
2022-10-10,158804.688319,0,0,0,False
2022-10-11,158241.733729,0,0,0,False
2022-10-12,157983.03726,0,0,0,False
2022-10-13,160271.5492,0,0,0,False
2022-10-14,157719.051819,0,0,0,False
2022-10-17,160282.912584,0,0,0,False
2022-10-18,161529.524847,0,0,0,False
2022-10-19,160287.033416,0,0,0,False
2022-10-20,159089.644215,0,0,0,False
2022-10-21,161531.463598,0,0,0,False
2022-10-24,162656.053507,0,0,0,False
2022-10-25,164869.732302,0,0,0,False
2022-10-26,164382.88893,0,0,0,False
2022-10-27,164163.5407,0,0,0,False
2022-10-28,166394.25207,0,0,0,False
2022-10-31,165437.643671,0,0,0,False
2022-11-01,165105.730897,2.62871120547,5257.42241098,0.0318422545258,True
2022-11-02,162508.23622,0,0,0,False
2022-11-03,161270.110295,0,0,0,False
2022-11-04,162638.861973,0,0,0,False
2022-11-07,163357.481044,0,0,0,False
2022-11-08,164164.093704,0,0,0,False
2022-11-09,162213.149012,0,0,0,False
2022-11-10,168923.278592,0,0,0,False
2022-11-11,169858.732715,0,0,0,False
2022-11-14,168797.338117,0,0,0,False
2022-11-15,170159.873277,0,0,0,False
2022-11-16,169794.406427,0,0,0,False
2022-11-17,169197.233329,0,0,0,False
2022-11-18,169560.916694,0,0,0,False
2022-11-21,169148.158224,0,0,0,False
2022-11-22,170864.305484,0,0,0,False
2022-11-23,171917.287988,0,0,0,False
2022-11-25,171908.057468,0,0,0,False
2022-11-28,170142.654757,0,0,0,False
2022-11-29,169723.795732,0,0,0,False
2022-11-30,173460.409693,0,0,0,False
2022-12-01,173951.938473,0.581373437948,1162.74687596,0.0066842772786,True
2022-12-02,174120.035337,0,0,0,False
2022-12-05,171695.784684,0,0,0,False
2022-12-06,170424.119093,0,0,0,False
2022-12-07,170871.733517,0,0,0,False
2022-12-08,171449.71103,0,0,0,False
2022-12-09,170276.184102,0,0,0,False
2022-12-12,171742.919634,0,0,0,False
2022-12-13,172981.0951,0,0,0,False
2022-12-14,172477.453104,0,0,0,False
2022-12-15,170077.349098,0,0,0,False
2022-12-16,168715.437245,0,0,0,False
2022-12-19,167448.738873,0,0,0,False
2022-12-20,167110.032206,0,0,0,False
2022-12-21,168764.921721,0,0,0,False
2022-12-22,167325.61874,0,0,0,False
2022-12-23,167649.483268,0,0,0,False
2022-12-27,166760.089466,0,0,0,False
2022-12-28,165420.231061,0,0,0,False
2022-12-29,167419.163288,0,0,0,False
2022-12-30,166834.743199,0,0,0,False
2023-01-03,166820.306327,2.07873085694,4157.46171392,0.0249214858813,True
2023-01-04,167962.403475,0,0,0,False
2023-01-05,166756.478747,0,0,0,False
2023-01-06,169774.943335,0,0,0,False
2023-01-09,169888.127609,0,0,0,False
2023-01-10,170343.135341,0,0,0,False
2023-01-11,172058.72208,0,0,0,False
2023-01-12,172929.687542,0,0,0,False
2023-01-13,173081.381593,0,0,0,False
2023-01-17,172766.381366,0,0,0,False
2023-01-18,171792.944325,0,0,0,False
2023-01-19,170886.550415,0,0,0,False
2023-01-20,172509.012624,0,0,0,False
2023-01-23,173586.51606,0,0,0,False
2023-01-24,173774.417917,0,0,0,False
2023-01-25,173895.950139,0,0,0,False
2023-01-26,174936.144848,0,0,0,False
2023-01-27,175077.946123,0,0,0,False
2023-01-30,173555.500437,0,0,0,False
2023-01-31,175383.96015,0,0,0,False
2023-02-01,177001.02258,1.77043161349,3540.86322695,0.0200045613219,True
2023-02-02,178624.349043,0,0,0,False
2023-02-03,176796.97941,0,0,0,False
2023-02-06,175758.707091,0,0,0,False
2023-02-07,177024.845873,0,0,0,False
2023-02-08,175949.614133,0,0,0,False
2023-02-09,174755.006899,0,0,0,False
2023-02-10,174698.23955,0,0,0,False
2023-02-13,176147.518323,0,0,0,False
2023-02-14,175852.255739,0,0,0,False
2023-02-15,176065.067755,0,0,0,False
2023-02-16,174303.171065,0,0,0,False
2023-02-17,174201.247056,0,0,0,False
2023-02-21,171442.140487,0,0,0,False
2023-02-22,171482.806552,0,0,0,False
2023-02-23,172276.976843,0,0,0,False
2023-02-24,170776.742077,0,0,0,False
2023-02-27,171259.320455,0,0,0,False
2023-02-28,170872.273106,0,0,0,False
2023-03-01,170087.362717,0.00365848420188,7.31696848197,4.30188828123e-05,True
2023-03-02,170740.103764,0,0,0,False
2023-03-03,172925.245211,0,0,0,False
2023-03-06,172828.455518,0,0,0,False
2023-03-07,171133.911505,0,0,0,False
2023-03-08,171231.46259,0,0,0,False
2023-03-09,169575.375303,0,0,0,False
2023-03-10,168911.190677,0,0,0,False
2023-03-13,169318.811469,0,0,0,False
2023-03-14,170556.838332,0,0,0,False
2023-03-15,170614.209941,0,0,0,False
2023-03-16,172105.072942,0,0,0,False
2023-03-17,171344.709134,0,0,0,False
2023-03-20,172035.93107,0,0,0,False
2023-03-21,173166.172281,0,0,0,False
2023-03-22,172071.111753,0,0,0,False
2023-03-23,172515.379389,0,0,0,False
2023-03-24,173304.75319,0,0,0,False
2023-03-27,172735.529464,0,0,0,False
2023-03-28,172398.811223,0,0,0,False
2023-03-29,173975.635887,0,0,0,False
2023-03-30,174663.039474,0,0,0,False
2023-03-31,176478.036609,0,0,0,False
2023-04-03,177187.830929,0.335828697891,671.657395807,0.00379064475974,True
2023-04-04,176860.682625,0,0,0,False
2023-04-05,176825.291706,0,0,0,False
2023-04-06,177172.717606,0,0,0,False
2023-04-10,176791.447471,0,0,0,False
2023-04-11,176862.517424,0,0,0,False
2023-04-12,176515.708035,0,0,0,False
2023-04-13,177889.441329,0,0,0,False
2023-04-14,177280.23219,0,0,0,False
2023-04-17,177308.102224,0,0,0,False
2023-04-18,177477.352068,0,0,0,False
2023-04-19,177352.723768,0,0,0,False
2023-04-20,177087.591754,0,0,0,False
2023-04-21,177049.654515,0,0,0,False
2023-04-24,177437.81245,0,0,0,False
2023-04-25,176183.523101,0,0,0,False
2023-04-26,175475.879418,0,0,0,False
2023-04-27,177302.796796,0,0,0,False
2023-04-28,178575.523043,0,0,0,False
2023-05-01,177739.266388,0.848377246497,1696.75449302,0.00954626644225,True
2023-05-02,177232.292814,0,0,0,False
2023-05-03,176825.470571,0,0,0,False
2023-05-04,175997.290035,0,0,0,False
2023-05-05,177691.706453,0,0,0,False
2023-05-08,177323.698598,0,0,0,False
2023-05-09,176794.307271,0,0,0,False
2023-05-10,177748.15251,0,0,0,False
2023-05-11,177779.486461,0,0,0,False
2023-05-12,177237.476995,0,0,0,False
2023-05-15,177421.843488,0,0,0,False
2023-05-16,176547.743922,0,0,0,False
2023-05-17,177717.86783,0,0,0,False
2023-05-18,178413.123179,0,0,0,False
2023-05-19,178098.071983,0,0,0,False
2023-05-22,178076.841961,0,0,0,False
2023-05-23,176949.80568,0,0,0,False
2023-05-24,175999.735388,0,0,0,False
2023-05-25,176654.114698,0,0,0,False
2023-05-26,178089.977264,0,0,0,False
2023-05-30,178599.290316,0,0,0,False
2023-05-31,178253.433195,0,0,0,False
2023-06-01,179487.025336,0.570578519662,1141.15703938,0.00635786018286,True
2023-06-02,180665.776153,0,0,0,False
2023-06-05,180449.150115,0,0,0,False
2023-06-06,180773.947781,0,0,0,False
2023-06-07,180017.479623,0,0,0,False
2023-06-08,181054.779396,0,0,0,False
2023-06-09,181083.916067,0,0,0,False
2023-06-12,182203.348143,0,0,0,False
2023-06-13,182598.59811,0,0,0,False
2023-06-14,182796.892603,0,0,0,False
2023-06-15,184675.733373,0,0,0,False
2023-06-16,184065.148399,0,0,0,False
2023-06-20,183611.92697,0,0,0,False
2023-06-21,183154.42766,0,0,0,False
2023-06-22,183185.445667,0,0,0,False
2023-06-23,182550.925163,0,0,0,False
2023-06-26,182184.743669,0,0,0,False
2023-06-27,183258.4687,0,0,0,False
2023-06-28,183526.008143,0,0,0,False
2023-06-29,183413.40818,0,0,0,False
2023-06-30,184905.699198,0,0,0,False
2023-07-03,184949.666527,2.75090010883,5501.80021772,0.0297471116856,True
2023-07-05,184451.036556,0,0,0,False
2023-07-06,183105.75395,0,0,0,False
2023-07-07,182843.36826,0,0,0,False
2023-07-10,183325.622378,0,0,0,False
2023-07-11,184184.948642,0,0,0,False
2023-07-12,185674.084741,0,0,0,False
2023-07-13,187021.709225,0,0,0,False
2023-07-14,186595.387044,0,0,0,False
2023-07-17,187068.898778,0,0,0,False
2023-07-18,187967.170482,0,0,0,False
2023-07-19,188447.166605,0,0,0,False
2023-07-20,187305.397601,0,0,0,False
2023-07-21,187358.442666,0,0,0,False
2023-07-24,187727.088401,0,0,0,False
2023-07-25,187953.740608,0,0,0,False
2023-07-26,188213.877183,0,0,0,False
2023-07-27,186821.83483,0,0,0,False
2023-07-28,188217.66942,0,0,0,False
2023-07-31,188526.192538,0,0,0,False
2023-08-01,187706.80243,1.51810691724,3036.2138345,0.0161751691444,True
2023-08-02,185961.657503,0,0,0,False
2023-08-03,185139.011703,0,0,0,False
2023-08-04,185251.157411,0,0,0,False
2023-08-07,186228.857409,0,0,0,False
2023-08-08,185923.768765,0,0,0,False
2023-08-09,185237.8943,0,0,0,False
2023-08-10,184788.572309,0,0,0,False
2023-08-11,184491.633862,0,0,0,False
2023-08-14,185044.29238,0,0,0,False
2023-08-15,183554.644982,0,0,0,False
2023-08-16,182574.340379,0,0,0,False
2023-08-17,181670.230394,0,0,0,False
2023-08-18,181885.00183,0,0,0,False
2023-08-21,182213.259608,0,0,0,False
2023-08-22,181997.242349,0,0,0,False
2023-08-23,183907.299,0,0,0,False
2023-08-24,182221.759249,0,0,0,False
2023-08-25,182935.102912,0,0,0,False
2023-08-28,183786.389984,0,0,0,False
2023-08-29,185846.430569,0,0,0,False
2023-08-30,186271.860246,0,0,0,False
2023-08-31,186217.667514,0,0,0,False
2023-09-01,186035.607733,0.302595051675,605.190103371,0.0032530821727,True
2023-09-05,185150.286096,0,0,0,False
2023-09-06,184333.389318,0,0,0,False
2023-09-07,184226.941966,0,0,0,False
2023-09-08,184431.427456,0,0,0,False
2023-09-11,185071.06343,0,0,0,False
2023-09-12,184485.710789,0,0,0,False
2023-09-13,184722.855475,0,0,0,False
2023-09-14,185574.578985,0,0,0,False
2023-09-15,184061.720924,0,0,0,False
2023-09-18,184234.761949,0,0,0,False
2023-09-19,183789.416413,0,0,0,False
2023-09-20,182740.233722,0,0,0,False
2023-09-21,180436.664878,0,0,0,False
2023-09-22,180505.788149,0,0,0,False
2023-09-25,180374.017428,0,0,0,False
2023-09-26,178704.530863,0,0,0,False
2023-09-27,178491.058025,0,0,0,False
2023-09-28,179321.224917,0,0,0,False
2023-09-29,178993.318245,0,0,0,False
2023-10-02,178442.774666,0.979649995163,1959.2999903,0.0109799303305,True
2023-10-03,176450.09382,0,0,0,False
2023-10-04,177717.471738,0,0,0,False
2023-10-05,177723.354156,0,0,0,False
2023-10-06,178710.255253,0,0,0,False
2023-10-09,180135.074301,0,0,0,False
2023-10-10,180629.870941,0,0,0,False
2023-10-11,181405.392848,0,0,0,False
2023-10-12,180118.116181,0,0,0,False
2023-10-13,179883.493519,0,0,0,False
2023-10-16,180622.467982,0,0,0,False
2023-10-17,180103.948063,0,0,0,False
2023-10-18,178318.650912,0,0,0,False
2023-10-19,177103.300324,0,0,0,False
2023-10-20,176043.288948,0,0,0,False
2023-10-23,176136.302642,0,0,0,False
2023-10-24,177183.460142,0,0,0,False
2023-10-25,175131.264624,0,0,0,False
2023-10-26,174353.672307,0,0,0,False
2023-10-27,173862.117023,0,0,0,False
2023-10-30,174923.753604,0,0,0,False
2023-10-31,175531.717692,0,0,0,False
2023-11-01,177430.446669,0.557980996993,1115.96199403,0.00628955461439,True
2023-11-02,179897.784382,0,0,0,False
2023-11-03,181322.431521,0,0,0,False
2023-11-06,181215.81249,0,0,0,False
2023-11-07,181909.494456,0,0,0,False
2023-11-08,182234.174529,0,0,0,False
2023-11-09,180772.699587,0,0,0,False
2023-11-10,182645.710734,0,0,0,False
2023-11-13,182532.324215,0,0,0,False
2023-11-14,185583.348375,0,0,0,False
2023-11-15,185372.602951,0,0,0,False
2023-11-16,185907.776597,0,0,0,False
2023-11-17,186193.733674,0,0,0,False
2023-11-20,187182.173278,0,0,0,False
2023-11-21,187009.090727,0,0,0,False
2023-11-22,187518.508341,0,0,0,False
2023-11-24,187253.46533,0,0,0,False
2023-11-27,187458.757721,0,0,0,False
2023-11-28,187892.487128,0,0,0,False
2023-11-29,188170.345184,0,0,0,False
2023-11-30,188377.097465,0,0,0,False
2023-12-01,189700.992192,1.81516051214,3630.32102426,0.0191368861375,True
2023-12-04,188813.524013,0,0,0,False
2023-12-05,189292.748647,0,0,0,False
2023-12-06,189032.51261,0,0,0,False
2023-12-07,189916.269768,0,0,0,False
2023-12-08,190020.696613,0,0,0,False
2023-12-11,190472.308334,0,0,0,False
2023-12-12,191222.700183,0,0,0,False
2023-12-13,193765.442303,0,0,0,False
2023-12-14,194762.256093,0,0,0,False
2023-12-15,194388.796007,0,0,0,False
2023-12-18,194888.790345,0,0,0,False
2023-12-19,195697.535694,0,0,0,False
2023-12-20,194342.505479,0,0,0,False
2023-12-21,195439.881575,0,0,0,False
2023-12-22,195574.17044,0,0,0,False
2023-12-26,196229.207633,0,0,0,False
2023-12-27,196938.415558,0,0,0,False
2023-12-28,196810.320115,0,0,0,False
2023-12-29,196317.486199,0,0,0,False
2024-01-02,195285.478821,0.483491391002,966.982782061,0.00495162463605,True
2024-01-03,194368.116731,0,0,0,False
2024-01-04,193677.445323,0,0,0,False
2024-01-05,193654.258153,0,0,0,False
2024-01-08,195602.828058,0,0,0,False
2024-01-09,195408.551576,0,0,0,False
2024-01-10,195922.660717,0,0,0,False
2024-01-11,196313.438025,0,0,0,False
2024-01-12,196537.57688,0,0,0,False
2024-01-16,195518.57384,0,0,0,False
2024-01-17,194650.559293,0,0,0,False
2024-01-18,195620.612687,0,0,0,False
2024-01-19,197108.986265,0,0,0,False
2024-01-22,197504.201344,0,0,0,False
2024-01-23,197663.918372,0,0,0,False
2024-01-24,197621.361311,0,0,0,False
2024-01-25,198623.752922,0,0,0,False
2024-01-26,198383.071082,0,0,0,False
2024-01-29,199648.404793,0,0,0,False
2024-01-30,199704.422597,0,0,0,False
2024-01-31,198074.591478,0,0,0,False
2024-02-01,200086.618831,1.22148400865,2442.96801734,0.0122094776649,True
2024-02-02,200617.54052,0,0,0,False
2024-02-05,199523.40147,0,0,0,False
2024-02-06,200285.121499,0,0,0,False
2024-02-07,201135.090388,0,0,0,False
2024-02-08,200947.4554,0,0,0,False
2024-02-09,201630.081348,0,0,0,False
2024-02-12,201592.178917,0,0,0,False
2024-02-13,199174.014723,0,0,0,False
2024-02-14,200622.214592,0,0,0,False
2024-02-15,201651.651052,0,0,0,False
2024-02-16,200788.467235,0,0,0,False
2024-02-20,200186.093994,0,0,0,False
2024-02-21,200062.922478,0,0,0,False
2024-02-22,202652.595745,0,0,0,False
2024-02-23,203028.441626,0,0,0,False
2024-02-26,202402.843794,0,0,0,False
2024-02-27,202528.811405,0,0,0,False
2024-02-28,202517.425652,0,0,0,False
2024-02-29,203092.946905,0,0,0,False
2024-03-01,204636.866364,3.07214248524,6144.28497052,0.0300248573928,True
2024-03-04,204303.766597,0,0,0,False
2024-03-05,203522.780591,0,0,0,False
2024-03-06,204263.960094,0,0,0,False
2024-03-07,205651.622805,0,0,0,False
2024-03-08,204987.378844,0,0,0,False
2024-03-11,204789.762312,0,0,0,False
2024-03-12,205896.685709,0,0,0,False
2024-03-13,205551.713651,0,0,0,False
2024-03-14,204787.153426,0,0,0,False
2024-03-15,203932.183822,0,0,0,False
2024-03-18,204575.935416,0,0,0,False
2024-03-19,205461.815191,0,0,0,False
2024-03-20,206775.208883,0,0,0,False
2024-03-21,207247.037632,0,0,0,False
2024-03-22,207269.455143,0,0,0,False
2024-03-25,206772.571124,0,0,0,False
2024-03-26,206625.945025,0,0,0,False
2024-03-27,207941.57557,0,0,0,False
2024-03-28,207816.878124,0,0,0,False
2024-04-01,206999.455268,1.19917865458,2398.35730915,0.0115862305632,True
2024-04-02,206149.994117,0,0,0,False
2024-04-03,206336.802426,0,0,0,False
2024-04-04,205025.239238,0,0,0,False
2024-04-05,205890.170221,0,0,0,False
2024-04-08,205882.261471,0,0,0,False
2024-04-09,206306.842865,0,0,0,False
2024-04-10,204079.182497,0,0,0,False
2024-04-11,205019.186111,0,0,0,False
2024-04-12,203472.246783,0,0,0,False
2024-04-15,201454.553231,0,0,0,False
2024-04-16,201005.102879,0,0,0,False
2024-04-17,200672.10992,0,0,0,False
2024-04-18,200196.510979,0,0,0,False
2024-04-19,199244.83686,0,0,0,False
2024-04-22,200380.72159,0,0,0,False
2024-04-23,201962.039909,0,0,0,False
2024-04-24,201691.401208,0,0,0,False
2024-04-25,201004.116949,0,0,0,False
2024-04-26,202318.090378,0,0,0,False
2024-04-29,202993.918759,0,0,0,False
2024-04-30,200738.919818,0,0,0,False
2024-05-01,200636.844077,1.37078483321,2741.5696664,0.0136642447118,True
2024-05-02,202125.069867,0,0,0,False
2024-05-03,204043.972935,0,0,0,False
2024-05-06,205373.300048,0,0,0,False
2024-05-07,205678.917782,0,0,0,False
2024-05-08,205522.442935,0,0,0,False
2024-05-09,206391.070834,0,0,0,False
2024-05-10,206383.808394,0,0,0,False
2024-05-13,206442.710135,0,0,0,False
2024-05-14,207236.800262,0,0,0,False
2024-05-15,209335.006436,0,0,0,False
2024-05-16,208980.068178,0,0,0,False
2024-05-17,208901.779263,0,0,0,False
2024-05-20,208972.698384,0,0,0,False
2024-05-21,209437.130631,0,0,0,False
2024-05-22,208967.941953,0,0,0,False
2024-05-23,207809.384542,0,0,0,False
2024-05-24,208739.34408,0,0,0,False
2024-05-28,208449.275559,0,0,0,False
2024-05-29,207244.992568,0,0,0,False
2024-05-30,206784.37419,0,0,0,False
2024-05-31,208190.738303,0,0,0,False
2024-06-03,208784.305992,1.71502685285,3430.05370568,0.0164285601543,True
2024-06-04,209226.303834,0,0,0,False
2024-06-05,210975.641823,0,0,0,False
2024-06-06,210999.152743,0,0,0,False
2024-06-07,210102.942819,0,0,0,False
2024-06-10,210425.513911,0,0,0,False
2024-06-11,211016.382201,0,0,0,False
2024-06-12,212459.964789,0,0,0,False
2024-06-13,213141.406012,0,0,0,False
2024-06-14,213306.00717,0,0,0,False
2024-06-17,214029.389078,0,0,0,False
2024-06-18,214661.23672,0,0,0,False
2024-06-20,214160.968735,0,0,0,False
2024-06-21,213995.516842,0,0,0,False
2024-06-24,213643.072804,0,0,0,False
2024-06-25,214132.10204,0,0,0,False
2024-06-26,213914.415536,0,0,0,False
2024-06-27,214257.222976,0,0,0,False
2024-06-28,213331.142699,0,0,0,False
2024-07-01,213146.717872,1.96216981497,3924.33962997,0.0184112781238,True
2024-07-02,214290.834237,0,0,0,False
2024-07-03,215326.019693,0,0,0,False
2024-07-05,216505.776996,0,0,0,False
2024-07-08,216682.460262,0,0,0,False
2024-07-09,216729.364991,0,0,0,False
2024-07-10,218107.763864,0,0,0,False
2024-07-11,217415.603175,0,0,0,False
2024-07-12,218477.923963,0,0,0,False
2024-07-15,218537.914318,0,0,0,False
2024-07-16,219673.161662,0,0,0,False
2024-07-17,217877.810395,0,0,0,False
2024-07-18,216634.959187,0,0,0,False
2024-07-19,215597.134325,0,0,0,False
2024-07-22,216889.078121,0,0,0,False
2024-07-23,216676.151458,0,0,0,False
2024-07-24,213467.300131,0,0,0,False
2024-07-25,213045.137151,0,0,0,False
2024-07-26,214769.293625,0,0,0,False
2024-07-29,214986.037541,0,0,0,False
2024-07-30,214427.388987,0,0,0,False
2024-07-31,216962.878232,0,0,0,False
2024-08-01,215499.623504,1.9591397543,3918.27950859,0.018182137971,True
2024-08-02,214056.568129,0,0,0,False
2024-08-05,210291.530267,0,0,0,False
2024-08-06,210906.049073,0,0,0,False
2024-08-07,209814.414935,0,0,0,False
2024-08-08,212539.115349,0,0,0,False
2024-08-09,213400.36782,0,0,0,False
2024-08-12,213614.766044,0,0,0,False
2024-08-13,216050.514101,0,0,0,False
2024-08-14,216614.055985,0,0,0,False
2024-08-15,218468.465645,0,0,0,False
2024-08-16,218972.218736,0,0,0,False
2024-08-19,220329.838381,0,0,0,False
2024-08-20,220373.759383,0,0,0,False
2024-08-21,220996.042413,0,0,0,False
2024-08-22,219592.057229,0,0,0,False
2024-08-23,221399.012672,0,0,0,False
2024-08-26,221001.74052,0,0,0,False
2024-08-27,221211.145812,0,0,0,False
2024-08-28,220356.728543,0,0,0,False
2024-08-29,220255.651315,0,0,0,False
2024-08-30,221316.324246,0,0,0,False
2024-09-03,218921.82968,0.106346256565,212.692513146,0.000971545003698,True
2024-09-04,219036.892497,0,0,0,False
2024-09-05,218944.945265,0,0,0,False
2024-09-06,216857.574344,0,0,0,False
2024-09-09,218427.869451,0,0,0,False
2024-09-10,219264.637048,0,0,0,False
2024-09-11,220577.976411,0,0,0,False
2024-09-12,221610.539063,0,0,0,False
2024-09-13,222488.512485,0,0,0,False
2024-09-16,222895.430122,0,0,0,False
2024-09-17,222862.883406,0,0,0,False
2024-09-18,222186.350017,0,0,0,False
2024-09-19,224474.345414,0,0,0,False
2024-09-20,224160.995763,0,0,0,False
2024-09-23,224465.004174,0,0,0,False
2024-09-24,224976.164883,0,0,0,False
2024-09-25,224335.148064,0,0,0,False
2024-09-26,224891.947337,0,0,0,False
2024-09-27,224946.897206,0,0,0,False
2024-09-30,225292.74816,0,0,0,False
2024-10-01,224298.628196,1.12358490855,2247.16981713,0.0100186014442,True
2024-10-02,224169.308065,0,0,0,False
2024-10-03,223559.78725,0,0,0,False
2024-10-04,224204.93311,0,0,0,False
2024-10-07,222677.626904,0,0,0,False
2024-10-08,224099.236377,0,0,0,False
2024-10-09,224808.408069,0,0,0,False
2024-10-10,224516.188529,0,0,0,False
2024-10-11,225359.296841,0,0,0,False
2024-10-14,226401.414219,0,0,0,False
2024-10-15,225681.380335,0,0,0,False
2024-10-16,226393.023579,0,0,0,False
2024-10-17,225970.598828,0,0,0,False
2024-10-18,226562.803651,0,0,0,False
2024-10-21,225724.052795,0,0,0,False
2024-10-22,225668.383631,0,0,0,False
2024-10-23,224185.325343,0,0,0,False
2024-10-24,224649.563337,0,0,0,False
2024-10-25,224424.964851,0,0,0,False
2024-10-28,224706.833452,0,0,0,False
2024-10-29,225026.815613,0,0,0,False
2024-10-30,224521.610123,0,0,0,False
2024-10-31,221812.894455,0,0,0,False
2024-11-01,222032.189553,1.93164169099,3863.28338197,0.0173995031088,True
2024-11-04,222117.899604,0,0,0,False
2024-11-05,223934.297919,0,0,0,False
2024-11-06,226579.924385,0,0,0,False
2024-11-07,228318.646556,0,0,0,False
2024-11-08,229075.041813,0,0,0,False
2024-11-11,229008.046907,0,0,0,False
2024-11-12,228056.063997,0,0,0,False
2024-11-13,228105.56127,0,0,0,False
2024-11-14,227173.333776,0,0,0,False
2024-11-15,225409.402127,0,0,0,False
2024-11-18,226051.134982,0,0,0,False
2024-11-19,226679.922194,0,0,0,False
2024-11-20,226635.727772,0,0,0,False
2024-11-21,227329.811424,0,0,0,False
2024-11-22,227822.709422,0,0,0,False
2024-11-25,229093.713256,0,0,0,False
2024-11-26,229685.272866,0,0,0,False
2024-11-27,229506.065063,0,0,0,False
2024-11-29,230728.360152,0,0,0,False
2024-12-02,230989.052791,2.22778021864,4455.56043733,0.0192888685075,True
2024-12-03,230875.827228,0,0,0,False
2024-12-04,232035.76626,0,0,0,False
2024-12-05,231824.845192,0,0,0,False
2024-12-06,232350.471862,0,0,0,False
2024-12-09,231360.909541,0,0,0,False
2024-12-10,230817.162903,0,0,0,False
2024-12-11,231672.217823,0,0,0,False
2024-12-12,230579.890867,0,0,0,False
2024-12-13,230206.669922,0,0,0,False
2024-12-16,230883.081476,0,0,0,False
2024-12-17,230309.082596,0,0,0,False
2024-12-18,225476.675429,0,0,0,False
2024-12-19,225201.040249,0,0,0,False
2024-12-20,227060.99763,0,0,0,False
2024-12-23,227595.361673,0,0,0,False
2024-12-24,229221.215976,0,0,0,False
2024-12-26,229296.047457,0,0,0,False
2024-12-27,227650.341147,0,0,0,False
2024-12-30,226442.262313,0,0,0,False
2024-12-31,225836.791776,0,0,0,False
2025-01-02,225513.804722,0.623490823957,1246.98164795,0.00552949830234,True
2025-01-03,227112.516085,0,0,0,False
2025-01-06,227808.661713,0,0,0,False
2025-01-07,225934.633222,0,0,0,False
2025-01-08,226236.052293,0,0,0,False
2025-01-10,223650.472408,0,0,0,False
2025-01-13,223774.970833,0,0,0,False
2025-01-14,223988.041671,0,0,0,False
2025-01-15,227211.58295,0,0,0,False
2025-01-16,227143.173153,0,0,0,False
2025-01-17,228517.934979,0,0,0,False
2025-01-21,230081.76211,0,0,0,False
2025-01-22,230652.234544,0,0,0,False
2025-01-23,231269.389372,0,0,0,False
2025-01-24,231006.342263,0,0,0,False
2025-01-27,229518.603531,0,0,0,False
2025-01-28,230682.606677,0,0,0,False
2025-01-29,229999.530266,0,0,0,False
2025-01-30,230877.4113,0,0,0,False
2025-01-31,229946.026702,0,0,0,False
2025-02-03,229093.733345,0.890399269818,1780.79853971,0.00777320091847,True
2025-02-04,230185.605569,0,0,0,False
2025-02-05,231237.037471,0,0,0,False
2025-02-06,231625.609953,0,0,0,False
2025-02-07,230057.064465,0,0,0,False
2025-02-10,231023.56025,0,0,0,False
2025-02-11,230921.859929,0,0,0,False
2025-02-12,229992.463849,0,0,0,False
2025-02-13,232004.239264,0,0,0,False
2025-02-14,232336.835054,0,0,0,False
2025-02-18,232380.642463,0,0,0,False
2025-02-19,232843.813172,0,0,0,False
2025-02-20,232398.904293,0,0,0,False
2025-02-21,230394.348454,0,0,0,False
2025-02-24,229926.878455,0,0,0,False
2025-02-25,229819.221168,0,0,0,False
2025-02-26,230039.077723,0,0,0,False
2025-02-27,227715.382665,0,0,0,False
2025-02-28,230229.806054,0,0,0,False
2025-03-03,228035.890793,2.58587029844,5171.74059695,0.0226792455055,True
2025-03-04,226186.383082,0,0,0,False
2025-03-05,227326.759927,0,0,0,False
2025-03-06,224808.979898,0,0,0,False
2025-03-07,225450.93905,0,0,0,False
2025-03-10,222287.944591,0,0,0,False
2025-03-11,220873.799768,0,0,0,False
2025-03-12,221298.449571,0,0,0,False
2025-03-13,219828.317459,0,0,0,False
2025-03-14,222313.865832,0,0,0,False
2025-03-17,223450.632443,0,0,0,False
2025-03-18,222105.929933,0,0,0,False
2025-03-19,223804.701617,0,0,0,False
2025-03-20,223475.498983,0,0,0,False
2025-03-21,223408.84624,0,0,0,False
2025-03-24,225433.65926,0,0,0,False
2025-03-25,225840.848438,0,0,0,False
2025-03-26,224005.056963,0,0,0,False
2025-03-27,223604.130804,0,0,0,False
2025-03-28,221443.782211,0,0,0,False
2025-03-31,222495.431924,0,0,0,False
2025-04-01,223201.648377,2.04874316286,4097.48632577,0.0183576095676,True
2025-04-02,223949.91778,0,0,0,False
2025-04-03,217777.561109,0,0,0,False
2025-04-04,210357.820885,0,0,0,False
2025-04-07,209006.217537,0,0,0,False
2025-04-08,206660.134141,0,0,0,False
2025-04-09,219306.038427,0,0,0,False
2025-04-10,212872.260044,0,0,0,False
2025-04-11,215016.554592,0,0,0,False
2025-04-14,216767.447653,0,0,0,False
2025-04-15,216587.372312,0,0,0,False
2025-04-16,214014.226354,0,0,0,False
2025-04-17,213967.724574,0,0,0,False
2025-04-21,210444.116511,0,0,0,False
2025-04-22,213798.341178,0,0,0,False
2025-04-23,215965.319997,0,0,0,False
2025-04-24,219142.998007,0,0,0,False
2025-04-25,220410.799176,0,0,0,False
2025-04-28,220704.50902,0,0,0,False
2025-04-29,221749.456587,0,0,0,False
2025-04-30,221720.748306,0,0,0,False
2025-05-01,222415.354687,0.12511914951,250.238299061,0.0011250938976,True
2025-05-02,223962.446083,0,0,0,False
2025-05-05,223032.193939,0,0,0,False
2025-05-06,222123.644919,0,0,0,False
2025-05-07,222820.785454,0,0,0,False
2025-05-08,223294.079075,0,0,0,False
2025-05-09,223212.46202,0,0,0,False
2025-05-12,227370.716445,0,0,0,False
2025-05-13,228200.304424,0,0,0,False
2025-05-14,228126.442556,0,0,0,False
2025-05-15,229309.354057,0,0,0,False
2025-05-16,230257.249691,0,0,0,False
2025-05-19,230385.479605,0,0,0,False
2025-05-20,229753.901651,0,0,0,False
2025-05-21,226788.264753,0,0,0,False
2025-05-22,227096.312477,0,0,0,False
2025-05-23,226271.81867,0,0,0,False
2025-05-27,229546.537831,0,0,0,False
2025-05-28,228566.627303,0,0,0,False
2025-05-29,229446.346714,0,0,0,False
2025-05-30,229505.610106,0,0,0,False
2025-06-02,230062.259297,3.59190277438,7183.80554875,0.0312249971532,True
2025-06-03,230783.406251,0,0,0,False
2025-06-04,231293.42088,0,0,0,False
2025-06-05,230386.782406,0,0,0,False
2025-06-06,231333.301628,0,0,0,False
2025-06-09,231572.269758,0,0,0,False
2025-06-10,232571.71877,0,0,0,False
2025-06-11,232482.548737,0,0,0,False
2025-06-12,233378.878807,0,0,0,False
2025-06-13,231476.587895,0,0,0,False
2025-06-16,232610.684263,0,0,0,False
2025-06-17,231694.367478,0,0,0,False
2025-06-18,231739.467682,0,0,0,False
2025-06-20,231497.622716,0,0,0,False
2025-06-23,233057.481217,0,0,0,False
2025-06-24,234983.597084,0,0,0,False
2025-06-25,235053.549212,0,0,0,False
2025-06-26,236417.813373,0,0,0,False
2025-06-27,236863.694838,0,0,0,False
2025-06-30,237927.866294,0,0,0,False
2025-07-01,237793.417851,1.59406807757,3188.13615513,0.0134070775051,True
2025-07-02,238324.704583,0,0,0,False
2025-07-03,239261.719256,0,0,0,False
2025-07-07,237848.263247,0,0,0,False
2025-07-08,237731.208807,0,0,0,False
2025-07-09,238985.299335,0,0,0,False
2025-07-10,239362.949496,0,0,0,False
2025-07-11,238460.032724,0,0,0,False
2025-07-14,238725.274251,0,0,0,False
2025-07-15,237829.27569,0,0,0,False
2025-07-16,238444.536805,0,0,0,False
2025-07-17,239365.475655,0,0,0,False
2025-07-18,239432.501618,0,0,0,False
2025-07-21,239967.357799,0,0,0,False
2025-07-22,240171.081733,0,0,0,False
2025-07-23,241195.131444,0,0,0,False
2025-07-24,241185.855473,0,0,0,False
2025-07-25,241958.980128,0,0,0,False
2025-07-28,241796.85873,0,0,0,False
2025-07-29,241919.067785,0,0,0,False
2025-07-30,241464.684123,0,0,0,False
2025-07-31,240963.074237,0,0,0,False
2025-08-01,239391.049401,0.0184216862544,36.8433725603,0.000153904541616,True
2025-08-04,241651.52251,0,0,0,False
2025-08-05,240941.215038,0,0,0,False
2025-08-06,242013.802949,0,0,0,False
2025-08-07,241814.103219,0,0,0,False
2025-08-08,242769.541939,0,0,0,False
2025-08-11,242546.090856,0,0,0,False
2025-08-12,244110.143902,0,0,0,False
2025-08-13,244966.118262,0,0,0,False
2025-08-14,244709.53242,0,0,0,False
2025-08-15,244215.796487,0,0,0,False
2025-08-18,244077.205305,0,0,0,False
2025-08-19,243454.414841,0,0,0,False
2025-08-20,243119.63248,0,0,0,False
2025-08-21,242306.063225,0,0,0,False
2025-08-22,245092.120095,0,0,0,False
2025-08-25,244291.111604,0,0,0,False
2025-08-26,245028.476287,0,0,0,False
2025-08-27,245464.705387,0,0,0,False
2025-08-28,246109.640699,0,0,0,False
2025-08-29,245089.98714,0,0,0,False
2025-09-02,243729.165672,1.68187068295,3363.74136592,0.0138010489843,True
2025-09-03,244876.674443,0,0,0,False
2025-09-04,246499.874698,0,0,0,False
2025-09-05,246533.910455,0,0,0,False
2025-09-08,247232.344402,0,0,0,False
2025-09-09,247377.73099,0,0,0,False
2025-09-10,248004.344353,0,0,0,False
2025-09-11,249429.636097,0,0,0,False
2025-09-12,249290.631216,0,0,0,False
2025-09-15,250257.64642,0,0,0,False
2025-09-16,250089.271441,0,0,0,False
2025-09-17,249724.472811,0,0,0,False
2025-09-18,250151.859249,0,0,0,False
2025-09-19,250901.039449,0,0,0,False
2025-09-22,251501.844054,0,0,0,False
2025-09-23,250828.25936,0,0,0,False
2025-09-24,250157.622352,0,0,0,False
2025-09-25,249321.037897,0,0,0,False
2025-09-26,250253.505349,0,0,0,False
2025-09-29,250866.866111,0,0,0,False
2025-09-30,251429.584988,0,0,0,False
2025-10-01,252199.994577,1.77620347153,3552.40694312,0.0140855749431,True
2025-10-02,252485.043653,0,0,0,False
2025-10-03,252372.04004,0,0,0,False
2025-10-06,252693.765952,0,0,0,False
2025-10-07,252301.315568,0,0,0,False
2025-10-08,253214.604238,0,0,0,False
2025-10-09,252652.325715,0,0,0,False
2025-10-10,248958.764122,0,0,0,False
2025-10-13,251418.362478,0,0,0,False
2025-10-14,251396.11605,0,0,0,False
2025-10-15,252021.377393,0,0,0,False
2025-10-16,251358.404636,0,0,0,False
2025-10-17,252066.329146,0,0,0,False
2025-10-20,253801.779436,0,0,0,False
2025-10-21,253900.21161,0,0,0,False
2025-10-22,253100.100263,0,0,0,False
2025-10-23,253815.284754,0,0,0,False
2025-10-24,255158.779558,0,0,0,False
2025-10-27,257038.013599,0,0,0,False
2025-10-28,257510.395357,0,0,0,False
2025-10-29,257101.762576,0,0,0,False
2025-10-30,255199.03903,0,0,0,False
2025-10-31,255643.454327,0,0,0,False
2025-11-03,255807.722303,1.20544953618,2410.89907242,0.00942460880314,True
2025-11-04,254039.50451,0,0,0,False
2025-11-05,254289.097603,0,0,0,False
2025-11-06,253034.417638,0,0,0,False
2025-11-07,253141.762525,0,0,0,False
2025-11-10,255452.538849,0,0,0,False
2025-11-11,256109.628966,0,0,0,False
2025-11-12,256154.088562,0,0,0,False
2025-11-13,253300.329213,0,0,0,False
2025-11-14,253152.912541,0,0,0,False
2025-11-17,251767.330554,0,0,0,False
2025-11-18,250573.088498,0,0,0,False
2025-11-19,251145.852797,0,0,0,False
2025-11-20,248999.981299,0,0,0,False
2025-11-21,250705.29441,0,0,0,False
2025-11-24,253088.471878,0,0,0,False
2025-11-25,254664.852878,0,0,0,False
2025-11-26,255875.082874,0,0,0,False
2025-11-28,256565.248636,0,0,0,False
2025-12-01,255418.89036,0.456466114323,912.932228725,0.00357424854487,True
2025-12-02,255835.48281,0,0,0,False
2025-12-03,256561.14205,0,0,0,False
2025-12-04,256428.728861,0,0,0,False
2025-12-05,256609.271727,0,0,0,False
2025-12-08,255981.838917,0,0,0,False
2025-12-09,255757.020808,0,0,0,False
2025-12-10,257104.279053,0,0,0,False
2025-12-11,257485.158205,0,0,0,False
2025-12-12,255499.294293,0,0,0,False
2025-12-15,255369.371136,0,0,0,False
2025-12-16,255144.333247,0,0,0,False
2025-12-17,253430.862131,0,0,0,False
2025-12-18,254828.305976,0,0,0,False
2025-12-19,256059.948011,0,0,0,False
2025-12-22,256976.99439,0,0,0,False
2025-12-23,257684.18431,0,0,0,False
2025-12-24,258456.374902,0,0,0,False
2025-12-26,258461.03811,0,0,0,False
2025-12-29,258028.142919,0,0,0,False
2025-12-30,257797.377664,0,0,0,False
2025-12-31,256401.42755,0,0,0,False
