Date,SPY,AGG
2015-01-02,60000,40000
2015-01-05,58916.441219,40086.9373604
2015-01-06,58361.4969035,40188.3566063
2015-01-07,59088.7535356,40181.1156635
2015-01-08,60137.2797699,40119.531196
2015-01-09,59655.3699579,40217.3318891
2015-01-12,59188.0692101,40249.9410738
2015-01-13,59021.5983557,40260.8044066
2015-01-14,58665.2475279,40358.5935879
2015-01-15,58127.8384165,40543.3316414
2015-01-16,58890.1492304,40387.572708
2015-01-20,59015.7406672,40456.3981183
2015-01-21,59313.6498294,40383.9541553
2015-01-22,60195.7106179,40362.2274897
2015-01-23,59865.6625962,40463.6697593
2015-01-26,60005.8630972,40445.5386228
2015-01-27,59214.3503812,40423.7889336
2015-01-28,58454.9548896,40594.0374271
2015-01-29,58995.2955496,40561.4627779
2015-01-30,58253.4244445,40706.3315176
2015-02-02,59807.3479262,39871.5652841
2015-02-03,60672.2237925,39718.7582834
2015-02-04,60441.185427,39779.1721891
2015-02-05,61051.3437031,39697.4313064
2015-02-06,60882.5174678,39466.4466894
2015-02-09,60610.0336026,39459.3577436
2015-02-10,61255.7244286,39416.6887548
2015-02-11,61291.2789189,39398.9325617
2015-02-12,61880.6925047,39406.0365424
2015-02-13,62135.4375205,39359.8606679
2015-02-17,62233.1602603,39199.9233754
2015-02-18,62239.0841803,39310.0801809
2015-02-19,62194.64381,39278.1197852
2015-02-20,62567.8617409,39285.2200072
2015-02-23,62558.9868311,39356.2786078
2015-02-24,62736.6605506,39530.4050681
2015-02-25,62683.3836663,39558.8510606
2015-02-26,62609.3401512,39416.6887548
2015-02-27,62396.0570904,39516.2008654
2015-03-02,61262.3599486,40841.5732991
2015-03-03,61010.933555,40789.7940866
2015-03-04,60753.7273673,40811.9723482
2015-03-05,60820.2003508,40830.4607405
2015-03-06,59964.8122353,40564.2161765
2015-03-09,60213.3433802,40667.758983
2015-03-10,59236.5635344,40763.9376696
2015-03-11,59097.8324218,40845.2514544
2015-03-12,59849.200299,40878.5500838
2015-03-13,59482.2154856,40800.9105497
2015-03-16,60276.90506,40889.6392146
2015-03-17,60097.7367956,40882.2555715
2015-03-18,60820.2003508,41181.7401956
2015-03-19,60542.7862905,41037.542449
2015-03-20,61077.1817687,41163.2674218
2015-03-23,60958.1715275,41170.6627787
2015-03-24,60615.638454,41281.6009422
2015-03-25,59727.4125456,41203.9184572
2015-03-26,59585.1386333,41056.0425552
2015-03-27,59721.579235,41115.1741738
2015-03-30,60450.1864972,41133.6781847
2015-03-31,59921.8598027,41203.9184572
2015-04-01,60628.0383891,40418.6922594
2015-04-02,60846.167841,40364.349429
2015-04-06,61255.8438821,40389.7111982
2015-04-07,61093.7384113,40396.976507
2015-04-08,61300.054465,40400.5881635
2015-04-09,61571.2300958,40299.1525403
2015-04-10,61907.2326998,40299.1525403
2015-04-13,61627.2106053,40342.626041
2015-04-14,61745.121795,40386.0689992
2015-04-15,62022.1606533,40440.4232831
2015-04-16,62004.4785937,40418.6922594
2015-04-17,61291.1971334,40451.2773414
2015-04-20,61851.2304545,40422.2848267
2015-04-21,61777.5352817,40378.8609576
2015-04-22,62081.1135311,40259.309785
2015-04-23,62237.3231708,40320.8911995
2015-04-24,62381.752016,40389.7111982
2015-04-27,62122.3897834,40404.2036377
2015-04-28,62319.8430716,40248.4366376
2015-04-29,62063.4260376,40157.8817975
2015-04-30,61441.5272437,40157.8817975
2015-05-01,61290.4510828,40860.3007218
2015-05-04,61464.9988046,40782.5045756
2015-05-05,60761.1129963,40745.5114758
2015-05-06,60510.970828,40608.4663767
2015-05-07,60752.3722041,40708.4599411
2015-05-08,61552.2512157,40841.7769024
2015-05-11,61258.4747981,40582.5252381
2015-05-12,61075.2238213,40578.8555351
2015-05-13,61086.871061,40575.1273973
2015-05-14,61723.8442279,40638.0889053
2015-05-15,61790.7461443,40808.4535055
2015-05-18,61982.721826,40652.9001696
2015-05-19,61962.3552439,40512.1892632
2015-05-20,61918.7317196,40575.1273973
2015-05-21,62099.0547992,40701.0465177
2015-05-22,61950.729454,40656.6088292
2015-05-26,61284.6650001,40756.5984979
2015-05-27,61866.378128,40797.3314225
2015-05-28,61796.5590392,40782.5045756
2015-05-29,61412.6130382,40797.3314225
2015-06-01,61333.2179405,40888.8119603
2015-06-02,61272.342597,40728.5114897
2015-06-03,61434.6643754,40568.1640366
2015-06-04,60915.7595274,40653.918896
2015-06-05,60811.4163027,40474.9350401
2015-06-08,60437.4418048,40534.5911051
2015-06-09,60428.7407461,40418.9905948
2015-06-10,61153.4887,40318.3344436
2015-06-11,61350.6254026,40534.5911051
2015-06-12,60881.0033941,40486.1247122
2015-06-15,60620.0945583,40534.5911051
2015-06-16,60950.569107,40601.7252225
2015-06-17,61049.1134075,40605.4407575
2015-06-18,61684.0020858,40594.2471701
2015-06-19,61410.1538991,40721.0295221
2015-06-22,61724.7548947,40519.6898133
2015-06-23,61768.4739737,40426.4490711
2015-06-24,61319.8563638,40489.8519928
2015-06-25,61133.4356457,40445.0972196
2015-06-26,61121.7790062,40348.1448577
2015-06-29,59840.0350214,40586.7965242
2015-06-30,59965.2971307,40560.6898995
2015-07-01,60542.498089,40361.6653927
2015-07-02,60487.0767419,40417.6011815
2015-07-06,60314.9135092,40562.9654895
2015-07-07,60694.2122203,40618.8700314
2015-07-08,59675.9326237,40715.7743622
2015-07-09,59783.8846074,40566.6760543
2015-07-10,60536.663136,40395.2128049
2015-07-13,61204.8187866,40335.5820746
2015-07-14,61470.3359141,40402.6651815
2015-07-15,61449.9028723,40510.7754182
2015-07-16,61943.0099328,40544.3189246
2015-07-17,61995.5191566,40548.041207
2015-07-20,62027.6274577,40477.2397235
2015-07-21,61782.5326657,40544.3189246
2015-07-22,61671.6632054,40562.9654895
2015-07-23,61324.4353232,40678.5046676
2015-07-24,60688.3826205,40671.0171383
2015-07-27,60335.3251384,40723.2111154
2015-07-28,61076.4498206,40682.2230442
2015-07-29,61496.5985558,40648.6639144
2015-07-30,61511.1591725,40652.3901027
2015-07-31,61417.8052776,40812.6825989
2015-08-03,61239.3001235,40826.2000824
2015-08-04,61119.6115503,40706.7686103
2015-08-05,61321.0223331,40632.1410164
2015-08-06,60818.9655082,40680.668468
2015-08-07,60702.1850652,40751.5373604
2015-08-10,61466.9804809,40699.3019478
2015-08-11,60912.3577285,40833.6472293
2015-08-12,60985.3287689,40807.5197652
2015-08-13,60909.4281756,40721.6941291
2015-08-14,61131.2869167,40703.0333275
2015-08-17,61472.8235198,40773.9568635
2015-08-18,61294.7527586,40699.3019478
2015-08-19,60810.198272,40826.2000824
2015-08-20,59540.4111226,40889.6335372
2015-08-21,57748.0977673,40960.5531701
2015-08-24,55316.4670516,40945.584717
2015-08-25,54665.5332372,40848.5883605
2015-08-26,56764.3624519,40658.2645774
2015-08-27,58168.4216713,40714.2352728
2015-08-28,58171.3512243,40676.9019603
2015-08-31,57701.3802344,40647.0587289
2015-09-01,58046.7025562,38697.8017041
2015-09-02,59148.5029821,38648.114421
2015-09-03,59190.8871838,38704.8967117
2015-09-04,58294.9322532,38786.5319064
2015-09-08,59759.9472945,38694.2745776
2015-09-09,58960.8395984,38708.4720028
2015-09-10,59281.6977795,38665.8612025
2015-09-11,59551.0973635,38711.9954243
2015-09-14,59330.1241735,38722.6546081
2015-09-15,60071.6922058,38548.7398549
2015-09-16,60592.320369,38516.7845334
2015-09-17,60456.121136,38758.1259412
2015-09-18,59468.1782708,38790.0960825
2015-09-21,59775.4748401,38687.1647501
2015-09-22,58999.6251415,38779.4480137
2015-09-23,58905.293636,38747.4963971
2015-09-24,58692.3174652,38797.2133199
2015-09-25,58677.0898078,38729.7718455
2015-09-28,57204.4775983,38822.0328792
2015-09-29,57237.9206883,38882.383051
2015-09-30,58305.9170477,38896.595296
2015-10-01,58430.8999561,38953.9333041
2015-10-02,59303.741377,39071.3586582
2015-10-05,60359.0244899,38925.4259932
2015-10-06,60152.2309646,39021.5515034
2015-10-07,60644.9018009,38993.0553152
2015-10-08,61192.3267933,38939.6740873
2015-10-09,61228.8240132,38907.6594393
2015-10-12,61286.6034142,39007.3182394
2015-10-13,60900.376789,39010.855237
2015-10-14,60608.404581,39156.7693642
2015-10-15,61539.0309538,39103.3658911
2015-10-16,61818.807817,39064.2290498
2015-10-19,61849.2156908,39103.3658911
2015-10-20,61770.1430069,39025.0810859
2015-10-21,61386.974932,39117.6251078
2015-10-22,62424.0066595,39124.7361785
2015-10-23,63108.2837368,39057.1328093
2015-10-26,62953.1858174,39074.9216086
2015-10-27,62831.5321185,39131.8435416
2015-10-28,63546.2170697,39014.4107724
2015-10-29,63509.7254008,38847.1634333
2015-10-30,63236.0267818,38950.3555235
2015-11-02,61713.3574456,41142.2382971
2015-11-03,61892.2849898,41066.7423933
2015-11-04,61704.5609778,41066.7423933
2015-11-05,61642.9589334,41047.8958847
2015-11-06,61610.7070027,40851.6300784
2015-11-09,61035.7938504,40825.2261316
2015-11-10,61176.580167,40900.7024158
2015-11-11,60936.0398707,40847.8513593
2015-11-12,60085.3951968,40885.603235
2015-11-13,59410.717357,40964.8582384
2015-11-16,60314.1836691,40998.8117756
2015-11-17,60270.2013299,41028.9983654
2015-11-18,61226.4196796,40998.8117756
2015-11-19,61173.6408725,41017.6975232
2015-11-20,61396.5668176,40991.2739569
2015-11-23,61326.1683054,41002.5865707
2015-11-24,61408.297226,41040.3227509
2015-11-25,61399.4954043,41059.2006508
2015-11-27,61469.8992704,41047.8958847
2015-11-30,61214.7213946,41062.9911416
2015-12-01,61803.1809521,41202.1206347
2015-12-02,61172.4690463,41152.889181
2015-12-03,60315.8959383,40850.0105921
2015-12-04,61492.2235716,40982.5015836
2015-12-07,61119.6861781,41043.0914258
2015-12-08,60708.9617876,41058.2594845
2015-12-09,60236.6788014,41058.2594845
2015-12-10,60392.1842632,41050.6676082
2015-12-11,59221.6928368,41152.889181
2015-12-14,59520.9242606,40959.7808832
2015-12-15,60145.7678336,40963.5827065
2015-12-16,61025.7875008,40891.6344758
2015-12-17,60095.8762972,40948.4303416
2015-12-18,59025.2857386,41035.5113199
2015-12-21,59512.1753047,40997.6617954
2015-12-22,60052.2011241,40967.3649125
2015-12-23,60795.8516624,40959.7808832
2015-12-24,60695.5170947,40979.5001442
2015-12-28,60556.8241918,40979.5001442
2015-12-29,61203.0903918,40877.0823989
2015-12-30,60769.2835358,40869.502293
2015-12-31,60161.391734,40979.5001442
2016-01-04,60170.3183509,40113.5455673
2016-01-05,60272.0633532,40132.1368306
2016-01-06,59511.7836808,40284.4438057
2016-01-07,58083.997269,40280.7401525
2016-01-08,57446.4589786,40369.9351865
2016-01-11,57503.3110489,40254.7223729
2016-01-12,57967.2789043,40343.8981971
2016-01-13,56521.5429231,40436.7968843
2016-01-14,57449.4351856,40421.9246421
2016-01-15,56216.2318817,40470.2104444
2016-01-19,56291.0443834,40429.3434744
2016-01-20,55569.6617808,40462.7800862
2016-01-21,55881.0012706,40407.0523998
2016-01-22,57027.4112105,40436.7968843
2016-01-25,56165.3322254,40414.4712321
2016-01-26,56931.596898,40466.4837394
2016-01-27,56312.0027459,40473.9333074
2016-01-28,56605.3437871,40507.3468675
2016-01-29,57985.2284736,40626.2518084
2016-02-01,59124.1276992,39416.0851328
2016-02-02,58058.5924887,39535.4281697
2016-02-03,58406.6302081,39531.8192912
2016-02-04,58498.2569849,39571.6027915
2016-02-05,57383.8338479,39535.4281697
2016-02-08,56611.3879892,39687.3332178
2016-02-09,56614.4292891,39683.7392674
2016-02-10,56565.6022994,39781.3730528
2016-02-11,55829.8071515,39806.6874508
2016-02-12,56980.8311418,39698.1859776
2016-02-16,57942.5688362,39600.5596563
2016-02-17,58889.0501736,39578.8280125
2016-02-18,58647.818032,39698.1859776
2016-02-19,58620.3743166,39705.3888064
2016-02-22,59469.1241186,39716.2676904
2016-02-23,58718.0670741,39723.4891794
2016-02-24,58986.7484708,39737.984406
2016-02-25,59701.1880429,39839.2233378
2016-02-26,59563.7866556,39766.8964864
2016-02-29,59096.6341264,39813.9089398
2016-03-01,60108.0907865,40072.0605243
2016-03-02,60378.1220461,40028.153906
2016-03-03,60614.7758103,40075.7187813
2016-03-04,60811.9909506,40013.5058082
2016-03-07,60860.529525,40002.5536424
2016-03-08,60196.0624798,40101.3152773
2016-03-09,60493.4211165,40083.0089225
2016-03-10,60541.9541858,40101.3152773
2016-03-11,61518.9354417,40028.153906
2016-03-14,61440.0636989,40050.1147502
2016-03-15,61339.9091922,40013.5058082
2016-03-16,61694.9173641,40185.4664895
2016-03-17,62086.3143278,40269.5913291
2016-03-18,62330.2678708,40302.5081065
2016-03-21,62418.724014,40214.7212425
2016-03-22,62385.1758601,40189.1096764
2016-03-23,61973.4815477,40276.9191455
2016-03-24,61946.0220479,40280.588705
2016-03-28,61982.620034,40309.843458
2016-03-29,62555.9554515,40430.565937
2016-03-30,62830.4623674,40415.9253742
2016-03-31,62677.9542435,40543.9643672
2016-04-01,62167.2176517,41444.8117678
2016-04-04,61965.9315027,41486.0718306
2016-04-05,61347.0233703,41542.3148776
2016-04-06,62017.0028125,41534.7944757
2016-04-07,61274.9041945,41624.8195845
2016-04-08,61440.1524489,41583.5633764
2016-04-11,61295.9466371,41613.5678914
2016-04-12,61866.78255,41546.0615873
2016-04-13,62491.7051331,41564.8221185
2016-04-14,62494.7096468,41493.5536861
2016-04-15,62425.600408,41609.8211817
2016-04-18,62864.2594107,41606.0590534
2016-04-19,63062.5356227,41602.3123437
2016-04-20,63122.6313203,41501.0586695
2016-04-21,62783.1212704,41444.8117678
2016-04-22,62783.1212704,41448.5507683
2016-04-25,62674.9804698,41403.5439958
2016-04-26,62768.1041251,41384.7873193
2016-04-27,62897.2982149,41508.5752168
2016-04-28,62326.4677253,41591.0683598
2016-04-29,61989.9676124,41587.3255047
2016-05-02,62425.0437323,41616.6958215
2016-05-03,61881.7715974,41691.9461057
2016-05-04,61536.5711534,41710.7712216
2016-05-05,61524.5695998,41816.1061795
2016-05-06,61749.7057424,41752.1501929
2016-05-09,61800.7191183,41778.4829674
2016-05-10,62569.1382325,41797.2926435
2016-05-11,61983.8254408,41797.2926435
2016-05-12,62001.8196438,41759.6732914
2016-05-13,61461.532997,41838.6638948
2016-05-16,62067.8796628,41767.1886698
2016-05-17,61488.5432656,41710.7712216
2016-05-18,61506.5591418,41537.6859182
2016-05-19,61293.4353895,41563.9916728
2016-05-20,61680.6602353,41590.3437472
2016-05-23,61596.6114316,41582.8322287
2016-05-24,62395.0263024,41560.2397735
2016-05-25,62818.2774824,41567.7937518
2016-05-26,62836.2879404,41631.7342984
2016-05-27,63106.4502279,41624.21506
2016-05-31,62986.3642533,41650.5555544
2016-06-01,62845.4139331,41896.9426221
2016-06-02,63036.6981832,42003.1855084
2016-06-03,62848.3866484,42230.8421761
2016-06-06,63168.2206045,42173.919268
2016-06-07,63266.8273521,42211.8678734
2016-06-08,63473.0615008,42227.0465386
2016-06-09,63386.3887755,42257.411639
2016-06-10,62785.6467092,42314.3345471
2016-06-13,62301.45019,42348.4719751
2016-06-14,62178.905261,42329.4937874
2016-06-15,62092.2217454,42420.5580085
2016-06-16,62277.5281941,42447.1158163
2016-06-17,62045.6132379,42416.7701409
2016-06-20,62445.1925754,42299.140342
2016-06-21,62622.4548887,42268.7791266
2016-06-22,62520.3089374,42295.3680144
2016-06-23,63334.4660672,42223.2353611
2016-06-24,61060.1823863,42450.9075688
2016-06-27,59966.6062015,42621.6724084
2016-06-28,61048.1674371,42674.7802541
2016-06-29,62087.6682577,42644.4151537
2016-06-30,62934.8975199,42731.6915073
2016-07-01,63534.2025437,42356.1350292
2016-07-05,63077.1607384,42468.9299642
2016-07-06,63455.4916303,42547.879502
2016-07-07,63416.1524788,42517.7921429
2016-07-08,64360.4279914,42581.7287417
2016-07-11,64587.4243525,42468.9299642
2016-07-12,65056.5429186,42341.0644516
2016-07-13,65047.4717603,42401.2506976
2016-07-14,65410.6713731,42363.6242071
2016-07-15,65322.8947364,42209.494697
2016-07-18,65498.4480098,42217.0030878
2016-07-19,65431.8464676,42303.4879145
2016-07-20,65704.2312307,42265.8998497
2016-07-21,65456.0597751,42303.4879145
2016-07-22,65749.6576783,42311.0039904
2016-07-25,65571.066192,42262.1341266
2016-07-26,65601.3559255,42262.1341266
2016-07-27,65531.7379107,42386.2377586
2016-07-28,65607.3943059,42382.4566652
2016-07-29,65713.3186943,42495.2477576
2016-08-01,64832.5149422,43221.6766281
2016-08-02,64417.1228387,43094.952852
2016-08-03,64605.3861264,43141.025322
2016-08-04,64674.1387198,43221.6766281
2016-08-05,65203.0844978,43075.7380348
2016-08-08,65164.2511697,43102.6387789
2016-08-09,65203.0844978,43213.9828664
2016-08-10,65041.7297656,43263.9218042
2016-08-11,65343.5467278,43148.7190836
2016-08-12,65286.7833072,43252.3968313
2016-08-15,65475.0412281,43175.5884886
2016-08-16,65137.3533476,43148.7190836
2016-08-17,65259.8854851,43229.3508028
2016-08-18,65406.3101014,43290.8225483
2016-08-19,65310.6704193,43194.795471
2016-08-22,65307.6811761,43260.0866756
2016-08-23,65439.1703098,43271.5998963
2016-08-24,65104.4716725,43256.2397947
2016-08-25,65059.6598581,43210.1438204
2016-08-26,64937.1223539,43141.025322
2016-08-29,65256.8855086,43260.0866756
2016-08-30,65149.2888537,43237.0288949
2016-08-31,64964.0201759,43229.3508028
2016-09-01,64940.4372504,43293.6248336
2016-09-02,65233.1935271,43235.8587799
2016-09-06,65430.3331458,43328.2523235
2016-09-07,65424.3785627,43351.3360101
2016-09-08,65274.9989925,43201.2156108
2016-09-09,63712.6558463,43012.5675232
2016-09-12,64626.7541007,43047.2224517
2016-09-13,63697.721108,42927.8724617
2016-09-14,63673.8223079,42981.7931942
2016-09-15,64310.1043885,43008.7143624
2016-09-16,64061.5139525,43039.5435687
2016-09-19,64073.5304086,43004.89256
2016-09-20,64076.5237937,43020.2620855
2016-09-21,64797.0927307,43128.0761119
2016-09-22,65205.4108368,43216.6164946
2016-09-23,64848.1358468,43205.060932
2016-09-26,64322.7216674,43258.9738249
2016-09-27,64722.0327959,43312.8436
2016-09-28,65043.2906045,43324.4030825
2016-09-29,64454.8329464,43324.4030825
2016-09-30,64941.2043723,43278.200431
2016-10-03,64808.568164,43205.7121094
2016-10-04,64478.2157636,43059.2424003
2016-10-05,64763.5276712,43001.41376
2016-10-06,64808.568164,43001.41376
2016-10-07,64586.3172395,43009.1276407
2016-10-10,64922.7390784,42989.8448978
2016-10-11,64102.7638395,42924.3141298
2016-10-12,64186.866616,42939.7536442
2016-10-13,63976.625774,43001.41376
2016-10-14,64009.6615507,42928.1886996
2016-10-17,63787.4320918,43001.41376
2016-10-18,64186.866616,43070.7916742
2016-10-19,64358.0720065,43093.9450692
2016-10-20,64237.9282494,43078.5173079
2016-10-21,64267.9749215,43105.4825901
2016-10-24,64541.2767466,43039.9439868
2016-10-25,64325.0308633,43039.9439868
2016-10-26,64195.8822276,42955.1500642
2016-10-27,64024.68757,42847.2223349
2016-10-28,63835.4616892,42847.2223349
2016-10-31,63838.4507938,42901.1764054
2016-11-01,63752.1506063,42501.4337375
2016-11-02,63368.4508018,42551.1937761
2016-11-03,63078.4167631,42493.772074
2016-11-04,63008.9191509,42581.8093641
2016-11-07,64398.7094471,42532.0493255
2016-11-08,64688.7542823,42463.1487195
2016-11-09,65374.5910963,42068.8701181
2016-11-10,65537.7382796,41896.624428
2016-11-11,65386.6670757,41820.054392
2016-11-14,65438.0426214,41651.6453586
2016-11-15,65948.6346796,41682.2648299
2016-11-16,65824.7546729,41774.1232436
2016-11-17,66163.1358155,41617.177581
2016-11-18,66015.0930534,41483.1936094
2016-11-21,66513.6091322,41517.6575038
2016-11-22,66643.5298277,41555.930872
2016-11-23,66679.7793591,41410.4835296
2016-11-25,66927.5393724,41406.6352232
2016-11-28,66613.315587,41552.1097484
2016-11-29,66743.2416808,41598.0525467
2016-11-30,66583.1013462,41433.4452206
2016-12-01,64580.1087455,43053.4058303
2016-12-02,64612.4756048,43189.3438227
2016-12-05,65000.715005,43225.3302666
2016-12-06,65206.5827347,43217.3305801
2016-12-07,66059.5459108,43329.2857067
2016-12-08,66221.3118896,43249.3050355
2016-12-09,66621.3072022,43117.3709349
2016-12-12,66544.8491025,43077.4210835
2016-12-13,66988.9566763,43133.3743563
2016-12-14,66436.0031226,42897.4767186
2016-12-15,66709.5527456,42845.4909017
2016-12-16,66579.0657969,42873.4817076
2016-12-19,66724.0466241,42985.4530279
2016-12-20,66981.4364659,42945.4545954
2016-12-21,66795.0340467,43037.4145542
2016-12-22,66679.6873678,43037.0259055
2016-12-23,66777.3134671,43049.0294836
2016-12-27,66942.9788143,43016.986205
2016-12-28,66389.7309686,43085.125235
2016-12-29,66374.9480533,43217.3548707
2016-12-30,66132.3411268,43305.5295527
2017-01-03,65992.3101897,43994.8734598
2017-01-04,66384.9154025,44007.0968065
2017-01-05,66332.1752916,44190.1183122
2017-01-06,66569.5214035,44043.6928903
2017-01-09,66349.7657371,44116.8973838
2017-01-10,66349.7657371,44104.7069066
2017-01-11,66537.2861314,44157.5651774
2017-01-12,66370.2757802,44173.8355817
2017-01-13,66522.6204878,44096.5758131
2017-01-17,66288.2356077,44247.0524014
2017-01-18,66434.7150987,44055.9039109
2017-01-19,66188.6258068,43942.0234065
2017-01-20,66431.8059096,43958.2855934
2017-01-23,66258.9303418,44080.288974
2017-01-24,66683.7812352,44011.1397555
2017-01-25,67260.9560191,43893.2450629
2017-01-26,67190.6254626,43921.6689663
2017-01-27,67085.1816708,43958.2855934
2017-01-30,66669.1155916,43937.9434793
2017-01-31,66663.2659878,44043.6928903
2017-02-01,66402.6713913,44268.4475942
2017-02-02,66446.4064611,44293.0453599
2017-02-03,66904.4380428,44305.3235654
2017-02-06,66784.8298817,44432.5057589
2017-02-07,66787.757644,44477.6237185
2017-02-08,66875.2744205,44604.7810992
2017-02-09,67272.014722,44498.1521834
2017-02-10,67537.477268,44489.9432787
2017-02-13,67905.0643109,44424.3009897
2017-02-14,68176.3564722,44325.8685722
2017-02-15,68532.263557,44256.1238985
2017-02-16,68473.9259485,44350.4622024
2017-02-17,68581.8645152,44448.886349
2017-02-21,68990.2744112,44444.7963708
2017-02-22,68929.0142223,44473.5213339
2017-02-23,68975.6822363,44547.3559858
2017-02-24,69063.2093764,44711.4555051
2017-02-27,69171.1323975,44629.3995422
2017-02-28,68984.439614,44617.1006594
2017-03-01,68613.7239406,45742.4826271
2017-03-02,68181.6278444,45657.7554014
2017-03-03,68224.5426466,45691.659071
2017-03-06,68021.4000448,45670.4793945
2017-03-07,67818.1964483,45611.221454
2017-03-08,67692.318789,45501.1314379
2017-03-09,67778.1483935,45361.3890227
2017-03-10,68015.6665499,45429.1580239
2017-03-13,68050.0065244,45352.9503785
2017-03-14,67789.5950516,45369.8830442
2017-03-15,68376.2362814,45632.3798316
2017-03-16,68241.7177167,45581.5562756
2017-03-17,68121.8988569,45678.9563769
2017-03-20,68047.1499427,45746.665741
2017-03-21,67173.4730859,45839.8316109
2017-03-22,67331.5355763,45903.3663807
2017-03-23,67259.6991555,45916.0435161
2017-03-24,67210.8322943,45877.9567325
2017-03-27,67141.8524552,45988.0424889
2017-03-28,67630.434658,45882.1739248
2017-03-29,67693.6454221,45983.7741791
2017-03-30,67909.2055132,45899.1108503
2017-03-31,67751.1277742,45932.9804416
2017-04-03,68241.7333969,45494.4889313
2017-04-04,68285.2394069,45452.6261045
2017-04-05,68082.259227,45502.8581338
2017-04-06,68273.6282309,45498.6798378
2017-04-07,68204.0432321,45398.2031688
2017-04-10,68244.6310623,45456.808604
2017-04-11,68163.4451447,45586.5837872
2017-04-12,67864.7702056,45687.0562527
2017-04-13,67423.9660603,45745.6742986
2017-04-17,68021.3518387,45720.5414699
2017-04-18,67818.3614015,45904.7648099
2017-04-19,67693.6694738,45833.6118761
2017-04-20,68244.6310623,45762.4127036
2017-04-21,68027.1317836,45774.9812197
2017-04-24,68775.3038643,45708.0191925
2017-04-25,69175.4791505,45557.2936801
2017-04-26,69131.9885263,45615.8949119
2017-04-27,69189.987992,45657.7619421
2017-04-28,69039.1965612,45737.288282
2017-05-01,68899.3607996,45932.9071997
2017-05-02,68925.3521818,45996.2705054
2017-05-03,68841.6345065,45949.7817906
2017-05-04,68922.4727593,45911.7663466
2017-05-05,69193.8327955,45920.2269203
2017-05-08,69182.2793683,45831.486126
2017-05-09,69118.7687036,45835.7439235
2017-05-10,69242.9003999,45848.4030409
2017-05-11,69101.4564316,45844.1833351
2017-05-12,68985.9783187,46013.1704907
2017-05-15,69367.0320961,45996.2705054
2017-05-16,69303.5163261,46055.3971757
2017-05-17,68073.7783175,46291.98004
2017-05-18,68348.0126708,46266.6110163
2017-05-19,68792.5771129,46266.6110163
2017-05-22,69141.8602419,46237.0815404
2017-05-23,69294.8627427,46148.3407461
2017-05-24,69456.5086162,46228.6251991
2017-05-25,69788.4794732,46249.7194958
2017-05-26,69774.0466236,46232.8491373
2017-05-30,69713.4306974,46321.5476075
2017-05-31,69696.11332,46368.0405548
2017-06-01,69958.1473017,46638.7648678
2017-06-02,70191.0001508,46792.1123395
2017-06-05,70139.2437752,46719.6997936
2017-06-06,69915.0237675,46813.4289371
2017-06-07,70044.3740336,46758.052633
2017-06-08,70078.8748946,46711.1688955
2017-06-09,69972.5252025,46672.8458695
2017-06-12,69958.1473017,46672.8458695
2017-06-13,70300.2325408,46685.6358281
2017-06-14,70211.1180269,46834.7029441
2017-06-15,70076.0176173,46804.9150752
2017-06-16,70091.3106603,46834.7029441
2017-06-19,70674.8256647,46770.8212963
2017-06-20,70198.1941853,46843.2593965
2017-06-21,70180.8624088,46851.7519631
2017-06-22,70149.086638,46873.0770788
2017-06-23,70232.8577383,46881.5653863
2017-06-26,70279.0724195,46924.1858043
2017-06-27,69712.8942757,46783.5984777
2017-06-28,70336.8483972,46800.6474967
2017-06-29,69718.6850922,46711.1688955
2017-06-30,69848.6556213,46651.5420491
2017-07-03,69921.225251,46614.1501674
2017-07-05,70082.8858106,46639.7893673
2017-07-06,69442.0153491,46550.0479043
2017-07-07,69892.3511244,46532.9522622
2017-07-10,69967.4096274,46554.3196832
2017-07-11,69915.4534742,46597.067315
2017-07-12,70440.8426717,46738.0445452
2017-07-13,70559.2098241,46686.7959882
2017-07-14,70888.2925585,46733.7940826
2017-07-17,70879.6450549,46755.1487139
2017-07-18,70917.1666851,46861.9602394
2017-07-19,71301.1117843,46874.7841026
2017-07-20,71332.8616378,46887.6250188
2017-07-21,71269.3568501,46968.7973444
2017-07-24,71252.031358,46926.0625024
2017-07-25,71425.2557944,46759.4460723
2017-07-26,71428.1366021,46849.1576924
2017-07-27,71361.7357644,46780.7836505
2017-07-28,71278.0094346,46874.7841026
2017-07-31,71237.5866735,46853.4124183
2017-08-01,71026.7351083,47351.1567389
2017-08-02,71061.2117504,47316.6494546
2017-08-03,70923.3658357,47411.5734895
2017-08-04,71052.5938535,47333.9052451
2017-08-07,71184.6928188,47329.5827039
2017-08-08,71009.5144779,47286.4432276
2017-08-09,71006.6384759,47329.5827039
2017-08-10,70004.3644287,47377.0490182
2017-08-11,70107.7539193,47415.8831404
2017-08-14,70802.7354968,47394.3048087
2017-08-15,70794.107491,47325.2687563
2017-08-16,70917.6138318,47411.5734895
2017-08-17,69811.960403,47480.6439159
2017-08-18,69702.8087996,47450.420502
2017-08-21,69757.3770196,47484.932083
2017-08-22,70486.8301848,47441.7797164
2017-08-23,70234.1059351,47549.6885618
2017-08-24,70070.4113841,47489.2675144
2017-08-25,70234.1059351,47523.7962825
2017-08-28,70236.9617192,47541.0520731
2017-08-29,70317.3937388,47610.0924222
2017-08-30,70650.5348447,47601.4645269
2017-08-31,71075.5614333,47666.1780381
2017-09-01,71240.4518108,47493.6345405
2017-09-05,70728.7990582,47687.9925984
2017-09-06,70970.2374774,47636.1709346
2017-09-07,70961.6421402,47752.7600237
2017-09-08,70878.2638277,47696.6302576
2017-09-11,71634.2487798,47567.0610796
2017-09-12,71875.7023761,47497.9598065
2017-09-13,71910.2000834,47450.4462448
2017-09-14,71887.2066709,47476.3635132
2017-09-15,71983.9661883,47467.7473087
2017-09-18,72137.0835966,47446.1338517
2017-09-19,72209.2965711,47420.2080014
2017-09-20,72235.3001222,47381.3621355
2017-09-21,72041.7507332,47372.6987307
2017-09-22,72056.1892809,47407.2751129
2017-09-25,71908.8796696,47519.543227
2017-09-26,71952.2003716,47502.2764906
2017-09-27,72232.4012828,47364.0911082
2017-09-28,72319.057864,47368.3992104
2017-09-29,72573.2653421,47329.5018532
2017-10-02,72147.5667066,48098.3778044
2017-10-03,72301.9827297,48137.9133253
2017-10-04,72387.7638451,48124.7478923
2017-10-05,72816.6493917,48102.7706401
2017-10-06,72733.7276467,48032.4111841
2017-10-09,72613.6390928,48098.3778044
2017-10-10,72805.2319402,48102.7706401
2017-10-11,72919.6017531,48111.5519534
2017-10-12,72810.9356583,48168.6588169
2017-10-13,72899.5961748,48287.3743289
2017-10-16,72996.789734,48239.0226309
2017-10-17,73048.2734263,48221.4425723
2017-10-18,73119.7576891,48146.7164285
2017-10-19,73139.7632674,48181.8678297
2017-10-20,73517.2001753,48041.2230032
2017-10-23,73231.2681315,48093.954463
2017-10-24,73359.934797,47992.8843792
2017-10-25,72996.789734,47962.1083818
2017-10-26,73091.1539687,47909.3638481
2017-10-27,73688.7724214,48014.8703473
2017-10-30,73414.2578291,48146.7164285
2017-10-31,73528.627642,48115.949147
2017-11-01,73057.4349029,48704.9566019
2017-11-02,73085.8128201,48731.6598163
2017-11-03,73329.8152061,48776.2695289
2017-11-06,73443.3219061,48820.8086915
2017-11-07,73392.2307233,48834.1691175
2017-11-08,73517.0716956,48802.9771527
2017-11-09,73250.37592,48767.336122
2017-11-10,73227.6725924,48571.2509266
2017-11-13,73295.7527612,48571.2509266
2017-11-14,73125.5498546,48620.2700208
2017-11-15,72759.5239151,48713.8415056
2017-11-16,73378.0591561,48660.3733455
2017-11-17,73162.4098424,48713.8415056
2017-11-20,73287.2706907,48687.111835
2017-11-21,73766.7586093,48736.1441573
2017-11-22,73701.5107663,48820.8086915
2017-11-24,73871.7335489,48811.8973315
2017-11-27,73834.8487161,48811.8973315
2017-11-28,74583.9144261,48811.8973315
2017-11-29,74538.5077709,48691.5917666
2017-11-30,75191.0905498,48611.3542514
2017-12-01,74270.6978813,49513.7985875
2017-12-04,74180.8440419,49509.2664021
2017-12-05,73914.0466519,49559.1562691
2017-12-06,73928.0738647,49609.0640498
2017-12-07,74161.1803684,49545.5462775
2017-12-08,74565.5939621,49527.3951437
2017-12-11,74790.26053,49509.2664021
2017-12-12,74922.2550282,49486.5920398
2017-12-13,74913.8298475,49627.2017483
2017-12-14,74607.7297026,49640.7938261
2017-12-15,75228.9994806,49654.4217314
2017-12-18,75706.0329187,49590.8815669
2017-12-19,75415.3027036,49445.7889358
2017-12-20,75375.7786217,49332.3723397
2017-12-21,75531.0321273,49375.9386436
2017-12-22,75511.2897598,49398.6085275
2017-12-26,75420.9588378,49439.4519374
2017-12-27,75457.6450159,49593.7253789
2017-12-28,75612.9132766,49557.4320681
2017-12-29,75327.7949303,49607.3264135
2018-01-02,75240.6338128,50160.4225419
2018-01-03,75716.5387675,50165.0210442
2018-01-04,76035.6671693,50132.8768781
2018-01-05,76542.3703927,50100.6964318
2018-01-08,76682.3674009,50086.9326699
2018-01-09,76855.9186204,49949.0546954
2018-01-10,76738.3203531,49949.0546954
2018-01-11,77298.2352193,49972.038137
2018-01-12,77802.1239667,49962.8411323
2018-01-16,77536.1974522,49976.6275693
2018-01-17,78275.2485899,49921.5090316
2018-01-18,78143.6706206,49811.231141
2018-01-19,78499.1872208,49705.5336127
2018-01-22,79137.4879245,49687.1622785
2018-01-23,79305.4443366,49806.6281037
2018-01-24,79274.6168013,49756.1171383
2018-01-25,79308.2246681,49884.748223
2018-01-26,80226.4315883,49792.8507367
2018-01-29,79694.5590482,49705.5336127
2018-01-30,78877.1025619,49627.4407034
2018-01-31,78916.3003584,49668.7773392
2018-02-01,77002.7995841,51335.1997228
2018-02-02,75326.4843472,51182.4303
2018-02-05,72176.1339339,51387.7199423
2018-02-06,73598.1553267,51239.7417553
2018-02-07,73198.9033179,51125.1188448
2018-02-08,70453.2845627,51039.191628
2018-02-09,71511.5954281,50972.3776334
2018-02-12,72561.720174,50986.6761104
2018-02-13,72742.2102903,51000.9933949
2018-02-14,73723.9585435,50829.1201538
2018-02-15,74664.685666,50891.1805277
2018-02-16,74686.5566138,50991.4532405
2018-02-20,74218.9328772,50938.9095115
2018-02-21,73849.7379357,50776.5999343
2018-02-22,73945.4697905,50781.3864682
2018-02-23,75124.0851638,50910.2890481
2018-02-26,75996.464383,50948.4637716
2018-02-27,75047.5416112,50838.6509044
2018-02-28,74287.2855454,50977.1171483
2018-03-01,74537.017424,49691.3449493
2018-03-02,74921.2347558,49612.1198443
2018-03-05,75787.1888975,49584.1499616
2018-03-06,75979.3121178,49593.4732559
2018-03-07,75951.4501029,49584.1499616
2018-03-08,76318.9977702,49663.3933835
2018-03-09,77647.1469847,49570.1695995
2018-03-12,77549.6663184,49598.1486406
2018-03-13,77048.4993553,49663.3933835
2018-03-14,76653.1430392,49747.2618187
2018-03-15,76569.5812517,49751.9051489
2018-03-16,76652.6142286,49723.9719
2018-03-19,75615.4806796,49672.6983608
2018-03-20,75744.0835514,49593.4732559
2018-03-21,75598.7188371,49588.8253464
2018-03-22,73708.9678483,49682.0033382
2018-03-23,72137.8762237,49682.0033382
2018-03-26,74111.4946429,49663.3933835
2018-03-27,72850.7372531,49807.8357559
2018-03-28,72635.4870564,49835.7873218
2018-03-29,73563.5885796,49980.2800657
2018-04-02,73142.9191269,48761.9460846
2018-04-03,74080.4014038,48707.2034887
2018-04-04,74873.0014456,48725.454002
2018-04-05,75463.8993058,48657.0358193
2018-04-06,73782.1176391,48766.5031229
2018-04-09,74145.7455746,48807.5522437
2018-04-10,75324.7015303,48771.0646332
2018-04-11,74929.8066014,48812.1182261
2018-04-12,75546.2722049,48702.6330342
2018-04-13,75324.7015303,48716.3220373
2018-04-16,75943.9723876,48725.454002
2018-04-17,76756.4902239,48739.1295889
2018-04-18,76813.2904496,48602.3021675
2018-04-19,76387.1679684,48483.698427
2018-04-20,75739.4403016,48351.4012115
2018-04-23,75728.096033,48328.6249644
2018-04-24,74708.2260665,48264.7504037
2018-04-25,74892.8847291,48200.9205636
2018-04-26,75654.2227076,48282.9919729
2018-04-27,75725.251338,48342.2781908
2018-04-30,75142.8777023,48351.4012115
2018-05-01,74151.3287772,49434.2191848
2018-05-02,73653.2257737,49434.2191848
2018-05-03,73490.9131077,49490.3452042
2018-05-04,74442.342537,49523.1010173
2018-05-07,74694.2083583,49499.6896259
2018-05-08,74694.2083583,49443.5773348
2018-05-09,75416.1893939,49387.437587
2018-05-10,76121.3622152,49499.6896259
2018-05-11,76353.651639,49523.1010173
2018-05-14,76390.0459637,49476.3148434
2018-05-15,75863.945458,49256.4189108
2018-05-16,76182.9470071,49200.2928913
2018-05-17,76118.5940319,49134.8087219
2018-05-18,75928.2644379,49261.1094261
2018-05-21,76499.1512343,49265.8090936
2018-05-22,76286.4527772,49265.8090936
2018-05-23,76496.3539123,49401.4587956
2018-05-24,76339.6553162,49537.1405304
2018-05-25,76157.737114,49644.7157824
2018-05-29,75281.8742302,49972.1823908
2018-05-30,76286.4527772,49845.8908388
2018-05-31,75819.1591674,49803.7722996
2018-06-01,75783.0796409,50522.0530939
2018-06-04,76143.1495567,50402.9754337
2018-06-05,76198.5353144,50441.0784258
2018-06-06,76835.6109304,50326.7740972
2018-06-07,76827.2948949,50436.3143898
2018-06-08,77054.4428377,50364.8770894
2018-06-11,77156.9031246,50312.4819893
2018-06-12,77256.6282531,50326.7740972
2018-06-13,77010.1130808,50279.1383853
2018-06-14,77203.9968817,50407.7534132
2018-06-15,77105.4879133,50426.7723744
2018-06-18,76946.8967903,50436.3143898
2018-06-19,76651.9803687,50488.7094899
2018-06-20,76782.7776667,50393.438066
2018-06-21,76301.3993858,50407.7534132
2018-06-22,76440.5415611,50455.3705337
2018-06-25,75399.9699804,50426.7723744
2018-06-26,75566.8867529,50507.7656338
2018-06-27,74940.8863658,50598.2404868
2018-06-28,75369.3833135,50593.4810987
2018-06-29,75477.8763314,50636.3388311
2018-07-02,75736.3651002,50490.9100668
2018-07-03,75468.9331816,50595.6937033
2018-07-05,76084.6094643,50643.363114
2018-07-06,76728.1489542,50695.7363767
2018-07-09,77419.0400128,50648.1133551
2018-07-10,77697.6047001,50610.01401
2018-07-11,77129.2896124,50629.0335296
2018-07-12,77828.536264,50690.9861357
2018-07-13,77889.8555348,50738.627713
2018-07-16,77820.1758579,50681.4670981
2018-07-17,78134.9737847,50662.4058282
2018-07-18,78299.3421597,50648.1133551
2018-07-19,78004.0374077,50724.3306009
2018-07-20,77914.9078742,50624.3018442
2018-07-23,78059.7734482,50448.0187305
2018-07-24,78452.6018316,50519.504291
2018-07-25,79121.1888478,50524.2498931
2018-07-26,78934.5308697,50495.6603078
2018-07-27,78399.6285275,50533.7782085
2018-07-30,77990.1226501,50481.3678346
2018-07-31,78374.5761881,50524.2498931
2018-08-01,77228.9158556,51485.9439037
2018-08-02,77649.63861,51505.3832813
2018-08-03,77982.3212325,51617.438895
2018-08-06,78268.3186414,51651.533519
2018-08-07,78526.785694,51558.983532
2018-08-08,78493.7587678,51558.983532
2018-08-09,78386.5495266,51632.0468206
2018-08-10,77861.3586899,51744.0787739
2018-08-13,77569.8932153,51773.3324818
2018-08-14,78064.8172875,51724.6110038
2018-08-15,77481.8625848,51797.6600963
2018-08-16,78108.8088492,51826.8854117
2018-08-17,78383.7893649,51856.1296555
2018-08-20,78551.5368859,51958.3945992
2018-08-21,78735.764615,51914.5613581
2018-08-22,78689.022393,51958.3945992
2018-08-23,78584.5258065,51929.1976762
2018-08-24,79057.4921034,51987.6341109
2018-08-27,79681.6734554,51919.4495949
2018-08-28,79720.1494445,51822.0350315
2018-08-29,80149.1289304,51812.3011465
2018-08-30,79824.6365296,51836.6192967
2018-08-31,79827.401442,51831.7689165
2018-09-04,78877.9647111,52585.3098074
2018-09-05,78665.65574,52560.5481755
2018-09-06,78428.8477713,52649.7900198
2018-09-07,78276.4367332,52461.3478487
2018-09-10,78412.5354829,52510.9672369
2018-09-11,78671.1057089,52421.7061677
2018-09-12,78690.1265237,52456.402251
2018-09-13,79155.5463473,52491.1271716
2018-09-14,79169.1642162,52391.9701008
2018-09-17,78750.0479682,52391.9701008
2018-09-18,79177.3368185,52277.9329809
2018-09-19,79261.7055352,52178.7711039
2018-09-20,79904.0495014,52248.153658
2018-09-21,79831.0321436,52287.838595
2018-09-24,79565.8128614,52238.2672689
2018-09-25,79491.977303,52213.4671872
2018-09-26,79254.1442323,52337.4243397
2018-09-27,79475.6038846,52372.1011981
2018-09-28,79483.7952961,52317.6179179
2018-10-01,79237.8718891,52825.247926
2018-10-02,79191.6985538,52885.4829952
2018-10-03,79235.1624056,52634.489787
2018-10-04,78615.886605,52483.8851246
2018-10-05,78175.8664923,52368.4681499
2018-10-08,78175.8664923,52348.3914115
2018-10-09,78061.7832244,52423.6840344
2018-10-10,75590.0662879,52408.6119182
2018-10-11,73925.093378,52564.2163487
2018-10-12,74951.8007455,52579.2739024
2018-10-15,74530.8030753,52544.1250479
2018-10-16,76160.4639414,52574.2644261
2018-10-17,76174.0580739,52468.8566957
2018-10-18,75074.0171353,52433.702987
2018-10-19,75033.2954676,52388.5351799
2018-10-22,74696.4786453,52378.5016649
2018-10-23,74316.240015,52443.7510645
2018-10-24,72064.5378064,52579.2739024
2018-10-25,73357.4285655,52534.1109494
2018-10-26,72067.2613044,52654.5762336
2018-10-29,71667.967531,52599.3554949
2018-10-30,72729.9822708,52524.0580178
2018-10-31,73506.8098627,52498.9572408
2018-11-01,76151.2942623,50767.5295082
2018-11-02,75700.2631466,50616.6870889
2018-11-05,76117.8744407,50650.7549261
2018-11-06,76599.5527635,50655.6291177
2018-11-07,78239.4896031,50699.398516
2018-11-08,78097.4541642,50606.9621167
2018-11-09,77334.5877164,50670.2189172
2018-11-12,75889.5671138,50752.9350265
2018-11-13,75747.5651952,50772.4083821
2018-11-14,75229.7231681,50777.2685271
2018-11-15,76014.8663045,50840.5112809
2018-11-16,76212.5503674,50923.2320725
2018-11-19,74923.4474309,50918.362563
2018-11-20,73536.910319,50898.9032542
2018-11-21,73787.4799687,50932.942998
2018-11-23,73294.6776674,50918.362563
2018-11-26,74477.9711215,50908.6375908
2018-11-27,74728.5455598,50923.2320725
2018-11-28,76449.1946924,51020.5426635
2018-11-29,76282.1434707,51044.8714818
2018-11-30,76747.1190656,51030.2676357
2018-12-03,77325.9576867,51550.6384578
2018-12-04,74820.4130087,51688.3770026
2018-12-06,74706.8990563,51816.2791037
2018-12-07,72971.0055458,51885.1247649
2018-12-10,73109.4326656,51919.5499566
2018-12-11,73126.0604907,51934.3258722
2018-12-12,73494.263011,51894.9989865
2018-12-13,73469.3498436,51909.7229574
2018-12-14,72112.7535935,51924.479984
2018-12-17,70698.031381,52013.0032548
2018-12-18,70620.5015277,52165.8104946
2018-12-19,69562.9061422,52215.0918801
2018-12-20,68430.5522076,52165.8104946
2018-12-21,67028.4484763,52141.1603573
2018-12-24,65257.3613074,52175.661105
2018-12-26,68554.4752166,52077.1219452
2018-12-27,69080.7992108,52160.8757449
2018-12-28,68991.6889249,52353.1090376
2018-12-31,69595.9570396,52486.1914453
2019-01-02,73314.2027754,48876.1351836
2019-01-03,71564.7405844,49077.9363786
2019-01-04,73961.8534951,48931.1499024
2019-01-07,74544.9992073,48848.6322183
2019-01-08,75245.369354,48811.9235154
2019-01-09,75597.0326357,48853.2065252
2019-01-10,75863.7064487,48798.1610474
2019-01-11,75893.0100519,48866.9777815
2019-01-14,75430.010115,48798.1610474
2019-01-15,76294.4714199,48807.3448143
2019-01-16,76479.1171918,48848.6322183
2019-01-17,77059.3315415,48811.9235154
2019-01-18,78084.9827076,48775.2411773
2019-01-22,77030.0279383,48816.4978223
2019-01-23,77191.2077776,48866.9777815
2019-01-24,77232.2468525,48949.508648
2019-01-25,77885.7202102,48926.5624131
2019-01-28,77293.7653779,48899.063842
2019-01-29,77191.2077776,49027.4827842
2019-01-30,78413.210122,49137.5517692
2019-01-31,79101.8498079,49284.3250629
2019-02-01,76992.030913,51328.0206087
2019-02-04,77533.6930387,51284.8263908
2019-02-05,77858.7205383,51395.189704
2019-02-06,77756.065394,51366.4317742
2019-02-07,77014.8502088,51390.39748
2019-02-08,77108.9109462,51505.5759464
2019-02-11,77151.6782356,51452.7881089
2019-02-12,78143.7789275,51462.3817286
2019-02-13,78397.5162367,51371.2056548
2019-02-14,78223.6245257,51447.9867132
2019-02-15,79076.0697625,51486.3932929
2019-02-19,79212.8831647,51515.1833237
2019-02-20,79372.5451119,51519.9388607
2019-02-21,79090.314151,51404.7970812
2019-02-22,79580.6779538,51534.3613913
2019-02-25,79688.9977042,51519.9388607
2019-02-26,79632.000651,51577.5326798
2019-02-27,79597.7546453,51467.2014677
2019-02-28,79449.4852839,51376.0345656
2019-03-01,78742.2879867,52494.8586578
2019-03-04,78455.9022663,52558.8522297
2019-03-05,78349.1936361,52593.2965879
2019-03-06,77874.6417661,52672.0882333
2019-03-07,77223.1832738,52819.7592085
2019-03-08,77068.7236839,52888.6901649
2019-03-11,78186.3266123,52893.6134694
2019-03-12,78481.1821862,52992.0701728
2019-03-13,79000.6617314,52967.491197
2019-03-14,78950.0970902,52888.6901649
2019-03-15,79340.1712947,53021.6193865
2019-03-18,79627.8582227,53011.7821642
2019-03-19,79647.6068096,52982.2282572
2019-03-20,79407.8484969,53198.8724287
2019-03-21,80304.7214739,53208.6908777
2019-03-22,78759.1748771,53474.5821743
2019-03-25,78699.9627268,53573.0107178
2019-03-26,79286.5673013,53582.8573268
2019-03-27,78871.9862192,53696.0698637
2019-03-28,79170.9422777,53701.0260216
2019-03-29,79670.149872,53696.0698637
2019-04-01,80439.067504,53626.0450027
2019-04-02,80478.4880765,53685.4648631
2019-04-03,80605.1149275,53586.4443191
2019-04-04,80818.9768032,53626.0450027
2019-04-05,81210.1833447,53665.6598126
2019-04-08,81272.0929993,53640.901145
2019-04-09,80855.5898337,53670.6228471
2019-04-10,81131.4092742,53774.5922994
2019-04-11,81108.891446,53710.2235307
2019-04-12,81657.6461286,53606.2446609
2019-04-15,81604.1686821,53596.3374268
2019-04-16,81657.6461286,53502.2987524
2019-04-17,81457.8219628,53497.3168828
2019-04-18,81618.2255561,53566.648686
2019-04-22,81688.5961648,53502.2987524
2019-04-23,82423.1277213,53596.3374268
2019-04-24,82240.2062997,53720.1354735
2019-04-25,82189.5363952,53715.1677302
2019-04-26,82572.2819825,53824.081382
2019-04-29,82701.7355396,53730.0285813
2019-04-30,82743.9349079,53764.6803566
2019-05-01,81552.5155079,54368.3436719
2019-05-02,81376.4101792,54247.985526
2019-05-03,82172.9425645,54338.2505665
2019-05-06,81834.7769422,54408.4678125
2019-05-07,80468.1550586,54473.6838165
2019-05-08,80356.3752296,54463.6337472
2019-05-09,80113.2039066,54493.7458868
2019-05-10,80515.6474504,54503.7626463
2019-05-13,78492.2774405,54594.0419625
2019-05-14,79202.1511977,54639.1816206
2019-05-15,79666.0417702,54734.4669373
2019-05-16,80403.877137,54669.2461747
2019-05-17,79884.0395563,54684.3212787
2019-05-20,79355.8710622,54609.0742395
2019-05-21,80071.2971758,54604.0825147
2019-05-22,79825.3853581,54694.3475553
2019-05-23,78850.0023918,54854.848876
2019-05-24,79028.8767619,54874.9014292
2019-05-28,78293.8675303,54955.1687445
2019-05-29,77768.458562,54970.2200557
2019-05-30,77980.8611715,55115.6795823
2019-05-31,76930.0432349,55371.4567026
2019-06-03,79340.3873009,52893.5915339
2019-06-04,81062.6138338,52845.6711832
2019-06-05,81764.7818597,52816.9198798
2019-06-06,82296.4391773,52807.364833
2019-06-07,83120.0175571,52955.8830014
2019-06-10,83501.4467795,52816.9198798
2019-06-11,83481.2182797,52807.364833
2019-06-12,83333.8532649,52874.4134168
2019-06-13,83677.7279231,52989.4277004
2019-06-14,83585.2533756,52975.0429789
2019-06-17,83617.0227461,52960.6537224
2019-06-18,84492.5743995,53104.4238443
2019-06-19,84683.318527,53286.4549673
2019-06-20,85492.3896486,53377.4932034
2019-06-21,85368.1063754,53238.5300817
2019-06-24,85263.6383738,53334.3707831
2019-06-25,84427.3237133,53343.9394346
2019-06-26,84343.1334054,53224.1725696
2019-06-27,84642.2121689,53372.6771333
2019-06-28,85077.7644348,53348.737365
2019-07-01,83541.5774464,55694.3849643
2019-07-02,83759.1414167,55794.5692201
2019-07-03,84428.7700757,55884.7194388
2019-07-05,84332.7121936,55649.3145858
2019-07-08,83869.3499567,55619.2361281
2019-07-09,83973.8618516,55604.2205533
2019-07-10,84375.0971476,55644.2857402
2019-07-11,84572.909557,55438.8931136
2019-07-12,84951.5114599,55499.0216442
2019-07-15,84979.7936271,55579.152018
2019-07-16,84705.7036191,55519.0660646
2019-07-17,84129.2797327,55664.3301606
2019-07-18,84437.252811,55754.4945716
2019-07-19,83968.2130775,55689.3655803
2019-07-22,84174.4794996,55759.5139557
2019-07-23,84776.3228695,55704.3953475
2019-07-24,85174.7529269,55784.5493753
2019-07-25,84767.8401342,55699.4043483
2019-07-26,85335.7908595,55709.4147315
2019-07-29,85180.3825526,55734.454882
2019-07-30,84971.3300402,55729.4402288
2019-07-31,84041.6854375,55754.4945716
2019-08-01,83700.4968062,55800.3312041
2019-08-02,83070.263905,55820.2314415
2019-08-05,80572.100677,56064.5871883
2019-08-06,81701.9200522,56214.1584243
2019-08-07,81750.2078643,56184.2469959
2019-08-08,83354.1712308,56239.0947935
2019-08-09,82786.3758174,56164.2809882
2019-08-12,81778.6034065,56368.7282091
2019-08-13,83050.3908732,56288.9722296
2019-08-14,80594.7921011,56463.4516475
2019-08-15,80807.7009525,56722.7795512
2019-08-16,82000.025149,56677.8630807
2019-08-19,82987.9437663,56528.2824489
2019-08-20,82352.0548425,56682.8287442
2019-08-21,83021.9953311,56652.9455031
2019-08-22,82996.4566575,56503.3601734
2019-08-23,80864.5112749,56732.7249719
2019-08-26,81758.7015173,56707.8120922
2019-08-27,81437.9434728,56887.2759651
2019-08-28,82011.3852897,56892.2933054
2019-08-29,83058.9133834,56857.3457451
2019-08-30,83021.9953311,56907.2278792
2019-09-03,83657.5177745,55771.6785164
2019-09-04,84607.0532694,55869.6594207
2019-09-05,85694.7033726,55629.6071261
2019-09-06,85760.9040072,55688.4067213
2019-09-09,85804.0660411,55453.2313667
2019-09-10,85783.9231086,55154.3748717
2019-09-11,86393.9049211,55164.1886199
2019-09-12,86693.1727386,55075.9800167
2019-09-13,86635.6103606,54747.7559607
2019-09-16,86368.0194005,54894.7273173
2019-09-17,86586.725238,54978.0083228
2019-09-18,86638.4962792,55041.6940686
2019-09-19,86632.7244419,55120.0705026
2019-09-20,86223.4017254,55320.959909
2019-09-23,86203.1807952,55345.4505299
2019-09-24,85526.7643546,55497.3218527
2019-09-25,86032.6386006,55267.0648853
2019-09-26,85853.4289002,55360.1504287
2019-09-27,85390.9019328,55428.722325
2019-09-30,85786.9065246,55443.4360394
2019-10-01,84186.0192894,56124.0128596
2019-10-02,82698.8817143,56163.7056227
2019-10-03,83376.417577,56382.0204733
2019-10-04,84504.6854021,56471.317557
2019-10-07,84140.1027076,56317.5022832
2019-10-08,82833.8137192,56337.3672781
2019-10-09,83620.4377748,56307.5767658
2019-10-10,84186.0192894,56114.0873422
2019-10-11,85058.744198,55930.5141293
2019-10-14,84964.0351962,56024.7809518
2019-10-15,85805.1839823,55841.2356588
2019-10-16,85667.3955051,55940.4349934
2019-10-17,85920.0529004,55925.5536973
2019-10-18,85543.9184382,55965.2371538
2019-10-21,86123.859778,55811.4404932
2019-10-22,85842.5117813,55895.7817983
2019-10-23,86092.2739725,55940.4349934
2019-10-24,86232.9673367,55955.3349029
2019-10-25,86586.0854103,55875.9540299
2019-10-28,87074.1451717,55756.8571273
2019-10-29,87048.2626278,55761.7942928
2019-10-30,87315.2798482,55920.5886119
2019-10-31,87082.7533204,56138.8895025
2019-11-01,86425.3900481,57616.9266987
2019-11-04,86772.6258137,57474.0636514
2019-11-05,86676.6379955,57259.7881786
2019-11-06,86696.3954326,57346.5220238
2019-11-07,87001.2979138,57076.1173489
2019-11-08,87215.8684408,57045.4936077
2019-11-11,87049.3061054,57055.7062959
2019-11-12,87232.7979459,57116.9251313
2019-11-13,87261.0487005,57218.9756217
2019-11-14,87388.0675969,57382.2306239
2019-11-15,88020.4198418,57351.6021081
2019-11-18,88085.3575385,57458.7661044
2019-11-19,88059.9347159,57499.5691123
2019-11-20,87732.4468656,57637.3377517
2019-11-21,87591.3263961,57555.6935398
2019-11-22,87786.1109211,57586.3220555
2019-11-25,88466.4618359,57642.4464831
2019-11-26,88666.9117465,57724.0668224
2019-11-27,89062.1366604,57652.6448478
2019-11-29,88731.8113565,57581.2324222
2019-12-02,87297.1225094,58198.0816729
2019-12-03,86711.6797718,58461.9355482
2019-12-04,87246.7176517,58363.6443395
2019-12-05,87403.5726558,58296.3777126
2019-12-06,88201.9251343,58213.5987948
2019-12-09,87924.5992136,58244.6378696
2019-12-10,87826.567198,58223.9419324
2019-12-11,88075.9082662,58379.1566304
2019-12-12,88834.9761339,58130.829539
2019-12-13,88888.243723,58363.6443395
2019-12-16,89498.8652695,58244.6378696
2019-12-17,89518.4981269,58249.797361
2019-12-18,89524.1007662,58136.0035233
2019-12-19,89891.0216757,58198.7193629
2019-12-20,90285.1432573,58209.0673315
2019-12-23,90423.0551049,58167.6029923
2019-12-24,90425.9083884,58240.1692091
2019-12-26,90907.2535211,58292.0056717
2019-12-27,90884.7201405,58369.7362108
2019-12-30,90383.6571187,58369.7362108
2019-12-31,90603.2371182,58234.9855628
2020-01-02,89906.7873914,59937.8582609
2020-01-03,89225.9705561,60113.3966206
2020-01-06,89566.383618,60065.5216209
2020-01-07,89314.517521,60001.7048167
2020-01-08,89790.542215,59932.5525903
2020-01-09,90399.3920007,59996.3743532
2020-01-10,90139.2405903,60097.4448988
2020-01-13,90759.1436529,60060.2109918
2020-01-14,90620.7919228,60113.3966206
2020-01-15,90825.5747757,60203.8062393
2020-01-16,91581.1173357,60203.8062393
2020-01-17,91866.1525517,60134.6688887
2020-01-21,91686.2535044,60304.9065363
2020-01-22,91697.3439352,60336.8099798
2020-01-23,91802.4986808,60416.6032988
2020-01-24,90986.0980788,60528.2851855
2020-01-27,89527.6321297,60714.4745549
2020-01-28,90465.813835,60661.2938847
2020-01-29,90391.0788219,60799.6032959
2020-01-30,90684.4272167,60804.8990493
2020-01-31,89037.7861954,60985.7827481
2020-02-03,90398.7223609,60265.8149072
2020-02-04,91776.5258048,60065.5935661
2020-02-05,92836.3674071,59976.0311801
2020-02-06,93148.7782324,60012.8913565
2020-02-07,92652.3039428,60186.7762976
2020-02-10,93343.981173,60255.276426
2020-02-11,93505.728241,60181.5021554
2020-02-12,94108.1960517,60118.2516612
2020-02-13,94007.7722687,60160.4398977
2020-02-14,94158.3704996,60223.6658837
2020-02-18,93915.7264952,60302.7044933
2020-02-19,94364.7690819,60286.9114763
2020-02-20,93977.1153066,60423.8970281
2020-02-21,93009.2913951,60545.0944644
2020-02-24,89924.6112721,60740.0612698
2020-02-25,87199.6707072,60845.4705907
2020-02-26,86878.9661206,60782.2348014
2020-02-27,82977.0696778,60792.7585778
2020-02-28,82628.4415132,61240.6685404
2020-03-02,88454.1397223,58969.4264815
2020-03-03,85921.4721068,59371.2215844
2020-03-04,89533.0140184,59325.4513436
2020-03-05,86556.7809111,59508.5511931
2020-03-06,85125.8953612,59945.9700289
2020-03-09,78478.0318704,59869.6988848
2020-03-10,82538.8734199,59193.2020712
2020-03-11,78515.2365852,58348.9219606
2020-03-12,71003.1114603,56014.3516647
2020-03-13,77072.8923481,56894.2602297
2020-03-16,68639.2937954,57845.3832101
2020-03-17,72345.2906354,56350.0315744
2020-03-18,68682.2278537,54203.6556286
2020-03-19,68828.1796398,55414.1448811
2020-03-20,65862.0845411,55963.4538726
2020-03-23,64178.1041579,57290.9844394
2020-03-24,69992.8500156,57763.9845147
2020-03-25,71040.6571503,58353.9834108
2020-03-26,75188.7163099,58531.9982026
2020-03-27,72949.1576858,58781.2274098
2020-03-30,75318.2484599,58837.1960951
2020-03-31,74195.5948712,58679.5073697
2020-04-01,77597.9357205,51731.957147
2020-04-02,79388.5526926,51808.6199283
2020-04-03,78241.0380773,51844.6812988
2020-04-06,83496.1884025,52097.1944252
2020-04-07,83581.3116198,52169.342226
2020-04-08,86387.0012636,52218.9276545
2020-04-09,87701.5856424,52868.2369791
2020-04-13,86900.8751637,52620.2137731
2020-04-14,89463.8229494,52647.2744193
2020-04-15,87562.8587284,52863.7178219
2020-04-16,87985.3086626,52931.3589957
2020-04-17,90362.2634019,52868.2369791
2020-04-20,88770.2988265,52791.5741977
2020-04-21,86074.935394,52818.6348439
2020-04-22,87985.3086626,52818.6348439
2020-04-23,87978.9973954,52944.8830538
2020-04-24,89205.3344795,52917.8307609
2020-04-27,90491.5286744,52674.3475955
2020-04-28,90075.3952668,52881.7485071
2020-04-29,92433.4319824,52917.8307609
2020-04-30,91572.8065397,52800.5916287
2020-05-01,85168.7674167,56779.1782778
2020-05-04,85403.637149,56827.7456226
2020-05-05,86192.7299091,56784.0062689
2020-05-06,85608.4497459,56555.6714828
2020-05-07,86641.4967085,56730.579495
2020-05-08,88075.0743454,56579.9506641
2020-05-11,88093.1427939,56409.9245369
2020-05-12,86337.3277432,56555.6714828
2020-05-13,84810.3629583,56647.9871636
2020-05-14,85825.3113248,56822.87272
2020-05-15,86219.8225327,56856.8932153
2020-05-18,88846.098657,56774.2919017
2020-05-19,87933.5214167,56837.4510075
2020-05-20,89427.3339148,56983.1934623
2020-05-21,88809.9517107,57026.9103602
2020-05-22,88978.5771646,57056.0804087
2020-05-26,90074.8536478,56963.7782013
2020-05-27,91415.0742843,57046.3615503
2020-05-28,91246.4186829,57007.5085727
2020-05-29,91652.9989712,57158.1104567
2020-06-01,89488.1132916,59658.7421944
2020-06-02,90229.1100247,59709.6035617
2020-06-03,91429.9046804,59562.1881455
2020-06-04,91189.7594305,59384.2671657
2020-06-05,93526.9002223,59419.8616802
2020-06-08,94657.4025047,59485.9429974
2020-06-09,93951.5470721,59562.1881455
2020-06-10,93427.3299467,59806.1763717
2020-06-11,88041.3197601,59704.5099205
2020-06-12,89095.6858155,59765.4788354
2020-06-15,89927.4381819,59963.7462383
2020-06-16,91658.3426783,59846.8035538
2020-06-17,91277.5931371,59796.0031602
2020-06-18,91312.7344376,59856.9908362
2020-06-19,90790.9017609,59877.3138078
2020-06-22,91373.3522038,59862.0797871
2020-06-23,91793.9923981,59851.9018853
2020-06-24,89452.4540576,59841.7521252
2020-06-25,90411.4226226,59912.9036321
2020-06-26,88264.0116276,59984.0504488
2020-06-29,89561.3080471,60034.8930549
2020-06-30,90708.5503317,60085.7122097
2020-07-01,90876.7407375,60584.493825
2020-07-02,91377.2377032,60656.358384
2020-07-06,92787.8537749,60651.2252012
2020-07-07,91830.8632093,60743.5894046
2020-07-08,92533.2545395,60723.0566734
2020-07-09,92006.4683336,60882.1711597
2020-07-10,92945.9003313,60810.2971474
2020-07-13,92141.0742989,60805.1923247
2020-07-14,93335.1152544,60902.7038909
2020-07-15,94192.626713,60907.8181669
2020-07-16,93882.3670116,60948.8836292
2020-07-17,94154.5734267,61010.4345558
2020-07-20,94915.4835945,61077.1801121
2020-07-21,95117.407126,61113.1123916
2020-07-22,95658.8449166,61164.4158593
2020-07-23,94517.4504979,61236.2804183
2020-07-24,93908.7340306,61215.7382338
2020-07-27,94593.5570705,61174.6869516
2020-07-28,93993.59072,61215.7382338
2020-07-29,95149.5783892,61287.6216996
2020-07-30,94810.1030196,61333.7730778
2020-07-31,95559.3269201,61359.4389917
2020-08-03,94563.3730561,63042.2487041
2020-08-04,94928.6166272,63163.6816988
2020-08-05,95518.2212398,63042.2487041
2020-08-06,96156.7167241,63132.0066922
2020-08-07,96225.7582405,63058.0886346
2020-08-10,96513.3611581,63000.0250707
2020-08-11,95716.7084333,62825.7712718
2020-08-12,97051.1989654,62699.0518276
2020-08-13,96875.7574593,62466.7344648
2020-08-14,96878.6238384,62408.6563377
2020-08-17,97186.367846,62493.1472941
2020-08-18,97396.3396648,62582.9052822
2020-08-19,96990.8043591,62487.8511359
2020-08-20,97292.8060541,62598.7403583
2020-08-21,97637.937199,62662.0806628
2020-08-24,98627.2965862,62635.6823967
2020-08-25,98972.4181765,62503.7056296
2020-08-26,99964.7012704,62493.1472941
2020-08-27,100183.281781,62276.6747162
2020-08-28,100830.414621,62361.1316917
2020-08-31,100465.123277,62498.4288891
2020-09-01,98421.8379315,65614.558621
2020-09-02,99845.4000993,65747.5345721
2020-09-03,96409.286862,65764.1451227
2020-09-04,95622.1261037,65437.218361
2020-09-08,93009.4771585,65509.2753974
2020-09-09,94846.1485029,65503.7165083
2020-09-10,93199.2662835,65509.2753974
2020-09-11,93246.7158829,65586.8455499
2020-09-14,94474.8788011,65592.3790095
2020-09-15,94952.2123135,65597.9429845
2020-09-16,94575.3881247,65564.6608525
2020-09-17,93743.5781927,65581.3171762
2020-09-18,92664.3385827,65503.7165083
2020-09-21,91633.0214917,65514.8190288
2020-09-22,92566.2494947,65564.6608525
2020-09-23,90419.5561727,65426.1666995
2020-09-24,90660.5782539,65431.6849014
2020-09-25,92126.2673575,65453.8695988
2020-09-28,93656.421893,65509.2753974
2020-09-29,93146.392018,65520.3474025
2020-09-30,93852.5907961,65415.0692649
2020-10-01,95975.1562548,63983.4375032
2020-10-02,95063.9393585,63918.3895778
2020-10-05,96749.6859055,63712.3912333
2020-10-06,95374.3146639,63766.6044615
2020-10-07,97034.4706298,63723.2358661
2020-10-08,97894.4404089,63804.5383212
2020-10-09,98768.6376465,63820.8176897
2020-10-12,100357.57152,63945.4986758
2020-10-13,99702.6467429,63961.7581732
2020-10-14,99076.158038,63999.7168717
2020-10-15,98953.7265175,63945.4986758
2020-10-16,98893.9240809,63912.9747131
2020-10-19,97390.3926467,63837.0771872
2020-10-20,97780.5265192,63782.8540234
2020-10-21,97595.4376482,63706.9515298
2020-10-22,98130.7669748,63593.1052409
2020-10-23,98463.9533246,63685.2821354
2020-10-26,96644.3461795,63771.9994552
2020-10-27,96311.1504076,63918.3895778
2020-10-28,93019.3593478,63826.2424899
2020-10-29,93964.7598331,63712.3912333
2020-10-30,92985.1757588,63538.887045
2020-11-02,94608.5075113,63072.3383409
2020-11-03,96278.8948157,63045.4523546
2020-11-04,98430.6298084,63465.1336421
2020-11-05,100350.313369,63524.3399115
2020-11-06,100327.399274,63384.4363042
2020-11-09,101588.110615,63088.4837153
2020-11-10,101439.078932,62986.2608523
2020-11-11,102192.655932,63023.9022176
2020-11-12,101201.282385,63287.5788248
2020-11-13,102602.369817,63298.3292814
2020-11-16,103883.094255,63292.939286
2020-11-17,103324.386609,63422.0875143
2020-11-18,102080.920091,63465.1336421
2020-11-19,102510.656553,63583.5264913
2020-11-20,101808.70026,63648.0784548
2020-11-23,102418.981211,63631.9380028
2020-11-24,104069.355418,63545.8605142
2020-11-25,103908.880908,63524.3399115
2020-11-27,104198.26024,63631.9380028
2020-11-30,103736.982531,63718.0302584
2020-12-01,101030.514401,67353.6762676
2020-12-02,101243.042883,67279.3783858
2020-12-03,101215.43336,67393.7169484
2020-12-04,102087.713448,67210.7752482
2020-12-07,101877.91578,67313.6773447
2020-12-08,102176.021909,67319.3773086
2020-12-09,101259.592157,67222.2325933
2020-12-10,101226.475342,67387.9752265
2020-12-11,101107.808279,67462.2731083
2020-12-14,100655.114394,67422.2741854
2020-12-15,102015.890329,67462.2731083
2020-12-16,102176.021909,67433.7002121
2020-12-17,102747.373723,67430.8450103
2020-12-18,102337.103336,67396.5147329
2020-12-21,101971.229209,67396.5147329
2020-12-22,101799.352393,67493.789942
2020-12-23,101890.830059,67448.0023194
2020-12-24,102287.218052,67510.9420313
2020-12-28,103165.973546,67522.3837172
2020-12-29,102969.12669,67533.8201833
2020-12-30,103116.042596,67573.8713037
2020-12-31,103639.965945,67625.3693297
2021-01-04,101860.909001,67907.2726671
2021-01-05,102562.466851,67838.2487787
2021-01-06,103175.652,67504.5755885
2021-01-07,104708.583023,67435.5097148
2021-01-08,105305.178383,67355.013334
2021-01-11,104595.311988,67245.7045181
2021-01-12,104617.416539,67303.2244251
2021-01-13,104899.160832,67516.0953144
2021-01-14,104531.819419,67383.7627912
2021-01-15,103769.49908,67452.8076722
2021-01-19,104584.282464,67544.8500197
2021-01-20,106031.589066,67550.623003
2021-01-21,106128.261211,67452.8076722
2021-01-22,105752.620354,67452.8076722
2021-01-25,106169.694731,67625.4146266
2021-01-26,106003.987953,67602.3594303
2021-01-27,103413.187192,67608.1324137
2021-01-28,104302.556371,67562.0849991
2021-01-29,102214.463508,67487.3196164
2021-02-01,102880.028175,68586.6854499
2021-02-02,104334.783012,68481.3610876
2021-02-03,104416.796991,68399.4610852
2021-02-04,105603.589642,68370.1912926
2021-02-05,106019.236455,68282.4352002
2021-02-08,106784.886463,68352.6336798
2021-02-09,106713.792064,68381.8821582
2021-02-10,106667.31177,68446.2511907
2021-02-11,106839.583472,68364.3458597
2021-02-12,107367.345188,68206.4019448
2021-02-16,107274.36658,67884.5834252
2021-02-17,107298.953656,68019.1722516
2021-02-18,106842.313367,67984.0570261
2021-02-19,106653.644275,67773.4509301
2021-02-22,105833.270229,67562.8075341
2021-02-23,105961.800541,67580.3438326
2021-02-24,107129.429868,67556.978087
2021-02-25,104548.075218,66936.7867219
2021-02-26,104009.384912,67480.8862175
2021-03-01,104384.498459,69589.6656393
2021-03-02,103569.986618,69601.7556163
2021-03-03,102198.124232,69347.8001242
2021-03-04,100933.42563,69148.2632734
2021-03-05,102790.266149,69099.8978675
2021-03-08,102278.50369,68827.804661
2021-03-09,103738.761409,69087.8243844
2021-03-10,104384.498459,69202.6819147
2021-03-11,105442.867716,69196.6121855
2021-03-12,105584.893495,68803.5862214
2021-03-15,106214.563481,68876.1755648
2021-03-16,106080.58889,68851.9681211
2021-03-17,106442.318521,68845.9313796
2021-03-18,104893.594844,68579.9079023
2021-03-19,104699.527669,68634.3100497
2021-03-22,105535.535829,68767.3217884
2021-03-23,104704.859816,68942.6896811
2021-03-24,104172.625093,69027.3305159
2021-03-25,104758.666822,68991.049589
2021-03-26,106446.847314,68876.1755648
2021-03-29,106393.057964,68761.2740509
2021-03-30,106110.798501,68815.7036881
2021-03-31,106540.927917,68827.804661
2021-04-01,106049.377463,70699.5849754
2021-04-05,107571.512968,70556.9745994
2021-04-06,107507.981263,70804.9569156
2021-04-07,107632.419252,70693.3598076
2021-04-08,108143.324395,70866.9721945
2021-04-09,108929.533595,70786.3714689
2021-04-12,108969.245257,70767.7578796
2021-04-13,109292.224172,70972.3441347
2021-04-14,108918.95367,70916.5596521
2021-04-15,110088.987215,71195.5439791
2021-04-16,110456.989489,71009.5487992
2021-04-19,109914.292413,70953.7418024
2021-04-20,109109.548786,71065.3389104
2021-04-21,110141.97377,71133.5287002
2021-04-22,109135.99425,71152.1310325
2021-04-23,110319.320074,71139.7426109
2021-04-26,110549.635545,71077.7554747
2021-04-27,110525.780729,70904.1374592
2021-04-28,110494.032263,70941.3533808
2021-04-29,111198.20141,70904.1374592
2021-04-30,110467.569413,70978.5580454
2021-05-03,109036.811147,72691.2074314
2021-05-04,108364.11603,72780.1810748
2021-05-05,108398.014507,72837.3442644
2021-05-06,109263.637255,72850.0926408
2021-05-07,110058.877209,72830.984478
2021-05-10,108969.022755,72716.6235347
2021-05-11,107996.490083,72557.7556073
2021-05-12,105702.07092,72303.5715321
2021-05-13,106971.829619,72468.799246
2021-05-14,108614.411632,72634.0327205
2021-05-17,108338.052134,72570.4578983
2021-05-18,107404.649555,72481.4957762
2021-05-19,107123.058441,72379.8256026
2021-05-20,108275.469671,72627.655652
2021-05-21,108186.831874,72659.425781
2021-05-24,109289.701151,72729.337347
2021-05-25,109047.231568,72907.2731124
2021-05-26,109263.637255,72881.8512485
2021-05-27,109320.996664,72792.8776051
2021-05-28,109516.561509,72792.8776051
2021-06-01,109307.464981,72871.6433208
2021-06-02,109479.357564,72967.2453089
2021-06-03,109073.045787,72795.150191
2021-06-04,110070.614674,73094.7357817
2021-06-07,109963.814774,73043.7384387
2021-06-08,109987.268668,73177.5754525
2021-06-09,109823.16839,73324.1978621
2021-06-10,110333.671227,73477.1437344
2021-06-11,110515.999167,73445.2840978
2021-06-14,110763.445451,73260.4439713
2021-06-15,110560.289563,73292.3266863
2021-06-16,109942.99538,73056.4661385
2021-06-17,109906.514395,73285.9455276
2021-06-18,108423.846781,73483.5422018
2021-06-21,109976.029275,73292.3266863
2021-06-22,110563.976152,73368.8082768
2021-06-23,110430.711501,73330.5559424
2021-06-24,111084.007668,73356.0459595
2021-06-25,111478.57539,73209.4581675
2021-06-28,111703.311941,73419.8056198
2021-06-29,111763.409338,73458.0291064
2021-06-30,111857.481522,73509.0091406
2021-07-01,111566.432219,74377.6214795
2021-07-02,112419.227363,74539.171942
2021-07-06,112214.449287,74778.255879
2021-07-07,112610.99046,74907.4763896
2021-07-08,111693.451302,74991.4349675
2021-07-09,112885.772842,74745.8967221
2021-07-12,113290.085672,74700.6815175
2021-07-13,112903.895396,74539.171942
2021-07-14,113072.360489,74791.1411318
2021-07-15,112686.178698,74952.7032762
2021-07-16,111802.313893,74888.0842595
2021-07-19,110151.218533,75282.2117815
2021-07-20,111729.721864,75211.1267744
2021-07-21,112634.339369,74965.59437
2021-07-22,112870.212558,75140.0709722
2021-07-23,114031.422016,75088.3605722
2021-07-26,114311.32894,75023.7473964
2021-07-27,113790.356409,75198.2298396
2021-07-28,113743.701013,75269.3031648
2021-07-29,114215.438908,75146.5194396
2021-07-30,113660.758086,75249.9343987
2021-08-02,113299.154161,75532.7694409
2021-08-03,114220.87531,75558.7282563
2021-08-04,113659.042047,75552.2341646
2021-08-05,114378.826292,75383.7212594
2021-08-06,114567.804723,75046.7071503
2021-08-09,114474.646103,74910.6061986
2021-08-10,114617.028273,74813.3703384
2021-08-11,114901.834989,74884.6532337
2021-08-12,115246.179487,74891.153176
2021-08-13,115455.905034,75163.3667805
2021-08-16,115727.770227,75202.2318719
2021-08-17,114969.15294,75143.925459
2021-08-18,113710.79966,75150.4078496
2021-08-19,113886.870469,75280.0147096
2021-08-20,114793.082131,75286.5029508
2021-08-23,115802.859872,75286.5029508
2021-08-24,115986.693899,75176.2964586
2021-08-25,116230.074183,75033.7423689
2021-08-26,115543.9362,75040.207208
2021-08-27,116577.003596,75247.6027562
2021-08-30,117089.64721,75331.862134
2021-08-31,116916.203691,75221.6673429
2021-09-01,115333.43213,76888.9547532
2021-09-02,115688.301246,76968.5259137
2021-09-03,115660.191809,76835.8853924
2021-09-07,115246.663878,76630.2916878
2021-09-08,115106.275452,76756.2783622
2021-09-09,114613.591546,77001.6875385
2021-09-10,113709.911562,76849.1452597
2021-09-13,114000.899391,76948.6301344
2021-09-14,113385.70045,77121.0562358
2021-09-15,114332.76456,77048.1090307
2021-09-16,114151.540575,76915.4804661
2021-09-17,113039.58002,76849.1452597
2021-09-20,111154.726914,76995.0635832
2021-09-21,111049.725964,77028.2192298
2021-09-22,112133.017232,77054.7449427
2021-09-23,113495.414159,76676.6952451
2021-09-24,113682.37033,76544.0487456
2021-09-27,113357.139791,76437.9219807
2021-09-28,111072.788404,76119.5954907
2021-09-29,111259.719507,76172.6648514
2021-09-30,109899.879503,76159.3990058
2021-10-01,112557.875462,75038.5836411
2021-10-04,111106.324756,74986.3839392
2021-10-05,112262.39438,74810.2238922
2021-10-06,112728.946127,74842.8274184
2021-10-07,113703.567685,74634.0227384
2021-10-08,113496.22263,74470.9170211
2021-10-11,112674.521856,74353.4456704
2021-10-12,112397.165283,74627.5102545
2021-10-13,112801.545652,74797.1519452
2021-10-14,114698.910216,74940.7437003
2021-10-15,115572.430338,74758.0124455
2021-10-18,115914.639329,74705.8303607
2021-10-19,116808.871967,74490.47209
2021-10-20,117267.668149,74438.2841329
2021-10-21,117573.518175,74281.6732824
2021-10-22,117451.712681,74425.2180584
2021-10-25,118081.571071,74497.0198083
2021-10-26,118187.856979,74634.0227384
2021-10-27,117664.250666,74881.9845354
2021-10-28,118799.59086,74823.2606048
2021-10-29,119040.622297,74803.6761739
2021-11-01,116400.291231,77600.1941543
2021-11-02,116870.910208,77756.2125557
2021-11-03,117584.438089,77600.1941543
2021-11-04,118138.555711,77858.0161627
2021-11-05,118548.445397,78163.262401
2021-11-08,118649.636114,78020.819033
2021-11-09,118257.479777,78237.8793673
2021-11-10,117306.11202,77708.7639432
2021-11-11,117344.055443,77566.2840012
2021-11-12,118229.657902,77552.7272548
2021-11-15,118270.127584,77267.7795622
2021-11-16,118738.220301,77240.672165
2021-11-17,118449.772684,77423.8528245
2021-11-18,118852.067081,77491.6731306
2021-11-19,118639.539333,77640.9070632
2021-11-22,118305.553004,77267.7795622
2021-11-23,118462.428748,76962.5272282
2021-11-24,118778.706495,77138.9112276
2021-11-26,116129.552196,77688.4166322
2021-11-29,117554.089955,77729.0807758
2021-11-30,115266.74386,77858.0161627
2021-12-01,115114.936313,76743.2908754
2021-12-02,116878.105539,76729.906754
2021-12-03,115861.099358,77037.8977355
2021-12-06,117233.290654,76770.1071762
2021-12-07,119658.222583,76649.5900108
2021-12-08,119975.096964,76448.7260661
2021-12-09,119165.060462,76455.4541702
2021-12-10,120286.827117,76475.5363596
2021-12-13,119221.28011,76743.2908754
2021-12-14,118401.055203,76596.0054671
2021-12-15,120251.050977,76535.7889351
2021-12-16,119190.623185,76640.9996636
2021-12-17,117922.083478,76734.8146657
2021-12-20,116668.184391,76620.8994525
2021-12-21,118740.082276,76560.5627757
2021-12-22,119927.323186,76627.6095349
2021-12-23,120673.519581,76533.7705038
2021-12-27,122381.327919,76574.0009623
2021-12-28,122281.303135,76540.4445429
2021-12-29,122437.739329,76312.6021019
2021-12-30,122099.26253,76480.1439095
2021-12-31,121791.534369,76453.333616
2022-01-03,119054.336025,79369.5573499
2022-01-04,119014.460249,79362.5308068
2022-01-05,116729.126927,79117.3364783
2022-01-06,116619.47462,79033.2691337
2022-01-07,116158.411465,78802.1153328
2022-01-10,116013.858737,78732.0508399
2022-01-11,117070.546548,78879.1498549
2022-01-12,117387.056976,78879.1498549
2022-01-13,115769.636828,79019.28512
2022-01-14,115816.983741,78577.9566783
2022-01-18,113765.905411,78101.5897109
2022-01-19,112584.614916,78269.7118414
2022-01-20,111338.547556,78311.7329551
2022-01-21,109152.883417,78619.9652334
2022-01-24,109616.409941,78528.9153009
2022-01-25,108278.112123,78451.8431029
2022-01-26,108006.46093,78010.5334991
2022-01-27,107473.149772,78269.7118414
2022-01-28,110142.274271,78325.7420861
2022-01-31,112126.063748,78318.7406602
2022-02-01,114703.962198,76469.3081323
2022-02-02,115818.191492,76551.5109703
2022-02-03,113095.883045,76243.178263
2022-02-04,113627.68272,75763.5461999
2022-02-07,113263.013734,75832.0598091
2022-02-08,114194.937353,75599.0914586
2022-02-09,115866.301878,75647.0405586
2022-02-10,113784.694007,74948.135507
2022-02-11,111541.019264,75441.4751985
2022-02-14,111176.33381,75002.9660205
2022-02-15,112969.271132,74879.591232
2022-02-16,113095.883045,74968.7061493
2022-02-17,110679.98086,75126.2978767
2022-02-18,109963.339485,75283.883471
2022-02-22,108783.23939,75201.6683667
2022-02-23,106853.578988,74865.9142695
2022-02-24,108461.608739,75002.9660205
2022-02-25,110854.72786,75078.3119777
2022-02-28,110571.096427,75619.631435
2022-03-01,110958.457083,73972.3047222
2022-03-02,112999.685701,73084.5548072
2022-03-03,112437.120513,73331.5387976
2022-03-04,111523.58976,73625.2241741
2022-03-07,108235.963096,73198.0449024
2022-03-08,107415.373737,72937.6793063
2022-03-09,110295.239646,72784.1935428
2022-03-10,109797.197282,72377.0121052
2022-03-11,108401.129779,72363.6543634
2022-03-14,107608.891865,71662.7815835
2022-03-15,109975.260139,71822.9790305
2022-03-16,112413.895653,71876.3503385
2022-03-17,113820.275061,71996.5401854
2022-03-18,115066.933211,72156.7316666
2022-03-21,115033.287369,71449.1770328
2022-03-22,116379.330805,71255.6180437
2022-03-23,114880.538604,71549.2974542
2022-03-24,116612.300991,71389.1179049
2022-03-25,117181.796719,70821.7091906
2022-03-28,118015.299034,70995.2703455
2022-03-29,119475.243294,71329.0408793
2022-03-30,118737.518357,71522.6118002
2022-03-31,116910.003763,71489.2204286
2022-04-01,113159.671881,75439.7812539
2022-04-04,114129.071879,75503.3919389
2022-04-05,112687.463628,74740.1520141
2022-04-06,111560.663577,74549.3388795
2022-04-07,112122.812403,74386.82449
2022-04-08,111823.002396,74012.2807906
2022-04-11,109911.696388,73694.2336723
2022-04-12,109504.437117,73927.4665439
2022-04-13,110758.665126,74075.8662484
2022-04-14,109379.527753,73475.178554
2022-04-18,109424.506137,73249.0597863
2022-04-19,111190.899791,72803.7976047
2022-04-20,111108.442118,73220.7610412
2022-04-21,109446.979133,72817.9501307
2022-04-22,106443.849964,72747.2757964
2022-04-25,107060.970572,73234.8631125
2022-04-26,103960.401733,73461.0386416
2022-04-27,104252.712644,73164.2266191
2022-04-28,106886.086125,73135.9720218
2022-04-29,102936.021855,72697.79241
2022-05-02,105513.445226,70342.2968175
2022-05-03,105997.130691,70500.7068681
2022-05-04,109225.04506,70955.2959148
2022-05-05,105342.88706,70252.7804435
2022-05-06,104714.107508,69956.5891756
2022-05-09,101361.455462,70300.9839279
2022-05-10,101595.649069,70514.4880578
2022-05-11,99981.6918849,70776.2018079
2022-05-12,99877.3106175,70907.0924304
2022-05-13,102265.149693,70604.0167036
2022-05-16,101850.215589,70762.4574336
2022-05-17,103945.300279,70376.7497917
2022-05-18,99755.114397,70659.1291905
2022-05-19,99144.1332946,70838.2048897
2022-05-20,99187.4370805,71051.7151554
2022-05-23,101043.220494,70817.5269693
2022-05-24,100271.888311,71361.6630694
2022-05-25,101157.784092,71657.8297938
2022-05-26,103179.059261,71602.7357145
2022-05-27,105712.033682,71719.8206037
2022-05-31,105118.859281,71265.2438288
2022-06-01,105144.221723,70096.1478156
2022-06-02,107146.567188,70184.7465253
2022-06-03,105388.112067,70068.9015914
2022-06-06,105709.019539,69639.5856962
2022-06-07,106722.981307,69905.3454645
2022-06-08,105562.682004,69619.1389078
2022-06-09,103052.095057,69544.1633103
2022-06-10,100064.028547,69005.8019171
2022-06-13,96264.7776442,67874.5685019
2022-06-14,95974.6986579,67472.4685305
2022-06-15,97342.9425414,68222.1033036
2022-06-16,94121.2868113,68385.6715506
2022-06-17,94324.1973201,68378.8539345
2022-06-21,96698.6812899,68106.2644298
2022-06-22,96523.3458416,68685.4951594
2022-06-23,97469.5348682,68971.7501969
2022-06-24,100568.467434,68862.6925787
2022-06-27,100184.347007,68556.0452937
2022-06-28,98137.2690363,68583.3036381
2022-06-29,98057.3729195,68978.5435727
2022-06-30,97260.7082857,69292.0145339
2022-07-01,100893.830685,67262.5537898
2022-07-05,101084.377671,67387.4068325
2022-07-06,101425.780405,66933.9314339
2022-07-07,102944.852173,66782.7846357
2022-07-08,102860.157032,66533.0143766
2022-07-11,101685.14433,66841.9178743
2022-07-12,100785.305425,66933.9314339
2022-07-13,100256.020578,67177.0917917
2022-07-14,100012.55194,66940.5063313
2022-07-15,101923.300303,67203.3913813
2022-07-18,101081.738422,66986.4897752
2022-07-19,103812.86634,66894.4878836
2022-07-20,104474.489481,66848.4869378
2022-07-21,105538.388922,67407.1315247
2022-07-22,104559.193164,67932.9366285
2022-07-25,104686.210253,67683.2072073
2022-07-26,103447.684736,67670.0515785
2022-07-27,106133.834375,67906.6487069
2022-07-28,107465.015489,68393.0044264
2022-07-29,109031.713327,68399.5559878
2022-08-01,106405.906788,70937.2711917
2022-08-02,105703.932568,70209.0666879
2022-08-03,107359.175488,70522.1138891
2022-08-04,107286.641357,70692.2793028
2022-08-05,107105.322749,69902.8087382
2022-08-08,106980.979719,70222.669309
2022-08-09,106556.175169,70066.1246051
2022-08-10,108794.266116,70243.0611816
2022-08-11,108794.266116,69868.7660082
2022-08-12,110636.044483,70181.8433571
2022-08-15,111091.9327,70270.2965715
2022-08-16,111309.560175,70168.2105883
2022-08-17,110519.49327,69753.0774038
2022-08-18,110840.688381,69902.8087382
2022-08-19,109351.205515,69412.7767242
2022-08-22,107074.239082,69113.3562622
2022-08-23,106815.211305,69086.1148428
2022-08-24,107157.114928,68902.3528375
2022-08-25,108669.931446,69283.4674101
2022-08-26,104991.549751,69154.1761846
2022-08-29,104297.325548,68820.6768155
2022-08-30,103152.363084,68909.1360595
2022-08-31,102367.487937,68541.6301375
2022-09-01,102559.696935,68373.1312897
2022-09-02,101478.261981,68571.2975045
2022-09-06,101095.364403,67929.027295
2022-09-07,102911.549891,68400.4845583
2022-09-08,103584.186134,68181.8335967
2022-09-09,105193.404697,68175.0194432
2022-09-12,106323.995026,68072.5534228
2022-09-13,101700.759566,67689.8734639
2022-09-14,102088.84238,67778.7051365
2022-09-15,100929.770824,67573.742891
2022-09-16,100159.809109,67525.9169575
2022-09-19,100936.542526,67423.4267734
2022-09-20,99777.9469089,67122.7824563
2022-09-21,98037.4274661,67334.6192644
2022-09-22,97213.9350722,66617.1940166
2022-09-23,95585.1278368,66412.2196893
2022-09-26,94639.5444124,65558.1428762
2022-09-27,94397.950795,65278.0074697
2022-09-28,96255.3509821,66330.2444565
2022-09-29,94244.6815463,65981.7681651
2022-09-30,92787.3378118,65824.6076895
2022-10-03,96956.8279703,64637.8853135
2022-10-04,99961.2034031,64811.2926909
2022-10-05,99728.4569849,64471.1153139
2022-10-06,98699.6889142,64217.6886991
2022-10-07,95946.565705,63877.5172062
2022-10-10,95213.9670265,63590.7212925
2022-10-11,94610.9939919,63630.7397375
2022-10-12,94298.9454796,63684.09178
2022-10-13,96787.5555296,63483.9936708
2022-10-14,94581.8964393,63137.1553792
2022-10-17,97012.3623878,63270.5501958
2022-10-18,98152.2587977,63377.2660491
2022-10-19,97456.6802306,62830.3531852
2022-10-20,96639.4750838,62450.1691315
2022-10-21,98987.9357475,62543.5278505
2022-10-24,100199.211693,62456.8418144
2022-10-25,101799.262562,63070.4697393
2022-10-26,101032.29596,63350.59297
2022-10-27,100492.788402,63670.7522983
2022-10-28,102883.573551,63510.6785184
2022-10-31,102140.408627,63297.2350434
2022-11-01,99063.4385381,66042.2923588
2022-11-02,96577.332398,65930.9038218
2022-11-03,95582.8800051,65687.2302903
2022-11-04,96958.6114673,65680.2505057
2022-11-07,97886.0725547,65471.4084889
2022-11-08,98414.2108085,65749.8828953
2022-11-09,96386.6845827,65826.4644294
2022-11-10,101683.527289,67239.7513029
2022-11-11,102667.686704,67191.046011
2022-11-14,101794.298945,67003.0391719
2022-11-15,102662.519513,67497.3537636
2022-11-16,101879.325734,67915.0806932
2022-11-17,101567.588443,67629.6448862
2022-11-18,102028.743672,67532.1730224
2022-11-21,101657.765861,67490.3923631
2022-11-22,103025.787941,67838.517543
2022-11-23,103674.990828,68242.2971594
2022-11-25,103651.812996,68256.2444725
2022-11-28,101997.823334,68144.8314236
2022-11-29,101822.643968,67901.151764
2022-11-30,105030.136334,68430.2733585
2022-12-01,104371.163084,69580.7753892
2022-12-02,104250.752939,69869.2823982
2022-12-05,102375.362044,69320.4226401
2022-12-06,100899.633685,69524.4854081
2022-12-07,100728.002701,70143.7308161
2022-12-08,101517.075367,69932.6356627
2022-12-09,100758.743439,69517.4406636
2022-12-12,102211.389482,69531.5301527
2022-12-13,102985.137071,69995.9580291
2022-12-14,102326.677543,70150.7755607
2022-12-15,99823.6090335,70253.7400644
2022-12-16,98645.0768262,70070.3604193
2022-12-19,97808.5960621,69640.1428113
2022-12-20,97942.4372665,69167.5949398
2022-12-21,99406.9085706,69358.01315
2022-12-22,97988.7583626,69336.8603774
2022-12-23,98552.4099295,69097.0733388
2022-12-27,98163.7738746,68596.315591
2022-12-28,96943.812079,68476.4189819
2022-12-29,98688.8368804,68730.3264077
2022-12-30,98428.8705369,68405.8726625
2023-01-03,100092.183796,66728.1225309
2023-01-04,100864.925627,67097.4778485
2023-01-05,99713.709329,67042.7694181
2023-01-06,102000.349029,67774.5943061
2023-01-09,101942.534249,67945.593359
2023-01-10,102657.444481,67685.6908593
2023-01-11,103955.817263,68102.904817
2023-01-12,104334.316958,68595.3705834
2023-01-13,104739.08769,68342.2939027
2023-01-17,104547.209898,68219.1714682
2023-01-18,102896.608456,68896.3358683
2023-01-19,102147.555969,68738.9944463
2023-01-20,104050.440084,68458.5725396
2023-01-23,105298.936581,68287.5794794
2023-01-24,105185.897124,68588.520793
2023-01-25,105225.345725,68670.6044136
2023-01-26,106381.801093,68554.3437551
2023-01-27,106626.229366,68451.7167564
2023-01-30,105288.416394,68267.0840437
2023-01-31,106836.490156,68547.4699935
2023-02-01,106200.613548,70800.409032
2023-02-02,107746.574794,70877.7742488
2023-02-03,106601.324572,70195.6548377
2023-02-06,105949.847605,69808.8594861
2023-02-07,107335.516169,69689.3297037
2023-02-08,106161.83693,69787.7772033
2023-02-09,105241.496058,69513.510841
2023-02-10,105487.10888,69211.1306706
2023-02-13,106725.429603,69422.0887202
2023-02-14,106676.288841,69175.9668981
2023-02-15,107022.705982,69042.3617724
2023-02-16,105549.144852,68754.0262132
2023-02-17,105285.458884,68915.7881719
2023-02-21,103173.332539,68268.8079477
2023-02-22,103031.154362,68451.6521893
2023-02-23,103579.196685,68697.7801578
2023-02-24,102472.739625,68304.0024525
2023-02-27,102821.737462,68437.5829924
2023-02-28,102441.721639,68430.5514672
2023-03-01,102052.41763,68034.9450869
2023-03-02,102846.101214,67894.0025504
2023-03-03,104495.547934,68429.6972773
2023-03-06,104567.917557,68260.5379615
2023-03-07,102965.024298,68168.8872069
2023-03-08,103133.06509,68098.3975004
2023-03-09,101230.279195,68345.096108
2023-03-10,99769.5774796,69141.6131976
2023-03-13,99627.385936,69691.4255334
2023-03-14,101274.251868,69282.5864646
2023-03-15,100640.850166,69973.3597752
2023-03-16,102406.597823,69698.4751187
2023-03-17,101209.202752,70135.5063825
2023-03-20,102182.383514,69853.5475562
2023-03-21,103524.087698,69642.0845827
2023-03-22,101759.365739,70311.7460141
2023-03-23,102034.467912,70480.9114761
2023-03-24,102704.017203,70600.7359873
2023-03-27,102896.06264,69839.466824
2023-03-28,102665.082031,69733.7291911
2023-03-29,104157.323965,69818.3119221
2023-03-30,104767.175968,69895.8635062
2023-03-31,106243.842179,70234.1944301
2023-04-03,106312.698557,70875.1323716
2023-04-04,105722.850711,71137.8319141
2023-04-05,105446.034343,71379.2573634
2023-04-06,105857.362802,71315.3548043
2023-04-10,105966.032872,70825.4145997
2023-04-11,105994.480534,70868.0368903
2023-04-12,105562.463616,70953.2444194
2023-04-13,106964.603536,70924.8377928
2023-04-14,106703.31382,70576.9183705
2023-04-17,107086.211108,70221.8911162
2023-04-18,107156.043934,70321.308134
2023-04-19,107137.928133,70214.7956349
2023-04-20,106553.283323,70534.3084306
2023-04-21,106636.061897,70413.5926183
2023-04-24,106747.304625,70690.5078248
2023-04-25,105052.805194,71130.7179067
2023-04-26,104607.842528,70868.0368903
2023-04-27,106690.376318,70612.4204784
2023-04-28,107600.998355,70974.5246879
2023-05-01,106643.559833,71095.706555
2023-05-02,105444.972808,71787.3200061
2023-05-03,104721.187108,72104.2834632
2023-05-04,103979.461378,72017.8286569
2023-05-05,105904.386447,71787.3200061
2023-05-08,105932.609475,71391.0891226
2023-05-09,105468.042066,71326.265205
2023-05-10,105960.832503,71787.3200061
2023-05-11,105776.057563,72003.4288974
2023-05-12,105637.453862,71600.0231337
2023-05-15,106001.923597,71419.9198911
2023-05-16,105293.533763,71254.2101582
2023-05-17,106571.693367,71146.1744623
2023-05-18,107598.324433,70814.7987458
2023-05-19,107441.764341,70656.3076423
2023-05-22,107485.383236,70591.4587252
2023-05-23,106279.098278,70670.7074019
2023-05-24,105509.124978,70490.6104092
2023-05-25,106422.831208,70231.2834896
2023-05-26,107801.088486,70288.8887777
2023-05-30,107842.146857,70757.1434585
2023-05-31,107244.137697,71009.295498
2023-06-01,107692.215202,71794.8101345
2023-06-02,109249.560818,71416.2153351
2023-06-05,109040.192309,71408.9578061
2023-06-06,109277.635029,71496.3127522
2023-06-07,108899.78057,71117.699053
2023-06-08,109558.466644,71496.3127522
2023-06-09,109755.043079,71328.8729888
2023-06-12,110750.725464,71452.6226792
2023-06-13,111480.899057,71117.699053
2023-06-14,111613.661591,71183.2310124
2023-06-15,112997.4028,71678.330573
2023-06-16,112612.52572,71452.6226792
2023-06-20,112028.240372,71583.6865981
2023-06-21,111454.2489,71700.1787595
2023-06-22,111856.572678,71328.8729888
2023-06-23,111010.928638,71539.9965252
2023-06-26,110557.379598,71627.3640712
2023-06-27,111769.444977,71489.0237234
2023-06-28,111825.829384,71700.1787595
2023-06-29,112266.578211,71146.8299682
2023-06-30,113591.404266,71314.2949313
2023-07-03,110969.799916,73979.8666108
2023-07-05,110804.764325,73646.2722315
2023-07-06,109937.09669,73168.6572599
2023-07-07,109659.54405,73183.8242097
2023-07-10,109937.09669,73388.5256877
2023-07-11,110637.235413,73547.71323
2023-07-12,111527.414397,74146.6703435
2023-07-13,112412.59086,74609.1183653
2023-07-14,112342.58731,74252.7997337
2023-07-17,112732.68082,74336.2179579
2023-07-18,113570.31744,74396.8530417
2023-07-19,113822.88129,74624.2853151
2023-07-20,113067.738644,74237.6589564
2023-07-21,113067.738644,74290.7040221
2023-07-24,113572.834582,74154.2538184
2023-07-25,113882.911557,74070.8290511
2023-07-26,113900.396564,74313.4806194
2023-07-27,113145.222156,73676.6126743
2023-07-28,114252.963216,73964.706204
2023-07-31,114470.517351,74055.6751875
2023-08-01,112624.081458,75082.7209719
2023-08-02,111057.401444,74904.2560595
2023-08-03,110739.110682,74399.9010212
2023-08-04,110238.275761,75012.8816495
2023-08-07,111200.4893,75028.3681085
2023-08-08,110716.922388,75206.8463771
2023-08-09,109976.748485,75261.1458159
2023-08-10,110016.228291,74772.3440174
2023-08-11,109952.060874,74539.5729881
2023-08-14,110559.018831,74485.2735493
2023-08-15,109271.102763,74283.5422189
2023-08-16,108469.276428,74105.0639504
2023-08-17,107642.738978,74027.4914155
2023-08-18,107694.558673,74190.4431565
2023-08-21,108395.25277,73818.0068384
2023-08-22,108101.649619,73895.5927295
2023-08-23,109305.646614,74601.6523859
2023-08-24,107790.77846,74430.9807886
2023-08-25,108550.68835,74384.4145622
2023-08-28,109239.050393,74547.3395909
2023-08-29,110818.062461,75028.3681085
2023-08-30,111274.505124,74997.355122
2023-08-31,111111.673446,75105.994068
2023-09-01,111621.36464,74414.2430933
2023-09-05,111138.935033,74011.3510632
2023-09-06,110391.800776,73941.5885417
2023-09-07,110052.887064,74174.0549019
2023-09-08,110218.64368,74212.7837762
2023-09-11,110943.505791,74127.5576392
2023-09-12,110334.914495,74150.796294
2023-09-13,110463.574436,74259.2810389
2023-09-14,111416.020954,74158.5580313
2023-09-15,110073.63512,73988.0858043
2023-09-18,110138.204702,74096.5572471
2023-09-19,109909.795401,73879.6210126
2023-09-20,108899.354886,73840.8788362
2023-09-21,107099.427684,73337.2371945
2023-09-22,106858.613543,73647.1746054
2023-09-25,107307.968817,73066.048611
2023-09-26,105731.470126,72973.0607367
2023-09-27,105773.689001,72717.3690237
2023-09-28,106386.899706,72934.3252113
2023-09-29,106128.715649,72864.6025959
2023-10-02,107065.6648,71377.1098664
2023-10-03,105632.466728,70817.6270914
2023-10-04,106401.680265,71315.7914728
2023-10-05,106361.577169,71361.7769875
2023-10-06,107624.404475,71085.8507772
2023-10-09,108313.435606,71821.6386958
2023-10-10,108877.194115,71752.676826
2023-10-11,109323.180503,72082.2123445
2023-10-12,108656.698445,71461.4177369
2023-10-13,108115.496936,71767.996583
2023-10-16,109253.027835,71369.4401465
2023-10-17,109248.024859,70855.9232035
2023-10-18,107792.269788,70526.3811241
2023-10-19,106845.169129,70258.1311946
2023-10-20,105532.240703,70511.0482453
2023-10-23,105349.334748,70786.9678946
2023-10-24,106143.59488,71039.8652625
2023-10-25,104620.216378,70511.0482453
2023-10-26,103367.442596,70986.2297106
2023-10-27,102898.88335,70963.2336728
2023-10-30,104129.115989,70794.6376145
2023-10-31,104783.078714,70748.6389779
2023-11-01,106458.268001,70972.1786675
2023-11-02,108498.483522,71399.3008591
2023-11-03,109488.359551,71834.0719706
2023-11-06,109740.224234,71475.5882559
2023-11-07,110052.560353,71856.9341037
2023-11-08,110133.165022,72101.0095072
2023-11-09,109274.242688,71498.4568987
2023-11-10,110979.446299,71666.2644346
2023-11-13,110873.663132,71658.6610829
2023-11-14,113024.699114,72558.6492615
2023-11-15,113263.970563,72108.6323881
2023-11-16,113402.52005,72505.2565464
2023-11-17,113543.564273,72650.1694007
2023-11-20,114417.582547,72764.5907312
2023-11-21,114168.212599,72840.878128
2023-11-22,114608.991736,72909.516605
2023-11-24,114679.537758,72573.9275719
2023-11-27,114472.992777,72985.7649434
2023-11-28,114586.339855,73306.1472729
2023-11-29,114505.727216,73664.6179681
2023-11-30,114956.58094,73420.5165257
2023-12-01,113820.595315,75880.3968766
2023-12-04,113223.102856,75590.4211568
2023-12-05,113200.798877,76091.9497702
2023-12-06,112744.622485,76287.8901255
2023-12-07,113604.890809,76311.3789591
2023-12-08,114093.295392,75927.4012206
2023-12-11,114537.084171,75935.2241626
2023-12-12,115060.203882,76162.4963011
2023-12-13,116646.893119,77118.549184
2023-12-14,117021.259488,77740.9966055
2023-12-15,116828.580722,77560.2152845
2023-12-18,117485.76751,77403.0228347
2023-12-19,118200.177382,77497.3583121
2023-12-20,116562.227433,77780.278045
2023-12-21,117667.486494,77772.3950804
2023-12-22,117903.933779,77670.236661
2023-12-26,118401.79186,77827.4157724
2023-12-27,118615.880249,78322.5353089
2023-12-28,118660.676493,78149.6436216
2023-12-29,118317.165401,78000.3207981
2024-01-02,117171.287293,78114.1915285
2024-01-03,116214.385816,78153.7309148
2024-01-04,115840.042921,77837.4024026
2024-01-05,115998.708743,77655.5494103
2024-01-08,117654.699268,77948.12879
2024-01-09,117476.219751,77932.3318254
2024-01-10,118140.587955,77782.0727623
2024-01-11,118088.506688,78224.9313373
2024-01-12,118170.331937,78367.2449433
2024-01-16,117736.501078,77782.0727623
2024-01-17,117082.047534,77568.511759
2024-01-18,118123.227532,77497.3851542
2024-01-19,119595.777304,77513.2089615
2024-01-22,119848.651934,77655.5494103
2024-01-23,120198.180832,77465.7375394
2024-01-24,120329.571571,77291.7897401
2024-01-25,120984.040741,77639.7121815
2024-01-26,120830.336156,77552.7349265
2024-01-29,121787.253258,77861.151535
2024-01-30,121693.052263,78011.370334
2024-01-31,119707.346534,78367.2449433
2024-02-01,120051.971299,80034.6475324
2024-02-02,121315.807823,79301.7326974
2024-02-05,120874.082232,78649.3192379
2024-02-06,121225.015592,79060.105907
2024-02-07,122236.089452,78899.0009361
2024-02-08,122290.07444,78657.3809604
2024-02-09,122996.844667,78633.2366809
2024-02-12,122942.859679,78649.3192379
2024-02-13,121249.548598,77924.4661254
2024-02-14,122351.414689,78270.7999026
2024-02-15,123195.622343,78456.0287091
2024-02-16,122582.127038,78206.3401962
2024-02-20,121907.252813,78278.8411812
2024-02-21,122017.666809,78045.2556693
2024-02-22,124542.88037,78109.7153757
2024-02-23,124628.776828,78399.6647983
2024-02-26,124172.325245,78230.5185489
2024-02-27,124403.006657,78125.8047474
2024-02-28,124238.584471,78278.8411812
2024-02-29,124685.21357,78407.7333354
2024-03-01,122782.119818,81854.7465455
2024-03-04,122650.445886,81653.3207109
2024-03-05,121424.65069,82098.1299003
2024-03-06,122039.936392,82224.023702
2024-03-07,123251.357693,82400.265112
2024-03-08,122511.58878,82475.7900646
2024-03-11,122406.263216,82383.4990965
2024-03-12,123723.002535,82173.6831739
2024-03-13,123529.094543,82022.6191082
2024-03-14,123284.896781,81502.2566452
2024-03-15,122438.338506,81493.8453165
2024-03-18,123166.01222,81409.9231956
2024-03-19,123850.466161,81611.3490301
2024-03-20,124996.001451,81779.2074324
2024-03-21,125409.064183,81837.9734497
2024-03-22,125171.325242,82098.1299003
2024-03-25,124825.484049,81947.0870753
2024-03-26,124594.935828,82031.0091962
2024-03-27,125642.026915,82299.5486546
2024-03-28,125618.017606,82198.8605182
2024-04-01,124199.673161,82799.7821071
2024-04-02,123409.99925,82739.9948664
2024-04-03,123545.56238,82791.2400464
2024-04-04,122037.553348,82987.6858898
2024-04-05,123312.474508,82577.6957131
2024-04-08,123381.444305,82500.8171667
2024-04-09,123524.159248,82782.6836172
2024-04-10,122287.298894,81791.8836023
2024-04-11,123210.196835,81808.9892765
2024-04-12,121509.514782,81962.7320006
2024-04-15,119987.232015,81467.3212168
2024-04-16,119768.402933,81236.6999463
2024-04-17,119059.573671,81612.5362488
2024-04-18,118814.596001,81381.9149783
2024-04-19,117777.515644,81467.3212168
2024-04-22,118862.155194,81518.5663968
2024-04-23,120272.639482,81689.4004266
2024-04-24,120215.559483,81475.8417248
2024-04-25,119758.882126,81245.2348228
2024-04-26,120893.47228,81424.6180976
2024-04-29,121321.609638,81672.309121
2024-04-30,119399.729512,81339.1903063
2024-05-01,120382.106446,80254.7376308
2024-05-02,121508.086111,80616.9837561
2024-05-03,123014.217616,81029.7553188
2024-05-06,124284.585436,81088.7146123
2024-05-07,124421.716765,81257.2010179
2024-05-08,124433.728323,81088.7146123
2024-05-09,125150.695147,81240.375687
2024-05-10,125311.940303,81071.8680908
2024-05-13,125328.729272,81113.9808627
2024-05-14,125903.772238,81333.0280235
2024-05-15,127462.833216,81872.1732198
2024-05-16,127200.589676,81779.4785021
2024-05-17,127383.446566,81518.3326965
2024-05-20,127530.18563,81442.5127544
2024-05-21,127842.985056,81594.145575
2024-05-22,127474.88257,81493.0593824
2024-05-23,126543.763795,81265.6207469
2024-05-24,127381.042743,81358.3013375
2024-05-28,127470.059805,80979.2157543
2024-05-29,126577.45512,80667.5374476
2024-05-30,125737.772349,81046.6018403
2024-05-31,126882.997721,81307.7405824
2024-06-03,125270.583595,83513.7223967
2024-06-04,125410.6121,83815.6917335
2024-06-05,126901.127471,84074.5143519
2024-06-06,126898.756129,84100.3966138
2024-06-07,126744.49957,83358.4432488
2024-06-10,127136.114065,83289.3998454
2024-06-11,127442.25584,83574.1263602
2024-06-12,128488.972273,83970.9925161
2024-06-13,128747.672289,84393.7337223
2024-06-14,128826.016068,84479.9911015
2024-06-17,129851.345678,84178.0433993
2024-06-18,130181.245618,84479.9911015
2024-06-20,129827.617342,84333.3513934
2024-06-21,129653.554855,84341.9619871
2024-06-24,129232.067414,84411.0053905
2024-06-25,129729.736089,84402.3659506
2024-06-26,129891.658496,84022.7570398
2024-06-27,130096.444033,84160.7789426
2024-06-28,129584.472734,83746.6699648
2024-07-01,127888.030723,85258.6871489
2024-07-02,128748.666569,85542.1676681
2024-07-03,129323.256155,86002.7635384
2024-07-05,130068.953519,86436.8234767
2024-07-08,130219.056566,86463.4036968
2024-07-09,130345.687191,86383.6777994
2024-07-10,131635.509936,86472.2539283
2024-07-11,130500.46122,86915.1419542
2024-07-12,131323.611698,87154.3122649
2024-07-15,131684.760891,86853.1534266
2024-07-16,132465.681576,87207.4800863
2024-07-17,130608.349162,87269.4612325
2024-07-18,129604.646121,87030.3130658
2024-07-19,128743.980898,86853.1534266
2024-07-22,130071.347765,86817.7303564
2024-07-23,129867.278714,86808.8727435
2024-07-24,126924.177918,86543.1222128
2024-07-25,126262.852009,86782.2851422
2024-07-26,127676.969888,87092.3237374
2024-07-29,127751.999378,87234.0381623
2024-07-30,127104.745171,87322.6438165
2024-07-31,129170.773551,87792.1046811
2024-08-01,129299.774102,86199.8494016
2024-08-02,126892.395794,87164.1723353
2024-08-05,123196.852637,87094.6776302
2024-08-06,124332.628643,86573.4204299
2024-08-07,123501.630322,86312.7846125
2024-08-08,126356.652254,86182.4630952
2024-08-09,126913.842836,86486.5249839
2024-08-12,126980.540454,86634.2255904
2024-08-13,129068.793334,86981.7207676
2024-08-14,129475.973935,87138.0820498
2024-08-15,131695.250645,86773.2150006
2024-08-16,131990.497968,86981.7207676
2024-08-19,133252.532623,87077.3057583
2024-08-20,133035.825025,87337.9343584
2024-08-21,133493.013925,87503.0284886
2024-08-22,132445.285634,87146.7715944
2024-08-23,133852.572546,87546.4401255
2024-08-26,133533.491861,87468.2486585
2024-08-27,133716.835736,87494.3100751
2024-08-28,132940.581066,87416.1474771
2024-08-29,132952.467918,87303.1833973
2024-08-30,134221.646615,87094.6776302
2024-09-03,131353.097808,87568.731872
2024-09-04,131084.243201,87952.6492962
2024-09-05,130765.435673,88179.5095924
2024-09-06,128564.63099,88292.9433534
2024-09-09,130004.055996,88423.8134545
2024-09-10,130570.318253,88694.3187957
2024-09-11,131909.837416,88668.1389946
2024-09-12,133020.932246,88589.6068176
2024-09-13,133715.683191,88772.8292947
2024-09-16,133913.155193,88982.2749288
2024-09-17,133967.876889,88895.0065168
2024-09-18,133570.563399,88615.7866186
2024-09-19,135849.844238,88624.5011756
2024-09-20,135615.026764,88545.9689986
2024-09-23,135953.907856,88511.0963186
2024-09-24,136342.905795,88633.2590886
2024-09-25,136042.20471,88292.9433534
2024-09-26,136581.553191,88310.3941454
2024-09-27,136383.470189,88563.4270166
2024-09-30,136930.001638,88362.7465215
2024-10-01,134579.176918,89719.4512785
2024-10-02,134635.972512,89533.335553
2024-10-03,134389.843493,89169.9437573
2024-10-04,135611.074381,88593.858729
2024-10-07,134385.099442,88292.5274613
2024-10-08,135656.061576,88443.1748012
2024-10-09,136595.664352,88212.7437169
2024-10-10,136356.614461,88159.5740675
2024-10-11,137173.137949,88186.1588922
2024-10-14,138295.009801,88106.4044182
2024-10-15,137220.475,88460.9053352
2024-10-16,137816.91002,88576.1135598
2024-10-17,137828.747977,88141.8508511
2024-10-18,138358.92886,88203.8747911
2024-10-21,138131.702148,87592.3506475
2024-10-22,138058.309767,87610.0738639
2024-10-23,136796.820955,87388.5043879
2024-10-24,137092.66644,87556.896897
2024-10-25,137045.329389,87379.6354621
2024-10-28,137469.012991,87237.8204601
2024-10-29,137691.480874,87335.3347385
2024-10-30,137274.920737,87246.6893859
2024-10-31,134583.920968,87228.973487
2024-11-01,133219.313732,88812.875821
2024-11-04,132932.374908,89185.5246964
2024-11-05,134539.753842,89394.5440774
2024-11-06,137885.183449,88694.7409363
2024-11-07,138951.345387,89367.3011692
2024-11-08,139553.22204,89521.8197733
2024-11-11,139686.195466,89321.8514408
2024-11-12,139252.269145,88803.7948516
2024-11-13,139319.935838,88785.6254326
2024-11-14,138424.069623,88749.2641538
2024-11-15,136651.042044,88758.3600837
2024-11-18,137210.963891,88840.1710907
2024-11-19,137712.527768,88967.3944251
2024-11-20,137759.187922,88876.5398497
2024-11-21,138498.728782,88831.0826411
2024-11-22,138928.022593,88894.6868281
2024-11-25,139399.21294,89694.5003162
2024-11-26,140127.114255,89558.1586114
2024-11-27,139702.525792,89803.5392711
2024-11-29,140570.363866,90157.9962868
2024-12-02,138593.431675,92395.6211164
2024-12-03,138657.733427,92218.0938004
2024-12-04,139518.71741,92517.04885
2024-12-05,139289.109256,92535.7359359
2024-12-06,139553.155049,92797.3168137
2024-12-09,138834.509484,92526.4000579
2024-12-10,138402.877695,92414.2852075
2024-12-11,139472.795779,92199.4220444
2024-12-12,138754.164551,91825.7263162
2024-12-13,138726.608705,91480.0612168
2024-12-16,139318.959033,91564.1224436
2024-12-17,138744.960153,91564.1224436
2024-12-18,134609.877155,90866.7982739
2024-12-19,134568.543386,90632.4968623
2024-12-20,136184.832819,90876.1648116
2024-12-23,137000.353957,90595.0077166
2024-12-24,138523.12269,90698.093286
2024-12-26,138532.327088,90763.7203694
2024-12-27,137074.0895,90576.2516464
2024-12-30,135509.82929,90932.4330222
2024-12-31,135016.849186,90819.9425905
2025-01-02,135308.282833,90205.5218887
2025-01-03,137000.092416,90112.4236688
2025-01-06,137789.298203,90019.3635104
2025-01-07,136231.74276,89702.8904612
2025-01-08,136430.769015,89805.2832785
2025-01-10,134347.820557,89302.651851
2025-01-13,134556.122605,89218.8482286
2025-01-14,134741.263977,89246.7776946
2025-01-15,137192.21944,90019.3635104
2025-01-16,136928.349054,90214.8240984
2025-01-17,138303.11088,90214.8240984
2025-01-21,139569.069382,90512.6927282
2025-01-22,140353.637272,90298.5972717
2025-01-23,141119.71119,90149.6781813
2025-01-24,140707.744992,90298.5972717
2025-01-27,138717.36722,90801.2363114
2025-01-28,139909.292219,90773.3144577
2025-01-29,139282.067128,90717.4631381
2025-01-30,140029.618267,90847.7930336
2025-01-31,139284.414883,90661.6118185
2025-02-03,137456.240007,91637.4933381
2025-02-04,138378.361624,91807.243945
2025-02-05,138939.382385,92297.6550857
2025-02-06,139422.281259,92203.3286944
2025-02-07,138146.085319,91910.9791458
2025-02-10,139084.277806,91939.282444
2025-02-11,139190.047886,91731.8120423
2025-02-12,138741.62339,91250.840459
2025-02-13,140206.419503,91797.8197615
2025-02-14,140199.521765,92137.3132884
2025-02-18,140611.110626,91769.5318371
2025-02-19,140942.273584,91901.5395885
2025-02-20,140355.894335,92043.009958
2025-02-21,137955.238372,92439.1100813
2025-02-24,137327.472698,92599.405757
2025-02-25,136644.525124,93174.6960446
2025-02-26,136713.502499,93325.5752237
2025-02-27,134531.270124,93184.1125411
2025-02-28,136630.729648,93599.0764053
2025-03-03,136821.534476,91214.3563173
2025-03-04,135202.000174,90984.3829084
2025-03-05,136655.135174,90671.6247532
2025-03-06,134229.348994,90579.6309047
2025-03-07,134981.690298,90469.2487513
2025-03-10,131386.353904,90901.5906872
2025-03-11,130294.168863,90579.6309047
2025-03-12,130985.583635,90312.8659363
2025-03-13,129239.484927,90588.832532
2025-03-14,131909.020997,90404.844835
2025-03-17,132926.203827,90524.4286156
2025-03-18,131489.507468,90616.4224641
2025-03-19,132921.521659,90883.1799576
2025-03-20,132537.131686,90938.3672968
2025-03-21,132580.861096,90827.9851435
2025-03-24,134955.216356,90478.4429037
2025-03-25,135279.613313,90561.2351249
2025-03-26,133664.586145,90340.4708183
2025-03-27,133309.645698,90294.4851064
2025-03-28,130624.983745,90818.798466
2025-03-31,131501.847389,90993.5845357
2025-04-01,133920.989026,89280.6593508
2025-04-02,134768.49694,89181.4208401
2025-04-03,128126.991507,89650.5696021
2025-04-04,120626.06876,89731.7521257
2025-04-07,120411.210728,88595.0068092
2025-04-08,118525.237139,88134.8970015
2025-04-09,130972.671711,88333.3667156
2025-04-10,125233.584824,87638.6752198
2025-04-11,127468.093543,87548.4610491
2025-04-14,128704.730757,88062.7168964
2025-04-15,128344.234382,88243.1379306
2025-04-16,125491.39965,88522.8267041
2025-04-17,125670.440604,88297.2839702
2025-04-21,122679.151682,87764.9648288
2025-04-22,125870.974767,87927.3664117
2025-04-23,127821.420577,88143.89942
2025-04-24,130511.923067,88631.0749403
2025-04-25,131454.928377,88955.8707991
2025-04-28,131505.024886,89199.4841343
2025-04-29,132333.454059,89416.0025283
2025-04-30,132385.950223,89334.7980832
2025-05-01,133449.212812,88966.1418749
2025-05-02,135430.162729,88532.283354
2025-05-05,134653.56121,88378.6327287
2025-05-06,133528.090227,88595.5546923
2025-05-07,134089.661832,88731.1236226
2025-05-08,135023.929219,88270.1498563
2025-05-09,134851.896392,88360.5656276
2025-05-12,139308.425814,88062.2906308
2025-05-13,140228.400377,87971.904047
2025-05-14,140407.609269,87718.8332874
2025-05-15,141093.412801,88215.941256
2025-05-16,141987.099835,88270.1498563
2025-05-19,142142.423104,88243.0565015
2025-05-20,141664.503072,88089.3985794
2025-05-21,139277.334473,87510.9302807
2025-05-22,139332.311437,87764.0010402
2025-05-23,138381.26036,87890.5583107
2025-05-27,141258.284389,88288.2534418
2025-05-28,140441.058037,88125.569266
2025-05-29,140995.409097,88450.9376176
2025-05-30,140837.743228,88667.8668781
2025-06-02,138037.355578,92024.9037186
2025-06-03,138824.539861,91958.8663904
2025-06-04,138787.257888,92506.1629917
2025-06-05,138116.514743,92270.2676628
2025-06-06,139534.862588,91798.4390396
2025-06-09,139660.609768,91911.6599894
2025-06-10,140452.432622,92119.2861481
2025-06-11,140051.853724,92430.6950137
2025-06-12,140608.467792,92770.4110149
2025-06-13,139036.454638,92440.1332566
2025-06-16,140359.285492,92251.3987701
2025-06-17,139159.889758,92534.4777205
2025-06-18,139138.922261,92600.5454212
2025-06-20,138812.155888,92685.4668284
2025-06-23,140183.279902,92874.2013149
2025-06-24,141731.926796,93251.670288
2025-06-25,141811.317167,93242.232045
2025-06-26,142920.817107,93496.9962667
2025-06-27,143630.908629,93232.786209
2025-06-30,144317.633891,93610.2324027
2025-07-01,142676.050711,95117.3671405
2025-07-02,143322.873341,95001.8312416
2025-07-03,144452.447845,94809.2714101
2025-07-07,143375.977334,94472.2859131
2025-07-08,143297.450305,94433.7585019
2025-07-09,144156.760358,94828.538977
2025-07-10,144563.300286,94799.6492104
2025-07-11,144055.125376,94404.9073477
2025-07-14,144330.019993,94395.2542581
2025-07-15,143713.250563,94116.0251268
2025-07-16,144193.715935,94250.8208701
2025-07-17,145076.119651,94289.3560038
2025-07-18,144969.868794,94462.6328235
2025-07-21,145244.763411,94722.5943879
2025-07-22,145265.541991,94905.5397421
2025-07-23,146501.395933,94693.7355112
2025-07-24,146549.88405,94635.971423
2025-07-25,147168.968563,94790.0115657
2025-07-28,147132.012986,94664.8457446
2025-07-29,146743.936556,95175.1312287
2025-07-30,146559.144381,94905.5397421
2025-07-31,146009.369439,94953.7047981
2025-08-01,143634.62964,95756.4197603
2025-08-04,145817.846568,95833.675942
2025-08-05,145078.554516,95862.6605218
2025-08-06,146189.793681,95824.009268
2025-08-07,146067.350133,95746.7530864
2025-08-08,147206.31668,95563.2252592
2025-08-11,146915.222042,95630.8688139
2025-08-12,148479.275088,95630.8688139
2025-08-13,148987.558026,95978.5602363
2025-08-14,149001.407424,95708.1249955
2025-08-15,148652.571228,95563.2252592
2025-08-18,148620.213087,95456.9922187
2025-08-19,147813.917958,95640.4968829
2025-08-20,147421.189601,95698.4428796
2025-08-21,146829.753101,95476.3101246
2025-08-22,149084.575279,96007.5448161
2025-08-25,148428.451082,95862.6605218
2025-08-26,149049.916051,95978.5602363
2025-08-27,149389.5479,96075.1574868
2025-08-28,149918.583498,96191.0572013
2025-08-29,149024.504048,96065.4830919
2025-09-02,146237.499403,97491.6662686
2025-09-03,147030.030065,97846.644378
2025-09-04,148258.820674,98241.0540243
2025-09-05,147829.427846,98704.482609
2025-09-08,148192.579811,99039.7645911
2025-09-09,148535.186935,98842.544055
2025-09-10,148964.579762,99039.7645911
2025-09-11,150202.526531,99227.1095659
2025-09-12,150152.252429,99138.3787873
2025-09-15,150951.650211,99305.996209
2025-09-16,150743.827982,99345.4434588
2025-09-17,150556.522335,99167.9504759
2025-09-18,151259.992383,98891.866866
2025-09-19,152009.172583,98891.866866
2025-09-22,152728.326794,98773.5172602
2025-09-23,151896.953101,98931.3062594
2025-09-24,151413.668924,98743.9534281
2025-09-25,150715.130203,98605.907695
2025-09-26,151578.578716,98674.9266333
2025-09-29,152004.594503,98862.2716081
2025-09-30,152577.165372,98852.4196162
2025-10-01,151319.996746,100879.997831
2025-10-02,151494.276747,100990.766906
2025-10-03,151492.042209,100879.997831
2025-10-06,152035.314268,100658.451684
2025-10-07,151471.652049,100829.663519
2025-10-08,152374.880254,100839.723983
2025-10-09,151933.447266,100718.87845
2025-10-10,147827.022756,101131.741366
2025-10-13,150095.288348,101323.07413
2025-10-14,149911.930536,101484.185514
2025-10-15,150577.473724,101443.903669
2025-10-16,149551.988357,101806.416279
2025-10-17,150400.903321,101665.425824
2025-10-20,151965.149774,101836.629662
2025-10-21,151962.873338,101937.338272
2025-10-22,151172.838451,101927.261813
2025-10-23,152069.279246,101746.005508
2025-10-24,153312.073437,101846.706121
2025-10-27,155120.820248,101917.193351
2025-10-28,155532.799232,101977.596125
2025-10-29,155607.516598,101494.245978
2025-10-30,153896.125815,101302.913214
2025-10-31,154400.935889,101242.518438
2025-11-03,153484.633382,102323.088921
2025-11-04,151665.295406,102374.209105
2025-11-05,152190.890554,102098.207049
2025-11-06,150557.98435,102476.433287
2025-11-07,150706.212437,102435.550088
2025-11-10,153057.880052,102394.658797
2025-11-11,153408.281437,102701.34753
2025-11-12,153493.640417,102660.448146
2025-11-13,150946.561708,102353.767505
2025-11-14,150921.827003,102231.085538
2025-11-17,149515.787232,102251.543323
2025-11-18,148260.220377,102312.868121
2025-11-19,148832.984676,102312.868121
2025-11-20,146564.43121,102435.550088
2025-11-21,148024.38848,102680.90593
2025-11-24,150203.093305,102885.378573
2025-11-25,151615.909138,103048.943739
2025-11-26,152662.582061,103212.500813
2025-11-28,153495.87139,103069.377246
2025-12-01,153251.334216,102167.556144
2025-12-02,153535.180289,102300.302521
2025-12-03,154066.847903,102494.294148
2025-12-04,154179.480159,102249.248701
2025-12-05,154472.346264,102136.925463
2025-12-08,154008.266343,101973.572574
2025-12-09,153875.356389,101881.664419
2025-12-10,154895.884687,102208.394366
2025-12-11,155256.324586,102228.833618
2025-12-12,153587.007249,101912.287043
2025-12-15,153354.96034,102014.410797
2025-12-16,152935.938881,102208.394366
2025-12-17,151253.098446,102177.763685
2025-12-18,152395.265134,102433.040842
2025-12-19,153776.483502,102283.464509
2025-12-22,154734.497007,102242.497384
2025-12-23,155441.686926,102242.497384
2025-12-24,155988.489847,102467.885055
2025-12-26,155972.673521,102488.364589
2025-12-29,155416.83667,102611.306248
2025-12-30,155227.054654,102570.32301
2025-12-31,154076.979802,102324.447748
