Date,SPY,VEA,VWO,AGG,IEF,TIP,GLD,VNQ
2015-01-02,30000,15000,5000,20000,10000,5000,10000,5000
2015-01-05,29458.2206095,14665.6895013,4920.37205727,20043.4686802,10061.0142252,5003.9921412,10150.7714931,5027.36509984
2015-01-06,29180.7484518,14502.5219148,4896.35887121,20094.1783031,10128.6039535,5004.43420828,10266.4797394,5077.23079505
2015-01-07,29544.3767678,14657.7345206,5008.84576804,20090.5578318,10126.7214922,5008.42401544,10205.9956554,5155.06988399
2015-01-08,30068.6398849,14880.5992631,5093.5276243,20059.765598,10085.4244107,5000.44393432,10163.0435291,5174.53085657
2015-01-09,29827.684979,14808.9648174,5068.24937351,20108.6659446,10135.176647,5015.52276323,10278.7517754,5176.96107746
2015-01-12,29594.0346051,14793.0505729,5022.74778737,20124.9705369,10170.8450753,5014.19516155,10392.7064916,5216.48983917
2015-01-13,29510.7991778,14864.6850185,5058.13720489,20130.4022033,10180.2274126,5006.20994555,10357.6439135,5208.58645057
2015-01-14,29332.623764,14824.8833452,5039.18093805,20179.2967939,10227.1634492,5035.92740353,10340.9887208,5253.58616396
2015-01-15,29063.9192083,14908.4582928,5054.34468245,20271.6658207,10314.4703213,5075.84601464,10601.3324422,5265.74945649
2015-01-16,29445.0746152,15071.6344457,5104.90285385,20193.786354,10238.4254381,5047.45849237,10739.8312304,5311.35820245
2015-01-20,29507.8703336,15139.2972904,5087.20864604,20228.1990592,10261.9037585,5059.43351554,10887.0963319,5269.39774251
2015-01-21,29656.8249147,15250.7259138,5200.95993966,20191.9770776,10213.084324,5038.58727497,10889.7266272,5265.74945649
2015-01-22,30097.855309,15306.4482566,5310.91971274,20181.1137449,10187.7385271,5039.91861111,10977.3844098,5359.39864664
2015-01-23,29932.8312981,15214.9108326,5265.41779263,20231.8348796,10254.3832785,5070.52347091,10889.7266272,5344.19536199
2015-01-26,30002.9315486,15417.8800924,5271.73710486,20222.7693114,10230.921816,5062.09665463,10781.0304952,5389.19839939
2015-01-27,29607.1751906,15429.8259484,5243.93239825,20211.8944668,10244.9990681,5078.06335218,10904.6282897,5391.02180374
2015-01-28,29227.4774448,15226.8513346,5182.0010011,20297.0187135,10323.8535951,5097.57685619,10818.7233685,5355.14243606
2015-01-29,29497.6477748,15433.799691,5187.05792033,20280.7313889,10287.2373803,5091.813179,10585.5540145,5373.99548407
2015-01-30,29126.7122223,15183.0694939,5048.02637212,20353.1657588,10377.3632617,5128.62611712,10821.352995,5263.31628091
2015-02-02,29487.4306247,15382.0650112,5137.76514761,20352.442432,10364.378961,5125.07837705,10731.0655859,5249.32921471
2015-02-03,29913.8492504,15600.9527987,5228.7663161,20274.442091,10276.9437818,5101.57179823,10610.9748518,5294.93943801
2015-02-04,29799.9380336,15489.5198921,5193.37623065,20305.2803721,10293.8634569,5112.21735248,10657.4333695,5273.04639787
2015-02-05,30100.7706313,15652.6864077,5232.554163,20263.5557346,10256.2535647,5090.03930896,10675.8414236,5336.29271206
2015-02-06,30017.5324997,15465.6431713,5146.60991375,20145.6496257,10141.5461095,5050.11883062,10399.7192747,5181.21913472
2015-02-09,29883.1869828,15394.0023008,5140.29260533,20142.0310729,10136.8437023,5041.25181448,10446.1777924,5144.73184248
2015-02-10,30201.5385582,15525.3381857,5131.44416556,20120.2506855,10111.4566973,5024.39584787,10384.8176121,5161.15171492
2015-02-11,30219.0683535,15441.7589548,5108.69337249,20111.1870359,10107.6983304,5015.08116296,10262.0965827,5145.9465836
2015-02-12,30509.6729836,15680.5518623,5227.50258724,20114.8132632,10111.4566973,5007.0987478,10285.7638898,5207.36801611
2015-02-13,30635.2725335,15791.9836981,5280.58420876,20091.2427858,10077.6079816,4996.89572744,10341.8654859,5172.70708289
2015-02-17,30683.4537789,15827.8105582,5264.15439774,20009.6027871,10006.1409448,4971.61481178,10169.1795472,5159.93512714
2015-02-18,30686.37451,15935.2579435,5269.20897921,20065.8323338,10054.0996918,4992.46011873,10198.1061072,5207.97631
2015-02-19,30664.4636181,15943.2257738,5252.78017009,20049.5181483,10028.7136233,4988.46984477,10163.0435291,5096.08273506
2015-02-20,30848.4750854,16102.4131928,5279.32181577,20053.1424569,10023.0681123,4988.91051143,10105.1890716,5145.33976704
2015-02-23,30844.0993975,16038.7337278,5228.7663161,20089.414323,10069.1406517,4998.22612996,10118.3378728,5186.69193308
2015-02-24,30931.6996951,16134.2566731,5300.80620825,20178.2971831,10135.9034082,5028.38472141,10103.4362102,5084.52884443
2015-02-25,30905.432046,16150.1709177,5283.11500614,20192.8174414,10145.3044764,5036.81433855,10142.0051798,5085.74321621
2015-02-26,30868.9256118,16106.394431,5279.32181577,20120.2506855,10085.1322078,5033.26566486,10174.4388001,5030.40509197
2015-02-27,30763.7684751,16118.3360038,5283.11500614,20171.0466472,10120.8615117,5062.53825491,10182.3283483,5069.933115
2015-03-02,30958.0025012,16142.210583,5275.52996126,20068.5740686,10045.5190396,5021.28877446,10140.2523184,5099.12383519
2015-03-03,30830.9479945,16050.6763715,5227.50258724,20043.1309998,10023.8651146,5028.38472141,10121.8442643,5089.39297957
2015-03-04,30700.9727567,15979.0451382,5166.83425101,20054.028868,10031.393087,5033.26566486,10090.2874091,5040.74202548
2015-03-05,30734.5638686,16030.774464,5156.72241635,20063.1136227,10037.0432807,5024.39584787,10080.6449995,5055.33775491
2015-03-06,30302.3064851,15815.8679146,5073.30562481,19932.2874002,9934.39481677,4966.29226806,9805.39961561,4887.49554583
2015-03-09,30427.8979219,15823.8228952,5053.08162152,19983.1658633,9980.54134344,4958.75145317,9815.0420252,4926.4156443
2015-03-10,29934.2970724,15493.496847,4948.18110544,20030.4257738,10022.9145185,4964.51886483,9766.82997726,4922.76809695
2015-03-11,29864.1914132,15533.2985204,4987.35970572,20070.3814263,10040.8110131,4972.94288026,9708.09942342,4927.02430753
2015-03-12,30243.8837502,15724.328349,5015.16708406,20086.7435779,10050.2233199,4961.85619254,9705.46979695,5012.77047842
2015-03-13,30058.4335524,15628.8139701,4954.49707799,20048.5933644,10035.1589462,4945.88856138,9719.4946944,5009.72827028
2015-03-16,30460.0178507,15803.9274125,5012.63895841,20092.192512,10070.0004027,4952.98637556,9713.35867637,5061.41995517
2015-03-17,30369.4778914,15788.0099556,5044.23451762,20088.5643661,10090.7243355,4957.86311773,9660.76414056,5059.59507349
2015-03-18,30734.5638686,16114.3515533,5174.41829398,20235.7239605,10206.5556483,5033.71053279,9850.105272,5165.40829484
2015-03-19,30594.3768895,15919.3394157,5083.41578964,20164.8686303,10158.5229141,5030.60485981,9843.09248889,5162.97585793
2015-03-20,30864.4255224,16261.6081075,5146.60991375,20226.6468804,10199.9604777,5045.68275511,9955.29434361,5292.50515443
2015-03-23,30804.2855058,16337.2227205,5161.77766574,20230.2807822,10213.1451996,5043.46635118,10018.4080541,5285.81576828
2015-03-24,30631.1916231,16321.303122,5182.0010011,20284.7931472,10244.2264161,5067.86126544,10042.9521262,5240.81457754
2015-03-25,30182.3401601,16233.7608566,5092.2345064,20246.6218287,10199.9604777,5066.53132972,10056.9776924,5150.39669478
2015-03-26,30110.4442008,16101.8424559,5063.11430615,20173.9591409,10142.5219925,5039.4751436,10122.7210294,5123.47959767
2015-03-27,30179.3923852,16137.8202989,5074.50990765,20203.0150065,10182.0667927,5041.69294795,10085.9042524,5130.20924128
2015-03-30,30547.5829914,16149.8100577,5178.32904053,20212.1074357,10181.1293082,5026.61271861,9971.07277123,5203.62148711
2015-03-31,30280.6011261,15921.9564534,5174.53084066,20246.6218287,10207.4940693,5038.14427426,9963.18389181,5157.73980297
2015-04-01,30173.5238792,16033.8851409,5244.1665087,20312.350556,10256.0784303,5077.17501674,10133.2395353,5150.39669478
2015-04-02,30282.0831267,16153.8052163,5325.19811221,20285.0406516,10226.8375305,5058.54938137,10105.1890716,5189.54873531
2015-04-06,30485.9717917,16309.7138427,5389.76784392,20297.7861691,10240.0409833,5078.50588607,10228.7868661,5243.38477621
2015-04-07,30405.2947085,16309.7138427,5377.10650977,20301.4373386,10248.5289173,5089.59490784,10177.9451917,5151.01052869
2015-04-08,30507.9746325,16385.6614748,5485.98990914,20303.2523709,10239.0988161,5077.17501674,10121.8442643,5158.96414678
2015-04-09,30642.9340439,16409.6442049,5556.89231173,20252.2760572,10197.593821,5058.99098164,10051.7177707,5051.90479089
2015-04-10,30810.1567162,16441.6322434,5545.4960423,20252.2760572,10194.7663828,5054.11143862,10165.6731556,5048.2343448
2015-04-13,30670.7945732,16353.6820028,5526.50404106,20274.123597,10215.5193486,5055.44184115,10092.9170356,5034.77616558
2015-04-14,30729.4769286,16477.606874,5541.69851036,20295.9557877,10245.7042887,5068.74773365,10031.5568552,5052.51714746
2015-04-15,30867.3543666,16553.5534353,5574.61757841,20323.271448,10251.3591652,5084.27329773,10118.3378728,5014.58723474
2015-04-16,30858.554312,16593.5242952,5625.25990935,20312.350556,10258.9068051,5090.03930896,10083.274626,5027.43490406
2015-04-17,30503.5664921,16393.6592875,5510.0458429,20328.726138,10279.6560247,5122.41710519,10133.2395353,5004.18751437
2015-04-20,30782.2853693,16421.6361054,5492.32124415,20314.1559951,10260.7920761,5108.6691456,10056.1009274,5011.52766788
2015-04-21,30745.6085591,16561.5533896,5535.36817725,20292.3333976,10239.0988161,5090.48090924,10113.9547161,5020.09253454
2015-04-22,30896.6941922,16597.5258786,5599.93991277,20232.2531429,10179.6711031,5066.97479723,9978.08555435,5030.49225491
2015-04-23,30974.4370223,16669.4815646,5627.79404639,20263.2007864,10210.8010201,5079.83722222,10050.8416744,5043.95154213
2015-04-24,31046.3167553,16761.4248221,5655.64751209,20297.7861691,10246.646456,5101.57179823,9909.71259092,5054.35310918
2015-04-27,30917.2366675,16825.3869786,5679.70311189,20305.0693219,10230.6108821,5102.45779963,10109.5722283,5047.62088022
2015-04-28,31015.5057467,16853.3670088,5693.63084663,20226.7888597,10183.4472644,5073.18474278,10197.2300109,5037.83462443
2015-04-29,30887.8914332,16705.4572659,5632.85964875,20181.2806664,10145.7137479,5063.86865743,10125.3506559,4936.28389235
2015-04-30,30578.3831824,16537.5717303,5558.15938025,20181.2806664,10142.8816269,5072.29734095,9946.52869911,4856.14052557
2015-05-01,30909.8888653,16677.4804481,5591.07677847,20124.0208107,10087.4304964,5051.45203399,9912.3422174,4892.84646381
2015-05-04,30997.916455,16693.4750027,5618.9299102,20085.7055943,10066.6484976,5031.93572914,10001.7528614,4897.74125372
2015-05-05,30642.9340439,16441.6322434,5560.68717194,20067.4862004,10049.6473429,5029.71792479,10029.8033251,4791.2942544
2015-05-06,30516.7828003,16477.606874,5487.25530783,19999.9904068,10000.5197841,4989.35677979,10024.5440721,4782.11887784
2015-05-07,30638.5259034,16421.6361054,5479.65957603,20049.238027,10043.0315682,5002.21733754,9942.14554247,4855.53001567
2015-05-08,31041.9194324,16777.4150935,5563.22130898,20114.8976833,10081.7596987,5023.06404492,9990.35759041,4923.43548436
2015-05-11,30893.7626435,16629.5107046,5510.0458429,19987.2141912,9982.57458902,4977.38082301,9951.78795206,4849.41125129
2015-05-12,30801.345844,16629.5107046,5494.85204153,19985.4068334,9990.12222887,4982.25943241,10036.8161082,4864.09414366
2015-05-13,30807.2197588,16749.4350632,5508.78244801,19983.5706961,9976.90472779,4974.71721711,10216.51483,4817.59899494
2015-05-14,31128.4569084,16949.3032833,5560.68717194,20014.5797361,10010.909847,4984.03283564,10271.7389923,4910.5885537
2015-05-15,31162.1967612,16969.2962089,5617.66551341,20098.4856472,10082.7065486,5018.62890303,10302.4190825,4960.75230184
2015-05-18,31259.013588,16913.3318651,5563.22130898,20021.8744007,10014.6888179,4992.01711803,10301.5423174,4947.90426318
2015-05-19,31248.7423503,16849.3718503,5575.883979,19952.573168,9970.28988968,4968.06473767,10158.6603725,4930.7748992
2015-05-20,31226.7422138,16881.3448975,5568.28557547,19983.5706961,9992.01592881,4981.37063016,10175.3155652,4926.49394321
2015-05-21,31317.6824215,16973.2967215,5551.82537351,20045.5868574,10051.5335504,5000.44393432,10141.1290835,4903.24729219
2015-05-22,31242.8792531,16869.3594219,5565.75411016,20023.7009448,10028.8625344,5008.87168422,10133.2395353,4897.13000515
2015-05-26,30906.9708386,16585.5404029,5483.45977969,20072.9466464,10091.212277,5012.86055776,9985.09833746,4859.81207966
2015-05-27,31200.3393457,16725.4501915,5497.38484271,20093.0079335,10085.5442889,5008.42401544,9983.3448073,4907.52935618
2015-05-28,31165.1283098,16689.4680653,5420.1541108,20085.7055943,10094.9921845,5005.32301053,9994.74007828,4897.74125372
2015-05-29,30971.4973606,16529.5707052,5360.64764367,20093.0079335,10100.6526803,5021.28877446,10001.7528614,4841.46058787
2015-06-01,31034.5797433,16489.595562,5356.84844191,20037.4556663,10056.0973485,4990.243248,9992.98721689,4900.79971257
2015-06-02,31003.7768479,16545.5609766,5375.84010918,19958.9008387,9986.07353212,4969.84094174,10033.3097166,4855.53001567
2015-06-03,31085.9115922,16641.5026051,5349.25104027,19880.3229875,9900.90667206,4939.23654874,9961.43036165,4785.78895459
2015-06-04,30823.3459805,16449.6236313,5270.75390777,19922.3469327,9949.16979708,4952.98637556,9891.30386805,4776.61247003
2015-06-05,30770.5483573,16269.7386996,5245.43190739,19834.6363609,9877.26164621,4939.23654874,9838.70933224,4723.39063238
2015-06-08,30581.3174354,16253.7505698,5242.89977415,19863.87066,9891.45315715,4945.88856138,9867.63656101,4714.82576572
2015-06-09,30576.9147037,16161.813737,5204.91810943,19807.2209314,9859.28460849,4934.79907281,9889.55100666,4680.56592975
2015-06-10,30943.6368312,16497.5923039,5280.88310869,19757.894647,9821.43776967,4917.05897203,9973.70239771,4713.60289925
2015-06-11,31043.387911,16545.5609766,5259.36131197,19863.87066,9899.02702034,4941.45248586,9928.12064502,4742.35485007
2015-06-12,30805.7593932,16413.6457883,5260.62437289,19840.1198305,9893.35153983,4944.11375773,9925.49101854,4738.07057007
2015-06-15,30673.7396437,16309.7138427,5207.44757095,19863.87066,9917.00218497,4960.08325612,9969.31990984,4712.37781677
2015-06-16,30840.9596116,16305.7122594,5218.84350642,19896.7695591,9954.84621415,4989.35677979,9933.37989796,4750.30736016
2015-06-17,30890.8229818,16261.7408869,5251.7632424,19898.5903473,9960.53106014,4995.12232421,9979.83841574,4790.68226716
2015-06-18,31212.0763576,16417.6441593,5298.60770744,19893.104959,9952.95719695,4983.14636743,10108.6954632,4856.75362081
2015-06-19,31073.5093026,16381.6684579,5250.49717578,19955.23432,10005.9414601,4994.67745628,10091.1641742,4819.43717266
2015-06-22,31232.69726,16665.4842644,5318.86610926,19856.5683208,9921.73268861,4972.50127999,9961.43036165,4769.88356509
2015-06-23,31254.8190936,16725.4501915,5366.97864472,19810.8759382,9891.45315715,4961.41365865,9895.68702469,4730.12027599
2015-06-24,31027.8187917,16589.5312783,5339.12284126,19841.9463746,9920.78583865,4970.2816084,9869.3894224,4704.42456801
2015-06-25,30933.4899951,16585.5404029,5320.13184192,19820.0144147,9896.18834354,4964.96139872,9856.24129003,4656.70803016
2015-06-26,30927.5917409,16570.5641801,5271.06316066,19772.5031626,9848.87862432,4942.78288839,9866.75979593,4690.20112774
2015-06-29,30279.029881,16072.7166686,5154.77906586,19889.4537894,9963.36692731,4979.15422624,9911.46545231,4617.28342078
2015-06-30,30342.41245,16048.4319725,5223.78286947,19876.6603061,9935.9251361,4969.84094174,9850.105272,4615.43046968
2015-07-01,30585.620105,16153.6702954,5223.78286947,19826.4917393,9883.9935528,4951.6541058,9815.91879029,4691.43581292
2015-07-02,30557.6216523,16194.143361,5248.06322866,19853.9685652,9919.05978079,4973.388215,9796.63397111,4703.17695613
2015-07-06,30470.6460666,15862.2443061,5102.38808686,19925.3745447,9989.18287129,4992.90405305,9822.93090462,4732.83894712
2015-07-07,30662.2649566,15858.1956075,5024.44133099,19952.8360215,10015.7152744,5009.31468492,9708.9761885,4806.99281659
2015-07-08,30147.8376719,15473.6827452,4839.15376655,20000.4374496,10055.5157523,5015.52276323,9737.90274849,4788.45444156
2015-07-09,30202.3742118,15724.6281733,4937.54895113,19927.1972515,9985.39453487,4983.14636743,9761.57072431,4765.58820505
2015-07-10,30582.6723301,16202.2300502,5076.83230999,19842.9709277,9916.20611922,4959.63698777,9772.96599529,4805.13875749
2015-07-13,30920.2195993,16271.0397228,5108.77819996,19813.6790695,9889.68120845,4942.34175492,9729.13710399,4811.93561998
2015-07-14,31054.3568789,16384.3733012,5121.55675632,19846.6316905,9920.94786144,4950.32230285,9707.22265834,4821.82307342
2015-07-15,31044.034258,16319.6123272,5058.94373374,19899.7376933,9958.85744897,4964.0744637,9656.3816527,4829.85683709
2015-07-16,31293.1482804,16457.2316724,5119.00157939,19916.2149631,9955.0700491,4970.2816084,9621.3184059,4868.78727693
2015-07-17,31319.67555,16432.9416224,5117.72482585,19918.0434259,9956.01502598,4968.5096056,9524.01821371,4851.48432574
2015-07-20,31335.8964251,16469.3756266,5085.77760002,19883.2642607,9936.11338224,4955.2037131,9265.42735376,4857.04650305
2015-07-21,31212.0763576,16424.8517208,5087.05335167,19916.2149631,9963.59263536,4966.73526876,9236.50079377,4843.45019273
2015-07-22,31156.0659303,16287.2388004,5019.32863937,19925.3745447,9975.9204159,4968.9526063,9186.53588444,4864.4608928
2015-07-23,30980.6489846,16234.6153558,4977.16037187,19982.1297984,10016.6677437,4977.38082301,9145.33661961,4803.90148697
2015-07-24,30659.3198861,16060.5727143,4905.6037291,19978.4517679,10026.1437358,4972.05594525,9234.7472636,4824.29502911
2015-07-27,30480.95787,15959.3841609,4795.7107493,20004.0905379,10059.3115811,4982.25943241,9191.79513738,4832.94595071
2015-07-28,30855.3685516,16157.7157816,4841.71027934,19983.9563425,10030.8807952,4970.2816084,9205.82003484,4836.03617232
2015-07-29,31067.6245703,16214.386854,4886.4343917,19967.4713981,10016.6677437,4969.84094174,9218.96883598,4867.55074508
2015-07-30,31074.9804856,16206.2808904,4855.76759305,19969.3017795,10028.0364991,4976.93688869,9140.07669788,4843.45019273
2015-07-31,31027.8187917,16283.1815354,4896.65843907,20048.0407964,10086.7983266,4996.45412716,9197.93115542,4881.76384399
2015-08-03,30923.1700786,16234.6153558,4816.15416851,20068.7640139,10117.5395762,4992.01711803,9125.17503535,4912.04151556
2015-08-04,30862.7325801,16250.8122918,4831.48856973,20010.0555858,10065.336394,4964.0744637,9143.58308944,4876.20240534
2015-08-05,30964.4362227,16335.8028384,4836.59959152,19973.3712124,10026.4247001,4948.54983324,9110.27337281,4844.06956666
2015-08-06,30710.9194687,16262.9466088,4802.09819066,19997.2256483,10061.5433748,4957.42151745,9150.59587256,4850.86642915
2015-08-07,30651.9504489,16246.7582392,4796.98750284,20032.0623726,10101.4037917,4971.17041065,9173.38708329,4868.78727693
2015-08-10,31038.1387082,16445.0909306,4878.76886092,20006.3852299,10059.6478018,4964.0744637,9267.18088393,4853.33838484
2015-08-11,30758.0784582,16186.0459638,4773.98723687,20072.4247766,10126.0827665,4984.47536953,9314.51616679,4885.47085419
2015-08-12,30794.9256444,16080.8140658,4699.87074164,20059.5814087,10122.2860011,4972.94288026,9445.12607561,4900.91937694
2015-08-13,30756.599162,16076.7675088,4690.92712145,20017.3924605,10095.7123899,4959.63698777,9367.11070259,4906.48192359
2015-08-14,30868.6281299,16105.1009034,4704.98376723,20008.2194485,10085.2717534,4954.31677808,9366.23393751,4933.05332363
2015-08-17,31041.0891875,16072.7166686,4655.14829912,20043.0830338,10103.3012378,4953.87284377,9390.77800963,4975.07398508
2015-08-18,30951.1712357,15947.2444899,4601.4782288,20006.3852299,10087.1766919,4941.89595337,9389.02514824,4988.6680794
2015-08-19,30706.4923976,15817.7171879,4538.86487225,20068.7640139,10148.8633586,4958.75145317,9515.2525692,4959.00719641
2015-08-20,30065.3053836,15429.1545562,4469.86374037,20099.9457313,10176.387566,4972.50127999,9680.92572482,4922.54797359
2015-08-21,29160.2654728,15040.5962077,4326.74410947,20134.8073979,10217.196706,4974.27655045,9741.40914005,4831.0918916
2015-08-24,27932.3982366,14534.6534406,4113.34559124,20127.4494182,10234.2840231,4956.9752491,9688.81460424,4604.92438098
2015-08-25,27603.7051096,14680.3712538,4169.57184038,20079.7693259,10178.2859487,4945.00209317,9568.72387009,4478.24597736
2015-08-26,28663.5221331,15060.8300635,4313.9655531,19986.2126617,10115.6430666,4915.28463519,9438.11329249,4599.361465
2015-08-27,29372.510674,15259.162755,4487.75131473,20013.7259418,10109.9497917,4939.23654874,9443.37321422,4688.3466993
2015-08-28,29373.9899702,15218.6886186,4422.58244729,19995.3741619,10111.8519205,4953.42750903,9528.40070157,4681.55057548
2015-08-31,29136.6751605,15105.3614649,4413.6368233,19980.7042498,10094.767413,4948.9904999,9538.91987624,4574.6444934
2015-09-01,28267.0004353,14611.5583688,4241.13015298,20039.8942561,10140.109445,4940.00864902,9572.22959287,4487.5144262
2015-09-02,28803.5441449,14838.2265965,4305.01926118,20014.1633915,10112.5440295,4924.44247265,9521.38858723,4533.85999446
2015-09-03,28824.1839779,14858.4550983,4324.18960047,20043.5684494,10137.2529738,4924.888741,9453.01495503,4546.21977293
2015-09-04,28387.880841,14526.5571142,4188.73817208,20085.8437363,10168.6273298,4932.89589698,9422.33486487,4461.56092276
2015-09-08,29101.2991574,14947.5071931,4329.29962036,20038.067712,10123.9455641,4910.65390078,9424.96449135,4528.91719107
2015-09-09,28712.1577144,14890.8371915,4305.01926118,20045.4199358,10127.7573142,4921.77513228,9303.12022703,4477.00981484
2015-09-10,28868.4060101,14987.9824003,4336.96648701,20023.3536712,10104.935514,4923.10646843,9325.03467268,4486.89616028
2015-09-11,28999.5955148,14983.9315601,4353.57931161,20047.2445613,10131.5512699,4936.89363987,9305.75052228,4572.79080363
2015-09-14,28891.9882093,14874.6498927,4353.57931161,20052.7644851,10141.056295,4927.55374733,9311.00977523,4575.26423666
2015-09-15,29253.1095645,14983.9315601,4398.30375794,19962.7016621,10061.2109003,4894.19845535,9282.95931155,4620.37327307
2015-09-16,29506.6398404,15198.4515504,4500.52987109,19946.1534027,10058.3553656,4892.86245113,9406.55643725,4669.80795493
2015-09-17,29440.3149053,15206.5446644,4500.52987109,20071.1335328,10142.0087642,4931.11689206,9502.98053314,4722.95223235
2015-09-18,28959.2164075,14842.2667287,4390.63555543,20087.6894668,10189.5441915,4946.68166801,9573.10635796,4714.91809934
2015-09-21,29108.8606057,14842.2667287,4400.85993676,20034.3858442,10131.5512699,4915.54698123,9513.49903904,4755.08470169
2015-09-22,28731.0451088,14494.1835874,4315.24397648,20082.1752989,10181.935676,4927.55374733,9448.63246717,4695.14430046
2015-09-23,28685.1084993,14425.3749856,4250.07277128,20065.6289581,10170.5238394,4923.99807152,9486.32534044,4724.60168015
2015-09-24,28581.3955019,14376.8055936,4242.4072405,20091.3751719,10185.7380607,4924.44247265,9685.30821269,4680.29077556
2015-09-25,28573.9800902,14509.3375632,4234.63383857,20056.4501902,10159.1204316,4898.20320036,9625.70089377,4699.01529518
2015-09-28,27856.8621811,14228.8208946,4140.07058447,20104.2281331,10217.1124167,4899.53500331,9503.85662945,4625.99048122
2015-09-29,27873.1479613,14200.3654287,4173.75042798,20135.4808401,10252.2854111,4913.32310837,9465.28765987,4675.29737335
2015-09-30,28393.2301059,14489.0084061,4286.4500614,20142.8407385,10254.179111,4923.10646843,9367.11070259,4714.6156144
2015-10-01,28467.3057959,14529.6602955,4300.69973976,20158.4968309,10262.1744208,4940.99781497,9355.71543161,4737.70862228
2015-10-02,28892.5507204,14769.51865,4413.39837129,20219.2639584,10311.6887739,4969.47963242,9553.82153878,4772.03678512
2015-10-05,29406.6805233,15066.2943611,4501.48601689,20143.7444174,10254.5649688,4954.34665379,9534.5367196,4852.54616238
2015-10-06,29305.9315271,15082.5512619,4489.82658194,20193.488965,10275.5108635,4968.58802933,9630.08405041,4841.31359275
2015-10-07,29545.9588305,15261.4285699,4601.23075969,20178.7423073,10249.8007494,4967.69735985,9616.05848418,4896.86186831
2015-10-08,29812.6621445,15387.452211,4660.81804669,20151.1177462,10223.146595,4965.9169545,9566.97033993,4938.05374319
2015-10-09,29830.4434472,15419.9777916,4666.00120522,20134.5503003,10228.8539182,4952.12278094,9718.61859809,4929.93872593
2015-10-12,29858.5933453,15391.5233965,4640.0930938,20186.1233107,10263.1343825,4961.02247363,9757.18756767,4964.88921738
2015-10-13,29670.4252449,15208.5791863,4557.18693689,20187.9536921,10272.6525192,4958.35233242,9805.39961561,4926.19367428
2015-10-14,29528.1775278,15232.973104,4592.16223607,20263.4636399,10328.8191723,4975.26338236,9976.33202418,4889.37028766
2015-10-15,29981.5750547,15513.4854894,4697.0901374,20235.8275669,10293.5956042,4965.9169545,9930.75027149,4956.15113285
2015-10-16,30117.8812476,15505.3548974,4711.33881386,20215.574416,10285.025254,4952.56811568,9860.6237779,4993.60054141
2015-10-19,30132.6958447,15440.3101611,4663.40995992,20235.8275669,10280.2722732,4944.11282411,9819.42451307,5063.50152432
2015-10-20,30094.1719425,15387.452211,4653.04731649,20195.3155091,10245.0412128,4938.32814056,9881.66212724,5061.62825982
2015-10-21,29907.4939559,15375.2611416,4585.6862936,20243.2066517,10280.2722732,4941.44501694,9794.00434464,5042.90484821
2015-10-22,30412.7317553,15558.2032102,4685.43103641,20246.8866009,10290.7353868,4958.35233242,9790.49795308,5087.2179688
2015-10-23,30746.1088695,15700.4923186,4716.52097048,20211.9021414,10232.6628587,4951.23211145,9773.84276037,5037.912554
2015-10-26,30670.5457702,15643.5738912,4663.40995992,20221.1077702,10259.3235689,4949.89844127,9767.70674234,5036.66272611
2015-10-27,30611.2765641,15505.3548974,4620.66059088,20250.5646314,10285.025254,4961.02247363,9789.62118799,5034.79056962
2015-10-28,30959.4682755,15590.7266491,4570.14216148,20189.7936667,10231.7094529,4936.10193367,9710.7290499,5039.15942722
2015-10-29,30941.6896772,15476.8972898,4519.62072638,20103.2438714,10168.8783246,4922.74889357,9617.81201434,5032.29423785
2015-10-30,30808.3447811,15464.7008664,4513.14444995,20156.6453445,10188.8651942,4937.88233901,9580.99590616,4986.11117677
2015-11-02,31172.8303858,15615.1216376,4598.64018233,20116.981325,10159.5952614,4935.6608002,9518.75829198,5092.21100168
2015-11-03,31263.2107867,15615.1216376,4655.63722593,20080.0667149,10132.8961528,4927.20177417,9377.62987726,5041.03195305
2015-11-04,31168.3870885,15513.4854894,4629.73045038,20080.0667149,10122.4114986,4920.52688795,9289.09532958,5018.56348978
2015-11-05,31137.2704848,15493.1520491,4636.2077287,20070.8514928,10115.7385945,4904.95137542,9260.16810081,5038.53672928
2015-11-06,31120.9792959,15419.9777916,4584.38916811,19974.8850184,10047.0877574,4884.48138202,9125.17503535,4881.88203102
2015-11-09,30830.5774943,15257.3648801,4476.87469701,19961.974498,10029.9245798,4882.70097667,9151.47263764,4798.24919204
2015-11-10,30901.6918876,15253.3033319,4465.21392619,19998.879515,10048.9889497,4880.9191709,9132.18781846,4853.17144566
2015-11-11,30780.1894743,15326.479731,4470.39541488,19973.0373692,10044.2219207,4880.4757034,9101.50772831,4858.78976181
2015-11-12,30350.5093656,15143.5333792,4423.76301851,19991.4965929,10049.943292,4880.4757034,9103.2605897,4825.70994952
2015-11-13,30009.7141352,15025.6414009,4365.46985132,20030.249259,10088.0813973,4887.15385727,9077.83975249,4770.78732657
2015-11-16,30466.0756633,15204.5154965,4460.03377335,20046.8512404,10101.4318881,4884.48138202,9090.98855363,4825.70994952
2015-11-17,30443.8591764,15224.8425119,4454.84994689,20061.6113285,10098.5763535,4893.38154152,8970.89715071,4825.70994952
2015-11-18,30926.8669669,15371.1985226,4489.82658194,20046.8512404,10093.8008955,4900.50129567,8978.78669891,4868.15202162
2015-11-19,30900.2071826,15452.4990889,4523.50508958,20056.0856488,10115.7385945,4917.85954758,9077.83975249,4883.13001224
2015-11-20,31012.8121836,15419.9777916,4562.36875955,20043.1655353,10102.3909132,4921.86149175,9036.64048766,4944.29401861
2015-11-23,30977.2522826,15326.479731,4524.80355094,20048.6969709,10115.7385945,4927.64897614,8963.88503637,4954.90352097
2015-11-24,31018.7374815,15346.8003217,4536.46031417,20067.14852,10125.2679698,4932.98832495,9023.49235529,4928.69037538
2015-11-25,31014.2914798,15371.1985226,4501.48601689,20076.3790912,10130.9912142,4930.31491608,8981.41632538,4948.66324555
2015-11-27,31049.8540851,15367.1305496,4403.03606183,20070.8514928,10141.4796146,4932.98832495,8875.35048868,4991.72653825
2015-11-30,30920.9578952,15346.8003217,4409.51334015,20078.2324962,10145.2941744,4930.76211805,8934.08104252,4954.90352097
2015-12-01,31215.8002898,15513.4854894,4435.4211176,20148.5889803,10199.2543205,4949.00543775,8965.63789776,5023.55799999
2015-12-02,30897.2377727,15350.8650823,4391.3782967,20124.5139009,10170.6043825,4932.09765547,8826.26234443,4921.20248807
2015-12-03,30464.5963671,15277.6929664,4378.42273814,19976.400743,10063.6421787,4901.39243196,8920.05614507,4843.81140186
2015-12-04,31058.7406799,15387.452211,4395.2636618,20041.191256,10100.8868172,4913.85153492,9118.16225223,4936.18047869
2015-12-07,30870.5779883,15261.4285699,4333.0851295,20070.8207946,10133.3578709,4912.07206319,8999.82437947,4922.44899195
2015-12-08,30663.1276541,15029.7018783,4281.26857271,20078.2382522,10139.0867346,4913.40620018,9014.72604201,4918.08161169
2015-12-09,30424.5850556,14997.1784394,4250.17830466,20078.2382522,10154.360895,4904.06117275,8997.194753,4890.62011555
2015-12-10,30503.1283824,14993.1136787,4207.43194132,20074.5256861,10132.4016554,4893.38154152,8989.30587358,4855.66925477
2015-12-11,29911.9318446,14724.8030708,4088.2556975,20124.5139009,10213.5722654,4909.40145517,9038.39401783,4846.93043157
2015-12-14,30063.0688608,14757.3222265,4155.61471659,20030.0804188,10138.1333288,4874.24568511,8922.68577154,4869.3985255
2015-12-15,30378.6673768,14814.2395832,4216.50013098,20031.9395798,10112.3473544,4871.57741113,8899.01779572,4922.44899195
2015-12-16,30823.1512651,15115.0800549,4287.74484914,19996.7555818,10085.6089107,4857.3365024,9006.83716259,5018.56348978
2015-12-17,30353.467958,14940.2675075,4250.17830466,20024.5297968,10127.6290071,4874.24568511,8809.60715173,4993.60054141
2015-12-18,29812.729754,14781.7140026,4228.15756214,20067.1139845,10163.9155571,4887.59732478,8944.60021719,4935.55482608
2015-12-21,30058.6499029,14876.1993417,4257.96773698,20048.6048762,10168.6947612,4878.69483124,9041.90040938,4954.90352097
2015-12-22,30331.4083251,14986.6385451,4290.51042489,20033.7891475,10140.0466963,4872.02181225,8994.56512653,4974.87528313
2015-12-23,30707.014343,15232.0554275,4354.29633747,20030.0804188,10117.1209392,4876.47002477,8968.26752423,5026.00816495
2015-12-24,30656.3369543,15191.1508291,4341.27765926,20039.7234973,10135.6748905,4884.92438272,9033.13476488,5026.00816495
2015-12-28,30586.2853827,15146.1504168,4319.14770973,20039.7234973,10137.5920041,4886.26178737,8964.76113268,5053.85376895
2015-12-29,30912.7041255,15305.6783507,4316.54544354,19989.6393506,10084.0261447,4867.56799804,8958.62511464,5107.64622839
2015-12-30,30693.5952063,15211.5924203,4256.66560198,19985.9325405,10087.8547527,4872.91108131,8890.25215122,5089.9266679
2015-12-31,30386.5587595,15019.3590114,4257.96773698,20039.7234973,10099.3312111,4880.9191709,8893.75854277,5045.62869002
2016-01-04,29961.7762841,14794.3933573,4136.90591886,20032.3079584,10142.3674621,4900.05549412,9019.10919865,4984.87353692
2016-01-05,30012.4401509,14778.0411552,4146.01919398,20041.5922515,10139.504435,4896.9414186,9044.53003586,5081.06596432
2016-01-06,29633.8593143,14508.0783013,4071.81954112,20117.6528486,10200.7153353,4912.51693112,9175.13994468,5067.14353165
2016-01-07,28922.8938712,14234.0335539,3940.34498462,20115.8032808,10222.7101637,4908.51171931,9304.8737572,4968.42300972
2016-01-08,28605.432037,14058.1512763,3905.19702481,20160.3463987,10248.5410924,4912.51693112,9263.67449237,4901.97271889
2016-01-11,28633.7414935,14119.5103156,3888.27528129,20102.810259,10216.0175921,4886.70618849,9181.27596271,4929.81721489
2016-01-12,28864.7740269,14176.7681869,3902.59409069,20147.3437837,10261.9299818,4900.05549412,9134.81744494,4896.90914313
2016-01-13,28144.8706058,13964.0781956,3858.33419163,20193.7364694,10302.1041423,4910.29119104,9179.52310132,4826.66320182
2016-01-14,28606.9140376,14127.686952,3907.80162877,20186.3094187,10281.0589735,4905.84157809,9030.50446963,4815.2721877
2016-01-15,27992.8411439,13636.8574703,3743.78338245,20210.4228709,10328.8866037,4905.84157809,9123.42217396,4782.36670128
2016-01-19,28030.0939871,13755.4765225,3795.85341974,20190.0143102,10315.4949047,4900.94756403,9114.65652945,4807.68014806
2016-01-20,27670.8819247,13440.5250351,3716.44556087,20206.7122235,10366.1846254,4903.61770524,9236.50079377,4678.58075691
2016-01-21,27825.9132491,13542.782248,3722.95556791,20178.882368,10340.3602525,4885.8150522,9247.01929967,4704.52502699
2016-01-22,28396.7674358,13935.4471183,3849.22358823,20193.7364694,10317.4082722,4892.93480636,9204.06717345,4835.5261214
2016-01-25,27967.4956885,13735.0252941,3785.43901152,20182.5872595,10351.8395206,4902.28123421,9298.73773917,4805.14762152
2016-01-26,28349.0567526,13984.5283532,3840.11098104,20208.5617912,10359.4911173,4914.74360483,9404.80357586,4905.76984671
2016-01-27,28040.530192,13894.5435907,3815.37809739,20212.2820318,10367.1417774,4927.20177417,9439.86682266,4810.84312858
2016-01-28,28186.599199,13947.7142146,3876.55940601,20228.9684333,10380.534413,4937.43700427,9339.06023891,4774.13829833
2016-01-29,28873.7120049,14189.0406373,4013.24150059,20288.3483849,10436.0098937,4957.46306336,9374.99958202,4872.22836631
2016-02-01,28863.2785044,14160.4031352,3972.88834047,20263.8013203,10411.966835,4948.56197024,9471.4236779,4880.45639992
2016-02-02,28343.1044108,13841.3676128,3854.42979044,20325.1555512,10485.7181122,4963.69214803,9474.92940068,4836.1569447
2016-02-03,28513.0098287,13964.0781956,3957.26706211,20323.3002275,10474.2219862,4969.92216632,9576.61274952,4868.43197716
2016-02-04,28557.7402844,13992.7060605,3984.60421575,20343.7529169,10499.1313518,4970.81470303,9692.3209958,4870.96376504
2016-02-05,28013.7000317,13784.1108122,3942.94725081,20325.1555512,10512.5417817,4957.01632819,9845.72211536,4778.56957346
2016-02-08,27636.6066045,13534.6045407,3888.27528129,20403.2499055,10591.0797555,4960.57667208,9978.08555435,4641.87518799
2016-02-09,27638.0913094,13387.3533404,3838.80884605,20401.4022563,10592.9996788,4949.45310653,9956.1711087,4556.44184341
2016-02-10,27614.2548985,13358.7190507,3850.52438736,20451.5957654,10624.613791,4967.69735985,10033.3097166,4588.08346723
2016-02-11,27255.0536536,13182.8464104,3794.55028285,20464.6098923,10673.4622585,4985.05514495,10436.5353829,4522.90220968
2016-02-12,27816.9617492,13391.4491543,3857.03372647,20408.8293071,10592.046273,4966.36415647,10375.1752025,4574.7955512
2016-02-16,28286.4638628,13649.1256374,3948.15478888,20358.6396352,10560.4387165,4945.89276265,10060.4834152,4658.96207851
2016-02-17,28748.5181121,13894.5435907,4030.16424601,20347.4674016,10534.5750086,4937.43700427,10122.7210294,4698.83173594
2016-02-18,28630.7531529,13829.0994456,4010.63789853,20408.8293071,10583.421603,4951.23211145,10369.0391845,4746.29306366
2016-02-19,28617.3556512,13804.5566866,3993.71582104,20412.5322799,10583.421603,4955.23872369,10306.8022391,4773.50784437
2016-02-22,29031.6992173,13972.2580445,4092.64735566,20418.1251119,10572.8873117,4967.25482595,10123.5971257,4819.07042352
2016-02-23,28665.0474037,13739.1125415,4004.12956133,20421.837678,10593.9587039,4982.38126928,10275.2453839,4806.41406946
2016-02-24,28796.212569,13698.2100847,4004.12956133,20429.289671,10593.9587039,4993.51043652,10309.4318656,4800.71819306
2016-02-25,29144.9884266,13861.8241952,4010.63789853,20481.3365852,10625.5681334,5013.98089673,10336.6055642,4898.8078917
2016-02-26,29077.9116737,13812.7386771,3975.49160856,20444.1533656,10573.8454003,5001.07365818,10265.6029743,4873.49481425
2016-02-29,28849.8566633,13751.3903459,4000.22449221,20468.3224583,10591.0797555,5017.98657535,10399.7192747,4854.50917515
2016-03-01,29528.0369,14107.2357236,4146.01919398,20407.0353798,10508.3048389,5004.1872669,10323.456763,4991.20245262
2016-03-02,29660.6894746,14205.4024766,4209.8017669,20384.6755635,10490.0786794,5014.87063259,10403.2256662,5027.27535156
2016-03-03,29776.9453895,14356.7430659,4255.36446889,20408.898378,10502.5506883,5025.10166143,10582.9243881,5053.85376895
2016-03-04,29873.8271214,14467.1758444,4349.08913336,20377.2158959,10467.0573945,5009.52988336,10566.2691954,5054.48680826
2016-03-07,29897.6716455,14454.9055357,4339.9771941,20371.638413,10445.9569694,4989.50242385,10618.8637312,5067.77546295
2016-03-08,29571.2529026,14295.3883099,4264.47540625,20421.9336099,10506.3877252,5008.6401475,10569.7755869,5015.88470678
2016-03-09,29717.3300227,14356.7430659,4291.81222592,20412.6109441,10465.1384077,5005.52373793,10482.1178043,5043.72809477
2016-03-10,29741.1718424,14344.4674032,4281.3988196,20421.9336099,10427.7289368,4988.1706209,10650.4205864,5025.37586432
2016-03-11,30221.1128653,14716.6799743,4375.12281614,20384.6755635,10398.0010321,4986.38881513,10467.2161418,5138.02251227
2016-03-14,30182.3672039,14683.9637912,4350.39060042,20395.8593089,10405.6685501,4980.60459839,10332.2230763,5138.65333556
2016-03-15,30133.1664069,14534.8333352,4276.9777724,20377.2158959,10403.7486268,4970.81470303,10340.1119557,5141.18660078
2016-03-16,30307.5638011,14686.8378211,4366.95132627,20464.7883257,10458.4224225,5023.77172571,10570.6516832,5203.20303114
2016-03-17,30499.8371512,14822.4065824,4455.62007341,20507.629611,10469.9354063,5034.89529125,10530.3291835,5276.61601564
2016-03-18,30619.6790748,14797.7588849,4485.611592,20524.392758,10488.1634389,5051.81007566,10501.4026235,5253.83029406
2016-03-21,30663.1330628,14769.0025239,4503.86686336,20479.6865558,10458.4224225,5053.1414118,10427.7697383,5206.41217846
2016-03-22,30646.6525672,14752.5667992,4484.30645131,20466.6436494,10436.3629723,5040.23604048,10458.4498285,5206.41217846
2016-03-23,30444.4081657,14592.3460572,4415.19678035,20511.3613634,10484.3254654,5045.57678971,10221.774083,5178.25522549
2016-03-24,30430.9187151,14497.8596473,4408.67842415,20513.2301176,10473.7724432,5034.006489,10197.2300109,5180.17650347
2016-03-28,30448.8974375,14588.2438185,4420.41400345,20528.1283477,10489.1168447,5040.23604048,10220.8973179,5226.88955953
2016-03-29,30730.5478633,14760.7819846,4463.44490616,20589.6072901,10560.1024958,5093.1953972,10410.2384493,5340.15521208
2016-03-30,30865.3990994,14871.7051899,4514.29863783,20582.1514598,10545.7152463,5096.30900592,10264.7262092,5329.91762955
2016-03-31,30790.4796426,14740.2408089,4509.0817487,20647.3563988,10584.0818693,5101.64648749,10312.0614921,5362.55424046
2016-04-01,31000.2232917,14575.9103326,4522.12246868,20629.0679339,10581.0118651,5105.65309974,10249.8245467,5355.51583322
2016-04-04,30899.8502044,14543.0485205,4460.83529271,20649.6050434,10593.4960492,5111.88358483,10181.4515832,5347.83552265
2016-04-05,30591.2262861,14271.9045731,4377.38209884,20677.5999018,10635.7718232,5117.22573448,10313.8150222,5312.6397931
2016-04-06,30925.3173568,14501.9597443,4433.45305361,20673.8566376,10612.7121398,5103.87129397,10250.7013118,5325.4379716
2016-04-07,30555.2634324,14296.555483,4340.87222405,20718.6664463,10667.4702248,5121.67254658,10397.0896482,5292.16130403
2016-04-08,30637.6659104,14567.6972888,4416.50192104,20698.1312554,10651.1415115,5111.44011732,10381.3112206,5321.60021699
2016-04-11,30565.7564292,14580.0211376,4475.17881563,20713.0659397,10649.2234613,5098.53334558,10521.563539,5310.7214698
2016-04-12,30850.4087176,14801.8632651,4544.28915452,20679.4648187,10606.9495603,5077.17128228,10523.3170692,5349.11748264
2016-04-13,31162.031794,15036.0303122,4629.04682115,20688.8028337,10614.6367458,5081.62322926,10411.1145456,5325.4379716
2016-04-14,31163.5300208,15052.4660369,4605.57499463,20653.3291213,10589.6562026,5069.60806061,10265.6029743,5296.00201332
2016-04-15,31129.0680984,15011.3858271,4578.19275552,20711.2010228,10621.3574139,5087.85278074,10336.6055642,5335.67998615
2016-04-18,31347.8092218,15146.951376,4593.83841343,20709.3284313,10610.7903434,5086.96257806,10320.8271366,5361.27634315
2016-04-19,31446.6813779,15409.8747841,4664.25255715,20707.4635144,10593.4960492,5095.86227076,10482.1178043,5363.83583112
2016-04-20,31476.6486197,15413.9845184,4634.26237442,20657.064711,10539.7007355,5074.50207468,10428.6465034,5272.96514428
2016-04-21,31307.3489831,15323.6099843,4583.40864276,20629.0679339,10522.4083143,5068.27299001,10468.0922381,5178.89565149
2016-04-22,31307.3489831,15311.2807815,4566.45550639,20630.9290135,10510.8794092,5065.15611363,10333.9759377,5235.20881876
2016-04-25,31253.4236332,15245.5507326,4529.94629954,20608.5269871,10499.3514406,5059.37189689,10363.7799316,5278.72417687
2016-04-26,31299.8605531,15303.0634546,4583.40864276,20599.1908908,10477.2545284,5057.14428958,10404.9785276,5299.20303528
2016-04-27,31364.2843087,15327.7143645,4610.79221773,20660.8060566,10534.8943714,5087.85278074,10434.7825215,5296.00201332
2016-04-28,31079.6347247,15130.5220762,4563.84889864,20701.8668451,10571.4028833,5114.55185881,10632.0125323,5285.12289679
2016-04-29,30911.8360193,15081.2223979,4554.72259883,20700.0038469,10567.5630367,5112.32845276,10838.8849528,5236.48856275
2016-05-02,31157.5235914,15208.5813279,4542.98568366,20685.9709228,10536.8686145,5095.4160024,10802.9449409,5317.75913837
2016-05-03,30886.3661625,14953.8688219,4416.50192104,20723.3747858,10599.4047301,5097.6426761,10778.4008688,5326.07913627
2016-05-04,30714.0700721,14773.1079749,4353.91160818,20732.7319872,10618.6442345,5103.42735965,10712.6575318,5402.22851995
2016-05-05,30708.079869,14760.7819846,4353.91160818,20785.0897208,10647.5095785,5119.89354166,10700.3854958,5417.58766376
2016-05-06,30820.4495889,14793.6448674,4364.34204678,20753.2997949,10622.4943831,5102.09415627,10797.6856879,5477.09963699
2016-05-09,30845.9113326,14744.3505431,4297.84132134,20766.3887486,10642.6994683,5105.20776499,10575.911605,5537.25240555
2016-05-10,31229.4438901,14962.0786532,4383.90245883,20775.7382754,10640.7767354,5120.78467795,10604.8388337,5536.61124089
2016-05-11,30937.3031718,14855.2705361,4370.86374264,20775.7382754,10657.1316721,5119.89354166,10704.7686524,5418.22735108
2016-05-12,30946.2844199,14842.9520413,4363.03757403,20757.0392219,10628.2700742,5116.33646543,10620.6172613,5449.58274067
2016-05-13,30676.6171047,14678.6183526,4284.80093532,20796.3022459,10668.6774351,5128.79416796,10668.8286405,5400.95062264
2016-05-16,30979.2562286,14859.3759871,4334.35319993,20760.7748116,10630.1965533,5123.00948442,10676.7181887,5452.14407531
2016-05-17,30690.0984422,14773.1079749,4316.09625873,20732.7319872,10615.7606034,5126.56749426,10713.5342969,5351.03580594
2016-05-18,30699.0905078,14760.7819846,4282.19232377,20646.6983057,10530.1357714,5082.06622996,10527.699557,5267.20537302
2016-05-19,30592.7163998,14662.1858404,4230.03512124,20659.7738289,10540.71689,5079.84142349,10507.5386415,5208.33197911
2016-05-20,30785.9876664,14797.7588849,4276.9777724,20672.8723759,10547.4487966,5077.17128228,10493.5130753,5249.92642857
2016-05-23,30744.037314,14748.462419,4267.85013672,20669.1387048,10554.1900687,5079.84142349,10463.7097502,5250.56759323
2016-05-24,31142.5413227,14929.2179119,4318.70353442,20657.908912,10536.8686145,5074.94787623,10282.258167,5315.83896839
2016-05-25,31353.7940162,15077.1148052,4368.25579903,20661.6636881,10532.0622505,5078.95355485,10254.2077033,5315.83896839
2016-05-26,31362.7833774,15109.9787589,4396.94284486,20693.4459395,10564.7730604,5093.63886471,10219.1444565,5326.07913627
2016-05-27,31497.6265003,15089.4365124,4395.63803813,20689.7084312,10544.5679751,5086.96257806,10134.9930655,5354.87540723
2016-05-31,31437.6893123,15036.0303122,4407.37361743,20702.8012222,10557.0765094,5079.39702236,10173.562035,5354.23498123
2016-06-01,31502.1130678,15027.8161977,4403.46186899,20691.185783,10553.5073252,5071.65221243,10163.0435291,5358.71426984
2016-06-02,31597.9968833,15031.9237904,4438.66894084,20743.6547977,10586.2677722,5089.01326519,10139.3755533,5386.23042749
2016-06-03,31503.6031815,15151.0589687,4507.77894577,20856.0851116,10684.5463034,5121.95403175,10420.7569552,5407.98866054
2016-06-06,31663.9242745,15253.7712719,4545.59329331,20827.9732162,10656.6109514,5127.74058252,10424.2633468,5366.39384175
2016-06-07,31713.3522394,15368.7977867,4589.92766689,20846.7144798,10672.0246574,5141.54175821,10415.4977023,5399.02934466
2016-06-08,31816.7298936,15418.0942526,4627.7423484,20854.2106015,10684.5463034,5153.5597277,10569.7755869,5433.58575622
2016-06-09,31773.2840187,15225.0095569,4575.58347604,20869.2066822,10700.9284,5155.34153347,10628.5061408,5445.74350872
2016-06-10,31472.1539391,14814.1892555,4459.53215582,20897.3185776,10738.5045764,5155.34153347,10671.458267,5420.14715172
2016-06-13,31229.4438901,14600.5665965,4403.46186899,20914.1776565,10759.7033391,5148.66524682,10750.3504051,5421.42726504
2016-06-14,31168.0165883,14393.1631497,4390.72873205,20904.8051061,10756.8140887,5135.75520743,10761.7456761,5407.34786522
2016-06-15,31124.5653046,14488.9516537,4431.4195322,20949.7779991,10789.5707894,5159.79208003,10841.5145792,5458.5424259
2016-06-16,31217.4526664,14493.1138572,4420.91996255,20962.8938138,10801.1352834,5149.55311546,10727.5591943,5489.25775883
2016-06-17,31101.2021603,14630.5490247,4440.60961959,20947.9073263,10764.5228148,5136.64494329,10865.1818863,5480.29918161
2016-06-20,31301.4967034,14972.056377,4504.92687271,20889.8147813,10718.2685851,5121.95403175,10800.3153144,5487.97986152
2016-06-21,31390.3518336,15088.6591109,4539.05556707,20874.8206193,10694.1843183,5106.37431795,10592.5661289,5508.89896663
2016-06-22,31339.149795,15063.674111,4545.61934269,20887.9517831,10715.3821443,5120.17502682,10597.8260506,5500.50399384
2016-06-23,31747.2570594,15459.3222329,4658.5049954,20852.3284169,10664.318741,5121.95403175,10528.5763221,5528.26871359
2016-06-24,30607.2416282,14193.2542392,4394.66619591,20964.7664052,10811.7332599,5154.00552925,11044.8806081,5479.19745685
2016-06-27,30059.0717863,13918.3849751,4348.72510999,21049.1001728,10905.1941885,5169.1394415,11104.4879271,5483.07288358
2016-06-28,30601.2189725,14289.043814,4473.42415616,21075.3279649,10903.2677094,5186.9462958,10985.2732892,5598.64576864
2016-06-29,31122.2828074,14547.253556,4578.43454719,21060.3318842,10858.9483878,5183.83035304,11030.8550419,5666.44560767
2016-06-30,31546.9679251,14726.3364578,4624.37630105,21103.4341044,10883.0326546,5193.62444968,11086.079873,5725.19896787
2016-07-01,31613.2387726,14759.6533603,4658.5049954,21148.8732266,10911.7865495,5233.95198451,11256.1361852,5727.1368659
2016-07-05,31385.8247004,14468.1235033,4566.62015183,21205.1929493,10971.6132319,5242.44835517,11349.0532208,5790.41161885
2016-07-06,31574.0739322,14472.2867776,4566.62015183,21244.6133017,10973.5434572,5254.9704772,11415.672654,5765.2292858
2016-07-07,31554.4996251,14409.8141054,4546.93316651,21229.5903601,10959.0691088,5244.23622945,11372.7211966,5705.83106759
2016-07-08,32024.3506038,14609.7262283,4648.00375592,21261.5145907,10980.2931582,5255.86114668,11441.09416,5798.15951763
2016-07-11,32137.2990611,14809.6319264,4686.0692462,21205.1929493,10922.4013838,5230.37857001,11333.2741244,5836.90196622
2016-07-12,32370.722267,15017.8673856,4758.26476669,21141.3483253,10857.7542892,5212.93909352,11145.6871919,5836.25636954
2016-07-13,32366.2086558,15005.370067,4750.38716725,21171.3999645,10885.7383416,5224.11820921,11248.2473058,5868.53841935
2016-07-14,32546.9288918,15134.4744027,4816.02024798,21152.6126536,10840.3878807,5210.70495089,11161.4656195,5816.24065658
2016-07-15,32503.2531445,15059.5119075,4798.95590081,21075.6541335,10798.8988069,5204.89272568,11118.5128245,5818.17596927
2016-07-18,32590.6046391,15092.8309516,4840.95985684,21079.4031537,10796.0039372,5201.31744394,11136.0447823,5833.67287483
2016-07-19,32557.4651588,14972.056377,4798.95590081,21122.5859567,10824.9516975,5201.75997783,11150.9464448,5862.08282193
2016-07-20,32692.9978988,15080.3347038,4823.89584363,21103.8178322,10802.7536383,5192.37107046,10991.4093072,5862.72878794
2016-07-21,32569.5131745,15042.854527,4810.76896031,21122.5859567,10826.8772401,5194.60661351,11158.835993,5874.34915877
2016-07-22,32715.6011121,15051.1832173,4842.27134289,21126.3388141,10818.1963772,5190.13552741,11075.5606983,5926.00427955
2016-07-25,32626.7378688,15026.1960758,4802.89236276,21101.9375662,10809.5108316,5178.95827895,10998.4220904,5915.02913606
2016-07-26,32641.8093821,15096.9920843,4831.77077134,21101.9375662,10816.2652154,5187.90138478,11044.8806081,5885.97322295
2016-07-27,32607.1689705,15163.6280309,4838.334213,21163.9038428,10862.5793841,5208.01987183,11222.8257998,5840.12958026
2016-07-28,32644.813949,15163.6280309,4835.7092371,21162.0159023,10868.3728697,5215.176037,11190.3928483,5894.36597974
2016-07-29,32697.5196232,15338.5476583,4861.96099994,21218.3337063,10909.8610069,5226.79955381,11306.1004258,5969.26368887
2016-08-01,32670.4136161,15251.0846322,4843.58550068,21168.8654427,10871.9813889,5195.87212974,11327.1387751,5982.17857706
2016-08-02,32461.089146,15176.1189246,4817.33240197,21106.7993968,10845.8975922,5170.28638852,11419.1797144,5886.61881963
2016-08-03,32555.9588188,15117.8148806,4843.58550068,21129.3645075,10851.6957605,5185.10100416,11364.8309796,5852.39997979
2016-08-04,32590.6046391,15205.276836,4867.21328951,21168.8654427,10877.7823669,5206.64372212,11384.1157988,5828.50773209
2016-08-05,32857.1510991,15259.4165348,4921.02930315,21097.3884736,10810.1495573,5194.07725335,11180.7504387,5832.38389749
2016-08-08,32837.5822008,15309.3918885,4952.53268763,21110.5637661,10804.3467063,5197.66653932,11171.1080291,5842.7123363
2016-08-09,32857.1510991,15434.3361623,4985.34689023,21165.0972361,10842.9942936,5210.23580895,11216.6897818,5874.34915877
2016-08-10,32775.8411908,15488.4683655,4973.53349676,21189.5560433,10871.9813889,5211.58348337,11269.2843176,5867.89430002
2016-08-11,32927.9328535,15605.0818074,5031.28931202,21133.1327141,10819.8063032,5197.66653932,11191.2689446,5801.39008635
2016-08-12,32899.3286195,15563.4415687,5011.60065687,21183.911408,10858.4595098,5211.13348055,11167.6016375,5825.92497605
2016-08-15,32994.1955878,15630.0753737,5066.73016036,21146.2926575,10826.5700524,5197.66653932,11206.1706071,5820.11423663
2016-08-16,32824.027845,15592.5919845,5040.47839752,21133.1327141,10808.2137127,5190.48656695,11261.3954382,5750.38203959
2016-08-17,32885.7742637,15592.5919845,5022.10056049,21172.6240561,10825.5979156,5206.19605334,11264.0250646,5773.62351993
2016-08-18,32959.560585,15671.7156124,5062.7936984,21202.7313358,10844.9273286,5215.17276934,11317.4963655,5752.31550561
2016-08-19,32911.3658177,15555.1118077,5032.60313584,21155.6997434,10808.2137127,5206.64372212,11217.5665469,5715.51317106
2016-08-22,32909.8594777,15567.6005598,4969.59703481,21187.6776959,10832.3700938,5217.41811536,11200.9113542,5746.50698219
2016-08-23,32976.1195077,15634.2418604,4944.65675802,21193.3165753,10831.3970205,5224.60135539,11199.1584928,5749.73644291
2016-08-24,32807.4581049,15588.4276394,4959.09579532,21185.7935926,10827.5365699,5216.52184418,11074.6839332,5724.55300186
2016-08-25,32784.8765265,15538.4512148,4957.78163754,21163.2169701,10810.1495573,5213.82696215,11065.0421924,5750.38203959
2016-08-26,32723.1274035,15430.1696756,4918.40432724,21129.3645075,10768.5930521,5193.62631691,11049.2637648,5693.56362274
2016-08-29,32884.2625149,15488.4683655,4955.15833147,21187.6776959,10813.0434905,5212.47928773,11071.1782104,5749.73644291
2016-08-30,32830.0423876,15455.156817,4947.28173392,21176.3845881,10812.0779096,5207.99279697,10959.852452,5738.75908341
2016-08-31,32736.6817592,15401.0171182,4900.02782608,21172.6240561,10799.5169286,5208.88953495,10937.9380064,5744.56982283
2016-09-01,32738.1880992,15530.1214538,4926.28059082,21191.1024662,10816.452525,5213.30553772,10982.6436627,5730.36706529
2016-09-02,32885.7742637,15688.3794176,5001.09908342,21162.8274865,10788.3841832,5207.44756534,11094.8455175,5780.08133336
2016-09-06,32985.1575478,15838.3076204,5087.73163743,21208.0517211,10838.7011579,5232.22619569,11282.4337875,5824.63452137
2016-09-07,32982.1556852,15838.3076204,5081.1688637,21219.3505849,10844.5068185,5238.9832401,11243.8641492,5859.50006589
2016-09-08,32906.849502,15804.9928595,5070.66695628,21145.8705569,10791.2902915,5220.51118453,11184.2561615,5787.83181749
2016-09-09,32119.2310941,15471.8131267,4910.5287316,21053.5322284,10740.0086724,5184.47268072,11110.6239451,5558.61397337
2016-09-12,32580.0521459,15592.5919845,4951.21919778,21070.4949138,10749.6869589,5186.272692,11096.5983789,5624.47480637
2016-09-13,32111.7020984,15264.12913,4827.67099981,21012.0762003,10710.0194708,5163.30060823,11022.9661625,5483.26493751
2016-09-14,32099.6540827,15255.7608202,4844.94140426,21038.4689953,10734.2039483,5171.40672749,11060.6590358,5500.81829748
2016-09-15,32420.42067,15389.6559195,4921.99279621,21051.6462065,10737.1063104,5170.05671903,10989.6564459,5521.62475557
2016-09-16,32295.0996713,15201.3630583,4888.78184153,21066.7363005,10748.7138855,5178.61610876,10962.4820785,5524.22302366
2016-09-19,32301.1574839,15301.785989,4929.96557608,21049.7755337,10730.3378784,5172.30673313,10985.2732892,5574.28409681
2016-09-20,32302.6665283,15368.7356803,4931.29209062,21057.2985163,10746.7845968,5171.40672749,10995.7924639,5565.83224651
2016-09-21,32665.9243442,15661.6350917,5050.85506753,21110.0706759,10764.1978326,5195.73302098,11156.2056978,5637.34611309
2016-09-22,32871.7682764,15816.4536427,5073.4378755,21153.4088887,10796.1247519,5221.41399102,11182.5033001,5738.11865742
2016-09-23,32691.656526,15665.8154988,5007.01596613,21147.7527416,10800.9676413,5235.8294859,11189.5160832,5755.67127872
2016-09-26,32426.7813733,15527.7324968,4945.90779615,21174.1416993,10831.9271066,5238.08230085,11180.7504387,5769.32372788
2016-09-27,32628.0846504,15603.0569227,4997.71533586,21200.5095521,10850.3106061,5242.58746393,11099.2286741,5708.21290567
2016-09-28,32790.0391892,15741.1345708,5046.86851062,21206.1676178,10845.4798918,5248.89777318,11064.1654273,5755.0219887
2016-09-29,32493.3821552,15548.6602316,4963.17552887,21206.1676178,10852.2445776,5247.99403307,11051.0166262,5678.30530725
2016-09-30,32738.5748257,15653.2624987,4999.04619196,21183.5526226,10825.1624208,5247.99403307,11013.3237529,5639.29878451
2016-10-03,32659.8611228,15623.9782328,5032.25714665,21159.5869056,10799.9636619,5243.03746675,10985.2732892,5533.97714736
2016-10-04,32493.3821552,15577.9466391,4981.77612148,21087.8547575,10750.5523291,5217.35976437,10603.9620686,5458.55830728
2016-10-05,32637.1632562,15661.6350917,5057.49765923,21059.5337305,10726.3331994,5208.79897422,10587.3068759,5348.03607127
2016-10-06,32659.8611228,15577.9466391,5057.49765923,21059.5337305,10704.0499143,5211.50365921,10489.1305874,5349.98504934
2016-10-07,32547.8591988,15477.5269208,5040.22692082,21063.3115302,10719.5507192,5210.15178352,10496.1427018,5340.88317034
2016-10-10,32717.3968209,15540.2876386,5074.76739574,21053.8679902,10691.454281,5202.94146864,10532.9594787,5374.03943488
2016-10-11,32304.1755727,15314.3389892,4980.44660124,21021.7749193,10688.5472362,5198.88817561,10479.4881778,5322.03049166
2016-10-12,32346.5586261,15293.4198207,4975.13352979,21029.3362747,10688.5472362,5197.08723071,10496.1427018,5383.14352988
2016-10-13,32240.6091058,15251.5772006,4944.57760798,21059.5337305,10710.8323944,5205.19615081,10521.563539,5425.40093474
2016-10-14,32257.257273,15264.12913,4957.86245741,21023.6724531,10677.8837013,5200.2405181,10462.8329851,5401.34765721
2016-10-17,32145.2661665,15239.0220589,4948.56249507,21059.5337305,10701.1428695,5223.66773958,10490.8834488,5413.04817363
2016-10-18,32346.5586261,15402.2057073,5036.24103183,21093.5109046,10722.4521447,5226.82102697,10555.7500207,5447.50745022
2016-10-19,32432.8364815,15456.6023984,5062.81173259,21104.8500598,10727.30159,5234.02994143,10616.2341047,5459.20944397
2016-10-20,32372.2908078,15456.6023984,5056.17081072,21097.2944603,10717.6148746,5225.9191541,10583.8004844,5446.85816019
2016-10-21,32387.432635,15423.134513,5057.49765923,21110.500451,10729.236498,5231.77385883,10591.6900326,5426.70136146
2016-10-24,32525.1613321,15402.2057073,5082.73917371,21078.4035429,10714.7022105,5223.66773958,10568.0220568,5439.05523057
2016-10-25,32416.1856099,15389.6559195,5078.75194886,21078.4035429,10712.7673025,5231.77385883,10647.7909599,5429.30369222
2016-10-26,32351.1019855,15314.3389892,5041.55577312,21036.8765251,10689.5156268,5226.36869011,10588.183641,5358.43653031
2016-10-27,32264.8295388,15297.6012987,5003.03074508,20984.0199454,10652.6933714,5203.84427512,10607.4684602,5218.00669589
2016-10-28,32169.4703732,15289.2287056,4975.13352979,20984.0199454,10654.6338987,5209.70038028,10657.4333695,5230.36019567
2016-10-31,32170.9767132,15276.6810594,5014.9857403,21010.4434387,10663.351287,5219.61117889,10688.9902248,5315.53020476
2016-11-01,31937.8942593,15234.8373685,4977.78789473,20999.1062021,10663.742764,5220.06211533,10758.2399533,5199.80441523
2016-11-02,31745.6722923,15121.8635792,4920.66561374,21023.6916394,10695.7642746,5222.31446346,10838.0081877,5123.73923981
2016-11-03,31600.3740339,15113.4941986,4908.70961662,20995.3207278,10688.9686828,5207.44756534,10895.8626452,5084.0797337
2016-11-04,31565.5578376,14987.9652675,4856.89907121,21038.8181876,10721.9539012,5220.96258777,10903.7515246,5124.38852983
2016-11-07,32261.8006325,15192.9936776,5021.6293339,21014.2327503,10677.3255188,5218.26023682,10707.3982789,5214.10578508
2016-11-08,32407.1042998,15230.6526782,5045.54266401,20980.1903424,10639.4899185,5209.25177788,10662.6926225,5241.41363807
2016-11-09,32750.6877465,15205.5477486,4912.6935018,20785.3851912,10477.4596324,5170.503921,10655.6798394,5162.09647253
2016-11-10,32832.4195381,15155.3389603,4770.54771692,20700.2820495,10414.3981134,5161.49639568,10497.0194669,5075.6289914
2016-11-11,32756.737446,15033.9990027,4682.86817825,20662.45033,10393.0495031,5147.07856676,10264.7262092,5106.18514117
2016-11-14,32782.4750365,14967.0482407,4660.28470235,20579.2428034,10332.8978385,5107.43490551,10177.9451917,5227.11042156
2016-11-15,33038.2661747,15059.0985783,4747.96390705,20594.3712702,10332.8978385,5110.58912651,10266.4797394,5183.55037397
2016-11-16,32976.2060478,14921.016647,4709.43787711,20639.7566706,10342.6014118,5121.39993076,10235.7989804,5168.5974981
2016-11-17,33145.7247393,15021.4438609,4710.76672941,20562.2129656,10296.9971463,5112.84100784,10183.2044446,5115.93520219
2016-11-18,33071.5598047,14887.5487616,4700.13824873,20496.0141718,10251.394754,5105.18115694,10093.7938006,5130.88992473
2016-11-21,33321.3012434,15017.2559582,4746.63338491,20513.042091,10260.1327463,5117.34570412,10131.4866739,5115.28702017
2016-11-22,33386.3875722,15063.2800562,4798.44493221,20531.9521948,10269.8278906,5121.84946677,10127.9802823,5205.00649142
2016-11-23,33404.5474882,15008.8908607,4751.94879413,20460.0895793,10232.9644271,5104.73162093,9927.24387993,5182.90034528
2016-11-25,33528.6677419,15038.1794099,4777.18897275,20458.1882083,10224.2339272,5096.1717644,9871.14295257,5212.80535836
2016-11-28,33371.2511538,14983.7827188,4801.10297079,20530.0642543,10270.7981543,5103.83488295,9975.45592787,5236.86269858
2016-11-29,33436.3401869,15067.467959,4803.75933954,20552.7636697,10281.4729277,5108.78911523,9928.99674132,5286.92266372
2016-11-30,33356.1147353,15046.5455781,4811.72811181,20471.4344904,10212.5916998,5111.48866534,9795.75720603,5226.46113153
2016-12-01,33233.5116392,15008.8908607,4757.26219956,20403.9713137,10173.6266227,5096.77067894,9777.34915193,5149.74481942
2016-12-02,33250.1679195,15050.7313392,4751.94879413,20468.3953666,10219.2955099,5099.48003201,9829.94368774,5201.10558061
2016-12-05,33449.9594478,15167.8887481,4783.83189841,20485.4501467,10215.4078994,5106.70341752,9777.34915193,5239.46281334
2016-12-06,33555.9008549,15272.4974399,4803.75933954,20481.6589165,10219.2955099,5116.63428887,9767.70674234,5273.2705839
2016-12-07,33994.8434673,15473.3422305,4875.49766003,20534.7169533,10253.2996925,5121.15205577,9802.76998914,5378.59222105
2016-12-08,34078.0897121,15485.8963015,4898.07980007,20496.8123256,10214.4320165,5116.18568647,9779.97877841,5415.64939639
2016-12-09,34283.9309399,15531.9203995,4875.49766003,20434.2858064,10161.9694105,5092.70758294,9677.41933327,5409.79803018
2016-12-12,34244.584906,15481.7062572,4835.64110795,20415.3526789,10163.9099378,5091.80477645,9714.23544145,5445.55736415
2016-12-13,34473.1267048,15644.893118,4884.79495064,20441.8701855,10169.7390122,5089.99869667,9681.80182113,5442.95614138
2016-12-14,34188.5717742,15389.6559195,4743.9776841,20330.0730224,10085.2155606,5049.8163391,9539.79664133,5323.98057773
2016-12-15,34329.3428995,15364.5499191,4765.23397753,20305.4357819,10057.0357696,5018.21251038,9409.18606373,5292.77439927
2016-12-16,34262.1931283,15368.7356803,4736.00657406,20318.7012504,10069.6688647,5015.5031573,9471.4236779,5372.09008748
2016-12-19,34336.8015813,15356.1837509,4704.12346978,20371.7669618,10116.3033329,5036.27144095,9518.75829198,5429.95298224
2016-12-20,34469.2567361,15389.6559195,4712.13265199,20352.8108106,10094.933182,5041.23967748,9448.63246717,5442.30574336
2016-12-21,34373.3323549,15389.6559195,4697.44814938,20396.3926905,10111.4454587,5053.87896829,9453.89172011,5359.73954237
2016-12-22,34313.9739043,15347.4663599,4653.39931708,20396.2085012,10107.065224,5069.6836835,9431.10050938,5350.77690247
2016-12-23,34364.2131834,15381.2147952,4676.09166603,20401.8972651,10116.7997033,5075.55145885,9460.90450323,5364.71706319
2016-12-27,34449.4660786,15360.1232278,4698.78501688,20386.7112392,10102.2045402,5073.29444263,9516.12866551,5376.00097032
2016-12-28,34164.7597027,15330.5916068,4728.1520183,20419.0038485,10139.1794529,5086.38513669,9542.4262678,5343.47515974
2016-12-29,34157.15228,15385.4358928,4801.57085772,20481.6704283,10170.3206085,5092.70758294,9667.77692368,5409.85343035
2016-12-30,34032.3045479,15414.9685845,4776.20677757,20523.4583809,10200.4915004,5109.41230379,9608.16960475,5478.22278315
2017-01-03,34292.6471586,15511.997076,4828.26712984,20544.3370081,10195.6242607,5114.37820627,9683.5553513,5496.14695494
2017-01-04,34496.6629295,15701.8351031,4872.31863387,20550.0449585,10207.2964577,5125.66795543,9717.74183301,5576.46427826
2017-01-05,34469.2567361,15841.0478002,4923.0454583,20635.5107229,10273.4710621,5143.27314872,9868.51332609,5594.38697272
2017-01-06,34592.5927195,15777.7752396,4903.02083296,20567.1342741,10226.7635432,5122.05206141,9795.75720603,5595.04955878
2017-01-09,34478.3975427,15739.8057067,4895.01098282,20601.3186612,10265.6864756,5130.18012063,9876.40220552,5544.60290043
2017-01-10,34478.3975427,15756.6729642,4921.70892477,20595.62606,10260.8220456,5134.24368344,9918.47823543,5497.47323507
2017-01-11,34575.8417858,15866.3679608,4964.42623303,20620.3093479,10272.4942426,5150.49886827,9949.15832558,5463.62225237
2017-01-12,34489.0555068,15879.0205455,4976.43967238,20627.9071575,10278.3373652,5155.01150028,9985.09833746,5491.49888047
2017-01-13,34568.2208412,15938.0795041,4971.10021757,20591.8290738,10255.9585521,5145.98343541,10011.395271,5483.53492102
2017-01-17,34446.4236504,15895.8942277,4965.76109673,20662.0973005,10307.5342472,5162.2358194,10155.1539809,5526.01614258
2017-01-18,34522.5411478,15824.1773304,4947.07333889,20572.8364686,10234.553749,5136.9525697,10069.2497285,5535.31303018
2017-01-19,34394.661805,15794.6499926,4933.72336601,20519.6575575,10195.6242607,5132.89227455,10060.4834152,5478.88610788
2017-01-20,34521.0293991,15870.5826335,4941.73254822,20527.2515298,10200.4915004,5133.79181338,10085.0281561,5518.71329185
2017-01-23,34431.1952831,15904.329998,5009.81159887,20584.2235897,10254.0105324,5154.56289788,10149.894728,5565.18000181
2017-01-24,34651.9673963,15971.830081,5045.85392069,20551.9328991,10215.0885366,5145.98343541,10104.3123065,5566.50665127
2017-01-25,34951.8940265,16127.9207436,5089.90509076,20496.8794779,10164.479359,5129.27871457,10021.0376806,5529.99867631
2017-01-26,34915.3470266,16077.2996969,5068.54693757,20510.152621,10178.107068,5136.9525697,9928.12064502,5519.37957125
2017-01-27,34860.5535705,16039.3290932,5073.88405461,20527.2515298,10190.7560845,5145.53109856,9948.2815605,5465.61111856
2017-01-30,34644.3464517,15925.4258486,5048.52197826,20517.7523492,10187.8378011,5144.17688883,9990.35759041,5428.43981887
2017-01-31,34641.3067279,15980.2669221,5051.1943774,20567.1342741,10222.873123,5155.01150028,10128.8570474,5467.60441677
2017-02-01,34655.0071202,16035.1047832,5061.8712832,20538.2203877,10203.2767939,5144.17688883,10098.1762885,5401.88762422
2017-02-02,34677.8320928,16060.4195898,5079.22484528,20549.6324512,10207.1765796,5144.62875888,10154.2772159,5466.27518196
2017-02-03,34916.8750016,16127.9207436,5111.26290997,20555.3288897,10214.9742777,5139.21098634,10179.6980531,5496.14695494
2017-02-06,34854.4524878,16009.8006847,5099.25013856,20614.3347067,10263.7084863,5151.85074396,10317.320745,5486.85302201
2017-02-07,34855.9804628,15997.1395336,5080.56037692,20635.2670558,10282.2268488,5149.59372774,10296.2830644,5467.60441677
2017-02-08,34901.6547474,16022.4586234,5120.60728985,20694.261361,10324.1345595,5161.78581658,10360.27354,5510.74933239
2017-02-09,35108.7102421,16081.5132988,5147.3072356,20644.7911787,10262.7297937,5151.85074396,10281.3814019,5524.02506038
2017-02-10,35247.2529578,16140.5786823,5194.0257953,20640.9826807,10255.9098516,5155.91524038,10308.5551005,5563.19002761
2017-02-13,35439.093607,16199.6333577,5214.04975271,20610.5281274,10240.317265,5147.78811477,10238.4292757,5565.18000181
2017-02-14,35580.6787509,16191.1975874,5222.05693112,20564.8606872,10203.2767939,5135.6002272,10249.8245467,5535.9741389
2017-02-15,35766.4237261,16250.2640417,5260.76998225,20532.5028441,10183.7900409,5142.36987543,10295.4062994,5517.38590371
2017-02-16,35735.9778089,16284.0092646,5246.0858136,20576.270832,10224.7218687,5142.36987543,10350.6311304,5549.91393029
2017-02-17,35792.3100576,16229.1703327,5228.73191756,20621.9344349,10252.0063198,5154.1091606,10315.5678836,5560.53340468
2017-02-21,36005.4558175,16300.881876,5271.44788995,20620.0369012,10247.1381436,5153.65869097,10321.7039017,5631.55864175
2017-02-22,35973.4846296,16288.2292913,5284.79752886,20633.3637661,10263.7084863,5163.14002631,10335.7294679,5612.97114523
2017-02-23,35997.8402816,16317.7566291,5287.46759023,20667.6191429,10290.9957471,5175.32838069,10426.016877,5642.17848547
2017-02-24,36043.519975,16178.5407195,5231.40197892,20743.7526483,10338.7484535,5190.22655495,10492.6363102,5668.72920278
2017-02-27,36099.8441105,16186.9764899,5210.04349178,20705.6830177,10301.7182845,5176.23212079,10441.7953046,5698.60208376
2017-02-28,36002.4106849,16149.0155234,5164.65712404,20699.9769859,10296.8463621,5176.23212079,10451.4377142,5659.43933253
2017-03-01,36506.3557903,16305.1093984,5247.42000937,20602.7288607,10225.1161554,5145.0787617,10436.5353829,5642.17848547
2017-03-02,36276.4563924,16203.8544553,5153.9795503,20564.5671354,10195.8368571,5128.82544409,10306.8022391,5611.64449576
2017-03-03,36299.2894781,16284.0092646,5198.0303864,20579.8375815,10205.5900673,5140.56379565,10300.6662211,5589.74111426
2017-03-06,36191.2062015,16229.1703327,5206.03923464,20570.2981095,10203.6429842,5135.14742354,10231.4164926,5564.51593841
2017-03-07,36083.0904724,16186.9764899,5212.71288521,20543.6079254,10189.0009937,5126.11702463,10149.0179629,5537.96337443
2017-03-08,36016.116486,16102.6037954,5160.65219898,20494.0226248,10154.8385345,5103.99313083,10085.9042524,5435.7426696
2017-03-09,36061.7826574,16170.1070908,5116.60169684,20431.0816796,10126.5379288,5090.44776588,10034.1864817,5354.09574213
2017-03-10,36188.1556602,16296.6661325,5159.31967304,20461.605304,10148.0101634,5099.93376929,10056.1009274,5337.50191315
2017-03-13,36206.4264558,16372.6051982,5224.72699249,20427.2808562,10122.6315873,5088.19355051,10057.8537888,5350.77690247
2017-03-14,36067.8729226,16250.2640417,5195.3596571,20434.9074453,10133.3691095,5084.58045733,10003.5063916,5349.44951434
2017-03-15,36379.9990138,16503.382125,5316.83492562,20553.1378042,10222.179141,5130.63245749,10190.2172277,5457.64531244
2017-03-16,36308.4275802,16570.8736416,5352.87490968,20530.2465249,10193.8766623,5127.02076474,10232.2932577,5447.02620738
2017-03-17,36244.6772155,16596.1916605,5347.53846057,20574.1162006,10221.2070043,5138.30724624,10255.0837996,5472.24990589
2017-03-20,36204.9065938,16587.756961,5399.59948078,20604.612964,10245.6078243,5145.98343541,10300.6662211,5467.60441677
2017-03-21,35740.0614237,16490.7241863,5334.18815373,20646.5755128,10279.7627911,5149.59372774,10390.9536302,5443.70552105
2017-03-22,35824.1595484,16511.8178953,5359.72990401,20675.1920102,10299.2860695,5158.1722566,10416.3744674,5440.69839969
2017-03-23,35785.9385368,16558.2253401,5362.403639,20680.9018792,10288.5438646,5152.30308082,10402.3489011,5480.81735789
2017-03-24,35759.9386214,16600.5733782,5377.11352306,20663.7473299,10294.4104009,5167.2026555,10419.0040938,5474.79794449
2017-03-27,35723.2374718,16638.6821152,5361.06610357,20713.3307118,10319.7768019,5177.13446047,10477.7346477,5425.31857315
2017-03-28,35983.1906517,16714.911368,5374.43811823,20665.6467822,10284.6450156,5159.9797368,10434.7825215,5448.72256066
2017-03-29,36016.8223293,16731.8525107,5382.46366479,20711.4082358,10313.9215042,5173.52416814,10460.2033587,5479.47999773
2017-03-30,36131.5124077,16668.3293827,5351.70602728,20673.27529,10284.6450156,5160.88160967,10384.8176121,5489.50816761
2017-03-31,36047.4061699,16642.9214164,5311.58697761,20688.530387,10305.1423038,5176.23212079,10406.7320578,5522.27182959
2017-04-03,35984.7159224,16625.9813445,5353.04289478,20765.3469278,10355.8713595,5188.66508251,10461.9562201,5538.31830487
2017-04-04,36007.6571833,16617.5134502,5365.077374,20746.2392042,10341.2059553,5182.787971,10485.6241959,5538.31830487
2017-04-05,35900.6232065,16528.5748602,5355.71796564,20769.1669376,10360.7592032,5192.73284658,10485.6241959,5546.34246584
2017-04-06,36001.5344656,16541.2852682,5346.35655348,20767.2598106,10353.9149109,5190.02162628,10447.0545575,5575.76512809
2017-04-07,35964.8414291,16520.1069659,5345.01868408,20721.3985879,10322.6388924,5169.68000505,10471.5986297,5583.78707306
2017-04-10,35986.2438975,16520.1069659,5319.61085434,20748.1482498,10341.2059553,5172.38842451,10471.5986297,5618.5543746
2017-04-11,35943.433552,16587.8651119,5324.9636678,20807.3823848,10389.1028901,5182.33423371,10623.2468878,5657.33560331
2017-04-12,35785.9385368,16575.1632704,5343.68181658,20853.2416889,10421.353855,5201.7758493,10696.0023391,5647.30669476
2017-04-13,35553.4970211,16469.2921042,5315.59858201,20879.9971067,10452.6354927,5209.46324187,10746.8440135,5634.60084988
2017-04-17,35868.505982,16604.8051838,5361.06610357,20868.5255654,10436.015513,5197.25294752,10715.2871583,5702.8043715
2017-04-18,35761.4665964,16507.407266,5298.21629882,20952.6118286,10495.6427107,5208.55670092,10766.1288327,5718.18124336
2017-04-19,35695.71499,16431.1801548,5259.43344871,20920.13503,10468.2720971,5199.06182815,10670.5821707,5710.15929839
2017-04-20,35986.2438975,16579.3961468,5314.2637183,20887.6371263,10444.8143809,5193.63705349,10690.7430862,5710.82742447
2017-04-21,35871.553819,16587.8651119,5308.91457847,20893.3738563,10449.7022246,5186.40479864,10721.4231763,5690.09889596
2017-04-24,36266.0742751,16952.0584543,5370.42751573,20862.8099405,10428.1981473,5185.04825487,10648.667725,5627.248139
2017-04-25,36477.0916874,17062.1678509,5409.20736014,20794.0133098,10374.4412321,5176.45898943,10540.8483582,5650.65101851
2017-04-26,36454.1585396,16998.6490061,5389.14833625,20820.761053,10401.8099725,5187.30853874,10592.5661289,5608.52435805
2017-04-27,36484.7423802,17024.0516183,5371.7627134,20839.8706953,10408.6486456,5191.82957329,10553.1203942,5593.81635094
2017-04-28,36405.2281808,17011.3476352,5394.49881195,20876.1694223,10419.3974063,5199.51416501,10586.4301109,5535.64543121
2017-05-01,36496.9634763,17057.9339037,5415.89336747,20822.3688723,10396.8809207,5182.02147242,10490.0066837,5568.40761585
2017-05-02,36510.7314782,17159.570052,5442.63873265,20851.0928135,10418.4224599,5182.02147242,10488.2538224,5559.04572538
2017-05-03,36466.3850445,17104.5191015,5403.85922221,20830.0184851,10396.8809207,5170.69017735,10341.8654859,5484.82943838
2017-05-04,36509.2062075,17227.3303396,5346.35655348,20812.7852716,10373.3913618,5151.20281459,10237.5525106,5458.08223513
2017-05-05,36652.9494471,17400.9564395,5377.11352306,20816.6206305,10375.348747,5155.28178206,10256.8373298,5509.56857005
2017-05-08,36646.8294337,17320.4975227,5343.68181658,20776.3925312,10349.9018029,5135.33788116,10234.046119,5470.78808001
2017-05-09,36613.1869386,17290.8523969,5403.85922221,20778.3226819,10338.1565552,5130.80797726,10172.6859387,5441.36726444
2017-05-10,36678.9412494,17316.2571507,5446.65133894,20784.0613304,10334.2371021,5132.62105916,10171.8091737,5484.1602043
2017-05-11,36604.0163839,17282.3780777,5443.97760395,20782.1484476,10342.0703891,5148.03132169,10212.1316734,5456.74709097
2017-05-12,36542.8459982,17358.6084013,5473.39803999,20858.7539381,10394.9300914,5156.1878562,10241.0589022,5434.67972496
2017-05-15,36744.6955602,17460.2466911,5524.21303156,20851.0928135,10388.0792432,5142.58880834,10268.2326008,5450.72841624
2017-05-16,36711.0503607,17549.174573,5529.56050155,20877.8961972,10401.7809396,5146.21637256,10312.9382571,5413.95378178
2017-05-17,36059.6407879,17337.4322406,5446.65133894,20985.1442677,10484.9885413,5176.12802263,10500.5258584,5436.01560778
2017-05-18,36204.9065938,17371.3102428,5346.35655348,20973.6439469,10482.051527,5184.28642437,10414.6209372,5466.10602677
2017-05-19,36440.3986509,17570.3507337,5441.30119722,20973.6439469,10479.1098299,5193.35043344,10466.3393767,5495.52758101
2017-05-22,36625.4188522,17616.9305775,5439.96366178,20960.2576041,10467.3683284,5185.19296532,10510.168268,5516.92238894
2017-05-23,36706.4664355,17599.9958596,5437.29026075,20920.0295048,10439.9611895,5177.48830086,10443.548166,5521.60259551
2017-05-24,36792.0925353,17638.107809,5456.01041334,20956.4241638,10461.4942997,5180.66399503,10484.7474308,5566.40102161
2017-05-25,36967.9421818,17633.8706494,5484.09398189,20965.9866595,10467.3683284,5172.50419287,10473.3521598,5567.07025569
2017-05-26,36960.2968977,17587.2875932,5497.46733241,20958.3389653,10474.2191766,5184.73876123,10566.2691954,5526.95166682
2017-05-30,36928.1877864,17557.649963,5488.10759008,20998.5478782,10500.649496,5196.07145671,10531.2059486,5492.1814106
2017-05-31,36919.0145273,17591.5247528,5447.98753851,21019.6241252,10505.5438955,5197.42986771,10573.2819785,5495.52758101
2017-06-01,37212.6020892,17710.095619,5488.10759008,21010.0194195,10500.0538515,5195.06828653,10582.047623,5524.27842383
2017-06-02,37336.4627224,17879.4931256,5505.49187707,21079.1000088,10546.1366929,5215.96307512,10660.062996,5581.11013672
2017-06-05,37308.9321275,17803.257448,5505.49187707,21046.4793122,10528.4865104,5202.33415155,10670.5821707,5557.04208581
2017-06-06,37189.6635327,17760.9158347,5509.5021456,21088.7027958,10561.8182516,5208.24020516,10790.6729048,5530.29599056
2017-06-07,37258.4683848,17748.215064,5505.49187707,21063.7566544,10542.2078743,5195.97576109,10733.6952124,5569.07611127
2017-06-08,37276.8203118,17722.8006729,5516.19015673,21042.6362788,10525.5391941,5190.52624562,10663.5693876,5555.70177097
2017-06-09,37220.2500777,17659.2775448,5478.74517602,21025.372367,10515.7410295,5185.98373791,10566.2691954,5594.48558502
2017-06-12,37212.6020892,17604.2298067,5458.6844823,21025.372367,10513.7770885,5175.08190611,10550.4907678,5644.6316051
2017-06-13,37394.5663404,17756.6883123,5484.09398189,21031.1340393,10517.7002878,5183.71178384,10561.0099424,5657.33560331
2017-06-14,37347.1639566,17735.51001,5480.08371335,21098.2863966,10572.6063474,5184.6192584,10503.1554849,5665.35828695
2017-06-15,37275.3004499,17544.9363427,5431.94112092,21084.8674369,10553.9746626,5159.1824289,10459.3265936,5694.11171511
2017-06-16,37283.4352269,17701.6266538,5449.32473998,21098.2863966,10559.8608664,5163.72773746,10461.079455,5679.40186133
2017-06-19,37593.8224013,17765.1519235,5485.43218525,21069.5087335,10530.4448322,5157.82028344,10381.3112206,5680.06924874
2017-06-20,37340.289421,17604.2298067,5419.90697566,21102.1409419,10556.9144866,5163.27166614,10359.3967749,5666.69860179
2017-06-21,37331.0701874,17587.9472067,5440.49433439,21105.9667076,10555.9339209,5171.44733977,10389.2001,5655.3304864
2017-06-22,37314.1678084,17622.2203344,5460.67993154,21115.573332,10565.741451,5188.25429155,10424.2633468,5660.68029639
2017-06-23,37358.7278882,17660.7841619,5480.86519473,21119.397179,10568.6822115,5192.34259518,10468.9690032,5680.32224286
2017-06-26,37383.3107082,17695.0583604,5538.72787923,21138.5969973,10577.5016834,5200.517802,10375.1752025,5720.82235425
2017-06-27,37082.1454717,17690.7783688,5480.86519473,21075.2646498,10525.5391941,5175.98844706,10414.6209372,5669.52179458
2017-06-28,37414.0432897,17849.3008205,5513.15874371,21082.9449609,10515.7410295,5180.07908473,10422.5104854,5683.02355527
2017-06-29,37085.2257612,17669.3537823,5451.2587394,21042.6362788,10476.5268307,5159.63803342,10371.668811,5618.22160424
2017-06-30,37154.3605478,17703.6290517,5494.32270479,21015.7753358,10452.0183076,5152.36890073,10345.3712087,5618.22160424
2017-07-03,37217.3672079,17669.3537823,5519.88950254,20978.2832155,10413.6226517,5142.89736836,10176.1916615,5689.77351228
2017-07-05,37303.415191,17677.9255444,5510.4673085,20989.8219091,10421.4802889,5150.63891064,10213.8845348,5609.44621692
2017-07-06,36962.295435,17570.8079658,5449.91285481,20949.4345628,10401.8464979,5137.43198142,10209.5020469,5504.14119982
2017-07-07,37201.9982128,17600.8021727,5464.71825325,20941.7408213,10385.1506578,5121.49282554,10105.1890716,5535.19410448
2017-07-10,37241.9500279,17630.7963797,5503.7392214,20951.3570388,10398.8991816,5119.21993785,10121.8442643,5484.56684156
2017-07-11,37214.2950315,17686.4930232,5542.76419715,20970.5952299,10412.6383398,5135.60909655,10134.9930655,5478.49128932
2017-07-12,37493.94692,17845.0186873,5647.72649701,21034.040777,10443.078021,5150.63891064,10170.9324086,5545.99381409
2017-07-13,37556.9508757,17896.4364099,5663.87377246,21010.9768203,10432.2814963,5148.81789301,10152.5243545,5554.76883207
2017-07-14,37732.1136096,18024.9667962,5721.73679093,21032.1278942,10447.0068396,5148.36462253,10235.7989804,5608.09629939
2017-07-17,37727.5107537,17994.9736601,5692.13066956,21041.7383558,10459.7701149,5158.83792467,10281.3814019,5653.32315349
2017-07-18,37747.4826047,18033.5353459,5701.55119378,21089.8079318,10498.0655602,5173.40746616,10353.2607569,5641.172049
2017-07-19,37951.8472407,18119.2294088,5756.723111,21095.5791972,10498.0655602,5177.50977402,10350.6311304,5683.69685203
2017-07-20,37968.7469153,18179.2135395,5744.61215346,21101.3581372,10501.0081939,5164.75611528,10364.6560279,5657.37216743
2017-07-21,37934.9448617,18132.083304,5732.50186387,21137.8890196,10519.6661019,5172.49812437,10454.0673406,5653.32315349
2017-07-24,37925.7229238,18097.8091054,5754.03334561,21118.6565845,10512.7890304,5172.49812437,10458.4498285,5642.52381321
2017-07-25,38017.9260772,18110.6587175,5744.61215346,21043.6723437,10453.8848477,5152.46272912,10424.2633468,5649.94706698
2017-07-26,38019.459461,18226.3394917,5786.32923236,21084.0462595,10487.2615432,5167.49020917,10508.4147378,5689.09836884
2017-07-27,37984.1159105,18157.7953778,5756.723111,21053.2751308,10470.5713223,5163.8481739,10500.5258584,5695.84906452
2017-07-28,37939.550422,18174.9281939,5778.25325687,21095.5791972,10488.2421089,5176.14109325,10579.4179965,5680.32224286
2017-07-31,37918.0343696,18213.4813133,5787.67378109,21085.961061,10491.1912983,5176.14109325,10584.6772495,5687.74845131
2017-08-01,38002.5516733,18316.3081922,5811.89569615,21143.7811593,10517.2488717,5180.56689899,10575.911605,5713.39799248
2017-08-02,38020.9982536,18307.7396426,5825.35253827,21128.3725713,10507.4169914,5177.82860382,10553.9971593,5661.4215507
2017-08-03,37947.2443849,18282.0404185,5803.82172446,21170.7591392,10543.8018789,5191.97475055,10570.6516832,5649.94706698
2017-08-04,38016.3872846,18307.7396426,5818.62578704,21136.0778246,10515.2858672,5184.67574216,10488.2538224,5668.84738981
2017-08-07,38087.0662726,18320.5978211,5864.37651212,21134.147674,10521.1879923,5190.60513616,10475.9817863,5662.77257624
2017-08-08,37993.3378484,18226.3394917,5856.30254043,21114.8845406,10512.3310585,5194.25604077,10506.6618764,5635.77016286
2017-08-09,37991.7990559,18179.2135395,5824.00798954,21134.147674,10525.1205571,5203.83773981,10633.7653937,5616.8705787
2017-08-10,37455.5366019,17917.8513593,5689.44090418,21155.3428766,10564.4490148,5217.07034347,10712.6575318,5576.37046731
2017-08-11,37510.8547078,17913.5713676,5706.93406421,21172.6835339,10576.2551381,5213.87644379,10763.4992062,5541.94221481
2017-08-14,37882.7016366,18037.8228331,5756.723111,21163.0481299,10550.6855063,5193.34483175,10687.2366946,5634.42209199
2017-08-15,37878.0852588,18020.6835922,5752.68812895,21132.2213606,10519.2165589,5177.82860382,10604.8388337,5617.5453528
2017-08-16,37944.1667997,18132.083304,5822.66076909,21170.7591392,10538.8840657,5186.95609877,10682.8542067,5639.82287014
2017-08-17,37352.5916485,17926.4231213,5748.64980724,21201.6012576,10576.2551381,5199.73076387,10737.2016039,5604.71947421
2017-08-18,37294.1905487,17977.8451272,5790.36488234,21188.1055524,10578.2134599,5200.64524056,10720.54708,5548.01702839
2017-08-21,37323.387042,17982.1197648,5805.16894492,21203.5160591,10585.1027065,5202.46952585,10760.8695798,5607.41967861
2017-08-22,37713.6778468,18072.0991733,5856.30254043,21184.2471698,10564.4490148,5196.08079287,10712.6575318,5591.22066819
2017-08-23,37578.4588149,18080.6698646,5884.5627772,21232.4318641,10600.8432678,5210.22413875,10752.9800316,5648.59751878
2017-08-24,37490.8747436,18059.2474196,5898.01828346,21205.4519656,10584.1202677,5196.99293552,10719.6703149,5631.04711349
2017-08-25,37578.4588149,18166.3575026,5947.80666231,21220.8701468,10601.8210238,5205.66109149,10759.1160496,5658.0476802
2017-08-28,37579.98679,18166.3575026,5946.46278152,21228.5754002,10611.6575868,5209.76946785,10930.0491269,5614.84810307
2017-08-29,37623.0215991,18089.2362726,5934.35048812,21259.4040881,10636.2457165,5217.9815525,10906.3811511,5608.76885748
2017-08-30,37801.2673269,18063.5284821,5941.07857521,21255.5514614,10627.3887826,5216.61193811,10901.1218982,5640.49653623
2017-08-31,38028.6759902,18217.7773669,5961.26350443,21284.4480801,10644.1052268,5229.84500857,11029.1021805,5672.89825042
2017-09-01,38082.4553036,18252.0494239,6004.32379619,21236.177047,10612.7898733,5217.82097058,11050.1398611,5692.47408602
2017-09-05,37808.9450635,18119.2294088,5958.57173525,21323.0817905,10686.6507266,5251.65614108,11172.8608905,5676.94874169
2017-09-06,37938.008925,18252.0494239,6001.63269494,21299.91039,10661.0455059,5245.25387068,11115.883198,5691.79783458
2017-09-07,37933.4141823,18402.0086799,6031.2368125,21352.0417243,10707.3381341,5267.19944386,11231.5921131,5728.2496707
2017-09-08,37888.843285,18397.7254759,5992.21417452,21326.9440104,10699.4552101,5268.11578778,11217.5665469,5732.97567474
2017-09-11,38292.9642923,18534.8244118,6062.18815052,21269.0087938,10638.3932209,5247.99683392,11061.5358008,5785.62541329
2017-09-12,38422.036267,18573.3882392,6051.42374552,21238.1110349,10612.7898733,5239.31047244,11093.9687524,5717.44885308
2017-09-13,38440.4774386,18487.6941764,6011.05388708,21216.8659477,10591.1228367,5229.70870066,11010.6941264,5702.59902153
2017-09-14,38428.1860286,18539.1097575,6023.16150495,21228.4545259,10593.0933336,5237.93805721,11058.9061744,5749.85019793
2017-09-15,38479.9100126,18547.6783071,6063.53403512,21224.6018992,10605.897817,5235.19556077,11003.6813433,5760.65138489
2017-09-18,38561.760797,18577.6714433,6058.15183261,21214.9377157,10564.5323676,5232.90960246,10901.1218982,5729.59884957
2017-09-19,38600.3631262,18667.6487102,6063.53403512,21203.3453002,10552.7140691,5226.96667104,10923.9131089,5691.79783458
2017-09-20,38614.2636427,18619.8931269,6046.10967216,21185.9758633,10532.0322809,5212.33317686,10836.2553263,5676.27433693
2017-09-21,38510.7994483,18589.7736362,6051.55198862,21182.1021316,10518.2444222,5200.4468472,10753.8567966,5665.47093397
2017-09-22,38518.5177506,18632.7941374,6014.79431076,21197.5625229,10536.95665,5213.70605891,10802.9449409,5625.50820425
2017-09-25,38439.7715952,18551.0556135,5903.15936222,21247.7617879,10568.4714882,5228.334885,10916.0235607,5658.24416614
2017-09-26,38462.9292066,18482.2181,5901.79544344,21240.0411855,10559.6061254,5224.22044014,10794.1792964,5667.79183186
2017-09-27,38612.7140326,18508.0244043,5869.12150673,21178.2533422,10505.4380656,5208.22013242,10692.4966163,5616.64380732
2017-09-28,38659.0373685,18568.2676688,5871.84466875,21180.1796556,10503.4713149,5204.56269249,10712.6575318,5654.83483953
2017-09-29,38794.9270867,18675.8210634,5931.74688606,21162.787195,10490.6696411,5193.13103373,10657.4333695,5666.42603294
2017-10-02,38963.250442,18654.3065296,5937.19387805,21175.7706237,10478.7314645,5186.1783968,10586.4301109,5658.24416614
2017-10-03,39046.6427233,18727.4443799,6018.87871983,21193.1765147,10493.5270489,5191.20871878,10591.6900326,5650.05934466
2017-10-04,39092.9687636,18693.0224108,6025.685623,21187.3803069,10490.5675574,5195.78343624,10621.4933577,5678.70160315
2017-10-05,39324.5881476,18675.8210634,6063.80721963,21177.7046116,10479.716713,5190.29610932,10564.5156652,5699.16014816
2017-10-06,39279.8063087,18654.3065296,6040.66134431,21146.7281885,10466.8906889,5186.1783968,10614.4805745,5680.74771618
2017-10-09,39214.9525566,18662.9093449,6020.24130275,21175.7706237,10478.7314645,5188.00594975,10701.2622608,5694.3868693
2017-10-10,39318.4221598,18835.0020577,6078.78026921,21177.7046116,10482.6790141,5197.15631828,10729.3127245,5711.43719571
2017-10-11,39380.1875091,18899.5349511,6096.48115635,21181.5706687,10494.5132339,5203.5595223,10763.4992062,5730.53178847
2017-10-12,39321.5024493,18899.5349511,6096.48115635,21206.7125113,10504.380703,5213.16549535,10772.2648507,5767.35997643
2017-10-13,39369.3835085,18994.1787688,6150.93972134,21258.9781503,10539.8852354,5220.48317606,10853.7866153,5782.36123513
2017-10-16,39421.8728323,18976.9774214,6145.49272935,21237.690853,10522.1264134,5208.58984428,10779.2776338,5753.71934598
2017-10-17,39449.6765696,18933.9504954,6115.538615,21229.9510642,10518.1854196,5198.98433803,10705.6447487,5760.53726053
2017-10-18,39488.2816032,18968.3724646,6120.98560698,21197.052165,10491.5556155,5192.58253444,10665.322249,5754.40039876
2017-10-19,39499.0856038,18933.9504954,6076.05977892,21212.5279054,10502.3999041,5199.44180978,10728.4359594,5737.35302704
2017-10-20,39702.9201812,18908.1441912,6100.56623335,21150.6076761,10459.0049553,5187.54754439,10660.062996,5704.61817315
2017-10-23,39548.5027512,18860.8147868,6046.10967216,21173.8232053,10468.8714878,5188.00594975,10676.7181887,5682.79382922
2017-10-24,39617.9891073,18903.8310048,6062.44597259,21129.3261347,10437.3051395,5180.68826904,10635.5189239,5648.69576175
2017-10-25,39421.8728323,18826.3928176,6048.83016246,21115.7767077,10420.5362486,5175.20047532,10637.2717853,5632.32981215
2017-10-26,39472.834181,18804.882567,6017.51680486,21092.5554225,10406.7296589,5172.91405021,10547.8611413,5585.95580514
2017-10-27,39795.5776706,18878.0247005,6091.03483229,21139.0056674,10440.2674406,5189.38023222,10597.8260506,5611.18799834
2017-10-30,39647.3262284,18921.0430601,6042.02459516,21197.052165,10477.7499623,5203.10298417,10617.9869661,5606.41324215
2017-10-31,39709.0915778,19007.0819209,6076.05977892,21183.5065752,10470.8419847,5205.38940929,10577.6644663,5605.73292803
2017-11-01,39761.6025366,19050.1088469,6091.03483229,21192.8177292,10477.1636833,5210.79784566,10616.2341047,5633.0116036
2017-11-02,39777.0472545,19088.8268697,6110.09496268,21204.4370057,10490.9899405,5218.58933639,10623.2468878,5680.74771618
2017-11-03,39909.8458656,19071.6190975,6074.69652807,21223.8478742,10507.7878644,5222.25237801,10573.2819785,5666.42603294
2017-11-06,39971.6220325,19106.0367834,6133.2388342,21243.2280445,10520.633556,5230.96161308,10663.5693876,5704.61817315
2017-11-07,39943.8155908,19041.5060316,6095.1199093,21249.04152,10524.5829786,5238.29143079,10624.9997492,5750.99254949
2017-11-08,40011.7604499,19123.2488388,6116.90386964,21235.4690693,10511.7391602,5235.08679453,10661.8158574,5779.6340693
2017-11-09,39866.6109324,18994.1787688,6093.75532259,21219.960712,10507.7878644,5234.17045061,10705.6447487,5785.77093107
2017-11-10,39854.2546173,18946.8579308,6070.6141228,21134.6388455,10454.4430303,5211.25718464,10617.9869661,5791.90963951
2017-11-13,39891.3073364,18873.7200805,6058.35822385,21134.6388455,10449.5008668,5210.79784566,10633.7653937,5821.23368945
2017-11-14,39798.6741864,18856.5101667,6017.51680486,21155.9683528,10464.3208014,5217.21271988,10655.6798394,5808.95922725
2017-11-15,39599.4640999,18766.1645443,5968.50656772,21196.6837864,10501.8623256,5231.87655657,10642.531707,5750.30780336
2017-11-16,39936.1026972,18946.8579308,6074.69652807,21173.4183725,10475.1875671,5220.87996277,10641.6549419,5798.04723995
2017-11-17,39818.735282,18873.7200805,6108.7350515,21196.6837864,10489.0194437,5230.04386874,10769.6352243,5772.81504675
2017-11-20,39886.6909586,18908.1441912,6134.60074918,21185.0529981,10472.2280756,5222.25237801,10633.7653937,5755.76582835
2017-11-21,40147.6528726,19054.413467,6210.84127071,21206.3882613,10474.1985725,5221.79724031,10651.2973515,5798.7279234
2017-11-22,40112.1416504,19118.948502,6231.26264814,21243.2280445,10507.7878644,5237.37835453,10749.47364,5785.77093107
2017-11-24,40204.7856179,19239.4071903,6208.11877662,21239.3504755,10498.8990879,5230.96161308,10722.2999414,5793.27174508
2017-11-27,40184.7110004,19118.948502,6144.13081437,21239.3504755,10505.8117482,5230.04386874,10767.0055978,5765.99380818
2017-11-28,40592.3909727,19213.5923196,6180.88916016,21239.3504755,10507.7878644,5229.58966465,10765.2520676,5744.16983359
2017-11-29,40567.6783424,19131.8537957,6095.1199093,21187.0023351,10474.1985725,5215.38096566,10697.7558693,5746.21779329
2017-11-30,40922.8473558,19170.5718184,6055.63973735,21152.0888652,10441.6020214,5209.88010132,10615.3573396,5755.08366756
2017-12-01,40837.9054644,19114.6417403,5997.09676329,21212.5221495,10480.1877966,5229.72037086,10658.3094658,5768.72134334
2017-12-04,40788.4991346,19037.2014116,6017.51680486,21210.580487,10475.2381407,5231.56379528,10622.3701227,5740.07945419
2017-12-05,40641.8000069,19011.3886826,6007.9874076,21231.954123,10483.155717,5237.08519916,10546.9843762,5692.3411256
2017-12-06,40649.5129005,18925.343397,5933.10946898,21253.3354336,10504.9182815,5242.60800348,10525.0699305,5686.88531662
2017-12-07,40777.6870208,18981.2756167,5941.27695126,21226.1233798,10486.1217643,5235.70391458,10386.5704735,5701.2084772
2017-12-08,41000.0547186,19088.8268697,6009.34865464,21218.3471368,10478.2069977,5233.4020848,10385.6943772,5730.53178847
2017-12-11,41123.5881217,19127.5513172,6048.83016246,21210.580487,10471.2802891,5229.25869784,10344.4951124,5729.84962768
2017-12-12,41196.1655849,19140.4523278,6005.26624937,21200.8664189,10462.378401,5233.4020848,10356.7671484,5757.80972537
2017-12-13,41191.5329809,19222.1972765,6070.6141228,21261.1059207,10504.9182815,5242.60800348,10446.1777924,5767.35997643
2017-12-14,41023.2231476,19131.8537957,6032.4931941,21266.9289894,10500.9613665,5242.60800348,10425.1401119,5765.99380818
2017-12-15,41364.8296921,19118.948502,6048.83016246,21272.7674072,10498.979631,5242.60800348,10447.0545575,5802.13909668
2017-12-18,41627.1275701,19334.0574328,6111.45620972,21245.5457602,10475.2381407,5233.4020848,10495.2666055,5840.32865155
2017-12-19,41467.2689262,19273.8227346,6095.1199093,21183.385701,10427.7495409,5217.7514162,10503.1554849,5716.21158257
2017-12-20,41445.5365234,19260.9174409,6103.28872745,21134.7961739,10397.0785324,5200.25872361,10531.2059486,5650.05934466
2017-12-21,41530.9030026,19322.6084284,6163.74933658,21153.4606919,10404.4145124,5213.90491907,10546.1076111,5628.17553788
2017-12-22,41520.0476187,19370.3811445,6214.36060864,21163.1728414,10408.3789198,5217.13056169,10601.3324422,5666.9589826
2017-12-26,41470.378964,19374.7328798,6221.20157637,21180.6708271,10412.3414541,5221.74122336,10674.0878935,5695.3497243
2017-12-27,41490.5509391,19422.5163038,6219.83365,21246.7640958,10456.9286285,5243.40764542,10714.411062,5714.04912917
2017-12-28,41575.9255315,19483.3356594,6249.92469058,21231.2154471,10444.0482847,5245.2492026,10768.7584592,5744.52070135
2017-12-29,41419.1525859,19487.6766866,6280.01973875,21252.5910018,10460.8920994,5258.61811416,10838.8849528,5746.59931582
2018-01-02,41715.604087,19657.1031049,6388.08458648,21221.4937044,10426.209856,5245.709942,10970.3716267,5725.13137966
2018-01-03,41979.4596882,19778.7375328,6449.63993747,21223.4392041,10437.1103375,5250.78227669,10941.4443979,5708.50985059
2018-01-04,42156.3937914,19956.8395808,6489.30846646,21209.8398925,10432.1597451,5252.1649617,10997.5453253,5610.17048184
2018-01-05,42437.3248519,20052.4149954,6546.76070626,21196.2252317,10419.273782,5251.24348289,10986.1500543,5612.9408598
2018-01-08,42514.9432806,20043.7243744,6548.12930057,21190.402163,10414.3175703,5245.709942,10984.3965241,5642.02705833
2018-01-09,42611.1651436,20061.1034747,6546.76070626,21132.0697882,10364.7751208,5228.65511522,10933.5555185,5569.31137733
2018-01-10,42545.9652309,20008.970457,6518.03558826,21132.0697882,10361.799708,5226.81029039,10959.852452,5506.983598
2018-01-11,42856.3983798,20139.3019305,6560.43997001,21141.7934495,10368.7423379,5221.28095076,10995.7924639,5488.28640914
2018-01-12,43135.7690127,20330.4420516,6630.20287924,21137.9024501,10361.799708,5226.3504846,11129.0319992,5443.96405519
2018-01-16,42988.3315892,20308.7197824,6597.37197832,21143.735112,10366.7568562,5235.10733407,11147.4400533,5454.35011018
2018-01-17,43398.083117,20417.3204204,6690.39030386,21120.4159762,10343.964089,5231.42001844,11057.1526442,5492.44031407
2018-01-18,43325.1324493,20369.5305715,6701.33371486,21073.760437,10311.2673273,5226.81029039,11032.6085721,5421.80398621
2018-01-19,43522.241232,20460.758534,6764.25632429,21029.042723,10284.5157719,5218.05344092,11081.6967163,5450.88981541
2018-01-22,43876.1337778,20569.3655968,6818.97137547,21021.2703173,10280.5513645,5215.28527004,11101.8583006,5500.75033994
2018-01-23,43969.2537162,20634.5324044,6843.59271435,21071.8130187,10310.2773961,5223.12204114,11157.0824629,5576.92853171
2018-01-24,43952.1620306,20699.6842208,6906.51732758,21050.4432199,10290.4562955,5219.4347255,11292.9522934,5547.84417985
2018-01-25,43970.7952132,20625.8353586,6881.8939849,21104.8634903,10313.2490627,5229.11492101,11217.5665469,5538.14878034
2018-01-26,44479.8759374,20799.6049458,6973.54438407,21065.9841941,10282.5274807,5225.8897452,11226.3328602,5518.75613465
2018-01-29,44184.9902728,20608.4605415,6864.11160997,21029.042723,10256.7696027,5213.44324606,11163.2184809,5444.65508
2018-01-30,43731.7685306,20452.0700547,6776.56766166,20996.0037632,10232.9925235,5200.99861414,11115.0071017,5405.18245714
2018-01-31,43753.5009334,20412.9751099,6817.60478496,21013.4921557,10235.9623171,5213.90491907,11189.5160832,5502.13645225
2018-02-01,43703.8214611,20465.1038445,6753.31291329,20947.6406355,10183.1597442,5187.21050908,11226.3328602,5383.71378232
2018-02-02,42752.4095355,20022.0063884,6601.47642538,20885.3021429,10145.4412124,5180.75408896,11079.0670899,5338.00716273
2018-02-05,40964.3920512,19205.3150279,6389.45251285,20969.0718307,10228.8183294,5200.11914805,11107.1175535,5179.41825978
2018-02-06,41771.4765909,19578.9067907,6548.12930057,20908.688431,10184.1487388,5178.90973093,10990.5325422,5180.11076193
2018-02-07,41544.8765374,19313.9156659,6362.09398536,20861.9158548,10154.3749432,5167.38471058,10938.8147714,5157.94921562
2018-02-08,39986.5691443,18836.0642923,6150.06873696,20826.8527311,10163.3077375,5156.78116904,10955.4699641,5009.74784501
2018-02-09,40587.2256057,18966.3850579,6243.08639457,20799.5888741,10145.4412124,5140.64408661,10937.0612413,5135.09627516
2018-02-12,41183.2359411,19218.3531009,6329.2644203,20805.4234546,10142.4648631,5144.33326947,10989.6564459,5137.17488963
2018-02-13,41285.6751752,19144.4935308,6378.50843392,20811.2657097,10159.3377108,5148.02198553,11051.8933913,5173.18610971
2018-02-14,41842.8776485,19522.4370289,6509.82869795,20741.1317877,10097.8027649,5143.41132386,11240.3570888,5135.78951598
2018-02-15,42376.7981089,19648.4103424,6631.57080562,20766.455901,10100.7781777,5146.17856112,11253.5065588,5185.65040984
2018-02-16,42389.211216,19717.9203188,6606.94813088,20807.3727916,10124.6020842,5154.47467119,11216.6897818,5214.04484489
2018-02-20,42123.8060047,19518.0895768,6548.12930057,20785.9320032,10113.6809987,5150.32474892,11065.9182887,5152.40919838
2018-02-21,41914.2651842,19444.2364314,6539.92174232,20719.7005926,10083.9034569,5135.57315235,11015.0772831,5050.60731885
2018-02-22,41968.5988955,19526.7780561,6548.12930057,20721.6537669,10097.8027649,5140.18334721,11071.1782104,5108.08942977
2018-02-23,42637.5355592,19722.2720541,6654.82622192,20774.253249,10136.5056085,5159.08533286,11057.1526442,5189.80690011
2018-02-26,43132.6643837,19878.6496914,6717.74883135,20789.8306772,10148.4194349,5165.54035256,11084.3263428,5204.34944538
2018-02-27,42594.0923887,19574.5614802,6537.18522164,20745.0208686,10116.6610942,5152.63451443,10968.6180965,5083.15639749
2018-02-28,42162.6003449,19370.3811445,6452.37512228,20801.522862,10140.4775083,5160.00774528,10957.2228255,5079.69425605
2018-03-01,41549.5307764,19118.4280927,6451.00853177,20820.0780176,10184.1206424,5175.6831547,10932.6787534,5084.54103247
2018-03-02,41763.7069054,19174.9085625,6467.42164447,20786.8836481,10146.3431081,5171.53416604,10991.4093072,5082.46463401
2018-03-05,42246.4199184,19253.1027351,6486.57261371,20775.1646024,10133.4290485,5168.3066562,10973.0012532,5139.94268224
2018-03-06,42353.516096,19413.8342493,6505.72491882,20779.070951,10132.4288153,5166.92443799,11091.3391259,5164.18210436
2018-03-07,42337.984838,19392.1119801,6504.35565658,20775.1646024,10132.4288153,5166.92443799,11020.336536,5196.03868084
2018-03-08,42542.868715,19448.5860251,6508.45943571,20808.3666465,10153.3044689,5171.99443864,10994.0389337,5205.73408035
2018-03-09,43283.2253669,19591.9405805,6624.73384548,20769.3069982,10131.4323283,5164.15860116,11004.5581084,5234.12777673
2018-03-12,43228.8862468,19622.3406211,6647.98592211,20781.0298812,10155.289014,5167.8463836,11004.5581084,5256.97997853
2018-03-13,42949.5183183,19500.7104765,6583.69471837,20808.3666465,10172.1918312,5171.99443864,11025.595789,5261.82860162
2018-03-14,42729.1329314,19531.131933,6591.90094076,20843.5065157,10192.0672516,5180.75408896,11018.5830058,5266.67759404
2018-03-15,42682.5526793,19526.7780561,6565.91033964,20845.4520155,10188.0981615,5181.2171624,10948.457181,5265.29185106
2018-03-16,42728.8381539,19500.7104765,6545.39211195,20833.7483189,10176.1656042,5172.45657846,10922.1595787,5301.9955733
2018-03-19,42150.7037745,19339.9853871,6483.8374289,20812.2653205,10166.2269574,5169.22953542,10945.8275546,5256.28969238
2018-03-20,42222.3914964,19357.355921,6539.92174232,20779.070951,10146.3431081,5161.39323114,10896.7387415,5238.28352833
2018-03-21,42141.3601394,19405.1372035,6575.48716013,20777.1235326,10153.3044689,5172.45657846,11086.956638,5199.50266896
2018-03-22,41087.9470893,19048.9309658,6367.56435499,20816.1639945,10195.0529665,5187.66844763,11043.1277467,5169.02961944
2018-03-23,40212.1658726,18814.3398815,6274.54936912,20816.1639945,10208.9691323,5190.43941935,11186.0096916,5076.92350876
2018-03-26,41312.3295508,19150.9675936,6463.54963803,20808.3666465,10181.1358641,5181.2171624,11244.7402455,5134.6822512
2018-03-27,40609.5394503,18993.9967326,6367.60910649,20868.8862695,10238.7897553,5201.04249408,11175.490517,5154.26141081
2018-03-28,40489.5514902,19085.5652098,6323.75263884,20880.5976406,10236.8070833,5201.04249408,11021.2133011,5283.6267228
2018-03-29,41006.9076192,19294.8575496,6438.87954006,20941.1383687,10257.6818003,5212.10630822,11026.472554,5277.33363254
2018-04-02,40121.7827674,19007.0733545,6344.30893869,20920.1964264,10268.136485,5217.28367468,11155.3296015,5206.00627987
2018-04-03,40636.0288586,19155.3300369,6405.98718932,20896.7103691,10235.2739543,5214.0482291,11071.1782104,5250.06234366
2018-04-04,41070.8013161,19198.9351955,6426.54348917,20904.540334,10229.2987785,5211.27539015,11084.3263428,5305.3029636
2018-04-05,41394.9321529,19342.8187266,6440.2488023,20875.1870793,10203.4144665,5196.48271448,11027.3493191,5303.20514374
2018-04-06,40472.4084213,19185.8542904,6326.49116332,20922.1515193,10248.2198565,5217.28367468,11079.0670899,5263.34545834
2018-04-09,40671.8727196,19351.5478964,6321.01211056,20939.7627047,10250.211894,5216.35939503,11116.7599631,5246.56474611
2018-04-10,41318.57667,19565.204821,6438.87954006,20924.1085309,10232.2844933,5214.0482291,11143.0575654,5240.97080603
2018-04-11,41101.9611898,19473.6363438,6447.10179283,20941.7216349,10242.2428075,5229.3035114,11229.8385829,5252.15794752
2018-04-12,41440.1169446,19547.7721807,6445.73119472,20894.7495203,10205.4055674,5220.9817269,11099.2286741,5193.42046869
2018-04-13,41318.57667,19565.204821,6378.5752272,20900.6224736,10214.3702043,5228.37736452,11171.9841254,5220.69249625
2018-04-16,41658.2712175,19600.0915178,6384.05494789,20904.540334,10209.3840231,5223.75503266,11187.762553,5252.8582057
2018-04-17,42103.9693727,19700.38274,6389.53867618,20910.4075313,10215.3573258,5231.6123433,11198.2817277,5314.39376256
2018-04-18,42135.126542,19818.1173105,6434.76640987,20851.7048593,10175.527815,5220.9817269,11207.0473722,5303.20514374
2018-04-19,41901.3815148,19726.5424085,6399.13085912,20800.8206402,10147.6514656,5212.66180962,11185.1329265,5226.28643632
2018-04-20,41546.0772824,19630.6157713,6323.75263884,20744.0615492,10113.794321,5194.63182114,11100.1047704,5178.03694881
2018-04-23,41539.8545025,19608.8099796,6281.26409756,20734.2899219,10103.8378798,5193.24586847,11011.5708915,5173.84241709
2018-04-24,40980.4155064,19521.6060873,6252.48220527,20706.8860042,10091.8865915,5178.91719985,11065.0421924,5193.42046869
2018-04-25,41081.7080832,19477.9966455,6205.88387347,20679.5012729,10069.9835449,5171.06175645,10993.1628374,5183.62978089
2018-04-26,41499.3320631,19621.8973095,6270.30064858,20714.7121318,10098.8582544,5184.46521179,10954.5931991,5251.45805867
2018-04-27,41538.2940749,19643.6966763,6303.19366725,20740.1475261,10115.7854219,5201.10364592,11001.0517168,5341.66468211
2018-04-30,41218.8391122,19539.0494357,6260.70646184,20744.0615492,10126.7374135,5205.26663881,10921.2828137,5320.68685282
2018-05-01,41292.0818529,19521.6060873,6225.07224695,20726.4158283,10110.8760376,5190.36239605,10844.1442057,5368.93486299
2018-05-02,41014.7070529,19495.4399939,6183.95697551,20726.4158283,10112.876504,5196.86176249,10838.8849528,5349.35718072
2018-05-03,40924.3212433,19534.6869924,6164.76726616,20749.9479329,10138.8067068,5203.36299617,10894.1091151,5345.86142984
2018-05-04,41454.1364539,19608.8099796,6194.92042449,20763.6815493,10139.8116227,5204.75455054,10916.9003258,5404.59816999
2018-05-07,41594.3910424,19604.4582443,6178.47324722,20753.8657933,10134.8179491,5205.68396507,10919.5299523,5440.95841116
2018-05-08,41594.3910424,19604.4582443,6209.99700365,20730.3394446,10117.8598756,5196.39775544,10921.2828137,5413.68859962
2018-05-09,41996.4350854,19665.5003264,6218.21858849,20706.8015841,10094.9125779,5193.14550477,10898.4922717,5450.04957946
2018-05-10,42389.1192671,19805.0342638,6341.56907834,20753.8657933,10115.8640919,5203.36299617,10973.0012532,5492.70512689
2018-05-11,42518.4724973,19844.2705543,6319.63950865,20763.6815493,10116.8643251,5203.36299617,10957.2228255,5473.82400946
2018-05-14,42538.7391258,19879.1593927,6338.82855007,20744.0653864,10094.9125779,5190.36239605,10912.5171691,5426.97429964
2018-05-15,42245.7735714,19713.4615035,6218.21858849,20651.8690372,10039.0474933,5173.64647181,10736.3255076,5338.86660407
2018-05-16,42423.4135179,19774.5057272,6305.93553139,20628.3369325,10018.0969159,5166.22095848,10719.6703149,5322.78356467
2018-05-17,42387.5777701,19800.6718206,6218.21858849,20600.8812116,10012.1105014,5156.46887456,10725.806333,5296.21216464
2018-05-18,42281.5903886,19730.9048518,6160.65547185,20653.8356419,10051.0193856,5170.39655518,10730.1894896,5303.20514374
2018-05-21,42599.4957412,19857.3600258,6200.40081311,20655.8060839,10058.0060332,5172.25398383,10736.3255076,5366.13900095
2018-05-22,42481.0519824,19844.2705543,6225.07224695,20655.8060839,10054.0135294,5169.93254813,10730.1894896,5373.83002223
2018-05-23,42597.9380179,19656.7775814,6197.66095277,20712.6802933,10099.9015688,5184.79104371,10741.5847606,5427.67455782
2018-05-24,42510.6784723,19591.3666312,6175.73138308,20769.5679331,10125.8411371,5190.82546949,10833.625031,5416.48593899
2018-05-25,42409.375078,19482.3590888,6190.80863017,20814.6712935,10165.7446352,5198.2561177,10800.3153144,5435.36668709
2018-05-29,41921.6400302,19089.9148035,6053.75149133,20951.9690846,10275.4846401,5228.89972257,10798.562453,5461.23782895
2018-05-30,42481.0519824,19364.6266599,6107.20481745,20899.0184916,10231.5923844,5219.14997268,10814.3408806,5535.35993566
2018-05-31,42220.8337732,19259.9772776,6114.05647212,20881.3593402,10226.5996473,5222.39895569,10790.6729048,5516.47844889
2018-06-01,42635.3504197,19403.8693751,6182.5863774,20855.6169637,10188.8136841,5214.75917754,10737.2016039,5540.95498374
2018-06-04,42837.9247557,19491.0839754,6247.00048078,20806.4614382,10152.8305757,5204.04873699,10726.683098,5589.20447125
2018-06-05,42869.0846294,19469.2803254,6192.17856035,20822.1904389,10178.8225907,5215.69279334,10768.7584592,5574.51936288
2018-06-06,43227.5016039,19634.9739313,6281.26409756,20775.0053554,10137.8392528,5204.5160117,10774.8944772,5587.8050629
2018-06-07,43222.8230254,19521.6060873,6185.32556982,20820.2238342,10180.8202474,5220.34920219,10769.6352243,5587.8050629
2018-06-08,43350.615828,19556.4842176,6181.2117717,20790.7343561,10166.8235384,5211.50179198,10782.7840254,5608.08300335
2018-06-11,43408.2597013,19682.93725,6172.9908548,20769.1055412,10156.8258892,5211.50179198,10802.0688446,5599.6928319
2018-06-12,43464.364782,19560.8466609,6168.87906048,20775.0053554,10150.8310458,5207.31032381,10766.1288327,5633.2557337
2018-06-13,43325.6760298,19569.5672643,6123.65132679,20755.3412265,10138.8376129,5204.04873699,10798.562453,5523.47327466
2018-06-14,43434.7545184,19521.6060873,6090.75697225,20808.4337989,10170.8263443,5217.55348965,10815.216977,5575.91877123
2018-06-15,43379.333646,19386.4324516,6057.86729324,20816.2848687,10178.8225907,5219.4169868,10636.3950202,5572.42080435
2018-06-18,43290.11072,19251.252391,5987.96478605,20820.2238342,10183.8143912,5223.60798817,10616.2341047,5573.97348651
2018-06-19,43124.1915592,19041.9600513,5919.43688456,20841.8526491,10210.8085125,5231.99185812,10589.0604061,5568.32857827
2018-06-20,43197.7777563,19081.1984833,5938.62525804,20802.5243914,10177.8176747,5217.55348965,10541.7251232,5630.43364891
2018-06-21,42926.9556706,18950.3894325,5855.02144532,20808.4337989,10204.8108595,5226.86910818,10523.3170692,5657.25213372
2018-06-22,43005.2366725,19153.4925424,5902.61232526,20828.0902532,10206.8094528,5234.31936233,10548.7372376,5701.71261877
2018-06-25,42419.8139873,18884.1561071,5825.36255726,20816.2848687,10220.7986694,5236.64780016,10509.2915029,5686.89381131
2018-06-26,42513.7209005,18906.2338822,5801.91210459,20849.7190681,10225.7998354,5244.09852112,10454.0673406,5705.24197909
2018-06-27,42161.5348189,18734.0405141,5673.62358754,20887.0672906,10264.7836434,5261.32840085,10394.4600217,5683.36482033
2018-06-28,42402.6060133,18800.2695563,5727.42223492,20885.1026045,10254.7878672,5254.34402099,10362.9031665,5734.17785849
2018-06-29,42463.6438843,18941.561749,5821.22404563,20902.7943727,10246.7906843,5256.20565092,10400.5960398,5748.29234508
2018-07-02,42554.4245335,18738.4479311,5757.77176549,20882.8961699,10239.7778134,5258.12516502,10296.2830644,5716.53511957
2018-07-03,42404.1610322,18778.1960644,5763.28688662,20926.2343826,10265.8204019,5269.34395938,10400.5960398,5759.58511623
2018-07-05,42750.0945857,18897.4083403,5757.77176549,20945.9503147,10266.8196986,5275.42086467,10435.6592865,5828.04200131
2018-07-06,43111.6837988,19025.4461582,5828.12178766,20967.6117466,10275.833036,5282.89912729,10419.0040938,5859.09490596
2018-07-09,43499.8787085,19197.6416679,5934.33846533,20947.9150008,10249.801686,5272.14667403,10444.4249311,5812.51665699
2018-07-10,43656.3974423,19219.719443,5928.8193366,20932.1572206,10241.7838991,5264.2011367,10425.1401119,5824.51190232
2018-07-11,43337.0749942,18884.1561071,5818.46681904,20940.0236395,10262.8159562,5269.81076728,10312.0614921,5805.45793635
2018-07-12,43729.9647087,19043.1100916,5899.85376279,20965.6470604,10258.8150234,5265.60342764,10355.0136183,5823.10141393
2018-07-13,43764.418518,19096.0997501,5903.98893476,20985.3514807,10275.833036,5275.88860619,10309.4318656,5805.45793635
2018-07-16,43725.2671996,19100.507167,5870.88284552,20961.7100137,10258.8150234,5261.8624291,10304.1726126,5774.40466236
2018-07-17,43902.1445107,19122.5892254,5916.40446965,20953.8263269,10252.8005125,5254.85097438,10192.8468542,5736.29783842
2018-07-18,43994.4991095,19131.4190505,5910.88667678,20947.9150008,10244.7883448,5246.43676191,10195.4764807,5710.888734
2018-07-19,43828.5745399,19051.9441998,5843.29454915,20979.438236,10272.8342095,5253.91595815,10151.6475894,5777.93402268
2018-07-20,43778.4948193,19166.7340676,5919.16370004,20938.066628,10236.7761772,5241.29393923,10217.3909263,5722.18150515
2018-07-23,43859.8912677,19135.8328922,5901.23237609,20865.1564357,10186.7017685,5216.51997695,10168.3027821,5710.18441314
2018-07-24,44080.6119977,19255.040885,5989.51372221,20894.7226593,10193.7127664,5219.32315841,10171.8091737,5681.2470564
2018-07-25,44456.2748076,19400.7512026,6084.69815382,20896.6854268,10186.7017685,5220.25817465,10227.910101,5726.41297032
2018-07-26,44351.3962221,19321.2742104,6025.38238151,20884.860856,10175.6879647,5215.11581878,10148.1411978,5745.47099897
2018-07-27,44050.8475844,19369.8414608,6033.65740097,20900.6263108,10191.7160462,5223.06462377,10153.4011196,5684.06951052
2018-07-30,43820.7561755,19356.5892275,6025.38238151,20878.9495299,10178.6961567,5220.25817465,10137.6226919,5687.59850151
2018-07-31,44036.7712832,19374.2553025,6052.97067788,20896.6854268,10192.7115966,5228.20511241,10167.426017,5782.87497939
2018-08-01,43963.2067211,19308.0284019,6007.44972169,20875.1678929,10168.6301394,5215.436049,10092.9170356,5823.80832013
2018-08-02,44202.7066703,19162.3202259,5938.47630902,20883.049661,10180.6703997,5218.25603555,10038.5689696,5800.51734897
2018-08-03,44392.0890376,19188.816126,5975.72157782,20928.4830273,10206.7626254,5228.57995915,10073.6322164,5863.33006448
2018-08-06,44554.8954563,19096.0997501,5930.1999537,20942.3068197,10211.7843954,5229.51870985,10021.9144457,5855.56554564
2018-08-07,44702.0299892,19215.3098845,5983.99860108,20904.7820824,10190.7083206,5222.47971346,10044.7049876,5844.97968069
2018-08-08,44683.229135,19210.8917595,5970.2024491,20904.7820824,10199.7385158,5222.94605456,10072.7561201,5811.10321392
2018-08-09,44622.1993772,19175.5724591,5961.92742964,20934.4058652,10227.8283982,5235.15308125,10057.8537888,5813.92714538
2018-08-10,44323.2300978,18813.5132231,5843.29454915,20979.8296383,10271.9800778,5252.05199418,10053.4713009,5769.46555232
2018-08-13,44157.310937,18720.7968473,5749.49340637,20991.6906632,10268.9775051,5251.11604434,9901.82304272,5758.17315051
2018-08-14,44439.0506073,18747.2820393,5783.9801127,20971.9363584,10258.9414573,5244.54245543,9911.46545231,5786.40249304
2018-08-15,44107.1987638,18460.2923786,5614.30981903,21001.5543852,10284.0268939,5254.86824627,9746.66906178,5830.86445543
2018-08-16,44464.093172,18588.3409045,5654.31298236,21013.4038983,10281.0093364,5251.58238543,9738.77951358,5878.14887193
2018-08-17,44620.6281321,18711.9648806,5702.59250101,21025.261086,10285.0261906,5253.92762834,9829.06692266,5932.49385575
2018-08-20,44716.1198124,18791.4418728,5727.42223492,21066.7247886,10317.1385463,5264.25715364,9878.15573568,5936.72790626
2018-08-21,44820.9929891,18915.0679905,5789.49723763,21048.9524376,10303.0856445,5260.970826,9907.08229567,5900.73219823
2018-08-22,44794.384588,19007.7886496,5823.98394396,21066.7247886,10322.1537606,5272.239102,9928.99674132,5867.56189898
2018-08-23,44734.8990315,18866.4985985,5732.94203158,21054.8867874,10321.1516543,5276.46464714,9835.20294069,5852.74309152
2018-08-24,45004.1390546,19007.7886496,5818.46681904,21078.5800576,10324.1589097,5281.62660895,10007.0127831,5887.32498716
2018-08-27,45359.4595133,19268.2931182,5913.64791098,21050.9343915,10301.0823685,5273.64699463,10044.7049876,5866.1525186
2018-08-28,45381.3622921,19224.1354263,5884.67966544,21011.4372936,10278.0086368,5263.31933657,9964.9367532,5945.19379128
2018-08-29,45625.5624548,19330.1018939,5917.78508674,21007.4906536,10274.9985718,5263.31933657,10010.5185059,5946.60612634
2018-08-30,45440.8424398,19157.9085258,5760.53032796,21017.3505383,10294.0563858,5268.01355685,9961.43036165,5908.49634773
2018-08-31,45442.4163893,19038.6962498,5799.15421005,21015.3839335,10296.0671542,5261.91097712,9950.03509067,5931.78731889
2018-09-04,45364.1651356,18848.8389483,5669.48574384,20992.0206691,10272.5391969,5254.65771591,9899.19341625,5861.21045388
2018-09-05,45242.0623499,18707.544614,5608.7926941,20982.1358421,10271.5370906,5249.47381413,9933.37989796,5895.08581265
2018-09-06,45105.869741,18641.3155718,5606.03212783,21017.761127,10292.6459446,5254.18530631,9952.66471714,5912.02607738
2018-09-07,45018.2153558,18491.1999789,5581.20272789,20942.5351377,10246.4001439,5239.11161228,9925.49101854,5847.80213481
2018-09-10,45096.4882446,18592.750463,5514.99021545,20962.3431645,10252.4268299,5240.5246398,9918.47823543,5873.91629876
2018-09-11,45245.196727,18619.2420799,5521.88628765,20926.7102051,10215.2280822,5229.69049516,9924.61425346,5873.20828456
2018-09-12,45256.1359467,18698.7212137,5556.37266001,20940.5608584,10227.2917562,5234.40152052,10007.8888794,5876.03147734
2018-09-13,45523.807429,18817.9227817,5626.72735771,20954.4230236,10226.2849672,5226.8644401,9971.94953632,5904.96883408
2018-09-14,45531.6393153,18857.6687734,5619.82694395,20914.8395869,10207.1887547,5217.44332299,9907.08229567,5867.56189898
2018-09-17,45290.5978691,18875.3284236,5575.68393313,20914.8395869,10209.1985866,5218.3834741,9958.80073517,5886.61734229
2018-09-18,45536.3395289,19069.5952836,5619.82694395,20869.3160446,10166.9733861,5207.54979627,9943.89907264,5858.38984643
2018-09-19,45584.8615262,19135.8328922,5695.69809865,20829.7306893,10149.8748304,5201.89768616,9982.46804221,5789.93296136
2018-09-20,45954.28533,19343.3477023,5742.59700021,20857.4281587,10150.8806829,5208.96282379,10016.6545239,5844.2749905
2018-09-21,45912.2917075,19347.7701104,5766.04544909,20873.2703591,10154.9012832,5209.43243254,9948.2815605,5842.15648791
2018-09-24,45759.7592308,19263.8728517,5694.31681362,20853.4815188,10143.8443982,5204.25273204,9946.52869911,5737.24407336
2018-09-25,45717.295046,19356.5892275,5730.18413705,20843.5813427,10133.7858733,5202.36916215,9962.30712673,5737.96058226
2018-09-26,45580.5128822,19364.5731198,5740.64730436,20893.0649554,10166.9733861,5211.31833648,9909.71259092,5669.25882842
2018-09-27,45707.8783927,19311.3992835,5757.39237966,20906.9079342,10166.9733861,5213.2037736,9822.05480832,5696.45440374
2018-09-28,45712.5894237,19174.0262225,5721.11093789,20885.158245,10171.9960927,5210.84686049,9884.29175371,5773.74281497
2018-10-01,45871.4122898,19222.7712259,5735.06538995,20879.5980298,10146.204499,5195.33483384,9867.63656101,5720.06817324
2018-10-02,45844.6821916,19098.6975134,5673.6696749,20903.4064184,10172.4006814,5203.82233515,9981.59194591,5707.18689448
2018-10-03,45869.843749,19067.6806914,5626.22440431,20804.1993631,10096.8343743,5178.83270762,9942.14554247,5646.36009048
2018-10-04,45511.3402343,18823.9513913,5497.84872204,20744.6716763,10070.6438112,5166.1037897,9947.40546419,5599.12811947
2018-10-05,45256.6092133,18730.9009256,5472.73244496,20699.052202,10046.4621433,5151.95904339,9975.45592787,5596.26466923
2018-10-08,45256.6092133,18628.9863691,5482.49962629,20691.116712,10050.4949188,5149.60353071,9865.00693454,5677.13267026
2018-10-09,45190.5655338,18562.5174674,5468.5455082,20720.8767182,10069.6417049,5164.21741896,9870.26618748,5685.0031881
2018-10-10,43759.6696256,18141.5449017,5316.44752459,20714.9193447,10074.6765866,5159.03211676,9894.81025961,5600.55929059
2018-10-11,42795.8040272,17888.9632897,5269.00459177,20776.4232295,10115.98397,5167.51681722,10149.0179629,5440.25630631
2018-10-12,43390.1728036,17977.5945598,5402.96218846,20782.374847,10103.8884534,5159.50219232,10100.8065838,5425.9434871
2018-10-15,43146.4540206,17946.5723838,5349.93700726,20768.4819836,10109.9357434,5162.8025242,10168.3027821,5462.43927402
2018-10-16,44089.8772058,18256.7566651,5472.73244496,20780.3948117,10108.9289544,5163.27400018,10150.7714931,5574.79562507
2018-10-17,44097.7469534,18145.9780179,5407.14912522,20738.7315706,10079.7105318,5151.01795866,10149.894728,5553.32805825
2018-10-18,43460.9248098,17857.940043,5266.21363457,20724.8367886,10097.8486557,5147.24381676,10161.289999,5542.59261284
2018-10-19,43437.3507238,17951.0033584,5315.05154504,20706.9838548,10085.7578218,5142.52905692,10169.1795472,5590.54220075
2018-10-22,43242.3648799,17866.8094877,5370.86734948,20703.0180284,10087.7676537,5139.70066783,10142.8819449,5512.53469528
2018-10-23,43022.241818,17685.1223979,5317.84317018,20728.8083709,10113.9638361,5141.11556259,10202.4892638,5536.86571235
2018-10-24,41718.7141247,17197.689497,5162.95422937,20782.374847,10168.3688425,5158.09009841,10226.1572396,5589.10659761
2018-10-25,42467.1785098,17388.2342527,5260.63105222,20764.5238317,10144.1890478,5136.39940234,10203.3660289,5660.67327903
2018-10-26,41720.2907786,17242.0013842,5220.16668129,20812.1386903,10189.5292067,5162.33058141,10235.7989804,5524.70205049
2018-10-29,41489.1365481,17171.0993664,5118.30191979,20790.3122556,10188.5186715,5157.14574602,10195.4764807,5594.83275944
2018-10-30,42103.9450333,17383.8011365,5222.95596867,20760.5503308,10166.356201,5143.47154208,10150.7714931,5671.40650844
2018-10-31,42553.6564894,17525.6051721,5282.95804193,20750.6290497,10141.1686807,5131.68464251,10093.7938006,5604.85169595
2018-11-01,43006.5077314,17756.0276281,5472.73244496,20803.0673662,10149.8467339,5125.12599145,10223.5269444,5631.32928503
2018-11-02,42751.787528,17804.7726315,5492.26747556,20741.2564993,10093.3101444,5109.55374658,10225.2804745,5584.81419225
2018-11-05,42987.633859,17795.9053283,5517.38408661,20755.216515,10099.368673,5118.99166879,10200.7364024,5667.82876531
2018-11-06,43259.6620985,17888.9632897,5496.45274249,20757.213818,10088.262151,5117.10436443,10171.8091737,5696.45440374
2018-11-07,44185.8178133,18110.5259382,5594.13123517,20775.1492533,10088.262151,5120.87990676,10170.9324086,5764.44001801
2018-11-08,44105.6031792,17928.8452732,5458.77765893,20737.2714865,10074.1249598,5113.80076489,10149.0179629,5768.73611672
2018-11-09,43674.7737087,17800.3416569,5365.2851011,20763.1922964,10113.5030546,5126.06894342,10035.0632468,5768.01554514
2018-11-12,42858.6971033,17494.584067,5294.12253868,20797.0869691,10143.7947611,5136.922694,9963.18389181,5779.46860746
2018-11-13,42778.5013999,17561.050827,5356.91389932,20805.0665878,10151.8715506,5132.67474207,9966.68961459,5773.74281497
2018-11-14,42486.0496778,17578.7779376,5398.7772555,20807.0581349,10173.0712498,5133.14808528,10049.0881443,5759.42888775
2018-11-15,42929.4599271,17636.3848901,5504.82528013,20832.9731888,10180.1365674,5137.39603721,10060.4834152,5720.06817324
2018-11-16,43041.1021685,17654.1034344,5524.36131264,20866.8697802,10211.4388092,5158.62972834,10134.9930655,5781.61481014
2018-11-19,42313.0801967,17507.8759199,5455.98503189,20864.8743958,10226.5809163,5156.26954758,10139.3755533,5789.4868053
2018-11-20,41530.032192,17184.3997857,5341.56346771,20856.9005331,10224.5645286,5148.72126377,10139.3755533,5730.08747909
2018-11-21,41671.5416133,17436.9813977,5442.0329176,20870.849037,10222.5443947,5146.35781535,10156.030746,5735.09971736
2018-11-23,41393.2310975,17321.7674927,5384.82113361,20864.8743958,10228.6029233,5138.33712195,10148.1411978,5723.64776304
2018-11-26,42061.4970748,17556.6209232,5422.49855493,20860.8893831,10220.5251974,5132.67474207,10136.7459269,5734.38136179
2018-11-27,42203.0092004,17503.4460161,5461.56761424,20866.8697802,10230.6202476,5118.99166879,10076.2618428,5758.71422552
2018-11-28,43174.7472508,17760.4553903,5582.96707238,20906.7448499,10229.6097124,5125.12599145,10113.9547161,5810.2397099
2018-11-29,43080.4049323,17676.264732,5545.29132089,20916.714097,10255.8583415,5155.32706242,10145.5115714,5811.67125035
2018-11-30,43343.0002922,17614.2300173,5538.3147628,20910.7298627,10276.0568709,5156.26954758,10127.9802823,5866.7748472
2018-12-03,43916.9239509,17849.0855895,5648.55206196,20944.9065752,10298.5152905,5165.9562784,10204.242794,5898.26245854
2018-12-04,42493.9113124,17397.0929894,5543.89734514,21000.8694312,10346.0694488,5181.55233047,10266.4797394,5810.95511079
2018-12-06,42429.4415824,17233.1383643,5499.24403366,21052.8357625,10372.3677149,5182.02474007,10268.2326008,5954.7972265
2018-12-07,41443.5488037,17051.4555577,5389.00907226,21080.8075973,10402.7259164,5189.58656131,10351.5072267,5876.79415305
2018-12-10,41522.1678532,16905.2269723,5326.21437196,21094.794474,10408.7947471,5176.82683406,10315.5678836,5838.86534833
2018-12-11,41531.6115503,16922.948729,5380.63453082,21100.7978947,10382.4889885,5156.03380959,10303.2958476,5841.72805991
2018-12-12,41740.7304875,17188.8264771,5461.56761424,21084.819471,10354.1649692,5148.47338878,10325.2102932,5751.55763125
2018-12-13,41726.581168,17157.8064427,5469.93948395,21090.8017867,10360.2291171,5149.41774117,10302.4190825,5784.79847338
2018-12-14,40956.1085333,16922.948729,5401.56587494,21096.7975329,10376.4192213,5153.19748476,10261.2198176,5768.13964153
2018-12-17,40152.6235242,16776.7212145,5342.96044916,21132.7643354,10406.7689939,5162.1765348,10332.2230763,5550.88601865
2018-12-18,40108.5907986,16794.4419003,5376.44926389,21194.8495677,10432.4219785,5175.62106924,10356.7671484,5608.09556072
2018-12-19,39507.9343373,16612.7655185,5287.14431076,21214.872482,10468.9239345,5184.61459032,10293.653438,5546.53895179
2018-12-20,38864.8190999,16550.7286622,5327.61068548,21194.8495677,10455.7382761,5169.93955024,10452.3138105,5463.26030458
2018-12-21,38068.5006995,16227.2407493,5284.35335355,21184.8342733,10464.8649357,5167.57330098,10406.7320578,5387.21987457
2018-12-24,37062.6198435,16049.9043239,5243.46751703,21198.8518482,10491.2268872,5175.14772603,10520.6867739,5195.30998391
2018-12-26,38935.200606,16457.4254874,5336.19929939,21158.8156128,10441.5495748,5164.73044084,10489.1305874,5369.11509822
2018-12-27,39234.1239109,16470.8597568,5324.95899227,21192.8445902,10467.9002876,5164.73044084,10568.8988218,5368.3908333
2018-12-28,39183.5141317,16578.3360538,5362.89256581,21270.9485376,10524.6850623,5179.87929094,10611.8509481,5385.77171406
2018-12-31,39526.7054433,16614.1597014,5353.05892517,21325.0196157,10564.2167509,5183.66603666,10628.5061408,5400.25516581
2019-01-02,39567.833664,16591.7628276,5376.94453606,21341.0364122,10586.5206401,5191.71613897,10635.5189239,5282.93495931
2019-01-03,38623.6451391,16457.4254874,5292.64306753,21429.1498982,10670.678838,5222.00917109,10731.942351,5319.8695156
2019-01-04,39917.3721569,16963.4635558,5459.84000605,21365.0577697,10584.4995697,5211.12321077,10645.1613335,5382.15038946
2019-01-07,40232.0971579,17017.1984919,5471.07764144,21329.0276521,10555.0929009,5207.80887465,10681.9774417,5435.01692734
2019-01-08,40610.0884396,17138.1186954,5501.9889035,21312.9993437,10528.7365687,5212.06849678,10653.0502129,5547.26469405
2019-01-09,40799.8818727,17348.5899871,5582.07304433,21331.0249551,10534.8222572,5218.22289218,10721.4231763,5539.29667191
2019-01-10,40943.8063058,17420.2426364,5624.22327765,21306.9901671,10529.7499136,5205.91503499,10658.3094658,5614.61394501
2019-01-11,40959.6215237,17312.7641978,5589.09769359,21337.037969,10561.1795259,5219.64245502,10676.7181887,5630.5470346
2019-01-14,40709.7394573,17223.1959769,5549.75845546,21306.9901671,10555.0929009,5210.1737235,10702.1383571,5611.71651599
2019-01-15,41176.2910916,17330.6797695,5586.28736633,21311.0001221,10544.9566425,5205.44262539,10683.730303,5665.30694946
2019-01-16,41275.9448137,17384.4147055,5641.08524118,21329.0276521,10538.8718905,5204.96741494,10717.9167848,5705.1370881
2019-01-17,41589.087752,17442.6309438,5667.77850761,21312.9993437,10519.6117821,5200.7068592,10703.8918873,5732.65546175
2019-01-18,42142.6339027,17630.7107156,5697.28310318,21296.9825472,10486.1601628,5194.55386422,10608.3445565,5752.20802927
2019-01-22,41573.272534,17357.5418835,5601.74500116,21314.9966467,10522.655563,5197.86820034,10646.0374298,5734.82862585
2019-01-23,41660.2616416,17447.1079628,5656.53920238,21337.037969,10517.586029,5191.71613897,10631.1357672,5735.55289077
2019-01-24,41682.410519,17469.5016242,5704.30775244,21373.0738426,10551.0385848,5199.75923916,10614.4805745,5755.10508896
2019-01-25,42035.0915023,17688.9301663,5760.50828617,21363.0547108,10526.7117521,5191.71613897,10769.6352243,5826.80066811
2019-01-28,41715.6122001,17603.8496724,5700.09376441,21351.0478694,10529.7499136,5184.61459032,10807.3280975,5884.00910217
2019-01-29,41660.2616416,17653.1075894,5707.11974953,21407.1200877,10560.1661811,5199.75923916,10867.8121815,5930.35947177
2019-01-30,42319.7789475,17850.1531781,5808.27950797,21455.1800705,10584.4995697,5228.16169927,10930.0491269,5978.15430854
2019-01-31,42691.4392741,17854.6259139,5870.09802448,21519.266443,10633.1644737,5257.50944539,10935.3083799,6040.43518239
2019-02-01,42712.0087932,17845.6697343,5826.54413039,21474.6907082,10576.2673133,5239.04952682,10913.3939342,6002.05283492
2019-02-04,43012.5006389,17908.3694164,5839.19010209,21456.6190496,10552.8995056,5228.63690972,10866.0586514,6046.95135067
2019-02-05,43192.8125135,18051.6704317,5905.22394251,21502.7930104,10571.1874772,5235.73425709,10894.1091151,6081.7142202
2019-02-06,43135.863666,17935.233672,5834.97344232,21490.7612267,10579.3120306,5232.42225501,10820.4768987,6041.8833429
2019-02-07,42724.667999,17706.8478795,5780.17957507,21500.7880329,10613.8519187,5240.47049008,10846.7738322,6091.85245176
2019-02-08,42776.8490234,17644.150339,5757.69762495,21548.9765645,10628.0855743,5242.83627254,10887.973097,6091.85245176
2019-02-11,42800.5745547,17608.3245498,5723.97904134,21526.8911135,10611.8252289,5231.95031222,10834.5017961,6108.50869827
2019-02-12,43350.9511712,17841.1937861,5780.17957507,21530.9049058,10597.6028119,5232.89559823,10857.2930069,6070.12561213
2019-02-13,43491.7141834,17845.6697343,5739.4343384,21492.7585296,10571.1874772,5231.95031222,10814.3408806,6101.26789573
2019-02-14,43395.2462217,17845.6697343,5750.67497949,21524.8822987,10620.9706196,5246.62068422,10874.8242959,6120.81972459
2019-02-15,43868.1477418,18087.490867,5740.83966901,21540.9508985,10610.811884,5246.62068422,10939.6915365,6162.0987624
2019-02-19,43944.0461843,18177.0548047,5799.84819223,21552.9961127,10629.1017288,5258.93040865,11106.2407884,6160.65023256
2019-02-20,44032.620059,18248.7149496,5825.14013564,21554.9857412,10627.0619274,5260.82284789,11086.956638,6122.26751576
2019-02-21,43876.049942,18203.9254851,5812.49483187,21506.8125587,10595.5742491,5251.83026043,10961.6059822,6128.06163513
2019-02-22,44148.0835902,18271.0989738,5878.53000815,21561.0198601,10627.0619274,5265.55581323,11001.0517168,6164.26934116
2019-02-25,44208.174928,18329.3205661,5957.20915234,21554.9857412,10610.811884,5261.77000113,10989.6564459,6115.75282482
2019-02-26,44176.5553096,18405.4459511,5938.94452992,21579.0819256,10642.3070547,5269.3453598,11008.0644999,6096.92341421
2019-02-27,44157.5570356,18347.2307837,5892.5779708,21532.9213952,10604.7130839,5257.0375026,10930.0491269,6066.50576487
2019-02-28,44075.3032985,18271.0989738,5847.62008196,21494.7788563,10577.2815947,5248.51732474,10868.6882778,6082.43811579
2019-03-01,44350.5010722,18383.0490773,5854.64473122,21459.9536438,10542.5721915,5238.1028404,10683.730303,6063.60759718
2019-03-04,44189.1982891,18311.4039236,5875.72135073,21486.1142835,10575.1425192,5245.6744646,10655.6798394,6091.12892551
2019-03-05,44129.0961338,18324.838193,5944.56384856,21500.1951735,10581.2525579,5243.78295897,10669.7054056,6107.78480268
2019-03-06,43861.8113779,18271.0989738,5915.05791712,21532.4052814,10610.7734856,5249.93595396,10660.062996,6079.54142544
2019-03-07,43494.8864219,18038.2361623,5819.52014906,21592.7733319,10646.4025789,5264.61146084,10651.2973515,6066.50576487
2019-03-08,43407.8892012,18015.8371469,5777.37024971,21620.9523797,10661.67112,5269.3453598,10767.8816941,6073.02304115
2019-03-11,44037.3635426,18181.5350361,5895.38863202,21622.9650318,10653.5212798,5268.39867337,10715.2871583,6162.0987624
2019-03-12,44203.4368531,18190.4933573,5919.27658069,21663.2142361,10683.0478267,5278.33701365,10780.1543989,6190.34029297
2019-03-13,44496.0264986,18324.838193,5931.91988066,21653.1663248,10678.9757162,5284.49187586,10855.5394767,6220.75905032
2019-03-14,44467.5466661,18306.930117,5901.00728274,21620.9523797,10663.703429,5283.07044579,10730.1894896,6230.17190895
2019-03-15,44687.2505491,18490.531799,5981.09376133,21675.2939858,10697.2992767,5301.53036436,10779.2776338,6210.61786409
2019-03-18,44849.2862193,18553.2314811,6048.53426823,21671.2725189,10683.0478267,5301.05888838,10785.4136519,6179.47927384
2019-03-19,44860.4093369,18602.4861858,6049.93959884,21659.1908505,10675.9216334,5296.32498942,10815.216977,6160.65023256
2019-03-20,44725.3687941,18584.5738266,6048.53426823,21747.7552166,10750.2292201,5331.35378774,10885.3434705,6179.47927384
2019-03-21,45230.5200533,18602.4861858,6062.58623847,21751.7690089,10745.137209,5330.88091133,10841.5145792,6289.55572312
2019-03-22,44360.0123789,18244.2304349,5879.93533876,21860.4656517,10824.5358703,5346.97364701,10866.9354165,6243.93183445
2019-03-25,44326.6619568,18244.2304349,5906.96390745,21900.7033442,10852.017933,5345.55268375,10950.2100424,6251.89837924
2019-03-26,44657.0588436,18356.1869633,5926.67059678,21904.7286484,10842.8566211,5336.08628627,10895.8626452,6301.8663801
2019-03-27,44423.5518019,18329.3205661,5861.91584768,21951.010053,10874.4145405,5338.45206872,10838.8849528,6283.76234242
2019-03-28,44591.9346535,18318.0707307,5912.59391302,21953.0361355,10875.4316315,5342.71262446,10685.4838332,6344.73798821
2019-03-29,44873.1064039,18381.0359714,5982.98401116,21951.010053,10858.1260987,5352.18135599,10695.1262428,6338.90102604
2019-04-01,45405.2636082,18619.4048417,6073.07745896,21850.5462892,10783.4635603,5332.29954055,10653.0502129,6335.25495603
2019-04-02,45427.515252,18632.8905095,6054.77676818,21874.757592,10801.8227096,5337.5058491,10692.4966163,6379.7457265
2019-04-03,45498.9920323,18776.8147311,6084.34080977,21834.4105371,10768.160367,5320.9397702,10676.7181887,6372.45284781
2019-04-04,45619.7101751,18740.8379589,6123.75886397,21850.5462892,10779.3839575,5324.72418188,10703.8918873,6362.24074935
2019-04-05,45840.5336717,18781.3078121,6173.03026283,21866.6877973,10784.4853341,5330.88091133,10692.4966163,6406.73078116
2019-04-08,45875.4796782,18794.804188,6168.80558787,21856.5995946,10767.1395297,5325.67366916,10738.9551341,6370.99471527
2019-04-09,45640.377052,18682.3657992,6160.36024555,21868.7100425,10786.5251355,5330.88091133,10795.0560615,6337.44437084
2019-04-10,45796.0682452,18758.8231326,6189.92361921,21911.0735868,10812.0245263,5350.28704952,10828.3657781,6395.79183245
2019-04-11,45783.3576562,18722.8442188,6118.12819046,21884.8457947,10787.5450362,5337.9782587,10689.8663211,6391.41448016
2019-04-12,46093.1120056,18862.2603681,6156.13824232,21842.4784132,10737.5605361,5328.03898481,10679.3478152,6422.04708217
2019-04-15,46062.925709,18871.263663,6123.75886397,21838.4415972,10751.8419557,5330.88091133,10659.1862309,6389.22728135
2019-04-16,46093.1120056,18902.7387877,6173.03026283,21800.1244621,10715.121784,5318.57305413,10563.6395689,6244.81306652
2019-04-17,45980.317698,18934.2203373,6188.51561687,21798.0945423,10717.162522,5317.62496728,10543.4779846,6187.92299878
2019-04-18,46070.8603617,18898.2435651,6195.55429272,21826.3445797,10742.6628493,5332.774751,10551.3675328,6235.33077301
2019-04-22,46110.5823045,18880.249825,6158.95224321,21800.1244621,10727.3643387,5327.56704202,10551.3675328,6166.77379829
2019-04-23,46525.2017175,18925.2234672,6173.03026283,21838.4415972,10746.7396425,5339.87303198,10529.4530872,6248.46061388
2019-04-24,46421.9484648,18758.8231326,6101.23616995,21888.8845293,10787.5450362,5358.33248374,10560.1331773,6294.40951689
2019-04-25,46393.3469352,18745.3288983,6089.97081534,21886.8603654,10774.2872636,5358.33248374,10568.8988218,6281.28115336
2019-04-26,46609.3944955,18817.2888675,6118.12819046,21931.2384804,10802.8444834,5370.16746453,10639.0253154,6330.87908107
2019-04-29,46682.4668603,18889.2509783,6106.86483966,21892.9155894,10780.4029217,5355.02001486,10591.6900326,6268.8818561
2019-04-30,46706.2870449,18902.7387877,6111.08884668,21907.0348522,10801.8227096,5364.0112019,10624.1229841,6328.69040493
2019-05-01,46355.2259857,18776.8147311,6077.29946219,21921.1924877,10796.9151984,5352.4119591,10553.9971593,6333.79608482
2019-05-02,46255.1260408,18740.8379589,6085.74614038,21872.6643571,10766.2544919,5330.63303633,10513.6746596,6340.35989725
2019-05-03,46707.8826295,18925.2234672,6164.58425258,21909.0590161,10780.5611983,5345.31041045,10575.911605,6394.33443858
2019-05-06,46515.6660714,18745.3288983,6033.66140857,21937.3704499,10808.159393,5353.36051276,10589.9365024,6373.91098034
2019-05-07,45738.865186,18430.5112611,5919.63258887,21963.6653944,10844.955425,5356.20150566,10624.9997492,6258.67049632
2019-05-08,45675.3284673,18457.4933048,5904.14723483,21959.6132293,10824.5087104,5342.46988435,10598.7028157,6252.10742256
2019-05-09,45537.107573,18322.5680949,5821.09112701,21971.7543755,10853.1258692,5351.46620628,10624.1229841,6268.15278983
2019-05-10,45765.8603135,18444.0054954,5868.9538556,21975.7931101,10845.9725161,5363.30538834,10644.2845684,6335.25495603
2019-05-13,44615.7575425,18030.2351372,5670.45892193,22012.193525,10900.1461951,5374.66749273,10752.9800316,6328.69040493
2019-05-14,45019.2565423,18201.1414025,5749.29436239,22030.3937325,10889.9237744,5378.45610568,10734.5719775,6352.03086691
2019-05-15,45282.9363588,18282.0939585,5764.77971643,22068.8125554,10924.6743857,5389.3476677,10728.4359594,6395.06128884
2019-05-16,45702.3290036,18394.5302057,5750.7016968,22042.5156923,10903.2087069,5380.82282175,10651.2973515,6420.5896883
2019-05-17,45406.8483752,18291.0844037,5640.89755207,22048.59394,10908.3222587,5375.6165132,10575.911605,6408.19112971
2019-05-20,45106.6323763,18210.1339893,5621.18685514,22018.2545049,10889.9237744,5368.51263051,10575.0348399,6315.56278007
2019-05-21,45513.2873883,18336.058046,5697.20896264,22016.2418529,10877.6606156,5371.35362342,10550.4907678,6369.53584406
2019-05-22,45373.5087707,18264.1066432,5673.27425868,22052.6365119,10910.3620601,5373.24652947,10539.9715931,6388.49673774
2019-05-23,44819.0918095,18079.7104269,5601.47849597,22117.3502793,10976.7988979,5384.61236832,10621.4933577,6403.08544982
2019-05-24,44920.7657039,18268.6040074,5609.92484019,22125.4354231,10973.7363861,5393.60962386,10632.8892974,6422.77688711
2019-05-28,44502.9794612,18111.194118,5626.81953244,22157.799022,11021.7663107,5396.44828273,10591.6900326,6359.32374561
2019-05-29,44204.3320031,17989.7631424,5674.68159309,22163.8676765,11017.680152,5405.91794787,10595.1964241,6274.71734093
2019-05-30,44325.0636679,18057.2214641,5700.02296353,22222.5166267,11057.5433786,5423.91245895,10667.0757791,6300.97406799
2019-05-31,43727.7687517,17917.79889,5721.13698727,22325.6453797,11131.1288868,5458.00250657,10810.8344891,6337.44437084
2019-06-03,43616.5754374,17989.7631424,5754.9250359,22378.3465497,11184.6863173,5472.71629171,10966.8652351,6352.75845584
2019-06-04,44563.3520546,18223.6282236,5756.33370617,22358.0722937,11143.7254566,5461.76544509,10970.3716267,6324.31526864
2019-06-05,44949.3618248,18214.6313536,5714.10031522,22345.9081239,11143.7254566,5465.0970531,10998.4220904,6456.32870887
2019-06-06,45241.6350577,18291.0844037,5712.69364875,22341.865552,11141.6725435,5461.76544509,11034.3614335,6468.7287448
2019-06-07,45694.388942,18506.9643113,5753.51770149,22404.700972,11185.706218,5481.76022804,11096.5983789,6492.79753438
2019-06-10,45904.0757991,18556.4374593,5807.01110358,22345.9081239,11130.409618,5452.24163023,10986.1500543,6471.64500988
2019-06-11,45892.9553859,18646.3847438,5867.54585325,22341.865552,11130.409618,5445.10086972,10973.0012532,6489.14998703
2019-06-12,45811.9429596,18497.9717244,5804.1950989,22370.2326263,11159.0848428,5447.95726728,11029.9789456,6511.0315778
2019-06-13,46000.9845748,18506.9643113,5809.82844413,22418.893143,11186.7345477,5449.8599763,11097.4751439,6538.74717607
2019-06-14,45950.1476276,18381.0359714,5738.03301538,22412.8072208,11194.9246594,5441.29078361,11093.9687524,6542.39250741
2019-06-17,45967.6125178,18394.6822594,5761.98642146,22406.71938,11192.8754925,5430.81561424,11086.956638,6612.41167735
2019-06-18,46448.9381835,18649.3401546,5892.39295342,22467.5459852,11214.383316,5453.19391835,11143.0575654,6605.84860359
2019-06-19,46553.7978384,18753.9359968,5933.50020966,22544.5601458,11245.1048981,5484.61802603,11210.5537638,6641.58836283
2019-06-20,46998.5765042,18935.8329636,6025.63419217,22583.0768193,11263.5342884,5515.5692573,11492.8119307,6675.13870726
2019-06-21,46930.2530318,18867.6229396,6001.53985228,22524.2839712,11217.4570663,5490.80929926,11569.0737736,6581.05000907
2019-06-24,46872.8228046,18894.9048076,6005.79057662,22564.8324832,11256.3650139,5501.28400182,11740.883616,6558.43935203
2019-06-25,46413.0672788,18794.8641528,5940.58831254,22568.880811,11273.7773132,5491.762521,11763.674158,6461.43660477
2019-06-26,46366.7845086,18817.5951166,5998.70314168,22518.2095608,11227.6972815,5486.52446951,11655.8554599,6332.33721361
2019-06-27,46531.2000338,18863.0763185,6032.72162712,22581.0392249,11261.4916774,5497.00010569,11644.4595201,6413.853766
2019-06-28,46770.6404866,18967.6678775,6028.46956691,22570.9107308,11266.611785,5498.9028147,11676.0163754,6435.94292275
2019-07-01,47195.2498816,19054.0708106,6114.93413581,22587.5741086,11252.4577359,5487.5103678,11449.8591358,6433.0022816
2019-07-02,47318.1585728,19113.185451,6106.4300154,22628.2051221,11292.467064,5490.38403726,11694.4250982,6544.92909664
2019-07-03,47696.4527451,19213.2303889,6113.51811828,22664.7667026,11314.0048569,5504.7435152,11713.7099174,6622.98424626
2019-07-05,47642.1866432,19081.3591035,6070.99417656,22569.295237,11242.192234,5487.99024633,11583.0993398,6599.42144492
2019-07-08,47380.4188238,18967.6678775,6046.8985008,22557.0965316,11230.9124506,5488.94626892,11508.5896896,6622.98424626
2019-07-09,47439.4608619,18876.7161817,6031.30627751,22551.0067721,11223.7291279,5494.69127379,11548.9128581,6645.07709636
2019-07-10,47666.1312293,18958.5746354,6070.99417656,22567.2557239,11229.8803747,5504.26457029,11731.2412064,6683.36895688
2019-07-11,47777.881646,18963.1148316,6058.23866388,22483.9561027,11174.4854371,5487.03048928,11632.1874841,6596.47563308
2019-07-12,47991.7657018,18985.8629282,6058.23866388,22508.3420016,11186.7991695,5496.60565301,11704.9436041,6587.63967491
2019-07-15,48007.7431826,19004.0472709,6086.58573191,22540.8399052,11210.3945583,5510.48852007,11704.9436041,6582.4845042
2019-07-16,47852.9011649,18917.6421961,6075.24556883,22516.4712741,11185.7717764,5501.39370168,11605.8898818,6567.02120807
2019-07-17,47527.2612836,18881.2649444,6061.07203482,22575.3849965,11238.0845347,5512.88137739,11796.9845434,6544.92909664
2019-07-18,47701.2449075,18935.8329636,6099.34324839,22611.952333,11265.7866862,5524.3690531,11963.5337953,6544.92909664
2019-07-19,47436.2696927,18908.5510956,6059.65534935,22585.5384329,11245.2678574,5515.752246,11787.3421338,6438.15523631
2019-07-22,47552.7960456,18926.7461463,6052.56724647,22613.9880087,11250.3954574,5517.18861392,11785.5886036,6432.26361263
2019-07-23,47892.796188,19035.8779016,6052.56724647,22591.6339483,11231.9332878,5515.752246,11718.9691704,6505.16654621
2019-07-24,48117.8817885,19040.4202394,6070.99417656,22624.1414451,11248.3481636,5517.18861392,11778.5758205,6510.31876225
2019-07-25,47888.0040256,18849.4364553,6035.55766979,22589.6097844,11228.8567278,5508.09332872,11695.3011946,6472.02837907
2019-07-26,48208.8571531,18903.9980497,6041.22641546,22593.669624,11226.8075609,5504.26457029,11714.5860137,6501.48058808
2019-07-29,48121.0621401,18899.4535702,6039.81039792,22603.8249791,11237.0655705,5499.48025608,11792.6013867,6519.15693643
2019-07-30,48002.9618377,18699.365836,5980.27621159,22601.791222,11242.192234,5507.61531742,11832.0471214,6571.44066449
2019-07-31,47477.7765268,18581.1215641,5919.32533978,22611.952333,11270.9170958,5516.23119091,11676.8938092,6545.6655496
2019-08-01,47064.3470413,18508.3670606,5811.59846605,22789.1271124,11398.7577628,5536.38235451,11957.3984461,6545.6655496
2019-08-02,46709.9704114,18362.8473455,5756.31767579,22797.2544663,11422.3924866,5540.21998229,11911.8160246,6577.3315495
2019-08-05,45305.2664297,17894.4522157,5553.62111084,22897.0505438,11521.0512563,5559.41232246,12078.3652765,6447.7283861
2019-08-06,45940.5578939,18017.2377546,5641.50269918,22958.1361652,11539.5471416,5580.0442982,12176.5429026,6519.15693643
2019-08-07,45967.7098755,18089.9986829,5665.60037874,22945.9201921,11539.5471416,5582.92170212,12361.5008774,6582.4845042
2019-08-08,46869.6100004,18276.4422708,5739.3080991,22968.3202999,11540.5745347,5597.31852469,12423.737154,6698.09653872
2019-08-09,46550.3416399,18144.5645606,5682.60861957,22937.7659773,11523.1060425,5591.55811516,12382.5378892,6689.99334016
2019-08-12,45983.6765388,17989.953745,5618.82304096,23021.2632183,11596.0650002,5614.11053862,12502.6299609,6672.32363983
2019-08-13,46698.7959106,18167.3062323,5685.44533017,22988.6904878,11554.9627207,5604.99471387,12428.1203106,6681.89605096
2019-08-14,45318.0256976,17676.1726431,5528.10574391,23059.9487321,11632.0378066,5615.55017419,12513.1484668,6580.27588399
2019-08-15,45437.7432196,17712.5573905,5559.28918859,23165.8595113,11706.0260304,5640.49825582,12596.4230927,6645.81354932
2019-08-16,46108.1808145,17921.7426501,5632.99791084,23147.5154059,11675.1967453,5624.1851868,12515.7780932,6714.2962878
2019-08-19,46663.6822324,18030.8754762,5651.42484093,23086.4259472,11619.7044067,5603.07473296,12369.3897568,6762.89848975
2019-08-20,46306.1252509,17980.8583612,5661.34698267,23149.5434071,11671.0843633,5610.2705768,12465.8138527,6715.0342181
2019-08-21,46682.8292473,18130.9225557,5705.28827779,23137.3389459,11640.2541416,5604.51436853,12426.3667805,6743.01352119
2019-08-22,46668.4689861,18067.2612944,5647.17144486,23076.2475685,11614.5646316,5599.7165169,12394.8099252,6773.94232945
2019-08-23,45469.6873637,17844.4318883,5566.37729146,23169.9212696,11692.666174,5631.86184279,12637.6223575,6678.94876178
2019-08-26,45972.4858117,17999.0512703,5601.81279634,23159.7467282,11681.3601673,5625.6262228,12639.3758877,6730.49899157
2019-08-27,45792.1252583,17994.500366,5604.64883901,23233.0406482,11731.716477,5652.01440681,12760.3440557,6711.35047597
2019-08-28,46114.5685616,17999.0512703,5625.90980797,23235.0897544,11735.8279224,5663.04881205,12724.4040438,6733.44037139
2019-08-29,46703.5880731,18140.0200811,5691.11407584,23220.8170005,11713.2215282,5666.40749492,12633.2392009,6785.72483813
2019-08-30,46682.8292473,18230.9653521,5726.55125055,23241.1891071,11716.3018344,5644.81716255,12600.8062494,6790.87927017
2019-09-03,46409.8761096,18158.2108486,5696.78415738,23235.6845324,11742.0353622,5638.04891475,12776.1218146,6858.62777171
2019-09-04,46936.6407788,18412.8687437,5790.33549329,23276.5054911,11760.5658997,5651.97006006,12855.8907178,6916.06371581
2019-09-05,47540.0259603,18562.939363,5834.27812428,23176.4945261,11665.8640451,5626.52809567,12547.3349485,6865.98934662
2019-09-06,47576.7514493,18603.8632359,5852.70438643,23200.991706,11673.0670353,5631.32968178,12440.3923467,6881.45412009
2019-09-09,47600.6960355,18640.2469124,5868.29928145,23103.0125795,11601.0118464,5602.52576686,12393.9338289,6848.31816895
2019-09-10,47589.5215347,18694.8170733,5868.29928145,22978.5025159,11516.6082729,5570.3645695,12287.8673234,6777.62533292
2019-09-11,47927.915275,18808.4997328,5912.23857277,22982.5911351,11505.2816621,5564.12241421,12362.3769737,6784.99060118
2019-09-12,48093.9372023,18908.5510956,5949.09176502,22945.8415279,11479.5471978,5559.80257387,12387.7984797,6821.07088681
2019-09-13,48062.0038757,18994.9540287,5980.27621159,22809.0963048,11374.5517447,5527.16103117,12285.237697,6748.16943057
2019-09-16,47913.5550138,18858.5275558,5932.08085246,22870.3277428,11423.9649506,5560.28245239,12387.7984797,6807.0804966
2019-09-17,48034.8843467,18931.2842009,5939.1702912,22905.0244065,11453.8155431,5567.48343112,12412.3425518,6880.71914447
2019-09-18,48063.6048691,18881.2649444,5909.40319804,22931.5572622,11457.9316713,5550.20313613,12334.3271788,6857.15338845
2019-09-19,48060.4028824,18958.5746354,5872.55000579,22964.2105756,11463.0808119,5561.24220944,12384.2914193,6881.45412009
2019-09-20,47833.3268578,18917.6421961,5882.47281547,23047.9054364,11528.9585306,5591.96377123,12530.6797558,6881.45412009
2019-09-23,47822.109087,18890.3539033,5903.73378443,23058.1087575,11545.4324089,5599.64649571,12600.8062494,6892.4979598
2019-09-24,47446.8600473,18810.2494217,5831.82146744,23121.3816271,11603.0759981,5612.12800545,12667.4256826,6877.21046688
2019-09-25,47727.4990348,18778.2067724,5837.56435366,23025.4516068,11526.9018713,5582.84467882,12432.5034673,6890.57077246
2019-09-26,47628.0805938,18819.4047703,5834.69291055,23064.2330524,11551.6023867,5586.20522892,12428.9964069,6948.46912334
2019-09-27,47371.488959,18737.0002081,5761.48881152,23092.8015839,11568.076265,5577.56414781,12365.0066001,6909.8707152
2019-09-30,47591.1766156,18805.6728182,5778.71413051,23098.9316348,11577.336851,5582.36433349,12173.0358422,6921.7455575
2019-10-01,47025.1064782,18636.2913735,5738.52394599,23140.8673226,11609.3986332,5593.23302192,12239.656613,6856.42358351
2019-10-02,46194.4126955,18265.4836933,5711.25358563,23157.2333114,11649.6027632,5593.23302192,12382.5378892,6827.47588541
2019-10-03,46572.8745394,18393.6692817,5780.14951809,23247.2481683,11710.4287423,5611.02260433,12438.6388165,6893.54096038
2019-10-04,47203.1088117,18535.5761141,5807.42121432,23284.0668465,11733.1119334,5628.33417545,12438.6388165,6935.10734042
2019-10-07,46999.4581323,18512.6930967,5762.92486704,23220.6462417,11693.9408158,5612.94818694,12332.5736486,6920.26157154
2019-10-08,46269.7837839,18338.7286237,5714.12302494,23228.8369106,11718.6787931,5607.65645254,12440.3923467,6883.89025034
2019-10-09,46709.1807322,18485.2249093,5757.18532049,23216.5537852,11688.7851194,5596.11649434,12451.7882864,6897.25203326
2019-10-10,47025.1064782,18604.244441,5818.90431502,23136.7748661,11615.5845323,5578.32364427,12343.0921545,6908.38599058
2019-10-11,47512.5981318,18920.1157465,5896.41390887,23061.0845662,11536.204602,5561.01440719,12274.7191911,6905.41728001
2019-10-14,47459.6950378,18851.4474196,5883.49608852,23099.9523506,11568.1643005,5570.15077148,12323.8073353,6908.38599058
2019-10-15,47929.5487209,19062.0247205,5923.68426923,23024.2735626,11512.4902716,5551.39909798,12237.9030829,6917.29286097
2019-10-16,47852.582048,19075.765239,5939.47286476,23065.1751041,11535.1659703,5560.05371652,12308.0295765,6918.03300728
2019-10-17,47993.7128559,19126.1164439,5958.1329034,23059.0392973,11531.0498421,5567.74671078,12325.5608655,6963.31267621
2019-10-18,47783.6095242,19103.2270016,5942.34564374,23075.4014488,11541.3556157,5576.40132932,12312.4127331,7016.75611455
2019-10-21,48107.5564632,19222.248675,5985.40526756,23011.9885185,11499.0910802,5558.61081329,12253.6808417,7070.20103024
2019-10-22,47950.3994956,19176.4697904,5981.0991048,23046.7638464,11525.8913361,5575.43970504,12289.6208536,7049.41710155
2019-10-23,48089.9130839,19268.0339844,5983.96987997,23065.1751041,11530.0177663,5579.28853621,12318.5480824,7065.00523273
2019-10-24,48168.5023852,19300.0744921,5991.14815377,23071.3185855,11527.9545512,5582.65188715,12406.205865,7047.19149195
2019-10-25,48365.7490914,19313.8085858,6018.4178462,23038.5885265,11503.2137643,5583.61444505,12435.1330937,6987.06605414
2019-10-28,48638.3722946,19400.7897514,6065.78563659,22989.4828856,11459.9152799,5556.68663111,12328.190492,6944.75657312
2019-10-29,48623.9146757,19377.8981675,6031.33767035,22991.5185613,11470.2247996,5542.74401263,12294.0040102,6987.06605414
2019-10-30,48773.0666766,19455.721843,6054.30253589,23056.9921097,11525.8913361,5563.41940151,12361.5008774,7012.30267936
2019-10-31,48643.1806834,19409.9472416,6006.93407757,23147.0012108,11599.09005,5580.72770497,12485.0973343,6999.68325875
2019-11-01,49093.8008114,19583.8967234,6100.23493868,23153.3595797,11577.2029247,5588.90477903,12496.4932741,6998.20001146
2019-11-04,49291.0475175,19689.1843031,6144.72928216,23095.9500701,11518.3530617,5585.05641467,12460.5532622,6949.21222432
2019-11-05,49236.5217951,19684.6119828,6174.87175356,23009.8434803,11456.3985424,5574.47668033,12258.9414322,6831.18769697
2019-11-06,49247.7449747,19666.299144,6164.82404045,23044.6974724,11489.4436999,5592.27139763,12311.5352993,6846.03272717
2019-11-07,49420.9443283,19753.278168,6206.44627289,22936.0353651,11397.549616,5561.01067272,12120.4419752,6777.74351995
2019-11-08,49542.8307636,19712.075887,6150.46882871,22923.729216,11382.0637958,5557.64638816,12043.3026985,6761.41228779
2019-11-11,49448.2153026,19693.7630482,6116.02153041,22927.8331843,11394.454325,5560.5307942,12014.3754697,6776.259534
2019-11-12,49552.4475411,19698.3439349,6070.09046348,22952.4339708,11399.6147042,5559.5682363,12046.8084213,6725.04392126
2019-11-13,49568.4953358,19634.2543531,6031.33767035,22993.442956,11430.5882177,5564.37775813,12095.0204692,6786.65112901
2019-11-14,49640.6482112,19620.5159762,6028.46622725,23059.0469718,11488.409751,5577.36342041,12145.8621436,6839.35146638
2019-11-15,49999.8548649,19739.5462159,6068.65374003,23046.7389041,11479.1191954,5570.63065001,12115.1827223,6876.46662723
2019-11-18,50036.7426168,19762.4335166,6067.22102417,23089.8027515,11498.7361286,5581.6916633,12151.1213966,6909.8707152
2019-11-19,50022.3012242,19725.8099807,6088.74983419,23106.1994385,11520.4162768,5591.7910523,12157.2580834,6921.7455575
2019-11-20,49836.2722889,19606.7883073,6065.78563659,23161.5617605,11562.7491803,5613.43179993,12163.3934326,6918.03300728
2019-11-21,49756.1090381,19579.3222615,6072.96057072,23128.7530373,11533.8426281,5600.92881702,12096.7739994,6820.79610196
2019-11-22,49866.7560675,19602.2117038,6061.47813796,23141.0611051,11531.7756668,5602.85159878,12073.9834574,6795.55873807
2019-11-25,50253.2282868,19753.278168,6116.02153041,23163.6147039,11536.9341729,5609.10402385,12016.1289999,6817.08502907
2019-11-26,50367.0935291,19767.0122617,6091.61860556,23196.4138339,11558.6152577,5621.12806184,12073.9834574,6907.6428896
2019-11-27,50591.6003921,19821.9443533,6110.27998006,23167.7129164,11528.6794393,5610.06564813,12009.9923131,6940.30387659
2019-11-29,50403.959646,19670.8800307,6037.07721691,23139.0158362,11519.3795183,5597.08185309,12084.5019633,6908.38599058
2019-12-02,49975.8021035,19583.8967234,6038.51193656,23113.5286386,11478.0271805,5589.08916815,12078.3652765,6803.72398482
2019-12-03,49640.6482112,19510.651793,6014.11168344,23218.3189328,11580.3890607,5623.74825461,12194.0741916,6847.51745179
2019-12-04,49946.9463621,19680.0332377,6067.22102417,23179.2823082,11535.9273838,5619.89802301,12177.4189989,6875.72426492
2019-12-05,50036.7426168,19661.7182573,6098.79621143,23152.5671819,11509.0437752,5611.71534726,12184.431782,6879.43681514
2019-12-06,50493.7829444,19831.1039851,6121.7637487,23119.6913064,11473.8913848,5607.86418205,12063.463614,6893.54096038
2019-12-09,50335.0195748,19725.8099807,6098.79621143,23132.0185605,11483.1987982,5609.30708529,12059.9578912,6906.90126596
2019-12-10,50278.8982678,19744.1228194,6111.71536765,23123.799112,11469.7518429,5607.86418205,12094.1443729,6866.81887187
2019-12-11,50421.6408866,19853.984861,6193.53112427,23185.4430573,11517.3172397,5627.60082024,12177.4189989,6797.04346269
2019-12-12,50856.1915848,20009.632212,6278.21565226,23086.8192682,11426.3278611,5600.16138483,12134.4662039,6705.00087754
2019-12-13,50886.6861809,20124.0772819,6271.03804639,23179.2823082,11493.5317316,5622.78429628,12188.8149386,6706.4870795
2019-12-16,51236.254422,20325.5078006,6324.14738712,23132.0185605,11439.7691971,5609.78836423,12187.9375048,6754.73102699
2019-12-17,51247.4938279,20252.2564454,6371.51317371,23134.0676667,11440.8022095,5617.49069465,12185.3078783,6690.89599364
2019-12-18,51250.7012234,20201.9095237,6405.96113994,23088.8741303,11409.7846783,5611.23220108,12186.1853122,6772.44800214
2019-12-19,51460.7558762,20220.2159377,6410.2693065,23113.7818989,11418.6912492,5620.33822287,12217.7421674,6832.46707161
2019-12-20,51686.3823527,20252.2564454,6416.00952098,23117.8916232,11418.6912492,5617.45008236,12230.0142035,6869.98037504
2019-12-23,51765.334041,20280.0051827,6427.49195375,23101.4239465,11408.3358386,5607.81283318,12267.706408,6835.47049963
2019-12-24,51766.9674869,20261.5060245,6421.67893459,23130.2438197,11428.0080281,5614.55774059,12383.415323,6853.47555567
2019-12-26,52042.5276476,20353.9868242,6475.46021572,23150.8308138,11444.5736881,5618.41077303,12480.7155152,6883.48545974
2019-12-27,52029.6277519,20409.4671659,6484.18074636,23181.7017117,11461.1430942,5620.33822287,12476.3323586,6905.24221546
2019-12-30,51742.7795065,20261.5060245,6447.84186237,23181.7017117,11453.8960863,5622.26660632,12502.6299609,6911.99512715
2019-12-31,51868.4845273,20372.4795575,6463.83083774,23128.1851202,11412.4772536,5616.48379,12526.2965991,6961.5110626
2020-01-02,52353.5584646,20538.9441402,6617.90490053,23191.9856156,11465.2835727,5643.94843304,12618.3375384,6879.7330214
2020-01-03,51957.1124895,20289.2526202,6500.16972172,23259.907347,11541.9044328,5669.96550476,12785.7642242,6922.49973851
2020-01-06,52155.3381814,20358.6062597,6488.53900788,23241.3828896,11529.4801878,5655.51173163,12919.8805245,6930.75067086
2020-01-07,52008.6742107,20326.2359453,6485.63416813,23216.6900085,11512.9145278,5638.16514991,12970.722199,6853.47555567
2020-01-08,52285.8678173,20353.9868242,6514.70393945,23189.9326721,11485.9887745,5632.86828063,12873.4220068,6874.48108505
2020-01-09,52640.40671,20437.2116199,6548.13664783,23214.6274718,11494.2772238,5632.38606806,12800.6658867,6870.73012404
2020-01-10,52488.9181242,20367.8515556,6580.1112589,23253.7350861,11519.1247772,5649.24810317,12877.8051634,6923.24874884
2020-01-13,52849.8934429,20488.0725261,6670.23075609,23239.3280275,11505.6628371,5648.28507847,12782.2585014,7006.52481071
2020-01-14,52769.3299437,20501.9501071,6639.70756299,23259.907347,11528.4424927,5655.99347739,12770.8625616,6980.26660631
2020-01-15,52888.5769035,20488.0725261,6597.55432398,23294.8898879,11557.4380169,5660.33012282,12845.3708743,7043.28614913
2020-01-16,53328.5363631,20599.0439175,6630.98569649,23294.8898879,11533.6234759,5651.17461939,12825.2099588,7099.5542576
2020-01-17,53494.5150203,20649.9091068,6673.13960343,23268.1383074,11524.306697,5642.0209832,12848.8779346,7106.30716928
2020-01-21,53389.7581319,20483.4530905,6507.43616266,23334.009014,11569.8631984,5660.33012282,12862.9035009,7173.82963812
2020-01-22,53396.2161929,20534.3097135,6546.68255812,23346.3535359,11571.9367156,5656.47568995,12867.28532,7125.81393933
2020-01-23,53457.4487793,20483.4530905,6487.08825783,23377.2282711,11600.925684,5668.03805493,12896.2125487,7185.83227014
2020-01-24,52982.0511159,20404.8498719,6437.66523823,23420.4417723,11642.3379608,5680.56717907,12971.5982953,7161.07504108
2020-01-27,52132.7728294,19974.8290377,6221.09069953,23492.4847399,11721.0332746,5693.57431451,13060.1335117,7126.56294966
2020-01-28,52679.0847619,20145.913056,6273.41789095,23471.907339,11681.6870225,5684.90055685,12943.5485004,7155.07335574
2020-01-29,52635.5658687,20150.5324915,6302.48899814,23525.4239304,11737.6017442,5705.62075928,13013.674994,7128.81293533
2020-01-30,52806.3853672,20104.2995873,6216.73110214,23527.4730366,11748.9901672,5711.88532136,13014.5510903,7134.06708769
2020-01-31,51847.5309861,19762.1379756,6106.26370014,23597.4630607,11808.0076722,5736.45575539,13089.9368368,7047.03784881
2020-02-03,52232.6780589,19831.4937567,6149.86768919,23589.8230411,11797.9510204,5722.8076927,13004.9086807,7070.29631853
2020-02-04,53028.7774045,20150.5324915,6296.67397519,23511.4504842,11729.5212086,5698.209717,12835.7284647,7143.06850771
2020-02-05,53641.1573559,20344.7329619,6331.5594374,23476.3931164,11678.7191021,5681.32574192,12851.5075611,7147.57069505
2020-02-06,53821.6693547,20414.0930262,6328.65192592,23490.82128,11687.0159803,5691.93721919,12920.7566208,7171.57891378
2020-02-07,53534.804883,20215.2666955,6242.89603372,23558.8849907,11742.99907,5715.08809039,12954.9431026,7170.07719977
2020-02-10,53934.4582535,20261.5060245,6282.13908952,23585.6979677,11765.8133778,5723.76931698,12988.253488,7250.35426564
2020-02-11,54027.9162396,20400.22187,6362.0826305,23556.8205354,11737.821833,5706.88907636,12943.5485004,7305.12213744
2020-02-12,54376.0241151,20483.4530905,6443.48092912,23532.0624206,11707.7530248,5701.10299239,12933.0286569,7348.63417154
2020-02-13,54317.9989242,20335.4919492,6375.16609819,23548.5761446,11718.1140547,5713.15970693,13006.6622108,7392.89964798
2020-02-14,54405.0150756,20321.6165098,6362.0826305,23573.3246662,11747.150787,5717.50008683,13061.009608,7469.4242755
2020-02-18,54264.8145746,20182.9049475,6340.27930011,23604.2627165,11765.8133778,5730.04134798,13228.4362938,7461.17186581
2020-02-19,54524.2728529,20266.1318848,6392.60916326,23598.0808624,11763.7342414,5727.63028515,13305.574233,7360.63975824
2020-02-20,54300.285231,20118.1707435,6305.39784549,23651.7010603,11797.9510204,5738.72350818,13359.9229677,7448.41726878
2020-02-21,53741.0734029,20025.6942271,6282.13908952,23699.1413228,11845.6465974,5749.33358504,13560.6587014,7470.17550184
2020-02-24,51958.7351179,19244.2729101,6061.20361758,23775.4570989,11937.9199832,5775.86134461,13682.5029657,7368.14241892
2020-02-25,50384.2555286,18915.9781714,6013.23735941,23816.7174259,11971.1028133,5766.21429246,13437.9383407,7168.57770177
2020-02-26,50198.9513674,18929.8557524,6051.02899723,23791.965067,11964.8794522,5763.32101707,13496.6688946,7091.30184791
2020-02-27,47944.4228144,18351.87806,5905.67680094,23796.0843844,12022.9388687,5780.20312492,13499.2985211,6713.92843066
2020-02-28,47742.9843183,18250.1519645,5889.68849351,23971.4095961,12157.7268483,5789.3674977,13006.6622108,6551.8777556
2020-03-02,49810.5752641,18490.5874807,6003.0614032,23962.9311313,12149.4224777,5802.87225036,13078.540897,6831.71806128
2020-03-03,48384.3714564,18342.628481,5973.99163187,24126.2053728,12290.5977143,5861.71618752,13489.6561115,6815.96151357
2020-03-04,50418.1143742,18846.6223902,6058.29543817,24107.6060885,12263.6110854,5853.03636135,13513.3240873,7073.2960532
2020-03-05,48742.1285621,18351.87806,5942.015017,24182.0109004,12372.6093443,5871.36370647,13805.2246639,6921.74851217
2020-03-06,47936.3637601,18083.6959482,5830.09285735,24359.7612715,12498.2088521,5910.43132677,13810.4839168,6802.45790621
2020-03-09,44192.7978197,16613.3255474,5395.48935629,24328.7675806,12610.3211329,5788.88295109,13833.2744588,6278.0383966
2020-03-10,46479.5517723,17232.9177793,5667.29959979,24053.8650163,12378.8336419,5622.96541775,13541.3738822,6543.27669417
2020-03-11,44213.7486565,16335.8981397,5421.65228407,23710.7817043,12255.3048417,5495.63002449,13493.1618342,6150.10536374
2020-03-12,39983.4969679,14509.4939002,4876.58071307,22762.1011666,12261.5385048,5482.60748439,12954.9431026,5527.08130322
2020-03-13,43401.5312023,15425.0094855,5218.15854133,23119.6625268,12181.6050746,5504.31358512,12559.6069845,6009.47239535
2020-03-16,38652.376479,13755.8159664,4587.32773846,23506.1627157,12503.4038835,5466.20898953,12415.8482746,4944.12929543
2020-03-17,40739.3091551,14380.0276338,4875.12628939,22898.5087092,12189.905699,5313.31119544,12584.1510567,5229.93398368
2020-03-18,38676.5536419,13524.6257461,4478.31375823,22026.3031946,12020.7042653,5248.19569409,12333.4497449,4732.42159915
2020-03-19,38758.7424738,13723.445652,4503.02393217,22518.1999676,12060.1516646,5349.9672861,12100.2797222,4749.05642426
2020-03-20,37088.4656092,13598.6041752,4523.37317285,22741.4182405,12367.4171225,5588.23724373,12281.7319742,4512.39649032
2020-03-23,36140.1772433,13366.8464304,4435.70732681,23280.8761502,12513.7873905,5693.38385689,12824.3338625,4302.95724643
2020-03-24,39414.595344,14555.8349553,4715.30566676,23473.0853832,12428.6626751,5696.76167888,13446.7033165,4690.07998603
2020-03-25,40004.6398157,15080.6645105,4869.66694065,23712.8384851,12435.9265409,5751.74558148,13262.6227755,4942.61687073
2020-03-26,42340.5080251,15721.6031604,5066.25893377,23785.176923,12466.0309379,5781.16801686,13432.6790878,5291.17924364
2020-03-27,41079.3606808,15238.5733932,4792.48596974,23886.4541896,12558.4195192,5799.97897497,13345.8974015,5296.47143744
2020-03-30,42413.4505797,15549.7545903,4862.3858052,23909.1977337,12587.486221,5707.85303468,13404.6279553,5412.15290684
2020-03-31,41781.2583357,15484.7344824,4885.68664093,23845.1190357,12610.3211329,5687.59590568,12977.7349821,5281.34903704
2020-04-01,39900.8970701,14797.3498389,4712.39347975,23764.1313742,12661.6655007,5722.1817033,13100.4553427,4934.29982751
2020-04-02,40821.6332061,15080.6645105,4850.73605527,23799.347989,12663.7390178,5809.61529054,13315.2166426,4950.93317528
2020-04-03,40231.5806212,14783.4133638,4757.53638597,23815.9135162,12673.0960683,5860.81711549,13380.9599795,4879.10426637
2020-04-06,42933.7815273,15577.6253988,4991.99181969,23931.9105795,12615.9348013,5856.95381328,13751.753363,5240.51947929
2020-04-07,42977.5519279,15665.8679681,5021.11535961,23965.0531458,12559.8093563,5853.08864383,13678.119809,5288.90894457
2020-04-08,44420.2389356,15814.4908645,5079.36744894,23987.8312254,12544.2223889,5812.9973138,13556.2755447,5649.56886847
2020-04-09,45096.1988758,16153.5396577,5070.62855015,24286.1047287,12571.2436701,5870.47910549,13910.4137355,5966.37438521
2020-04-13,44684.4731501,16023.4930171,5089.56010347,24172.1702021,12544.2223889,5881.10738785,14148.8430112,5715.34844788
2020-04-14,46002.3421739,16311.4549651,5191.49633378,24184.6010627,12560.8564169,5898.49598228,14260.167432,5875.64256813
2020-04-15,45024.8654278,15781.9824167,5076.4535921,24284.0287615,12673.0960683,5904.7754822,14187.4126495,5642.76461929
2020-04-16,45242.0893937,15800.5597434,5105.57946978,24315.1011166,12686.6048358,5853.57272363,14175.1406135,5578.49561792
2020-04-17,46464.3207006,16246.4316449,5188.58314488,24286.1047287,12653.3442722,5825.5535128,13899.8952296,5754.66816626
2020-04-20,45645.7317256,16009.5651084,5150.72304394,24250.8881139,12686.6048358,5807.68363943,13998.9476144,5540.69127892
2020-04-21,44259.7745105,15679.8012308,5008.011186,24263.3189746,12721.9417261,5837.14902114,13903.4009524,5440.12851658
2020-04-22,45242.0893937,15972.4040304,5137.61452877,24263.3189746,12682.4503091,5872.41028979,14176.8928061,5523.30042612
2020-04-23,45238.8441369,15944.5396466,5117.22788384,24321.3136689,12690.7631086,5869.02966695,14318.0218896,5477.1779359
2020-04-24,45869.4272744,16116.3839336,5109.94674839,24308.8866456,12693.876194,5902.36068492,14256.6617093,5500.61811819
2020-04-27,46530.7889679,16339.3257737,5206.05827072,24197.0376793,12626.3267372,5890.76564339,14161.9911435,5688.88674018
2020-04-28,46316.8129631,16469.3659894,5219.16411416,24292.3115252,12681.4069947,5911.05451532,14098.8774331,5735.76451942
2020-04-29,47529.3166129,16905.949763,5360.42021255,24308.8866456,12675.1789509,5903.80872303,14176.8928061,5821.95943171
2020-04-30,47086.782583,16571.5461046,5267.21987533,24255.030455,12645.037092,5859.85315717,13920.0561451,5754.66816626
2020-05-01,45840.2524161,16204.6286444,5091.01519507,24256.2871634,12662.5112035,5859.7546607,14005.9603975,5560.34984544
2020-05-04,45966.6659846,16218.5629779,5155.09099048,24277.0353232,12664.5959592,5865.56641911,14055.0485418,5533.12952472
2020-05-05,46391.3781461,16260.362766,5178.39015638,24258.3497001,12655.2323529,5872.34680392,14114.6565295,5560.34984544
2020-05-06,46076.9019481,16162.8267148,5165.28397898,24160.8041859,12608.4143213,5843.77535934,13933.2042774,5460.54421879
2020-05-07,46632.9171983,16408.9899455,5198.77746924,24235.5255732,12685.4041813,5880.57802769,14147.089481,5538.42245719
2020-05-08,47404.5094465,16673.7251489,5315.2766384,24171.1763472,12643.7858639,5878.63984127,14062.0613249,5669.98309334
2020-05-11,47414.2343993,16669.0778726,5289.06328169,24098.5405203,12608.4143213,5858.30102089,13974.4035423,5587.56831949
2020-05-12,46469.204812,16446.1456696,5273.04424935,24160.8041859,12650.0251463,5863.63056673,14028.7509395,5333.51974876
2020-05-13,45647.3489452,16306.8076888,5257.02688683,24200.241806,12676.0377654,5868.95497768,14163.7446737,5204.22793433
2020-05-14,46193.6230164,16186.050247,5273.04424935,24274.9536001,12695.8064193,5875.7358293,14289.0946608,5222.37296814
2020-05-15,46405.9601665,16190.6932401,5207.51503216,24289.4872889,12687.478635,5885.90383907,14369.7396603,5201.95874327
2020-05-18,47819.4966553,16836.281308,5404.10702528,24254.1996844,12609.4501433,5885.41975927,14261.0448659,5509.69192777
2020-05-19,47328.3216352,16655.1467515,5350.22622216,24281.1815016,12644.8226225,5878.63984127,14398.6668891,5435.5927198
2020-05-20,48132.3339986,16957.0333958,5417.21487251,24343.4432486,12647.9469464,5896.07371606,14432.8533708,5483.98366242
2020-05-21,47800.041341,16771.2558461,5361.87697399,24362.1192785,12656.2691114,5889.77741105,14222.4752275,5488.52093654
2020-05-22,47890.8003551,16724.8152065,5259.93807194,24374.5808374,12680.1969748,5893.16596963,14306.6272874,5562.61718983
2020-05-26,48480.8475313,17221.7771656,5376.43857697,24335.1489732,12646.9101879,5871.3772439,14103.2605897,5770.54474768
2020-05-27,49202.1923873,17402.9085097,5382.26328495,24370.4289031,12657.3152355,5877.18806869,14128.6807581,5885.47166673
2020-05-28,49111.4171468,17519.0218875,5347.31403515,24353.830759,12645.86781,5895.59010307,14176.0167098,5913.44875381
2020-05-29,49330.2502192,17495.7983553,5440.51370444,24418.1684732,12686.4400033,5898.01003525,14280.3296851,5854.47268491
2020-06-01,49529.6225685,17876.644795,5564.29400906,24404.4367754,12681.441647,5905.27263262,14346.073022,5989.81272083
2020-06-02,49939.7473009,18071.7115433,5693.89935562,24425.2424944,12660.6156304,5892.19967727,14253.1559865,6038.20218611
2020-06-03,50604.3596599,18489.7201319,5804.57248093,24364.9396775,12585.6327927,5872.82901648,13990.1826387,6231.76447924
2020-06-04,50471.4447604,18387.5357335,5731.75979053,24292.1580341,12535.6408001,5850.55434372,14137.4470714,6169.7642996
2020-06-05,51764.9986978,18749.8112713,5864.27899393,24306.7185838,12473.1561947,5850.06979712,13850.8057478,6403.39938413
2020-06-08,52390.705837,18972.7498991,5910.87866159,24333.7502855,12486.6958682,5862.6600731,14000.7011446,6562.17997167
2020-06-09,52000.0310102,18726.5877391,5878.8405969,24364.9396775,12531.4750349,5868.47369874,14135.6935412,6453.30238212
2020-06-10,51709.8888292,18694.0782206,5907.96714252,24464.7472668,12625.2075624,5913.50479001,14338.1841426,6289.22849277
2020-06-11,48728.8554619,17667.6426423,5606.52439431,24423.1588526,12669.9886022,5915.44250962,14234.7472636,5885.47166673
2020-06-12,49312.4229421,17969.5314282,5734.67398133,24448.0992381,12641.8696868,5899.46274145,14254.9081791,6096.42370466
2020-06-15,49772.7788403,18025.2709037,5711.37448147,24529.2039366,12631.4524641,5901.88547447,14229.4880107,6182.61935561
2020-06-16,50730.7948634,18266.7857873,5733.21655196,24481.3665159,12605.4173679,5898.97726123,14222.4752275,6304.35273984
2020-06-17,50520.0587067,18308.5855754,5785.64326537,24460.5857393,12625.2075624,5895.10228882,14249.6489261,6212.86194041
2020-06-18,50539.5086122,18224.9817161,5787.09735508,24485.5337994,12653.319922,5921.73834782,14221.5991312,6144.8128006
2020-06-19,50250.686169,18141.3885648,5797.29268134,24493.8472612,12657.4875603,5933.3599974,14378.5059736,6055.5930389
2020-06-22,50573.0591584,18350.5138596,5860.1792224,24487.6155224,12646.033579,5948.37160598,14471.4230091,6049.54740275
2020-06-23,50805.8738787,18439.2168733,5918.6801167,24483.4520763,12641.8696868,5951.75876413,14593.2672734,6024.59368775
2020-06-24,49509.8859986,17986.4029688,5829.46700432,24479.300142,12665.8237735,5943.52894078,14542.425599,5852.95841353
2020-06-25,50040.6531512,18224.476298,5854.33013487,24508.4058923,12667.9029099,5948.85521897,14533.6606233,5927.71577555
2020-06-26,48852.1103138,17949.057713,5784.13039758,24537.5097239,12702.266727,5959.02369554,14598.5265264,5813.94118009
2020-06-29,49570.1341905,18112.442672,5822.15380809,24558.3077683,12714.7621496,5965.80361354,14606.4167434,5926.18710012
2020-06-30,50205.1065377,18107.7782628,5792.90503078,24579.0962194,12691.8560601,5956.11828315,14671.2826465,5996.43784278
2020-07-01,50556.7571519,18168.454131,5870.41729636,24592.223546,12672.0508808,5959.99232194,14605.5393095,6134.64576096
2020-07-02,50835.1947736,18350.5138596,6009.35199431,24621.39453,12687.6874852,5976.4557031,14637.0961647,6117.0850143
2020-07-06,51619.9519468,18658.6132913,6274.06311404,24619.3108883,12668.9209376,5988.07781949,14724.7539473,6114.02877145
2020-07-07,51087.5567571,18401.8673342,6174.61326357,24656.8030087,12709.5792933,5989.52959207,14817.6709829,5992.61929356
2020-07-08,51478.3127153,18551.2483577,6339.87319697,24648.4684418,12689.7731775,5978.87656889,14909.7119221,5984.22099675
2020-07-09,51185.2498032,18336.509924,6344.26151546,24713.055579,12730.4221677,5994.37272408,14869.3900912,5946.80482829
2020-07-10,51707.87677,18509.2301262,6300.38634569,24683.8807578,12705.4079088,5988.07781949,14830.8204528,5965.130836
2020-07-13,51260.134103,18411.1982941,6269.67546348,24681.8086279,12718.9541382,6001.15450931,14849.2278381,5894.1159403
2020-07-14,51924.4057101,18667.9528177,6272.59967327,24721.3901459,12717.9155065,6002.12080167,14918.4782354,5943.74895478
2020-07-15,52401.4584544,18878.0161341,6278.45009667,24723.466113,12713.744122,5998.73177629,14931.6263678,6001.78285142
2020-07-16,52228.8540647,18761.3202405,6189.23765223,24740.1352468,12723.1236496,6010.83797247,14790.4972843,5930.00601867
2020-07-17,52380.2885628,18854.6769554,6217.02566051,24765.119761,12719.9993257,6021.97507545,14912.3415486,6007.12786005
2020-07-20,52803.5998552,18962.041889,6304.77399625,24792.2128592,12728.3392851,6030.2053656,14984.2215724,5935.34954997
2020-07-21,52915.934418,19036.7345424,6351.57404376,24806.7983512,12741.8892607,6043.76426798,15164.7963905,5949.85811647
2020-07-22,53217.1483334,19088.0858754,6329.63579094,24827.6232565,12746.0559625,6043.76426798,15395.3367868,6040.72621796
2020-07-23,52582.1651686,18929.3674671,6287.22606573,24856.7942405,12758.5673064,6046.66827995,15531.2052798,6015.52615686
2020-07-24,52243.5226253,18836.0086107,6271.13756837,24848.4558363,12752.3130393,6045.21744099,15664.4454839,5971.23925901
2020-07-27,52624.5049519,19097.4189769,6358.88523619,24831.7924585,12732.5087965,6045.21744099,15973.8773495,6027.74300288
2020-07-28,52290.7302937,19008.7245297,6290.14827173,24848.4558363,12762.7368179,6056.35594439,16107.1175535,6147.62712936
2020-07-29,52933.8320091,19209.4611694,6401.29896899,24877.6344949,12779.4176732,6070.39845976,16228.0857215,6266.74784146
2020-07-30,52744.9742917,18952.7066459,6326.70957734,24896.3680839,12797.1343506,6076.69336434,16107.9936498,6226.27543016
2020-07-31,53161.784253,18583.9270627,6290.14827173,24906.7862925,12800.2614842,6094.60991851,16254.3819863,6214.82310651
2020-08-03,53531.3757283,18906.0261468,6338.41109207,24916.5962926,12793.9978516,6102.84254271,16272.7907092,6132.35477916
2020-08-04,53738.1364456,19055.4071703,6410.07427012,24964.5910417,12837.8161201,6116.40004466,16619.0386829,6223.98555636
2020-08-05,54071.905695,19158.1098363,6475.88502098,24916.5962926,12795.0430391,6119.30592387,16773.3172363,6192.67854959
2020-08-06,54433.3515759,19200.1237846,6484.66032211,24952.0719236,12809.6494407,6126.08350783,16995.9674156,6202.60478315
2020-08-07,54472.4352848,19120.7602973,6353.03748452,24922.8568109,12782.5279489,6109.62152709,16725.9812847,6291.18005617
2020-08-10,54635.2444079,19195.4550922,6351.57404376,24899.9079725,12768.9639251,6102.35612887,16668.1268272,6301.10628974
2020-08-11,54184.2673017,19274.8078715,6328.17435397,24831.0365149,12725.1484663,6088.79956053,15773.1416158,6210.24114292
2020-08-12,54939.7089888,19657.5999566,6405.68528369,24780.9523682,12687.5985131,6092.67313252,15699.5093994,6272.85589514
2020-08-13,54840.3933143,19573.5763433,6380.82482487,24689.1320721,12661.5137799,6077.17744414,16070.3014453,6195.73479243
2020-08-14,54842.0159427,19452.2053325,6389.59879013,24666.1774777,12667.7708567,6067.00990118,16001.0510481,6196.49525213
2020-08-17,55016.2267346,19601.5799312,6458.33508666,24699.5713857,12688.6362083,6080.08192292,16348.1764557,6246.89315833
2020-08-18,55135.0896723,19596.9133804,6481.73477644,24735.0470167,12710.5458108,6107.19972768,16495.4408884,6217.11371897
2020-08-19,54905.5202088,19489.542022,6407.14939239,24697.4781508,12693.8546534,6088.79956053,15974.7547833,6107.91960977
2020-08-20,55076.4803351,19428.8575874,6389.59879013,24741.3056164,12730.3669114,6082.98966935,16085.2031079,6165.95535307
2020-08-21,55271.8556099,19326.1613462,6430.54774631,24766.3400152,12739.7529948,6103.80930188,15956.3460604,6175.88047863
2020-08-24,55831.9220222,19559.5616997,6494.89839607,24755.9064575,12722.0203961,6115.91596487,15866.0586514,6215.58615155
2020-08-25,56027.2918882,19601.5799312,6554.86139526,24703.744425,12691.7708342,6113.97871207,15885.3434705,6231.62339347
2020-08-26,56589.0133815,19746.2965455,6560.70981486,24699.5713857,12686.5467698,6126.08350783,16072.9310718,6174.35106454
2020-08-27,56712.7496132,19545.564189,6522.68306468,24614.0135266,12641.6879965,6101.87391631,15887.0970007,6265.2187967
2020-08-28,57079.0850143,19680.9412769,6601.65943897,24647.3940041,12662.5542847,6121.24317667,16163.2184809,6306.45277571
2020-08-31,56872.2972533,19545.564189,6462.72206929,24701.6588647,12676.1211181,6148.84506123,16201.7881193,6242.31119474
2020-09-01,57407.9647435,19573.5763433,6592.88413784,24752.871171,12717.6682579,6152.23548704,16221.0729384,6246.89315833
2020-09-02,58238.3069568,19811.6496725,6575.33420352,24803.0359005,12735.4158413,6154.65588602,16008.0638312,6362.95947426
2020-09-03,56234.0742405,19363.5087436,6459.79652362,24809.3021748,12752.1201104,6133.34983966,15878.3306874,6286.60030859
2020-09-04,55774.9353135,19400.8518579,6448.0990165,24685.9701554,12681.12884,6114.46325867,15922.1595787,6253.76721173
2020-09-08,54251.0168246,19162.7785287,6328.17435397,24713.1534296,12708.2737455,6120.27548388,15891.4788198,6177.40730739
2020-09-09,55322.3193526,19494.2149976,6410.07427012,24711.0563574,12702.0110494,6123.66404246,16045.7573732,6238.49375352
2020-09-10,54361.7179416,19279.4787055,6313.54929738,24713.1534296,12717.6682579,6128.99172107,15994.0396025,6162.13495718
2020-09-11,54389.394573,19456.8718833,6360.35001282,24742.4165083,12737.5071529,6125.60176207,15993.1621686,6127.7742929
2020-09-14,55105.7633687,19587.5759956,6465.64761495,24744.5039873,12726.023202,6121.72632285,16119.3895896,6277.43785873
2020-09-15,55384.184764,19708.9448648,6538.77089411,24746.6029781,12719.7567598,6126.08350783,16080.8199512,6353.03176336
2020-09-16,55164.3889321,19708.9448648,6515.37187225,24734.0474059,12712.4498127,6126.08350783,16126.4023727,6386.63012127
2020-09-17,54679.2068196,19736.9570191,6503.67302926,24740.3309479,12716.6211973,6129.47346683,16037.8684938,6262.1673552
2020-09-18,54049.70273,19596.9133804,6452.48466326,24711.0563574,12705.1419292,6124.14718864,16058.9055056,6120.90245551
2020-09-21,53448.1511186,19118.717209,6398.73277117,24715.2447459,12728.1098309,6113.01148609,15736.3255076,5936.87711739
2020-09-22,53992.4888532,19114.0163925,6342.61706491,24734.0474059,12728.1098309,6114.9492057,15660.0623272,6007.8920131
2020-09-23,52740.3552096,18916.9183346,6243.67283957,24681.8009533,12728.1098309,6108.65290069,15321.7032329,5826.92070182
2020-09-24,52880.9397326,18888.7605514,6225.95391825,24683.8826764,12734.3715904,6113.01148609,15378.6815941,5858.22807793
2020-09-25,53735.8539483,18959.1571511,6224.47645089,24692.2517787,12744.8112903,6121.24317667,15334.8527028,5979.04144997
2020-09-28,54628.3698724,19268.886342,6286.49935484,24713.1534296,12742.7237249,6133.83205223,15489.1299187,6101.39236145
2020-09-29,54330.8771848,19240.7285587,6283.54508807,24717.3303062,12752.1201104,6144.00099561,15619.7404963,6057.53130627
2020-09-30,54742.7922171,19193.7996339,6385.44157639,24677.6144835,12717.6682579,6125.60176207,15525.9460268,6075.99803041
2020-10-01,55094.2481159,19306.4264836,6441.55728265,24711.5321798,12724.8768674,6124.48469075,15664.4454839,6197.58035684
2020-10-02,54571.1668131,19264.1898088,6370.67291424,24686.4095237,12712.3411732,6125.45518439,15650.4199176,6304.54036176
2020-10-05,55538.8645189,19564.532358,6453.37167802,24606.8493294,12631.9020071,6106.99479901,15726.683098,6340.70633299
2020-10-06,54749.3368183,19362.7377669,6472.56873463,24627.7874344,12661.1513358,6107.96529265,15541.7251232,6299.15398766
2020-10-07,55702.3443284,19545.763358,6533.11550709,24611.0377178,12624.5875677,6107.47887881,15534.7123401,6308.38956574
2020-10-08,56196.0073786,19691.240241,6581.84855212,24642.4381601,12647.5742004,6131.77016171,15589.9371712,6413.8109232
2020-10-09,56697.8376584,19822.6382324,6627.6279983,24648.7255394,12641.3049484,6133.71441663,15873.0714345,6388.41622283
2020-10-12,57609.9603421,19921.1904737,6692.60516903,24696.8795355,12654.8848936,6137.60339328,15827.489013,6418.42760424
2020-10-13,57234.0027547,19700.6268826,6663.06918061,24703.1592402,12683.0918444,6137.60339328,15578.5412314,6308.38956574
2020-10-14,56874.3688088,19658.3944909,6633.53586392,24717.8195591,12687.2707214,6137.60339328,15626.7532794,6231.43798756
2020-10-15,56804.0873648,19442.5124418,6580.37175269,24696.8795355,12673.6898397,6135.65773794,15683.730303,6263.75623215
2020-10-16,56769.757957,19503.5288247,6606.95414227,24684.3182074,12666.3782099,6138.08747308,15629.3829058,6219.12659191
2020-10-19,55906.6602855,19419.055475,6586.27828245,24655.0052441,12645.4828888,6123.50999585,15637.2717853,6122.16779545
2020-10-20,56130.6154548,19526.9879331,6652.73225259,24634.0633018,12618.3248716,6118.1678462,15712.6575318,6166.03032797
2020-10-21,56024.3657484,19461.2964331,6666.02344738,24604.7484199,12601.6056178,6116.22405808,15830.9960733,6147.56249583
2020-10-22,56331.6699289,19480.0632915,6667.5002468,24560.778975,12557.7349026,6106.99479901,15675.8414236,6146.7920641
2020-10-23,56522.9345451,19587.9957496,6698.50902704,24596.3793176,12575.4918516,6114.27933636,15659.1862309,6183.72920573
2020-10-26,55478.3945679,19221.9531339,6611.38320467,24629.8710761,12608.9219303,6119.13787302,15651.2973515,6095.23629429
2020-10-27,55287.1245429,19076.4762509,6635.01065954,24686.4095237,12637.1241984,6131.28468149,15692.4966163,5997.50854345
2020-10-28,53397.481843,18518.0278273,6469.61580372,24650.8206929,12636.0771378,6123.50999585,15439.1656781,5854.38145929
2020-10-29,53940.1861317,18607.1870022,6537.54657328,24606.8493294,12582.8025448,6102.61940853,15375.1745338,5932.86983826
2020-10-30,53377.8588571,18513.3312941,6469.61580372,24539.8389514,12542.0598997,6084.16089039,15445.3010274,5893.62509477
2020-11-02,53976.1543942,18738.5871352,6552.31389956,24584.3014865,12563.5976927,6106.46777289,15595.1964241,6034.44605441
2020-11-03,54929.145678,19217.2608839,6570.03415675,24573.8218814,12535.3720109,6101.59663241,15683.730303,6150.64016007
2020-11-04,56156.7559981,19414.363225,6781.20845875,24737.4050238,12640.9490602,6111.8253272,15674.9653273,6161.41180027
2020-11-05,57251.9760684,19883.6439073,6896.39347013,24760.482411,12638.8558756,6116.69506726,16035.2375298,6190.65496595
2020-11-06,57238.9030924,19925.8827237,6921.49972822,24705.9508596,12596.0013149,6088.93260078,16058.0294093,6148.33034222
2020-11-09,57958.1655753,20470.2565389,6973.18704002,24590.5946217,12502.9693252,6071.39696186,15347.1247389,6366.10251071
2020-11-10,57873.1398481,20620.425672,6894.91733864,24550.7502501,12467.4263944,6077.24279725,15397.9664133,6459.21099518
2020-11-11,58303.0714642,20794.0624798,6924.45265913,24565.4220809,12487.2858934,6087.95743907,15331.3456425,6483.83526382
2020-11-12,57737.4718891,20493.7156474,6872.76735112,24668.1978044,12558.368009,6105.00573053,15424.2640156,6399.18970969
2020-11-13,58536.8219002,20784.671555,6959.8951773,24672.3881115,12541.6468821,6104.51744947,15529.4530872,6570.02020407
2020-11-16,59267.5022782,21052.1683542,7041.11714165,24670.287202,12532.239258,6096.2395449,15528.5756533,6643.89301001
2020-11-17,58948.7477501,21042.7838542,7030.78021364,24720.6265277,12564.6400706,6106.46777289,15471.5986297,6650.04686116
2020-11-18,58239.3238039,20930.1527212,7007.1514229,24737.4050238,12560.4602571,6108.41342823,15383.0647507,6520.77018945
2020-11-19,58484.4975437,21056.8627458,7024.87034422,24783.5521237,12574.0476946,6114.74754468,15354.137522,6546.16488982
2020-11-20,58084.0166327,21127.2550623,7073.60338925,24808.7131527,12596.0013149,6128.38580441,15400.5960398,6510.76787298
2020-11-23,58432.1948221,21141.3360955,7072.1279257,24802.4219361,12570.9140052,6123.51373031,15097.2995234,6523.07926864
2020-11-24,59373.768211,21479.2230696,7166.63841311,24768.8706998,12551.0470138,6125.46218651,14865.8830308,6557.70659241
2020-11-25,59282.2141089,21436.9842532,7134.15149758,24760.482411,12555.2352562,6135.69181492,14858.8702477,6561.55431906
2020-11-27,59447.311138,21587.1576694,7200.60279599,24802.4219361,12592.8638793,6150.79071657,14708.0987546,6532.31336938
2020-11-30,59184.1424495,21160.1093788,7023.39488067,24835.9789284,12584.5042524,6157.61031324,14609.9224661,6463.82767621
2020-12-01,59831.4629987,21615.313311,7169.59201195,24757.4010771,12517.5588691,6143.61541228,14917.6008016,6546.93532155
2020-12-02,59957.3248735,21648.1654859,7166.63841311,24730.0911728,12496.6420074,6148.00527381,15029.8039938,6495.37622774
2020-12-03,59940.9741882,21723.2500524,7237.52211359,24772.1189552,12530.1104846,6165.06943674,15148.1411978,6550.0118778
2020-12-04,60457.5487512,21934.4270019,7286.25716241,24704.8745033,12480.9464004,6151.90405342,15105.1897404,6650.04686116
2020-12-07,60333.304096,21774.8690857,7286.25716241,24742.6985482,12519.6501806,6167.99725592,15330.4695462,6592.3361322
2020-12-08,60509.8460639,21826.4881189,7306.92968257,24744.7937017,12532.2055423,6178.23622048,15383.940847,6569.24903367
2020-12-09,59967.125549,21854.6437606,7221.27932375,24709.0859154,12514.4167507,6170.43259275,15120.9674992,6528.46490406
2020-12-10,59947.5133806,21901.5769686,7318.74341001,24770.0084526,12542.6611635,6184.57313778,15092.0402705,6499.99438612
2020-12-11,59877.2373454,21826.4881189,7270.01236878,24797.318357,12567.7709503,6184.08532352,15120.0914029,6493.83831895
2020-12-14,59609.1466841,21831.1846521,7243.4299792,24782.615828,12560.4452724,6184.08532352,15036.8154394,6465.36632367
2020-12-15,60415.0142525,22070.5151017,7311.35874497,24797.318357,12547.8936569,6195.29991661,15247.1949202,6597.71955162
2020-12-16,60509.8460639,22145.5996682,7351.23099347,24786.8157283,12537.4314798,6194.81256916,15331.3456425,6605.41648225
2020-12-17,60848.2073517,22291.0786928,7410.30363824,24785.7662329,12528.3272973,6198.37291304,15492.636979,6669.28327837
2020-12-18,60605.2403865,22159.6871262,7388.150979,24773.1473456,12517.8576279,6195.44602748,15466.3393767,6535.39214163
2020-12-21,60388.5654099,21911.1220888,7288.75857075,24773.1473456,12526.2322395,6194.47039896,15417.2512325,6498.45499999
2020-12-22,60286.7779315,21840.1087077,7235.27385178,24808.9030979,12547.1725149,6200.32417008,15295.4069681,6543.85581064
2020-12-23,60340.9520844,22086.3029917,7309.55866607,24792.0727985,12520.9969366,6203.24965522,15397.0889794,6501.53303357
2020-12-24,60575.6977325,22143.1175515,7267.95847542,24815.2077449,12538.7904109,6205.6877929,15458.4504973,6558.45338674
2020-12-28,61096.1071072,22280.417798,7282.81664056,24819.4134011,12539.8421542,6210.07812124,15402.3495699,6597.54891909
2020-12-29,60979.5320754,22455.5858513,7361.55589869,24823.6171387,12537.7470965,6207.15170249,15458.4504973,6541.25347987
2020-12-30,61066.5374093,22502.930247,7464.06955692,24838.3388541,12546.117962,6212.02751104,15576.7877013,6577.22001048
2020-12-31,61376.8109998,22351.4268959,7444.75561207,24857.2681443,12554.4907005,6225.19476159,15634.6421588,6640.55274894
2021-01-04,60541.2222881,22479.2591199,7478.92505033,24825.7218854,12557.6365651,6232.02416123,15982.6436627,6424.74987191
2021-01-05,60958.1945122,22734.923568,7652.74988602,24800.4879482,12528.3272973,6230.07243738,16029.9782768,6434.13392246
2021-01-06,61322.6422556,22981.117852,7579.95189014,24678.5028133,12455.0620884,6211.54016359,15769.6345555,6445.0817352
2021-01-07,62233.7426834,23047.3982926,7639.37987516,24653.2535269,12411.1005281,6207.63951675,15732.8184473,6432.56942159
2021-01-08,62588.330255,23265.1820844,7793.89143394,24623.8254453,12375.5173257,6183.25627268,15194.5997156,6495.12212562
2021-01-11,62166.4198318,22962.1775238,7703.26363989,24583.8640368,12351.4424243,6170.08808852,15164.7963905,6409.11446592
2021-01-12,62179.557713,23071.0694197,7787.94749995,24604.8923178,12349.354859,6178.3790637,15262.972679,6423.97131482
2021-01-13,62347.012962,23028.4579645,7813.20537878,24682.7142254,12392.2656125,6192.03226128,15197.2293421,6502.15868619
2021-01-14,62128.6829044,23203.6367258,7890.45982231,24634.3357485,12363.9996591,6194.95774642,15189.3404627,6540.47049077
2021-01-15,61675.5963813,22829.6102177,7799.83136033,24659.5773603,12397.4971693,6201.78621244,15000.8767651,6615.53255373
2021-01-19,62159.8644132,22990.5880161,7940.97290824,24693.2264472,12404.82753,6216.41503853,15127.9802823,6596.76666866
2021-01-20,63020.0738062,23165.7560694,8079.14081934,24695.3369499,12410.062833,6225.68257585,15374.2984375,6722.64989514
2021-01-21,63077.5310772,23217.8355471,8080.62496602,24659.5773603,12392.2656125,6240.80108344,15364.6560279,6690.5946167
2021-01-22,62854.2682293,23056.8641735,8022.68513528,24659.5773603,12411.1005281,6231.04666548,15243.6878599,6706.22928403
2021-01-25,63102.1571672,23042.6632106,8062.79917545,24722.6794712,12461.3425789,6247.1412684,15256.8373298,6757.05266355
2021-01-26,63003.6690332,23052.1269499,8012.28608951,24714.250891,12457.1552731,6237.87466469,15219.1437877,6804.74925734
2021-01-27,61463.8217424,22512.4025526,7808.74492354,24716.3613936,12471.8085022,6235.92480808,15122.7210294,6684.33809056
2021-01-28,61992.4199817,22687.5748891,7845.88933449,24699.527257,12439.3627353,6248.11502968,15136.7452581,6720.3038825
2021-01-29,60751.3580723,22190.4576639,7678.00776485,24672.1943289,12417.3819552,6241.77391111,15130.6099088,6642.89950025
2021-02-01,61762.5963064,22502.930247,7872.63136001,24695.7935859,12432.8818236,6228.12024673,15272.6150886,6794.5844337
2021-02-02,62635.9381717,22753.8617546,7995.94310976,24657.8697718,12401.4662595,6237.38731724,15086.7810175,6835.24077358
2021-02-03,62685.1741256,22815.40283,8025.65810417,24628.3802938,12371.0921366,6233.97401785,15063.9904756,6818.04012804
2021-02-04,63397.6486132,22824.8729941,8037.54129662,24617.841211,12366.8973384,6229.58275589,14739.6556099,6864.9544714
2021-02-05,63647.1764058,22995.3102485,8096.96994957,24586.2431489,12340.7208235,6228.12024673,14885.16785,6889.19167751
2021-02-08,64106.8237563,23142.087084,8138.56813643,24611.5192962,12345.9533168,6233.97401785,15035.0632468,6926.72123165
2021-02-09,64064.1432211,23274.6501068,8229.19459461,24622.0507044,12355.3824815,6237.38731724,15084.151391,6950.95991509
2021-02-10,64036.2394217,23222.5706291,8247.02238897,24645.2278609,12386.7989822,6242.75047325,15139.3762221,6988.49094658
2021-02-11,64139.660346,23374.0782634,8333.19440331,24615.7364642,12377.3745002,6235.43465978,15007.8895482,7003.34705682
2021-02-12,64456.4947639,23482.9680177,8348.04989672,24558.8660922,12336.5297715,6225.19476159,14962.3071267,7004.91155769
2021-02-16,64400.6763476,23625.0054879,8371.81962127,24442.9899031,12247.5015242,6194.95774642,14747.5458269,6950.95991509
2021-02-17,64415.4368571,23478.2350772,8392.62238833,24491.4508814,12255.8873745,6192.51960873,14580.1191411,6942.36106966
2021-02-18,64141.2992007,23326.7360094,8284.16479612,24478.8070518,12254.8375042,6166.67292189,14579.2430448,6912.64884918
2021-02-19,64028.0343309,23435.623622,8328.73595187,24402.9747727,12205.6125445,6140.33842079,14639.7257912,6952.52663197
2021-02-22,63535.5341643,23364.6038161,8092.51216606,24327.1290631,12185.7099642,6139.85013972,14858.8702477,7010.38287872
2021-02-23,63612.6955526,23374.0782634,8138.56813643,24333.4433033,12195.1428751,6141.31404931,14824.683766,7054.16969767
2021-02-24,64313.665605,23459.2926074,8086.57023587,24325.0300723,12178.3833497,6136.43777395,14814.1652601,7108.11912426
2021-02-25,62763.9851861,23061.5992556,7911.2592497,24101.7197047,12016.0468124,6061.33585111,14535.4141535,6972.07033547
2021-02-26,62440.5899408,22730.1842028,7798.34721364,24297.6319105,12123.914658,6136.43777395,14183.9055892,6870.4265311
2021-03-01,63954.1452431,23170.4911514,8012.28608951,24284.9784877,12110.2981875,6115.95564354,14159.3615171,6900.91878601
2021-03-02,63455.1112929,23161.0231289,7936.51512474,24289.1975744,12132.2995717,6140.82670186,14236.5007938,6834.46073915
2021-03-03,62614.6006085,23018.9942252,7930.57319455,24200.5737306,12067.329368,6125.22224724,14079.5926139,6795.36594547
2021-03-04,61839.7468772,22787.0030457,7759.71999188,24130.9405733,12007.5944672,6101.8146317,13941.0931569,6717.95934721
2021-03-05,62977.3932709,22971.6476879,7814.6881896,24114.062308,11990.8274495,6108.15341623,13949.8594701,6791.45617063
2021-03-08,62663.8473799,22858.02071,7611.15103123,24019.1088748,11943.6703876,6074.50310166,13805.2246639,6850.09762249
2021-03-09,63558.515991,23151.5551065,7776.06163577,24109.8489772,12000.2556776,6112.54141053,14098.8774331,6895.44672631
2021-03-10,63954.1452431,23250.983263,7762.69095698,24149.93126,12025.4094822,6140.33842079,14170.7574568,6964.2530018
2021-03-11,64602.5854059,23421.4226591,7995.94310976,24147.8130828,12021.2193667,6145.70484446,14158.4854208,7045.5671589
2021-03-12,64689.6015573,23478.2350772,7854.80222977,24010.657271,11934.2384133,6097.42430336,14155.8557943,7163.63305171
2021-03-15,65075.3868639,23535.0453538,7850.34645006,24035.9890588,11948.9085002,6115.46736247,14218.0920709,7269.96962002
2021-03-16,64993.3035028,23572.9260101,7884.51522039,24027.5412922,11946.8134425,6128.14679876,14231.2415408,7240.25961555
2021-03-17,65214.927496,23696.0188689,7890.45982231,24025.4346268,11926.9043063,6122.78364275,14332.9235521,7246.51318701
2021-03-18,64266.0576882,23468.7606299,7768.6335551,23932.5993709,11852.4946359,6079.38124426,14249.6489261,7173.01636359
2021-03-19,64147.1568891,23549.2505999,7845.88933449,23951.5843016,11845.1614655,6091.0831848,14309.2569138,7075.28159538
2021-03-22,64659.361173,23559.2390317,7829.22841872,23998.0019296,11883.9326772,6120.34457145,14288.2185645,7125.31829246
2021-03-23,64150.423781,23202.4952519,7701.29657779,24059.2007507,11942.6205173,6133.02307413,14183.9055892,7115.15568483
2021-03-24,63824.3349725,23102.6045093,7521.2953675,24088.7381947,11958.3357918,6149.11767704,14232.9937334,7075.28159538
2021-03-25,64183.3901809,23250.0645158,7533.19726206,24076.0770974,11942.6205173,6144.72781551,14181.2759627,7147.3195476
2021-03-26,65217.7021905,23568.7498862,7720.63390029,24035.9890588,11902.7975624,6146.19079149,14221.5991312,7301.46424872
2021-03-29,65184.7466081,23454.5960742,7677.49278866,23995.8914269,11861.9284833,6129.61024154,14052.4189153,7258.99669254
2021-03-30,65011.8122839,23426.0549442,7708.73400952,24014.8859508,11851.4494484,6118.88112867,13812.237447,7268.43466591
2021-03-31,65275.3433594,23359.4682545,7742.94753134,24019.1088748,11834.6805575,6120.34457145,14021.7394939,7224.39300616
2021-04-01,65980.25099,23663.8862724,7812.86540099,24099.8394387,11887.1141305,6137.94276263,14198.8072517,7355.73056429
2021-04-05,66927.2710014,24020.625769,7829.22841872,24051.226888,11853.5557447,6120.34457145,14193.5479988,7384.04596176
2021-04-06,66887.743774,23811.3441372,7866.4182491,24135.7582753,11911.2293035,6123.76533977,14307.5033837,7402.91895383
2021-04-07,66965.1647829,23854.1483366,7751.87178148,24097.7174242,11903.8923869,6127.6767232,14267.1802152,7408.42351497
2021-04-08,67283.0322742,23992.0824974,7832.20272348,24156.8978374,11944.7830065,6141.36493137,14420.5813347,7380.89849329
2021-04-09,67772.1844175,24049.1647574,7765.26183033,24129.4229301,11913.3271708,6128.16733831,14311.8865403,7372.24720237
2021-04-12,67796.891639,23920.7350264,7714.6839549,24123.0779916,11905.9883812,6129.14436725,14225.104854,7415.501441
2021-04-13,67997.8379378,24082.4581022,7716.17210918,24192.816674,11955.2714069,6151.6309708,14325.910769,7452.46517471
2021-04-14,67765.601955,24106.2448758,7757.82373066,24173.801045,11940.5882083,6151.6309708,14263.6744924,7413.14434833
2021-04-15,68493.5563173,24291.7461588,7826.2527781,24268.9002948,12017.1369542,6184.87142803,14494.2148886,7542.90928022
2021-04-16,68722.5145908,24434.4496672,7851.54271771,24205.4988763,11984.6321848,6182.91643653,14581.8726712,7559.42517963
2021-04-19,68384.8672595,24363.1021962,7835.17836411,24186.4755728,11972.0505998,6172.16258284,14541.5495027,7574.3662368
2021-04-20,67884.1836372,23958.7912941,7775.67423475,24224.5164239,12007.7049799,6176.07256585,14593.2672734,7636.49642218
2021-04-21,68526.5227173,24177.5987716,7836.66785425,24247.7607327,12013.9920262,6181.93847397,14737.9034173,7686.82932551
2021-04-22,67900.637089,24077.7016042,7823.27847334,24254.1018339,12023.4324295,6189.27109253,14642.3554177,7645.14623577
2021-04-23,68636.8614473,24353.5849168,7930.38550543,24249.8789099,12007.7049799,6192.20591382,14586.2544903,7689.97605531
2021-04-26,68780.1557597,24391.6326182,7940.79724192,24228.748941,11995.1205852,6195.62714895,14624.8241287,7712.78245963
2021-04-27,68765.3141188,24315.5350739,7952.69846855,24169.5666092,11947.9344903,6195.13886788,14588.0080205,7711.99799318
2021-04-28,68745.5613226,24382.1239052,8016.66505695,24182.2526488,11963.6572572,6214.69111694,14630.9608155,7695.4791391
2021-04-29,69183.6709858,24405.9021124,7998.813217,24169.5666092,11942.6870122,6211.75862969,14570.4767315,7761.54421407
2021-04-30,68729.0970533,24072.9515309,7881.29378049,24194.9348512,11953.172603,6207.84864669,14521.3885872,7792.21522686
2021-05-03,68877.324156,24325.04807,7878.3188078,24210.381812,11973.5303456,6223.30979128,14709.8522848,7777.27121502
2021-05-04,68452.3902353,24030.1409067,7781.62551599,24240.0151879,11989.2709068,6237.5441647,14602.0335867,7726.93905036
2021-05-05,68473.8035212,24315.5350739,7811.37724671,24259.0538406,12003.9597247,6265.51949558,14662.5176707,7598.74600602
2021-05-06,69020.6076509,24515.3101343,7888.73254808,24263.2997882,12009.2072028,6258.15933536,14907.0822957,7641.21577821
2021-05-07,69522.951763,24800.7021599,7958.6497498,24256.9356633,12013.4076203,6271.41107814,15041.1985961,7741.8808462
2021-05-10,68834.502993,24672.2724289,7809.88775656,24218.8468463,11989.2709068,6274.35570239,15086.7810175,7739.52079885
2021-05-11,68220.16507,24377.3674072,7789.06361566,24165.934626,11969.3346108,6257.66731982,15089.410644,7642.00024465
2021-05-12,66770.8063553,23949.278298,7589.72441493,24081.2766085,11911.6235901,6246.86865258,14939.5152472,7448.53250114
2021-05-13,67572.8986084,24115.7557303,7580.79949686,24136.307006,11951.4943091,6248.34003109,15000.8767651,7545.26563422
2021-05-14,68610.4991448,24501.0363569,7705.75703303,24191.3393221,11977.7316996,6270.43124835,15137.6226919,7634.92305729
2021-05-17,68435.925966,24462.9843724,7710.22082793,24170.1652245,11966.1850001,6282.70036049,15313.8143535,7642.78988177
2021-05-18,67846.306082,24548.599196,7821.79031906,24140.5356859,11966.1850001,6273.37353856,15343.6176785,7644.36176933
2021-05-19,67668.42815,24329.8067097,7800.96350642,24106.67363,11930.5072063,6230.67181873,15354.137522,7619.98126145
2021-05-20,68396.3933298,24667.5180724,7829.22841872,24189.215389,11979.8276939,6238.03291257,15424.2640156,7705.70527226
2021-05-21,68340.4018331,24662.7594328,7745.9238399,24199.7966818,11984.0234287,6249.32359535,15431.2754611,7697.83918645
2021-05-24,69037.0719202,24814.9695125,7818.8140105,24223.0812821,11995.5635724,6264.53873217,15458.4504973,7793.78637575
2021-05-25,68883.9066185,24814.9695125,7900.63310678,24282.3441967,12039.6347088,6282.210679,15598.7021469,7791.42854441
2021-05-26,69020.6076509,24814.9695125,7958.6497498,24273.8772438,12025.9948246,6267.97490515,15571.5284483,7826.03296946
2021-05-27,69056.8409427,24862.5366348,7973.52461326,24244.2438678,12005.0133411,6267.48429005,15577.6651351,7807.94444382
2021-05-28,69180.3770502,24933.8841058,8015.1775706,24244.2438678,12003.9597247,6271.41107814,15636.395689,7855.13135602
2021-06-01,69119.4257194,25067.0681932,8183.2762184,24233.0102378,12001.7560274,6289.7174169,15594.3189903,7996.69356998
2021-06-02,69228.1201859,25138.4178059,8202.61487676,24264.8020823,12015.4062136,6281.82416205,15670.5821707,8090.28218927
2021-06-03,68971.1932079,25005.2315768,8110.38404399,24207.5729248,11984.957167,6260.60494196,15363.7799316,8060.39712025
2021-06-04,69601.9954002,25243.0650465,8183.2762184,24307.1982434,12051.1046115,6290.70658285,15529.4530872,8064.32831649
2021-06-07,69534.4616069,25300.1387401,8150.54884706,24290.2393953,12041.6576524,6276.88860208,15591.6893638,8159.49030069
2021-06-08,69549.2924304,25285.8713875,8116.33465731,24334.746059,12076.3089896,6283.30440992,15543.4786534,8227.12430853
2021-06-09,69445.5253453,25185.9849281,8110.38404399,24383.5044263,12114.1080645,6283.79595864,15513.6739908,8238.13564681
2021-06-10,69768.3364444,25266.8432537,8166.91320066,24434.3656218,12157.1546175,6316.36607972,15580.2947616,8297.11984106
2021-06-11,69883.6295997,25309.6538779,8131.21152457,24423.7708984,12139.3086965,6300.0824196,15404.9791964,8264.08878092
2021-06-14,70040.0996546,25347.7101456,8163.93822797,24362.3034678,12101.5077485,6296.62804111,15314.6917873,8296.33463595
2021-06-15,69911.6361656,25352.4623605,8108.89588972,24372.9058657,12103.6093621,6306.98884254,15256.8373298,8207.46463401
2021-06-16,69521.296682,25185.9849281,7998.813217,24294.4719124,12020.6565014,6249.74745692,14999.1232349,8153.98573955
2021-06-17,69498.2283152,25000.4793619,8044.93197305,24370.7838512,12063.7096102,6273.43328998,14538.0437799,8143.76108373
2021-06-18,68560.6790447,24524.8231304,7982.4488634,24436.4933922,12131.9567952,6275.90270379,14457.3974429,8005.3448609
2021-06-21,69542.185318,24862.3910058,8021.33123549,24372.9058657,12093.1069135,6265.04521875,14634.4665383,8170.50016162
2021-06-22,69913.9673417,24886.3640988,7986.93737182,24398.3393414,12115.1569982,6299.58807003,14573.106358,8128.03260544
2021-06-23,69829.6988411,24752.1070687,8033.29391194,24385.6187663,12091.0034268,6301.06925151,14563.4639484,8113.87527604
2021-06-24,70242.8038009,24958.2919439,8093.11063385,24394.0953124,12088.906496,6289.22540137,14554.6976351,8096.3725149
2021-06-25,70492.3045497,25039.8098829,8158.90802605,24345.3484569,12063.7096102,6295.64027559,14602.909683,8151.023677
2021-06-28,70634.4143434,24876.7761466,8178.34754227,24415.2981896,12101.5077485,6305.01517873,14602.0335867,8127.2599577
2021-06-29,70672.4163001,24871.9810996,8172.36620404,24428.0091715,12107.8079065,6308.47002402,14448.6324672,8105.08511535
2021-06-30,70731.9018566,24704.1501748,8121.52249137,24444.9622637,12126.7093171,6316.85902887,14518.7589608,8062.31322755
2021-07-01,71123.5123991,24776.0801616,8078.15628639,24431.3840571,12117.9872461,6322.96954433,14568.7232013,8097.16436803
2021-07-02,71667.1686298,24867.1860527,8069.18260922,24484.4497685,12162.1145754,6349.78999246,14664.2698633,8121.71624711
2021-07-06,71536.6227677,24718.5417404,7924.12897889,24562.983491,12226.2100434,6366.1810184,14737.0259834,8181.12148268
2021-07-07,71789.4174521,24804.850443,7931.60648659,24605.4295367,12261.9327914,6361.71179952,14793.1269108,8209.63484343
2021-07-08,71204.4869641,24445.2197837,7780.57151804,24633.0080505,12293.4579317,6353.26771135,14783.4845012,8186.66593194
2021-07-09,71964.5910034,24867.1860527,7922.63548115,24552.3542321,12231.4650138,6354.26014495,14832.573983,8321.31494304
2021-07-12,72222.3401132,24958.2919439,7927.12198577,24537.5020493,12225.1611097,6371.14972173,14814.1652601,8392.60019158
2021-07-13,71976.1441175,24819.2355837,7931.60648659,24484.4497685,12187.3348749,6371.14972173,14833.4500793,8275.37490405
2021-07-14,72083.5404814,24881.5711935,7970.48685488,24567.2160081,12239.8724047,6388.03649766,14992.9865481,8333.19643335
2021-07-15,71837.3498945,24680.1792235,7977.96369465,24620.2855568,12291.3535084,6407.40902567,14995.6175121,8346.66162993
2021-07-16,71273.88678,24488.3773474,7924.12897889,24599.0596559,12289.2518949,6407.40902567,14850.105272,8341.11570333
2021-07-19,70221.3147923,24008.8705155,7807.48653815,24728.5217262,12394.3288276,6409.89151011,14867.636561,8189.04296867
2021-07-20,71227.6094186,24224.654051,7813.47121604,24705.1718923,12378.5657892,6408.8986097,14848.3517418,8382.30166886
2021-07-21,71804.3023631,24574.6881917,7880.76277391,24624.5199926,12307.1165468,6392.50665015,14793.1269108,8381.51203174
2021-07-22,71954.6713353,24608.2556616,7892.72545036,24681.8316515,12335.4873936,6410.38819372,14822.0541395,8314.97864065
2021-07-23,72694.941447,24756.899974,7770.10300726,24664.8459424,12316.575681,6439.19584309,14775.5956218,8383.88685246
2021-07-26,72873.3818902,24785.6766802,7622.05970972,24643.6219602,12308.1654805,6467.01012525,14740.5330437,8387.84759546
2021-07-27,72541.2623129,24694.5643642,7457.56455938,24700.9355379,12360.7048834,6465.52194165,14765.0771159,8435.37060204
2021-07-28,72511.5195347,24804.850443,7668.41558191,24724.2815345,12371.2110782,6487.37555368,14839.5854286,8406.06391082
2021-07-29,72812.2520703,24991.8594138,7695.33327375,24683.9498287,12333.38578,6475.95229746,15004.3824879,8407.64909442
2021-07-30,72458.6434845,24828.8256775,7642.99405954,24717.9193283,12368.0577213,6485.88596966,14886.0452839,8418.73725427
2021-08-02,72306.6356576,24948.7018501,7704.30494712,24770.4094481,12422.3100704,6488.23401342,14867.636561,8400.51872289
2021-08-03,72894.8708987,25126.1292935,7723.74646714,24778.9224483,12425.4671735,6494.23156137,14857.1180551,8410.81650695
2021-08-04,72536.3132964,25054.1950236,7743.18598335,24776.7927593,12422.3100704,6481.73978186,14860.6237779,8384.67870559
2021-08-05,72995.6739826,25183.6612899,7719.25862665,24721.5302065,12377.1019648,6458.75276024,14801.8932241,8482.89508596
2021-08-06,73116.2785415,25082.9631634,7666.92141624,24611.0089383,12304.5532151,6444.26304289,14431.9772745,8467.84396711
2021-08-09,73056.8254375,25054.1950236,7693.83977601,24566.3756443,12278.2671241,6432.77023229,14176.0167098,8422.69578125
2021-08-10,73147.6926269,25106.9426811,7722.25029766,24534.4878678,12255.1371996,6438.76451259,14180.3998664,8342.70014827
2021-08-11,73329.4540496,25265.1770873,7750.66349105,24557.8645627,12268.8089264,6449.26068831,14375.8763471,8391.80759978
2021-08-12,73549.2120201,25207.6365245,7699.81977837,24559.9961704,12256.1870698,6444.26304289,14379.3820699,8410.02465382
2021-08-13,73683.0572266,25337.107074,7684.86476298,24649.2665955,12326.6332694,6460.7525653,14585.378394,8455.96395414
2021-08-16,73856.5594707,25193.2513837,7623.55387539,24662.0121129,12353.9692307,6467.24726367,14658.1345141,8445.66617008
2021-08-17,73372.4158404,24915.1365218,7485.97708483,24642.8909589,12347.6606437,6449.75923916,14636.2200684,8436.95356963
2021-08-18,72569.3446015,24852.8030536,7494.9487582,24645.0168106,12341.3511203,6450.75867488,14647.6160082,8360.12534917
2021-08-19,72681.7116169,24579.4853802,7379.80382279,24687.5204155,12368.6889546,6453.2579644,14604.6632132,8400.51872289
2021-08-20,73260.0488249,24661.0011775,7379.80382279,24689.6481859,12357.1235241,6433.27111718,14612.5520926,8442.49875756
2021-08-23,73904.4810956,24919.9315687,7485.97708483,24689.6481859,12360.2787541,6448.26078578,14790.4972843,8426.65800159
2021-08-24,74021.8025364,25039.8098829,7653.46257031,24653.5067872,12326.6332694,6448.26078578,14783.4845012,8389.43204039
2021-08-25,74177.1259339,25058.9900705,7660.93941008,24606.7572347,12278.2671241,6445.76196307,14680.925056,8383.88685246
2021-08-26,73739.2380299,24900.7513811,7598.13168509,24608.8773306,12278.2671241,6446.7613988,14697.5802487,8387.05500365
2021-08-27,74398.5335766,25159.6903386,7693.83977601,24676.8911567,12318.2193227,6495.22959667,14918.4782354,8474.97359997
2021-08-30,74725.6987286,25154.8910085,7716.26962737,24704.5233924,12342.4075463,6494.23156137,14844.8460191,8559.72478376
2021-08-31,74615.0084291,25154.8910085,7810.47954503,24668.385831,12319.2701295,6475.24368306,14874.6493441,8600.11815749
2021-09-01,74654.6492405,25375.4653077,7904.69079854,24676.2714364,12324.5316558,6478.05946834,14875.5254404,8737.93531978
2021-09-02,74884.353923,25495.3436218,7873.28660208,24701.8085185,12339.2626183,6480.57743017,14836.0797058,8783.87609744
2021-09-03,74866.1588501,25620.0148413,7909.17529936,24659.2396799,12309.8035029,6471.52042322,14994.7400783,8785.4575877
2021-09-07,74598.4846634,25557.6749484,7974.9733595,24593.2576923,12261.4036419,6455.4197518,14701.0873091,8686.4515702
2021-09-08,74507.6120653,25370.6702608,7856.83808895,24633.6910859,12295.07535,6481.58200078,14664.2698633,8730.01531113
2021-09-09,74188.700683,25341.8999793,7867.30326006,24712.4512078,12329.7931821,6515.79855334,14729.137104,8552.59588957
2021-09-10,73603.7539688,25269.9721342,7855.34125154,24663.4952207,12290.8693132,6497.68313901,14654.6274538,8427.45133206
2021-09-13,73792.1086714,25461.7718687,7880.76277391,24695.4232886,12305.5946564,6497.68313901,14703.7169356,8484.47805355
2021-09-14,73393.8940314,25351.4900731,7807.48653815,24750.7606683,12351.8919673,6501.20707188,14798.3875013,8469.42915071
2021-09-15,74006.9230341,25452.1903413,7804.49753887,24727.3494379,12330.8467986,6504.72727028,14711.605815,8496.35806653
2021-09-16,73889.6178196,25380.2603546,7723.74646714,24684.7844366,12291.9173103,6494.16154018,14378.5059736,8503.48769939
2021-09-17,73169.8523219,25063.7851174,7693.83977601,24663.4952207,12256.1496079,6475.54570778,14355.7154316,8427.45133206
2021-09-20,71949.7980414,24587.2529707,7484.50095334,24710.325356,12318.2221323,6481.58200078,14458.2748768,8375.96684381
2021-09-21,71881.8315472,24799.0381352,7544.87272741,24720.9661267,12310.8552462,6477.05489773,14554.6976351,8379.92389346
2021-09-22,72583.039585,24933.8284241,7653.54005052,24729.479127,12322.4319153,6470.51305176,14500.3502379,8461.50766472
2021-09-23,73464.9110669,25237.0664193,7689.7627142,24608.1501665,12210.9049769,6447.36871588,14332.9235521,8444.87579429
2021-09-24,73585.9266916,25006.0196863,7605.24383354,24565.5794092,12174.0789753,6431.26757765,14314.5161668,8354.57794524
2021-09-27,73375.4068853,25006.0196863,7645.99441368,24531.5197336,12141.4646299,6434.28689118,14344.3194919,8242.20719014
2021-09-28,71896.7597283,24452.4733897,7556.94561277,24429.3579745,12095.1701286,6420.19769501,14204.9439385,8186.41995517
2021-09-29,72017.7591268,24375.4549566,7496.57450663,24446.389731,12107.7966679,6423.71929384,14140.9541317,8247.78561817
2021-09-30,71137.5427258,24303.255128,7547.89111573,24442.1322715,12122.5257574,6424.72713211,14395.1611663,8111.50414866
2021-10-01,71982.9483392,24375.4549566,7552.41970012,24516.7404591,12172.012014,6452.59556398,14427.5941178,8226.26745253
2021-10-04,71054.6534593,24149.2268281,7448.27895759,24499.685679,12157.2707495,6452.09141144,14495.0909849,8227.86076149
2021-10-05,71793.9824466,24288.8100224,7519.21475683,24442.1303529,12119.3714639,6458.65286334,14427.5941178,8171.27724137
2021-10-06,72092.3513535,24110.7165408,7490.53772999,24452.7826354,12122.5257574,6455.12006113,14466.1637562,8249.37892713
2021-10-07,72715.6407764,24312.8794874,7636.93858077,24384.5615963,12074.0949903,6449.56784791,14389.9019133,8271.69485526
2021-10-08,72583.039585,24317.7002335,7665.61427175,24331.2714042,12047.7714373,6451.08077233,14396.0372626,8193.59169216
2021-10-11,72057.5459747,24245.4875553,7644.48488555,24292.8909541,12018.2964006,6447.04101673,14368.863564,8214.31283399
2021-10-12,71880.1710575,24235.8696207,7623.35416349,24382.4338259,12073.0413739,6459.15934992,14433.7308046,8321.90218486
2021-10-13,72138.7801603,24505.4223578,7722.96765749,24437.859463,12096.2087603,6488.43847528,14690.5674656,8382.47156272
2021-10-14,73352.1816644,24770.1671984,7735.04187872,24484.7740184,12124.6386096,6501.06282824,14726.5074775,8484.48322424
2021-10-15,73910.8147551,24967.5136822,7818.05189918,24425.0717355,12064.6199348,6490.45881989,14492.4613585,8478.10703372
2021-10-18,74129.6640537,24876.0629931,7807.48720608,24408.0227113,12047.7714373,6476.82756228,14456.5213466,8499.62593804
2021-10-19,74701.5432007,25049.3378702,7896.53333526,24337.6604713,12004.6059428,6461.17876091,14502.9798644,8503.60957977
2021-10-20,74994.9522735,25135.9870876,7898.04486718,24320.6095285,11999.3416068,6472.78874029,14630.0833816,8637.50145518
2021-10-21,75190.5493075,25010.8340076,7834.65403686,24269.4413509,11967.7565275,6487.43017021,14616.9352493,8649.45533505
2021-10-22,75112.6523276,25126.3584449,7815.03284292,24316.3405572,11998.2898635,6500.55774208,14706.346562,8690.10207223
2021-10-25,75515.459006,25107.1033012,7843.70920183,24339.7997536,12013.0301915,6516.20794388,14808.0285733,8717.99568972
2021-10-26,75583.4309089,25155.2422312,7790.8830646,24384.5615963,12027.7723926,6538.92468372,14698.4563451,8741.90566547
2021-10-27,75248.5744984,25020.4562255,7750.1351562,24465.5761188,12095.1495246,6569.72233519,14737.0259834,8667.78614411
2021-10-28,75974.6466118,25275.5809899,7742.58885143,24446.389731,12063.5663184,6512.67420804,14733.5202606,8788.92416115
2021-10-29,76128.7908994,25087.8524408,7645.99441368,24439.9910707,12068.8306543,6496.01290033,14608.168936,8690.10207223
2021-11-01,76259.7532361,25323.7134951,7719.94860124,24425.0429559,12067.8847409,6470.34173326,14684.4321164,8733.13692618
2021-11-02,76568.0796725,25265.9566304,7638.4481089,24474.1505155,12097.3841279,6496.11466445,14652.8752611,8774.57847117
2021-11-03,77035.5480919,25439.2357907,7694.29129859,24425.0429559,12059.4520633,6487.01797883,14531.0309968,8804.06613628
2021-11-04,77398.5787398,25419.9827887,7677.68982884,24506.1937017,12124.7772187,6529.9703745,14695.8267186,8720.38602249
2021-11-05,77667.1183283,25472.9296152,7680.70821716,24602.2714573,12191.1550539,6552.71185517,14887.7974765,8765.01492407
2021-11-08,77733.4135152,25487.3725791,7760.69918137,24557.4367063,12138.4751688,6574.44036268,14941.2687774,8757.84318708
2021-11-09,77476.4919459,25424.7992516,7742.58885143,24625.7575146,12194.3140301,6612.84698298,15014.9009938,8772.98442354
2021-11-10,76853.202523,25102.2932631,7721.45946523,24459.2158312,12090.0078764,6592.63466755,15177.9445229,8732.34064103
2021-11-11,76878.0611899,25188.9360557,7854.27456286,24414.3695684,12051.0278145,6591.62402843,15262.972679,8746.68485368
2021-11-12,77458.2644205,25362.2194992,7860.31133951,24410.1025157,12076.3174186,6590.61152209,15291.8999078,8740.30866317
2021-11-15,77484.7781682,25318.9013153,7845.21806203,24320.4138274,12028.8999963,6591.62402843,15268.231932,8801.67580351
2021-11-16,77791.4495237,25261.1358843,7842.20034163,24311.8816407,12018.3657051,6582.02272346,15157.7836074,8743.49675843
2021-11-17,77602.4728135,25198.5646983,7813.52465066,24369.5386547,12061.5602327,6595.1596315,15296.2830644,8770.5955681
2021-11-18,77866.0363416,25217.8177004,7719.94860124,24390.8854297,12068.9374208,6599.20358837,15247.1949202,8772.18739973
2021-11-19,77726.7986002,25025.2791132,7706.36551981,24437.8575443,12101.5995302,6587.07405179,15130.6099088,8720.38602249
2021-11-22,77507.9871628,24890.4995322,7626.37321974,24320.4138274,12013.0957499,6534.01479818,14791.3747182,8677.34969121
2021-11-23,77610.7644446,24847.1770652,7633.91885658,24224.3341532,11963.5804602,6508.74882038,14663.393767,8747.48335483
2021-11-24,77817.974089,24717.2160887,7624.86502748,24279.8518849,12000.4551623,6528.96160262,14649.3682008,8853.47791941
2021-11-26,76082.3783189,24043.3310335,7401.49226874,24452.811415,12155.3302221,6561.30345464,14625.7015625,8607.21602758
2021-11-29,77015.6654854,24158.8554708,7412.05562598,24465.6106543,12127.9408776,6546.14433476,14605.5393095,8670.97276203
2021-11-30,75517.1086782,23922.9879917,7424.13118307,24506.1937017,12200.6338556,6552.20536859,14507.363021,8506.79915236
2021-12-01,74678.3179798,23797.8370534,7419.60259869,24510.8828549,12223.6204883,6531.76385047,14565.2174785,8366.53404112
2021-12-02,75822.1357702,24129.9674012,7507.1405356,24506.6081277,12197.2650927,6550.99120123,14484.572479,8617.57512116
2021-12-03,75162.37507,24009.6393507,7403.00112894,24604.9767379,12268.9606472,6564.65653581,14606.4167434,8588.88374119
2021-12-06,76052.5544092,24240.6818004,7451.29667798,24519.4476584,12207.8050032,6534.79856865,14570.4767315,8739.51237802
2021-12-07,77625.6763994,24760.5385558,7559.96667282,24480.9559272,12161.4121644,6545.42451698,14622.1945022,8865.43253795
2021-12-08,77831.2417804,24794.2259554,7605.24383354,24416.8024024,12122.4040062,6534.29208208,14630.0833816,8929.19148841
2021-12-09,77305.7481701,24577.6200448,7567.51230967,24418.9512778,12152.9766771,6507.47116714,14540.6734064,8800.08249455
2021-12-10,78033.4699556,24611.3181525,7581.09539109,24425.3652872,12161.4121644,6506.96374695,14602.0335867,8827.17908822
2021-12-13,77342.2194473,24361.0227006,7464.88109527,24510.8828549,12219.4069591,6513.54433797,14638.8496949,8910.06365554
2021-12-14,76810.1163307,24235.8696207,7448.27895759,24463.8416693,12198.3177726,6492.79425983,14502.1037681,8796.09811415
2021-12-15,78010.260961,24534.3040025,7421.11145888,24444.6092342,12180.3913085,6498.36094409,14564.3400447,8919.62646397
2021-12-16,77322.3314321,24539.1118991,7440.73332075,24478.2122738,12215.8536962,6511.90304138,14740.5330437,8916.43836871
2021-12-17,76499.3938131,24255.1183396,7389.41737958,24508.1756556,12243.2889316,6512.41419604,14708.9761885,8905.28151265
2021-12-20,75685.9539788,24137.3130961,7286.99456022,24471.7925084,12232.7377825,6508.85151812,14646.7385743,8835.94487284
2021-12-21,77030.0527904,24440.3776215,7410.44991553,24452.5217005,12184.1890104,6523.10689789,14640.6032251,8935.56620158
2021-12-22,77800.2495783,24689.668662,7451.60259121,24473.9356279,12195.8022048,6543.9848814,14778.2252482,9027.21507617
2021-12-23,78284.3283035,24841.2019955,7495.80371218,24443.9645716,12170.4713927,6529.21881378,14811.5356336,9017.65300641
2021-12-27,79392.231919,25031.8324154,7520.19060665,24456.8136955,12174.6961604,6551.1135049,14846.5982117,9170.7391949
2021-12-28,79327.34301,25031.8324154,7494.2788216,24446.0961793,12172.5804986,6547.03873871,14782.6084049,9204.52886807
2021-12-29,79428.8275978,25026.9474212,7462.27214975,24373.3260476,12110.3187916,6552.63996675,14778.2252482,9266.4699542
2021-12-30,79209.2481164,24968.2932253,7558.29350116,24426.8368832,12150.4208378,6586.7556888,14884.2917537,9306.69269539
2021-12-31,79009.6161465,24958.5146705,7538.48127844,24418.2739983,12136.7022836,6578.60942407,14985.9751025,9332.43530885
2022-01-03,79467.0783575,25110.0458624,7591.82573152,24251.3294008,12023.775206,6540.92962367,14755.4347063,9259.23025966
2022-01-04,79440.4618433,25202.914292,7561.34328233,24249.182444,12017.4432054,6515.97874119,14864.1308382,9247.96925128
2022-01-05,77915.03431,24982.9503495,7448.55481384,24174.263437,11966.7872004,6463.02358575,14819.4245131,8983.3048995
2022-01-06,77841.8429525,24846.0891313,7491.23104423,24148.576701,11937.2391129,6435.01884597,14637.9735986,8991.3475272
2022-01-07,77534.0898448,24948.7361157,7529.33527461,24077.9477702,11898.1860003,6427.38233547,14704.5930319,8931.81893392
2022-01-10,77437.6029524,24719.0000432,7544.57616525,24056.5395987,11895.0204683,6435.53000062,14749.2980195,8880.333707
2022-01-11,78142.9270575,25012.2860138,7690.8948603,24101.4856308,11923.5158759,6480.3365573,14927.2432112,8894.0101629
2022-01-12,78354.1932729,25281.1234559,7808.25599673,24101.4856308,11925.6259184,6438.58339112,14966.6902834,8904.46749945
2022-01-13,77274.5882964,25100.265166,7710.71042268,24144.3038924,11963.6226049,6440.11218701,14915.848609,8886.76899103
2022-01-14,77306.1916885,25041.6088285,7725.95131331,24009.4562031,11881.301914,6411.08840557,14872.895814,8806.32276997
2022-01-18,75937.1260349,24675.0072547,7611.63862217,23863.9025094,11791.5974792,6380.53629506,14848.3517418,8713.81260737
2022-01-19,75148.6314076,24670.1222605,7642.12307517,23915.272144,11820.0919503,6367.29949013,15084.151391,8596.3620258
2022-01-20,74316.8991427,24513.6996496,7689.37264145,23928.1116748,11845.4180797,6374.93693425,15046.457849,8486.1526161
2022-01-21,72857.9993731,24176.4187489,7568.96172384,24022.2918965,11914.0192798,6414.65201711,14997.3697048,8465.237943
2022-01-24,73167.3967443,23907.5791652,7468.36837242,23994.4716342,11903.465321,6429.41808474,15079.7682344,8481.32689175
2022-01-25,72274.1019586,23780.4900771,7466.84414977,23970.9222618,11887.6339146,6418.21749589,15127.9802823,8447.53869591
2022-01-26,72092.7786456,23668.0581131,7389.11347016,23836.0803284,11803.2041178,6377.48290456,14883.4143199,8315.60946395
2022-01-27,71736.8010224,23511.6462102,7323.57323209,23915.272144,11852.8065064,6403.45096146,14691.4448995,8178.04861978
2022-01-28,73518.4037159,23619.1781888,7335.76701328,23932.3921579,11880.2454879,6425.85400639,14647.6160082,8442.71371023
2022-01-31,74842.5550159,23995.5626006,7570.48728236,23930.2528756,11880.2454879,6443.16791155,14734.3963569,8546.48561989
2022-02-01,75348.2687862,24235.0793696,7614.68639954,23921.8952851,11864.1865004,6401.21821925,14746.668393,8515.91802075
2022-02-02,76080.1985881,24430.5990668,7600.96973156,23947.6108007,11888.4889829,6408.37251719,14800.1396939,8624.51787077
2022-02-03,74291.9323007,24039.5532475,7536.95638786,23851.1550733,11837.7805312,6368.00483688,14779.1026821,8532.81137999
2022-02-04,74641.2679651,24103.0988624,7541.52905581,23701.1117648,11746.9306983,6331.21663957,14801.8932241,8448.34310642
2022-02-07,74401.719337,24147.0959341,7541.52905581,23722.5448786,11750.100913,6328.66273353,14911.4654523,8436.2784262
2022-02-08,75013.8937555,24264.4086091,7610.11506746,23649.6653846,11712.0733205,6320.4870599,14957.0478738,8396.85861817
2022-02-09,76111.8019802,24650.5672925,7722.90220008,23664.6653026,11727.9178385,6332.75103715,15007.8895482,8586.70983842
2022-02-10,74744.4076338,24362.1705993,7680.22530175,23446.0268205,11620.1651883,6282.16493182,14950.911187,8383.98731144
2022-02-11,73270.5526393,24024.8961234,7561.34328233,23600.3582866,11740.5921418,6338.3704707,15235.7989804,8307.5631429
2022-02-14,73030.9931937,23883.1370615,7504.94971601,23463.1794511,11659.2520166,6321.50843559,15317.3214138,8231.94633954
2022-02-15,74208.7617786,24279.0721581,7675.65330173,23424.5841135,11624.3908926,6295.44981796,15171.8091737,8305.95358322
2022-02-16,74291.9323007,24381.7234257,7733.57175863,23452.4619349,11648.6849462,6307.7128616,15327.8399197,8344.56898075
2022-02-17,72704.9422466,24010.2261496,7632.97773927,23501.7613584,11711.0140847,6322.01959025,15537.3419666,8256.07865465
2022-02-18,72234.1853004,23883.1370615,7573.53439179,23551.0588632,11749.0454235,6342.96852856,15525.9460268,8206.20224874
2022-02-22,71458.9854083,23633.846021,7456.17592709,23525.3395103,11747.9880609,6362.38446971,15558.3803159,8176.43906011
2022-02-23,70191.4043425,23413.8799368,7387.58924751,23420.305549,11686.7181581,6366.98392799,15628.505472,8041.29144745
2022-02-24,71247.7083755,23110.817553,7238.22077129,23463.1794511,11714.1824264,6393.04301243,15527.699557,8176.43906011
2022-02-25,72819.7323871,23692.4980752,7372.34702101,23486.7499286,11711.0140847,6387.42171165,15475.9817863,8373.52849755
2022-02-28,72633.4167875,23360.1128767,7288.51878287,23656.0909059,11844.1218973,6498.29792502,15636.395689,8248.83896012
2022-03-01,71527.1952968,22900.6321652,7189.4476503,23789.3960096,11959.472761,6544.82793647,15920.4060486,8205.40005425
2022-03-02,72843.0333307,23179.2545869,7212.31032211,23503.8968033,11779.7286071,6502.34094828,15754.7328929,8359.04910849
2022-03-03,72480.3867048,22812.6465882,7111.71630276,23583.3265302,11830.48014,6494.66429229,15848.5273624,8427.42843332
2022-03-04,71891.4970036,22226.0789302,6977.59005304,23677.7753614,11947.8389625,6544.31631501,16100.9808667,8466.04235351
2022-03-07,69772.1928912,21571.0785215,6730.67600276,23540.3950688,11897.0911758,6579.63453422,16340.2875763,8298.71462736
2022-03-08,69243.2160386,21703.0611702,6759.63556518,23456.6618352,11819.9093234,6611.37233681,16787.341465,8258.49484084
2022-03-09,71099.6651706,22534.032733,6930.34048676,23407.3010153,11746.9484927,6545.85071259,16288.5698055,8385.59760979
2022-03-10,70778.6119189,22279.8502735,6823.65024474,23276.352,11693.0239354,6531.51830951,16339.4101424,8406.51154421
2022-03-11,69878.6643569,22069.6627441,6684.95132707,23272.0561678,11689.8509109,6577.58664795,16224.5786612,8339.7432564
2022-03-14,69367.9637087,22211.4132396,6524.91462817,23046.6564026,11541.8304455,6504.90185644,15980.0140363,8274.58083491
2022-03-15,70893.3966507,22406.93722,6521.86818667,23098.1756911,11536.5417593,6456.27260984,15681.1006766,8330.08885301
2022-03-16,72465.4152536,23164.5867547,7029.41161933,23115.3398336,11520.6757006,6418.90650435,15779.2769651,8429.03651566
2022-03-17,73372.0101833,23374.7807089,6977.59005304,23153.9927305,11498.4757682,6506.43765444,15856.4162418,8559.35766529
2022-03-18,74175.6439333,23575.1875419,7087.33074416,23205.5101003,11532.3132453,6486.473214,15717.0406885,8559.35766529
2022-03-21,74153.9548006,23449.3512909,6997.75494427,22977.9614597,11382.1705622,6429.14500211,15837.1314226,8507.0695052
2022-03-22,75021.655328,23664.8007364,7106.28400529,22915.7131432,11319.7871039,6399.45555261,15722.2999414,8528.78785014
2022-03-23,74055.4883016,23366.1050791,7057.36995048,23010.1600557,11395.9181495,6479.81886733,15937.0612413,8433.10067231
2022-03-24,75171.8349935,23552.1738867,7100.16908051,22958.6465231,11332.4754554,6439.89418772,16052.7701563,8486.48427847
2022-03-25,75538.9492562,23586.4502268,7045.14210471,22776.1686261,11216.1693129,6395.87373556,15987.0268194,8592.44486427
2022-03-28,76076.2501923,23513.0018443,7068.069566,22831.9856655,11241.5460159,6388.706367,15696.0023391,8683.84702343
2022-03-29,77017.374654,23973.2749485,7176.59662323,22939.3258306,11297.5843619,6365.67266459,15703.0151222,8938.63463246
2022-03-30,76541.8147278,23885.1416009,7167.42657381,23001.5779845,11341.9935921,6396.89651168,15829.2425432,8873.92575372
2022-03-31,75363.7432522,23517.8996881,7051.25435776,22990.8393632,11363.1361619,6376.42091658,15835.3778924,8765.5401177
2022-04-01,75577.3244174,23723.553446,7185.7700123,22949.9915436,11289.1441919,6341.28521926,15734.5719775,8936.20958225
2022-04-04,76224.7693682,23826.3760418,7311.11027397,22969.3429343,11281.7370342,6336.64981677,15810.8338203,8892.5298703
2022-04-05,75261.9449563,23542.3824823,7182.71088008,22737.1531065,11147.3058794,6290.79947762,15711.7814355,8848.85163568
2022-04-06,74509.3753214,23238.795406,7103.2275448,22679.1046902,11108.1394445,6262.981461,15748.5975437,8954.00337897
2022-04-07,74884.8244852,23263.2803418,7051.25435776,22629.6652062,11080.6171102,6254.7366998,15808.2041938,8865.0292247
2022-04-08,74684.5867341,23258.382498,7065.01176964,22515.723005,11024.5160154,6266.07079571,15907.2579162,8879.58839001
2022-04-11,73408.0595771,23013.5566977,6976.35571322,22418.96797,10971.5907548,6255.25112211,15986.1493855,8784.14349561
2022-04-12,73136.0583814,22861.7663719,6948.84155739,22489.9211507,11024.5160154,6254.7366998,16108.8710837,8771.20275399
2022-04-13,73973.734875,23131.0792496,7023.74086986,22535.0667211,11048.8634522,6242.88724797,16186.0090229,8833.48362785
2022-04-14,73052.6336476,23018.4523999,6947.31332714,22352.3278892,10949.362726,6242.37235885,16132.537722,8795.46729085
2022-04-18,73082.6739077,22920.5276479,6918.26893726,22283.5389331,10917.6043853,6240.31186876,16182.5033001,8759.87748141
2022-04-19,74262.4166904,23023.3523853,6883.1136302,22148.0830352,10845.6269299,6209.4026502,15937.9386751,8950.76653156
2022-04-20,74207.3446831,23194.729803,6838.78493405,22274.9300009,10930.306785,6255.25112211,16015.9540481,9099.59503213
2022-04-21,73097.6832202,22920.5276479,6714.9722347,22152.3884607,10869.9753032,6279.98120445,15958.9756869,9036.50457709
2022-04-22,71091.9468683,22499.4223029,6661.47348915,22130.8881945,10875.2621164,6255.25112211,15803.8210372,8877.96996631
2022-04-25,71504.1107036,22367.2233523,6592.68642973,22279.2200772,10945.1285927,6250.61665324,15519.8106776,8855.32163715
2022-04-26,69433.2961361,21760.0534829,6459.7023451,22348.0263011,11018.1671569,6264.0089052,15543.4786534,8709.72850665
2022-04-27,69628.5253743,21857.9868013,6549.88663177,22257.7313228,10956.7736298,6253.70645476,15426.0162082,8652.29994924
2022-04-28,71387.3085039,22200.7394952,6635.48555976,22249.1358211,10940.8963326,6289.25387665,15509.2908341,8811.64487987
2022-04-29,68749.131105,21921.6437795,6640.0722543,22115.8345546,10882.6730202,6237.21926639,15507.5386415,8407.21845041
2022-05-02,69162.9608389,21848.1911137,6626.31417448,21995.4476458,10801.5970015,6146.77710221,15220.0212216,8204.19602383
2022-05-03,69480.0116072,22024.4663752,6676.75712748,22044.9811431,10814.3171957,6169.1007898,15260.3430526,8306.11313572
2022-05-04,71595.8757474,22401.4954093,6742.48505467,22187.1273344,10884.2623421,6217.38786621,15410.2384493,8401.55655279
2022-05-05,69051.1617433,21686.6093836,6497.91544852,21967.4566246,10775.10487,6151.96893972,15351.5078955,8177.50200475
2022-05-06,68639.0033167,21490.7448884,6409.26006004,21874.8400934,10713.6345459,6135.87480361,15376.9280639,8080.44164131
2022-05-09,66441.3749324,20824.8265927,6236.53063414,21982.5294509,10793.1193696,6111.99104401,15154.2778846,7724.54650158
2022-05-10,66594.8863948,20927.6491885,6262.51789559,22049.2904058,10829.1511785,6084.47271807,15026.2969335,7583.80642618
2022-05-11,65536.9543247,20819.9244657,6218.18919945,22131.1261057,10895.9233005,6158.19895801,15149.0186317,7567.62809849
2022-05-12,65468.5334946,20741.5846641,6187.61657932,22172.0545081,10931.9569825,6131.72068008,14916.7247053,7626.67434094
2022-05-13,67033.7370583,21324.2631729,6340.47433649,22077.2852643,10874.7245378,6163.39032871,14795.7565373,7828.07908249
2022-05-16,66761.7520889,21353.6480941,6326.7169246,22126.8283548,10920.2988337,6165.4685575,14936.8856207,7778.73895025
2022-05-17,68135.0582113,21764.9513267,6471.928855,22006.2208025,10837.6353663,6134.31566521,14843.0924889,7884.69953606
2022-05-18,65388.4351489,21245.9190881,6331.30228327,22094.5184778,10914.9979724,6176.8908801,14850.9813683,7655.79341025
2022-05-19,64987.9434204,21466.2685191,6423.01613605,22150.5139506,10954.2112346,6155.08348206,15069.2497285,7621.82202451
2022-05-20,65016.3285996,21588.6782068,6447.47383139,22217.2768242,11005.0807726,6157.6784672,15079.7682344,7670.3540529
2022-05-23,66232.7752363,21960.8136803,6493.33075778,22144.0481379,10938.3142699,6135.87480361,15149.894728,7759.32599116
2022-05-24,65727.17505,21882.4653123,6377.1598776,22314.1949435,11032.6368226,6169.1007898,15263.8501129,7824.84518976
2022-05-25,66307.8704778,21872.6739079,6412.31718846,22406.8038001,11054.8938844,6174.29309412,15171.8091737,7891.1702762
2022-05-26,67632.7952307,22112.604006,6508.61639991,22389.5763425,11049.5948962,6199.73365808,15143.7580412,7900.87712508
2022-05-27,69293.1334964,22386.8083027,6578.92968578,22426.1878077,11065.4918609,6219.46469457,15151.6482582,8112.79681935
2022-05-31,68904.3138747,22283.9835653,6670.64353856,22284.0454537,10949.9724187,6175.33220851,15001.7528614,8013.30623502
2022-06-01,68346.9680693,22083.2297928,6626.31417448,22192.5570821,10888.3213408,6149.96399977,15097.2995234,7946.98040991
2022-06-02,69648.5540173,22548.3921744,6745.54285103,22220.6075811,10904.2379731,6178.3258476,15283.1349321,8056.17710445
2022-06-03,68505.504271,22200.7394952,6640.0722543,22183.9308822,10883.0167333,6214.04085353,15127.9802823,7948.59809494
2022-06-06,68714.103967,22283.9835653,6676.75712748,22048.0087551,10801.3076082,6173.59801715,15061.3608491,7923.52323823
2022-06-07,69373.2102071,22337.8362895,6710.38687603,22132.1487402,10844.8140063,6188.30433336,15159.5371376,8032.72067144
2022-06-08,68618.9800825,22058.7362906,6734.8432355,22041.5352679,10804.4871885,6173.07379187,15145.5115714,7847.49204158
2022-06-09,66987.0215872,21598.4717528,6589.6293013,22017.7978689,10794.9390822,6172.0244077,15097.2995234,7661.4545692
2022-06-10,65044.6867349,21099.0266062,6537.65945393,21847.3517557,10688.8244544,6144.71007681,15299.7887872,7491.59837918
2022-06-13,62575.0571548,20379.2384535,6325.18802642,21489.2013733,10498.8841031,6041.24070445,14895.6863559,7117.09838421
2022-06-14,62386.4969193,20193.1782123,6416.90121127,21361.895853,10415.0527604,5958.25439612,14776.4730556,7062.90519686
2022-06-15,63275.8973969,20550.6180128,6511.67152454,21599.2314701,10560.4265414,6040.71507875,14969.3199098,7230.33633666
2022-06-16,61181.7223894,20056.0728516,6308.37482198,21651.0174493,10629.4023607,6022.85734238,15137.6226919,7040.25539036
2022-06-17,61313.6204418,19987.5201712,6335.88830988,21648.8589807,10632.5856871,6026.00829574,15013.1488011,7093.64121253
2022-06-21,62857.107829,20295.0991937,6436.9071345,21562.5566898,10577.4070921,6004.99913921,14957.0478738,7192.32073834
2022-06-22,62743.1344114,20106.5846766,6330.65238466,21745.942103,10711.1096126,6039.66429416,15016.6545239,7283.72215883
2022-06-23,63358.1862909,20032.1725731,6361.45210194,21836.5709244,10771.5984345,6057.52436457,14924.6135847,7422.10292554
2022-06-24,65372.5874784,20627.4779674,6496.96431222,21802.0431009,10733.396644,6063.29971196,14909.7119221,7580.02000906
2022-06-27,65122.8974229,20587.7897989,6501.58507133,21704.95806,10672.9125049,6019.70498861,14893.0567294,7568.62234692
2022-06-28,63792.2339744,20478.6516188,6458.46666942,21713.5880972,10686.7059829,5998.69536527,14868.5126573,7476.64033263
2022-06-29,63740.2990486,20354.6314464,6441.52789361,21838.7217184,10772.6557971,5988.19218743,14857.1180551,7430.24158021
2022-06-30,63222.4426092,20240.5311744,6413.80868241,21937.9671466,10855.4250944,5982.9401317,14766.830646,7416.40409447
2022-07-01,63891.1115392,20285.1771515,6375.31103961,22120.8345273,10971.799605,6079.27341163,14754.55861,7549.90152065
2022-07-05,64011.7755945,19848.6137232,6324.49137251,22161.8953158,11012.1807425,6062.3805672,14441.6196841,7528.73570011
2022-07-06,64227.9691913,19848.6137232,6281.37564233,22012.7595235,10918.6561286,6007.48442449,14212.832818,7514.89895304
2022-07-07,65189.9227926,20171.074738,6412.26776144,21963.05143,10851.705126,5997.98301641,14220.7216974,7535.24854438
2022-07-08,65136.2895158,20220.6806654,6396.87057453,21880.9087479,10785.8105495,5991.64936677,14226.8583842,7495.36263623
2022-07-11,64392.2116362,19883.3462246,6238.25657249,21982.4987526,10870.8341177,6001.14984123,14150.5952038,7479.08163356
2022-07-12,63822.3878185,19863.5021404,6215.15745247,22012.7595235,10896.3410009,5999.04033631,14098.0013367,7449.77863568
2022-07-13,63487.2176998,19838.6981059,6196.67909155,22092.7283878,10943.1056492,6030.18202521,14165.4982039,7413.96353221
2022-07-14,63333.0409597,19546.005359,6155.09960681,22014.9218294,10882.5269187,6015.40288696,13966.5146628,7347.21444978
2022-07-15,64543.0241268,19843.6494897,6176.65914174,22101.3776114,10919.7209836,6050.24029404,13938.4635304,7471.75699209
2022-07-18,64010.1042872,19967.6803702,6205.91793804,22030.0445402,10887.836209,6042.32276518,13951.6130003,7418.84613407
2022-07-19,65739.5935658,20483.6137107,6293.6929911,21999.7876067,10837.8910439,6035.98864873,13984.9220482,7610.95324935
2022-07-20,66158.5670316,20384.3932895,6267.5153688,21984.6591399,10827.2621613,6030.71045175,13853.4353743,7593.0434816
2022-07-21,66832.2823359,20612.595975,6344.51265819,22168.3822335,10950.5399667,6068.18672391,14048.9131925,7653.28045842
2022-07-22,66212.2057172,20543.1438218,6279.8353893,22341.3053094,11075.945609,6119.38901567,14083.9757705,7693.16636657
2022-07-25,66292.6394061,20711.8142546,6309.0941856,22259.1760578,11036.6218341,6107.77670225,14045.4061322,7706.19205511
2022-07-26,65508.3419776,20429.0456914,6249.03700789,22254.8495274,11040.877508,6107.77670225,14028.7509395,7714.33070978
2022-07-27,67209.3487193,20895.3645381,6372.23053353,22332.6599231,11063.1898261,6146.83732043,14171.6335531,7760.72872353
2022-07-28,68052.3203901,21029.3131775,6392.24914748,22492.6091636,11172.6544859,6209.65145881,14344.3194919,8012.25658642
2022-07-29,69044.4332443,21312.0838823,6362.99235497,22494.7637949,11176.905477,6240.79454813,14384.6426604,8055.39854736
2022-08-01,68839.9712506,21312.0838823,6324.49137251,22572.7353563,11242.2737136,6243.67288567,14466.1637562,7990.27823001
2022-08-02,68385.8246103,20979.7029669,6287.53465068,22341.015595,11086.8385981,6170.11189572,14380.2595037,7887.71404411
2022-08-03,69456.6944374,21128.5293155,6321.41353817,22440.6294018,11132.617998,6202.6288007,14415.3220818,7912.94697598
2022-08-04,69409.7680245,21232.7075453,6373.77078657,22494.7772254,11189.0440749,6201.56167783,14653.7513574,7900.73751664
2022-08-05,69292.46281,21083.88548,6372.23053353,22243.5621755,11027.222639,6139.19520824,14488.9542981,7922.71587305
2022-08-08,69212.0183036,21148.3755413,6386.09080707,22345.3440441,11092.1647463,6181.30688288,14611.6759963,7993.53428281
2022-08-09,68937.1883258,21019.3911354,6372.23053353,22295.5304254,11059.1598603,6163.7147602,14656.3809839,8037.48951829
2022-08-10,70385.1353538,21520.4489083,6452.3063252,22351.8328804,11065.5518,6153.0542681,14619.5648757,8159.590021
2022-08-11,70385.1353538,21520.4489083,6483.10604248,22232.7295409,10992.0908526,6132.26497809,14580.9952374,8140.05518153
2022-08-12,71576.6854624,21699.0349584,6550.86381745,22332.3529409,11035.7405425,6156.25283586,14715.1115378,8280.06397464
2022-08-15,71871.6252147,21545.2486596,6526.22310852,22360.4993718,11070.8685827,6149.85663396,14525.7717439,8313.43703852
2022-08-16,72012.4206794,21565.0927439,6529.30495046,22328.0148986,11058.099688,6151.45498422,14500.3502379,8291.45868211
2022-08-17,71501.2819215,21381.5381771,6513.90308803,22195.9166186,10983.5738857,6132.79807272,14406.557106,8241.8060929
2022-08-18,71709.0811209,21312.0838823,6472.32560709,22243.5621755,11004.8663031,6164.24738802,14368.863564,8187.26868581
2022-08-19,70745.4508036,20994.5892425,6399.95041267,22087.6305646,10910.1166845,6153.58782953,14263.6744924,8100.98402525
2022-08-22,69272.3530356,20657.2419521,6355.29175772,21992.3528814,10862.2085112,6141.86021456,14169.0039267,7924.34316078
2022-08-23,69104.7733851,20696.9322622,6395.33032149,21983.6844714,10835.5918187,6151.98761204,14268.057649,7822.59224941
2022-08-24,69325.9700861,20721.7405799,6399.95041267,21925.2101173,10799.3970504,6150.9223564,14310.1330101,7867.3637141
2022-08-25,70304.6962561,20964.8252578,6518.52384714,22046.4834373,10868.5948316,6170.11189572,14353.9619014,7984.58013761
2022-08-26,67924.9440621,20409.1994656,6432.28837918,22005.342066,10855.8231273,6161.04975388,14179.5224325,7783.52035447
2022-08-29,67475.8113435,20359.589255,6401.48932984,21899.2202364,10794.0737119,6137.06142931,14188.2887458,7713.51595791
2022-08-30,66735.0706695,20190.9188222,6324.49137251,21927.368586,10790.8800835,6126.40000359,14069.9502043,7606.88244468
2022-08-31,66227.2907524,20071.8564584,6333.7322228,21810.4256337,10746.1664751,6072.03135381,13961.2554099,7571.06512519
2022-09-01,66435.0953605,19803.967746,6304.47342649,21715.8022064,10660.7392548,6026.03163613,13838.5337117,7584.9033496
2022-09-02,65734.5742354,19679.945432,6253.65643113,21778.7412329,10720.4601073,6061.66448387,13960.377976,7479.08163356
2022-09-06,65486.5446697,19595.613428,6199.75959763,21574.7515579,10601.014656,6003.89933978,13878.8568802,7546.64472918
2022-09-07,66663.0151518,19764.2838608,6252.11617809,21724.4898028,10670.3360615,6028.73211986,14019.9859637,7693.97890243
2022-09-08,67098.7287338,19794.0478455,6233.63581338,21655.0446721,10630.8755506,5995.26199314,13935.8339039,7715.14546165
2022-09-09,68141.1322503,20305.0212358,6316.79344699,21652.8804476,10631.9441518,5997.96060963,14009.4674578,7798.98660527
2022-09-12,68873.494753,20562.9900476,6413.80868241,21620.3364966,10606.3482966,5980.14208512,14080.4700477,7874.68835556
2022-09-13,65878.701497,19858.5400485,6210.53736129,21498.7945672,10546.6208882,5962.32916231,13897.2642656,7573.50864213
2022-09-14,66130.0899035,19947.8362859,6241.3377465,21527.0081505,10551.9592115,5977.44626948,13843.7929647,7487.22176556
2022-09-15,65379.2781161,19754.3553939,6187.43957713,21461.9106553,10515.6970118,5947.21298876,13585.2027735,7348.84173751
2022-09-16,64880.5200127,19625.3774127,6108.90270263,21446.7207921,10524.2261539,5922.37740784,13660.58852,7349.65722805
2022-09-19,65383.6646215,19700.016526,6133.71707409,21414.1691666,10494.3633862,5895.38330717,13671.1083635,7339.07357911
2022-09-20,64633.1611334,19371.6018576,6111.86765633,21318.6823518,10429.3060835,5886.20586378,13593.0929905,7160.80616558
2022-09-21,63505.7048459,19122.7969608,6010.42001885,21385.9632579,10470.9009872,5897.54416096,13656.2053634,7047.65980808
2022-09-22,62972.271174,19033.2330231,5993.25147416,21158.1037978,10313.0570704,5830.60110667,13648.316484,6958.11909471
2022-09-23,61917.1787036,18411.2282766,5855.90645628,21093.0024654,10325.8578077,5805.76645937,13412.5168348,6865.63404685
2022-09-26,61304.6581244,18117.6446233,5774.74794554,20821.7414774,10154.1529814,5712.90856428,13256.4860887,6673.09259422
2022-09-27,61148.1610257,18008.1744949,5771.62602763,20732.7684413,10084.8259566,5682.67481676,13283.6597873,6584.22776296
2022-09-28,62351.3291535,18411.2282766,5816.88916176,21066.9665371,10311.9940885,5783.09313266,13559.7826051,6720.8179961
2022-09-29,61048.8778037,18182.331712,5702.95251679,20956.2879405,10264.0006893,5702.11176427,13557.1529786,6523.34001878
2022-09-30,60104.8542461,18092.7677743,5695.14972582,20906.372634,10237.3362329,5663.24207052,13558.0290749,6596.57018271
2022-10-03,61691.6874461,18495.8194144,5782.55073651,21076.2297251,10358.8364703,5736.12245454,13887.621856,6714.23497828
2022-10-04,63603.3113518,19232.273514,5944.86976179,21132.77201,10380.2113039,5758.79764848,14086.605397,6850.00011819
2022-10-05,63455.2194682,19003.3748078,5955.79179893,21021.8516649,10281.8971839,5713.4472606,14008.590024,6715.87999407
2022-10-06,62800.6349525,18684.9078808,5913.65325444,20939.2178113,10225.266003,5694.55367749,13992.8122651,6529.10015938
2022-10-07,61048.8778037,18391.3242275,5796.59803123,20828.2993848,10175.038937,5696.1721005,13839.4111456,6371.94095021
2022-10-10,60582.7399396,18266.9207083,5716.99981151,20734.7849307,10115.1982063,5663.77936642,13629.0316648,6311.87238991
2022-10-11,60199.0802762,18052.9575345,5628.03784187,20747.833593,10140.8446351,5696.1721005,13600.9818699,6376.05459768
2022-10-12,60000.5300586,18008.1744949,5626.47621498,20765.2298908,10173.9722089,5707.50993087,13673.73799,6309.40597424
2022-10-13,61583.9827828,18381.3743445,5648.32830447,20699.9846605,10131.2272243,5701.03017036,13579.0674242,6424.60139945
2022-10-14,60180.5660864,18067.8866422,5565.60749891,20586.8924163,10074.5932338,5705.89104106,13409.8872083,6264.97355861
2022-10-17,61727.0228835,18545.5816787,5707.63672952,20630.3879574,10085.2783093,5721.54637774,13448.4568466,6501.12454963
2022-10-18,62452.3161352,18669.9809148,5709.19568467,20665.1843903,10110.922865,5706.430671,13477.3840754,6571.88682055
2022-10-19,62009.7334265,18456.0113162,5609.30833822,20486.8545903,10005.1360289,5677.27618335,13296.8092572,6408.14459356
2022-10-20,61489.7621614,18406.2554767,5653.00984546,20362.8894201,9930.33675454,5671.87754994,13275.7709079,6380.16824515
2022-10-21,62984.0406385,18749.6013943,5735.72864722,20393.330543,9952.7764432,5686.45456036,13512.4466534,6430.36080138
2022-10-24,63754.7512587,18719.7431791,5512.54290967,20365.0651565,9939.95416534,5699.95137729,13468.6177621,6429.53718548
2022-10-25,64772.8315758,19137.72821,5557.80437397,20565.148483,10063.9081584,5723.16573436,13499.2985211,6682.14424373
2022-10-26,64284.8260898,19331.7873346,5632.71938286,20656.4872007,10115.1982063,5714.52745409,13585.2027735,6678.02985759
2022-10-27,63941.5482381,19202.4110155,5592.14079543,20760.8803367,10186.7935502,5758.79764848,13564.1657617,6687.90512299
2022-10-28,65462.7569376,19351.6978085,5553.12082918,20708.6856873,10134.434901,5751.77779122,13425.6663047,6835.18980542
2022-10-31,64989.8959832,19192.4632742,5532.83303831,20639.0889843,10088.4850494,5743.68100813,13316.0940764,6827.78464904
2022-11-01,64705.514133,19356.6684668,5624.91659189,20677.4540853,10086.6653368,5742.60128144,13451.963907,6825.31527869
2022-11-02,63081.657962,19063.0890967,5582.77671153,20642.5789882,10069.5302556,5729.64456126,13358.1694376,6637.71108943
2022-11-03,62432.1090031,18908.8316455,5628.03784187,20566.2862358,10025.6202055,5665.93835297,13307.3277631,6628.65943992
2022-11-04,63330.6989661,19630.3502126,5857.46541143,20564.1009062,10004.2079099,5686.99512391,13715.8133511,6719.17076431
2022-11-07,63936.4910463,19714.9392088,5846.54270635,20498.7136966,9968.86820991,5694.01218033,13661.4659539,6719.17076431
2022-11-08,64281.4564316,19953.7942227,5871.51270615,20585.9023987,10035.2619665,5702.11176427,13977.0331687,6739.74195634
2022-11-09,62957.1320512,19675.1375355,5763.8219008,20609.8796275,10069.5302556,5690.23383715,13906.9066751,6670.62543988
2022-11-10,66416.8840613,20769.8559523,5957.35342582,21052.3714519,10295.4864945,5784.71015524,14330.2939256,7158.55839592
2022-11-11,67059.7099299,21157.9849096,6077.53123488,21037.1221109,10274.0685797,5781.47284242,14424.9644913,7157.73699603
2022-11-14,66489.2370609,20914.161379,6057.24277607,20978.2582731,10249.4401785,5738.82340508,14456.5213466,6983.29662641
2022-11-15,67056.3348629,21043.5334149,6191.46587605,21133.0252703,10325.4756961,5776.07094136,14507.363021,7058.99763803
2022-11-16,66544.7742216,20963.9215017,6093.14015648,21263.81312,10401.5084041,5790.6493522,14474.0526356,6994.81616893
2022-11-17,66341.1559947,20939.038228,6125.91428312,21174.4448443,10330.8280676,5751.23862809,14368.863564,6947.09298306
2022-11-18,66642.3699101,20973.8756679,6082.2134438,21143.9269758,10294.4160202,5722.08414044,14269.8098416,7035.13493709
2022-11-21,66400.057405,20804.6912506,6026.02693666,21130.8456966,10287.9922379,5752.31882158,14190.042276,7072.16219634
2022-11-22,67293.6118112,21113.1997283,6041.63519033,21239.8416471,10346.8898648,5775.53317865,14206.6974687,7110.83594871
2022-11-23,67717.6532863,21357.0232589,6074.40931697,21366.2626749,10402.5770053,5807.38581599,14295.2313476,7116.59461197
2022-11-25,67702.5141635,21446.5914798,6052.55989921,21370.6294967,10399.35809,5801.98624896,14307.5033837,7161.84916616
2022-11-28,66622.1735955,21148.032885,6038.51260449,21335.7467251,10403.6484162,5788.49036565,14194.4240951,6970.13280677
2022-11-29,66507.7512507,21202.7679492,6157.12945459,21259.452054,10359.7430487,5763.65618515,14264.5505887,7085.32749332
2022-11-30,68602.7970688,21600.8510726,6324.13002087,21425.1169194,10452.9089647,5848.95505984,14446.878937,7247.42396585
2022-12-01,68552.3008735,21784.9581727,6308.5217672,21603.3987535,10567.0741587,5911.71038043,14712.4819113,7231.79003719
2022-12-02,68473.2139662,21765.0584068,6347.53972964,21692.9742422,10588.5370278,5955.49182694,14661.6402369,7210.39596793
2022-12-05,67241.4334912,21436.6437384,6283.54909567,21522.5645831,10481.2357937,5894.41234673,14410.0628288,7078.74595283
2022-12-06,66272.1564271,21292.3361701,6288.23197253,21585.9218728,10545.6159723,5893.33121963,14449.5085635,7012.09659072
2022-12-07,66159.4270247,21292.3361701,6250.7743011,21778.1848277,10637.8931043,5918.736773,14580.1191411,7026.08328759
2022-12-08,66677.6999387,21411.7583231,6322.56839398,21712.6441269,10577.805125,5917.11508234,14592.3911771,7075.45444392
2022-12-09,66179.6179305,21426.6895723,6269.50246888,21583.7346246,10499.4797476,5860.90067411,14644.1089479,7062.28914694
2022-12-12,67133.7342367,21481.4246365,6252.33459212,21588.109121,10484.4528359,5861.44123766,14523.1407798,7116.59461197
2022-12-13,67641.941446,21760.0834654,6285.11005462,21732.3044185,10578.880282,5878.73833774,14771.2124651,7248.24758175
2022-12-14,67209.4568946,21750.1271576,6296.03543143,21780.3720759,10607.8467733,5864.14312181,14735.2737908,7198.87716408
2022-12-15,65565.4098178,21182.8681833,6174.29799929,21812.3404352,10628.4910995,5865.17383366,14494.2148886,7102.60717643
2022-12-16,64791.3349481,21018.6587075,6166.49387245,21755.4048294,10601.6121736,5833.72311793,14620.440972,6919.11663465
2022-12-19,64241.9237954,20973.3445506,6178.39109149,21621.8311162,10515.6071032,5813.65971422,14579.2430448,6831.07468061
2022-12-20,64329.8323924,21074.0341107,6157.76866628,21475.1147274,10439.2746998,5812.03288867,14821.1780432,6813.79573617
2022-12-21,65291.7156798,21285.4787605,6214.87291309,21534.2356628,10452.1747111,5843.48313759,14796.6339711,6872.21706467
2022-12-22,64360.2566746,21099.2086424,6159.35701048,21527.6681622,10448.9520497,5811.48999108,14617.8113456,6843.34397214
2022-12-23,64730.4701575,21204.9309672,6146.66695521,21453.2192217,10401.6451401,5798.47585352,14661.6402369,6904.25904707
2022-12-27,64475.2090779,21245.2059347,6243.42637236,21297.7442468,10314.5639761,5771.90421401,14785.2380314,6901.75717528
2022-12-28,63673.9227303,21003.5561301,6153.01164888,21260.5188172,10289.8372373,5765.39784544,14718.6185981,6784.09828907
2022-12-29,64820.0771055,21335.8256822,6259.28910843,21339.3518474,10340.3658718,5789.25779784,14801.0171277,6932.63132205
2022-12-30,64649.3279208,21129.4116555,6183.15011269,21238.6156369,10297.3577173,5771.90421401,14870.2661875,6882.56433954
2023-01-03,64377.1590535,21245.2059347,6249.77106603,21363.4346013,10377.9935584,5792.51098212,14994.7400783,6889.23747498
2023-01-04,64874.170127,21562.3750509,6411.56709993,21481.6860652,10457.5514329,5796.30613038,15135.8691618,7045.28351001
2023-01-05,64133.7323437,21320.7188216,6392.53235099,21464.1708118,10442.5011075,5797.93248912,14947.4054642,6855.86071776
2023-01-06,65604.4502567,21909.7514635,6501.98315928,21698.4692236,10576.8863714,5851.07576815,15227.0340047,7040.27607309
2023-01-09,65567.2650229,22005.3975509,6536.87930842,21753.2156626,10603.7624877,5864.63046926,15261.2204864,7042.77942222
2023-01-10,66027.0800451,22060.7793789,6582.88050829,21670.0062173,10537.1102439,5840.77238409,15317.3214138,7058.63273556
2023-01-11,66862.1657419,22226.914155,6609.84695923,21803.5799305,10604.8423275,5865.71579764,15306.8015703,7311.4732132
2023-01-12,67105.6086781,22549.1160359,6639.98542303,21961.2459909,10699.4505273,5911.80981051,15483.8706657,7404.0978695
2023-01-13,67365.9485845,22664.9103151,6684.40028251,21880.2218752,10642.4700141,5865.71579764,15669.7047368,7358.20067331
2023-01-17,67242.5368785,22730.3576725,6649.5027975,21840.8034415,10609.1410825,5848.90604501,15567.1452917,7379.06290091
2023-01-18,66180.9052157,22629.6638292,6609.84695923,22057.601949,10753.2027598,5889.03565329,15522.4403041,7271.41814986
2023-01-19,65699.1306228,22604.4935807,6662.1935207,22007.2280879,10732.7794589,5925.36544524,15768.7584592,7231.36382519
2023-01-20,66923.0251238,22836.0778558,6739.91752099,21917.4492235,10661.8200311,5891.74500637,15716.1632546,7317.31386872
2023-01-23,67726.0314575,22931.7325096,6789.09206959,21862.7047032,10627.4140694,5886.32163214,15745.9679172,7350.68988727
2023-01-24,67653.3268885,22926.6976033,6795.43676326,21959.0529868,10688.6952108,5919.94347143,15802.9449409,7369.05024308
2023-01-25,67678.6993876,23042.4875992,6797.02243573,21985.3325821,10700.5247478,5931.87228061,15875.701061,7372.38754947
2023-01-26,68422.5068292,23112.9655798,6849.36832927,21948.1109898,10661.8200311,5931.32984983,15731.942351,7454.9980706
2023-01-27,68579.7178844,23087.797473,6803.36846526,21915.2543007,10645.6973583,5918.31571227,15710.0279053,7538.44402632
2023-01-30,67719.2650972,22896.4903069,6681.22826964,21856.1429585,10612.3684267,5889.57715046,15669.7047368,7442.4805863
2023-01-31,68714.9531425,23037.4526929,6698.67667818,21945.9103111,10666.1197227,5891.74500637,15726.683098,7598.52366666
2023-02-01,69445.2440897,23243.8667195,6766.88397192,22100.6715524,10742.833301,5931.32984983,15924.7892052,7645.25334277
2023-02-02,70456.1577981,23238.8339548,6719.29643165,22124.8214587,10738.5242439,5923.19712252,15594.3189903,7818.819867
2023-02-03,69707.2715296,22977.0381002,6613.01964003,21911.8947642,10623.2426849,5867.88645439,15205.1195591,7671.95548722
2023-02-06,69281.2666742,22730.3576725,6544.81101042,21791.1548258,10531.6604714,5844.56893278,15236.6764143,7616.0478492
2023-02-07,70187.3639978,22941.8023223,6557.50173362,21753.8430575,10505.8051924,5859.75045943,15250.700643,7599.35688525
2023-02-08,69419.8878169,22805.8748426,6544.81101042,21784.5738948,10544.5885792,5890.11818082,15288.394185,7563.47751758
2023-02-09,68818.0711762,22826.0123263,6570.19112096,21698.9603952,10497.1842686,5860.29335702,15167.426017,7480.86478044
2023-02-10,68978.6789335,22760.5606857,6514.67254661,21604.5710418,10446.5488677,5839.14555855,15196.3532458,7506.73370629
2023-02-13,69788.4245838,22956.9027581,6573.36313382,21670.422562,10471.3271165,5848.90604501,15119.2139691,7573.48943674
2023-02-14,69756.2911331,22977.0381002,6554.32771695,21593.5945093,10423.9190598,5829.38413846,15130.6099088,7513.40905774
2023-02-15,69982.815464,22861.2502458,6522.60291275,21551.8890582,10392.6748839,5829.38413846,14979.8384157,7543.44998591
2023-02-16,69019.2446431,22755.527921,6509.91419334,21461.8837944,10358.1958715,5815.28560615,14967.5663797,7470.01742668
2023-02-17,68846.8187424,22790.7701237,6457.56963567,21512.3785298,10387.2906698,5826.67385177,15012.2713673,7440.81267178
2023-02-21,67465.6861424,22503.8061622,6386.18765732,21310.4206932,10274.1612979,5800.64510985,14956.1704399,7291.44568153
2023-02-22,67372.7149448,22372.9157305,6359.22120639,21367.4963596,10292.4764294,5797.39099195,14872.0197177,7225.52464702
2023-02-23,67731.0832406,22503.8061622,6381.42930406,21444.3263309,10332.3377829,5816.37000091,14864.1308382,7279.76289317
2023-02-24,67007.5640625,22151.3991264,6259.28910843,21321.4068189,10269.8503677,5778.41151619,14757.1882364,7152.09061045
2023-02-27,67235.7759269,22398.0838373,6291.01324471,21363.1045955,10301.0945436,5790.3421926,14815.0413564,7162.94018022
2023-02-28,66987.2812077,22236.9839676,6252.94374683,21360.9096727,10317.2565514,5812.03288867,14882.5382235,7152.92678372
2023-03-01,66730.3217771,22377.9463536,6378.25662326,21238.561915,10234.7729012,5790.3421926,14968.442476,7062.80399921
2023-03-02,67249.2978301,22413.1885563,6406.80874666,21194.5636905,10192.6675789,5794.68070526,14959.6775003,7145.41673635
2023-03-03,68327.8426894,22740.4253436,6454.39495107,21361.7922465,10274.7185439,5857.04063955,15120.0914029,7253.89470599
2023-03-06,68375.1639418,22685.0456572,6432.18752133,21308.9855514,10256.366887,5825.5885234,15043.8282225,7225.52464702
2023-03-07,67327.0595909,22272.2283119,6337.01444458,21280.3748099,10257.4476634,5788.71396663,14780.8548747,7056.96408237
2023-03-08,67436.9385762,22388.0161662,6370.32558919,21258.3699418,10254.2072075,5761.05886597,14773.8420916,7137.90668897
2023-03-09,66192.7395854,22166.4974206,6240.25369156,21335.3821837,10317.903706,5776.24179305,14919.3543317,6974.35282257
2023-03-10,65237.6118408,21950.0200061,6205.35487069,21584.0320136,10507.917108,5861.37821859,15241.0582334,6743.21000713
2023-03-13,65144.6352345,21824.1580559,6199.01284876,21755.6676829,10635.3119782,5905.84353869,15590.8132675,6831.66339978
2023-03-14,66221.4925603,22080.9190043,6202.18285783,21628.0398313,10534.9084197,5873.30796139,15500.5258584,6897.58369563
2023-03-15,65807.3220745,21421.4083817,6099.08008287,21843.679481,10687.1321123,5944.88735178,15621.4940264,6892.57625871
2023-03-16,66961.9141173,21753.6779338,6176.80341522,21757.8683616,10591.0507225,5877.64740767,15653.0508817,6877.55616396
2023-03-17,66178.9580616,21501.9647414,6145.08061481,21894.2970093,10716.2877862,5890.11818082,16108.8710837,6721.51529961
2023-03-20,66815.3042343,21830.4286666,6155.87240506,21806.2775367,10673.100751,5895.54202186,16115.006433,6798.28442655
2023-03-21,67692.6215391,22113.4135316,6220.95711297,21740.2648508,10580.2523247,5883.06844786,15810.8338203,6768.24497572
2023-03-22,66538.7001827,22027.5117333,6240.0058885,21949.3139763,10719.5226228,5963.86589393,16079.9438549,6515.40449808
2023-03-23,66718.5847652,22042.6635675,6316.19965473,22002.1225901,10781.0613149,5974.71170877,16281.5570224,6474.51621615
2023-03-24,67156.3915377,21966.8658476,6303.5002484,22039.5283717,10784.2998976,5959.5292485,16098.3512403,6640.5512716
2023-03-27,67281.9667482,22158.8925919,6273.33974282,21801.8819352,10651.5067652,5912.89327165,15949.3332773,6632.96514133
2023-03-28,67130.9324984,22189.2133932,6347.94783659,21768.8736737,10645.02679,5931.32984983,16079.9438549,6616.95227548
2023-03-29,68106.6838497,22441.8753152,6370.17196464,21795.2779805,10626.6770062,5942.71762865,16000.1749518,6763.60244127
2023-03-30,68505.4555921,22719.8145658,6432.07931622,21819.4873647,10642.8708566,5948.68343366,16144.809758,6852.09793805
2023-03-31,69471.022246,22825.9330871,6413.02987276,21925.1045922,10701.1700293,5978.51012469,16060.6590358,6998.74810384
2023-04-03,69735.7486577,23012.9077923,6440.01569375,22020.4033804,10751.5778491,5989.20329335,16176.3666133,6943.12337604
2023-04-04,69348.8383288,23007.8578947,6446.36506295,22102.0222741,10820.8130922,6006.57601631,16477.9095994,6933.85012584
2023-04-05,69167.2608041,22830.9872678,6389.21873637,22177.0314571,10866.2450328,6020.69042009,16464.7614671,6896.76672775
2023-04-06,69437.0714514,22906.789271,6427.31628742,22157.177383,10869.492981,6034.26426033,16347.3003594,6943.966936
2023-04-10,69508.3535163,22927.0017108,6413.02987276,22004.9564196,10762.3940413,5991.3739501,16226.3321914,6975.99266768
2023-04-11,69527.0137427,23028.0660513,6460.65147761,22018.1988644,10758.0671898,6001.68993797,16328.8916365,7005.48993549
2023-04-12,69243.6325133,23159.4576179,6411.44286443,22044.6722423,10789.4387362,6003.86246196,16408.6605397,6971.77782256
2023-04-13,70163.3653241,23498.027763,6489.22497486,22035.8465039,10753.7422114,5989.20329335,16630.4346227,6950.70729031
2023-04-14,69991.9724968,23381.8030219,6454.30144048,21927.7503951,10700.7364076,5963.1432753,16335.9044196,6842.82690386
2023-04-17,70243.1337353,23361.5905821,6489.22497486,21817.445933,10632.5847506,5935.99886248,16263.1482996,6985.26222453
2023-04-18,70288.9405345,23452.5487027,6476.52556853,21848.3340987,10649.8930931,5941.97026919,16326.26201,6969.24935869
2023-04-19,70277.057486,23361.5905821,6409.85652403,21815.241417,10627.1752497,5935.99886248,16248.246637,7010.54686323
2023-04-20,69893.5600854,23371.6989436,6401.91881063,21914.5117875,10688.8366295,5955.00074503,16312.2364438,6941.43551745
2023-04-21,69947.8586399,23447.494522,6341.59846739,21877.0062366,10662.8764572,5957.7161666,16150.9464448,6942.27981608
2023-04-24,70020.8282382,23492.9757239,6333.66142192,21963.0418368,10714.8005481,5980.5187991,16200.0345891,6916.15161742
2023-04-25,68909.3223877,23124.0804943,6225.7188059,22099.8120022,10820.8130922,6015.80434176,16282.4331187,6847.88309293
2023-04-26,68617.4494031,23129.1325334,6268.57671402,22018.1988644,10778.622544,5994.63320289,16193.8992398,6782.14450965
2023-04-27,69983.4861504,23422.2257598,6349.53551285,21938.7806494,10708.3046516,5974.54552516,16194.7753361,6935.53724576
2023-04-28,70580.8081104,23427.2842238,6387.63039217,22051.2838715,10788.3607695,5981.60226025,16199.1584928,7020.66219605
2023-05-01,70509.5476806,23407.0696424,6366.99594418,21825.4811922,10661.3798535,5931.88861889,16126.4023727,6968.40727607
2023-05-02,69717.0776138,23159.4576179,6300.32422794,22037.7977595,10800.1771949,5977.18252301,16437.5877685,6850.41303414
2023-05-03,69238.5320514,23204.9388198,6298.73855547,22135.1015253,10870.6599198,6004.467445,16576.9633218,6823.44275286
2023-05-04,68748.1250754,23169.5616962,6352.70886158,22108.560995,10868.4918113,6002.8312833,16693.5483332,6879.91030195
2023-05-05,70020.8282382,23543.5068233,6420.96758616,22037.7977595,10809.9425802,5990.82405039,16432.3285155,6994.53325872
2023-05-08,70039.4884646,23553.6130432,6422.55392656,21916.1598982,10743.7895165,5968.45181478,16452.489431,6954.07931414
2023-05-09,69732.3303206,23462.6549226,6382.86936717,21896.2597768,10730.7771194,5959.71923932,16569.0744424,6924.57835298
2023-05-10,70058.148691,23427.2842238,6384.45637551,22037.7977595,10811.0205469,5979.36531677,16545.4064666,6991.16418956
2023-05-11,69935.9810001,23321.1635609,6359.05889872,22104.1404513,10851.1431972,5992.46207933,16403.4012868,6914.46671351
2023-05-12,69844.3403578,23270.6324615,6287.62749334,21980.2999926,10786.0812118,5971.17890656,16375.3501543,6913.62389222
2023-05-15,70085.3168989,23472.7654257,6397.15644977,21925.0105789,10762.2254627,5962.44866513,16410.4140699,6901.82439416
2023-05-16,69616.9506251,23230.2054403,6352.70886158,21874.1397903,10727.527298,5946.62200996,16205.293842,6729.04602971
2023-05-17,70462.0317128,23351.4822206,6374.93298964,21840.9742004,10692.8272603,5943.89445137,16149.1929147,6820.06925169
2023-05-18,71140.8096176,23306.0010187,6335.24909819,21739.2460536,10626.6807523,5924.24790711,15939.6908677,6787.20143739
2023-05-19,71037.2967444,23447.494522,6332.07307773,21690.5912928,10586.558102,5910.05974768,16097.4751439,6776.24402195
2023-05-22,71066.1362595,23467.7069617,6373.34531338,21670.6834968,10567.0395064,5899.14484526,16059.7829394,6817.54226516
2023-05-23,70268.5765484,23139.2430365,6278.10210368,21695.0118366,10584.3909301,5917.1538274,16079.0664211,6753.48784712
2023-05-24,69759.4931197,22810.774828,6233.6545155,21639.7243415,10557.28255,5898.59868002,15949.3332773,6608.52406258
2023-05-25,70363.6084839,22760.2437286,6222.5441213,21560.1142626,10491.1341689,5871.85852285,15795.9321578,6607.68050263
2023-05-26,71274.8711746,22972.4850543,6325.72370853,21577.7983562,10510.6546376,5878.95400299,15859.0458683,6683.53515739
2023-05-30,71302.0177474,22775.399846,6243.18057309,21721.5466109,10593.0652371,5902.41996952,15957.2221568,6708.82053476
2023-05-31,70906.6318895,22553.0565836,6198.73365285,21798.9540924,10633.1878874,5910.05974768,15981.7675664,6742.53117035
2023-06-01,71580.3255588,22901.7372319,6305.08792467,21865.0243375,10662.7509597,5919.5280124,16107.9936498,6743.37546898
2023-06-02,72615.4542913,23240.3095186,6405.09349523,21749.72374,10577.970894,5890.52196966,15870.441808,6907.72340452
2023-06-05,72476.2922725,23093.7661178,6398.7434581,21747.5134681,10574.7107706,5898.18368779,15965.98847,6859.68332966
2023-06-06,72634.1145177,23295.8947988,6447.95340715,21774.1173134,10581.2310173,5901.4681482,15983.519759,6925.42191294
2023-06-07,72382.9640967,23073.5472532,6433.66498869,21658.8109601,10504.0622767,5874.10293525,15791.5490011,7052.6886664
2023-06-08,72820.776278,23311.0551994,6468.58852307,21774.1173134,10574.7107706,5903.10851118,16000.1749518,7008.85974331
2023-06-09,72951.4357241,23300.9511211,6486.04962233,21723.123732,10536.6691298,5886.69181081,15957.2221568,6968.40727607
2023-06-12,73613.2409361,23407.0696424,6501.92304532,21760.8115535,10554.0589519,5891.61523377,15943.1979281,6970.09144131
2023-06-13,74098.5690852,23634.4649439,6555.8946873,21658.8109601,10479.0611294,5861.51405969,15825.7354829,7014.76170835
2023-06-14,74186.8130253,23695.1108297,6617.80337474,21678.7686407,10493.1908282,5876.29273113,15834.5017961,7040.88842967
2023-06-15,75106.5512449,23917.4562337,6681.29773465,21829.5506251,10574.7107706,5913.50805766,15945.8275546,7077.97182776
2023-06-16,74850.7330629,23846.7084112,6657.48593033,21760.8115535,10529.0596778,5898.18368779,15921.2834824,7072.91711602
2023-06-20,74462.373186,23526.4275473,6538.9031448,21800.7269147,10560.5801353,5910.77116292,15756.4864231,6989.47780832
2023-06-21,74080.855392,23562.132336,6527.72996492,21836.2044643,10570.3614419,5911.31826179,15733.6958812,6947.33600515
2023-06-22,74348.2699581,23419.3303139,6499.00217519,21723.123732,10510.5797138,5890.52196966,15577.6651351,6847.88309293
2023-06-23,73786.1914866,23041.9200747,6408.02839195,21787.4211547,10554.0589519,5904.75027458,15620.6165926,6753.48784712
2023-06-26,73484.7287682,23113.3275106,6428.77705645,21814.0288373,10580.1408755,5907.48856974,15647.7902912,6909.4090471
2023-06-27,74290.3583512,23302.0262054,6489.42669057,21771.8974484,10543.1875035,5891.06860172,15575.911605,6994.53325872
2023-06-28,74327.835658,23307.1296429,6463.89028376,21836.2044643,10585.5794094,5903.10851118,15539.9715931,7004.64785287
2023-06-29,74620.7903949,23276.521867,6436.75818548,21667.6827458,10476.8883382,5864.25142124,15523.3164004,7082.89210174
2023-06-30,75501.3691828,23551.9318856,6492.61807349,21718.6840018,10499.7120115,5889.97440399,15626.7532794,7122.09769577
2023-07-03,75588.2230714,23592.7272623,6556.45975845,21693.1162214,10454.1676852,5883.04604108,15644.2845684,7191.98981464
2023-07-05,75475.8073771,23337.7267109,6524.538582,21595.2963419,10404.0511318,5855.00208943,15589.0597373,7208.18365438
2023-07-06,74884.7866239,22924.6223909,6400.04793086,21455.2453042,10319.0668986,5824.21097327,15542.6012196,7152.78348194
2023-07-07,74695.7287824,23118.4288065,6476.65848716,21459.6927089,10305.9898797,5820.36074168,15659.1862309,7136.59038088
2023-07-10,74884.7866239,23179.625084,6478.25484655,21519.7173231,10359.3815412,5834.10776765,15671.458267,7167.27321238
2023-07-11,75361.6933317,23404.0285675,6535.71109395,21566.395886,10381.1693925,5827.50990473,15730.1888208,7269.55301073
2023-07-12,75968.0479231,23852.8312514,6660.20040923,21742.0280799,10482.4973238,5891.84396964,15943.1979281,7308.76008209
2023-07-13,76570.9949948,24220.0346154,6733.61691088,21877.6317129,10569.6599675,5922.0856529,15954.5925303,7355.63675333
2023-07-14,76523.3113554,24072.1312973,6692.12158568,21773.1484009,10517.3640671,5890.74323661,15903.7508559,7341.14850024
2023-07-17,76789.0275705,24061.930847,6700.10004297,21797.6091267,10534.7969705,5901.74123083,15915.1467956,7293.41866634
2023-07-18,77359.5923885,24235.3342202,6652.21994813,21815.3891522,10546.7801014,5898.99266589,16097.4751439,7253.35769365
2023-07-19,77531.6288584,24230.2307826,6642.64446351,21882.0791176,10582.7351133,5919.33802158,16100.1047704,7335.182271
2023-07-20,77017.2556612,24087.4309021,6601.14713451,21768.7086707,10498.8419585,5917.1365555,16018.5836746,7311.31883139
2023-07-21,77017.2556612,24118.0343948,6597.95575159,21784.2630753,10507.5556005,5917.1365555,15969.4941928,7345.40914283
2023-07-24,77361.3069659,24092.5321981,6685.73681604,21744.2517822,10482.4973238,5919.88698767,15901.1212294,7405.92681386
2023-07-25,77572.5190936,24163.9353507,6736.8102976,21719.7891378,10462.8841368,5909.43795955,15989.6564459,7353.08169738
2023-07-26,77584.4291859,24194.5302771,6778.30695867,21790.9418569,10498.8419585,5911.63895882,16067.6718189,7386.32327818
2023-07-27,77070.0343537,24092.5321981,6703.29209383,21604.1930699,10384.4398179,5868.19921569,15815.216977,7226.08234209
2023-07-28,77824.5835952,24291.4313433,6866.08802312,21688.6707354,10418.2126732,5890.74323661,15941.4443979,7220.11832886
2023-07-31,77972.7728366,24291.4313433,6874.06781629,21715.3455703,10431.2906286,5892.39340255,15984.3971929,7266.9950001
2023-08-01,77749.6452078,24021.1333286,6778.30695867,21571.574292,10370.3400887,5857.18441638,15818.7240373,7255.06328029
2023-08-02,76668.0930772,23557.03104,6631.47128363,21520.3005893,10349.5843132,5846.71578233,15743.3382907,7213.2981983
2023-08-03,76448.3621505,23485.6278874,6660.20040923,21375.3973141,10273.1245393,5810.34911256,15738.0777002,7134.8833169
2023-08-04,76102.6124948,23551.9318856,6668.18020239,21551.5091677,10382.3522525,5866.55045017,15795.0560615,7076.92513383
2023-08-07,76766.8732844,23740.6305804,6657.00835838,21555.958491,10357.2312271,5871.51028415,15759.1160496,7165.56762573
2023-08-08,76433.0445385,23562.132336,6588.3789311,21607.236031,10409.662927,5870.40815069,15659.1862309,7119.54116248
2023-08-09,75922.0680435,23582.5310952,6599.55144305,21622.836483,10416.215953,5867.65258363,15584.6765807,7118.68947716
2023-08-10,75949.3227915,23653.9299646,6612.31964646,21482.4017175,10336.4782613,5837.34834812,15568.0227255,7091.41486427
2023-08-11,75905.0250367,23521.3262513,6516.56012471,21415.5256442,10281.8615951,5829.08211375,15568.0227255,7102.49563742
2023-08-14,76324.0363638,23424.4316099,6486.23330385,21399.9251923,10265.4785619,5816.96097971,15520.6867739,7055.61675018
2023-08-15,75434.9279594,23098.0300474,6417.60454451,21341.966952,10245.8166745,5798.77694462,15479.4875091,6976.35092212
2023-08-16,74881.3899218,22914.4240822,6374.51152404,21290.689412,10206.491963,5781.69784383,15390.0775339,6890.26644085
2023-08-17,74310.7926513,22761.4237513,6395.25952061,21268.4025039,10193.384038,5780.04347662,15366.409558,6834.86331374
2023-08-18,74346.5661983,22761.4237513,6355.35921894,21315.2192088,10223.9707572,5789.96174416,15369.0391845,6856.17095873
2023-08-21,74830.2879453,22832.8226207,6369.72578553,21208.2167241,10160.6132891,5774.53374293,15411.1145456,6793.09897041
2023-08-22,74627.6000253,22781.8246521,6358.55260565,21230.5074694,10164.9841583,5784.45154366,15436.5360516,6812.70324477
2023-08-23,75458.7751878,23026.6268947,6452.71777181,21433.3613103,10275.3057595,5836.79611437,15593.442894,6920.09537103
2023-08-24,74412.9911955,22735.9215545,6425.58634147,21384.326659,10237.0777457,5810.34911256,15589.9371712,6893.67170478
2023-08-25,74937.5923602,22878.7257182,6420.79793123,21370.9479908,10233.801701,5809.24651229,15569.7749182,6898.78772604
2023-08-28,75412.800717,23118.4288065,6484.63761239,21417.7570211,10262.2006442,5812.55244587,15614.4812433,6963.56456233
2023-08-29,76502.8662378,23414.2247347,6570.82231745,21555.958491,10335.3843733,5841.20558183,15767.004929,7047.9471503
2023-08-30,76817.9698521,23409.1298635,6546.8816021,21547.0483325,10334.2923584,5832.38851414,15806.4520012,7073.51543789
2023-08-31,76705.5595666,23332.6275565,6468.6766902,21578.2607482,10355.0462608,5844.5110486,15780.1543989,7021.52422273
2023-09-01,76848.6321198,23368.3259204,6538.9031448,21466.4981206,10291.7506048,5814.27776788,15788.0432784,7033.45741987
2023-09-05,76516.4909075,23159.2241833,6500.59786665,21350.2746579,10229.3296845,5802.67152296,15659.1862309,6951.63210385
2023-09-06,76002.1068928,23067.424413,6470.27572132,21330.1500558,10203.0473397,5793.83064807,15588.183641,6937.14237342
2023-09-07,75768.7729315,22975.6267844,6403.24064964,21397.2103184,10238.0882809,5814.83093525,15604.8388337,6980.61230339
2023-09-08,75882.8923856,22945.0232917,6416.01018891,21408.382552,10240.2788665,5828.09574865,15610.0980867,6953.33842916
2023-09-11,76381.942562,23205.1272808,6489.42669057,21383.7971147,10222.7588642,5822.56967668,15639.0253154,6954.19011448
2023-09-12,75962.9420524,23103.1292018,6471.86874105,21390.5008386,10236.9943929,5825.33271267,15558.3803159,6950.78041854
2023-09-13,76051.5213358,23057.2239627,6465.48597521,21421.7957557,10249.0421456,5833.06958687,15522.4403041,6874.9250251
2023-09-14,76707.2579176,23368.3259204,6503.7899175,21392.73989,10226.0424013,5823.67461099,15530.3291835,6999.36489242
2023-09-15,75783.05747,23317.3279517,6470.27572132,21343.5632595,10194.2859337,5809.30533009,15632.8886286,6972.94122618
2023-09-18,75827.5120789,23230.0341122,6460.29814116,21374.8543393,10204.1431008,5821.46427556,15724.9295679,6910.72018451
2023-09-19,75670.2577536,23235.1696738,6428.11713885,21312.2740983,10166.9087643,5804.8823252,15710.0279053,6879.18492903
2023-09-20,74974.5936961,23158.1448158,6408.80853746,21301.0980274,10159.2403098,5792.72384653,15721.4238451,6885.15115826
2023-09-21,73735.3869919,22773.0333758,6305.82999801,21155.8110244,10083.681495,5762.32578262,15607.4684602,6650.75893804
2023-09-22,73569.5922326,22798.7090423,6379.84496745,21245.2195916,10123.1054806,5782.22440315,15657.4327008,6600.47257086
2023-09-25,73878.9625599,22711.4152027,6355.70988366,21077.5804468,10048.6396173,5738.56012542,15576.7877013,6594.50486428
2023-09-26,72793.5810264,22387.9197941,6281.69424628,21050.7559581,10045.3485878,5724.1899109,15452.3138105,6474.32563955
2023-09-27,72822.6477094,22336.5706027,6289.73949686,20976.9958088,10000.4514161,5714.79540183,15261.2204864,6430.85644826
2023-09-28,73244.8285707,22521.4294051,6302.61122985,21039.5818058,10027.8304586,5744.08853143,15184.957306,6492.56485366
2023-09-29,73067.0750402,22449.5379672,6309.04743031,21019.4687155,10030.0191711,5732.48041928,15028.92656,6511.49767792
2023-10-02,73038.0137658,22100.3711753,6286.52273249,20873.1111121,9948.65937845,5697.65981729,14871.1422838,6391.87023891
2023-10-03,72060.3152605,21823.0872549,6206.06955879,20709.4991902,9866.31246424,5657.2463898,14828.1908263,6267.0802425
2023-10-04,72585.057053,21833.3583782,6180.32542488,20855.1795141,9928.90009,5682.15946083,14826.4372962,6343.67504357
2023-10-05,72557.6995384,22033.6131574,6206.06955879,20868.6272533,9947.56080772,5673.8540146,14799.2635976,6378.95904406
2023-10-06,73419.1745816,22264.683448,6291.34721111,20787.9369808,9889.36933798,5653.3718842,14875.5254404,6396.17298563
2023-10-09,73889.2175713,22249.2810464,6252.7313442,21003.106564,10015.6356679,5709.28473452,15149.0186317,6465.88339194
2023-10-10,74273.8021329,22531.6983868,6352.49245136,20982.9397518,9995.87169668,5711.49973803,15123.5971257,6496.86612305
2023-10-11,74578.0449546,22629.2590664,6371.79971688,21079.3072217,10050.7712004,5736.96504281,15234.0454503,6609.60990596
2023-10-12,74123.3844819,22434.1334239,6304.2209479,20897.7656204,9954.15035903,5700.42752135,15187.5869325,6513.21877661
2023-10-13,73754.1878461,22233.8743615,6280.08452823,20987.4197733,10017.8328093,5737.51821018,15675.8414236,6496.86612305
2023-10-16,74530.1882348,22408.459899,6325.1385994,20870.8682234,9958.54276887,5720.91151899,15599.5795808,6574.3229508
2023-10-17,74526.7753064,22413.5954607,6297.7840795,20720.6982847,9860.8242933,5693.23027709,15628.505472,6564.85764667
2023-10-18,73533.6888753,22033.6131574,6194.80687591,20624.3288961,9814.70867271,5681.05172568,15854.6627116,6425.43535672
2023-10-19,72887.5961148,21853.8963415,6172.2801743,20545.883431,9766.39965685,5676.06948492,16049.263096,6273.10408791
2023-10-20,71991.9431092,21648.503859,6098.26453692,20619.8450373,9823.4934924,5693.23027709,16093.0919873,6230.93347665
2023-10-23,71867.1683954,21658.7749822,6085.392136,20700.5333912,9869.60911299,5694.33847905,16038.7445901,6169.82819446
2023-10-24,72408.9964647,21766.6025019,6161.01548763,20774.4892416,9887.17500616,5699.32071981,16036.9910599,6249.00649024
2023-10-25,71369.7787086,21576.6145627,6095.04710462,20619.8450373,9800.43474555,5675.51538393,16104.4879271,6114.74934303
2023-10-26,70515.1619748,21417.43571,6072.51973508,20758.8043695,9875.09728392,5705.96386309,16129.9080955,6231.79550334
2023-10-27,70195.5204098,21350.6776921,6078.95459967,20752.0795406,9890.47071836,5714.2679089,16317.4956968,6131.96069927
2023-10-30,71034.7600353,21643.3640142,6133.66297153,20702.7762799,9857.52951765,5705.4092953,16225.4560951,6170.68800514
2023-10-31,71480.880074,21689.5840688,6104.69940152,20689.3247034,9836.66697573,5691.01760762,16136.9208786,6275.68573595
2023-11-01,72243.2071142,21910.3789529,6148.14375463,20917.9497004,9949.96586283,5740.61548062,16086.0792042,6314.41341116
2023-11-02,73627.7093725,22403.3243374,6243.07837938,21043.8373466,10011.6206868,5766.74925432,16139.5505051,6521.82500873
2023-11-03,74299.4450701,22690.8750978,6357.31893377,21171.9793934,10088.6929631,5796.21977092,16198.2810589,6677.59625891
2023-11-06,74470.3619264,22618.9879431,6376.62820309,21066.3218745,10030.3366609,5781.20816234,16072.0549755,6581.20734556
2023-11-07,74682.3150544,22449.5379672,6378.23658527,21178.7176528,10087.5915827,5796.77620594,16005.4342047,6526.9883048
2023-11-08,74737.0138572,22398.1887758,6349.27501906,21250.6550952,10128.3314181,5809.56487528,15845.8977359,6548.50351577
2023-11-09,74154.1441072,22387.9197941,6292.95893295,21073.0620525,10028.1348367,5760.63313716,15909.0114464,6445.22946899
2023-11-10,75311.3053117,22506.0227203,6336.4019502,21122.520723,10039.1467674,5762.85747682,15735.4480738,6505.4738325
2023-11-13,75239.5202321,22536.8318068,6347.66463308,21120.2797529,10033.6398655,5758.9638321,15823.1058564,6451.25257574
2023-11-14,76699.2259071,23147.8758342,6495.69590783,21385.5373201,10184.4802768,5806.22953281,15964.2349399,6809.27434343
2023-11-15,76861.5969205,23127.3378709,6540.74997899,21252.9018212,10105.2099225,5781.20816234,15922.1595787,6829.0684557
2023-11-16,76955.6174178,23075.9886795,6473.16987415,21369.8006448,10181.1789453,5802.3372885,16101.8583006,6814.4376395
2023-11-17,77051.3308573,23363.5394399,6498.91467599,21412.5114627,10187.786291,5808.45340566,16100.1047704,6809.27434343
2023-11-20,77644.444801,23466.2399644,6568.10249509,21446.2353765,10202.0976801,5825.69122114,16073.8071681,6859.18989879
2023-11-21,77475.220887,23373.8084216,6529.48662819,21468.7199044,10215.3123715,5813.4580532,16247.3705407,6810.99544212
2023-11-22,77774.336203,23420.0220514,6511.78707692,21488.9500316,10212.0091669,5819.01726853,16178.1201434,6844.55982125
2023-11-24,77822.209149,23574.0696256,6532.70339255,21390.0403653,10159.1578936,5794.55186628,16262.2722033,6864.35393353
2023-11-27,77682.0465094,23512.4557358,6502.13210829,21511.4230477,10236.2320429,5813.4580532,16371.8444315,6889.31134188
2023-11-28,77758.9645035,23553.5316623,6555.23143003,21605.8507738,10281.3736536,5836.25601762,16590.1114542,6934.92636652
2023-11-29,77704.2602919,23610.0121322,6518.22327738,21711.5044555,10335.3234977,5859.60948345,16614.6555263,6983.1208232
2023-11-30,78010.2122822,23599.7431505,6537.53187876,21639.5593386,10284.673112,5849.04608738,16545.4064666,7033.89692791
2023-12-01,78471.7202466,23841.0781396,6564.88573072,21829.8480141,10381.7135268,5878.92272686,16831.1703563,7206.88285833
2023-12-04,78059.788988,23630.5543787,6506.96126244,21746.4255999,10338.6557353,5854.39523916,16467.3910935,7259.38153907
2023-12-05,78044.4118797,23553.5316623,6484.43389289,21890.7091548,10411.5219747,5886.16805234,16405.1534794,7211.18634372
2023-12-06,77729.9086379,23599.7431505,6476.38864231,21947.0787621,10454.5769566,5892.29864054,16465.6375634,7189.67113276
2023-12-07,78323.0063554,23712.7126566,6502.13210829,21953.8362079,10439.1192329,5887.281856,16492.811262,7210.32431704
2023-12-08,78659.7287885,23769.1909849,6469.95244185,21843.3705802,10371.7758166,5880.0355969,16272.7907092,7198.27736488
2023-12-11,78965.6915962,23835.9468611,6498.91467599,21845.6211435,10372.8790701,5867.7744205,16093.0919873,7218.07221582
2023-12-12,79326.347798,23841.0781396,6498.91467599,21911.0045158,10394.9609975,5864.42787463,16084.3270116,7213.76799176
2023-12-13,80420.2643568,24226.1938628,6560.05858038,22186.0490594,10549.5157579,5944.13859191,16447.2301781,7490.0294463
2023-12-14,80678.365036,24436.7261901,6646.94661868,22365.119454,10637.2084877,6009.35492376,16543.6529364,7706.04653733
2023-12-15,80545.5258592,24185.1157946,6608.32941591,22313.1109126,10628.3506173,5999.31948744,16392.005347,7597.60845581
2023-12-18,80998.6123823,24268.35344,6607.50719063,22267.8885965,10605.1008147,5981.48462465,16466.5149972,7580.39451423
2023-12-19,81491.1504102,24502.4519558,6653.53043229,22295.0277421,10625.0296183,5985.38433789,16578.716852,7638.05649104
2023-12-20,80361.8930051,24247.5434933,6513.81959643,22376.4202364,10677.0670315,6009.35492376,16488.4294429,7545.1090364
2023-12-21,81123.8955197,24658.5190608,6640.38150719,22374.1524053,10660.4639097,5999.31948744,16605.0131167,7612.02136467
2023-12-22,81286.9101757,24715.7383833,6617.36988636,22344.7626965,10650.4962299,5987.61567967,16678.6466706,7641.64272887
2023-12-26,81630.1501661,24824.9879267,6660.10422691,22389.9811753,10657.1391645,5990.95895788,16805.7501879,7698.2735238
2023-12-27,81777.7498525,24965.453461,6696.26544077,22532.4209183,10740.1819338,6018.27375557,16882.0120307,7735.73733641
2023-12-28,81808.6338794,24923.8314259,6737.3580025,22482.6821265,10699.2173269,5998.76305242,16783.8357422,7790.62413391
2023-12-29,81571.8058583,24918.6294747,6755.4369396,22439.7238043,10672.6399694,5991.51726013,16757.53814,7698.2735238
2024-01-02,81115.300998,24642.9110653,6676.54205312,22333.4580768,10632.7795525,5983.15626376,16718.0924053,7764.48854856
2024-01-03,80452.8575522,24445.2304917,6656.8173296,22344.7626965,10658.2499103,5992.6319974,16578.716852,7578.91348295
2024-01-04,80193.7075733,24502.4519558,6645.31151918,22254.3219017,10594.0270719,5964.76263192,16595.3720447,7564.97332223
2024-01-05,80303.5486973,24518.0599513,6655.17354698,22202.3287094,10555.2755277,5951.38345058,16598.0016711,7545.80633991
2024-01-08,81449.9572843,24772.9662723,6666.68069326,22285.9794416,10590.7070094,5967.54807468,16468.2671898,7653.83963083
2024-01-09,81326.3995418,24549.2738006,6589.4275856,22281.4629659,10586.2771376,5955.84333329,16473.5264428,7602.43787351
2024-01-10,81786.3281479,24684.5266756,6582.85312305,22238.502725,10569.6665234,5950.82654875,16435.8342383,7611.15047396
2024-01-11,81750.2733453,24658.5190608,6610.79475587,22365.119454,10626.1384911,5982.59796151,16468.2671898,7540.57877964
2024-01-12,81806.9193021,24746.9565158,6642.02395394,22405.8080266,10654.9279748,6008.23925287,16629.5585264,7585.88282465
2024-01-16,81506.5870148,24304.7692406,6503.95623277,22238.502725,10568.5576506,5977.58211058,16471.7742502,7530.12439776
2024-01-17,81053.5221267,24039.4504506,6416.84310112,22177.4439645,10534.2369148,5959.18801192,16290.3219982,7392.46752663
2024-01-18,81774.3098804,24257.9473958,6454.64742967,22157.1083121,10510.9843025,5960.86011784,16424.4382985,7352.3910419
2024-01-19,82793.7261614,24335.9809483,6513.81959643,22161.6324623,10512.0922387,5965.31906694,16473.5264428,7440.38645978
2024-01-22,82968.7861288,24398.4065053,6462.86500691,22202.3287094,10544.2008483,5968.10544332,16411.2901662,7484.81887541
2024-01-23,83210.7578819,24356.7887534,6499.02555284,22148.0600116,10517.6300467,5948.5970742,16475.279973,7433.41711809
2024-01-24,83301.7170203,24507.6581903,6582.85312305,22098.3269758,10487.7316903,5934.66192465,16339.4101424,7327.12634726
2024-01-25,83754.7927259,24570.0816057,6599.28961339,22197.8007219,10533.1308517,5954.72859602,16404.2773831,7421.21873879
2024-01-26,83648.3861654,24674.1249146,6600.93272808,22172.9332447,10514.3062381,5949.15537645,16392.8814433,7400.30997504
2024-01-29,84310.8404287,24819.7838338,6602.57717863,22261.1119644,10577.4192672,5975.35216922,16508.5903584,7449.0975829
2024-01-30,84245.626994,24788.5742677,6540.1167787,22304.0606935,10591.8140091,5972.56485922,16531.3809003,7379.39899529
2024-01-31,82870.9632724,24648.1151582,6515.46271112,22405.8080266,10680.3917767,6011.58299789,16519.1088643,7308.82803964
2024-02-01,83955.5713531,24908.2234305,6559.84217015,22533.474251,10746.5457771,6022.17393561,16690.9187067,7441.25808916
2024-02-02,84839.4062154,24731.3463788,6513.81959643,22327.1246502,10606.6920097,5964.20432966,16533.1344305,7348.90600171
2024-02-05,84530.4956327,24570.0816057,6530.25608677,22143.4399294,10503.4656957,5930.75941057,16441.9709251,7194.69851374
2024-02-06,84775.9127668,24720.9424762,6691.33476084,22259.095475,10560.0697166,5950.82654875,16527.8751775,7291.40505474
2024-02-07,85482.9839018,24736.5483301,6686.40341298,22213.7369356,10541.2038949,5939.67824238,16523.4920209,7280.9499342
2024-02-08,85520.7370555,24694.9348614,6651.88664967,22145.7096791,10506.7960601,5935.21929328,16508.5903584,7340.19340126
2024-02-09,86015.0004782,24783.3723164,6678.1851678,22138.9119419,10487.9264922,5926.85829691,16444.6005516,7351.51941252
2024-02-12,85977.2473245,24845.7978735,6707.77058325,22143.4399294,10497.9166491,5929.08777146,16401.6477566,7353.26193261
2024-02-13,84793.0693575,24403.6084566,6584.49623773,21939.3600783,10382.4796231,5891.1857705,16175.490517,7201.66785543
2024-02-14,85563.6339412,24705.338764,6679.82895043,22036.8691384,10421.3313778,5916.26782599,16165.8481074,7258.29643436
2024-02-15,86154.0110517,24981.0550317,6720.92017629,22089.019659,10450.1873564,5923.51408509,16274.5442393,7427.31792844
2024-02-16,85724.97729,25001.8628368,6753.79315698,22018.7207342,10404.680492,5917.38162965,16334.1508895,7350.64926047
2024-02-20,85253.0195987,25090.3024335,6766.94208208,22039.1331321,10422.4411871,5920.16893965,16433.2046118,7337.57999046
2024-02-21,85330.2350747,25105.9061457,6773.51721256,21973.3679507,10389.1384789,5913.48098281,16434.0807081,7378.52958192
2024-02-22,87096.184813,25371.2227941,6832.68804346,21991.5163549,10390.2473517,5905.67642146,16441.0934912,7392.46752663
2024-02-23,87156.2545158,25412.840546,6834.33316194,22073.1505977,10437.979454,5920.72677509,16534.0105268,7388.98248645
2024-02-26,86837.0456517,25355.6147986,6811.32154111,22025.5280646,10422.4411871,5918.49730054,16497.1944186,7307.95641026
2024-02-27,86998.3673654,25402.4345018,6832.68804346,21996.0462611,10399.1295723,5911.25104145,16479.6631296,7316.67196539
2024-02-28,86883.3825095,25267.1794852,6727.49463884,22039.1331321,10436.8696447,5930.20204193,16509.4664547,7390.72648388
2024-02-29,87195.7222468,25324.4009493,6742.28667863,22075.422266,10457.9578947,5948.5970742,16594.4946108,7453.45499113
2024-03-01,88014.3436743,25594.9174073,6832.68804346,22181.398279,10505.7021721,5970.89368693,16908.309633,7542.32056106
2024-03-04,87919.9553813,25527.2877574,6804.74707856,22126.8149244,10482.3306183,5965.87550196,17181.8014867,7612.89299405
2024-03-05,87041.2642511,25464.8622004,6758.72383691,22247.351487,10546.8793754,5993.18796562,17285.2383657,7520.53942926
2024-03-06,87482.3216891,25771.7923174,6842.55207505,22281.4668032,10572.4733576,5995.41884059,17427.2435455,7558.00324187
2024-03-07,88350.7091292,26068.3185319,6875.42371987,22329.2255597,10590.279007,5992.07462877,17526.2972679,7556.26072178
2024-03-08,87820.4179476,25995.4869307,6863.91790946,22349.6916795,10598.0701493,5997.0904797,17674.4391345,7643.38598763
2024-03-11,87744.917049,25865.4317238,6881.99951829,22324.6822231,10584.7149757,5986.50000878,17706.8720861,7606.79306573
2024-03-12,88688.7999789,26063.114439,6941.17034918,22267.8252815,10541.313471,5974.79480058,17513.147798,7590.23949421
2024-03-13,88549.8002229,26068.3185319,6901.72290594,22226.8892045,10517.9409806,5966.43380421,17635.8694962,7551.90552956
2024-03-14,88374.751073,25896.6498563,6863.91790946,22085.8788474,10440.040796,5930.20204193,17562.2372798,7438.64172369
2024-03-15,87767.9096932,25874.1501856,6844.01150821,22083.5995045,10422.23421,5926.30092828,17506.1363524,7422.09110684
2024-03-18,88289.5306304,25879.3799777,6858.81824253,22060.857879,10409.9907188,5920.72677509,17534.1861473,7425.57540835
2024-03-19,88780.1701831,25921.237589,6830.84989239,22115.4412337,10440.040796,5929.08777146,17514.0252318,7422.96273622
2024-03-20,89601.3283197,26203.7877087,6885.14214211,22160.9283219,10464.5240323,5952.49912147,17722.6498449,7471.75182141
2024-03-21,89897.4255468,26219.4835098,6890.07682964,22176.8530237,10465.6366512,5963.08912558,17704.2424596,7525.7677282
2024-03-22,89727.0062966,26130.5363535,6845.6566267,22247.351487,10516.8311713,5983.7136324,17562.2372798,7431.04451337
2024-03-25,89479.0957236,26093.9063927,6845.6566267,22206.421166,10489.0044589,5964.76263192,17618.3382071,7385.35340583
2024-03-26,89313.8310229,26130.5363535,6830.84989239,22229.1627914,10504.5886166,5966.43380421,17675.3152308,7355.4779395
2024-03-27,90064.4210512,26303.2051573,6848.94819954,22301.932923,10544.653201,5984.82790286,17803.2961819,7545.27597559
2024-03-28,90047.2103728,26250.8815369,6871.97985835,22274.647961,10534.6368208,5987.05784422,18032.9591444,7598.87379575
2024-04-01,89890.534785,26146.2321547,6899.94754056,22112.6918243,10439.3168445,5948.29504948,18217.0410228,7471.46521785
2024-04-02,89319.0017987,25984.0272183,6922.9818711,22096.7249124,10416.9942243,5949.96808901,18486.1497199,7377.44447721
2024-04-03,89417.1167282,26125.3022782,6932.85324995,22110.4105628,10429.2695582,5949.96808901,18648.3171527,7385.35340583
2024-04-04,88325.6827908,25916.0035137,6908.17513679,22162.8738216,10464.9894966,5972.27730555,18541.374551,7337.90574348
2024-04-05,89248.4174641,26010.1890285,6929.56234505,22053.3809437,10395.7860962,5947.18031221,18858.695296,7375.68939975
2024-04-08,89298.3349219,26135.7661456,6972.33809743,22032.8495901,10372.3480474,5944.94803681,18976.1564037,7454.76982189
2024-04-09,89401.6260359,26140.9980793,7033.20814937,22108.125464,10413.647002,5960.56416163,19080.469379,7554.06244294
2024-04-10,88506.4381838,25748.5709268,6955.88490877,21843.520234,10275.2439473,5903.11784734,18899.8945608,7241.24943196
2024-04-11,89174.3931573,25842.7543001,6978.91790344,21848.0885129,10260.7330735,5898.09779514,19267.1808839,7265.85375655
2024-04-12,87943.5105367,25392.7673103,6844.01150821,21889.1473828,10303.1493298,5918.73397215,19012.0964155,7179.74120585
2024-04-15,86841.7458652,25303.8158708,6801.2370917,21756.8418899,10237.2950248,5899.77130147,19367.9867989,7057.60376969
2024-04-16,86683.3665176,25036.9636938,6717.33270922,21695.2516664,10197.1124354,5875.78951221,19391.6547747,6958.31188731
2024-04-17,86170.3455108,25052.6616365,6728.84787069,21795.6233355,10261.8522483,5898.65609739,19248.7721611,6907.34963802
2024-04-18,85993.0409075,25026.4998264,6746.94484198,21734.0331121,10226.1323099,5890.84640115,19314.515498,6908.22717675
2024-04-19,85242.4454704,25042.1977691,6727.2027522,21756.8418899,10239.5296282,5899.77130147,19374.999582,6941.61723002
2024-04-22,86027.4622642,25314.2797382,6784.78457097,21770.5275403,10240.6441202,5900.33053734,18896.388838,7003.12545613
2024-04-23,87048.311867,25570.6680478,6840.72193917,21816.1508518,10254.0386289,5905.90562414,18849.9289827,7067.26925311
2024-04-24,87006.9997484,25497.414551,6862.10914743,21759.1173955,10222.784151,5893.636512,18814.8664047,7080.45080081
2024-04-25,86676.4757557,25387.5375182,6883.49635569,21697.5310093,10183.7207364,5884.71207849,18927.0682594,7040.030835
2024-04-26,87497.6447098,25575.9021231,6962.46605065,21745.437501,10211.6242457,5899.77130147,18988.4284397,7043.54542194
2024-04-29,87807.5126432,25717.1771829,7031.56369881,21811.5864102,10252.9203906,5914.27268901,18949.8588014,7115.59740887
2024-04-30,86416.5360977,25356.1437743,6937.78726955,21722.6229672,10204.9269914,5885.82728257,18572.0539723,6995.21652751
2024-05-01,86135.9187453,25324.7478888,6946.01286198,21799.2745051,10245.3409081,5895.54108824,18740.3567544,6997.85357572
2024-05-02,86941.5807808,25696.2451649,7115.46874923,21897.6699763,10293.4766626,5916.87560988,18682.5036345,7096.26570336
2024-05-03,88019.2494208,25931.703598,7177.98792725,22009.7894706,10350.566752,5947.19198241,18667.6019719,7143.71484305
2024-05-06,88928.2242054,26135.7661456,7164.82430762,22025.8043485,10359.5229599,5949.99936514,18863.9545489,7149.86573953
2024-05-07,89026.3445437,26172.3939648,7113.82429867,22071.5696393,10386.3915838,5948.87622532,18777.1742002,7217.52560079
2024-05-08,89034.9390653,26146.2321547,7107.24382473,22025.8043485,10357.2818007,5942.13878684,18721.9493691,7156.89491341
2024-05-09,89547.9438459,26339.8308349,7135.21150693,22066.9994418,10388.6308699,5963.47377529,19017.3556685,7303.63593548
2024-05-10,89663.3181326,26350.2947023,7150.01824124,22021.228395,10355.0453242,5953.92988769,19171.6342219,7283.42595257
2024-05-13,89675.3309914,26345.0627686,7205.95427359,22032.6673195,10367.3599931,5956.1743001,18956.8715845,7307.15126109
2024-05-14,90086.786279,26528.1954397,7242.14955202,22092.1662266,10397.5852048,5967.40429784,19117.2854872,7363.38686812
2024-05-15,91202.3270655,26795.0497583,7304.66605831,22238.6120874,10475.9499172,5997.72067037,19362.727546,7465.3135827
2024-05-16,91014.6863193,26643.3065478,7332.63440845,22213.4337907,10455.7991517,5989.29945578,19287.3417994,7460.0417023
2024-05-17,91145.5242546,26737.4899211,7385.28020382,22142.4997964,10423.3327808,5983.68515711,19605.5399783,7459.16268623
2024-05-20,91250.5191284,26747.9537885,7368.82901896,22121.9051277,10407.659651,5981.43934429,19684.4314476,7415.22887215
2024-05-21,91474.3336699,26706.0940356,7326.05326657,22163.0925464,10434.5282749,5992.66887523,19655.5042188,7412.59403995
2024-05-22,91210.9486309,26454.9440846,7304.66605831,22135.6349068,10421.0944312,5991.5448018,19294.3545825,7345.81319476
2024-05-23,90544.7136435,26308.4328078,7248.7306939,22073.8566568,10384.1541708,5968.52557043,18909.5369704,7187.65013447
2024-05-24,91143.8042685,26522.9613644,7271.76302065,22099.0311162,10397.5852048,5975.82457882,18927.0682594,7192.92053754
2024-05-28,91207.4978412,26528.1954397,7252.02026294,21996.0616102,10339.3740675,5957.85807621,19126.0518004,7145.47435253
2024-05-29,90568.8204925,26072.9786579,7161.53407065,21911.401674,10288.9962173,5943.82302976,18948.1066087,7076.05572046
2024-05-30,89968.0098814,26308.4328078,7148.37245483,22014.3654241,10340.4941789,5966.84132751,18984.0466206,7179.74120585
2024-05-31,90787.4426232,26538.6614488,7087.50106702,22085.2974998,10388.6308699,5990.42166198,18872.7208622,7314.18043496
2024-06-03,90861.4777475,26606.6787286,7158.24383368,22218.8865621,10456.6701413,6015.68997383,19041.0236443,7297.48577767
2024-06-04,90963.0434667,26528.1954397,7046.37110106,22299.2257237,10513.9353651,6034.34361767,18870.0912357,7353.7213847
2024-06-05,92044.1466701,26711.3281109,7136.85595749,22368.0856695,10552.1099957,6049.60730252,19093.6188489,7344.93417869
2024-06-06,92042.426684,26779.3518156,7169.75966308,22374.9716641,10547.6192483,6044.51956317,19234.7465948,7358.99400378
2024-06-07,91930.5410483,26449.7078676,7110.5340617,22177.5744319,10436.4603733,5994.77464568,18548.3873341,7289.57832639
2024-06-10,92214.5875554,26486.33997,7148.37245483,22159.2053842,10414.0085095,5986.29508011,18718.4423088,7314.18043496
2024-06-11,92436.6388407,26188.089766,7131.91993409,22234.9570805,10469.0250817,6002.6893737,18771.9136097,7287.81881691
2024-06-12,93195.8450256,26507.2677049,7187.85663437,22340.5436098,10527.4085438,6011.73237641,18821.8791878,7352.84162996
2024-06-13,93383.4857718,26135.7661456,7179.63104194,22453.0142151,10597.0212156,6035.47375961,18668.4780682,7382.71857362
2024-06-14,93440.3102177,25900.3098541,7199.37313171,22475.9630535,10621.7236041,6042.82318325,18910.4130667,7380.96054149
2024-06-17,94184.0040753,25994.4910858,7238.85797919,22395.6296478,10572.3216368,6034.34361767,18812.2367782,7351.96335256
2024-06-18,94423.2876741,26099.1426096,7296.44046588,22475.9630535,10618.3548412,6058.65030524,18887.6225247,7380.96054149
2024-06-20,94166.7933969,26099.1426096,7283.27751419,22436.9494526,10591.4084838,6059.78138079,19123.422174,7359.87301985
2024-06-21,94040.5420913,25925.3880137,7258.5052225,22439.2403073,10593.6561989,6050.73697765,18827.1384407,7378.32423195
2024-06-24,93734.8280866,26152.4792077,7253.55116492,22457.609355,10602.6376936,6054.12787026,18901.648091,7435.43959372
2024-06-25,94095.7979965,26189.4475416,7232.081133,22455.3108257,10611.6191884,6061.4768271,18807.8536216,7344.05590129
2024-06-26,94213.2438388,26015.1725364,7212.26223095,22354.315599,10547.6192483,6043.38755401,18634.2915865,7321.20887017
2024-06-27,94361.7792409,26078.5446815,7208.95997119,22391.0364266,10571.1977793,6054.69410825,18845.5471636,7392.3825797
2024-06-28,93990.4353269,26099.6673021,7227.12507162,22280.862432,10515.0582861,6036.04093121,18847.2993562,7451.36529662
2024-07-01,94183.8850826,26120.7920644,7243.64238183,22161.3600156,10436.7862919,6012.02973305,18896.388838,7381.08611521
2024-07-02,94817.7053637,26178.8873021,7270.06647134,22235.0453379,10476.2018486,6023.38250128,18895.5114042,7415.7799192
2024-07-03,95240.8652107,26490.4754035,7377.41663097,22354.7683978,10546.0289899,6047.22238094,19108.5205114,7408.66284371
2024-07-05,95790.0383779,26659.4735014,7375.76416522,22467.5939512,10604.5932057,6074.46669064,19366.2332687,7429.1254514
2024-07-08,95900.5826408,26543.2873091,7375.76416522,22474.5029694,10607.9732072,6072.196137,19126.0518004,7453.14179549
2024-07-09,95993.8405027,26453.5113528,7407.14364817,22453.779752,10593.3312167,6063.11392242,19158.484752,7451.36529662
2024-07-10,96943.7379751,26823.1925504,7436.8713333,22476.8034173,10603.465602,6074.46669064,19228.6112456,7506.51949229
2024-07-11,96107.8247377,26928.81422,7494.67423782,22591.9236627,10671.0422186,6092.62831896,19569.5999664,7721.80677838
2024-07-12,96714.0387013,27198.1570801,7529.35798433,22654.0913965,10693.5671332,6102.27863876,19557.3279303,7780.51988113
2024-07-15,96980.0091282,26992.1885067,7451.73617777,22575.8109343,10659.7792931,6098.30563669,19620.4416408,7833.0082205
2024-07-16,97555.1227144,27150.626365,7499.6302992,22667.9113516,10707.0787103,6117.03583703,20011.3946022,7929.08319954
2024-07-17,96187.2794409,26997.4675556,7390.62767382,22684.0221614,10716.089238,6119.30685748,19918.4775667,7983.35099245
2024-07-18,95448.0964901,26733.4123109,7326.21824597,22621.8601836,10685.680463,6105.68353561,19791.3740494,7913.07107236
2024-07-19,94814.254574,26574.9723109,7255.2022948,22575.8109343,10651.8963691,6090.92680415,19436.3597623,7898.83839873
2024-07-22,95791.801634,26833.7549315,7311.35406944,22566.6033868,10641.7591742,6083.54610438,19442.4964491,7980.6814428
2024-07-23,95641.5137933,26696.4418353,7235.38472862,22564.3010202,10649.6449078,6080.14214114,19510.8694126,7974.45372475
2024-07-24,93474.0500705,26363.7268301,7159.41271608,22495.2242682,10625.9933262,6061.9791124,19442.4964491,7857.02678059
2024-07-25,92987.0127529,26200.0099228,7141.24694771,22557.3900833,10649.6449078,6076.73677748,19138.3238365,7831.22728962
2024-07-26,94028.4481011,26543.2873091,7220.52055209,22637.978668,10700.32339,6096.03508304,19339.937004,7968.22748404
2024-07-29,94083.7040063,26437.6677811,7195.74759247,22674.8146139,10718.3425724,6102.27863876,19312.7633054,8009.14826741
2024-07-30,93607.0298752,26495.7587357,7175.92869043,22697.8459538,10740.8702965,6106.81927924,19505.6101596,8071.42175457
2024-07-31,95128.5685091,26886.5625539,7314.65766507,22819.8732989,10819.705156,6140.30854509,19858.8709165,8042.9541913
2024-08-01,93781.4732438,26200.0099228,7194.09579466,22915.4924997,10865.9060024,6148.43800474,19790.4979531,8123.90935527
2024-08-02,92035.3952944,25740.5463441,7116.47332016,23171.8495016,11034.2205252,6178.00048249,19752.804411,8119.46035209
2024-08-05,89355.0079225,25138.4927619,6919.94077306,23153.3749288,11045.5171665,6195.62341449,19502.1030993,7887.27232006
2024-08-06,90178.7893083,25180.7380032,6967.83489449,23014.8031616,10947.2386352,6159.80757805,19346.0723532,8042.9541913
2024-08-07,89576.0639957,25302.2096693,7022.33620718,22945.5153593,10907.6994543,6141.047502,19332.9242209,7987.79851829
2024-08-08,91646.8190669,25735.2630119,7174.27689261,22910.8704989,10874.941817,6135.36178173,19636.2193997,8066.08339395
2024-08-09,92050.9508918,25825.045393,7192.44399684,22991.7027507,10918.9979686,6151.27993126,19684.4314476,8103.44674758
2024-08-12,92099.3268526,25835.6077742,7223.82347979,23030.9676933,10949.4975889,6167.76665281,20021.9144457,8043.84281006
2024-08-13,93613.9422721,26258.1030189,7278.32412454,23123.3463132,10998.0725843,6180.84334263,19991.2336867,8114.12273014
2024-08-14,93909.2714552,26358.4456395,7232.081133,23164.9136224,11012.7595291,6177.43144366,19828.1901576,8135.4739566
2024-08-15,95518.9188103,26680.5961221,7311.35406944,23067.9168389,10943.8473951,6164.35615426,19890.4277717,8129.24623855
2024-08-16,95733.0624866,26839.036122,7387.32541405,23123.3463132,10965.3140105,6162.08233296,20335.7294679,8124.79945138
2024-08-19,96648.4196095,27150.626365,7463.29609074,23148.7567652,10979.9972091,6166.06233715,20302.4190825,8192.40834448
2024-08-20,96491.2410069,27076.6896972,7390.62767382,23218.0426488,11024.0524242,6190.50766667,20376.9287327,8182.62319669
2024-08-21,96822.8413431,27314.3432724,7425.31008446,23261.9315109,11046.6466433,6204.15059447,20349.7536966,8226.2135297
2024-08-22,96062.9212017,27124.2204123,7337.77949481,23167.2236635,10995.8136307,6184.8224132,20106.0651679,8250.23282846
2024-08-23,97083.6301767,27647.0582776,7443.47718869,23273.4721232,11046.6466433,6217.7949227,20338.3590944,8431.71345199
2024-08-26,96852.2000993,27536.1532759,7395.58306726,23252.6855906,11033.0891753,6218.36442834,20403.2249974,8428.15454491
2024-08-27,96985.179904,27641.7770871,7403.8413884,23259.6137953,11028.5740777,6218.36442834,20458.4498285,8440.60776501
2024-08-28,96422.1603079,27504.4661325,7355.94726697,23238.8349373,11022.9229474,6217.7949227,20314.6911185,8407.69415323
2024-08-29,96430.7818734,27578.4028004,7365.8547142,23208.8044031,11003.720905,6209.26914314,20419.8801902,8381.89540093
2024-08-30,97351.3205896,27668.1851815,7385.67428417,23153.3749288,10965.3140105,6189.37052261,20274.36795,8462.84908757
2024-09-03,95347.9262313,27187.5904158,7273.36939903,23251.1410864,11037.5977171,6201.88097444,20186.7101674,8458.40156172
2024-09-04,95152.7673071,27103.0913668,7270.06647134,23353.0783648,11102.1792534,6218.37283088,20198.9822035,8482.42086048
2024-09-05,94921.3480472,27108.3789822,7289.88604131,23413.3140293,11128.2396364,6222.35283507,20367.2863231,8454.84339332
2024-09-06,93323.8054999,26601.3825469,7184.18634363,23443.4328208,11144.0972661,6226.33377288,20216.51483,8446.83622173
2024-09-09,94368.6700027,26886.5625539,7233.73226288,23478.1812878,11159.9595786,6240.54947398,20301.5429862,8541.13544057
2024-09-10,94779.7142245,26780.9408843,7217.2176244,23550.0055305,11207.5446429,6254.1989371,20390.9529614,8664.79084145
2024-09-11,95752.0580562,26934.0954105,7261.80881813,23543.0543022,11199.6130184,6258.17894129,20358.5200098,8647.88787951
2024-09-12,96558.5909023,27177.0301762,7309.70360749,23522.2025359,11181.4880061,6259.31608534,20716.1639234,8684.36261437
2024-09-13,97062.9038035,27250.9689857,7342.73355239,23570.8515408,11203.0154971,6280.35698481,20922.15891,8775.10292613
2024-09-16,97206.2467947,27467.4977986,7370.81077557,23626.4632858,11232.4718029,6301.96692311,20920.4067173,8804.45984684
2024-09-17,97245.9687375,27335.4637514,7379.06842878,23603.2918853,11212.0784715,6299.6921682,20804.6978023,8743.07497845
2024-09-18,96957.5627689,27240.4087462,7352.64367134,23529.1537642,11163.3592476,6276.37744743,20644.2838996,8732.40047322
2024-09-19,98612.07039,27763.2444699,7506.23615459,23531.4676426,11154.2944001,6295.14265836,20965.111705,8734.1814041
2024-09-20,98441.6186872,27511.1714884,7501.92932389,23510.6158763,11150.8994138,6286.61267753,21231.5921131,8699.48686144
2024-09-23,98687.6091499,27622.3805977,7563.21683383,23501.3565256,11144.0972661,6287.18078275,21272.7900404,8785.77669269
2024-09-24,98969.978941,27791.83914,7826.5887483,23533.7930328,11156.5608461,6302.53502833,21569.9512075,8798.23360613
2024-09-25,98751.702971,27617.0844159,7747.08003157,23443.4328208,11111.2403547,6278.65173554,21540.1465448,8739.51754871
2024-09-26,99143.2107471,28231.3836784,7993.88654467,23448.0663335,11103.313413,6270.68939312,21649.7187731,8660.34405428
2024-09-27,98999.4242374,28056.624671,7992.23007132,23515.2513076,11147.4988082,6286.0441055,21477.9102682,8671.37681395
2024-09-30,99396.1460593,27966.6002889,7925.97247342,23461.9668714,11116.9074063,6282.06456812,21306.1004258,8739.55669816
2024-10-01,98505.7125083,27770.6586961,7985.60417795,23524.0137309,11157.3597215,6302.67226986,21529.6280389,8683.04039692
2024-10-02,98547.2842474,27722.9973433,8151.24683684,23475.2150722,11125.5442514,6296.97814704,21534.0111956,8652.53780065
2024-10-03,98367.1292269,27463.5079941,8028.67114903,23379.9354704,11068.7295072,6270.2216516,21519.109533,8573.59329359
2024-10-04,99261.0135676,27627.6724962,8126.40040461,23228.8887139,10961.9134049,6227.52459984,21476.156738,8532.32681315
2024-10-07,98363.6568022,27474.1024992,8197.62541874,23149.8810876,10922.1466428,6220.69286617,21403.400618,8456.97002127
2024-10-08,99293.9421062,27431.733045,7957.44546696,23189.3801041,10931.2367771,6230.94116689,21245.6163418,8474.01554632
2024-10-09,99981.6877372,27442.3254086,7902.78318247,23128.962169,10890.3274265,6219.55385488,21129.9087643,8482.98520357
2024-10-10,99806.71431,27394.6640558,7919.34791591,23115.0213396,10889.1923304,6232.07877776,21285.063414,8407.62988903
2024-10-11,100404.371613,27532.3519323,7975.66600581,23121.9917543,10892.6004284,6232.64875021,21517.3560029,8502.72243834
2024-10-14,101225.52975,27590.6013654,7937.56778683,23101.0805102,10873.2841271,6226.38512175,21482.2934249,8553.8567975
2024-10-15,100439.020138,27198.7203214,7778.55102132,23194.0289659,10928.9647118,6233.21825585,21556.8017375,8657.02373727
2024-10-16,100875.582895,27304.6353905,7851.4345126,23224.2360148,10946.0061381,6234.35726713,21664.6204356,8752.11702526
2024-10-17,100884.247731,27294.0473101,7826.5887483,23110.3743965,10889.1923304,6215.56918261,21794.3549169,8683.04039692
2024-10-18,101272.315535,27447.6237319,7922.6608626,23126.6367788,10901.6914992,6225.81701653,22025.7714095,8747.63108863
2024-10-21,101105.996126,27135.1704233,7866.34210476,22966.2980546,10817.6054155,6180.84240901,22021.3882528,8576.28500331
2024-10-22,101052.276309,26997.4825468,7856.4032647,22970.9449977,10807.3773754,6189.38265962,22258.9400947,8588.84385306
2024-10-23,100128.925037,26737.9974808,7806.71106817,22912.8505341,10782.3790378,6174.01020853,21990.7074939,8651.64031785
2024-10-24,100345.470203,26833.3180447,7798.42936938,22957.0022497,10806.2422793,6180.27150295,22159.8877099,8670.48080849
2024-10-25,100310.821678,26748.5855611,7791.80414394,22910.5251439,10782.3790378,6163.76284142,22205.4701313,8588.84385306
2024-10-28,100620.938415,26944.5314371,7816.64857237,22873.3419244,10757.3788271,6151.8083578,22206.3462276,8615.75725683
2024-10-29,100783.774582,26854.5006302,7786.8327201,22898.9097047,10761.9267039,6160.91718044,22448.2812261,8553.8567975
2024-10-30,100478.871891,26722.1067938,7730.51596607,22875.6673146,10746.0156909,6172.87166405,22571.8790206,8591.53408544
2024-10-31,98509.184933,26531.4635244,7713.95056469,22871.0222901,10740.3364642,6166.0413308,22222.1239865,8446.20539843
2024-11-01,98924.9347771,26589.7129575,7715.60770597,22780.099917,10676.7326839,6139.77405004,22130.9604811,8352.90707604
2024-11-04,98711.8620355,26626.7840883,7740.45347026,22875.6826637,10733.7253723,6150.0302865,22162.5173363,8444.41043284
2024-11-05,99905.4566559,26907.4603063,7853.09031801,22929.2951871,10739.4261396,6155.72814377,22212.4815769,8556.54776854
2024-11-06,102389.679074,26563.2406151,7778.55102132,22749.7988547,10628.861036,6146.04281338,21537.5169184,8374.43706038
2024-11-07,103181.381097,26965.711881,7947.5066269,22922.3075046,10714.3472589,6168.83237526,21883.7648921,8474.91229045
2024-11-08,103628.317858,26610.8976846,7750.39231033,22961.9408259,10737.1456454,6185.92501347,21735.6243631,8601.40270282
2024-11-11,103727.060204,26600.3053211,7705.66953384,22910.6498554,10707.5095224,6165.41440778,21225.4554263,8558.34273413
2024-11-12,103404.83866,26166.0612477,7574.81214724,22777.7706895,10640.2606975,6132.93671467,21042.2509817,8439.92523488
2024-11-13,103455.086052,26017.7831492,7535.05879078,22773.1103159,10633.4192148,6121.54240054,20830.1193083,8486.57513475
2024-11-14,102789.840868,26038.9635931,7488.67753714,22763.7838128,10632.281309,6120.40245563,20775.7705735,8410.32159874
2024-11-15,101473.240199,25964.8256147,7473.77061291,22766.1168775,10636.8422975,6122.11097256,20738.9544653,8414.8067967
2024-11-18,101889.022495,26139.5824804,7536.71326032,22787.1010299,10660.7767167,6136.92558821,21133.414487,8475.80977324
2024-11-19,102261.469797,26107.8053898,7548.30924167,22819.7332382,10683.571357,6146.6109186,21322.7556185,8517.07699235
2024-11-20,102296.118321,26033.669553,7546.65210039,22796.4294516,10667.6144532,6143.76292358,21442.8463526,8506.31015351
2024-11-21,102845.280671,26097.2130262,7520.14919481,22784.7698837,10661.9174321,6135.78470969,21621.6689782,8569.10809563
2024-11-22,103164.062243,26213.7183172,7521.80633609,22801.0840693,10668.7532955,6140.3444893,21900.4200848,8633.69878734
2024-11-25,103513.95501,26340.820255,7525.11928278,23006.2326021,10783.8784511,6173.96026008,21255.2587514,8753.9105135
2024-11-26,104054.474159,26181.9476514,7485.36459045,22971.2615731,10761.0819376,6159.71748412,21296.4580162,8788.89830774
2024-11-27,103739.186647,26319.6376695,7513.5246373,23034.2005996,10804.3972799,6179.08861172,21343.7939678,8845.41460898
2024-11-29,104383.618917,26637.3764519,7548.30924167,23125.1172168,10849.9874971,6196.75122238,21527.8745088,8805.94235546
2024-12-02,104570.718787,26663.8573607,7586.40746065,23127.9280226,10849.0724897,6193.3267196,21339.4108112,8677.6569775
2024-12-03,104619.235376,26775.06647,7617.87911832,23083.4904299,10818.2029331,6196.17984951,21382.3622686,8633.69878734
2024-12-04,105268.860058,26780.3605101,7629.4737638,23158.3230982,10859.3614054,6213.87420311,21447.2295093,8610.37457608
2024-12-05,105095.617434,26902.1598413,7679.16662826,23163.0007395,10858.2178804,6206.45335786,21288.5691368,8589.74207453
2024-12-06,105294.843747,26865.0908521,7682.47957495,23228.4781252,10892.5189487,6211.59011204,21296.4580162,8577.1824861
2024-12-09,104752.615429,26801.5452372,7869.65438352,23160.6638375,10854.7901149,6200.17432474,21507.7135933,8601.40270282
2024-12-10,104426.943095,26605.605786,7723.88940476,23132.5999081,10835.3511259,6197.8921009,21790.8478566,8476.70651736
2024-12-11,105234.211533,26796.2469139,7737.14119151,23078.8166258,10803.3399173,6188.75947107,21998.5977109,8456.97002127
2024-12-12,104691.994033,26536.7575646,7690.76194167,22985.2753108,10762.1805084,6168.78336043,21676.0163754,8443.51368872
2024-12-13,104671.202754,26467.9136263,7694.07422043,22898.7504577,10711.8728992,6151.66084651,21413.9191239,8419.29199466
2024-12-16,105118.139516,26356.7045171,7654.32019603,22919.7921692,10715.3025378,6144.81230775,21465.6382321,8389.68761985
2024-12-17,104685.049183,26293.1589022,7636.09898924,22919.7921692,10715.3025378,6141.38687135,21383.2397025,8349.31788353
2024-12-18,101565.070148,25641.7863673,7458.86235281,22745.2420876,10632.4817303,6102.51904483,20973.0005844,8004.83222464
2024-12-19,101533.88323,25578.2364693,7490.33467842,22686.5931374,10584.3038311,6077.93927464,21002.805247,7881.03130597
2024-12-20,102753.396634,25569.1003951,7532.06645183,22747.5866642,10623.3026239,6089.94137266,21221.9497035,8013.80188189
2024-12-23,103368.718952,25719.5993348,7564.29821703,22677.2090751,10576.2710595,6081.93981838,21122.0198848,8045.14212877
2024-12-24,104517.669657,25821.7280515,7594.83343292,22703.0128481,10582.0092887,6095.65836906,21164.095246,8098.58408978
2024-12-26,104524.614506,25923.8546266,7576.17205842,22719.4402333,10590.0401873,6095.65836906,21306.9778596,8120.32311744
2024-12-27,103424.35347,25859.3517157,7549.03060909,22672.514166,10562.5075509,6080.22476614,21160.5881856,8038.80139437
2024-12-30,102244.096855,25698.106217,7482.87052938,22761.6713915,10624.4527048,6097.94479418,21093.0926561,7998.94798766
2024-12-31,101872.136343,25703.4752133,7470.99535212,22733.5134487,10604.9528401,6090.51367915,21224.57933,8068.69311141
2025-01-02,101621.829688,25649.725286,7450.63876417,22735.8618626,10610.6891963,6099.6589128,21512.9728462,7997.13603269
2025-01-03,102892.445069,25800.2263673,7487.95950938,22712.3969103,10593.4773182,6087.08357467,21343.7939678,8102.20652239
2025-01-06,103485.169582,26052.8540238,7486.26229213,22688.9415513,10583.1565599,6087.08357467,21317.4963655,7998.04237951
2025-01-07,102315.384329,25966.8558534,7438.76358692,22609.1760626,10534.9777242,6077.36696815,21437.5870997,7921.95652135
2025-01-08,102464.860856,25934.6054687,7391.26421378,22634.9836729,10553.3331273,6093.37147714,21551.5424846,7942.78994087
2025-01-10,100900.484832,25547.6029941,7262.33782091,22508.2978729,10476.4762571,6071.64997175,21757.5388087,7748.95212421
2025-01-13,101056.927843,25477.7268037,7209.74879982,22487.1755786,10458.1227271,6071.64997175,21541.0239787,7844.05870823
2025-01-14,101195.976278,25574.4758161,7296.26413162,22494.2150642,10461.5626677,6073.93686367,21654.1019297,7915.61652562
2025-01-15,103036.740003,25891.6021003,7372.60350721,22688.9415513,10571.6829111,6116.23572828,21816.2693626,7960.90505858
2025-01-16,102838.562989,25977.6066955,7369.21040858,22738.2064392,10596.9219415,6124.23821618,21967.0408556,8125.75676636
2025-01-17,103871.063064,26106.603951,7430.28084036,22738.2064392,10604.9528401,6126.5251081,21850.4558443,8120.32311744
2025-01-21,104821.847573,26611.8571223,7499.8340187,22813.2827746,10640.5116923,6131.09795833,22188.8149386,8272.49409508
2025-01-22,105411.088844,26552.7339156,7493.04782145,22759.321059,10612.9818656,6124.23821618,22302.768986,8128.47432948
2025-01-23,105986.440416,26735.4875232,7521.88715596,22721.7867285,10585.4501658,6129.95427897,22271.2134683,8188.25554755
2025-01-24,105677.037636,26885.9886045,7562.60166772,22759.321059,10607.2473826,6140.81596528,22409.7115878,8216.33457095
2025-01-27,104182.18583,26837.6119567,7440.46013623,22886.0087776,10676.0714811,6166.53848122,22176.5429026,8325.93384008
2025-01-28,105077.368273,26810.7348515,7482.87052938,22878.9712105,10677.2206254,6170.53855815,22368.5123229,8225.39139114
2025-01-29,104606.297619,26810.7348515,7487.95950938,22864.8941578,10664.602515,6163.10884355,22282.6080705,8116.6992075
2025-01-30,105167.737857,27100.9883136,7603.31617948,22897.7431724,10687.5423203,6169.39441197,22620.089731,8219.95848089
2025-01-31,104608.060875,26842.9873778,7532.06645183,22850.8171051,10670.3379346,6173.96866263,22664.7960561,8201.84262451
2025-02-03,103904.08896,26509.7348304,7487.95950938,22872.4746996,10677.9324018,6188.25858618,22785.7642242,8184.63311494
2025-02-04,104601.126843,26832.2343941,7608.40449155,22914.8439998,10704.3992466,6198.54796601,23010.1679336,8190.97311068
2025-02-05,105025.20618,27090.2396131,7574.47684497,23037.2493167,10766.540139,6225.98506738,23153.0505473,8306.00676739
2025-02-06,105390.232661,27203.1170303,7610.1017088,23013.7057002,10753.8817571,6215.1257151,23091.6890294,8326.8401869
2025-02-07,104425.547635,26988.1108964,7613.49480742,22940.7360301,10718.2067729,6198.54796601,23132.8882942,8299.66603299
2025-02-10,105134.733596,27160.1158036,7689.83351508,22947.8004581,10715.9066112,6201.40669761,23524.7186895,8296.04360038
2025-02-11,105214.685905,27267.6135165,7657.59974608,22896.0163975,10688.2878124,6199.69024495,23438.8157746,8332.27531315
2025-02-12,104875.718836,27321.3655854,7694.92182715,22775.967169,10614.640492,6162.53653705,23463.3598467,8255.28384685
2025-02-13,105982.967991,27676.1176753,7735.63500305,22912.4917487,10694.0428995,6196.83291377,23694.7750017,8337.70970073
2025-02-14,105977.753945,27686.870659,7783.13571206,22997.2284304,10738.9213403,6208.26457253,23342.3916787,8299.66603299
2025-02-18,106288.876711,27874.9954045,7820.45578933,22905.4311579,10681.383581,6188.25858618,23728.962821,8336.80409258
2025-02-19,106539.205,27633.1185901,7798.40332,22938.3799417,10698.6469692,6200.83532474,23742.1109534,8343.14408831
2025-02-20,106095.957014,27740.6163031,7881.52688904,22973.6905698,10720.5088078,6213.41019606,23754.3816519,8382.99823369
2025-02-21,104281.285154,27541.7428571,7871.34892903,23072.5561075,10783.8016541,6225.98506738,23732.4672062,8300.57311848
2025-02-24,103806.752893,27514.8657519,7750.90261099,23112.5654819,10806.8154467,6239.70408487,23861.3242537,8333.18165997
2025-02-25,103290.508264,27713.7434811,7747.50951236,23256.1564082,10891.9729413,6265.99844049,23546.6331351,8435.53384788
2025-02-26,103342.648723,27756.7447078,7822.15233864,23293.8154502,10921.8947114,6271.14266359,23582.573147,8400.20774326
2025-02-27,101693.084709,27428.8632983,7684.74319921,23258.5067407,10909.2335198,6263.71154857,23223.1757033,8433.72263158
2025-02-28,103280.080172,27450.3671241,7588.04790361,23362.0806179,10969.0733139,6307.15455935,23077.6634632,8505.27897163
2025-03-03,101470.611541,27654.6181327,7515.10162664,23412.6098888,11008.8906496,6324.30274771,23381.8360758,8545.13385568
2025-03-04,100269.520377,27579.3686629,7579.56515705,23353.5810481,10974.2674088,6302.00986944,23585.2027735,8446.40410038
2025-03-05,101347.205243,28229.749636,7805.18751345,23273.303283,10913.1005262,6269.99991784,23634.2909177,8540.60433758
2025-03-06,99548.1755212,27966.3711375,7764.47366962,23249.6905955,10907.3323275,6267.14211985,23514.2001836,8321.40579932
2025-03-07,100106.132517,28262.0021623,7796.70677069,23221.3580567,10893.4826565,6256.85180642,23526.4735572,8371.22385038
2025-03-10,97439.7322014,27611.6169059,7621.97555019,23332.330205,10969.651164,6284.86121428,23320.4772331,8290.6092128
2025-03-11,96629.7377481,27536.3674361,7676.26178851,23249.6905955,10930.4135515,6267.71349273,23593.9690868,8193.6906738
2025-03-12,97142.5099519,27740.6163031,7703.40390578,23181.2182148,10898.0970282,6260.28144409,23696.5271944,8168.32773619
2025-03-13,95847.5551453,27530.992015,7679.65488714,23252.0524399,10941.9536952,6269.42901178,24117.2861559,8007.0991997
2025-03-14,97827.3564869,28057.7468705,7817.06402657,23204.8270649,10903.8699097,6254.56584811,24126.927228,8167.42212804
2025-03-17,98581.7272392,28390.9994178,7923.93661425,23235.5214481,10913.1005262,6256.28043354,24257.5391431,8306.91311421
2025-03-18,97516.2337209,28353.3714705,7903.58069423,23259.1341356,10925.7982432,6263.13970888,24540.6720689,8263.43653622
2025-03-19,98578.2548145,28482.3794341,7915.45520355,23327.6045977,10959.2648473,6295.15012729,24641.4779838,8273.39970323
2025-03-20,98293.1806428,28262.0021623,7844.20614383,23341.7699078,10975.4202993,6300.8675905,24609.9224661,8267.96383831
2025-03-21,98325.6115754,28106.4811659,7808.03624684,23313.437369,10966.1896828,6293.43507505,24411.8150214,8176.4796869
2025-03-24,100086.498713,28144.2804414,7831.80931106,23223.7179824,10902.7151461,6277.43056606,24303.120227,8302.38359611
2025-03-25,100327.080415,28295.4775433,7823.31854931,23244.9688255,10921.1810619,6287.71947907,24410.0628288,8209.22783683
2025-03-26,99129.3318656,27955.2840639,7775.77175293,23188.3037478,10895.7921838,6279.71699117,24389.9005758,8241.25652319
2025-03-27,98866.098272,27987.6843607,7826.7149876,23176.500282,10886.555948,6292.86370218,24716.8650679,8220.20888967
2025-03-28,96875.0791595,27669.0889375,7694.26057368,23311.0793619,10974.2674088,6324.8750542,24900.0695126,8209.22783683
2025-03-31,97525.3853449,27447.6944048,7685.76914399,23355.9428925,11006.5848686,6350.02526364,25257.7147636,8285.18073457
2025-04-01,97800.8427391,27544.8910121,7711.24142925,23442.4025118,11045.2539965,6353.99453125,25207.7491855,8288.84157796
2025-04-02,98419.7672917,27620.4917047,7718.03430583,23416.3454785,11034.8311545,6344.21490566,25259.4669563,8339.17078795
2025-04-03,93569.5579771,27042.7003317,7578.7883512,23539.5297627,11148.2958105,6383.90898217,25106.9432706,8054.57936348
2025-04-04,88091.7268219,25330.9328354,7154.2529352,23560.8458396,11179.5577808,6362.62394217,24519.6350571,7705.01683279
2025-04-07,87934.8186573,24780.1427806,6865.56970727,23262.3708792,11046.4106332,6286.11132584,23992.8109276,7502.78256599
2025-04-08,86557.5154603,24650.5480181,6773.87054901,23141.5599512,10990.838688,6270.57829283,24123.4228427,7301.46424872
2025-04-09,95647.7230512,26491.9124185,7215.38548472,23193.6720991,10956.1058711,6283.80996288,25015.7784276,7737.04625781
2025-04-10,91456.5388453,25968.1193986,7121.98777336,23011.2671103,10887.7959374,6209.02220176,25626.7532794,7560.43420144
2025-04-11,93088.3729391,26680.9066544,7318.97184303,22987.5795959,10826.4323798,6211.32403153,26115.8825293,7652.85646244
2025-04-14,93991.473809,26988.699837,7386.89793706,23122.6076373,10913.2672318,6241.23941606,25966.8659039,7811.16725652
2025-04-15,93728.2077628,27172.2972358,7388.59515431,23169.9807474,10945.6830291,6240.66384192,26102.7343969,7834.95904524
2025-04-16,91644.8178253,27112.899904,7295.19744294,23243.4185653,10993.1519615,6257.92219694,26952.1385243,7829.46778015
2025-04-17,91775.5692203,27404.4918674,7352.93422211,23184.1978608,10961.8928008,6272.30408166,26833.7999828,7946.59851805
2025-04-21,89591.0678995,27274.8971049,7361.4256518,23044.4269443,10902.8453263,6240.08873458,27663.9192911,7780.96825319
2025-04-22,91922.0168405,27809.4880822,7476.89854221,23087.0686912,10910.9511487,6263.10003021,27271.211462,7931.95809915
2025-04-23,93346.4033045,27890.4856118,7549.91829178,23143.9237142,10922.5268813,6281.50906672,26617.2851528,7946.59851805
2025-04-24,95311.2440124,28246.8803105,7645.01455626,23271.8412802,10981.5762289,6314.87462847,27004.7337289,7975.8830492
2025-04-25,95999.9091328,28311.6787626,7619.542271,23357.1228553,11023.2535488,6317.75156558,26711.957056,7962.15562514
2025-04-28,96036.4939941,28506.0741187,7639.92090073,23421.0883536,11067.2516345,6339.61264654,27092.3915115,8011.57036295
2025-04-29,96641.4855776,28592.4727686,7667.0897353,23477.9395393,11105.4571712,6350.5424868,26828.5407299,8054.57936348
2025-04-30,96679.8228775,28549.2723729,7684.07125881,23456.6177065,11122.8235797,6358.02074942,26627.8036587,8082.94646777
2025-05-01,97364.9831206,28430.4755677,7680.67482052,23392.6886624,11074.3862567,6336.34359078,26074.6832644,8109.48388904
2025-05-02,98810.2906731,28948.8674673,7886.15031988,23278.6102378,11000.0458908,6303.39255445,26120.2670235,8209.22783683
2025-05-05,98243.6796596,29002.8636788,7948.98142252,23238.2094611,10980.2987775,6297.03369718,26900.4207536,8190.92657453
2025-05-06,97422.5323406,28997.4647002,7909.9233841,23295.2467547,11008.1788732,6316.11026899,27654.278219,8127.78589
2025-05-07,97832.2568246,28894.8669726,7811.4320172,23330.8931446,11037.2156055,6322.47005987,27239.6559443,8136.93652115
2025-05-08,98513.9013729,28797.6703653,7797.84626404,23209.6850583,10951.2611086,6299.92417172,26703.1907428,8104.90857346
2025-05-09,98388.3856587,28986.6646012,7853.88449011,23233.4589114,10959.3912813,6305.70605442,26896.9136933,8158.89936551
2025-05-12,101639.884134,29127.0616043,8030.49193384,23155.030714,10889.6990029,6256.56845402,26138.6744088,8199.16199483
2025-05-13,102311.10059,29175.6609787,8044.07701906,23131.2645355,10881.5669571,6271.59873491,26249.9988296,8094.84273147
2025-05-14,102441.851985,29056.8620319,8110.30389206,23064.7223053,10840.911411,6265.23941084,25697.7558693,8015.23046767
2025-05-15,102942.216491,29364.6594978,8096.71947477,23195.4314908,10911.766882,6283.16016627,26107.9936498,8161.64425939
2025-05-16,103594.25348,29429.4579498,8105.20956859,23209.6850583,10915.2545865,6294.14322264,25792.4250974,8263.21789021
2025-05-19,103707.577846,29667.0537017,8139.17261561,23202.5611525,10909.4433065,6294.72113083,26124.6488425,8265.04905057
2025-05-20,103358.885824,29807.4507048,8122.19242797,23162.1584571,10895.5084097,6285.47319944,26611.148466,8216.54878495
2025-05-21,101617.199789,29645.4535039,8101.8131303,23010.0564492,10820.0039148,6251.36587993,26807.5037181,7997.84367756
2025-05-22,101657.311162,29613.0553486,8083.13305368,23076.5986794,10860.6603974,6269.86360993,26569.9492011,7961.23967562
2025-05-23,100963.421179,29715.6530762,8117.0961007,23109.8755504,10892.0197687,6275.64409221,27151.9981617,7969.47583459
2025-05-27,103062.507341,30131.442965,8088.22804508,23214.4452011,10937.3234022,6293.56578126,26691.794803,8108.56941686
2025-05-28,102466.256316,29856.0500792,8038.98202766,23171.6691495,10907.1216042,6279.11387536,26631.310719,8100.33325789
2025-05-29,102870.712666,29974.8447428,8074.64295986,23257.2212527,10952.4233646,6297.03369718,26789.0936576,8173.53978442
2025-05-30,102755.679132,30012.6483015,7981.24524849,23314.260465,10984.9459284,6317.84446035,26612.9033337,8173.53978442
2025-06-02,103334.481493,30358.238618,8037.28481042,23252.9772237,10947.6544625,6296.57575863,27320.3022813,8184.52083726
2025-06-03,103923.766034,30136.8440853,8055.96288324,23236.2908223,10937.1651256,6290.78127212,27078.3659453,8168.04999666
2025-06-04,103895.856826,30293.440166,8135.77550939,23374.5824682,11017.5780683,6315.12110304,27252.8040766,8190.92657453
2025-06-05,103393.739882,30293.440166,8156.15347119,23314.9761173,10984.946865,6296.57575863,27115.1807159,8184.52083726
2025-06-06,104455.512172,30390.6389148,8191.81507132,23195.7538221,10897.5416553,6262.9632555,26751.4014531,8223.87047174
2025-06-09,104549.646253,30401.4390138,8251.24973567,23224.362645,10917.3533904,6271.65615229,26877.6288741,8234.85004725
2025-06-10,105142.403219,30471.6364445,8312.38228519,23276.8259038,10936.0000599,6274.55362895,26885.5177535,8305.31315723
2025-06-11,104842.530676,30466.2396074,8339.55312357,23355.5131174,10981.4507315,6284.98491837,27031.0299937,8260.473735
2025-06-12,105259.210827,30703.8332177,8341.25034081,23441.3530164,11029.2324709,6302.95142098,27366.7607991,8300.73710299
2025-06-13,104082.405002,30331.2394415,8215.58880347,23357.8979854,10988.4429984,6293.67828197,27725.2808089,8220.20888967
2025-06-16,105072.673469,30482.438685,8292.00565926,23310.2082999,10956.9768607,6284.98491837,27329.9433534,8226.61536561
2025-06-17,104174.80828,30099.0469514,8198.60727996,23381.7370722,11010.5848648,6318.01811289,27343.9689196,8197.33305047
2025-06-18,104159.112054,30180.0466227,8176.53076505,23398.4311483,11017.5780683,6322.654449,27196.7044868,8225.70015477
2025-06-20,103914.495417,29935.6577092,8099.7238365,23419.8892044,11024.5684621,6333.66598065,27185.3085471,8220.20888967
2025-06-23,104940.916044,30164.2587326,8166.14240621,23467.5788899,11063.0278033,6338.88162536,27268.5818355,8343.74536485
2025-06-24,106100.229935,30561.5880122,8343.26081854,23562.9582609,11101.4852714,6346.99474673,26839.9366696,8365.70747054
2025-06-25,106159.661404,30409.1851883,8363.69755843,23560.5733929,11106.147407,6350.47199881,26921.4577654,8164.38989194
2025-06-26,106990.230786,30741.2020312,8419.89742422,23624.9475612,11145.7699407,6369.01734322,26891.6544403,8156.81188702
2025-06-27,107521.803844,30931.7039549,8411.38261689,23558.1866062,11116.6348709,6360.90375504,26404.2773831,8177.14227296
2025-06-30,108035.884968,31029.6715389,8423.30454944,23653.5602213,11160.9195402,6377.12999779,26720.7206942,8229.81454091
2025-07-01,108000.911917,31007.9021545,8457.36511464,23631.795183,11140.2265135,6373.64200913,26959.1499699,8289.87866919
2025-07-02,108490.534623,31105.8718801,8481.20764388,23603.0904282,11116.8427845,6370.73332908,27108.1692704,8309.28424159
2025-07-03,109345.584057,31143.9731215,8518.6753343,23555.2491703,11078.2673114,6359.68538641,26923.2126331,8318.52499035
2025-07-07,108530.732536,30757.529605,8418.19486352,23471.5255298,11043.193591,6351.54238933,26943.3722111,8247.37048622
2025-07-08,108471.29025,30980.6866761,8450.55220008,23461.953441,11026.8246061,6346.30900592,26661.9914779,8235.35825149
2025-07-09,109121.758698,31192.9601259,8448.84963938,23560.036174,11084.110434,6370.15262004,26781.2047782,8241.8275143
2025-07-10,109429.49558,31214.7273687,8457.36511464,23552.8585463,11078.2673114,6368.4076921,26840.8141035,8293.5749687
2025-07-11,109044.824478,30953.4733394,8445.44385003,23454.7854065,11026.8246061,6357.94045847,27098.5281983,8294.49978224
2025-07-14,109252.910342,30991.5724392,8455.661886,23452.387108,11022.1484222,6362.01008977,26999.474476,8348.09538639
2025-07-15,108786.036886,30681.3292638,8516.97210566,23383.012967,10978.8939556,6345.14712105,26887.2726212,8225.19416652
2025-07-16,109149.732812,30828.2881354,8556.14168885,23416.5028069,11009.289619,6366.66323096,27021.3889216,8302.81571746
2025-07-17,109817.682376,30899.0445243,8608.93710117,23426.0768144,11005.7841201,6372.47825702,26962.6570302,8293.5749687
2025-07-18,109737.254096,30828.2881354,8598.71906519,23469.1272314,11036.18072,6379.45656838,27032.7848614,8311.13313001
2025-07-21,109945.33996,31029.6715389,8642.99833431,23533.7143686,11074.7590028,6395.73976169,27448.2818949,8345.32316176
2025-07-22,109961.068638,31176.6282689,8644.70089502,23579.1669213,11106.323478,6401.55478775,27708.6256162,8488.55476758
2025-07-23,110896.567988,31840.6576717,8724.74462591,23526.5444155,11066.5763834,6376.54928875,27365.0059314,8505.18811535
2025-07-24,110933.271842,31617.5006005,8682.1679175,23512.1929974,11050.2083351,6381.20196313,27197.5792456,8475.61845798
2025-07-25,111401.897736,31579.3993592,8658.32605621,23550.4640851,11075.9268781,6387.01652239,26946.0018375,8476.54179419
2025-07-28,111373.923623,31111.3158324,8590.20292199,23519.3667878,11051.3780835,6378.87539254,26771.5637062,8340.70278738
2025-07-29,111080.16298,31100.4300694,8595.31327585,23646.1466011,11123.8612748,6413.18577349,26845.1959226,8474.69364443
2025-07-30,110940.281596,30866.3850936,8525.48758093,23579.1669213,11085.2792458,6388.17980768,26381.4855035,8354.56464919
2025-07-31,110524.120686,30599.6871119,8481.20764388,23591.1334714,11094.6325501,6377.71210724,26556.8010688,8237.20713992
2025-08-01,108712.585908,30490.8316233,8436.92837476,23795.1461701,11222.363641,6422.24838214,27095.8958968,8216.87675397
2025-08-04,110364.99493,30915.3742396,8515.26820908,23814.3440697,11237.6106414,6440.9029596,27253.6815105,8300.9675677
2025-08-05,109805.447758,30969.8030547,8542.51786353,23821.5466397,11229.4008622,6435.07346249,27275.5959562,8338.8553763
2025-08-06,110646.510137,31209.2876996,8579.98555395,23811.9419339,11221.1892098,6429.82700846,27217.7414986,8274.17013496
2025-08-07,110553.836421,31432.4447708,8642.99833431,23792.7440343,11212.9794306,6436.8221249,27447.404461,8298.19534308
2025-08-08,111415.884793,31579.3993592,8632.77896247,23747.1379905,11187.1747252,6432.74175701,27441.2677742,8229.81454091
2025-08-11,111195.564311,31454.2141552,8622.56092649,23763.9471849,11190.6952089,6432.74175701,27046.8077525,8175.29338454
2025-08-12,112379.347438,31807.998241,8721.33883657,23763.9471849,11188.3472832,6421.66533906,27022.2636804,8221.49786702
2025-08-13,112764.050993,31954.9571126,8820.11607871,23850.3473264,11228.2273676,6446.14848002,27104.66221,8298.19534308
2025-08-14,112774.533172,31900.5304391,8721.33883657,23783.1450845,11191.8668304,6426.9117931,26932.8537052,8239.05528967
2025-08-15,112510.509899,32042.0432168,8746.8839265,23747.1379905,11169.5826087,6414.66975581,26948.631464,8286.18236969
2025-08-18,112486.019028,32009.3859277,8813.30316414,23720.7394395,11159.0258403,6407.67463937,26906.5574404,8215.95341776
2025-08-19,111875.759311,31971.2846864,8750.29038378,23766.3397274,11187.1747252,6414.08671274,26759.2903326,8357.33687382
2025-08-20,111578.515427,32052.9268382,8746.8839265,23780.7391115,11203.5961568,6421.08322961,27030.1525598,8381.36208194
2025-08-21,111130.875526,31900.5304391,8731.55687254,23725.5398738,11170.7542302,6422.24838214,26936.3607655,8356.41279895
2025-08-22,112837.480336,32417.5988287,8884.83141977,23857.5498964,11232.9185363,6465.97007724,27224.7529442,8518.12590228
2025-08-25,112340.880328,32014.8255969,8847.36372935,23821.5466397,11210.633378,6453.72803996,27159.0096072,8469.15067251
2025-08-26,112811.247844,32025.7156431,8828.63088604,23850.3473264,11239.9585671,6468.88389218,27356.2396181,8446.97287548
2025-08-27,113068.304632,31987.6144017,8769.02456296,23874.3514162,11261.0683577,6483.45716813,27411.4644491,8499.64440476
2025-08-28,113468.715229,32118.2414164,8801.38256746,23903.1521029,11286.8730631,6487.53800283,27614.8311468,8477.46586906
2025-08-29,112792.014289,31954.9571126,8775.83614166,23871.9473618,11277.4879162,6480.54288639,27881.311555,8523.66961287
2025-09-02,111956.209226,31671.9294157,8763.91487704,23808.6188516,11243.834939,6468.66495927,28540.4971171,8382.28689548
2025-09-03,112562.953249,31742.6858045,8787.75740627,23895.3087075,11282.6670263,6483.29331856,28764.0260678,8386.90726986
2025-09-04,113503.688279,31938.6295389,8750.29038378,23991.6282115,11333.2668384,6493.24052819,28636.921213,8449.74362278
2025-09-05,113174.954587,32091.0237964,8850.77085457,24104.8029572,11388.5756136,6521.91093604,29019.1078611,8544.92407369
2025-09-08,113452.975734,32401.2691134,8937.62616416,24186.6827858,11423.8769151,6535.36947472,29349.5794136,8495.02329171
2025-09-09,113715.268203,32314.1830092,8971.6873973,24138.5191965,11396.8097431,6522.49724677,29282.9586428,8475.61845798
2025-09-10,114044.001896,32335.9566768,9012.56020913,24186.6827858,11427.4077009,6532.44352278,29388.1490519,8461.75733484
2025-09-11,114991.746681,32695.184715,9124.96194453,24232.4346461,11445.060693,6542.97704313,29344.3201606,8616.07857783
2025-09-12,114953.257936,32559.1158896,9107.93166193,24210.7655398,11412.1091903,6534.19918731,29402.1746182,8576.34261949
2025-09-15,115565.259274,32820.3677773,9169.24188158,24251.6996981,11430.93755,6540.6360015,29708.0994234,8562.48149634
2025-09-16,115406.155152,32782.2686775,9227.14631188,24261.3331834,11437.9991215,6546.48697176,29767.7060736,8517.20182741
2025-09-17,115262.758073,32667.9692366,9285.04873839,24217.9872961,11413.2845579,6542.39119921,29538.0431112,8506.11292889
2025-09-18,115801.319251,32771.3829145,9242.47336585,24150.5644108,11375.630648,6524.25151087,29419.7045696,8524.59368775
2025-09-19,116374.875114,32622.0832719,9230.48998348,24150.5644108,11370.9216849,6520.74158224,29731.7660617,8469.15067251
2025-09-22,116925.443742,32797.0885635,9256.16799205,24121.6620362,11352.0961348,6504.94293553,30246.3168176,8470.9980836
2025-09-23,116288.96235,32747.8681244,9254.45608028,24160.1959774,11383.8685237,6522.49724677,30369.914612,8517.20182741
2025-09-24,115918.970626,32518.1727423,9237.33629468,24114.4421985,11353.2743121,6510.793439,30094.6705657,8433.42716399
2025-09-25,115384.184764,32299.4166633,9184.26903371,24080.7297965,11328.560685,6500.26178587,30220.0205528,8408.23855226
2025-09-26,116045.221932,32490.8266263,9167.14991605,24097.5850381,11322.6754178,6501.43207329,30394.4586842,8491.26716002
2025-09-29,116371.370237,32654.8947563,9233.91313908,24143.3368985,11355.6250474,6509.6240852,30895.8613077,8494.06597673
2025-09-30,116809.717885,32769.7403058,9274.99902148,24140.9309255,11350.9170209,6507.86842067,31159.7120893,8528.58250016
2025-10-01,117207.759445,33015.8446425,9333.20268568,24202.536498,11389.1628292,6519.4751324,31208.8002336,8541.64364482
2025-10-02,117342.751309,33086.9394044,9358.88069424,24229.1115638,11400.9642698,6516.54404557,31100.1054392,8496.86405477
2025-10-03,117341.020505,33393.1992,9379.42430338,24202.536498,11378.5386293,6509.50925045,31349.9306546,8528.58250016
2025-10-06,117761.822132,33458.8264521,9411.94929108,24149.3844479,11345.4887891,6498.37308109,31940.7432534,8448.35344778
2025-10-07,117325.226922,33168.9734695,9360.59327394,24190.4605855,11373.8174912,6516.54404557,32105.5403127,8417.56794129
2025-10-08,118024.839376,33272.8818575,9413.66187078,24192.8742331,11376.1766554,6521.23313096,32634.9913935,8373.72129015
2025-10-09,117682.919123,32988.500668,9331.49077391,24163.8816825,11367.9163026,6513.61295874,32032.782855,8328.00949987
2025-10-10,114502.210516,32365.0439153,8994.24949935,24262.9333282,11438.7371213,6536.47440903,32356.2402869,8221.65889685
2025-10-13,116259.13844,32704.1173369,9244.18460968,24308.836761,11444.6373733,6552.88737494,33142.5307038,8273.90125946
2025-10-14,116117.115187,32802.5560734,9162.01351281,24347.4896578,11474.1451893,6545.85257982,33379.2077869,8358.79500636
2025-10-15,116632.624224,33032.2514555,9300.67703004,24337.8254743,11461.1618252,6544.09411445,33957.7496871,8480.07263184
2025-10-16,115838.315178,33174.443121,9331.49077391,24424.7973702,11514.2790782,6559.33492571,34751.9289835,8450.21932559
2025-10-17,116495.858286,33201.7870955,9309.23658888,24390.9717685,11495.3907793,6546.43935736,34097.9999992,8505.26124358
2025-10-20,117707.474899,33491.6400781,9420.50884991,24432.0459875,11510.7379904,6552.3005974,35339.2345219,8591.08719071
2025-10-21,117705.711643,33190.8477924,9336.62650921,24456.2074056,11531.9835804,6566.3683204,33068.0210536,8566.83225655
2025-10-22,117093.77521,33201.7870955,9331.49077391,24453.7899208,11534.3436813,6576.92004626,33071.5281139,8603.21539646
2025-10-23,117788.130347,33371.3248771,9401.67848841,24410.3039728,11496.5727028,6564.02447791,33203.8922217,8597.61850171
2025-10-24,118750.760044,33480.7029166,9446.18752641,24434.4634723,11507.1959661,6563.43816719,33092.5651257,8622.80711344
2025-10-27,120151.759024,33726.8029701,9524.93413181,24451.3743545,11507.1959661,6561.67970181,32171.2836496,8647.06130893
2025-10-28,120470.865121,33721.3333186,9519.79839651,24465.8658332,11517.8192294,6566.95509793,31940.7432534,8477.27381513
2025-10-29,120528.738867,33529.921214,9547.18898477,24349.9033054,11443.4563864,6532.37116755,31819.7750853,8258.97497567
2025-10-30,119203.148837,33376.7902454,9447.89877024,24303.9998726,11426.930998,6518.30157733,32444.7755033,8298.15693229
2025-10-31,119594.159007,33349.4484126,9410.23804724,24289.5103125,11431.6530727,6528.85330319,32268.5825043,8319.61378841
2025-11-03,119818.590147,33431.4824776,9430.77965258,24259.6946659,11426.2079829,6524.20809774,32326.4369618,8307.48632133
2025-11-04,118398.314342,32988.500668,9298.96511828,24271.8147071,11440.4182248,6527.14758711,31760.1684352,8321.47892755
2025-11-05,118808.622972,33196.3195856,9381.13554721,24206.3776129,11385.9485966,6503.03742567,32127.4547583,8328.94170011
2025-11-06,117533.886115,33043.188617,9345.18540011,24296.0509521,11443.9677415,6520.67902998,32088.88512,8288.82680458
2025-11-07,117649.601153,33147.0991465,9336.62650921,24286.357989,11448.7057376,6521.85585271,32285.237697,8417.56794129
2025-11-10,119485.442905,33551.7976786,9461.59406438,24276.6631073,11433.3107625,6523.03174182,33167.9522098,8412.90250811
2025-11-11,119758.985598,33759.6144545,9471.86553497,24349.3756797,11468.8340259,6549.49554871,33298.5614499,8507.12712138
2025-11-12,119825.621537,33978.3748168,9470.15362321,24339.6788793,11471.2016191,6535.38161173,33835.0266514,8443.68949193
2025-11-13,117837.231082,33579.1459363,9386.27128251,24266.9682255,11438.0468855,6520.67902998,33561.5347977,8340.13622829
2025-11-14,117817.921804,33535.3908656,9389.69443811,24237.8816616,11419.1033303,6513.03505055,32955.8191989,8357.86132879
2025-11-17,116720.289426,33103.3462174,9281.84600061,24242.7319805,11432.1269659,6514.21000605,32578.0143699,8288.82680458
2025-11-18,115740.124526,32764.2727958,9251.03225675,24257.2714251,11451.0733308,6518.91496291,32814.6914529,8322.41186645
2025-11-19,116187.256003,32654.8947563,9230.48998348,24257.2714251,11442.7848815,6510.68233872,32868.1614163,8257.10835919
2025-11-20,114416.297752,32211.9150883,9120.92896628,24286.357989,11470.0178225,6513.62229489,32858.5203442,8222.59109709
2025-11-21,115556.02111,32687.7105239,9084.97948712,24344.5291982,11507.9086791,6528.91258779,32807.6773323,8355.99692832
2025-11-24,117256.838545,32846.3090025,9177.42071871,24393.0074442,11525.6703108,6531.85301078,33327.4900162,8378.38598467
2025-11-25,118359.760691,33158.036308,9218.50593318,24431.7869712,11555.2699084,6543.61470273,33316.9688352,8455.81695901
2025-11-26,119176.851439,33513.5122594,9263.01563911,24470.5645796,11564.7430909,6557.72863971,33583.4492433,8493.13229916
2025-11-28,119827.363158,33672.1128796,9295.54129475,24436.6315342,11544.613866,6543.02699158,34000.7011446,8521.1197276
2025-12-01,119280.299407,33502.575098,9286.98173591,24331.0968081,11482.6228212,6517.19384217,34164.62077,8423.16557472
2025-12-02,119501.22567,33611.9574207,9266.43946265,24362.7102193,11492.1231635,6518.96304413,33944.5988796,8393.31226846
2025-12-03,119915.039178,33792.4302221,9254.45608028,24408.9091224,11515.8740193,6533.70763858,33913.043362,8414.76912458
2025-12-04,120002.704381,33879.9339387,9274.99902148,24350.5518053,11480.2458626,6524.86069519,33934.9578076,8394.24594604
2025-12-05,120230.651216,33929.1522361,9312.66041241,24323.8021434,11456.4968799,6514.24408302,33874.4737236,8384.91581833
2025-12-08,119869.44332,33858.0574742,9278.42284501,24284.8998236,11432.7432145,6501.27009095,33785.0637484,8320.54598864
2025-12-09,119765.995352,33819.7763382,9263.01563911,24263.0119924,11416.1166789,6493.01179231,33958.6244459,8288.82680458
2025-12-10,120560.304398,34202.6026889,9340.05100068,24340.8223881,11452.9342515,6514.24408302,34103.2592521,8318.68011084
2025-12-11,120840.846028,34344.7900712,9319.50739154,24345.6899746,11454.1199212,6511.29619111,34470.5455753,8355.06325075
2025-12-12,119541.564212,34169.7847797,9233.91313908,24270.3047384,11423.2438087,6501.27009095,34663.393767,8344.80166147
2025-12-15,119360.954856,34366.6643942,9206.52255081,24294.6254035,11432.7432145,6496.55112984,34694.9492847,8370.92321211
2025-12-16,119034.817368,34158.8476182,9155.16653368,24340.8223881,11464.8096794,6497.73075342,34702.8408392,8309.3507218
2025-12-17,117725.010103,33918.2150747,9095.25028978,24333.5277234,11462.4327207,6504.80802805,35000.8767651,8340.13622829
2025-12-18,118613.994106,34186.1915927,9172.28565135,24394.3217118,11492.1231635,6517.19384217,34937.7630546,8296.29031581
2025-12-19,119689.039497,34391.9652803,9270.55927216,24358.7002642,11466.2688211,6504.29640659,34977.2074517,8264.57187042
2025-12-22,120434.691326,34553.2493278,9329.90844111,24348.943986,11454.3540582,6494.83047591,35784.5375556,8307.03056258
2025-12-23,120985.119326,34781.2656939,9373.54649474,24348.943986,11449.5889023,6497.78817079,36258.7664805,8301.38122233
2025-12-24,121410.713115,34859.1257766,9370.05520999,24402.6198245,11479.374873,6511.39562119,36108.8697461,8355.98363228
2025-12-26,121398.402775,34931.4262605,9429.40371101,24407.4970043,11490.0974104,6510.80464239,36530.5034665,8365.39722958
2025-12-29,120965.777596,34881.3727383,9357.83671528,24436.7754321,11506.7773292,6516.72049895,34940.3926811,8382.34303432
2025-12-30,120818.064325,34920.3027797,9392.74755894,24427.0153166,11494.8635028,6515.53714092,34965.8141871,8399.28883907
2025-12-31,119922.925152,34742.3356526,9384.01901311,24368.4603797,11456.7375727,6502.52160294,34739.6556099,8330.5652945
