Date,SPY,VEA,VWO,AGG,IEF,TIP,GLD,VNQ
2015-01-02,0.3,0.15,0.05,0.2,0.1,0.05,0.1,0.05
2015-01-05,0.296566551254,0.147644795482,0.0495351634186,0.201784841673,0.101287865633,0.0503769970186,0.102191484482,0.0506123010388
2015-01-06,0.294307460888,0.14626768084,0.0493830701211,0.202663293739,0.102153778435,0.0504730825343,0.103544348403,0.0512072850394
2015-01-07,0.296042585049,0.146874434094,0.050189978991,0.201312781864,0.101472467406,0.0501857529168,0.102266815799,0.0516551838801
2015-01-08,0.299113138218,0.148027405336,0.0506687711229,0.19954808275,0.100326551427,0.0497428045765,0.1010986814,0.0514745651695
2015-01-09,0.297029393532,0.147470306249,0.0504705289313,0.20024567292,0.100927892155,0.0499454679658,0.102357638827,0.0515530994196
2015-01-12,0.29496977729,0.147445351441,0.0500627513617,0.20058968493,0.101374886755,0.0499775055963,0.103586224729,0.051993817897
2015-01-13,0.294176360758,0.148177584627,0.0504216909269,0.200668522227,0.101480892939,0.0499040576333,0.10324945706,0.051921433828
2015-01-14,0.292642476799,0.147903256637,0.050274343087,0.201322576574,0.102033233252,0.0502418835836,0.103168832634,0.0524133974333
2015-01-15,0.289032787623,0.148260571077,0.0502640859517,0.201596214191,0.102574607659,0.0504779108642,0.105427373587,0.0523664490473
2015-01-16,0.29109594793,0.148999171276,0.0504674060009,0.199637102566,0.101217748543,0.049899507258,0.106174679245,0.0525084371815
2015-01-20,0.290888722749,0.149243262978,0.0501497264518,0.199409680241,0.101161894895,0.0498759190863,0.107325046187,0.0519457474106
2015-01-21,0.29158897226,0.149946715747,0.0511363764641,0.198529608645,0.100416102202,0.0495399116181,0.107068919365,0.0517733936998
2015-01-22,0.293750019532,0.149388367649,0.051833685601,0.196964285192,0.0994306192447,0.0491887603038,0.107137430614,0.0523068318646
2015-01-23,0.292873889262,0.14886831339,0.0515187946025,0.197955753303,0.100332677616,0.0496118764955,0.106549111861,0.0522895834696
2015-01-26,0.293058722055,0.150596758499,0.0514925861981,0.1975293288,0.0999322638856,0.0494448875478,0.105305543702,0.0526399093125
2015-01-27,0.289949353819,0.151107562085,0.0513549435417,0.197939374573,0.100331451432,0.0497305527507,0.106791340474,0.0527954213245
2015-01-28,0.287874200594,0.149975914405,0.0510397928965,0.199914209074,0.101684146583,0.0502082625917,0.106558335287,0.052745138569
2015-01-29,0.289937831323,0.151701669422,0.0509845508987,0.199343056824,0.101115157354,0.0500483727343,0.104047366684,0.0528219947599
2015-01-30,0.287524608468,0.149879810611,0.049831638913,0.200916463596,0.102440237194,0.0506272800394,0.106823085944,0.0519568752342
2015-02-02,0.289576346692,0.151056979064,0.0504545574194,0.1998677335,0.101781638199,0.0503299691256,0.105382622448,0.0515501535527
2015-02-03,0.29240601842,0.152498344605,0.0511108659718,0.198181412158,0.100456487148,0.0498675474599,0.103721620109,0.0517577041284
2015-02-04,0.291799587151,0.151672647929,0.0508532950073,0.198828347323,0.100797025267,0.0500585911016,0.104357084696,0.0516334215255
2015-02-05,0.293356974186,0.15254841076,0.0509955799912,0.197485156422,0.0999556971179,0.0496066545423,0.104044928792,0.0520065981883
2015-02-06,0.295599333334,0.152298787752,0.0506815295178,0.198385413558,0.0998694435989,0.0497313281698,0.102411818309,0.0510223457606
2015-02-09,0.29491388544,0.151921715499,0.0507289823342,0.198779489209,0.100039395533,0.0497515596629,0.103092179644,0.0507727926773
2015-02-10,0.297082644756,0.15271766768,0.0504763358723,0.197916317253,0.0994630883517,0.0494233366261,0.102152050154,0.0507685593071
2015-02-11,0.297984541219,0.152268276571,0.0503758631146,0.198312627383,0.0996701094333,0.0494527707485,0.101192601518,0.0507432100127
2015-02-12,0.298692090261,0.153513831981,0.0511776601299,0.196925598712,0.0989919537364,0.0490198892636,0.100698434815,0.0509805411001
2015-02-13,0.299207180614,0.154236425136,0.0515741686767,0.196226232439,0.0984255213733,0.0488034529739,0.101006459497,0.0505205592907
2015-02-17,0.300547410691,0.155034942104,0.0515629037434,0.195996003251,0.0980111226606,0.0486974500783,0.0996081016098,0.0505420658628
2015-02-18,0.299644365477,0.155603597083,0.0514524379746,0.19593756817,0.0981756356263,0.0487500582371,0.0995818203468,0.0508545170861
2015-02-19,0.300083909346,0.156021170869,0.0514039582758,0.196205544677,0.0981414717463,0.0488174047756,0.0994560306372,0.0498705096731
2015-02-20,0.300826138485,0.157026458121,0.0514825446398,0.19555292095,0.0977422990165,0.0486505307068,0.0985431208076,0.0501759872741
2015-02-23,0.300702680077,0.156363463716,0.0509758454764,0.195854015715,0.0981652127696,0.0487282826301,0.098644842148,0.050565657467
2015-02-24,0.300607458156,0.15679959186,0.051515496922,0.196101303385,0.0985050349538,0.0488679886535,0.0981895048681,0.0494136212012
2015-02-25,0.300223537457,0.156887029964,0.0513215758826,0.196158367062,0.0985541698285,0.0489289460824,0.098522119589,0.0494042541355
2015-02-26,0.300579224925,0.156832395636,0.0514062095802,0.195916418744,0.0982017080999,0.0490102931152,0.0990713109698,0.0489824389297
2015-02-27,0.299340192061,0.156835980579,0.0514062073344,0.196270004513,0.0984788528491,0.049259932988,0.0990769426017,0.0493318870739
2015-03-02,0.301292958918,0.157101040025,0.0513431069019,0.195313636988,0.0977661318806,0.0488687521871,0.0986881057675,0.0496262673321
2015-03-03,0.301037189004,0.156720789038,0.051041981734,0.195703609766,0.0978742586055,0.0490977702677,0.09883093914,0.049693462445
2015-03-04,0.300705234242,0.156509129184,0.0506073249226,0.196422162127,0.0982539684295,0.0492990675816,0.0988308176084,0.0493722959053
2015-03-05,0.300780808035,0.156883608869,0.0504657603679,0.196345702283,0.098226543938,0.0491707593273,0.0986532479012,0.049473569279
2015-03-06,0.300864812111,0.15703220911,0.0503717149169,0.197903215934,0.0986363804173,0.0493092032731,0.0973556159654,0.0485268482719
2015-03-09,0.301359651713,0.156720052391,0.0500460111129,0.197914424459,0.0988478557043,0.0491117596982,0.0972087409344,0.0487915039866
2015-03-10,0.299093430327,0.15480581049,0.0494405616783,0.200137278691,0.100145591458,0.0496038030762,0.0975868808362,0.0491866434431
2015-03-11,0.298331325297,0.155171438253,0.0498217283086,0.200495081461,0.100303685278,0.0496777099896,0.0969800295959,0.0492190018173
2015-03-12,0.300037211995,0.155994636049,0.0497534232712,0.199272374902,0.0997041586894,0.0492245477011,0.0962839998668,0.0497296475259
2015-03-13,0.299384974059,0.155664534442,0.0493472814071,0.199685974781,0.0999511766158,0.0492615397293,0.0968071294158,0.0498973895503
2015-03-16,0.301087861711,0.156216937712,0.049548386771,0.19860511278,0.099538841492,0.0489587394272,0.0960135482598,0.0500305718465
2015-03-17,0.300511659056,0.156225308908,0.0499136431973,0.198780098469,0.0998496030126,0.0490589820547,0.0955950665341,0.0500656387682
2015-03-18,0.29980600507,0.157190431728,0.0504748231963,0.197393123463,0.0995617405707,0.0491022632359,0.0960846792474,0.0503869334881
2015-03-19,0.300070792803,0.156137476394,0.0498583321913,0.197777785719,0.0996351726834,0.0493403606163,0.0965414192758,0.0506386603168
2015-03-20,0.299675759415,0.157890829862,0.0499706120626,0.196389068052,0.09903572966,0.048990667599,0.0966601626995,0.0513871706509
2015-03-23,0.298796878337,0.158468572455,0.0500684572899,0.196230642794,0.0990659531143,0.0489208555558,0.0971770324589,0.0512716079952
2015-03-24,0.29734649342,0.15843596002,0.050303293634,0.196910789051,0.0994438884424,0.0491953037596,0.0974900563798,0.0508742152924
2015-03-25,0.295242957055,0.158798275217,0.0498121207869,0.198051988924,0.0997757787269,0.049560692904,0.0983771244113,0.0503810619756
2015-03-26,0.295555221692,0.158050926946,0.0496980337197,0.198021620887,0.0995559984441,0.0494659986862,0.0993616380423,0.0502905615814
2015-03-27,0.295776032651,0.158160257262,0.0497332215631,0.198001588301,0.0997903232015,0.0494115957988,0.0988478729926,0.0502791082302
2015-03-30,0.298111679029,0.157604842049,0.0505349429863,0.197248511808,0.0993569132246,0.0490543542446,0.0973069864937,0.0507817701648
2015-03-31,0.296896953475,0.156112500696,0.0507355331505,0.198515224782,0.100083016158,0.0493982824173,0.0976875898885,0.0505708994329
2015-04-01,0.294718533493,0.156610249895,0.0512221598321,0.198399967854,0.10017578346,0.0495910779667,0.0989759600946,0.0503062674042
2015-04-02,0.29507151034,0.157404220937,0.0518892390346,0.197659373608,0.0996512816998,0.0492909883327,0.0984659274976,0.0505674585498
2015-04-06,0.295195152148,0.157926684843,0.052189031388,0.196543122108,0.0991541446253,0.0491750870849,0.0990451711974,0.0507716066051
2015-04-07,0.295023367649,0.158253578839,0.0521742047208,0.19698537604,0.0994417434076,0.0493844721478,0.0987568676767,0.049980389519
2015-04-08,0.295391036616,0.158652863292,0.0531176607311,0.196584625389,0.0991392594799,0.0491593430681,0.0980039516131,0.0499512598111
2015-04-09,0.29686450277,0.158974361286,0.0538344034129,0.196201246691,0.0987928771704,0.0490108042571,0.0973796501903,0.048942154222
2015-04-10,0.297647167641,0.15883740267,0.053573281219,0.19565082587,0.0984884097331,0.0488261701655,0.0982073492781,0.0487693934231
2015-04-13,0.29712921703,0.158429437407,0.0535390700334,0.196409468818,0.0989648070045,0.0489755644386,0.0977770735339,0.0487753617348
2015-04-14,0.297066002203,0.159291250264,0.0535723476749,0.196203744721,0.0990466066141,0.0490002686641,0.0969764144628,0.0488433653962
2015-04-15,0.297409588533,0.159494897343,0.0537119152011,0.195816451491,0.0987727187439,0.0489874062903,0.0974910472608,0.0483159751377
2015-04-16,0.297147318514,0.159784583528,0.0541675050979,0.195594402752,0.0987864375364,0.0490136873068,0.0970952166667,0.0484108485978
2015-04-17,0.295361117598,0.158737160455,0.0533528857551,0.19683977849,0.0995362523513,0.0495995391681,0.098118525085,0.0484547410972
2015-04-20,0.297564356626,0.15874369053,0.0530928427761,0.196371669178,0.0991884116451,0.0493841775973,0.0972097154815,0.0484451361657
2015-04-21,0.296776607563,0.159862883231,0.0534309732753,0.19587479798,0.0988344402195,0.049136632056,0.0976264679856,0.0484571976901
2015-04-22,0.298283509857,0.160236180713,0.0540630567717,0.195326640522,0.0982767932043,0.0489176938307,0.0963306417927,0.0485654833093
2015-04-23,0.29805941328,0.16040633414,0.0541548823089,0.194987813119,0.0982560347738,0.0488820281356,0.0967167852086,0.0485367090345
2015-04-24,0.298311567523,0.161053787862,0.054342841632,0.195033261339,0.0984559034884,0.0490189510065,0.0952184415304,0.0485652456198
2015-04-27,0.296660252201,0.16144468531,0.0544984720245,0.194833291564,0.0981658107773,0.048959628377,0.0970044082248,0.0484334515224
2015-04-28,0.297422435413,0.161614951619,0.0545989340487,0.193964298128,0.0976539190112,0.0486491812779,0.0977860883221,0.0483101921808
2015-04-29,0.29791933787,0.161127177563,0.0543299571129,0.194652127243,0.0978572567352,0.0488419353826,0.0976608510046,0.0476113570889
2015-04-30,0.297243308809,0.160756784015,0.0540292034154,0.196176187783,0.0985959158682,0.0493062839815,0.0966872278384,0.047205088289
2015-05-01,0.299379421624,0.161530650351,0.0541526803765,0.19491230581,0.0977023605894,0.0489261153571,0.0960065334727,0.0473899324199
2015-05-04,0.299803517462,0.161454803962,0.0543447800402,0.194263546604,0.0973619189221,0.0486675300719,0.0967342657686,0.0473696371695
2015-05-05,0.298625647531,0.160229208735,0.0541907574863,0.195564369011,0.0979371766729,0.0490162844733,0.0977437900782,0.0466927660121
2015-05-06,0.298370427799,0.161105796908,0.053650305288,0.195545045909,0.0977776519147,0.0487822234268,0.0980125435525,0.0467560052023
2015-05-07,0.299110928875,0.160317465815,0.0534955914939,0.195732204232,0.0980458560755,0.048834525492,0.0970609486107,0.047402479406
2015-05-08,0.299875365549,0.162075463635,0.0537425859666,0.194316666175,0.0973931841296,0.0485244854117,0.0965102090713,0.0475620400615
2015-05-11,0.300576525307,0.16179448916,0.0536092172667,0.194462793719,0.0971240576361,0.0484267277564,0.0968245233751,0.0471816657788
2015-05-12,0.299669440552,0.161790208608,0.0534599768964,0.194440064902,0.0971949198106,0.048472911033,0.0976492093329,0.0473232688662
2015-05-13,0.298998363481,0.162561039664,0.0534652899426,0.193949826743,0.0968304900466,0.0482819390501,0.0991560172772,0.0467570337951
2015-05-14,0.299801288346,0.163240438672,0.0535555354749,0.192762423407,0.0964160760833,0.0480017197666,0.098928147724,0.0472943705263
2015-05-15,0.299026519193,0.162834142195,0.0539060508905,0.192861249487,0.0967517362908,0.0481578093963,0.0988600560195,0.047602436528
2015-05-18,0.300528156775,0.162606936909,0.0534855215764,0.192492862639,0.0962824998507,0.0479938913891,0.0990403461027,0.0475697847575
2015-05-19,0.301470598772,0.162553428989,0.0537930475085,0.192491400536,0.0961878474747,0.0479291433367,0.0980051418032,0.0475693915808
2015-05-20,0.301023764746,0.162735067278,0.0536779109275,0.192640322286,0.0963223839265,0.0480200890128,0.0980893805043,0.0474910813184
2015-05-21,0.301175738335,0.163228718628,0.053390767665,0.192774303695,0.0966635397123,0.0480882452811,0.0975251616056,0.0471535250785
2015-05-22,0.301078733977,0.162565214832,0.05363558805,0.192962706195,0.0966452934968,0.0482690706296,0.0976511449429,0.047192247876
2015-05-26,0.300073793375,0.161027945763,0.0532385585603,0.194886948833,0.0979749314009,0.0486695409616,0.096944677982,0.0471836031247
2015-05-27,0.301449569332,0.16159695256,0.0531143034992,0.194133420186,0.0974439075382,0.0483900910742,0.0964564827102,0.0474152731005
2015-05-28,0.301539888911,0.161479853264,0.0524429950105,0.194340333638,0.0976746442889,0.0484292742054,0.0967046495988,0.0473883610836
2015-05-29,0.300928234641,0.160606201042,0.0520856390365,0.195229611783,0.0981409308179,0.048788327827,0.0971799909075,0.0470410639444
2015-06-01,0.301720786104,0.160313230489,0.0520797296531,0.194805823863,0.0977662214933,0.0485155632229,0.0971526595024,0.0476459856729
2015-06-02,0.301802093423,0.161060536724,0.0523303920945,0.194287234265,0.0972080889327,0.0483782478361,0.097667903214,0.0472655035094
2015-06-03,0.303146017905,0.16228590343,0.0521652436289,0.19387048472,0.0965524341271,0.0481668323222,0.0971426537651,0.046670430102
2015-06-04,0.30208262568,0.161213695007,0.0516557540761,0.195247942093,0.0975063297001,0.0485414896303,0.0969392176225,0.0468129461907
2015-06-05,0.303161237637,0.160294644831,0.0516796649354,0.195417151408,0.0973139259775,0.0486629307906,0.0969340963079,0.0465363481121
2015-06-08,0.301705030481,0.160354056735,0.0517246923553,0.195970291849,0.0975857623722,0.0487944792541,0.0973507958153,0.0465148911378
2015-06-09,0.302397212191,0.159835858699,0.051475197587,0.195887925545,0.0975055923298,0.0488037951768,0.0978049186196,0.0462894998514
2015-06-10,0.303649391102,0.161890597575,0.0518212176927,0.193883889982,0.0963776047003,0.0482510175198,0.0978717749506,0.0462545064777
2015-06-11,0.303682602276,0.161857302041,0.0514498138575,0.194318737071,0.096837442297,0.0483398640068,0.0971220512989,0.0463921871515
2015-06-12,0.302547667601,0.161200708825,0.0516653270523,0.194852589187,0.0971639879064,0.0485568320735,0.0974796342179,0.0465332531364
2015-06-15,0.301866612957,0.160507265602,0.0512475680714,0.195484457585,0.0975952686252,0.0488132047121,0.0981101381713,0.0463754842757
2015-06-16,0.302688257769,0.160032233031,0.0512202820023,0.195276625271,0.0977017283141,0.0489679870562,0.0974910473908,0.0466218391652
2015-06-17,0.302764853826,0.159383374327,0.0514731942025,0.195028594784,0.0976244217331,0.0489578241805,0.0978136555615,0.0469540813853
2015-06-18,0.303847051416,0.15982444461,0.0515815196038,0.193657775793,0.0968912373055,0.0485105288469,0.0984073367934,0.0472801056305
2015-06-19,0.302943006528,0.159708768207,0.0511883413202,0.194548308722,0.0975502946757,0.0486942942462,0.0983811511123,0.0469858351897
2015-06-22,0.304118320824,0.162274780433,0.0517907440517,0.193346932696,0.0966096735036,0.0484181281871,0.096996216797,0.0464452035079
2015-06-23,0.304518649328,0.162957638196,0.0522909789677,0.193019232159,0.0963733607379,0.0483395210692,0.0964146117086,0.0460860078342
2015-06-24,0.303411082688,0.16222370255,0.0522095688629,0.19402802603,0.0970121809923,0.0486027888133,0.0965095919317,0.0460030581326
2015-06-25,0.303170605645,0.162550308087,0.0521411451757,0.194250495982,0.0969898131172,0.0486602175989,0.096598303061,0.0456391113333
2015-06-26,0.303538002917,0.16263134875,0.0517327051663,0.194056691285,0.0966615497787,0.0485108074164,0.0968370440482,0.0460318506375
2015-06-29,0.300186929371,0.159345245946,0.0511045864234,0.197184456814,0.098777026076,0.0493634381259,0.0982624737779,0.0457758434656
2015-06-30,0.300829203624,0.15911183785,0.0517910842825,0.197066726334,0.0985095186776,0.0492733824349,0.0976586594582,0.0457595873389
2015-07-01,0.302430966902,0.159727679533,0.0516528256964,0.196044580636,0.0977330430694,0.0489620133199,0.0970599190268,0.0463889718171
2015-07-02,0.301815428087,0.159948387561,0.0518347425073,0.196096217497,0.097969839015,0.0491217971815,0.0967606481108,0.0464529400401
2015-07-06,0.301993023811,0.157209896763,0.0505695088854,0.197479373958,0.0990022835128,0.0494844181933,0.0973545687247,0.0469069261521
2015-07-07,0.303470390695,0.156951641489,0.0497278715677,0.19747709282,0.0991274790601,0.0495781602141,0.0960916227598,0.0475757413936
2015-07-08,0.301302092882,0.154646347989,0.0483632416198,0.199887425683,0.100496359777,0.050125900302,0.0973220869218,0.0478565448247
2015-07-09,0.301158068012,0.15679557533,0.0492339672506,0.198700810177,0.0995677394554,0.0496886344799,0.0973359166891,0.0475192886065
2015-07-10,0.302323837642,0.160166525484,0.0501868316299,0.196156930184,0.0980262763323,0.0490283017543,0.0966102815657,0.0475010154079
2015-07-13,0.304672290961,0.160326641043,0.0503393306503,0.195234027206,0.0974479440863,0.048699349639,0.0958660232352,0.04741439318
2015-07-14,0.305030944259,0.160935255515,0.0503064127055,0.194943235454,0.0974483582421,0.048624464912,0.0953490457119,0.0473622832013
2015-07-15,0.305156561554,0.160418479837,0.049728391035,0.195610386197,0.0978935492366,0.0487958453484,0.0949202734961,0.0474765132958
2015-07-16,0.306192031353,0.161028003673,0.0500875615982,0.194872892359,0.0974067260119,0.048632390977,0.09414108803,0.0476393059973
2015-07-17,0.30678972034,0.160967745552,0.0501303203346,0.195105819745,0.0975234580779,0.0486686929426,0.0932918631174,0.0475223798902
2015-07-20,0.307854208179,0.16180059201,0.0499643608335,0.195339762806,0.0976156633965,0.0486815597922,0.09102662208,0.0477172309035
2015-07-21,0.307052930844,0.161581651979,0.0500445604161,0.195928399818,0.0980181608353,0.0488609153561,0.090865298642,0.0476480821089
2015-07-22,0.307307893846,0.160649199534,0.0495081540826,0.196533955831,0.0983975030431,0.0490112700198,0.0906114077658,0.0479806158777
2015-07-23,0.306381629808,0.160551443402,0.0492213867859,0.19761230624,0.0990593512125,0.0492235669267,0.0904423642013,0.047507951423
2015-07-24,0.304579350437,0.159550793141,0.0487338141505,0.198472238941,0.0996028730504,0.0493939714177,0.0917408909737,0.0479260678887
2015-07-27,0.303878327097,0.159106251877,0.0478105893507,0.199429742126,0.100285784589,0.0496703767626,0.0916371244396,0.0481818037581
2015-07-28,0.305856733921,0.160164872713,0.0479939071269,0.198092841041,0.0994320464283,0.0492683824817,0.091253554279,0.047937662009
2015-07-29,0.306965203745,0.160207052618,0.048280657095,0.197289590394,0.0989701818958,0.0491047596449,0.0910884783178,0.0480940762891
2015-07-30,0.307384464368,0.160307710352,0.0480318087851,0.197530393757,0.0991943544222,0.0492303794183,0.090410920173,0.0479099687247
2015-07-31,0.305938007504,0.160554119134,0.0482816383688,0.197676082124,0.0994570389508,0.0492656357996,0.0906927022404,0.0481347758783
2015-08-03,0.305596698763,0.160437783248,0.0475954053511,0.198328567715,0.0999860844225,0.0493333622512,0.0901790909326,0.0485430073155
2015-08-04,0.305558645002,0.160892305021,0.0478344908987,0.198110956486,0.0996525677709,0.0491471668259,0.0905266846357,0.0482771833591
2015-08-05,0.306458640876,0.161677348151,0.0478683909055,0.197678787091,0.0992326959984,0.0489763755197,0.0901654393369,0.0479423221217
2015-08-06,0.304691113873,0.16134897303,0.0476428798602,0.198397738087,0.0998232195972,0.0491838834598,0.0907854697042,0.0481267223879
2015-08-07,0.303958631359,0.16111021733,0.0475691019546,0.198647008524,0.100170097706,0.0492963786039,0.0909674634707,0.0482811010523
2015-08-10,0.305756437956,0.162000449578,0.0480607101652,0.197082729147,0.0990975041344,0.0489010549259,0.0912909193298,0.0478101947637
2015-08-11,0.304230953554,0.160097653841,0.0472199422763,0.198538180408,0.100158006294,0.0493018995546,0.0921307271897,0.0483226368822
2015-08-12,0.304669591289,0.159095531049,0.0464981703318,0.198459465036,0.10014483472,0.0491998094858,0.0934453531195,0.0484872449687
2015-08-13,0.304911347273,0.159380067187,0.0465043908472,0.198446195949,0.100085749086,0.0491682967925,0.0928626188266,0.0486413340374
2015-08-14,0.305551905283,0.159415709862,0.0465720973525,0.198050575753,0.0998286670399,0.0490401103849,0.0927112994102,0.0488296349146
2015-08-17,0.306623892812,0.158766302407,0.0459835569709,0.19798558313,0.0998004141249,0.048934358156,0.0927621093595,0.0491437830393
2015-08-18,0.306711299992,0.158029563778,0.0455984479131,0.198253706629,0.0999590953402,0.0489718247088,0.0930407475358,0.049435314102
2015-08-19,0.304888892168,0.157056240993,0.0450669996651,0.199265456573,0.100769429022,0.0492361099899,0.0944782222911,0.0492386492989
2015-08-20,0.301205368229,0.154574986692,0.0447807509909,0.201368703165,0.101950820886,0.049816360085,0.0969871005976,0.0493159093544
2015-08-21,0.296264713362,0.152810608958,0.0439591883886,0.204567168564,0.103805462823,0.0505380384062,0.0989715196286,0.04908329987
2015-08-24,0.290379167524,0.151099111883,0.0427614506424,0.209240608591,0.106393402015,0.0515316420049,0.100722819976,0.0478717973635
2015-08-25,0.288428892504,0.153394017414,0.0435675204962,0.2098118932,0.106352090493,0.0516699287829,0.0999828254055,0.0467928317042
2015-08-26,0.295217389006,0.155117675594,0.0444313033457,0.205846214249,0.104185163302,0.0506245355852,0.0972070058391,0.0473707130788
2015-08-27,0.298762065043,0.15520835199,0.0456470972151,0.203569322281,0.102833207238,0.0502393727052,0.0960531332771,0.0476874502513
2015-08-28,0.29886280901,0.154841069756,0.0449971357182,0.203440993045,0.102882055598,0.0503981672587,0.0969457878188,0.0476319817951
2015-08-31,0.297940206436,0.154461498725,0.0451321181645,0.204314840871,0.103225130197,0.0506064347791,0.0975412514108,0.0467785194167
2015-09-01,0.29353232866,0.151730452022,0.0440410652274,0.20809978903,0.105297693155,0.0512984122834,0.0994006721475,0.0465995874742
2015-09-02,0.296781018704,0.15288757463,0.044357319205,0.206218504568,0.104195896993,0.0507396258679,0.0981048509231,0.0467152091092
2015-09-03,0.296814515055,0.15300364263,0.044527964443,0.206396894144,0.104387476423,0.0507136113369,0.0973415952323,0.0468143007367
2015-09-04,0.295170745701,0.151043845784,0.0435535493729,0.208848047055,0.105731080404,0.0512911325975,0.0979713006366,0.0463902984494
2015-09-08,0.298767027183,0.153457832371,0.0444465372616,0.20571981644,0.103936979005,0.0504149818029,0.0967609249043,0.0464959010323
2015-09-09,0.296665003763,0.153857829683,0.0444811068544,0.207116951635,0.104643865209,0.0508536645926,0.0961233991749,0.0462581790883
2015-09-10,0.297438626568,0.154425045103,0.0446848833605,0.206305772933,0.104113754663,0.0507240346386,0.0960782353127,0.0462296474215
2015-09-11,0.297947160226,0.153947659548,0.0447294719007,0.205969065477,0.104093414959,0.0507225502365,0.0956089867001,0.0469816909533
2015-09-14,0.29746343056,0.15314502946,0.04482317478,0.206457377482,0.104409339127,0.0507326471038,0.0958634237856,0.0471055777019
2015-09-15,0.300164924571,0.153749490344,0.045130809524,0.204836440565,0.103237661088,0.0502191641182,0.0952520543295,0.0474094554612
2015-09-16,0.300538125122,0.154802924305,0.045839879323,0.203160359141,0.102448780334,0.0498359594822,0.0958099211159,0.0475640511778
2015-09-17,0.298833106623,0.154353613325,0.0456825046591,0.203731488822,0.102946180982,0.0500531663712,0.0964597425003,0.0479401967188
2015-09-18,0.296397272124,0.15191044221,0.0449381082418,0.205597288181,0.104289876495,0.0506292342939,0.0979806418214,0.048257136632
2015-09-21,0.297934987895,0.151913557114,0.045043678272,0.20505593073,0.103698445839,0.0503116027174,0.0973725581166,0.0486692393162
2015-09-22,0.296575731513,0.149615967113,0.0445440336103,0.207297917883,0.105102860335,0.0508645909556,0.0975333502537,0.0484655483362
2015-09-23,0.296543201742,0.149127791678,0.0439367411583,0.207436058899,0.105141652255,0.05090369986,0.0980684904604,0.0488423639471
2015-09-24,0.295360713187,0.148570196763,0.0438411213372,0.207624673165,0.105259620991,0.0508892870775,0.100088168926,0.048366218553
2015-09-25,0.295318633533,0.14995732933,0.0437659113211,0.207288009755,0.104996838183,0.0506240527687,0.0994838249964,0.0485654001137
2015-09-28,0.29146148982,0.148873671032,0.0433168363567,0.210347032098,0.106899865005,0.0512629800947,0.0994371941193,0.0484009314755
2015-09-29,0.291289134172,0.148401327198,0.0436178988504,0.210426421451,0.10714180346,0.0513468244109,0.0989172608334,0.0488593296234
2015-09-30,0.294015439394,0.150035489341,0.0443867250589,0.208581628377,0.106183303756,0.0509793815673,0.0969975997377,0.0488204327676
2015-10-01,0.294227328547,0.150173085015,0.0444504093356,0.208350615004,0.106065961653,0.051068288579,0.0966971436574,0.048967168209
2015-10-02,0.295117791383,0.150860606457,0.045079868248,0.206526055125,0.10532690055,0.0507598608248,0.0975858012355,0.0487431161773
2015-10-05,0.29789716754,0.15262540129,0.0456012004854,0.20406126427,0.103881356352,0.0501887941417,0.0965872866992,0.0491575292214
2015-10-06,0.296656888571,0.15267703485,0.0454494334292,0.204413826608,0.104016522335,0.0502958202851,0.0974830221123,0.0490074518087
2015-10-07,0.297489121777,0.153662604364,0.0463283694954,0.203173515607,0.103202073787,0.0500182083551,0.096821118916,0.0493049876982
2015-10-08,0.29900528501,0.154328033895,0.0467455479714,0.202105087958,0.102532771026,0.0498055291782,0.0959516691032,0.0495260758573
2015-10-09,0.298661314531,0.154384256655,0.0467158343127,0.201586385091,0.102410913293,0.0495804731194,0.0973024558307,0.0493583671678
2015-10-12,0.298518567402,0.153880508078,0.0463904621011,0.20181568979,0.102608188453,0.0495990318282,0.0975498618068,0.0496376905417
2015-10-13,0.297935491121,0.152716904854,0.0457609797286,0.202717279862,0.103152811197,0.0497892809124,0.098460892488,0.0494663598377
2015-10-14,0.295913368706,0.152655556963,0.0460198464886,0.20306806208,0.103509120166,0.0498590522996,0.0999767091559,0.0489982841409
2015-10-15,0.298103467448,0.154248861447,0.0467026450184,0.201202583699,0.102348076661,0.049375560173,0.0987403458587,0.0492784596941
2015-10-16,0.299257676755,0.154064505591,0.0468128649639,0.200866248999,0.102194199439,0.0492097706371,0.097977256065,0.0496174775504
2015-10-19,0.299590666755,0.153513407493,0.0463653868358,0.201192256556,0.102210357833,0.0491562409524,0.0976284349791,0.0503432485962
2015-10-20,0.299573725834,0.153175053254,0.0463189591574,0.201035134743,0.10198470233,0.0491587993609,0.0983674296318,0.0503861956885
2015-10-21,0.298566556771,0.153491254909,0.0457789131088,0.202087962198,0.102627973437,0.0493304529745,0.0977735599807,0.0503433266214
2015-10-22,0.301026574526,0.153995788863,0.046376605246,0.200404586057,0.101858157556,0.0490779923991,0.0969067851397,0.0503535102121
2015-10-23,0.303303780857,0.154881995044,0.0465274695055,0.199386086994,0.100943028155,0.0488428446565,0.0964168661246,0.0496979286628
2015-10-26,0.303032016117,0.154562092603,0.0460755583785,0.199789175636,0.101364466364,0.0489061301834,0.0965071795315,0.0497633811877
2015-10-27,0.30290705134,0.153429776837,0.0457227150228,0.200384940093,0.10177317062,0.0490906900262,0.0968710103147,0.0498206457467
2015-10-28,0.305839491837,0.154016208331,0.0451470917993,0.199449040286,0.101076051818,0.0487623008772,0.0959294394709,0.0497803755798
2015-10-29,0.307012421431,0.153566264893,0.0448449880286,0.199470217818,0.100898560817,0.0488449426544,0.0954307210175,0.0499318833404
2015-10-30,0.306134321025,0.153668615864,0.0448459150171,0.200291219165,0.101244041197,0.0490664223571,0.0952038058945,0.0495456594796
2015-11-02,0.308002097909,0.154284682012,0.0454367090236,0.198765154624,0.100381537887,0.0487666298572,0.0940497698518,0.0503134188361
2015-11-03,0.309252607365,0.154463247992,0.0460531057058,0.198630045712,0.100233612497,0.0487393955174,0.0927625927559,0.0498653924553
2015-11-04,0.30938739054,0.153991824477,0.0459561869172,0.199321171967,0.10047829779,0.0488427254713,0.0922065346641,0.049815868173
2015-11-05,0.309340718194,0.15392045312,0.0460595230784,0.19939871154,0.100497243116,0.048729421608,0.0919973718408,0.0500565575021
2015-11-06,0.311088911648,0.154139883042,0.0458260848195,0.199671262963,0.100431852287,0.0488258413288,0.0912163059959,0.0487998579153
2015-11-09,0.310200669996,0.153511390082,0.0450439026241,0.200846638856,0.1009157005,0.0491271081326,0.0920771900612,0.0482773997487
2015-11-10,0.31046256906,0.153246616926,0.0448610319451,0.200924387413,0.10096000365,0.0490375320124,0.0917491023332,0.0487587566594
2015-11-11,0.309550554793,0.154135513289,0.0449579227566,0.20086506627,0.101012843686,0.0490820228024,0.0915321450214,0.0488639313818
2015-11-12,0.30728876514,0.153323214971,0.0447891222798,0.202407222473,0.101752317456,0.0494131855952,0.0921674714469,0.0488587006381
2015-11-13,0.305427035604,0.152925052549,0.044430030546,0.203859977673,0.102672514047,0.0497395246232,0.0923906729932,0.0485551919649
2015-11-16,0.307489388581,0.153456822774,0.0450144309091,0.20232976833,0.10195218936,0.0492983149615,0.0917539410998,0.0487051439852
2015-11-17,0.307595356912,0.153827109738,0.0450104289165,0.202696329038,0.102032898646,0.0494412168,0.0906391760289,0.0487574839206
2015-11-18,0.3102740064,0.154211655318,0.0450442161862,0.201120173495,0.101266127184,0.0491643130875,0.0900797395566,0.0488397687722
2015-11-19,0.309228226147,0.154638085582,0.0452681578007,0.200707644191,0.101231421629,0.0492145886062,0.0908448369721,0.0488670390721
2015-11-20,0.309993240115,0.154132712952,0.045603844824,0.200344483102,0.100979971554,0.0491972086309,0.0903271024874,0.0494214363354
2015-11-23,0.310270790836,0.153511323196,0.045320816815,0.200809452292,0.101320097243,0.0493557508214,0.0897830341383,0.0496287346581
2015-11-24,0.310250710442,0.153499339089,0.0453738659157,0.200712459318,0.101273353982,0.0493399556744,0.0902533481758,0.049296967403
2015-11-25,0.310283346522,0.153781585523,0.0450352427543,0.200854696117,0.101355784948,0.0493254734697,0.0898548308209,0.049509039845
2015-11-27,0.311019756605,0.153929264535,0.0441042718113,0.201045432582,0.101585035238,0.0494126904415,0.0889024902084,0.0500010585785
2015-11-30,0.310076102406,0.153898079234,0.0442187048232,0.201344993798,0.101737251673,0.0494457999858,0.0895911775317,0.0496878905493
2015-12-01,0.310757259785,0.154438719996,0.0441551810206,0.200581764425,0.101534873208,0.0492679782104,0.0892540649117,0.050010158444
2015-12-02,0.310169128327,0.1541032398,0.0440838753439,0.202024626944,0.102099984441,0.0495120127526,0.0886044933175,0.0494026390733
2015-12-03,0.308264948007,0.154591814419,0.0443043538624,0.202137066324,0.101831913202,0.0495961760002,0.0902602027165,0.0490135254691
2015-12-04,0.310737403187,0.153948834919,0.0439738632891,0.200508700331,0.10105764982,0.0491622465104,0.0912256581585,0.0493856437845
2015-12-07,0.310245791009,0.153375618052,0.0435470117864,0.201709461869,0.101839091883,0.049365764493,0.0904472094628,0.0494700514446
2015-12-08,0.309610857041,0.15175747667,0.0432287027916,0.202733413996,0.102376097081,0.0496115047946,0.0910232343987,0.0496587132262
2015-12-09,0.30826433202,0.151952612841,0.0430631469142,0.203434317728,0.102884797695,0.0496883404931,0.0911602976842,0.0495521546253
2015-12-10,0.309208824873,0.151984511348,0.0426505461997,0.203494553721,0.102711694674,0.0496039860941,0.091124184731,0.0492216983587
2015-12-11,0.305667315474,0.150471425548,0.0417775137534,0.205650580219,0.104371567574,0.0501687276899,0.0923625277694,0.0495303419721
2015-12-14,0.30736018767,0.150876590479,0.0424863650844,0.204784458469,0.103650714337,0.0498335374696,0.0912241656353,0.049783980856
2015-12-15,0.309207897646,0.150786070367,0.0429174566729,0.203894194778,0.102928072089,0.0495851312644,0.0905782518239,0.0501029253586
2015-12-16,0.310745199504,0.152383464195,0.0432271222728,0.201598329427,0.101678589776,0.0489694900925,0.0908028963982,0.0505949083351
2015-12-17,0.308553217587,0.151872847525,0.0432044929112,0.203556084861,0.102950757423,0.0495483478702,0.0895526216677,0.0507616301548
2015-12-18,0.304767002573,0.151109231078,0.0432232444748,0.205140362181,0.103902799384,0.0499645084078,0.0914380876858,0.050454764216
2015-12-21,0.305829594559,0.15135683166,0.0433223897565,0.203983103718,0.103460661276,0.0496379334081,0.0919961723226,0.050413313299
2015-12-22,0.307546366081,0.151957541005,0.0435037791739,0.203133299487,0.102815354958,0.0494000340428,0.0912007048763,0.0504429203759
2015-12-23,0.309199560048,0.15337684036,0.0438449175431,0.201689815364,0.101872793897,0.0491028652086,0.0903045910588,0.0506086165213
2015-12-24,0.308698852063,0.152969705071,0.0437151846257,0.201793177329,0.102062787483,0.0491895216187,0.0909605846455,0.0506101871628
2015-12-28,0.308535462982,0.15278496466,0.0435688813348,0.202148292606,0.102261736049,0.0492895761599,0.0904309461574,0.050980140051
2015-12-29,0.310548007213,0.153760340459,0.0433638733154,0.200815258349,0.101303794427,0.0488994277442,0.0899980527561,0.0513112457368
2015-12-30,0.309758688759,0.153514858405,0.0429581203013,0.201697331829,0.101806277159,0.0491772481144,0.0897201136127,0.0513673618202
2015-12-31,0.308107467569,0.152290251296,0.0431740779472,0.20319472522,0.102403150953,0.0494905545922,0.0901791296432,0.0511606427789
2016-01-04,0.305820446126,0.151006667088,0.0422254809492,0.204470165543,0.1035233463,0.0500149638341,0.0920582268767,0.050880703283
2016-01-05,0.305812094834,0.150581015755,0.0422459089817,0.204214028563,0.103316593928,0.0498974393941,0.0921593400318,0.0517735785136
2016-01-06,0.303355429474,0.148516069987,0.041682338859,0.205940075343,0.104422523866,0.0502883768069,0.0939239296806,0.0518712559828
2016-01-07,0.29935431604,0.147323410928,0.0407828927176,0.208200208442,0.10580588591,0.0508034975701,0.0963062040689,0.0514235843237
2016-01-08,0.297800054924,0.146353958815,0.0406554911311,0.209881544774,0.1066935852,0.0511423078671,0.0964405211242,0.0510325361643
2016-01-11,0.298398210138,0.147142370729,0.0405205301139,0.209495591115,0.106463256467,0.0509253874645,0.095679997484,0.0513746564892
2016-01-12,0.299784145222,0.14723726328,0.0405316124261,0.209246544909,0.106578485771,0.0508910600332,0.0948725057379,0.0508583826201
2016-01-13,0.295082704074,0.146405290384,0.040452404363,0.211719657419,0.108011608599,0.0514815656017,0.0962419950972,0.0506047744613
2016-01-14,0.298419564567,0.147376196644,0.0407651261838,0.210578102169,0.107249217379,0.0511764081105,0.0942037721408,0.0502316128065
2016-01-15,0.295518732922,0.143963480518,0.0395228950083,0.213360213346,0.109041431912,0.0517906731804,0.0963154167489,0.0504871563649
2016-01-19,0.295332734022,0.144931461558,0.0399941494635,0.212727510971,0.108686874699,0.0516377235141,0.0960345132537,0.050655032519
2016-01-20,0.293685458027,0.142651280932,0.0394445691955,0.214464343808,0.110021707584,0.0520446444633,0.0980317856718,0.0496562103171
2016-01-21,0.294615435927,0.143388382618,0.0394179399525,0.213650138709,0.109481752357,0.0517300732802,0.097905667915,0.0498106092422
2016-01-22,0.2969593148,0.145729996805,0.0402532718507,0.211176083995,0.107894340366,0.0511678863005,0.0962515711473,0.0505675347363
2016-01-25,0.294306234253,0.144535771693,0.0398347536326,0.212384452292,0.108933990402,0.0515874551427,0.0978520393028,0.0505653032815
2016-01-26,0.295404016476,0.145722162121,0.040014883649,0.210578093389,0.107948398827,0.0512128150678,0.0980003241282,0.0511193063414
2016-01-27,0.293594176465,0.145480740019,0.0399483455817,0.211629675223,0.108547607039,0.0515895290587,0.0988387133466,0.0503712132675
2016-01-28,0.29462006143,0.145788301374,0.0405196867587,0.211443029377,0.108502400905,0.0516084960529,0.0976164056494,0.0499016184535
2016-01-29,0.297651657925,0.146271164211,0.0413714726426,0.209147356332,0.10758213722,0.0511052094604,0.0966444552802,0.0502265469287
2016-02-01,0.297643095824,0.146024514388,0.040969108372,0.208963806978,0.107369994088,0.0510304227731,0.0976709511678,0.0503281064097
2016-02-02,0.294858111065,0.143994089345,0.0400982853102,0.211446032378,0.109084699788,0.0516381293122,0.0985692937889,0.050311359012
2016-02-03,0.295022668011,0.144485609563,0.0409456417863,0.210284157721,0.108376244187,0.0514235328407,0.099088726895,0.0503734189957
2016-02-04,0.294676925242,0.144385639642,0.0411156802642,0.209919779987,0.108336714097,0.0512920272418,0.100011531762,0.0502617017645
2016-02-05,0.291324552268,0.143345930963,0.0410041280215,0.211368610146,0.109323706768,0.0515497974477,0.102389208986,0.0496940653999
2016-02-08,0.288981998545,0.141524505004,0.040657725377,0.213346450918,0.11074555709,0.0518702379473,0.104335787183,0.0485377379364
2016-02-09,0.289948406574,0.140445363098,0.0402725533972,0.214029037312,0.111130082874,0.0519242094393,0.104449179078,0.0478011682266
2016-02-10,0.28918842158,0.139898284086,0.0403243568921,0.214177956999,0.111265551195,0.0520238754825,0.105073159165,0.0480483946006
2016-02-11,0.285947115324,0.138308181328,0.0398106245222,0.214704995239,0.111980911215,0.052300837729,0.109495186641,0.0474521480013
2016-02-12,0.289812380313,0.13951946982,0.0401846950539,0.212630389121,0.1103537536,0.0517423085479,0.108094271716,0.0476627318288
2016-02-16,0.293220722772,0.141488398975,0.0409270245453,0.211039989214,0.109470716745,0.0512696906072,0.104288122855,0.0482953342862
2016-02-17,0.295419383191,0.142780141964,0.0414139132694,0.209090299745,0.10825315027,0.0507370358591,0.104020944351,0.0482851313497
2016-02-18,0.293560514225,0.141794298,0.0411223874404,0.209258429009,0.10851529722,0.0507666087904,0.106317163882,0.0486653014327
2016-02-19,0.293670582211,0.141662012687,0.0409834110687,0.209472891629,0.108606805668,0.0508505348544,0.10576814473,0.0489856171524
2016-02-22,0.296249266974,0.142577641517,0.04176275629,0.208353446766,0.107889314106,0.050687546397,0.103304605258,0.0491754226914
2016-02-23,0.294036293446,0.140931137146,0.0410729973026,0.209480255575,0.108669220264,0.051107570147,0.105399967576,0.0493025585427
2016-02-24,0.294966213209,0.140313909225,0.0410152179239,0.209261902007,0.108516349998,0.0511496732616,0.105601876304,0.0491748580719
2016-02-25,0.296267942898,0.140909787954,0.0407693913792,0.208199206295,0.108012230677,0.0509686874552,0.105074835585,0.049797917758
2016-02-26,0.296639793021,0.140911355265,0.0405561795893,0.208562069069,0.107869620975,0.0510187069653,0.104725070208,0.0497172049083
2016-02-29,0.294587427338,0.140416181321,0.0408465059528,0.209003133891,0.108146081082,0.0512389289452,0.106192088991,0.04956965248
2016-03-01,0.298216373255,0.142475054756,0.0418724350577,0.206099447127,0.106127900365,0.0505394443551,0.104261039965,0.0504083051183
2016-03-02,0.298409227961,0.142917216727,0.0423538264747,0.20508543142,0.105538216927,0.0504534351798,0.104664409167,0.0505782361428
2016-03-03,0.29788151153,0.143621458454,0.0425696586243,0.204165787256,0.105065030447,0.0502699272515,0.10586906991,0.0505575565277
2016-03-04,0.298247203386,0.144433946108,0.043419400736,0.203437197017,0.104498515804,0.0500129518699,0.105489002964,0.0504617821142
2016-03-07,0.298420784271,0.144280273651,0.0433190722454,0.203337583748,0.104265332372,0.0498022469476,0.105991184875,0.0505835218908
2016-03-08,0.296740025802,0.14345059744,0.0427929295471,0.204928926288,0.105428937182,0.0502604340606,0.106065018304,0.0503331313762
2016-03-09,0.297843435139,0.143891179621,0.043014903942,0.204586420082,0.10488737616,0.0501681134757,0.105057553016,0.0505510185641
2016-03-10,0.297767050743,0.143616054397,0.0428651401607,0.204463326923,0.104401874543,0.049941302322,0.106631451645,0.0503137992653
2016-03-11,0.300148449318,0.146162343296,0.0434526132342,0.202455441913,0.103270316341,0.0495235525321,0.103957743305,0.0510295400601
2016-03-14,0.300412542805,0.146153112219,0.0433005103159,0.203005016681,0.10357018479,0.0495731856287,0.102839163881,0.0511462836796
2016-03-15,0.300796080715,0.145089992934,0.0426937592243,0.203409976721,0.103852571264,0.0496197963547,0.103217335624,0.0513204871621
2016-03-16,0.29983089761,0.145295999238,0.0432019856353,0.202456914497,0.103464541165,0.0496998701642,0.104574818461,0.0514749732283
2016-03-17,0.300203316063,0.145893749728,0.0438557069837,0.201852173285,0.103053315083,0.0495573879614,0.103647758001,0.051936592895
2016-03-18,0.301011421286,0.145471623753,0.0440964883188,0.201768170726,0.10310548898,0.0496625887956,0.103235638802,0.0516485793385
2016-03-21,0.301917092213,0.145419396242,0.0443462311668,0.201648259547,0.102976316231,0.0497545295997,0.102674502022,0.0512636729771
2016-03-22,0.301962363007,0.145357471631,0.044184002462,0.201658437757,0.102829789237,0.0496615929442,0.103047411677,0.0512989312861
2016-03-23,0.301748729446,0.144631548048,0.0437610746603,0.203297669541,0.103915039868,0.0500090649598,0.101312770655,0.0513241028217
2016-03-24,0.302086218196,0.143919532426,0.0437647316818,0.203633816226,0.103972618679,0.0499723323136,0.101227395692,0.0514233547851
2016-03-28,0.301585241193,0.144491242733,0.0437825910163,0.203323635994,0.103890882748,0.0499217025857,0.101234266008,0.0517704377223
2016-03-29,0.301433335409,0.144787257508,0.0437815522021,0.201961710147,0.10358314898,0.0499587213119,0.10211314527,0.0523811291727
2016-03-30,0.302393767252,0.145700722785,0.0442273811914,0.201646973624,0.103318235136,0.0499294395779,0.100565335903,0.0522181445298
2016-03-31,0.301726929435,0.144444894981,0.0441861057832,0.202330834708,0.103717206109,0.0499928597281,0.101051581081,0.0525495881741
2016-04-01,0.303866174015,0.142874006547,0.0443261340428,0.20220744501,0.103715755929,0.0500459386587,0.100469436623,0.052495109174
2016-04-04,0.303570641366,0.142875856601,0.0438247636116,0.202868745496,0.104074109379,0.0502208835374,0.100026044357,0.0525389556517
2016-04-05,0.301993697635,0.140890894468,0.0432131027906,0.204127313962,0.104995335266,0.0505167693095,0.101817008124,0.0524458784462
2016-04-06,0.303703569365,0.142417194505,0.0435389393569,0.203028605363,0.104222650986,0.0501228139932,0.100667506204,0.052298720228
2016-04-07,0.301364418373,0.141005923167,0.0428137180336,0.20434675279,0.105212510013,0.0505146968055,0.102545765365,0.0521962154526
2016-04-08,0.301002294908,0.143121552676,0.0433902901607,0.203350510656,0.104643024952,0.0502177682236,0.101992054835,0.0522825035883
2016-04-11,0.299916961293,0.143061914574,0.0439112977536,0.203240505763,0.104492187132,0.0500277698541,0.103239563921,0.0521097997095
2016-04-12,0.301177694742,0.144503468233,0.044363708252,0.201883663832,0.103550544373,0.0495659800363,0.102734080606,0.0522208599268
2016-04-13,0.302694686311,0.14605358562,0.0449645865427,0.200962206999,0.103106054231,0.0493607207482,0.10112912638,0.0517290331689
2016-04-14,0.303454856957,0.146573380006,0.0448467840539,0.201111781303,0.103116771625,0.0493653057865,0.0999613034872,0.0515698167802
2016-04-15,0.302778536436,0.146009042617,0.0445300353244,0.201448598258,0.103309197775,0.0494872706656,0.100539543765,0.0518977751595
2016-04-18,0.303823246187,0.146804387647,0.0445235228194,0.200714995611,0.102839874517,0.0493028866153,0.100029548533,0.0519615380697
2016-04-19,0.303060863054,0.148509468949,0.0449507656622,0.199563880491,0.102092618831,0.0491103146695,0.10101923412,0.0516928542228
2016-04-20,0.304128747856,0.148930588757,0.0447764446017,0.199589457595,0.101835046869,0.0490300597313,0.100762036049,0.0509476185407
2016-04-21,0.303715691277,0.148655857184,0.0444641009078,0.200124629886,0.102078924562,0.0491678179322,0.10155199893,0.0502409793206
2016-04-22,0.304069285064,0.148709180172,0.0443512116549,0.200375695775,0.102085794267,0.0491947880685,0.100367638184,0.0508464068146
2016-04-25,0.303907295609,0.148247249568,0.0440490534831,0.200396659792,0.102095358877,0.0491971711232,0.100777065843,0.0513301457047
2016-04-26,0.303811043838,0.148538670777,0.04448870185,0.199945353627,0.101697118728,0.049087000974,0.100995574157,0.0514365360487
2016-04-27,0.303572938226,0.148355984793,0.0446275683294,0.199974644376,0.101966581057,0.0492450075605,0.100997604747,0.0512596709114
2016-04-28,0.301512878146,0.146785742479,0.0442752699328,0.200835032675,0.102556356843,0.0496178048756,0.103144349266,0.0512725657839
2016-04-29,0.300106026559,0.14641529952,0.0442192984059,0.200964960488,0.10259466152,0.0496327871779,0.105228776883,0.0508381894464
2016-05-02,0.301481484407,0.147158860716,0.0439581170027,0.200158308535,0.10195517566,0.0493034555703,0.104529741177,0.051454856932
2016-05-03,0.300504705239,0.145491635981,0.042969755684,0.201625260764,0.103125468933,0.0495968221621,0.104866987556,0.0518193636799
2016-05-04,0.299910520021,0.144253447514,0.0425141927289,0.202446774951,0.103686782859,0.0498329120735,0.104604784831,0.0527505850214
2016-05-05,0.299610784381,0.144017127978,0.0424799882511,0.202794738754,0.103884994117,0.0499534756489,0.10440089075,0.0528580001196
2016-05-06,0.300010868569,0.144003553004,0.0424831586059,0.202015725929,0.103400949978,0.0496645480441,0.105106288357,0.0533149075128
2016-05-09,0.30089003438,0.143825484486,0.0419237936917,0.202568157483,0.103815451403,0.0497993436914,0.103163961412,0.0540137734532
2016-05-10,0.302452118387,0.144905314358,0.042457387014,0.201209668496,0.10305420347,0.0495939722493,0.102706150699,0.053621185327
2016-05-11,0.300831823773,0.144451444368,0.0425019240967,0.202021591893,0.103629082965,0.0497854290372,0.104092301093,0.0526864027738
2016-05-12,0.301256262702,0.144493348499,0.0424733507824,0.202065875692,0.103464211667,0.0498065739132,0.103389712972,0.0530506637716
2016-05-13,0.299858658462,0.143480970938,0.0418831925259,0.20328027928,0.104284487834,0.0501330812809,0.104285965841,0.0527933638379
2016-05-16,0.301308238934,0.144524206046,0.0421564778686,0.201921971632,0.103390661782,0.0498270505399,0.103843137204,0.0530282559925
2016-05-17,0.299945450791,0.144382936388,0.0421827724151,0.202628500972,0.10375167436,0.0501038014255,0.10470725209,0.0522976115582
2016-05-18,0.301575009789,0.145003741084,0.0420664642046,0.202824518273,0.103443644284,0.0499240905088,0.103419711935,0.0517428199226
2016-05-19,0.301462088052,0.144481879317,0.0416829680476,0.203582397711,0.1038687275,0.0500569999239,0.103541787456,0.0513231519937
2016-05-20,0.302114693613,0.145216078175,0.0419716217423,0.202870818102,0.103506156636,0.0498242272747,0.102976864735,0.051519539722
2016-05-23,0.30207017735,0.144908445597,0.0419330172721,0.20308101797,0.103698354034,0.0499110960617,0.102809355444,0.0515885362706
2016-05-24,0.304547853791,0.145995191168,0.0422332872241,0.202016969578,0.10304171034,0.0496287206556,0.100551834368,0.0519844328743
2016-05-25,0.305467814127,0.14689046246,0.0425582163929,0.201298549062,0.102609784074,0.049482268068,0.0999027553451,0.0517901504708
2016-05-26,0.305184043058,0.147031733525,0.0427856411321,0.201363170502,0.102803380611,0.0495650301156,0.0994401480348,0.0518268530217
2016-05-27,0.306415599904,0.146793243012,0.0427617003586,0.201273877595,0.102579796665,0.0494870523031,0.09859536496,0.0520933652032
2016-05-31,0.305968377231,0.146338674861,0.0428949131783,0.201490714893,0.102747105101,0.049435403754,0.0990145374745,0.052110273508
2016-06-01,0.306525786128,0.14622552982,0.0428471134038,0.201331954286,0.102689052074,0.0493488223484,0.0988897125891,0.052142029351
2016-06-02,0.306737562916,0.145922404082,0.0430883798911,0.201369034313,0.102766197136,0.0494015975878,0.098427990806,0.0522868332677
2016-06-03,0.303931082541,0.146169875472,0.0434888075166,0.201209128016,0.10307918449,0.0494140630397,0.10053427616,0.0521735827643
2016-06-06,0.304852807723,0.146859718344,0.0437639019794,0.200526822231,0.102599341168,0.0493686790148,0.100362353136,0.0516663764043
2016-06-07,0.304506006549,0.147568481697,0.0440716747206,0.200166470198,0.102470895719,0.0493681757917,0.100007769207,0.0518405261158
2016-06-08,0.304296710936,0.147459383339,0.0442599469017,0.199450657451,0.102187506662,0.0492888892101,0.101089834097,0.0519670714035
2016-06-09,0.304418770733,0.145870306985,0.0438385121394,0.199947170731,0.102525236841,0.0493931546832,0.101831361599,0.0521754862884
2016-06-10,0.303701296108,0.142954577764,0.0430337783165,0.20165581134,0.103624866745,0.0497482285014,0.102977880488,0.0523035607369
2016-06-13,0.302529406023,0.141440262452,0.0426577145709,0.202602190618,0.104232616873,0.0498767331374,0.104142012072,0.0525190642543
2016-06-14,0.302842093652,0.139850274084,0.0426622424979,0.203120237946,0.104517914716,0.0499012458843,0.104565832178,0.052540159043
2016-06-15,0.301465700655,0.140336802114,0.0429217558894,0.202914946482,0.104505411914,0.0499766123451,0.105008528049,0.0528702425519
2016-06-16,0.302313408953,0.140352984702,0.0428126983604,0.203007079344,0.10459943875,0.049868865777,0.103886919425,0.0531586046892
2016-06-17,0.300881588384,0.14153995742,0.0429596794635,0.202655820092,0.10413895598,0.0496933167257,0.105112759538,0.0530179223968
2016-06-20,0.301565105337,0.14424389355,0.0434013989739,0.201256804257,0.10326202052,0.0493459664805,0.104052475712,0.0528723351701
2016-06-21,0.302426694842,0.145369931777,0.0437310030843,0.201116032046,0.103031875353,0.049196769625,0.102052846723,0.0530748465494
2016-06-22,0.302005054976,0.145163661356,0.0438046350482,0.201290305189,0.103260605178,0.049341438762,0.102127755857,0.0530065436338
2016-06-23,0.303625631045,0.147850457119,0.0445531882111,0.199428295883,0.101991819367,0.0489855398267,0.10069360083,0.0528714677179
2016-06-24,0.298171627528,0.138268772071,0.0428122464609,0.204235931997,0.105326449919,0.0502096280224,0.107597739998,0.0533776040031
2016-06-27,0.294589411642,0.136405038385,0.0426190263177,0.206288540098,0.106874715317,0.0506593735693,0.108827863624,0.0537360310474
2016-06-28,0.296773200846,0.138576351272,0.0433836445129,0.204390306956,0.105740809237,0.050303442363,0.106536106262,0.0542961385509
2016-06-29,0.299113567686,0.13981239545,0.0440029383546,0.202409027819,0.104364413552,0.0498213450721,0.106016593533,0.0544597185335
2016-06-30,0.300765119948,0.140399177558,0.04408826535,0.201197684189,0.103757566481,0.0495154109353,0.105693395025,0.0545833805134
2016-07-01,0.300194229703,0.140155293896,0.0442364140139,0.200826297901,0.103616569674,0.0497007660492,0.106886458419,0.0543839703433
2016-07-05,0.29897159124,0.137818838515,0.0435002013302,0.201994063853,0.104512170629,0.0499379303142,0.108107546412,0.0551576577053
2016-07-06,0.299942725844,0.137481693196,0.043381303888,0.201816440821,0.104244847966,0.0499203926788,0.108444921633,0.0547676739725
2016-07-07,0.300454103442,0.137206668755,0.0432947675985,0.202142883388,0.104349532484,0.0499343140686,0.108288224862,0.0543295054009
2016-07-08,0.302062362868,0.137802901298,0.0438412323953,0.200544373713,0.103569103942,0.0495747082123,0.107915504003,0.0546898135687
2016-07-11,0.302721845939,0.139501428104,0.0441410938021,0.199745322122,0.102885108755,0.049268292667,0.106755382801,0.0549815258095
2016-07-12,0.304405366384,0.141223893187,0.0447454127748,0.198807423255,0.102103334156,0.0490210450545,0.104810975957,0.0548825492316
2016-07-13,0.303850978082,0.140869028555,0.0445961960632,0.198755147846,0.102194306334,0.0490435393396,0.105597507015,0.0550932967651
2016-07-14,0.305092653094,0.141869512913,0.0451450396348,0.198283123296,0.10161704381,0.0488447866538,0.104626804255,0.0545210363425
2016-07-15,0.305545294351,0.141566229635,0.0451123580391,0.198120690173,0.101514537636,0.0489283479676,0.104519054096,0.0546934881014
2016-07-18,0.305811658808,0.14162252344,0.0454248081751,0.197797104917,0.101303547728,0.0488061983855,0.104494297211,0.0547398613359
2016-07-19,0.305730296263,0.140594828543,0.0450645098491,0.198351266934,0.10165151597,0.0488470343547,0.104712763834,0.0550477842525
2016-07-20,0.306831563234,0.141532528941,0.04527341014,0.19806435114,0.101386412966,0.0487316378073,0.103156991302,0.0550231044699
2016-07-21,0.305529019906,0.141114439618,0.0451289989372,0.19814735795,0.101565079407,0.0487297141631,0.104679127563,0.0551062624563
2016-07-22,0.3064828499,0.141000909963,0.0453628565794,0.197913543007,0.101345888315,0.0486216812081,0.103756901651,0.0555153693765
2016-07-25,0.306470361158,0.14114447349,0.0451146591161,0.198215293636,0.101536191017,0.0486471317039,0.103310677389,0.0555612124902
2016-07-26,0.30618671411,0.141612811506,0.0453229782238,0.197940403643,0.101458735528,0.0486635547539,0.103603193731,0.0552116085043
2016-07-27,0.305006165327,0.1418399752,0.0452575863367,0.19796631717,0.101608136742,0.0487156113273,0.104977867426,0.0546283404701
2016-07-28,0.305164516989,0.141749964667,0.0452043278894,0.197823040788,0.101597814661,0.0487515927899,0.104608065275,0.0551006769399
2016-07-29,0.304082676565,0.142646496747,0.0452156044633,0.197327741676,0.101460287329,0.0486085555266,0.10514526235,0.055513375343
2016-08-01,0.304445742408,0.142120263243,0.0451359141332,0.197266279863,0.10131271934,0.0484187671018,0.105554193904,0.0557461200068
2016-08-02,0.303705839433,0.141987716943,0.0450709455368,0.197475143231,0.101474180913,0.0483731818322,0.106837806495,0.0550751856166
2016-08-03,0.304543778998,0.141419163833,0.045309181047,0.197654031656,0.10151187541,0.048503877987,0.106311984036,0.054746107033
2016-08-04,0.304218294295,0.141934260949,0.045433195895,0.197601615817,0.101539091833,0.0486016227586,0.106265481378,0.0544064370752
2016-08-05,0.306639585176,0.142408608164,0.0459255393022,0.196891520824,0.100885793962,0.0484737611468,0.104344429197,0.0544307622266
2016-08-08,0.306246727037,0.142776990405,0.0461878379735,0.196879326247,0.100762467722,0.04847398192,0.104182922189,0.0544897465067
2016-08-09,0.305403025365,0.143460184489,0.0463381629825,0.196726877159,0.100784247889,0.0484284767757,0.10425769975,0.0546013255906
2016-08-10,0.304471962111,0.143880498013,0.0462017585931,0.196840888604,0.100995531625,0.0484131296477,0.104686286701,0.0545099447054
2016-08-11,0.305716054067,0.144883799867,0.046712495503,0.196208428029,0.100455394619,0.0482572080012,0.103904201851,0.053862418063
2016-08-12,0.305411255817,0.144478639346,0.0465237229601,0.196654620557,0.100801320096,0.0483760273327,0.103671150254,0.0540832636377
2016-08-15,0.305819480376,0.14487340709,0.0469629508232,0.196002603402,0.100350257634,0.048176585363,0.103868732394,0.053945982918
2016-08-16,0.305054011651,0.144911610463,0.0468442862364,0.196403285533,0.100447421244,0.0482384050229,0.104659119576,0.0534418602734
2016-08-17,0.305225552253,0.144720858975,0.0466120519089,0.196511288387,0.100476548789,0.0483207131684,0.104545760224,0.0535872262954
2016-08-18,0.305105650339,0.145072594991,0.0468661273531,0.196273039395,0.100391162586,0.0482766957804,0.104765719795,0.0532490097604
2016-08-19,0.305859986943,0.144560584959,0.0467702233308,0.196609344113,0.100445545875,0.0483876600469,0.104249844159,0.053116810574
2016-08-22,0.305762946166,0.144637366657,0.0461721397398,0.196853066453,0.100642708489,0.0484746261349,0.104066796691,0.0533903496681
2016-08-23,0.306033704194,0.145093025506,0.0458887111709,0.196683820672,0.100520394797,0.0484867270497,0.10393339206,0.0533602245515
2016-08-24,0.30551512862,0.145165177382,0.0461809258403,0.197289909925,0.100830006921,0.048578171984,0.103131534161,0.0533091451665
2016-08-25,0.305590394859,0.144835117448,0.0462118698849,0.197263998391,0.100762248381,0.0485984883548,0.103138122541,0.0535997601407
2016-08-26,0.306092201709,0.144333839199,0.0460067642943,0.197644119496,0.10072944178,0.0485811913574,0.103354836209,0.0532576059547
2016-08-29,0.306293299173,0.14426396434,0.0461537427692,0.197348008043,0.100715737909,0.0485505027575,0.103120077522,0.0535546674849
2016-08-30,0.306457517897,0.144268744492,0.0461812282366,0.197674501369,0.100927148383,0.04861487923,0.102306574549,0.0535694058433
2016-08-31,0.306232875198,0.144067678812,0.0458369489237,0.198057750259,0.101023284648,0.0487261730009,0.102318134411,0.0537371547476
2016-09-01,0.305597482417,0.144967278077,0.045984797377,0.197810200847,0.100967122869,0.0486640568674,0.102518448591,0.0534906129554
2016-09-02,0.305604768298,0.14579080664,0.0464747983236,0.196664397762,0.100255557986,0.048392377624,0.103103477707,0.0537138156596
2016-09-06,0.304579842218,0.146248482489,0.0469793269027,0.195831868852,0.100082889819,0.0483135673014,0.104180248279,0.0537837741392
2016-09-07,0.304522337352,0.146234178939,0.0469141384698,0.195917037651,0.100126704735,0.0483712294868,0.103813947889,0.0541004254787
2016-09-08,0.304940760735,0.146461500233,0.0469887899474,0.195954275526,0.10000058713,0.0483773644735,0.103642118092,0.0536346038633
2016-09-09,0.302586780964,0.145755859346,0.046260792401,0.198339758702,0.101178781092,0.0488415458906,0.104670249552,0.0523662320525
2016-09-12,0.304909948454,0.145927833294,0.0463374332128,0.197194390277,0.100604089946,0.0485372500973,0.10385076195,0.0526382927692
2016-09-13,0.304102113589,0.144553344333,0.0457186900357,0.198987171836,0.10142531678,0.0488971473156,0.104388963804,0.0519272523069
2016-09-14,0.303669426592,0.144322681128,0.0458341567892,0.199028307275,0.101547809503,0.0489225868779,0.104636142759,0.0520388890759
2016-09-15,0.305270822402,0.144909067246,0.046345505632,0.198222392478,0.101100639839,0.048681276611,0.103478653016,0.0519916427762
2016-09-16,0.305056342926,0.143590583997,0.0461789536219,0.198994324173,0.101531296774,0.0489166996737,0.103550530151,0.0521812686833
2016-09-19,0.304598915852,0.144295368522,0.0464894228761,0.198498732117,0.101186754255,0.0487746924904,0.103590787293,0.0525653265949
2016-09-20,0.304340726427,0.144797092126,0.0464603445591,0.19839209006,0.101251214914,0.0487225931864,0.103597251427,0.0524386873012
2016-09-21,0.30460019525,0.14604016885,0.0470977469836,0.196845237926,0.100372998081,0.0484486915472,0.104028356828,0.052566604534
2016-09-22,0.304782420186,0.146647937508,0.0470402036591,0.196131437228,0.100100152899,0.048412217426,0.103682600549,0.0532030305463
2016-09-23,0.304124770038,0.14573634506,0.0465793949006,0.196733849637,0.10047951524,0.0487080071055,0.104094113522,0.0535440044974
2016-09-26,0.302786201738,0.144990743613,0.0461825865017,0.197714286423,0.101143497048,0.0489107761269,0.104400647074,0.0538712614752
2016-09-27,0.303998639637,0.145375008356,0.0465641388293,0.197526950555,0.101093266713,0.0488456332724,0.103412457523,0.0531839051136
2016-09-28,0.304463478456,0.146160257956,0.0468613999876,0.196904417235,0.100702915125,0.0487372907627,0.102733463439,0.0534367770395
2016-09-29,0.303560304219,0.145258994818,0.0463670745704,0.198112669917,0.101384049518,0.0490279115178,0.103241021601,0.0530479738392
2016-09-30,0.305111921593,0.145882862207,0.0465893398806,0.197423207371,0.100886679563,0.0489094455841,0.102640276532,0.05255626727
2016-10-03,0.30512417052,0.14596673821,0.0470137727144,0.197683063588,0.100898468049,0.0489829840988,0.10262971994,0.0517010828801
2016-10-04,0.306046492369,0.146724520841,0.0469220193966,0.19862087453,0.101256582514,0.0491409188396,0.0998758879829,0.0514127035269
2016-10-05,0.307068378185,0.147353274842,0.0475837189558,0.19813967339,0.100919240853,0.0490072449236,0.0996112047553,0.0503172640953
2016-10-06,0.307793916182,0.146810091571,0.0476630015284,0.198469807801,0.100877386763,0.0491143888956,0.0988519384301,0.0504194688292
2016-10-07,0.307357840416,0.146158284031,0.047596164532,0.198906290715,0.101227485936,0.0492008088963,0.0991177863286,0.0504353391455
2016-10-10,0.308109059247,0.146347321915,0.0477905322591,0.19827028096,0.100684474946,0.0489975840681,0.0991918841787,0.0506088624258
2016-10-11,0.306754065295,0.145421935677,0.0472933363824,0.199618619014,0.101496331625,0.0493676143907,0.0995111481342,0.050536949481
2016-10-12,0.306866068437,0.145085963165,0.0471982099822,0.199501585905,0.101400353144,0.0493038454028,0.0995750454285,0.0510689285356
2016-10-13,0.306006322771,0.144757781725,0.0469306273497,0.199883025007,0.101660065543,0.0494042444479,0.099863652011,0.0514942811455
2016-10-14,0.306496156123,0.145033933459,0.047107718208,0.199758917502,0.101457178529,0.049410702101,0.0994138486406,0.0513215454372
2016-10-17,0.305502014472,0.14482853909,0.0470301226673,0.200145487836,0.101701466301,0.0496446664684,0.099703203906,0.0514444992588
2016-10-18,0.305643377532,0.145535796504,0.0475875575151,0.199313070408,0.101316697298,0.049388352279,0.0997415250879,0.0514736233756
2016-10-19,0.305699421871,0.145687979525,0.0477201129347,0.198926185985,0.101111412076,0.0493339498092,0.100064532749,0.0514564050494
2016-10-20,0.305524202669,0.1458767979,0.0477192845163,0.199112695074,0.101151035573,0.0493213406567,0.0998881180017,0.0514065256093
2016-10-21,0.305663024209,0.145558988609,0.0477311692739,0.19923466868,0.101259365396,0.0493759365767,0.0999612424771,0.0512156047784
2016-10-24,0.306742879869,0.145257294399,0.0479350136299,0.198789181698,0.101049725148,0.0492641026299,0.0996663932613,0.0512954093651
2016-10-25,0.305857412937,0.14520648426,0.0479197013097,0.198881696139,0.101078496155,0.0493635135482,0.100465422912,0.0512272727377
2016-10-26,0.306336631095,0.145013391367,0.0477391222008,0.199200815056,0.101220360488,0.0494891388277,0.10026083524,0.0507397057252
2016-10-27,0.306608109522,0.145370940477,0.0475430932242,0.199408172229,0.101231037715,0.0494513957844,0.100801271783,0.0495859792649
2016-10-28,0.305880729952,0.145376357852,0.047305642836,0.19952480609,0.101308699102,0.0495360021991,0.101335317637,0.0497324443331
2016-10-31,0.305341711419,0.144994290384,0.0475983164061,0.199414671629,0.101208177807,0.049540460786,0.101451522522,0.0504508490461
2016-11-01,0.304195119343,0.145105470444,0.0474113531221,0.200007726414,0.101567701252,0.0497189140042,0.102467747559,0.0495259678616
2016-11-02,0.30323002151,0.144441830564,0.0470014786947,0.200815229532,0.102164376964,0.0498827844156,0.10352307003,0.0489412082879
2016-11-03,0.302412542846,0.14463468714,0.0469758793255,0.200923201807,0.102292403131,0.0498347727873,0.10427235847,0.0486541544937
2016-11-04,0.302293316266,0.143534980376,0.0465129789424,0.201482075906,0.102680745208,0.0499994995456,0.104421763274,0.0490746404828
2016-11-07,0.306357336401,0.144272327762,0.0476852797106,0.199550683647,0.10139164404,0.0495524823617,0.101677214296,0.0495130317811
2016-11-08,0.307420129864,0.144480950255,0.047863004564,0.199022189085,0.100928282336,0.049415981238,0.101148387723,0.0497210749342
2016-11-09,0.311555088526,0.144649352453,0.0467341226756,0.19772997054,0.0996713683871,0.0491866558437,0.101366765222,0.0491066763522
2016-11-10,0.313864065971,0.144878640507,0.0456044216176,0.197885954864,0.0995572480647,0.0493417258927,0.100347073313,0.0485208697687
2016-11-11,0.314826066428,0.144492252212,0.0450071980028,0.198587480541,0.0998879359901,0.0494687391086,0.0986546166487,0.0490757110685
2016-11-14,0.315718708629,0.144143391774,0.0448818786997,0.198192844049,0.0995132050993,0.0491882553399,0.0980209001556,0.0503408162536
2016-11-15,0.316661051216,0.144336569024,0.0455076920196,0.197390360047,0.099037469895,0.0489833369759,0.0984008739855,0.0496826468367
2016-11-16,0.316729238079,0.143313097544,0.0452331195539,0.198240343201,0.0993384217744,0.0491899248693,0.0983126078089,0.0496432471684
2016-11-17,0.318252547877,0.144230147904,0.0452309770229,0.197430489687,0.0988678209054,0.049091540174,0.0977752269877,0.0491212494424
2016-11-18,0.318803441701,0.14351309136,0.0453084238848,0.197577613445,0.098821463188,0.0492129591997,0.0973022204716,0.04946078675
2016-11-21,0.319713172261,0.144088446786,0.0455432759353,0.196819737373,0.0984445224447,0.0491002082022,0.0972101815765,0.049080455421
2016-11-22,0.319472505483,0.144139697952,0.0459160555062,0.196469120714,0.098271417954,0.049010695701,0.0969140859965,0.0498064206939
2016-11-23,0.32097129651,0.144214591156,0.0456596266105,0.196593038158,0.0983245727388,0.049049379498,0.0953870229806,0.0498004723488
2016-11-25,0.32175193042,0.144311229196,0.0458434491283,0.196323385098,0.0981150527206,0.0489045110761,0.0947266776269,0.0500237647338
2016-11-28,0.320036848125,0.143697417044,0.0460435197714,0.196887345502,0.0984989700826,0.0489467782243,0.0956665801668,0.0502225410846
2016-11-29,0.320067544649,0.144232516081,0.0459837245433,0.196740210404,0.0984188394107,0.0489036054515,0.0950447803216,0.0506087791388
2016-11-30,0.320632841246,0.144633651069,0.0462523308855,0.196779938465,0.098167676876,0.049133753939,0.0941608904408,0.050238917079
2016-12-01,0.320783301396,0.144871887536,0.0459190196495,0.196947387043,0.098199960649,0.0491960928655,0.0943749301582,0.049707420704
2016-12-02,0.320110002585,0.144898205013,0.0457485310888,0.1970557896,0.0983844268098,0.0490943254837,0.0946360122724,0.050072707148
2016-12-05,0.320936640284,0.145528764021,0.0458986187878,0.196548266525,0.0980120378168,0.0489964192723,0.093809070011,0.0502701832817
2016-12-06,0.321137606042,0.1461612754,0.0459730698626,0.196014135954,0.0978009831917,0.0489673543151,0.0934791759376,0.0504663992974
2016-12-07,0.322427057505,0.146758263792,0.0462420827414,0.194763313745,0.0972483151087,0.0485720132809,0.0929752268469,0.0510137269795
2016-12-08,0.323060621388,0.146806447315,0.0464338440678,0.194309979882,0.0968329147038,0.0485014899888,0.0927142937884,0.0513404088668
2016-12-09,0.325066219073,0.14726732031,0.0462274758757,0.193749545179,0.0963516400844,0.0482869715767,0.0917573343199,0.0512934935817
2016-12-12,0.324923404186,0.146895303695,0.0458820854314,0.193707294403,0.0964383778019,0.0483126469764,0.0921717245914,0.0516691629146
2016-12-13,0.325743112623,0.14783156238,0.0461573539694,0.193159108515,0.0960957927824,0.0480963630858,0.0914851817189,0.051431524925
2016-12-14,0.32669103193,0.147056817892,0.0453313749199,0.194265281942,0.096369906894,0.0482538352808,0.0911581223616,0.0508736287788
2016-12-15,0.32837919681,0.146970437988,0.0455821048114,0.194232750462,0.0962011226947,0.0480019847279,0.0900040810944,0.0506283214106
2016-12-16,0.327509583158,0.146908523849,0.0452711107283,0.194224851629,0.0962551649886,0.0479427963711,0.0905365867576,0.051351382518
2016-12-19,0.327422032999,0.146430438226,0.0448566435725,0.194257037558,0.0964650302633,0.0480238740357,0.0907670792867,0.05177786406
2016-12-20,0.328432006485,0.146636627864,0.0448984204551,0.193926853233,0.0961871381698,0.04803423744,0.0900290175527,0.0518556988007
2016-12-21,0.327877856013,0.146797736558,0.044807678582,0.194555635069,0.0964503244541,0.0482075750923,0.0901780984213,0.0511250958096
2016-12-22,0.327831094349,0.146627630664,0.044457951586,0.194862634452,0.0965615426031,0.0484350764676,0.0901034665798,0.0511206032984
2016-12-23,0.327773346977,0.14670937545,0.0446015803697,0.194597737931,0.0964962381574,0.0484117148424,0.0902401669404,0.0511698393325
2016-12-27,0.328206700326,0.146338853255,0.0447662301183,0.194228125656,0.0962456489336,0.0483342535701,0.0906619911627,0.0512181969784
2016-12-28,0.326142853213,0.146348545449,0.0451357774236,0.194923430835,0.0967904046385,0.0485555342831,0.0910936929349,0.0510097612229
2016-12-29,0.324791223214,0.146295993949,0.0456568527564,0.194754724789,0.0967068578733,0.0484251939909,0.0919283044166,0.0514408490101
2016-12-30,0.323675647941,0.146609229403,0.0454257166527,0.195195235165,0.0970151959898,0.0485947795777,0.0913817199177,0.0521024753527
2017-01-03,0.324535213117,0.146800836157,0.0456932558959,0.194425375167,0.0964882960772,0.0484009243572,0.0916422312086,0.0520138680194
2017-01-04,0.324680488021,0.147784714554,0.045857965887,0.193415770088,0.0960704518588,0.0482424742533,0.0914627935824,0.052485341756
2017-01-05,0.322901540052,0.148395968323,0.0461181676299,0.193309598847,0.0962399524022,0.0481812193789,0.0924463841914,0.0524071691759
2017-01-06,0.32456882638,0.148036720865,0.0460031351329,0.192973411606,0.0959537398021,0.0480582198539,0.0919097751837,0.0524961711763
2017-01-09,0.323645385824,0.147748035112,0.0459489950536,0.193382587411,0.0963630068951,0.0481565050241,0.0927088330714,0.0520466516092
2017-01-10,0.323548143181,0.147861926412,0.0461857248996,0.193271063747,0.0962884054065,0.0481801687087,0.093075822688,0.051588744958
2017-01-11,0.32355382779,0.148474305229,0.0464561100329,0.192960740076,0.0961279512362,0.0481973406225,0.0931022382471,0.0511274867668
2017-01-12,0.322682364179,0.148565387343,0.0465599679399,0.192996350634,0.0961649471719,0.0482307002565,0.0934213793548,0.0513789031215
2017-01-13,0.323169866474,0.149001218456,0.0464736036292,0.192507988271,0.0958804553778,0.048108544184,0.0935940929041,0.051264230704
2017-01-17,0.321565203827,0.14839179008,0.0463565099075,0.19288538042,0.0962231779066,0.0481906461558,0.0948006734435,0.0515866182589
2017-01-18,0.323115589553,0.148107242899,0.0463024002668,0.192552574732,0.0957908589127,0.0480795851892,0.094243687,0.0518080614473
2017-01-19,0.32292249464,0.148291842685,0.0463214398283,0.19265370438,0.0957240527423,0.0481913846809,0.0944552506475,0.0514398303968
2017-01-20,0.32323478634,0.148602879924,0.0462715015218,0.19220521166,0.0955114533974,0.0480698324702,0.0944303219813,0.0516740127051
2017-01-23,0.321626934155,0.148564720307,0.0467973978827,0.192280304843,0.0957842428421,0.0481495413716,0.0948116815732,0.0519851770259
2017-01-24,0.323084798167,0.148916667243,0.0470460645682,0.191620204899,0.0952424946133,0.0479796428463,0.094209649479,0.0519004781849
2017-01-25,0.325099441102,0.150011270231,0.0473429365234,0.190648439754,0.0945432758576,0.0477091639755,0.0932090760732,0.0514363964826
2017-01-26,0.325296528222,0.149787707125,0.0472222349865,0.191087358686,0.0948265784265,0.0478595511394,0.092497524803,0.0514225166115
2017-01-27,0.325036495487,0.149549183373,0.0473084137428,0.19139414656,0.0950176432905,0.0479764439859,0.0927568338237,0.0509608397376
2017-01-30,0.324121663451,0.148993300377,0.0472323916933,0.191957669947,0.0953142221828,0.0481273091013,0.0934666591327,0.0507867841147
2017-01-31,0.323103572971,0.149049843302,0.0471130885427,0.191832098654,0.095349949066,0.0480814031506,0.0944730499875,0.0509969943261
2017-02-01,0.323462238526,0.149668152432,0.047246396768,0.191699246199,0.0952351485782,0.0480146192458,0.0942541635032,0.0504200347482
2017-02-02,0.323066931055,0.149622688479,0.0473192666287,0.191445263145,0.0950924845438,0.0479285850425,0.0945996614908,0.0509251196157
2017-02-03,0.324080337062,0.14969100157,0.0474400932672,0.190783909347,0.0948100970331,0.0476994928271,0.094482681399,0.051012387495
2017-02-06,0.323332447657,0.148517267448,0.047303942849,0.191231903582,0.0952127992282,0.0477919000906,0.0957101412199,0.0508995979255
2017-02-07,0.32344538481,0.148445141511,0.0471449600425,0.191484554584,0.0954137217097,0.047785553663,0.0955441560865,0.050736527594
2017-02-08,0.322876691792,0.148224445864,0.0473709557234,0.191443491596,0.0955090077047,0.0477519000248,0.09584333095,0.0509801763445
2017-02-09,0.32447283779,0.148624492898,0.0475711404433,0.190798065014,0.0948476043888,0.0476131313066,0.0950199815621,0.0510527465977
2017-02-10,0.324840282233,0.148752305346,0.047868377354,0.190228232754,0.0945189304472,0.047517148751,0.0950041114489,0.051270611666
2017-02-13,0.326161587098,0.149092360684,0.0479871963265,0.189687767964,0.0942461499884,0.0473773612886,0.0942287739914,0.0512188026592
2017-02-14,0.327378936844,0.148975714868,0.0480483089774,0.189217925696,0.0938806685648,0.0472528181435,0.094308955892,0.0509366710141
2017-02-15,0.328286192448,0.149154898722,0.0482865762605,0.188459915136,0.0934730763923,0.0471998273993,0.0944975589285,0.0506419547134
2017-02-16,0.327522538611,0.149243993871,0.0480807144169,0.188582847629,0.0937102345686,0.0471301511625,0.0948642010632,0.0508653186779
2017-02-17,0.327905444237,0.148680912156,0.0479021795313,0.188924508114,0.0939220933549,0.0472185352449,0.094504402314,0.0509419250481
2017-02-21,0.328661226127,0.148796000569,0.0481182778454,0.188221658547,0.0935368518496,0.0470430868311,0.0942174951827,0.0514054030474
2017-02-22,0.328358772245,0.148675698983,0.0482385747727,0.18833721735,0.0936850781056,0.0471281094235,0.0943424712193,0.0512340779012
2017-02-23,0.327833647716,0.148606406284,0.048153160682,0.188220763252,0.0937204745623,0.0471319048003,0.0949501169287,0.051383525775
2017-02-24,0.328003655176,0.147228142399,0.0476068644787,0.188772536518,0.0940847976297,0.0472321594117,0.0954852096737,0.0515866347129
2017-02-27,0.328715625039,0.147394323312,0.0474412769661,0.188540468878,0.0938047198902,0.0471333995716,0.0950802241574,0.0518899621859
2017-02-28,0.328489101086,0.147345010842,0.0471227771647,0.188868375846,0.0939493145367,0.0472283884336,0.0953598193697,0.0516372127207
2017-03-01,0.331542843021,0.148079483933,0.0476559358164,0.187109536206,0.0928622977281,0.0467264946964,0.0947823615153,0.0512410470837
2017-03-02,0.33146751223,0.148058875066,0.047093265151,0.187903852426,0.0931620399075,0.0468634254743,0.0941759597547,0.0512750699907
2017-03-03,0.331204762824,0.148579807039,0.0474282677714,0.187776133449,0.0931186281146,0.0469039266938,0.0939861292531,0.0510023448561
2017-03-06,0.331022872179,0.148440108536,0.0476170385295,0.188146234305,0.0933276218677,0.0469686265701,0.0935816522658,0.0508958457466
2017-03-07,0.330951033283,0.148465570019,0.0478105587127,0.188424222572,0.0934526495049,0.0470163088532,0.0930859285514,0.0507937285042
2017-03-08,0.331781034254,0.148337440643,0.047540009614,0.188791260299,0.0935465330627,0.0470180653828,0.0929115093673,0.0500741473768
2017-03-09,0.332719800207,0.149191592986,0.0472077243238,0.188504974339,0.0934313122695,0.046966418153,0.092579242495,0.0493989352257
2017-03-10,0.332772931456,0.149858130732,0.0474432006991,0.188157375116,0.093317358371,0.0468971098328,0.092472194937,0.0490816988567
2017-03-13,0.332625279705,0.150413694933,0.047999110859,0.187663646306,0.0929957328764,0.0467447900444,0.0924006248948,0.0491571203803
2017-03-14,0.332363641786,0.149745368918,0.0478749789245,0.188306648209,0.093378488607,0.0468541541492,0.0921818101683,0.0492949092382
2017-03-15,0.331468463384,0.15036698356,0.0484431872083,0.187265453281,0.0931371661397,0.0467466438421,0.0928459521054,0.0497261504796
2017-03-16,0.330790401266,0.150970072419,0.0487677312763,0.187042208618,0.0928720073077,0.0467100717132,0.0932220043154,0.0496255030837
2017-03-17,0.329948881116,0.151081352901,0.048680646852,0.187293890907,0.0930474782451,0.0467759366885,0.0933558714102,0.0498159418803
2017-03-20,0.329265011733,0.15085712143,0.0491065812249,0.187388361624,0.0931785356698,0.0468000736819,0.0936792634819,0.0497250511549
2017-03-21,0.326466106305,0.150633834996,0.0487249200891,0.188595286289,0.0939000661577,0.0470387499736,0.0949157342575,0.0497253019311
2017-03-22,0.326608186415,0.150537932088,0.0488645563689,0.188495335309,0.0938983966947,0.0470269591019,0.094965889408,0.0496027446157
2017-03-23,0.326182252658,0.150925180735,0.0488773236123,0.188502619682,0.0937781863926,0.0469622956389,0.0948154983841,0.0499566428967
2017-03-24,0.325810724696,0.151248717175,0.0489911706021,0.18826851365,0.0937929270112,0.0470786613943,0.0949281068506,0.0498811786212
2017-03-27,0.325240778218,0.151486211852,0.0488096106345,0.188583686054,0.093955992671,0.0471350123905,0.0953941135224,0.0493945946586
2017-03-28,0.326922819921,0.151862185098,0.0488290902857,0.187756321748,0.093440439535,0.0468806433153,0.094804503586,0.0495039965116
2017-03-29,0.326624904608,0.151735755039,0.048811820904,0.187825057898,0.0935336159485,0.0469170162336,0.0948601987418,0.0496916306274
2017-03-30,0.328036850075,0.151331231447,0.0485879685275,0.187692007751,0.0933739644488,0.0468554797193,0.0942834282619,0.0498390697694
2017-03-31,0.327403602459,0.151160735435,0.0482429360671,0.187905319632,0.0935973228754,0.0470135641805,0.094520020372,0.0501564989792
2017-04-03,0.326321246973,0.150769870636,0.0485431547186,0.188307000059,0.093910449726,0.0470525226183,0.0948724621552,0.0502232931136
2017-04-04,0.326498121814,0.150678698785,0.0486476439463,0.188115769387,0.0937685088621,0.0469947414149,0.0950780160055,0.0502184997857
2017-04-05,0.325955807137,0.150069399308,0.0486266592713,0.188571394256,0.0940693872977,0.0471468535941,0.0952030854296,0.050357413706
2017-04-06,0.326623950074,0.150070823752,0.0485048240839,0.18841098115,0.0939359012644,0.0470864753325,0.0947809107827,0.0505861335595
2017-04-07,0.326658902222,0.150047651863,0.0485473553148,0.188206844414,0.0937577299005,0.0469548016392,0.095110690801,0.0507160238457
2017-04-10,0.326619565514,0.149940354287,0.0482820321815,0.188315045768,0.0938592036903,0.0469458069783,0.0950426780968,0.0509953134837
2017-04-11,0.325233836935,0.150095149066,0.0481828861095,0.18827541336,0.0940057045573,0.0468923049512,0.096124354426,0.0511903505945
2017-04-12,0.323782963746,0.149968275465,0.0483484074089,0.188675347743,0.0942900193588,0.0470644747656,0.0967749758478,0.051095535665
2017-04-13,0.322445811833,0.149365173831,0.0482088301789,0.189367240419,0.0947982285751,0.0472462555017,0.0974664978956,0.0511019617654
2017-04-17,0.323856663094,0.149924750165,0.048405054278,0.188421872288,0.0942267615419,0.0469259856456,0.0967483046247,0.0514906083615
2017-04-18,0.323024517506,0.149107343039,0.047857482549,0.189259780724,0.0948045548802,0.0470476094899,0.0972477893828,0.0516509224298
2017-04-19,0.323463949084,0.148894465973,0.0476594211305,0.189572039502,0.0948603672338,0.0471123514666,0.096693640929,0.0517437646808
2017-04-20,0.324763427487,0.149623326448,0.0479593953914,0.188503713935,0.0942608438789,0.0468707813859,0.096480265541,0.0515382459322
2017-04-21,0.324015615716,0.149832576386,0.0479536301831,0.18872278097,0.0943886266381,0.0468470407684,0.0968429901129,0.0513967392258
2017-04-24,0.325722120026,0.152254152922,0.0482342539367,0.187378392047,0.0936603940872,0.0465692784172,0.0956405317141,0.0505408768494
2017-04-25,0.327193174095,0.153044680862,0.0485196501044,0.186518686174,0.0930569351655,0.046431937662,0.0945495781712,0.0506853577661
2017-04-26,0.327081215988,0.15251864286,0.0483535832831,0.186812153012,0.0933291780853,0.0465425963052,0.0950407182243,0.0503219122432
2017-04-27,0.327311820199,0.152726124918,0.0481911428366,0.186958590495,0.0933780400175,0.0465769271464,0.0946741245701,0.0501832298171
2017-04-28,0.326714583913,0.152666406507,0.0484123166599,0.187350810511,0.0935076981616,0.0466624491003,0.09500671419,0.0496790209573
2017-05-01,0.327531252527,0.153081405269,0.0486033403669,0.186864218492,0.0933037465583,0.0465045259062,0.0941394762983,0.0499720345826
2017-05-02,0.327122572587,0.153743364557,0.0487640184627,0.186818035308,0.0933451897404,0.0464289847568,0.0939708527716,0.0498069818159
2017-05-03,0.327937925199,0.153818934858,0.0485962724092,0.187321914019,0.0934979311366,0.0464994105267,0.0930031837815,0.0493244280699
2017-05-04,0.328568672987,0.155039280685,0.0481151320604,0.187306982217,0.093356492463,0.0463588242226,0.0921339955717,0.0491206197927
2017-05-05,0.328594340917,0.15599988265,0.0482059179629,0.186621372615,0.0930151852645,0.0462171924761,0.0919527283099,0.0493933798049
2017-05-08,0.329328369214,0.155651424455,0.0480212352732,0.186707979277,0.0930098547394,0.0461489431937,0.0919687124623,0.0491634813856
2017-05-09,0.32934638463,0.155536302634,0.0486093030053,0.18690712353,0.0929947587168,0.0461531267513,0.0915063018557,0.0489466988764
2017-05-10,0.329405987959,0.15551372532,0.0489152495753,0.186657357687,0.0928096468018,0.0460950085586,0.0913509151585,0.0492521089401
2017-05-11,0.328961288908,0.155317200938,0.048925174511,0.186769732259,0.0929444673364,0.0462654972385,0.0917767045713,0.0490399342375
2017-05-12,0.327854783932,0.155737809996,0.0491061843367,0.187140384901,0.0932611422566,0.0462602408031,0.0918806420761,0.0487588116988
2017-05-15,0.328576731834,0.15613221738,0.0493983644765,0.1864536861,0.0928918058979,0.0459858218457,0.0918201187471,0.0487412537188
2017-05-16,0.32794539234,0.156769443643,0.0493964043613,0.186505419822,0.0929206900303,0.0459719329951,0.0921270448457,0.0483636719633
2017-05-17,0.323618099452,0.155595195861,0.0488811013135,0.188331673756,0.0940977777475,0.0464532834104,0.0942372177673,0.0487856506925
2017-05-18,0.324872938612,0.155875795218,0.0479737894059,0.188200163554,0.0940572757293,0.0465195058831,0.0934522092917,0.0490483223062
2017-05-19,0.325186432074,0.156794104261,0.0485570242826,0.187164375121,0.0935133660183,0.0463443639609,0.0933994051872,0.049040929095
2017-05-22,0.326074555768,0.156842788207,0.0484317665162,0.186608287392,0.0931905377385,0.0461635537755,0.0935715837916,0.0491169268108
2017-05-23,0.327016921876,0.15679788958,0.0484406726412,0.186375979999,0.0930093333466,0.0461261039705,0.0930412896239,0.049191808963
2017-05-24,0.326936372414,0.156733107196,0.0484823811171,0.18621983211,0.0929613610069,0.0460356390876,0.0931679894916,0.0494633175773
2017-05-25,0.327927122709,0.156422676595,0.0486470994599,0.18598048131,0.092851637816,0.0458831170214,0.0929047178769,0.0493831472115
2017-05-26,0.327791319157,0.155977107449,0.0487556167067,0.185874090671,0.0928931423501,0.0459821078474,0.0937095101724,0.049017105647
2017-05-30,0.327689549138,0.155801265786,0.0486998038521,0.18633475129,0.0931795819199,0.0461083636919,0.0934507306214,0.048735953701
2017-05-31,0.327441561429,0.156022483447,0.0483192081126,0.186426930197,0.093175609936,0.0460969658344,0.0937763915098,0.0487408495336
2017-06-01,0.328668566133,0.156418831427,0.048471978608,0.185564367159,0.0927384125254,0.045883801423,0.0934625966402,0.048791446084
2017-06-02,0.328077410004,0.157108021734,0.0483770390692,0.185223131273,0.0926694432059,0.0458329346593,0.0936705194655,0.0490415005894
2017-06-05,0.328358357064,0.156687635713,0.0484541948669,0.185231443916,0.0926618998668,0.0457860838542,0.0939124930862,0.0489078916329
2017-06-06,0.32725910919,0.156291317058,0.0484821478061,0.185574953774,0.0929411805358,0.0458311231692,0.0949550403781,0.0486651280896
2017-06-07,0.327930727452,0.156211066348,0.0484566337397,0.185392833952,0.0927873325726,0.0457324250036,0.0944727100128,0.0490162709197
2017-06-08,0.328448122813,0.156156575677,0.0486034561667,0.185407830576,0.0927411072341,0.0457340134573,0.0939572988934,0.0489515951823
2017-06-09,0.328666876433,0.155937146543,0.0483790963257,0.185660855241,0.0928574029012,0.0457939179026,0.0933035829889,0.0494011216647
2017-06-12,0.328777177128,0.155535185835,0.0482280403456,0.185761333172,0.0928903048438,0.0457223823375,0.0932146739864,0.0498709023519
2017-06-13,0.329217396795,0.156327811069,0.0482813232292,0.185155649006,0.0925966055469,0.0456367934227,0.0929778986904,0.0498065222408
2017-06-14,0.328798499446,0.156140613113,0.0482457865846,0.185745962294,0.0930795469847,0.0456445644532,0.0924681126227,0.0498769145024
2017-06-15,0.329276516221,0.154985619069,0.0479838023309,0.186256089443,0.0932299932462,0.0455743507425,0.0923939064524,0.0502997224944
2017-06-16,0.328787531821,0.156103484062,0.0480553902944,0.186057252175,0.0931231408671,0.0455368258709,0.0922520275627,0.0500843473473
2017-06-19,0.330746477827,0.156295929795,0.0482602528486,0.185367311915,0.0926457411278,0.0453779579475,0.0913336793684,0.0499726491704
2017-06-20,0.329823777585,0.155496748053,0.0478736030328,0.186393516185,0.093248377814,0.0456067639546,0.0915037197296,0.050053493646
2017-06-21,0.329670880741,0.155319255969,0.048045034602,0.186386905021,0.0932195089849,0.0456690791517,0.0917470817194,0.0499422538109
2017-06-22,0.329189655298,0.155465148446,0.0481747135187,0.186283889333,0.0932121226464,0.0457713448308,0.0919639873917,0.0499391385355
2017-06-23,0.329064547834,0.155560381285,0.0482767623255,0.186024666151,0.0930914629516,0.0457353867453,0.0922131653312,0.0500336273759
2017-06-26,0.328992394536,0.155725630266,0.0487436589524,0.18603054442,0.0930874644627,0.0457672360231,0.0913068871898,0.0503461841497
2017-06-27,0.327827749928,0.156396777839,0.0484540385027,0.18631760653,0.0930518929496,0.0457587505974,0.0920713109981,0.0501218726544
2017-06-28,0.329172789927,0.157040074601,0.0485053655101,0.185490024666,0.0925186242511,0.0455748947303,0.0916983718642,0.049999854451
2017-06-29,0.328552648799,0.156539777461,0.0482948522317,0.18642501819,0.0928156852166,0.0457112693243,0.0918867066431,0.0497740421346
2017-06-30,0.328985782108,0.156757973057,0.048649849588,0.186085594895,0.0925480984425,0.0456219966519,0.0916037845386,0.0497469207187
2017-07-03,0.329919616697,0.15663296102,0.0489319897002,0.185965522997,0.0923133110003,0.0455900794648,0.0902085640191,0.0504379551023
2017-07-05,0.330478208886,0.156612179898,0.0488183014051,0.185952913797,0.0923259203532,0.0456305116593,0.0904867891998,0.0496951748015
2017-07-06,0.329475176636,0.156622985397,0.0485795316377,0.18673944818,0.092720167184,0.0457941339847,0.0910056437427,0.0490629132389
2017-07-07,0.331107403935,0.156651690623,0.0486374055426,0.186386908508,0.092430526288,0.0455826104833,0.0899387957775,0.0492646588424
2017-07-10,0.331179761438,0.156784565111,0.0489428464674,0.18631316085,0.0924738083689,0.0455234496716,0.0900100549585,0.0487723531346
2017-07-11,0.330570769439,0.157107305201,0.0492358063996,0.186279648583,0.0924943993961,0.045619089362,0.090028104874,0.0486648767454
2017-07-12,0.330834657017,0.157458766597,0.0498337414984,0.185597682767,0.0921463974612,0.0454475988099,0.089745071174,0.0489360846757
2017-07-13,0.331141480093,0.157793758625,0.0499386531743,0.185254814361,0.0919819382268,0.0453973801936,0.0895153057696,0.0489766695574
2017-07-14,0.331128069028,0.158182828328,0.0502126033721,0.184572960031,0.0916804512389,0.0451808253773,0.089826941221,0.0492153214038
2017-07-17,0.330915018578,0.157837263155,0.0499267375089,0.184561003358,0.0917445904263,0.0452491275882,0.0901799098229,0.0495863495626
2017-07-18,0.330427608361,0.157858949616,0.0499092865248,0.184612438097,0.0918962128364,0.0452861101765,0.0906286447354,0.0493807496522
2017-07-19,0.331071801206,0.158062554341,0.0502186014112,0.184026652458,0.0915795600714,0.0451658512371,0.0902934202446,0.0495815590312
2017-07-20,0.331079319697,0.158518838262,0.0500917843809,0.183999311654,0.0915665364652,0.0450355642461,0.090377574858,0.0493310704365
2017-07-21,0.330625286822,0.158031737358,0.0499621148748,0.18422909656,0.091685058062,0.0450813539387,0.0911133263949,0.0492720259891
2017-07-24,0.330701969581,0.157807963959,0.0501736028672,0.184148930831,0.0916686557335,0.0451027741994,0.0911948326998,0.0492012701297
2017-07-25,0.331752003328,0.158037219046,0.050128631067,0.18363128076,0.0912226835766,0.0449614171217,0.0909642004536,0.0493025646471
2017-07-26,0.330694751458,0.158533416668,0.0503297188985,0.183389862359,0.0912186127489,0.0449470327724,0.0914026040667,0.0494840010293
2017-07-27,0.330921947328,0.158192782998,0.0501532279074,0.18341853264,0.0912208108198,0.0449880338782,0.0914817781524,0.049622886276
2017-07-28,0.330160531219,0.158163285559,0.0502839686709,0.183579603782,0.0912716030556,0.045044220978,0.0920650410158,0.0494317457202
2017-07-31,0.329880068858,0.15845400664,0.0503517193646,0.183444063027,0.0912714745224,0.0450314951355,0.0920847854575,0.049482386995
2017-08-01,0.329706781808,0.15891067212,0.0504234937343,0.183441577851,0.0912467222932,0.0449461408511,0.0917556749857,0.0495689363568
2017-08-02,0.330091734278,0.158944630781,0.0505747037285,0.183432878274,0.0912235779382,0.0449530128648,0.0916279789037,0.0491514832325
2017-08-03,0.329516889162,0.158753057933,0.0503977906933,0.183837398626,0.0915576572528,0.0450847853683,0.0917908089386,0.0490616120254
2017-08-04,0.330187104777,0.159009837057,0.0505370273094,0.183575053858,0.0913293462213,0.0450309246825,0.0910945624014,0.0492361436938
2017-08-07,0.330454146717,0.158954682332,0.0508809873271,0.183365835694,0.0912847992959,0.0450351565264,0.0908925774814,0.0491318146256
2017-08-08,0.330262311407,0.15843496123,0.0509067147776,0.183544036096,0.0913798826387,0.0451517845815,0.0913306024948,0.0489897067735
2017-08-09,0.330051320346,0.15793075297,0.050595696293,0.183601553955,0.0914363105463,0.0452080069798,0.0923801556038,0.0487962033066
2017-08-10,0.32772732862,0.156777077392,0.0497812990557,0.185104383384,0.0924364985281,0.0456481653184,0.0937332889566,0.048791958745
2017-08-11,0.327893185288,0.156587686988,0.049885954429,0.185076525158,0.0924500924513,0.045575995753,0.0940868467826,0.0484437131506
2017-08-14,0.329684321412,0.156978967275,0.0500994192709,0.184177074504,0.0918201564644,0.0451964694371,0.0930085296247,0.0490350620124
2017-08-15,0.330227192808,0.157107195743,0.0501528532645,0.184234078625,0.0917082088774,0.0451411361741,0.0924546775349,0.0489746569725
2017-08-16,0.329610530751,0.1575084158,0.0505798510906,0.183904556216,0.0915483844658,0.0450576596325,0.0927990134455,0.0489915885986
2017-08-17,0.32665951181,0.156771896323,0.050273650548,0.185414302214,0.0924924934984,0.0454731904242,0.0939000181607,0.0490149370224
2017-08-18,0.326289294139,0.157289334086,0.050660278249,0.185376110947,0.0925494762669,0.0455007828202,0.0937947623493,0.0485399611422
2017-08-21,0.326053722922,0.157090166783,0.0507134292113,0.185231992539,0.0924704968787,0.045448301768,0.0940059803362,0.0489859095622
2017-08-22,0.328256912385,0.157298142575,0.0509728008423,0.18438603616,0.0919521407787,0.0452262822126,0.0932421361587,0.0486655488882
2017-08-23,0.326801124821,0.157238573257,0.0511751092332,0.184647876329,0.0921902497657,0.0453107222278,0.0935133073658,0.0491230370008
2017-08-24,0.32661703681,0.157330494942,0.0513829903401,0.184739938254,0.0922078778564,0.0452757222799,0.0933887773434,0.0490571621741
2017-08-25,0.326377160084,0.157778800881,0.0516580058999,0.184307913401,0.09207914179,0.0452123087795,0.0934452836017,0.0491413855628
2017-08-28,0.325966990293,0.157574107538,0.0515793309511,0.184135637675,0.0920450053623,0.0451892887309,0.0948067182027,0.0487029212473
2017-08-29,0.326375141205,0.156921926837,0.0514797694656,0.184422747463,0.0922681392949,0.0452653559873,0.0946115313693,0.0486553883777
2017-08-30,0.327433823245,0.156465923246,0.0514615040617,0.184115162595,0.0920542295607,0.0451861885082,0.0944253003454,0.0488578684383
2017-08-31,0.327641021749,0.15695763881,0.0513600438261,0.183378940621,0.0917056779205,0.0450584123054,0.0950226694278,0.0488755953408
2017-09-01,0.327878050186,0.157144446946,0.0516953532352,0.182836854086,0.0913728073192,0.044923809466,0.0951382541661,0.0490104245953
2017-09-05,0.325944957276,0.156203021417,0.0513679079491,0.183822927922,0.0921279318602,0.0452737000109,0.0963194730635,0.0489400805011
2017-09-06,0.326473206565,0.157066890716,0.0516466816804,0.183295071133,0.0917429725564,0.0451377101469,0.0956570503907,0.0489804168122
2017-09-07,0.325181417712,0.157749873042,0.051702336305,0.183038815478,0.0917878727613,0.0451526818625,0.0962820016399,0.0491050011997
2017-09-08,0.325159583063,0.157888080669,0.0514247914077,0.183026443174,0.0918220271052,0.0452106262573,0.0962684248216,0.0492000235026
2017-09-11,0.327591181629,0.158562940805,0.0518612078272,0.181953522053,0.0910100293948,0.0448959101438,0.0946299575024,0.0494952506452
2017-09-12,0.32853814923,0.158816845485,0.0517443569035,0.181602287918,0.0907475678517,0.0448001598327,0.0948620197065,0.0488886130724
2017-09-13,0.329423311669,0.158433969777,0.0515129210158,0.181822149709,0.0907627321937,0.0448170281441,0.0943583317532,0.0488695557383
2017-09-14,0.328843176988,0.158645525101,0.0515422602391,0.181659171309,0.090648735367,0.044822833696,0.0946348557199,0.0492034415803
2017-09-15,0.329109916334,0.158634073048,0.051860027176,0.181529191544,0.0907098312353,0.0447754366481,0.0941119832419,0.049269540773
2017-09-18,0.330037101031,0.15900002231,0.051849677689,0.181571494598,0.0904182683643,0.0447867078541,0.0932990246011,0.0490377035514
2017-09-19,0.33011433979,0.159647682827,0.0518559768013,0.181333225085,0.0902479136407,0.0447015652695,0.093422446625,0.0486768499621
2017-09-20,0.330819274517,0.159521869764,0.05179872479,0.181506223449,0.0902308874931,0.0446555266745,0.0928372520243,0.048630241288
2017-09-21,0.33064357135,0.159606895565,0.0519570299862,0.181863944604,0.0903068736535,0.0446496656213,0.0923297793857,0.0486422398346
2017-09-22,0.330509674115,0.159879431449,0.0516101818972,0.181886528626,0.0904127757747,0.0447364122788,0.0926950988876,0.0482698969715
2017-09-25,0.329918808797,0.159219004587,0.0506653193841,0.182364149623,0.0907065099374,0.0448734720751,0.093689461214,0.0485632743824
2017-09-26,0.33062846661,0.158873688406,0.050732006583,0.182580016467,0.0907706837015,0.0449075519984,0.0927870815535,0.0487205046804
2017-09-27,0.332321292592,0.159289776631,0.0505127415766,0.182271169015,0.0904153164232,0.0448246773084,0.0920252405355,0.0483397859188
2017-09-28,0.332251173554,0.159583092177,0.0504649731323,0.182030904691,0.0902710183267,0.0447300859029,0.0920688480394,0.0485999041771
2017-09-29,0.332795298106,0.16020716895,0.0508844228222,0.181541160203,0.0899923209742,0.0445483396994,0.0914228735972,0.0486084156471
2017-10-02,0.334046769228,0.159930466728,0.0509018218641,0.181547937672,0.0898381513768,0.0444630804268,0.0907614928445,0.0485102798602
2017-10-03,0.333981397596,0.160183247808,0.0514818531534,0.181273631181,0.0897552922627,0.0444024638788,0.0905949191344,0.0483271949859
2017-10-04,0.334169057914,0.159789084486,0.0515079246117,0.181111006423,0.0896740050325,0.0444138705993,0.0907931666798,0.0485418842547
2017-10-05,0.335603870598,0.159383178076,0.0517497390139,0.180734750771,0.0894359904914,0.0442950211532,0.0901596816457,0.0486377682508
2017-10-06,0.335524673258,0.159343456381,0.0515988013761,0.180633504406,0.0894072656783,0.0442998827023,0.0906679655849,0.0485244506135
2017-10-09,0.334780642919,0.159326491093,0.0513951980677,0.180778953984,0.0894576233801,0.0442903498307,0.0913573835021,0.0486133572235
2017-10-10,0.334538047993,0.160256299114,0.0517208772309,0.180189020122,0.0891911420267,0.0442196414385,0.0912896077207,0.0485953643542
2017-10-11,0.334439306145,0.16050577093,0.0517748405181,0.179886136801,0.0891254700974,0.0441916340729,0.0914098543943,0.048666987041
2017-10-12,0.333851539805,0.160462811744,0.0517609830413,0.180051452388,0.0891853935874,0.0442613638714,0.0914598116448,0.0489666439176
2017-10-13,0.33315887877,0.160736052684,0.0520516197695,0.179901656901,0.0891925662651,0.0441777382975,0.0918489205803,0.0489325667323
2017-10-16,0.333954198347,0.160759518169,0.0520602637681,0.179910681914,0.0891360059487,0.044123485796,0.0913144090412,0.0487414370159
2017-10-17,0.334567472531,0.160576321864,0.0518650715418,0.180048398038,0.0892033349183,0.0440918963336,0.0907931526147,0.0488543521586
2017-10-18,0.334991232244,0.160914534834,0.0519262026046,0.179821109869,0.0890030915782,0.0440502739325,0.0904772073488,0.0488163475884
2017-10-19,0.335052467477,0.160607941566,0.0515404037927,0.179936059468,0.089086999066,0.0441044591599,0.0910043583395,0.0486673111315
2017-10-20,0.336826594858,0.160410513734,0.0517552094835,0.179434840818,0.0887307787087,0.0440094574168,0.0904364893949,0.0483961155869
2017-10-23,0.33616632792,0.160318859309,0.0513925520639,0.179979667997,0.0889864809211,0.0440985824501,0.0907531991872,0.0483043301516
2017-10-24,0.336842405541,0.160725267816,0.0515444859995,0.179647003875,0.0887406718457,0.0440475536045,0.0904259367834,0.0480266745343
2017-10-25,0.336139787173,0.160527626424,0.0515767602444,0.180048591773,0.0888531311474,0.044127553091,0.0907011772175,0.0480253729294
2017-10-26,0.337082945788,0.160586523426,0.0513872979479,0.180122376909,0.088869501322,0.0441747126227,0.0900747103427,0.0477019316425
2017-10-27,0.337988778191,0.160333405787,0.0517319144837,0.179536197635,0.0886704865915,0.0440740501061,0.0900086514128,0.0476565157932
2017-10-30,0.336814349656,0.160739182672,0.0513285706304,0.18007447207,0.0890112114768,0.0442017133188,0.0902025613035,0.0476279388722
2017-10-31,0.336987884331,0.161302010933,0.0515639731006,0.179772056722,0.088859924702,0.0441751018333,0.0897664647578,0.0475725836196
2017-11-01,0.336869177419,0.161396776981,0.0516046075279,0.179550285204,0.0887648707926,0.0441470431768,0.0899431064641,0.0477241324352
2017-11-02,0.336540382712,0.161504222753,0.0516954836791,0.179403697299,0.0887607807343,0.0441527507371,0.0898797628289,0.0480629192575
2017-11-03,0.337504673744,0.161282521685,0.0513717461276,0.17948322518,0.0888609674637,0.0441629013298,0.0894148300289,0.0479191344407
2017-11-06,0.33710301502,0.161131880001,0.0517250288508,0.179156007648,0.0887263791482,0.044115621072,0.089931836854,0.0481102314071
2017-11-07,0.337168667174,0.160730744289,0.0514493526892,0.179364712711,0.0888387742376,0.0442168008705,0.0896863995383,0.0485445484903
2017-11-08,0.337152210381,0.161138763783,0.0515430372758,0.178937023882,0.0885753601678,0.0441125575197,0.0898399556175,0.0487010913729
2017-11-09,0.336688833742,0.16041313139,0.0514641030348,0.179210714357,0.0887423023561,0.0442045788044,0.0904132796994,0.0488630566161
2017-11-10,0.337513484943,0.160455141122,0.0514101730922,0.178982788118,0.0885354784369,0.0441325421894,0.0899204819768,0.0490499101208
2017-11-13,0.337851993706,0.159847455088,0.0513101359966,0.178995885244,0.0885001003176,0.0441318813172,0.0900606943907,0.0493018539409
2017-11-14,0.337348823515,0.159835010849,0.0510067799016,0.179326100179,0.0886995957378,0.0442230955945,0.0903216283218,0.0492389659008
2017-11-15,0.336565868174,0.159498382256,0.0507278479728,0.180155980469,0.08925798597,0.044467043064,0.0904535706467,0.0488733214475
2017-11-16,0.33767792331,0.16020430656,0.0513643237522,0.179030888407,0.0885724781603,0.0441449161188,0.0899800355737,0.0490251281174
2017-11-17,0.336706759845,0.159595956264,0.0516553921509,0.179238910192,0.0886950257417,0.0442251897862,0.0910679095004,0.0488148565195
2017-11-20,0.337455134924,0.159969408238,0.0519008339315,0.179232840479,0.0885986541699,0.0441820526716,0.0899653154835,0.0486957601023
2017-11-21,0.338041895567,0.160437524648,0.0522950759509,0.178557080503,0.0881924019628,0.0439673582659,0.0896835677638,0.0488250953381
2017-11-22,0.337116505054,0.16068234789,0.0523697164894,0.178535538113,0.0883111341092,0.0440167643481,0.0903423461223,0.0486256478731
2017-11-24,0.337466561563,0.161489645853,0.0521090329204,0.178276552521,0.0881245185352,0.0439070772821,0.0899996763485,0.0486269349772
2017-11-27,0.337811564058,0.160722865383,0.0516504508433,0.178547960781,0.0883167903916,0.0439662064354,0.0905125086297,0.0484716534771
2017-11-28,0.339761982843,0.160819505026,0.0517346011522,0.177775283962,0.0879511345489,0.0437721383575,0.09010613321,0.0480792209003
2017-11-29,0.340575138687,0.160616382944,0.0511699558181,0.177869835137,0.0879333444069,0.0437843418274,0.0898101601494,0.0482408410301
2017-11-30,0.342958382187,0.160661066404,0.0507499487847,0.177267385967,0.0875069837048,0.043661967981,0.0889631590852,0.0482311058861
2017-12-01,0.342315270782,0.160224519079,0.050269419528,0.177809566407,0.087848000103,0.0438370461097,0.0893410680443,0.0483551099464
2017-12-04,0.342406439029,0.159811233135,0.050515134037,0.178056057183,0.0879362826741,0.0439173092343,0.0891714087291,0.0481861359784
2017-12-05,0.341951012947,0.159957571181,0.0505498619513,0.178640912016,0.0882029269301,0.0440636632344,0.0887399669888,0.0478940847504
2017-12-06,0.342395930729,0.159410534208,0.0499753230432,0.179019502268,0.0884842404148,0.0441591428462,0.0886539802748,0.0479013462154
2017-12-07,0.343431631086,0.159861211397,0.0500377187422,0.178767426662,0.0883146192048,0.0440953488693,0.0874761934705,0.0480158505677
2017-12-08,0.344120666797,0.160215879609,0.0504375196629,0.178089317567,0.0879454333324,0.0439248636958,0.0871689586455,0.0480973606909
2017-12-11,0.344749453528,0.160351106631,0.050708875082,0.177813667676,0.087783394453,0.0438381999426,0.0867205222088,0.0480347804791
2017-12-12,0.345162068217,0.160368277442,0.0503151225217,0.177631456648,0.0876590361281,0.0438480587151,0.0867741722621,0.0482418080662
2017-12-13,0.344104355581,0.160577704398,0.0507124792291,0.177610266536,0.0877556107797,0.0437955113115,0.0872649065822,0.0481791655828
2017-12-14,0.343609156583,0.160247772901,0.0505279629312,0.178131091915,0.08795570415,0.0439119107705,0.0873206278361,0.048295772913
2017-12-15,0.345293461075,0.159595674623,0.0504926895093,0.177574706323,0.0876403708545,0.0437627394106,0.0872069256192,0.0484334325862
2017-12-18,0.345848203458,0.160632006555,0.0507754503861,0.176513112039,0.0870308018653,0.0434803652008,0.087197203175,0.0485228573205
2017-12-19,0.345893597006,0.160769977053,0.0508416156695,0.176698337426,0.0869816578415,0.0435231654354,0.0876106462918,0.0476810032765
2017-12-20,0.346178157653,0.160878817689,0.0509783543542,0.176530584849,0.086842680617,0.0434357022557,0.0879629938216,0.0471927087603
2017-12-21,0.346196667481,0.161070965506,0.0513802813143,0.176332732201,0.0867299618082,0.0434624912305,0.0879110986254,0.046915801833
2017-12-22,0.34553460719,0.161202537659,0.051716623053,0.176122356164,0.0866197253568,0.0434175600145,0.0882255067414,0.0471610838213
2017-12-26,0.344866569348,0.161119763726,0.0517353469746,0.176137895701,0.0865887548144,0.0434238612405,0.0887654312477,0.0473623769478
2017-12-27,0.344295748519,0.161171390536,0.051613252505,0.176309313383,0.0867733975054,0.0435107010924,0.0889100311524,0.0474161653069
2017-12-28,0.344334107277,0.161362060021,0.0517622208374,0.175838096782,0.0864981836601,0.0434414430596,0.0891874512263,0.0475764371364
2017-12-29,0.34303156712,0.161396065733,0.0520108422803,0.176013007064,0.086636639967,0.04355163976,0.0897671598537,0.0475930782221
2018-01-02,0.343763530014,0.161987229985,0.0526419443165,0.174878819273,0.0859187055594,0.0432280391609,0.0904029501308,0.0471787815601
2018-01-03,0.344746341078,0.162428183836,0.0529661359681,0.174292453144,0.0857122894629,0.0431208022002,0.0898540131366,0.0468797811744
2018-01-04,0.345248706118,0.16344076008,0.0531455646499,0.173702471233,0.0854363793981,0.0430137161712,0.0900667242273,0.0459456781228
2018-01-05,0.346420541378,0.163690064887,0.0534419263242,0.173027113409,0.0850536756715,0.0428664770128,0.0896811489119,0.0458190524063
2018-01-08,0.346823929673,0.163510585135,0.0534176400293,0.172864832513,0.0849568237867,0.0427929004633,0.0896073538765,0.0460259345232
2018-01-09,0.347995681823,0.163834463533,0.0534659037844,0.172580801522,0.0846467580257,0.0427012355965,0.0892918580045,0.045483297711
2018-01-10,0.347994403062,0.163658520668,0.0533126911416,0.172844639239,0.0847518274521,0.042751427005,0.0896434548139,0.0450430366184
2018-01-11,0.349072963306,0.164038184952,0.0534359467314,0.172203656118,0.0844552447353,0.0425282590848,0.0895626791886,0.0447030658838
2018-01-12,0.349573380492,0.164758424796,0.0537313345026,0.171302104613,0.0839722910895,0.0423544786231,0.0901899612921,0.0441180245909
2018-01-16,0.348812879387,0.164787577515,0.0535319290393,0.171562999837,0.084117205187,0.0424783376232,0.0904517695626,0.0442573018488
2018-01-17,0.350688217301,0.164986865457,0.054063241512,0.170668391214,0.0835867869192,0.0422736957131,0.0893498714855,0.0443829303977
2018-01-18,0.350918061024,0.164985904671,0.0542784037936,0.170689914444,0.0835175735801,0.042335291983,0.0893601793989,0.0439146711051
2018-01-19,0.351520312781,0.165257395667,0.054633526021,0.16984731177,0.0830659474009,0.0421451590206,0.0895046161593,0.0440257311803
2018-01-22,0.352746880998,0.165369619737,0.0548218513622,0.169002756182,0.082651594763,0.0419288450036,0.0892545799192,0.0442238720346
2018-01-23,0.352355564708,0.165358556339,0.054842367602,0.168862783606,0.0826232721085,0.041856432866,0.0894092976211,0.0446917251497
2018-01-24,0.351731273236,0.165651152302,0.0552700486397,0.168458133886,0.0823503356326,0.0417690128711,0.0903729032939,0.0443971401391
2018-01-25,0.352100244684,0.165163300808,0.0551074080926,0.168999163261,0.0825843039879,0.0418726255516,0.0898257106053,0.0443472430097
2018-01-26,0.3542166508,0.165638195849,0.0555340023746,0.167759513932,0.0818851754686,0.0416165091287,0.0894011941959,0.0439487582507
2018-01-29,0.354146591647,0.165178627738,0.0550164595793,0.168549630994,0.0822089124308,0.0417862071472,0.0894741800873,0.0436393903761
2018-01-30,0.352930030284,0.165055060572,0.0546891724348,0.169444787919,0.0825836796127,0.0419738021139,0.0897018328969,0.0436216341663
2018-01-31,0.352455459132,0.164436316206,0.0549190801514,0.16927376936,0.0824555914647,0.0420005076832,0.0901369249187,0.0443223510831
2018-02-01,0.352876197803,0.165240653811,0.0545280321891,0.169136783313,0.0822215214142,0.0418829077287,0.090644376682,0.0434695270586
2018-02-02,0.350416764417,0.164108801632,0.0541084826444,0.171184737429,0.0831563114656,0.0424636436827,0.090808702587,0.0437525561418
2018-02-05,0.343535049919,0.161059362203,0.0535831432629,0.175850556481,0.0857807827588,0.0436091713232,0.0931463642482,0.0434355698041
2018-02-06,0.347109549528,0.162695362267,0.0544131641319,0.173745484116,0.0846274915218,0.0430353238731,0.0913283204505,0.0430453041124
2018-02-07,0.347652013896,0.161620932281,0.0532386896039,0.174574765053,0.0849729062425,0.0432412333587,0.091537183448,0.0431622761178
2018-02-08,0.341517840914,0.16087531754,0.0525265918399,0.177878270879,0.0868029188131,0.0440431076885,0.0935686288776,0.0427873234479
2018-02-09,0.344092134796,0.16079403868,0.0529279075662,0.176335653195,0.0860114598408,0.0435815745371,0.0927226903231,0.0435345410615
2018-02-12,0.346223357317,0.161566777856,0.0532094947584,0.17490912004,0.0852666905869,0.0432478967476,0.0923889457323,0.0431877169622
2018-02-13,0.346494752904,0.160672352511,0.0535323618743,0.174660928738,0.0852634041908,0.0432053635613,0.0927542798675,0.0434165563529
2018-02-14,0.348013077625,0.162370844812,0.0541431576245,0.17250689992,0.0839848407888,0.0427784728227,0.0934876252286,0.0427150811783
2018-02-15,0.349905259222,0.162236941462,0.0547568859692,0.171468644622,0.0834021342888,0.0424920009011,0.0929202135441,0.0428179199907
2018-02-16,0.349655772558,0.162647156306,0.0544987152788,0.171633719988,0.0835147779834,0.0425177013581,0.0925230788375,0.0430090776897
2018-02-20,0.349696197437,0.162031932857,0.0543601382192,0.172557089948,0.0839600245744,0.0427560838178,0.0918651450032,0.0427733881433
2018-02-21,0.349567279392,0.162166002418,0.0545433074123,0.172803443748,0.0841003100398,0.04283096285,0.0918663510196,0.0421223431205
2018-02-22,0.349207488671,0.162476168046,0.054484920839,0.172418352375,0.0840206353659,0.0427698461522,0.092119785774,0.0425028027768
2018-02-23,0.351413750741,0.162548737979,0.0548483258354,0.17121904813,0.0835439339674,0.0425205984219,0.0911318028176,0.0427738021081
2018-02-26,0.353194597879,0.162777602182,0.0550087185904,0.170238866319,0.0831009855898,0.0422983595777,0.0907647195306,0.0426161503316
2018-02-27,0.35268205424,0.162078733611,0.0541283493466,0.17177021894,0.083766659099,0.042664172973,0.0908209224685,0.0420888893213
2018-02-28,0.3509914874,0.161252836253,0.053714161909,0.173166678283,0.0844165505561,0.042955576238,0.0912157197574,0.0422869896041
2018-03-01,0.348230805156,0.160233472764,0.0540665526929,0.174495172292,0.0853541415468,0.0433779221693,0.0916278825216,0.0426140508569
2018-03-02,0.349239632599,0.160345872474,0.0540823630455,0.173825652608,0.0848465187088,0.0432457946374,0.0919131952753,0.0425009706515
2018-03-05,0.35153808733,0.160207632357,0.053975634725,0.172872911892,0.0843216128775,0.0430061681005,0.0913078050225,0.0427701476952
2018-03-06,0.351169574131,0.16096769605,0.0539415108767,0.172287407736,0.0840119319476,0.0428409922413,0.0919626325372,0.0428182544801
2018-03-07,0.351278684543,0.160896547461,0.0539667040741,0.17237174893,0.0840688634355,0.0428700238488,0.0914358426933,0.0431115850135
2018-03-08,0.352078856946,0.160953789525,0.0538631039188,0.172207144584,0.0840273338309,0.0428027057198,0.0909851351805,0.043081930296
2018-03-09,0.35535293479,0.160848770499,0.054388705884,0.170514884988,0.0831785104038,0.0423974622752,0.0903468257444,0.042971905415
2018-03-12,0.354727903735,0.161017142916,0.0545520903951,0.170525123528,0.0833323431744,0.0424063507909,0.0903012815791,0.0431377638812
2018-03-13,0.3535699276,0.160534158736,0.0541984300655,0.171299073348,0.0837397314367,0.0425770013453,0.090765141438,0.0433165360303
2018-03-14,0.352103922878,0.160943780041,0.0543197116634,0.171758233955,0.0839864189919,0.0426913375733,0.0907972157343,0.043399379163
2018-03-15,0.3521553587,0.16110703552,0.0541724982622,0.171986846403,0.0840576098968,0.0427479912468,0.0903310046791,0.0434416552918
2018-03-16,0.352602088626,0.160921558853,0.0540131449686,0.171921903064,0.0839746035991,0.0426835615404,0.0901306107574,0.043752528592
2018-03-19,0.350308963164,0.160732078516,0.0538863213101,0.172968003679,0.0844901770512,0.0429607877628,0.0909693352244,0.0436843332932
2018-03-20,0.350854791951,0.160853538696,0.054344692495,0.172667543383,0.0843129196164,0.042889554194,0.0905484712875,0.0435284883773
2018-03-21,0.349687956331,0.161023344965,0.0545632286024,0.172408053336,0.0842518674764,0.0429209157974,0.0919992899104,0.0431453435824
2018-03-22,0.345522259153,0.160188817598,0.0535469736771,0.175050069906,0.0857336027399,0.0436248352312,0.0928653465911,0.0434680951047
2018-03-23,0.341418880964,0.159741976813,0.0532736692409,0.176738339324,0.0866786143276,0.0440691014724,0.0949741161286,0.0431053017286
2018-03-26,0.345776453802,0.160290008659,0.0540986987931,0.17416212803,0.0852141985948,0.0433658163621,0.0941163678805,0.042976327879
2018-03-27,0.342379824758,0.160138759533,0.0536854374493,0.175945990045,0.0863234375371,0.0438500914265,0.0942207800574,0.0434556791945
2018-03-28,0.341620104276,0.161029513472,0.0533550250963,0.17617463471,0.0863704085263,0.0438824490216,0.092988632835,0.0445792320628
2018-03-29,0.34328222405,0.161523557783,0.0539019647477,0.175305112497,0.0858704063891,0.043632245135,0.0923062050162,0.0441782843821
2018-04-02,0.339324618464,0.160749784015,0.0536561454042,0.176929766849,0.0868413927496,0.0441244797769,0.0943447100248,0.0440291027166
2018-04-03,0.341868161738,0.161152495732,0.0538931368551,0.175802610661,0.0861086673557,0.0438654350181,0.0931410733129,0.0441684193276
2018-04-04,0.343887207913,0.160753333456,0.053809665899,0.175034422942,0.0856502644971,0.0436341850209,0.0928094391995,0.0444214810722
2018-04-05,0.345580854816,0.161481309002,0.0537656802553,0.174274110866,0.0851820382345,0.0433822413785,0.0920605640801,0.0442732013684
2018-04-06,0.340921276037,0.161612965022,0.0532915021459,0.176238748116,0.0863263721352,0.0439480395953,0.093325053707,0.0443360432421
2018-04-09,0.341453074372,0.162462288585,0.0530668708857,0.175795847942,0.0860537302595,0.0437929663269,0.0933286719456,0.0440465496831
2018-04-10,0.344100299902,0.162938643805,0.0536228631121,0.174255567372,0.0852142655092,0.0434224918652,0.0927991658741,0.0436467025603
2018-04-11,0.342750659565,0.16239131924,0.0537626022653,0.174633732673,0.0854104129362,0.0436073407622,0.0936460078713,0.0437979246863
2018-04-12,0.345197936629,0.162833773647,0.053693214994,0.174054152174,0.0850114624203,0.0434909998375,0.0924570469142,0.0432614133844
2018-04-13,0.344326053559,0.163045542854,0.0531555008018,0.174174171359,0.0851208842483,0.0435703910815,0.0931011064356,0.0435063496604
2018-04-16,0.34593940285,0.162763450266,0.0530145897056,0.173595878769,0.0847809596795,0.0433792052292,0.0929056291516,0.0436208843485
2018-04-17,0.347782900198,0.162727085982,0.0527782136657,0.172722008968,0.0843798494598,0.0432136290371,0.0924989010422,0.0438974116472
2018-04-18,0.347803151383,0.163588061097,0.0531155883331,0.172119778839,0.0839935923182,0.0430964386951,0.0925082398854,0.0437751494489
2018-04-19,0.347442103574,0.163570534977,0.0530609590033,0.172478343625,0.0841433204364,0.0432228752103,0.0927460139084,0.0433358492649
2018-04-20,0.346705370428,0.163819074096,0.0527722265147,0.173110869041,0.0844004304582,0.0433496220966,0.0926312708192,0.0432111365467
2018-04-23,0.347187587295,0.163889245836,0.0524984247854,0.173295939008,0.0844472648718,0.0434048343428,0.0920340423898,0.0432426614717
2018-04-24,0.344400281467,0.164059991781,0.0525459931226,0.174021109352,0.084812429052,0.0435237300375,0.0929908493707,0.0436456158166
2018-04-25,0.345622548976,0.163869399879,0.0522104241298,0.173977720863,0.0847192958451,0.0435044117824,0.0924860512977,0.0436101472264
2018-04-26,0.346997098613,0.164068699354,0.0524291843825,0.173206281908,0.0844417088028,0.0433499600335,0.0915969454829,0.0439101214226
2018-04-27,0.346484679159,0.163854585076,0.0525770276346,0.173000445043,0.0843791191814,0.043384129468,0.0917634187779,0.0445565956613
2018-04-30,0.345399723591,0.163730527586,0.0524625711927,0.173828115482,0.084858583571,0.0436183477504,0.0915166013004,0.0445855295263
2018-05-01,0.346179218532,0.163662717803,0.0521889560675,0.173763445979,0.0847662556185,0.0435142893633,0.0909137345062,0.0450113821299
2018-05-02,0.344897614471,0.16393950439,0.052001639463,0.174290928532,0.0850403972693,0.0437010368575,0.0911454898096,0.0449833892073
2018-05-03,0.34402945745,0.164217940904,0.0518239881189,0.174434006787,0.0852316682249,0.0437419630701,0.0915811022491,0.0449398731962
2018-05-04,0.346352771088,0.163833244524,0.051759077362,0.173482292909,0.0847189726834,0.0434861588159,0.0912116136766,0.0451558689415
2018-05-07,0.34710535623,0.163599280865,0.0515593834574,0.173191091366,0.084575095497,0.0434414530861,0.0911235202379,0.0454048192606
2018-05-08,0.347232168646,0.163659050672,0.0518413822831,0.173057966272,0.0844644275009,0.0433798023374,0.0911714445322,0.0451937577569
2018-05-09,0.349319523153,0.163574436321,0.0517221318375,0.172235810984,0.0839678425281,0.0431957404885,0.0906518878494,0.0453326268381
2018-05-10,0.350107674283,0.163577224653,0.0523774034401,0.171413981015,0.0835507250874,0.0429765314434,0.0906301431846,0.0453663168933
2018-05-11,0.350820183889,0.163735201105,0.0521433853175,0.171321267005,0.0834743111513,0.042932980795,0.0904081144216,0.045164556316
2018-05-14,0.351195400153,0.16412026969,0.052332708371,0.171260843502,0.0833425469389,0.042851091407,0.090092605297,0.0448045346418
2018-05-15,0.351704589221,0.164118544746,0.0517679244447,0.171930976813,0.0835770960337,0.0430716508024,0.0893820761981,0.0444471417411
2018-05-16,0.352474068381,0.164296078649,0.0523927371087,0.171390117853,0.0832351544714,0.0429234417599,0.0890641627886,0.0442242389892
2018-05-17,0.352648100361,0.16473386003,0.0517331512727,0.171391289789,0.0832968509803,0.0428998081242,0.0892345216959,0.0440624177465
2018-05-18,0.352106576268,0.164312205151,0.0513038248047,0.171998056077,0.0837014405406,0.0430572883438,0.0893573361165,0.0441632726974
2018-05-21,0.353095592755,0.164592237229,0.0513934299535,0.171210338671,0.0833680666978,0.0428714015161,0.0889904716752,0.0444784615025
2018-05-22,0.352439919992,0.164636062434,0.0516457070218,0.171368888101,0.0834121463225,0.0428918430358,0.0890219744742,0.0445834586175
2018-05-23,0.353161068476,0.162965835823,0.0513821247218,0.171719868231,0.083733912849,0.0429848586579,0.0890538304829,0.0449985007577
2018-05-24,0.352451916647,0.162430122667,0.051202390573,0.172198475513,0.0839523678448,0.0430366310642,0.0898205355371,0.0449075601542
2018-05-25,0.35195408503,0.161683492264,0.0513773283152,0.172740309821,0.0843651986183,0.0431401658782,0.0896314809527,0.0451079391205
2018-05-29,0.34998437998,0.159372867845,0.0505399707817,0.174918297666,0.0857852678995,0.0436536649344,0.0901522025874,0.0455933483068
2018-05-30,0.35209470598,0.160499380595,0.0506182023328,0.173216844397,0.0848022669911,0.0432577582084,0.0896322476739,0.0458785938221
2018-05-31,0.351160268889,0.160189607717,0.0508519970563,0.173675010779,0.0850569531917,0.0434358788691,0.0897484786565,0.0458818048416
2018-06-01,0.353061026903,0.160682391022,0.0511976628276,0.172704234149,0.0843730141026,0.043183138221,0.088914184756,0.0458843480193
2018-06-04,0.353870890917,0.161009836276,0.0516045452319,0.17187576401,0.0838694036099,0.0429890423833,0.0886098223979,0.0461706951736
2018-06-05,0.354025088789,0.160782852152,0.0511367710223,0.171955568509,0.0840596108497,0.043072673938,0.088931468974,0.0460359657656
2018-06-06,0.355419758942,0.161440227692,0.0516450243148,0.170813651529,0.0833540743675,0.0427919208293,0.0885919901825,0.0459433521434
2018-06-07,0.355718255365,0.160660298732,0.0509044311906,0.171347755195,0.0837868367476,0.0429628002203,0.0886327080173,0.0459869145318
2018-06-08,0.356360407277,0.160762576208,0.0508121765367,0.170908634658,0.0835755918958,0.0428407501403,0.0886390477616,0.0461008155234
2018-06-11,0.356379755121,0.161595982089,0.0506799623928,0.170513372288,0.0833870592395,0.04278618275,0.0886844733266,0.0459732127922
2018-06-12,0.357065399016,0.160694894613,0.0506781422956,0.170669365904,0.0833903947727,0.0427787302977,0.0884451459669,0.0462779271341
2018-06-13,0.356768580828,0.161147092904,0.050425673493,0.170911438956,0.0834890309364,0.0428531358905,0.0889215854057,0.0454834615872
2018-06-14,0.357090727241,0.160493240768,0.0500740216167,0.171072654614,0.0836175504205,0.0428951421666,0.088915287732,0.0458413754408
2018-06-15,0.357776630096,0.159892093519,0.0499630391613,0.171684985118,0.0839511476721,0.043047812487,0.0877250350997,0.0459592568463
2018-06-18,0.357925749992,0.159170739823,0.0495089236623,0.172143108597,0.084200510073,0.0431891666649,0.0877757873753,0.0460860138127
2018-06-19,0.357795066414,0.157988338213,0.0491126960685,0.172921782025,0.0847175744697,0.043409065925,0.0878558747256,0.0461996021594
2018-06-20,0.358227195483,0.158235089261,0.049247372937,0.172509567824,0.0844018204437,0.0432677246599,0.0874196040305,0.0466916253605
2018-06-21,0.357268965231,0.157718755442,0.0487296949084,0.173182735539,0.0849317674451,0.0435017598734,0.0875826049475,0.0470837166133
2018-06-22,0.356650159978,0.158843357412,0.0489514252908,0.172731097317,0.0846469059549,0.0434091515916,0.0874825745524,0.0472853279036
2018-06-25,0.354682945203,0.157895272896,0.0487073505156,0.174050297053,0.0854587192547,0.0437849554293,0.087870881833,0.0475495778143
2018-06-26,0.355166575013,0.157945768851,0.0484701222821,0.174181961836,0.0854280036507,0.0438100564083,0.0873349877095,0.047662524249
2018-06-27,0.354119459921,0.15734930755,0.047653400884,0.175432820936,0.0862150691527,0.0441904873667,0.0873042355993,0.0477352185909
2018-06-28,0.355066430889,0.157427696991,0.0479596789525,0.174885450158,0.0858704516036,0.043998266937,0.0867757759939,0.0480162484744
2018-06-29,0.354510359102,0.158134800581,0.0485988492286,0.174508272523,0.0855459662164,0.0438817581906,0.0868300197452,0.0479899744128
2018-07-02,0.356270146233,0.156880269391,0.0482046746338,0.174833817018,0.0857285036504,0.0440215804112,0.086201571593,0.0478594370696
2018-07-03,0.354647031645,0.157051367879,0.0482012268869,0.175016477786,0.085858147982,0.0440701371851,0.0869853434911,0.048170267145
2018-07-05,0.355784808379,0.157272419403,0.0479186711545,0.174321273234,0.0854449215733,0.043904337982,0.086850077773,0.0485034905011
2018-07-06,0.356974354553,0.157534936332,0.0482581479099,0.173616500452,0.0850861887612,0.0437435827127,0.0862716770434,0.0485146122356
2018-07-09,0.358440653101,0.158189296654,0.0488991743974,0.17261161541,0.0844587552781,0.0434426888807,0.0860624582112,0.0478953580687
2018-07-10,0.359333412504,0.158196456406,0.0487997867245,0.172291437815,0.0842995614433,0.0433293507798,0.0858087563727,0.0479412379549
2018-07-11,0.359256590563,0.156546272207,0.0482340479138,0.17358904587,0.085076906332,0.0436857875023,0.0854851430054,0.048126206606
2018-07-12,0.360388701164,0.156938651968,0.0486220523797,0.172782721493,0.0845452550984,0.0433950494305,0.0853380498539,0.0479895186124
2018-07-13,0.360448779906,0.157277671884,0.048625931297,0.172837766233,0.0846329416855,0.0434528248156,0.084909665507,0.0478144186719
2018-07-16,0.360598092683,0.157520054075,0.048416608795,0.172869215774,0.0846034653995,0.0433940757235,0.0849775250962,0.0476209624545
2018-07-17,0.361835551162,0.157605800107,0.0487622073142,0.172698609201,0.0845021983716,0.0433097726723,0.08400806841,0.0472777927622
2018-07-18,0.362445722543,0.157612909372,0.0486964424144,0.172577989111,0.0844009998774,0.043222416471,0.0839947474005,0.0470487728114
2018-07-19,0.361742532819,0.157246696301,0.048228083902,0.173155417539,0.0847876323877,0.0433636020763,0.0837874092375,0.0476886257371
2018-07-20,0.361148804386,0.158115145829,0.048829885588,0.172727677369,0.0844478434546,0.0432378282397,0.0842879256638,0.0472048894691
2018-07-23,0.362347210909,0.158090124633,0.0487528589469,0.172376880588,0.0841571391876,0.0430961274564,0.0840051364989,0.04717452178
2018-07-24,0.362845255747,0.158495989908,0.0493020976762,0.171992870414,0.0839085518123,0.0429623492147,0.0837282545264,0.0467646307009
2018-07-25,0.363800217986,0.158762684169,0.0497930725037,0.171004402558,0.0833611079644,0.0427190777927,0.0836983292098,0.0468611078165
2018-07-26,0.363931796564,0.158543510109,0.0494421466262,0.171373746483,0.0834980793778,0.0427933871509,0.083272040398,0.0471452932911
2018-07-27,0.36223873973,0.159281996699,0.0496159454979,0.171869940071,0.0838084754026,0.042950282471,0.0834934042635,0.0467412158661
2018-07-30,0.361241895175,0.159568469076,0.0496709947664,0.172118237012,0.0839093573678,0.0430338524685,0.0835707631138,0.0468864310203
2018-07-31,0.36175210557,0.159155120716,0.0497237836442,0.171661539488,0.0837308179982,0.0429485212619,0.0835231026867,0.0475050086344
2018-08-01,0.361972215893,0.158973158384,0.0494624948862,0.171876242496,0.0837236830222,0.042941429534,0.0831002971952,0.0479504785887
2018-08-02,0.364034299358,0.157812549117,0.0489067123996,0.171983729605,0.0838435809735,0.0429752909463,0.082673295295,0.0477705423062
2018-08-03,0.364295346089,0.157469417709,0.0490386374581,0.171745667591,0.083759881629,0.0429073600064,0.0826673719168,0.0481163176002
2018-08-06,0.365676788057,0.156728017192,0.0486711156967,0.17188045026,0.0838114976999,0.0429203925925,0.0822531721181,0.0480585663834
2018-08-07,0.366083027924,0.157361954853,0.0490053880664,0.171197726919,0.0834558376786,0.0427690014802,0.0822601572536,0.0478669058246
2018-08-08,0.366029010537,0.15736874524,0.0489057603366,0.171244488128,0.0835526050589,0.0427845035697,0.0825124107495,0.0476024763808
2018-08-09,0.365669208238,0.157139641176,0.0488566971864,0.171552897986,0.0838148268027,0.0429009396431,0.0824219218872,0.0476438670812
2018-08-10,0.365381139274,0.155090296444,0.0481695403239,0.172948452495,0.0846776684625,0.043295597747,0.0828763785823,0.0475609266711
2018-08-13,0.36554252475,0.154974277185,0.0475953877444,0.173773163288,0.0850085271078,0.04346972621,0.0819691534167,0.0476672402988
2018-08-14,0.366829533292,0.154752557199,0.0477448256954,0.173116336228,0.0846841382845,0.0432919478469,0.0818158398171,0.0477648216367
2018-08-15,0.366644039546,0.153452414994,0.0466693258472,0.174576825379,0.0854866613357,0.0436814437347,0.0810198384184,0.0484694507451
2018-08-16,0.3678680746,0.153788297269,0.046780246298,0.173851750511,0.0850586358504,0.0434483054283,0.0805725657049,0.0486321243382
2018-08-17,0.367668710696,0.154184382655,0.046988689318,0.173245670425,0.0847474022052,0.0432917437084,0.0809903516396,0.0488830493533
2018-08-20,0.367435160832,0.154410456359,0.0470625876949,0.17310659877,0.0847765744661,0.043256731175,0.0811694251804,0.0487824655227
2018-08-21,0.367546723354,0.155109710836,0.0474757607463,0.172608257483,0.0844886540108,0.0431416722345,0.0812412977255,0.0483879236093
2018-08-22,0.366914957646,0.155694559295,0.0477047925043,0.172559496121,0.0845497185575,0.0431853993441,0.081329332958,0.0480617435746
2018-08-23,0.367659557737,0.155056760626,0.0471169261023,0.1730423122,0.0848257207392,0.0433653076363,0.0808318883402,0.0481015266193
2018-08-24,0.367653547308,0.155280849058,0.0475329605421,0.172197822094,0.0843414344961,0.0431473370923,0.0817505639471,0.0480954854632
2018-08-27,0.368542617951,0.156553611207,0.0480479993839,0.171037454021,0.0836956150829,0.0428480341345,0.0816125657668,0.0476621024522
2018-08-28,0.369094981628,0.156353435719,0.0478611840478,0.170889891139,0.0835929381002,0.0428075459993,0.081046666783,0.0483533565837
2018-08-29,0.369807912036,0.156675868443,0.0479652990355,0.170271572288,0.0832817298803,0.0426606715514,0.0811380451634,0.0481989016017
2018-08-30,0.37001343473,0.155998065952,0.0469065602236,0.171139038012,0.083821931023,0.0428961191236,0.0811134403554,0.0481114105798
2018-08-31,0.370246867545,0.155119780345,0.0472492189299,0.171225051172,0.0838882901655,0.0428719731779,0.0810689575291,0.0483298611356
2018-09-04,0.37134398432,0.154293657427,0.0464095265254,0.171837408909,0.0840894045564,0.0430138089532,0.0810332541943,0.0479789551153
2018-09-05,0.371171202338,0.153478896994,0.0460151951481,0.172139911039,0.0842688987581,0.0430673007823,0.081494617365,0.0483639775757
2018-09-06,0.370380551507,0.153070560039,0.04603315008,0.172584410906,0.0845166250717,0.0431440090313,0.081724916692,0.0485457766725
2018-09-07,0.371155813274,0.152451986653,0.0460146147764,0.172662190174,0.0844771599333,0.0431942207375,0.0818314022894,0.0482126121628
2018-09-10,0.371311453563,0.153087334932,0.0454088358761,0.172597876542,0.0844155200755,0.0431489656331,0.0816658838436,0.0483641295343
2018-09-11,0.372217578312,0.153174473719,0.04542676992,0.172157266584,0.0840373726653,0.0430229697789,0.0816465868276,0.0483169821935
2018-09-12,0.371568968996,0.153523150344,0.0456197953592,0.171929451014,0.0839697020964,0.0429762978126,0.0821683264592,0.0482443079187
2018-09-13,0.372373902111,0.153926126385,0.0460252896372,0.171402189502,0.0836485753805,0.0427545062087,0.0815681721325,0.0483012386435
2018-09-14,0.372833502079,0.154415057212,0.0460176657836,0.171260095307,0.083581043578,0.0427227680632,0.0811236371724,0.0480462308048
2018-09-17,0.371449210075,0.154805327435,0.045728771313,0.171532304914,0.0837303751528,0.0427983844445,0.0816767461772,0.0482788804892
2018-09-18,0.372418710181,0.155960583408,0.045961724714,0.170679590062,0.0831505376602,0.0425899182586,0.0813261255761,0.0479128101406
2018-09-19,0.372515739078,0.15637645249,0.046544776396,0.170218845966,0.0829439422955,0.0425094800398,0.0815759077918,0.0473148559433
2018-09-20,0.373252687494,0.15711171359,0.0466428701508,0.169409469836,0.0824480996298,0.0423085542311,0.0813578797691,0.0474687252993
2018-09-21,0.373106408317,0.157229725339,0.0468577896614,0.16962670875,0.0825238428243,0.0423344719244,0.0808447468842,0.0474763062997
2018-09-24,0.373234318426,0.157123607617,0.0464450532642,0.17008907154,0.0827371234861,0.0424479008196,0.0811277402268,0.0467951846199
2018-09-25,0.372642463812,0.157775894079,0.0467068301564,0.169896392566,0.0826006641855,0.0424046011535,0.081202937952,0.046770216096
2018-09-26,0.371976317502,0.158031626755,0.0468486357289,0.170505439102,0.082971276126,0.0425288545819,0.0808718060414,0.0462660441627
2018-09-27,0.372875135164,0.157538281611,0.0469675805847,0.170554101305,0.0829400030995,0.0425282058603,0.0801262308169,0.0464704615582
2018-09-28,0.373061175521,0.156479535555,0.0466900781313,0.170444111437,0.0830138232725,0.042525804811,0.080665863547,0.0471196077243
2018-10-01,0.374038864392,0.156743888206,0.046764144346,0.170253775635,0.0827328965744,0.0423631417561,0.0804614331514,0.0466418559395
2018-10-02,0.37398140912,0.155799047282,0.0462833829022,0.170521094576,0.0829821161173,0.0424505682378,0.0814255796473,0.046556802117
2018-10-03,0.375268328838,0.155995662576,0.0460290172652,0.170202392023,0.0826037730352,0.0423688361826,0.0813382396331,0.0461937504468
2018-10-04,0.375007665398,0.155106969571,0.0453015754612,0.170933460863,0.0829808264322,0.0425680393371,0.0819653580996,0.0461361048376
2018-10-05,0.374239808744,0.154891161796,0.0452555854075,0.171166366016,0.0830770607084,0.0426030186656,0.0824898900619,0.0462771086013
2018-10-08,0.374636307947,0.154211612302,0.0453843859277,0.171282022826,0.0831984626082,0.0426286566244,0.0816629844806,0.0469955672837
2018-10-09,0.374305922472,0.153750238396,0.0452950510101,0.171627568339,0.0834051639492,0.0427743521688,0.0817537697685,0.047087933896
2018-10-10,0.368776821044,0.152884638182,0.0448034145171,0.174571292916,0.0849025423736,0.0434768242073,0.0833867509419,0.0471977158174
2018-10-11,0.363900707239,0.152113192891,0.0448033292276,0.176665803551,0.0860180993158,0.0439403597432,0.0862989935213,0.0462595145115
2018-10-12,0.36664680575,0.151910610041,0.0456550112615,0.175610993485,0.0853778214679,0.0435977751606,0.0853517796804,0.0458492031532
2018-10-15,0.365292140328,0.151941613429,0.0452943349428,0.175832832787,0.0855940574987,0.0437099925583,0.0860882121391,0.046246816317
2018-10-16,0.368652068009,0.152651618155,0.0457595770584,0.173752707127,0.0845245621122,0.0431720784565,0.0848744233364,0.0466129657454
2018-10-17,0.369564468935,0.152073726954,0.0453150179537,0.173802492163,0.0844737685494,0.0431684915417,0.085061952459,0.0465400814431
2018-10-18,0.367506617705,0.151007167314,0.0445312282106,0.175249714634,0.0853876492918,0.0435252165911,0.0859241108049,0.0468682954487
2018-10-19,0.366874479872,0.151615255317,0.0448912454049,0.174892432546,0.0851849178952,0.0434341100815,0.085889502811,0.0472180560722
2018-10-22,0.366256035872,0.151329068954,0.0454904025272,0.175351309641,0.0854418069386,0.0435324570568,0.0859086163249,0.0466903026859
2018-10-23,0.365374166452,0.150194099184,0.0451627445136,0.176043152565,0.0858946663401,0.0436618533563,0.0866464845388,0.0470228330492
2018-10-24,0.359633374312,0.148251527736,0.0445069003176,0.179153067136,0.0876557409502,0.0444649694031,0.0881539019475,0.0481805181981
2018-10-25,0.362889191195,0.148585389604,0.0449529781517,0.177436352573,0.0866838035412,0.0438913977847,0.087189480809,0.0483714063409
2018-10-26,0.359326360541,0.148501016896,0.0449599813424,0.179249710659,0.0877598496353,0.0444618535755,0.088158359547,0.0475828678042
2018-10-29,0.35857741453,0.148404351783,0.0442358559826,0.179684057952,0.0880561271475,0.0445715708212,0.08811626128,0.0483543605031
2018-10-30,0.361087208696,0.149085037612,0.0447925388078,0.178044341546,0.0871875825491,0.0441108732369,0.0870539266961,0.0486384908562
2018-10-31,0.363444451556,0.149683587391,0.045120958962,0.177228036709,0.0866142135215,0.0438289553547,0.0862095917163,0.0478702047894
2018-11-01,0.363943267205,0.150260670964,0.0463130868238,0.176046294026,0.0858932421355,0.0433714615894,0.086516762108,0.0476552151479
2018-11-02,0.36290902638,0.151140176218,0.046622458555,0.176067239226,0.0856795369097,0.043373699268,0.0867997994014,0.0474080640417
2018-11-05,0.363860830514,0.150630130371,0.0467008712925,0.175678669439,0.0854842275128,0.0433287527783,0.0863422358024,0.0479742822906
2018-11-06,0.365134631181,0.150992395598,0.0463929940175,0.175201960536,0.0851503155846,0.0431910912889,0.0858554970358,0.048081114758
2018-11-07,0.368798653301,0.15116021174,0.0466916347375,0.173400594261,0.0842020738681,0.0427416240502,0.0848920844001,0.048113123642
2018-11-08,0.369591218181,0.150238139544,0.045742856674,0.173771876542,0.0844180296298,0.0428520577432,0.0850456096705,0.0483402120153
2018-11-09,0.368109199253,0.150028699804,0.0452208594257,0.1750008401,0.085240819698,0.0432046459282,0.0845796962995,0.0486152394919
2018-11-12,0.364854666396,0.148930813695,0.0450686895137,0.177044911324,0.0863537882321,0.0437304524517,0.0848162538942,0.0492004244934
2018-11-13,0.3639902255,0.149422037738,0.0455804723024,0.177024454598,0.0863794170908,0.0436724844407,0.0848037561295,0.0491271522009
2018-11-14,0.361936406954,0.1497526782,0.0459918974961,0.177254226216,0.0866638551652,0.043729016664,0.0856076496561,0.0490642696495
2018-11-15,0.363803656473,0.149458700876,0.0466503787506,0.176548035642,0.0862710808128,0.0435366171916,0.085257085893,0.0484744443613
2018-11-16,0.363605391783,0.149139470702,0.0466690548854,0.176280484919,0.0862648496863,0.0435794040797,0.0856190464142,0.048842297531
2018-11-19,0.360253802377,0.149062153886,0.0464522871961,0.177643657759,0.0870691673425,0.0439005078798,0.0863267003922,0.0492917231675
2018-11-20,0.357537787013,0.147942872813,0.0459862581518,0.179559939324,0.0880246891654,0.0443260529653,0.0872912855031,0.0493311150637
2018-11-21,0.357139425572,0.149440920086,0.0466400914123,0.178870345269,0.0876107168506,0.0441060542233,0.0870406720344,0.049151774553
2018-11-23,0.356213526108,0.149064175794,0.0463396084965,0.179554731131,0.0880232496444,0.0442184660635,0.0873308283427,0.0492554144196
2018-11-26,0.359113749192,0.14989537704,0.0462963499037,0.178106646668,0.0872610671894,0.0438218845784,0.0865457743438,0.0489591510846
2018-11-27,0.360034091483,0.149321989205,0.046592661787,0.178015374869,0.0872774746622,0.0436701446106,0.0859606423066,0.0491276210768
2018-11-28,0.363718187582,0.1496198833,0.0470327400668,0.176125254443,0.0861775769674,0.0431757371018,0.0852032614635,0.048947359076
2018-11-29,0.363280875639,0.149057302037,0.0467613591351,0.176382794558,0.0864838017327,0.0434729369973,0.0855532888616,0.0490076410394
2018-11-30,0.364737659315,0.148226310681,0.0466057252501,0.175966836935,0.0864745150273,0.0433907591285,0.0852284289706,0.0493697646926
2018-12-03,0.366198830886,0.148833608714,0.0471001376052,0.174647940039,0.0858735976926,0.043076039471,0.0850875117165,0.0491823338763
2018-12-04,0.359993335676,0.14738199763,0.0469659307954,0.177911912675,0.0876482285808,0.0438962724263,0.0869739728089,0.049228349408
2018-12-06,0.359595668236,0.146053345856,0.0466068903885,0.178425835032,0.0879073200246,0.0439184108894,0.0870247598358,0.0504677697376
2018-12-07,0.354869156785,0.146006696588,0.0461445305865,0.180508876106,0.0890755420518,0.0444369331353,0.0886369711824,0.0503212935643
2018-12-10,0.356143038452,0.144999146503,0.0456838905085,0.180933814103,0.0892780887782,0.0444025669552,0.0884784653447,0.0500809893554
2018-12-11,0.356129099466,0.145112464125,0.0461383620448,0.180937071107,0.0890287257266,0.0442124350315,0.0883496530654,0.0500921894345
2018-12-12,0.356589684872,0.146843578087,0.0466579921271,0.180126917831,0.0884552900811,0.0439832384779,0.0882079312386,0.049135367285
2018-12-13,0.356509488544,0.14659530276,0.0467348455878,0.180198586788,0.0885171964812,0.0439963264139,0.0880232708996,0.0494249825255
2018-12-14,0.35326359669,0.145967523495,0.0465907689249,0.181968718269,0.0895009634987,0.0444484874934,0.0885073203734,0.0497526212559
2018-12-17,0.349587575193,0.146066004517,0.0465183199462,0.183991759261,0.0906062124678,0.0449443303856,0.0899571807414,0.0483286174879
2018-12-18,0.348627153023,0.145978663167,0.0467325369184,0.184227366666,0.0906794654483,0.0449869218181,0.0900218674749,0.0487460254843
2018-12-19,0.346207187316,0.145577310486,0.0463311330107,0.18590547581,0.0917389575129,0.0454326672538,0.0902030658839,0.0486042027265
2018-12-20,0.342483896306,0.145848048961,0.0469478800577,0.186772892031,0.0921378785872,0.0455584531677,0.09210770157,0.0481432493186
2018-12-21,0.339317702616,0.14463900468,0.0471012676304,0.188827749026,0.0932769576666,0.0460603666645,0.0927587992355,0.0480181524813
2018-12-24,0.334086445885,0.144675565705,0.0472651807744,0.191088733087,0.0945690487748,0.0466493388222,0.0948346033659,0.0468310835856
2018-12-26,0.34348880782,0.145188450874,0.0470762884771,0.186664412578,0.0921160122309,0.0455635793377,0.0925357749408,0.0473666737408
2018-12-27,0.344785924571,0.14474442255,0.0467952569457,0.186240797243,0.0919909588697,0.0453871829596,0.0928785248336,0.0471769320278
2018-12-28,0.343420181988,0.145299249207,0.0470025617086,0.186427204903,0.092242600991,0.0453985592715,0.0930065581041,0.0472030838268
2018-12-31,0.344923449577,0.144980797457,0.0467126093498,0.186089360235,0.0921869415358,0.045234429502,0.0927479525756,0.0471244597671
2019-01-02,0.345346597621,0.14481229601,0.0469297742428,0.186263781264,0.0923987629637,0.0453131076023,0.0928264181832,0.0461092621129
2019-01-03,0.339556399037,0.144684017156,0.0465298087461,0.188392497591,0.0938103399737,0.0459088370217,0.094348932791,0.0467691676836
2019-01-04,0.345519193208,0.14683336916,0.0472596118431,0.184932953362,0.0916179486324,0.0451067540321,0.0921430283799,0.0465871413824
2019-01-07,0.347039947352,0.146789456327,0.0471932270692,0.183983067161,0.0910476744534,0.0449222845775,0.0921421738075,0.046882169252
2019-01-08,0.348571538453,0.147102866046,0.0472256232462,0.182937424067,0.0903720736582,0.0447371282421,0.0914391040406,0.0476142422464
2019-01-09,0.348492549029,0.148183133606,0.0476793258901,0.182199136831,0.089983276752,0.0445714966228,0.0915771301396,0.0473139511297
2019-01-10,0.349040598798,0.148505292244,0.0479457685478,0.181639307077,0.0897647421343,0.0443797454377,0.0908606955188,0.0478638502426
2019-01-11,0.349226753307,0.147610749481,0.0476533319605,0.181922200887,0.0900459110639,0.0445033113144,0.0910310078636,0.0480067341222
2019-01-14,0.348337088449,0.147372054461,0.0474870811689,0.182315461051,0.0903157420906,0.0445813893518,0.0915739517178,0.0480172317102
2019-01-15,0.350425500553,0.147490509032,0.0475413762309,0.181364510671,0.0897414898671,0.0443002463127,0.0909225051593,0.0482138621745
2019-01-16,0.350397859975,0.147578976986,0.0478880424268,0.18106540452,0.0894661084964,0.0441857709537,0.0909860482109,0.0484317884316
2019-01-17,0.351944758429,0.147607049486,0.0479631808609,0.1803597725,0.0890214820174,0.0440106195677,0.0905809395723,0.0485121975667
2019-01-18,0.354709471286,0.148395567557,0.0479533453453,0.17925413577,0.0882607464867,0.0437219339208,0.089289157805,0.0484156418296
2019-01-22,0.352468368601,0.147161483753,0.0474929636646,0.180713752776,0.0892136464982,0.0440687974052,0.0902597081302,0.0486212791717
2019-01-23,0.352524464477,0.147635472004,0.0478650007114,0.180551623709,0.0889986341024,0.043931720049,0.0899594792604,0.0485336056862
2019-01-24,0.352197078151,0.147609203791,0.0481987605388,0.180592582452,0.0891513929921,0.0439355591079,0.0896874484439,0.0486279745232
2019-01-25,0.352754513266,0.148443829382,0.0483416408537,0.179276735154,0.0883391696721,0.0435683909364,0.0903777604811,0.0488979602547
2019-01-28,0.351211566367,0.148210113467,0.0479901589322,0.179758478188,0.0886519402586,0.0436502430444,0.0909889230721,0.0495385766696
2019-01-29,0.350128288451,0.148363262797,0.0479647508477,0.179913376,0.0887515527998,0.043700704965,0.0913371238776,0.0498409402614
2019-01-30,0.352212066493,0.148560306656,0.0483401893664,0.178563629053,0.0880909248331,0.0435120806832,0.0909668076158,0.0497539952993
2019-01-31,0.353400550454,0.147800934647,0.0485927836669,0.178136899005,0.0880215387907,0.0435217636982,0.0905226918219,0.0500028379164
2019-02-01,0.35419291157,0.147986711482,0.0483171053819,0.178080671969,0.0877045828344,0.0434452571583,0.0905002335852,0.0497725260194
2019-02-04,0.355736205773,0.148111718526,0.0482932008334,0.177457625947,0.0872780790296,0.0432436019296,0.0898680713496,0.0500114966121
2019-02-05,0.355685966829,0.148652645585,0.0486285834403,0.177072093165,0.0870520537924,0.0431154419665,0.0897112623106,0.050081952911
2019-02-06,0.356285897043,0.148138237522,0.048194670755,0.17750554854,0.0873811106717,0.043217826152,0.0893730411456,0.0499036681708
2019-02-07,0.354545577128,0.14693817166,0.0479661328999,0.178421732897,0.0880777880858,0.0434874212334,0.0900106628892,0.0505525132071
2019-02-08,0.354763718808,0.146329253613,0.0477506470869,0.17871337504,0.088142517465,0.0434807176222,0.0902978577052,0.0505219126598
2019-02-11,0.355349096119,0.146192014431,0.0475229783643,0.178725668499,0.0881040159508,0.0434379405821,0.0899527742376,0.0507155118161
2019-02-12,0.357500752996,0.147130340639,0.0476672020962,0.177558150596,0.0873948756104,0.0431539347159,0.0895364535399,0.0500582898065
2019-02-13,0.358581213604,0.147134276748,0.0473205843712,0.177203855538,0.0871575035842,0.0431364715716,0.0891622588376,0.0503038357456
2019-02-14,0.357516480613,0.147023501261,0.0473775645682,0.177335096239,0.0875020276923,0.0432248581458,0.0895934289597,0.0504270425204
2019-02-15,0.358996314614,0.148019528886,0.0469803351648,0.176281023565,0.0868339001651,0.0429358791463,0.0895252967539,0.050427721704
2019-02-19,0.35834992803,0.148228186675,0.047295944792,0.175757930288,0.0866769942748,0.0428849297479,0.0905679138086,0.050238172384
2019-02-20,0.358692840146,0.148655323837,0.0474520039167,0.175588439762,0.0865687987684,0.0428550353417,0.0903151336384,0.0498724245893
2019-02-21,0.358650950177,0.148802255007,0.0475124081841,0.175800665047,0.0866101843059,0.0429294322429,0.0896021954157,0.0500919096201
2019-02-22,0.359170836211,0.14864622342,0.047825327104,0.175411680484,0.086457449758,0.0428384185848,0.0895000784407,0.0501499859981
2019-02-25,0.359335186792,0.148985336764,0.0484216972766,0.175204356213,0.0862473530423,0.0427689925968,0.0893266971139,0.0497103802014
2019-02-26,0.358818639353,0.149495971938,0.0482383467992,0.175273439968,0.0864408306668,0.0427996098617,0.0894116505487,0.0495215108647
2019-02-27,0.359622633322,0.14942129709,0.0479896205582,0.175365813127,0.0863656212179,0.0428137287721,0.089015183657,0.0494061022549
2019-02-28,0.359899088093,0.149193570254,0.0477490335293,0.17551668917,0.0863693205841,0.0428570300746,0.0887488163944,0.0496664519001
2019-03-01,0.361819953775,0.149972464946,0.0477633225062,0.175074446685,0.0860083401714,0.0427334546795,0.0871599353096,0.0494680819266
2019-03-04,0.36093421004,0.14956623713,0.0479924716051,0.17549704421,0.0863770074817,0.0428462937169,0.0870348305508,0.0497519052643
2019-03-05,0.360233934546,0.149589027208,0.0485265689068,0.175510050725,0.0863767123129,0.0428059655129,0.0870987691897,0.0498589715992
2019-03-06,0.358991361952,0.149541628558,0.0484123804052,0.176234114716,0.0868449319643,0.0429686234805,0.0872483468695,0.0497586120545
2019-03-07,0.357764020133,0.148372197664,0.0478680390973,0.177609784243,0.0875712089379,0.0433036781014,0.0876114705335,0.0498996012899
2019-03-08,0.356990475206,0.148163902522,0.0475136245701,0.177812701941,0.0876825643828,0.0433355811268,0.0885560499181,0.049945100333
2019-03-11,0.359381430485,0.148376413664,0.0481112634682,0.176461338266,0.086941574364,0.0429945051041,0.0874456351885,0.050287839459
2019-03-12,0.359645659829,0.148000527828,0.0481601043521,0.176255095364,0.0869188474503,0.0429453258211,0.087708920796,0.0503655185598
2019-03-13,0.360450144194,0.148444503673,0.0480528609987,0.175406379809,0.0865074623435,0.0428082237569,0.0879377570894,0.0503926681353
2019-03-14,0.360927415056,0.148590904157,0.0478963978106,0.175489655681,0.0865535250335,0.0428808221392,0.0870931689715,0.0505681111516
2019-03-15,0.360896508392,0.149330475306,0.048303617437,0.175050776715,0.0863919330627,0.0428154288779,0.0870539944447,0.0501572657653
2019-03-18,0.361479870827,0.149536821755,0.0487504611619,0.174667858759,0.0861040849023,0.0427258992005,0.0869291411827,0.0498058622107
2019-03-19,0.361427318786,0.14987484074,0.0487426102514,0.17450182448,0.0860128070291,0.0426709557189,0.0871350692482,0.0496345737466
2019-03-20,0.359955084779,0.149570859396,0.0486793228096,0.175028519246,0.0865191226959,0.0429073690479,0.0876065382452,0.0497331837809
2019-03-21,0.362265983201,0.148993377483,0.0485572299817,0.174217010485,0.0860613075207,0.042696763433,0.0868332253046,0.050375102591
2019-03-22,0.358821333503,0.147574780582,0.0475618947341,0.176825952373,0.0875580097307,0.0432508493876,0.0879009731541,0.0505062065359
2019-03-25,0.35811352972,0.147394490576,0.0477221518932,0.176935005518,0.0876730679689,0.0431865305298,0.0884663585379,0.0505088652563
2019-03-26,0.359495937796,0.147770023768,0.0477105760963,0.176336309903,0.0872866017223,0.0429562849259,0.0877133080674,0.0507309577218
2019-03-27,0.358539800933,0.147934838176,0.04731116842,0.177165275073,0.0877667423351,0.0430863239065,0.0874799851807,0.050715865976
2019-03-28,0.359542782933,0.147697788393,0.0476729813667,0.177006352547,0.0876881208404,0.0430780539203,0.086156580203,0.0511573397967
2019-03-29,0.360622159028,0.147718965955,0.0480821762618,0.176409018063,0.0872611947444,0.043012738604,0.0859512484389,0.0509424989056
2019-04-01,0.36309001636,0.148892869931,0.0485642768857,0.174731178264,0.0862315874725,0.0426405348976,0.0851887175343,0.0506608186549
2019-04-02,0.362835199677,0.148823207941,0.0483602531526,0.174716402487,0.0862754979658,0.0426313213433,0.0854022968967,0.0509558205357
2019-04-03,0.363025332566,0.149815613661,0.0485454676523,0.174211422991,0.0859165186687,0.0424544774151,0.0851869238867,0.0508442431581
2019-04-04,0.363488912666,0.149323325071,0.048792910835,0.17410087178,0.0858880194302,0.0424263590384,0.0852865134057,0.0506930877734
2019-04-05,0.364171707755,0.149204653436,0.0490405061368,0.173715888543,0.0856753647224,0.042350205153,0.0849445772343,0.0508970970193
2019-04-08,0.364384779274,0.149285427064,0.048998263959,0.173604990614,0.085522413901,0.0423013435071,0.0852985477998,0.0506042338818
2019-04-09,0.36337382315,0.148742914157,0.0490467826735,0.174111549659,0.0858788014074,0.0424427382644,0.0859467218623,0.0504566688266
2019-04-10,0.363338714504,0.148829516239,0.0491098685293,0.17383896949,0.0857808812656,0.0424483256595,0.0859105301556,0.0507431941579
2019-04-11,0.364180891499,0.148929708262,0.048666272916,0.174081654554,0.0858088608942,0.0424606184556,0.0850318815857,0.0508401118328
2019-04-12,0.365467432505,0.149556876679,0.0488113720179,0.173186711807,0.0851369870628,0.0422454601857,0.084675424527,0.0509197352147
2019-04-15,0.36549892784,0.149739221503,0.0485906456154,0.173283109282,0.085313441268,0.0422993378633,0.084578238987,0.0506970776415
2019-04-16,0.366367455583,0.150246924364,0.0490658428608,0.173276565262,0.0851682981135,0.0422742573107,0.0839642537064,0.0496364027991
2019-04-17,0.365889171502,0.150669385056,0.0492452198081,0.17345871346,0.0852820057002,0.0423150924362,0.0838999079973,0.0492405040394
2019-04-18,0.366068425751,0.150161082668,0.0492284448084,0.173427097681,0.0853587201702,0.0423729976531,0.0838387317263,0.0495444995425
2019-04-22,0.366763353345,0.150173417722,0.0489882769835,0.173398086761,0.0853254051624,0.0423754430294,0.0839255274018,0.0490504895956
2019-04-23,0.368293508657,0.149812073791,0.0488657091343,0.172873109251,0.0850711937496,0.0422704362825,0.0833511533225,0.0494628158124
2019-04-24,0.36792791912,0.148677403439,0.0483567623141,0.173485430988,0.0854991901215,0.0424687068487,0.0836967846905,0.0498878024777
2019-04-25,0.367914115072,0.148656467984,0.0482954210325,0.173569819705,0.0854435522762,0.042493294497,0.0838147560848,0.0498125733478
2019-04-26,0.368107526295,0.148613508748,0.0483192081365,0.173206582771,0.0853177434029,0.0424120305049,0.0840239469627,0.0499994531795
2019-04-29,0.368834569758,0.149242514936,0.0482498680382,0.172974237337,0.0851751319255,0.0423096000719,0.0836841259455,0.0495299519878
2019-04-30,0.36850363651,0.149138979439,0.0482153175839,0.17284229852,0.0852243070744,0.0423210184161,0.0838222903612,0.0499321520958
2019-05-01,0.367409750902,0.14882431649,0.0481684434512,0.173746534509,0.0855759375388,0.0424230127844,0.0836505784378,0.0502014258868
2019-05-02,0.367380303263,0.148848686017,0.0483359025044,0.173723147086,0.0855107353239,0.0423384335769,0.0835046256588,0.0503581665693
2019-05-03,0.368350367212,0.149249176398,0.0486154958288,0.172780470437,0.0850182764145,0.0421544917412,0.083404357123,0.0504273648457
2019-05-06,0.368127772496,0.148351657729,0.0477507584417,0.173613666109,0.0855364219876,0.0423668163303,0.0838093929371,0.0504435139697
2019-05-07,0.365508857048,0.14728207791,0.0473050245759,0.175516253021,0.0866643115435,0.0428025287136,0.0849065996428,0.0500143475455
2019-05-08,0.365360622756,0.14764297214,0.0472277481728,0.175656710836,0.0865861150025,0.0427348459114,0.0847798755059,0.0500111096755
2019-05-09,0.36502870219,0.146875012686,0.0466622816572,0.176127150186,0.0869994310554,0.0428977347972,0.085163727595,0.0502459598326
2019-05-10,0.365415257624,0.147265253478,0.0468603730037,0.175464637741,0.0865991333713,0.042823047721,0.0849887658866,0.050583531174
2019-05-13,0.360720466662,0.145775286377,0.0458459230812,0.177969604417,0.0881281869626,0.0434544356729,0.0869383417123,0.0511677551153
2019-05-14,0.362021886118,0.146364290442,0.0462328911843,0.17715718347,0.0875712094617,0.0432507991764,0.0863219495928,0.0510797905549
2019-05-15,0.362738992674,0.146448726159,0.0461787718614,0.176782238069,0.0875121116387,0.0431713731782,0.0859401435909,0.0512276428283
2019-05-16,0.364900521911,0.14686721265,0.0459152541296,0.175993776591,0.0870543500603,0.0429620349504,0.0850430174419,0.0512638322666
2019-05-17,0.364258783937,0.146733111859,0.0452519070615,0.176876270948,0.0875077734507,0.0431237930858,0.0848411382445,0.0514072214142
2019-05-20,0.36345469168,0.146731384851,0.0452937102079,0.177415991415,0.0877474925374,0.0432577428221,0.0852102190908,0.050888767396
2019-05-21,0.364889096852,0.147003832159,0.0456756598401,0.176508599285,0.087208373327,0.043063212635,0.0845853874439,0.0510658384589
2019-05-22,0.364224676741,0.146610621888,0.045540813107,0.177022113177,0.087580246759,0.0431324143376,0.084607028426,0.0512820855651
2019-05-23,0.36143373409,0.145799858654,0.045171894554,0.178360519521,0.0885199867698,0.0434230252407,0.0856547031828,0.0516362779875
2019-05-24,0.361251156799,0.146915446061,0.0451148106297,0.177931943412,0.0882503871376,0.0433752115622,0.0855093073017,0.0516517370969
2019-05-28,0.359567675717,0.146331774913,0.0454626284679,0.179026851456,0.0890518105217,0.0436013136567,0.0855769526679,0.0513809925993
2019-05-29,0.358434360856,0.145871432995,0.0460136094748,0.179717493393,0.0893377405439,0.0438343179657,0.0859119974523,0.0508790473181
2019-05-30,0.358169799167,0.145911835204,0.046059179867,0.17956960822,0.0893507592195,0.0438280619444,0.0861955758966,0.0509151804812
2019-05-31,0.354272491973,0.145165953916,0.0463513578503,0.180877329198,0.0901818885751,0.044219501804,0.0875869358099,0.051344540874
2019-06-03,0.352552224855,0.145411026814,0.0465169859149,0.180883890712,0.0904056773354,0.0442358962227,0.0886450322968,0.0513492658493
2019-06-04,0.357073666383,0.14602083202,0.0461238907448,0.17914897509,0.0892915528678,0.0437635977206,0.0879025171518,0.0506749680223
2019-06-05,0.358769509676,0.145382583742,0.0456078770667,0.178356937127,0.0889451764322,0.0436204233046,0.0877854176428,0.0515320750096
2019-06-06,0.359935276042,0.145520967701,0.0454492849955,0.177748340317,0.0886413803877,0.0434529399886,0.087787630209,0.0514641803601
2019-06-07,0.360888293843,0.146165578075,0.0454405285848,0.176949391272,0.0883432413896,0.0432942236839,0.0876394793569,0.0512792637938
2019-06-10,0.362437188933,0.146512981958,0.0458494533186,0.176432876244,0.0878805270204,0.0430483588972,0.0867415207378,0.0510970928903
2019-06-11,0.361970610296,0.147069266051,0.0462789797602,0.176216559622,0.0877886622985,0.0429470376958,0.0865471383784,0.0511817458987
2019-06-12,0.361771116657,0.146076142035,0.045834994252,0.176654896393,0.0881218809693,0.0430218291729,0.0871023480357,0.0514167924851
2019-06-13,0.362185420526,0.145713243177,0.0457432634904,0.176513531521,0.0880779442855,0.0429090778289,0.0873751668348,0.0514823523359
2019-06-14,0.36251266173,0.145012771871,0.0452688343541,0.176820463523,0.0883196713325,0.0429277577343,0.0875232039334,0.0516146355213
2019-06-17,0.362366112031,0.145006649841,0.0454221679734,0.176633837181,0.0882342708813,0.0428115238425,0.0873993046654,0.0521261335846
2019-06-18,0.363237903483,0.145840733588,0.046079427143,0.175699695606,0.0876982175233,0.0426448225439,0.0871404390873,0.0516587610251
2019-06-19,0.362659863968,0.146095489375,0.0462227031694,0.175624922033,0.0876007630311,0.0427258552384,0.087331605406,0.0517387977789
2019-06-20,0.362950908256,0.146233743316,0.0465335243223,0.174399925539,0.086983698321,0.0425945000974,0.0887543163847,0.0515493837631
2019-06-21,0.363287612489,0.146054479749,0.0464579869773,0.174360733606,0.0868344603439,0.0425044160664,0.0895563291993,0.0509439815688
2019-06-24,0.362245109348,0.146024635356,0.0464142787649,0.174386770867,0.0869920549129,0.0425153234979,0.0907365380375,0.0506852892162
2019-06-25,0.360607334687,0.146027105411,0.0461555299716,0.175349409839,0.0875918577924,0.0426683682321,0.091398121972,0.0502022720951
2019-06-26,0.361101604318,0.146550248373,0.0467175231417,0.175370401139,0.0874406009412,0.0427287078254,0.0907750699315,0.0493158443302
2019-06-27,0.36119741513,0.146424214349,0.0468288687232,0.175284819499,0.087417081043,0.0426703422156,0.0903898604853,0.0497873985546
2019-06-28,0.361959382785,0.146791347871,0.0466545059225,0.174676951866,0.0871926449016,0.0425561730201,0.0903610392472,0.049807954386
2019-07-01,0.364232099419,0.147050905149,0.0471923615975,0.174320923377,0.0868415002583,0.0423501819964,0.0883649570991,0.049647071103
2019-07-02,0.363459700817,0.146811982444,0.0469046407004,0.173811511516,0.0867395694242,0.042172675348,0.0898270849002,0.05027283485
2019-07-03,0.36453079728,0.146841406203,0.0467239282082,0.173220543684,0.0864698100921,0.042071232281,0.089524645326,0.0506176369251
2019-07-05,0.365700434008,0.146468115703,0.0466008250599,0.173241440936,0.0862948338193,0.0421256990143,0.0889116296752,0.0506570217838
2019-07-08,0.365016456194,0.146125996409,0.046585013736,0.173778781243,0.0865224066037,0.0422865767137,0.08866161863,0.0510231504704
2019-07-09,0.36545051839,0.145417034443,0.0464622482136,0.173721980928,0.0864621467766,0.0423284273876,0.0889672039724,0.0511904398888
2019-07-10,0.365504991155,0.145374786577,0.046552523051,0.173046236207,0.0861109811344,0.0422068273886,0.0899554275291,0.0512482269584
2019-07-11,0.36703268526,0.145675838228,0.0465397696202,0.172723161834,0.085843098419,0.0421517125749,0.089359194268,0.0506745397964
2019-07-12,0.367696085808,0.145463026465,0.046416100992,0.172451026358,0.085709333824,0.0421130657371,0.0896791748524,0.0504721859627
2019-07-15,0.367460021503,0.145460443584,0.0465878372041,0.172531699413,0.0858064043913,0.0421782840817,0.0895917729793,0.0503835368444
2019-07-16,0.367470760786,0.145271868599,0.0466528686202,0.172907903761,0.0858974892762,0.0422461602061,0.0891236493637,0.050429299388
2019-07-17,0.365207021668,0.145086637635,0.0465742398398,0.173472842636,0.0863552258498,0.0423618557912,0.0906499022539,0.0502922743255
2019-07-18,0.365115523494,0.144938912573,0.0466856768083,0.173076715907,0.086230739082,0.0422847014308,0.0915714445813,0.0500962861238
2019-07-19,0.364960265878,0.145476654887,0.0466211496341,0.173766279787,0.0865176788498,0.0424365241883,0.090688233856,0.0495332129197
2019-07-22,0.365421006584,0.145443195843,0.0465111497019,0.173777925763,0.0864540295076,0.0423970152013,0.0905667386328,0.0494289387671
2019-07-23,0.366868953388,0.145818852905,0.0463639458908,0.173056696656,0.0860389857724,0.0422518293919,0.0897697836944,0.0498309523013
2019-07-24,0.367570583437,0.145449012221,0.046376082832,0.172824915845,0.0859256838313,0.0421455841857,0.0899760717947,0.0497320658528
2019-07-25,0.367614555937,0.144698601522,0.0463322474544,0.173410221174,0.0861988563457,0.0422831421835,0.0897795396294,0.0496828357539
2019-07-26,0.368865662324,0.144642212509,0.0462238915125,0.172873397179,0.0859008914814,0.0421153770536,0.0896330837108,0.049745484229
2019-07-29,0.368144428569,0.144588008357,0.0462068468301,0.17292785862,0.0859678257144,0.0420731157264,0.0902178860106,0.0498740301726
2019-07-30,0.368014503125,0.14335860879,0.045847762186,0.173276536444,0.0861882190312,0.0422241094476,0.0907103390216,0.0503799219543
2019-07-31,0.36634119783,0.143372980556,0.0456738477232,0.174475097802,0.0869670311373,0.0425635505666,0.0900995703242,0.0505067240604
2019-08-01,0.363118201913,0.14279864462,0.0448385522779,0.175826233241,0.0879454764187,0.0427151619444,0.0922555882798,0.0505021413048
2019-08-02,0.361873565994,0.142261469922,0.0445956010244,0.176615906538,0.0884920685009,0.0429214393356,0.092283752362,0.0509561963233
2019-08-05,0.356014090429,0.140616701574,0.0436410052114,0.179927705215,0.0905337702885,0.0436865132306,0.09491320914,0.0506670049115
2019-08-06,0.357868523945,0.1403509791,0.0439462717987,0.178839671929,0.0898909567468,0.0434675221219,0.0948530369475,0.050783037411
2019-08-07,0.357070461566,0.140520469628,0.0440095568774,0.178240559216,0.0896375180596,0.0433673209839,0.0960223347191,0.0511317789495
2019-08-08,0.360221217236,0.140465480329,0.0441100437903,0.176525392386,0.0886962747601,0.0430187682852,0.0954839120743,0.0514789111393
2019-08-09,0.359455224421,0.140109788594,0.043880308601,0.177122219228,0.0889798124486,0.0431772293466,0.0956162249094,0.0516591924516
2019-08-12,0.356465798554,0.139458253675,0.0435571575174,0.178461001698,0.0898927811239,0.0435206261646,0.0969204793633,0.0517239019041
2019-08-13,0.359746704658,0.139952827951,0.0437981361652,0.177094622808,0.0890142814214,0.0431783804833,0.0957406982271,0.0514743482852
2019-08-14,0.354259451125,0.138177935207,0.0432142326692,0.18026391607,0.0909298069674,0.0438978020745,0.0978176131782,0.0514392427083
2019-08-15,0.353699626809,0.137879315629,0.0432750038184,0.180329287576,0.0911228583331,0.0439071570623,0.0980539487952,0.0517328019764
2019-08-16,0.356488471664,0.138563147234,0.0435518986143,0.178966557433,0.0902675614303,0.0434837624513,0.0967665721208,0.0519120290512
2019-08-19,0.359539176757,0.138926158734,0.0435436840302,0.177878688141,0.0895287031949,0.0431711511056,0.0953049566042,0.0521074814325
2019-08-20,0.357410448639,0.138783943139,0.0436966935587,0.17867806149,0.0900824129809,0.0433024640472,0.0962164745506,0.0518295015944
2019-08-21,0.358903973276,0.139393011292,0.0438630362512,0.177883024928,0.0894918651833,0.04308827266,0.0955356066202,0.0518412097901
2019-08-22,0.359424556925,0.139147855643,0.0434925794342,0.17772535157,0.0894513969989,0.0431270978397,0.0954605788948,0.0521705826931
2019-08-23,0.353323112833,0.138660514005,0.043253645799,0.180042335493,0.0908580957877,0.0437624948116,0.0982008966647,0.0518989046063
2019-08-26,0.355246895728,0.139085519892,0.0432873396165,0.178964177937,0.0902663161247,0.0434713550266,0.0976692682323,0.0520091274431
2019-08-27,0.353662473155,0.138975412623,0.043285913427,0.179433790596,0.0906065800659,0.0436517279368,0.0985508930107,0.0518332091851
2019-08-28,0.355188264778,0.138634101711,0.043332447962,0.178963643578,0.0903928733483,0.043618503732,0.0980071837087,0.0518629811814
2019-08-29,0.357733510636,0.138946349399,0.0435919872922,0.17786351602,0.0897192706392,0.0434027433327,0.0967662913387,0.0519763313421
2019-08-30,0.35735496069,0.139557220755,0.0438364925611,0.177910258518,0.0896877641946,0.0432108217893,0.0964586057552,0.051983875737
2019-09-03,0.355589300874,0.139126971283,0.0436483711133,0.178030227849,0.089966672943,0.043198345696,0.0978897727112,0.0525503375303
2019-09-04,0.356659125107,0.139914521957,0.0439992286803,0.176872011849,0.0893654312486,0.0429478263315,0.0976885149806,0.0525533398457
2019-09-05,0.360644991084,0.140820939111,0.0442596136543,0.175819985221,0.0884988038931,0.0426835941696,0.0951857599827,0.0520863128844
2019-09-06,0.360811099453,0.141087403905,0.0443855589151,0.175950964932,0.0885258455588,0.0427067042614,0.0943450635762,0.0521873593986
2019-09-09,0.361547949806,0.141580767013,0.0445722804657,0.175477409537,0.0881147209615,0.0425536152504,0.0941373076254,0.0520159493415
2019-09-10,0.362494015966,0.142400240643,0.0446994066094,0.17502948946,0.0877231257749,0.0424300089196,0.093597881006,0.0516258316204
2019-09-11,0.363508808063,0.142652883609,0.0448413160523,0.174311239322,0.0872616970596,0.0422010324276,0.0937623281284,0.051460695338
2019-09-12,0.363946452845,0.14308872386,0.0450192055689,0.173640548423,0.0868704191412,0.0420732953671,0.0937435273031,0.0516178274908
2019-09-13,0.364709932676,0.144139816203,0.0453802579716,0.17308275367,0.0863137544529,0.0419418743501,0.0932243321555,0.0512072785203
2019-09-16,0.363660261531,0.143134798932,0.0450240453586,0.173584059164,0.0867070306195,0.0422021236003,0.0940224542639,0.0516652265302
2019-09-17,0.363557121809,0.143283434318,0.0449512408819,0.173359108936,0.0866894189344,0.0421380894212,0.0939441323615,0.0520774533376
2019-09-18,0.364158370894,0.143055659293,0.0447731427432,0.173743075606,0.0868120845829,0.0420516300783,0.0934521766258,0.0519538601758
2019-09-19,0.363692228283,0.143467092256,0.0444399270338,0.173779336295,0.0867457023545,0.0420841368335,0.0937168702689,0.0520747066746
2019-09-20,0.361786050518,0.143083065821,0.0444919211559,0.174322198105,0.0871989603767,0.0422946639995,0.0947754512792,0.0520476887448
2019-09-23,0.361432524548,0.142770539218,0.0446195587502,0.174269822444,0.0872586939849,0.04232131138,0.0952350555213,0.0520924941541
2019-09-24,0.359527204225,0.142534118772,0.0441904578224,0.17520159787,0.0879219714398,0.0425257369937,0.0959870502676,0.0521118626092
2019-09-25,0.362116391877,0.142473345972,0.0442905617065,0.174697891694,0.0874565020079,0.0423579616026,0.0943274503927,0.0522798947475
2019-09-26,0.361197271096,0.14272079752,0.0442485846732,0.174912319258,0.0876039346295,0.0423641276179,0.0942578312769,0.0526951339285
2019-09-27,0.360559446565,0.142613259025,0.0438525210612,0.175766646599,0.0880483022084,0.0424526120354,0.0941139920762,0.0525932204298
2019-09-30,0.361830354175,0.142977411785,0.0439349125029,0.175618574888,0.0880211877726,0.042442087117,0.0925502200914,0.0526252516681
2019-10-01,0.359410622395,0.142436276775,0.0438592619458,0.176864533651,0.088730074228,0.0427488104155,0.0935471055921,0.0524033149972
2019-10-02,0.355940621634,0.140740562351,0.0440067755592,0.178432835038,0.08976338495,0.043097394741,0.0954108511506,0.0526075745754
2019-10-03,0.356477151481,0.140788450266,0.0442423031802,0.177938615316,0.0896337261111,0.0429477753879,0.0952075768882,0.0527644013704
2019-10-04,0.358780661773,0.140884921184,0.0441409576386,0.17697717634,0.0891808563058,0.0427797556344,0.0945434141626,0.0527122569615
2019-10-07,0.358622700283,0.141258479388,0.0439731809573,0.177181848226,0.0892289570765,0.0428288051679,0.0941019543427,0.052804074559
2019-10-08,0.355368978469,0.140848189131,0.0438865690772,0.178406021574,0.0900037685752,0.0430688665945,0.0955467944404,0.0528708121392
2019-10-09,0.357098131365,0.141322094917,0.0440144761188,0.177493756975,0.0893623749897,0.0427830827195,0.0951956394767,0.0527304434378
2019-10-10,0.358886949781,0.141984166341,0.0444088057866,0.176575603572,0.0886480013536,0.0425727384266,0.094200205506,0.0527235292326
2019-10-11,0.360852705898,0.143696098119,0.0447825839414,0.175146278963,0.087616144141,0.0422352633886,0.0932250773143,0.0524458482345
2019-10-14,0.360457670956,0.143177254417,0.0446853123573,0.175444764591,0.0878605215997,0.0423054461762,0.0935996509429,0.0524693789592
2019-10-15,0.362666846542,0.144235958372,0.0448225353914,0.174216968649,0.0871111590674,0.0420055781557,0.0926001149146,0.0523408389073
2019-10-16,0.361822565916,0.144235525654,0.044909495374,0.174400220057,0.0872196059446,0.0420406343032,0.0930633761469,0.0523085766046
2019-10-17,0.362149268346,0.144321175927,0.0449586694439,0.173998086694,0.0870105898272,0.0420129070592,0.093005783128,0.0525435195756
2019-10-18,0.36103562201,0.144337054308,0.0448982083407,0.174349363687,0.0872022968763,0.0421332658323,0.0930281247861,0.0530160641596
2019-10-21,0.362504692517,0.144845339437,0.0451018022037,0.173402152081,0.0866490585413,0.0418857795289,0.0923351159839,0.0532760597071
2019-10-22,0.361630249154,0.14462427052,0.0451079945576,0.173813086848,0.086925468806,0.0420486100404,0.0926853310513,0.0531649890227
2019-10-23,0.361850493395,0.144981497301,0.045026125328,0.17355292319,0.0867571253521,0.0419811178717,0.0926903879767,0.0531603295859
2019-10-24,0.361910554314,0.145009711987,0.0450140577751,0.17334468137,0.0866144516673,0.0419448506591,0.0932131293105,0.052948562918
2019-10-25,0.362981983724,0.144948950144,0.0451678572075,0.172903195395,0.0863309145375,0.0419046843208,0.0933249120097,0.0524375026623
2019-10-28,0.364649281426,0.145450674194,0.0454761183263,0.172355652936,0.085916729423,0.0416593255809,0.0924263208676,0.0520658972453
2019-10-29,0.364719366268,0.145350179771,0.0452399949191,0.172455305895,0.0860361233306,0.041575140487,0.0922151451896,0.0524087441403
2019-10-30,0.364513461581,0.145405507584,0.0452478165757,0.172320187764,0.0861406270921,0.0415791214794,0.0923856911649,0.052407586758
2019-10-31,0.363356815894,0.144989215905,0.0448708412782,0.172904414129,0.0866433561423,0.0416871475254,0.0932616895068,0.0522865196197
2019-11-01,0.364759917924,0.145505551483,0.0453238730507,0.172026149949,0.0860169617915,0.0415247631023,0.0928471575973,0.0519956251016
2019-11-04,0.365839476343,0.146133653834,0.0456063454943,0.171418760705,0.0854895252721,0.0414524384649,0.0924825604237,0.051577239462
2019-11-05,0.366815734417,0.146651817349,0.0460032519487,0.171425038312,0.085351017738,0.0415302641807,0.0913300217134,0.0508928543416
2019-11-06,0.366527990668,0.146367089758,0.0458819093042,0.171510932418,0.0855105693747,0.0416206670924,0.0916290136246,0.0509518277603
2019-11-07,0.368336242069,0.147221959189,0.0462568882046,0.170943173773,0.0849463856145,0.0414464312881,0.0903341308031,0.0505147890591
2019-11-08,0.369519850885,0.147024367202,0.0458738487372,0.170978784843,0.0848941905773,0.0414522269514,0.0898261029644,0.0504306278396
2019-11-11,0.369205396682,0.147043600135,0.0456653115068,0.17119080424,0.0850767616849,0.041517736587,0.0897054066368,0.0505949825279
2019-11-12,0.369782377213,0.146997793426,0.0452977116745,0.171281258902,0.0850689891983,0.0414879680159,0.0898986362309,0.0501852653393
2019-11-13,0.369626806653,0.146410470771,0.0449750202793,0.171459569959,0.0852366365459,0.0414929516786,0.090191234617,0.0506073094955
2019-11-14,0.369350984011,0.145986346749,0.0448547715098,0.171570718682,0.0854794528104,0.0414983434292,0.0903712239078,0.0508881589007
2019-11-15,0.370654306713,0.146331381106,0.0449875834794,0.17084795653,0.085095946349,0.0412956846997,0.0898111537474,0.0509759873751
2019-11-18,0.370374716343,0.146282618036,0.0449099031692,0.170911987816,0.0851142762137,0.0413159881798,0.0899432677898,0.0511472424517
2019-11-19,0.370167394906,0.145971926805,0.0450570367455,0.170986968672,0.0852516253163,0.0413795182555,0.0899642848048,0.0512212444952
2019-11-20,0.369354519417,0.145312952593,0.0449557167057,0.171658655836,0.0856956885111,0.0416031598977,0.0901472788685,0.0512720281706
2019-11-21,0.369687932906,0.145474381226,0.0451221022587,0.171846654941,0.0856964606373,0.0416149059231,0.0898790412096,0.0506785208983
2019-11-22,0.370272920638,0.145551239963,0.0450079650357,0.171828066587,0.0856262687413,0.0416025502556,0.0896522948569,0.0504586939224
2019-11-25,0.371515776954,0.146033493492,0.0452149755986,0.171245681266,0.085291098881,0.0414673984235,0.0888337257838,0.0503978496005
2019-11-26,0.371483923896,0.145792158415,0.0449289054403,0.171085806775,0.0852508939839,0.0414587891185,0.089052006728,0.0509475156437
2019-11-27,0.372598208042,0.145985121813,0.0450011336578,0.17062611679,0.0849066893888,0.0413171433853,0.088451473758,0.0511141131659
2019-11-29,0.372368902316,0.145322392448,0.0446000638094,0.170943909727,0.0851016217119,0.0413495138169,0.0892765719742,0.0510370241972
2019-12-02,0.371123209473,0.14543115468,0.044842340413,0.171642406316,0.0852364965912,0.0415049008282,0.0896946421655,0.0505248495338
2019-12-03,0.368720548729,0.144921117963,0.0446715874983,0.17246090867,0.0860167536655,0.0417720480509,0.0905750808901,0.0508619545321
2019-12-04,0.369751553732,0.145689044018,0.0449149460362,0.171593586237,0.0853991561964,0.0416034648197,0.090148045541,0.050900203419
2019-12-05,0.370273767208,0.145497450637,0.0451313201168,0.171329863269,0.0851673544826,0.0415269035006,0.0901652509988,0.0509080897876
2019-12-06,0.372359020073,0.146241577007,0.0451440517556,0.170492783413,0.0846125345206,0.0413543745342,0.0889602487286,0.0508354099684
2019-12-09,0.371885069862,0.145738181582,0.0450591114164,0.170903923573,0.0848401415833,0.0414426690386,0.0891013517188,0.0510295512254
2019-12-10,0.371618406856,0.145931587996,0.0451725476558,0.170911250694,0.0847745486424,0.0414485126961,0.0893895216282,0.0507536238312
2019-12-11,0.371364533316,0.146228200684,0.0456164804457,0.170764994739,0.0848271311003,0.0414483010777,0.0896889003214,0.0500614583157
2019-12-12,0.373676574049,0.147024985158,0.0461305112115,0.169635264871,0.08395734946,0.0411483647358,0.0891605450128,0.0492664055022
2019-12-13,0.372870804828,0.147458627308,0.0459508602143,0.169845558795,0.0842185402261,0.0412007985444,0.0893132089583,0.0491416011256
2019-12-16,0.373959541156,0.148350375269,0.0461582385709,0.168834337023,0.0834957763432,0.0409443255822,0.0889564541424,0.0493009519134
2019-12-17,0.374233666112,0.147891645239,0.0465278310327,0.168936006589,0.0835461997126,0.0410215989111,0.0889829355423,0.0488601168611
2019-12-18,0.374291887008,0.147537704974,0.0467837361428,0.168621659038,0.0833274420768,0.0409797064011,0.0889976173407,0.0494602470186
2019-12-19,0.374820879093,0.147276482519,0.0466900016483,0.168352133641,0.0831694719449,0.0409364393823,0.0889894596716,0.0497651321002
2019-12-20,0.375604096417,0.14717281683,0.046625036403,0.167997340865,0.0829794428182,0.0408219180046,0.0888753134765,0.0499240351852
2019-12-23,0.375945877626,0.147283592155,0.0466796775922,0.167774153512,0.0828530696952,0.0407267557757,0.0890942507653,0.0496426228784
2019-12-24,0.375504299425,0.146971765865,0.0465812112729,0.16778085375,0.0828958379587,0.0407265612283,0.0898261173311,0.0497133531688
2019-12-26,0.375894048784,0.147013276681,0.0467711133232,0.167214390243,0.0826621483366,0.0405807955277,0.0901460190118,0.0497182080919
2019-12-27,0.375480740581,0.147288423489,0.0467942034933,0.167294729998,0.0827113066701,0.0405601356269,0.0900375942735,0.0498328658686
2019-12-30,0.374609397464,0.146690043247,0.0466813375323,0.167831790121,0.0829243645667,0.0407043055256,0.0905170290623,0.0500417324804
2019-12-31,0.374908411447,0.147253462633,0.0467209438125,0.167171862107,0.0824900468332,0.0405962702558,0.0905407975979,0.0503182053137
2020-01-02,0.375806997543,0.147433701861,0.0475049842577,0.166477900201,0.0823006863677,0.0405136800079,0.0905775974615,0.0493844522989
2020-01-03,0.373989728647,0.146042990426,0.0467885260344,0.167425902254,0.0830791685692,0.0408126772055,0.0920325295926,0.0498284772713
2020-01-06,0.374465317084,0.146170885172,0.0465864646212,0.166868668034,0.0827794546996,0.0406054886748,0.0927622622343,0.0497614594802
2020-01-07,0.374129447417,0.146218751731,0.0466550390737,0.167011513667,0.082819268436,0.040558688411,0.0933061494557,0.0493011418084
2020-01-08,0.375586508213,0.146209351755,0.0467972514717,0.166580879339,0.0825076181633,0.0404627371996,0.0924740053502,0.0493816485084
2020-01-09,0.376976469012,0.146358061315,0.0468935098793,0.166248113202,0.0823145623768,0.0403354978571,0.0916700711214,0.0492037152365
2020-01-10,0.375833467221,0.145838789282,0.0471152029325,0.166502419854,0.0824797454221,0.0404499954977,0.0922082286645,0.0495721511262
2020-01-13,0.376986924472,0.146144768642,0.0475798457564,0.16576992363,0.0820717727967,0.0402901402738,0.0911779382383,0.0499786861913
2020-01-14,0.376637379222,0.146331226216,0.0473904455106,0.166015951945,0.0822834470627,0.0403692554462,0.0911511328786,0.0498211617179
2020-01-15,0.376764961255,0.145951891758,0.0469993228175,0.165946954898,0.0823322906682,0.0403227725961,0.0915072014244,0.0501746045828
2020-01-16,0.378315795539,0.146130837605,0.0470406052755,0.16525532859,0.0818202080594,0.0400897674617,0.0909827990683,0.0503646584007
2020-01-17,0.378836981437,0.146238342941,0.0472577807858,0.164780095243,0.0816127328303,0.0399556140974,0.0909930696589,0.0503253830071
2020-01-21,0.378700231967,0.145291694667,0.0461580585966,0.165511044356,0.0820664867268,0.0401494295071,0.0912381833144,0.0508848708648
2020-01-22,0.378575548974,0.14558686227,0.0464155350343,0.165524062126,0.0820442459625,0.0401040287545,0.0912281796563,0.0505215372233
2020-01-23,0.378711233162,0.145111934005,0.0459567983482,0.165612447819,0.0821850082998,0.0401543607189,0.0913612727315,0.0509069449154
2020-01-24,0.376558850559,0.145023204119,0.0457543596621,0.166455893036,0.0827454828194,0.0403734435044,0.0921929227183,0.0508958435819
2020-01-27,0.373919416166,0.143268351297,0.0446204273441,0.168498541349,0.084068459839,0.040836845386,0.0936730818775,0.0511148767423
2020-01-28,0.376183700149,0.143862866079,0.0447987577132,0.167613939996,0.0834194494454,0.0405961291112,0.0924304586903,0.0510946988158
2020-01-29,0.375432741395,0.143727335861,0.044953648415,0.167799362521,0.0837205780447,0.0406963772055,0.0928224024567,0.0508475541021
2020-01-30,0.376477508604,0.143331465848,0.0443215232536,0.167736616907,0.0837631759112,0.040722278949,0.092785857922,0.0508615726054
2020-01-31,0.373017683862,0.142178938815,0.0439315874672,0.169772231165,0.0849528528964,0.0412709997709,0.0941757076545,0.0506999983693
2020-02-03,0.37469686628,0.142263403686,0.044116752899,0.169224192557,0.0846339004653,0.0410531909997,0.0932921441135,0.0507195490003
2020-02-04,0.377714087938,0.143528483477,0.0448500339624,0.167467675296,0.0835471912063,0.0405872847061,0.0914264991079,0.0508787443068
2020-02-05,0.380021468105,0.144132521919,0.0448560141391,0.166318808498,0.0827380354476,0.0402494251736,0.0910466703454,0.0506370563724
2020-02-06,0.380293867972,0.144242170322,0.0447170730454,0.165981757785,0.0825782731286,0.0402181657926,0.0912956541739,0.0506730377799
2020-02-07,0.37931639941,0.143233587809,0.0442335196809,0.166924516646,0.0832040414688,0.040493780476,0.0917911699308,0.050802984579
2020-02-10,0.380377322972,0.142895982838,0.0443053166156,0.16634012733,0.0829793927699,0.0403673666261,0.0916007549128,0.0511337359355
2020-02-11,0.380370004298,0.143622649557,0.0447906483526,0.165845891383,0.0826371929887,0.0401779223333,0.091125809422,0.0514298816652
2020-02-12,0.381517757054,0.143717772805,0.045209307442,0.165107688906,0.0821449480143,0.0400005712404,0.0907418327358,0.0515601218029
2020-02-13,0.381425009173,0.142797329741,0.0447668882441,0.1653598448,0.0822854642903,0.0401182303617,0.0913337448238,0.0519134885654
2020-02-14,0.381369073535,0.142450765803,0.0445970202412,0.165244637385,0.0823453500767,0.0400786160618,0.0915552569323,0.052359279964
2020-02-18,0.380598124944,0.14155721049,0.0444689331781,0.165553650206,0.0825221010179,0.0401888960644,0.0927805261814,0.0523305579181
2020-02-19,0.381452210247,0.141782006364,0.044722740295,0.165092345694,0.082299170486,0.0400705432174,0.0930858943038,0.0514950893923
2020-02-20,0.380465726601,0.140961956594,0.0441800215705,0.165720338134,0.0826646856142,0.0402095053463,0.0936089521007,0.0521888140391
2020-02-21,0.377464462131,0.140655692594,0.0441242443128,0.166457107496,0.0832009920597,0.0403819457237,0.095246827403,0.0524687282795
2020-02-24,0.371653884302,0.137651710754,0.0433549789637,0.17006266534,0.0853903452843,0.0413139638416,0.0978691140697,0.052703337444
2020-02-25,0.366500193491,0.137596746982,0.0437408994656,0.173245222209,0.087079018065,0.0419440285804,0.0977489287144,0.0521449624925
2020-02-26,0.365647117452,0.137884298399,0.0440754487931,0.173299704641,0.087151694671,0.0419797955822,0.0983091865883,0.0516527538732
2020-02-27,0.357755671944,0.136939566302,0.0440674691274,0.177563596741,0.0897137627532,0.0431311992415,0.100730185696,0.0500985481959
2020-02-28,0.358001134743,0.13684890473,0.0441638744218,0.17974979904,0.0911648081855,0.0434116166639,0.0975305565243,0.0491293056916
2020-03-02,0.365905250533,0.13583065461,0.0440980991497,0.176030135621,0.0892488683772,0.0426275226359,0.0960741119364,0.0501853571361
2020-03-03,0.357647377831,0.135584958144,0.0441585242922,0.178335975623,0.0908495845283,0.0433286071711,0.0997127789591,0.0503821934511
2020-03-04,0.364994488888,0.136437337889,0.0438581346096,0.174523451974,0.0887806002978,0.0423721918535,0.0978277129092,0.0512060815788
2020-03-05,0.357900683327,0.134753033808,0.043630659917,0.177562172207,0.0908488297393,0.043111885849,0.101368148795,0.0508245863569
2020-03-06,0.354476325672,0.133723995553,0.0431119453437,0.180133785553,0.0924208430479,0.0437060263964,0.102124758963,0.0503023194708
2020-03-09,0.342471253407,0.12874465307,0.0418122430295,0.188535325624,0.0977234458401,0.0448608392746,0.107200699579,0.0486515401762
2020-03-10,0.353402692791,0.131028792568,0.0430907541714,0.182891192893,0.0941212420485,0.042753663586,0.102960502233,0.0497511597083
2020-03-11,0.347930767767,0.128551904207,0.0426645489035,0.186586994621,0.0964405360854,0.0432467011254,0.106181590552,0.0483969567403
2020-03-12,0.337818736015,0.122590049928,0.0412020072653,0.192315951036,0.103597177671,0.046322299721,0.109455721383,0.046698056981
2020-03-13,0.35165902071,0.124980469118,0.0422799028449,0.187326061042,0.0987009258092,0.0445984616533,0.10176366986,0.0486914889634
2020-03-16,0.333695515586,0.118757357745,0.0396035337097,0.202934510149,0.107944974813,0.0471911326862,0.107189085609,0.0426838897023
2020-03-17,0.344634251088,0.121647866814,0.0412411386581,0.193709971123,0.103120526796,0.044947964573,0.106455646031,0.0442426349165
2020-03-18,0.342147553289,0.119644000627,0.0396168725224,0.194853083752,0.10633973728,0.0464275419299,0.109106403143,0.0418648074561
2020-03-19,0.340697658683,0.120632030461,0.0395825460983,0.197939807049,0.106011319595,0.0470273598179,0.106364053827,0.0417452244689
2020-03-20,0.329085400031,0.120660211237,0.0401358224349,0.201784263544,0.109735906953,0.0495843453917,0.108975623914,0.0400384264951
2020-03-23,0.321080286838,0.118755114484,0.0394081681237,0.206834358942,0.111176279456,0.0505817475532,0.113935268423,0.0382287761799
2020-03-24,0.332834427085,0.122915964145,0.0398181446855,0.198217205004,0.104953172418,0.0481059971081,0.113549961771,0.0396051277836
2020-03-25,0.333203393325,0.125608644689,0.0405600339476,0.197507046307,0.103580308226,0.0479069716442,0.110465959288,0.0411676425739
2020-03-26,0.341773768053,0.126905221562,0.0408949841768,0.191994615085,0.100626151292,0.0466657503424,0.108428962264,0.0427105472251
2020-03-27,0.336722580481,0.124908753953,0.0392834312877,0.195794393095,0.102939854885,0.0475417303195,0.109394716407,0.0434145395717
2020-03-30,0.342466767895,0.125556259236,0.0392612609492,0.193054456992,0.101637467905,0.0460879733597,0.108235466531,0.0437003471311
2020-03-31,0.340921770588,0.126350505157,0.0398656480564,0.194568582311,0.102896207045,0.0464089724387,0.10589418712,0.0430941272839
2020-04-01,0.33363802433,0.123730515555,0.0394034662351,0.198707759068,0.105872633764,0.0478469793547,0.109541648417,0.041258973276
2020-04-02,0.336556999733,0.124333663379,0.0399922552097,0.196215499618,0.104407140883,0.0478978065849,0.109778296752,0.0408183378391
2020-04-03,0.334198134421,0.122803754918,0.0395201918513,0.197835475111,0.105273643192,0.0486849911422,0.11115377007,0.0405300392948
2020-04-06,0.343743952753,0.12472030971,0.0399677582353,0.191607849271,0.101007904312,0.0468929682698,0.110101693587,0.0419575638624
2020-04-07,0.343794245379,0.125317404428,0.0401658654013,0.191705832281,0.100470826886,0.046821145067,0.109416629543,0.0423080510152
2020-04-08,0.350137875143,0.124656065803,0.0400375812525,0.189081564075,0.0988785174917,0.0458203417279,0.10685592036,0.044532134146
2020-04-09,0.349786348064,0.125294099858,0.0393300696546,0.188373922714,0.0975082052058,0.0455340693647,0.107895408968,0.0462778761715
2020-04-13,0.348391904679,0.124930537574,0.0396818271185,0.188463415214,0.0978036714478,0.0458532922071,0.110314434034,0.0445609177257
2020-04-14,0.35308993415,0.125198202686,0.0398472123812,0.185628357017,0.0964105685825,0.0452737721504,0.109453591744,0.0450983612884
2020-04-15,0.350182638168,0.122744980706,0.0394823148171,0.188869976096,0.0985654964825,0.0459246204625,0.11034315246,0.0438868208083
2020-04-16,0.351375373504,0.122715985398,0.0396527860935,0.18884467652,0.0985312697184,0.0454621201113,0.110092071217,0.0433257174372
2020-04-17,0.356543219759,0.124666732687,0.0398145095542,0.186359035165,0.0970952343542,0.0447022914575,0.106660623135,0.0441583538876
2020-04-20,0.353593898422,0.124017828715,0.0398999900307,0.187859099728,0.0982765724643,0.0449891243109,0.10844261388,0.0429208724496
2020-04-21,0.348190911402,0.123352736012,0.0393979408718,0.190879127623,0.100083304386,0.0459207544579,0.109377824508,0.0427974007387
2020-04-22,0.351066350707,0.123941525913,0.0398664961792,0.188276778606,0.0984123767869,0.0455683121164,0.110008845491,0.0428593142015
2020-04-23,0.350751474453,0.12362320252,0.0396755323796,0.188571056418,0.098395614592,0.0455044961596,0.111012281256,0.0424663422223
2020-04-24,0.35349936229,0.124203239095,0.0393805422092,0.187339943788,0.0978271891802,0.0454873945917,0.109871021333,0.0423913075119
2020-04-27,0.356172445988,0.125070254679,0.0398500551865,0.185217536325,0.0966489023203,0.0450911848797,0.108403728747,0.0435458918739
2020-04-28,0.354307888211,0.125985056194,0.039924832846,0.185827932571,0.0970084564197,0.0452175594225,0.107851623846,0.0438766504891
2020-04-29,0.358218662791,0.127416658788,0.0404003822772,0.183211068213,0.0955302112042,0.04449578948,0.106848319004,0.0438789082417
2020-04-30,0.358455490208,0.126153484196,0.0400975343583,0.184645209437,0.0962623207801,0.0446090478214,0.105968602557,0.0438083106419
2020-05-01,0.35403138338,0.125150861825,0.0393187004286,0.187335070108,0.0977945391253,0.0452557946227,0.108170205741,0.0429434447696
2020-05-04,0.354310089672,0.125012340573,0.0397353323758,0.187126875054,0.0976184379233,0.0452116619602,0.108336017036,0.042649245406
2020-05-05,0.356059547776,0.124800289288,0.0397447829957,0.186185825237,0.0971304688205,0.0450709858371,0.108331729337,0.0426763707086
2020-05-06,0.356048814472,0.124894579431,0.0399135610115,0.186697137251,0.0974286634229,0.0451564493436,0.107665677488,0.0421951175811
2020-05-07,0.356717938528,0.125520370982,0.0397679856442,0.185389361014,0.09703684652,0.0449834108055,0.108217990617,0.0423660958894
2020-05-08,0.359617754142,0.12648939228,0.0403224897728,0.183366187192,0.0959176654146,0.0445962479479,0.106676916844,0.0430133464064
2020-05-11,0.360565607937,0.126761430887,0.0402211348921,0.183259416147,0.0958817669942,0.0445499520521,0.106269549063,0.0424911420279
2020-05-12,0.356837474324,0.126290112061,0.0404917579189,0.18553104961,0.097139665755,0.0450268759765,0.107726914489,0.0409561498653
2020-05-13,0.352967825373,0.126092283159,0.0406499258127,0.187128210535,0.0980173786159,0.0453816557489,0.109521062496,0.0402416582599
2020-05-14,0.355306369173,0.124497849897,0.0405585464916,0.186715071525,0.0976520261457,0.0451942546915,0.109907082649,0.0401687994276
2020-05-15,0.356314575648,0.124315496773,0.0399843792093,0.186499715231,0.0974170893062,0.0451931890042,0.110333837957,0.0399417168721
2020-05-18,0.360684929656,0.126989896674,0.0407611978084,0.182940535115,0.095108459019,0.0443915632816,0.107565832433,0.0415575860138
2020-05-19,0.358622337416,0.126201552298,0.0405404326036,0.183986538387,0.0958140007591,0.0445443972628,0.1091034585,0.0411872827741
2020-05-20,0.361053297669,0.127199167745,0.0406359536598,0.182606570913,0.0948755768604,0.0442279998005,0.108264629437,0.0411368039152
2020-05-21,0.360612590754,0.126525539544,0.0404510182973,0.183792455045,0.095481298039,0.044433599461,0.107297054456,0.0414064444048
2020-05-22,0.360914995591,0.126041673176,0.0396399832946,0.183691892184,0.0955605920407,0.0444121199515,0.107817707912,0.0419210358494
2020-05-26,0.362321099334,0.128706768814,0.0401807566267,0.1818684775,0.0945165490246,0.0438796754995,0.105400568292,0.0431261049095
2020-05-27,0.364713420447,0.12899982664,0.0398962639093,0.180646878762,0.0938229072572,0.0435649156905,0.104729469068,0.0436263182262
2020-05-28,0.363889336112,0.129806582956,0.0396207372394,0.180448861416,0.0936991174207,0.0436831696829,0.105036702439,0.043815492734
2020-05-29,0.364319047843,0.129211844046,0.0401798645612,0.180335673318,0.0936932555985,0.0435586154674,0.105464620403,0.0432370787642
2020-06-01,0.363393216266,0.131158912812,0.0408245932705,0.179052581286,0.093042297276,0.0433263147105,0.105255508641,0.0439465757374
2020-06-02,0.364590835078,0.131934596368,0.041568963263,0.178319275513,0.0924302719733,0.0430166774341,0.104056794927,0.0440825854432
2020-06-03,0.366847121572,0.134037870544,0.0420791947748,0.176629208393,0.091237260864,0.0425740081419,0.101419290072,0.0451760456389
2020-06-04,0.366861465145,0.133653362443,0.0416624054372,0.176572252493,0.0911177314679,0.0425258866402,0.102760770385,0.0448461259886
2020-06-05,0.371706124258,0.134635754922,0.042109310755,0.174537938481,0.0895653175506,0.0420072795446,0.0994577311285,0.0459805433599
2020-06-08,0.372833659844,0.135017837022,0.0420642266426,0.173168905281,0.088860427542,0.0417210834737,0.0996347074296,0.0466991527658
2020-06-09,0.371536688032,0.133800196876,0.0420039165825,0.174085838335,0.0895365375783,0.0419298457995,0.100998569795,0.0461084070017
2020-06-10,0.369507301891,0.13358370248,0.0422170120245,0.174819613012,0.0902169099147,0.0422565828151,0.10245745749,0.0449414203734
2020-06-11,0.360602346312,0.130743751936,0.0414892948353,0.180735794082,0.0937602078768,0.0437753447772,0.105339705063,0.0435535551176
2020-06-12,0.361640995433,0.13178259849,0.042056201731,0.179294271452,0.0927112898724,0.0432647079793,0.10454078052,0.0447091545213
2020-06-15,0.363347194901,0.131586617681,0.0416937118083,0.179066101013,0.0922111026808,0.043084464676,0.1038769519,0.045133855339
2020-06-16,0.366967246793,0.132134970607,0.0414719047672,0.177088880477,0.0911827878635,0.0426709546002,0.102879968486,0.0456032864058
2020-06-17,0.365934394826,0.132615467087,0.0419074308541,0.177176548657,0.0914487791026,0.0427002807147,0.103215174126,0.0450019246316
2020-06-18,0.366285146089,0.132085575694,0.0419419946561,0.177458934031,0.0917049505108,0.042917805404,0.103071055862,0.0445345377539
2020-06-19,0.364907102921,0.131737933326,0.0420983958312,0.177867796937,0.091915304407,0.0430864804504,0.104412881876,0.0439741042513
2020-06-22,0.365447281514,0.132603119447,0.04234639157,0.176950587375,0.0913818279987,0.0429836808178,0.104572321436,0.043714789841
2020-06-23,0.365881787439,0.132791213171,0.0426237577479,0.176319163995,0.0910412423697,0.0428619757673,0.105094358328,0.0433865011815
2020-06-24,0.361888465516,0.131470142563,0.0426100126554,0.178929443819,0.0925798037592,0.0434437390583,0.106296671438,0.0427817211912
2020-06-25,0.363387602208,0.132343371367,0.0425132538502,0.177976311065,0.0919923816651,0.0431996806152,0.105541230033,0.0430461691965
2020-06-26,0.358688266886,0.131787887195,0.0424689884311,0.180162469544,0.0932642215158,0.0437531125668,0.107187184857,0.0426878690043
2020-06-29,0.361097781591,0.131941601024,0.0424119655619,0.178897043544,0.0926217465549,0.0434583945644,0.106401662395,0.0431698047644
2020-06-30,0.363803588481,0.131215232189,0.0419773959914,0.178108643182,0.0919695843224,0.0431600957404,0.106313194862,0.0434522652325
2020-07-01,0.364872458262,0.1311232938,0.0423673057888,0.177484189351,0.0914552795028,0.0430137764413,0.105409431544,0.0442742653101
2020-07-02,0.365104142421,0.131795474681,0.0431598485294,0.176833651865,0.0911244125103,0.0429235836298,0.105125287049,0.0439335993146
2020-07-06,0.366963733285,0.13264317639,0.0446020101989,0.175017486335,0.0900627441254,0.0425689546188,0.104677561223,0.0434643338239
2020-07-07,0.365354138922,0.131601486178,0.0441579252423,0.176333839464,0.0908929237084,0.0428342940154,0.105969002365,0.0428563901049
2020-07-08,0.366183916475,0.131961760609,0.0450978183776,0.175333499352,0.0902669609045,0.0425299183799,0.106058190667,0.0425679352345
2020-07-09,0.365295642752,0.130862840453,0.0452773229981,0.176370566849,0.090853669097,0.0427802588746,0.106118919641,0.0424407793344
2020-07-10,0.36752845759,0.131559623492,0.0447817899418,0.175447711044,0.0903073044853,0.0425619681642,0.105414279338,0.0423988659451
2020-07-13,0.365918333754,0.131427572715,0.0447558173407,0.176190063588,0.0907937247294,0.0428389916857,0.106000594871,0.042074901316
2020-07-14,0.367818348791,0.13223869367,0.0444333877856,0.175119595091,0.0900902498103,0.0425173891222,0.105678436874,0.042103898856
2020-07-15,0.369213444818,0.133011896496,0.0442370929489,0.17419813037,0.0895792865745,0.0422662362649,0.105206178808,0.0422877337192
2020-07-16,0.369437446657,0.132706994432,0.0437791752459,0.174997758599,0.0899961984384,0.0425172765626,0.104619633139,0.0419455169261
2020-07-17,0.369191021542,0.132893071745,0.0438193472684,0.174551536733,0.0896541365828,0.0424445758281,0.105106381827,0.0423399284738
2020-07-20,0.3704456581,0.133028924273,0.0442313811676,0.173930709905,0.0892961471551,0.0423051345224,0.105122374927,0.0416396699491
2020-07-21,0.370012132907,0.133113453047,0.0444130767999,0.173460347426,0.0890970493947,0.0422607317092,0.106039111267,0.0416040974496
2020-07-22,0.370365019307,0.13284363246,0.0440511330526,0.172787972574,0.0887062424513,0.0420616087088,0.107143926062,0.0420404653839
2020-07-23,0.367688113055,0.132366238305,0.043964303886,0.17381459553,0.0892160587747,0.0422821700665,0.108604115949,0.0420644044336
2020-07-24,0.366281045905,0.132059872457,0.0439671506081,0.174213336611,0.0894068838207,0.0423832172056,0.10982393964,0.0418645537521
2020-07-27,0.366231411058,0.132905282546,0.0442535946882,0.172812692481,0.0886097582699,0.0420706763055,0.111167518765,0.041949065886
2020-07-28,0.364365126613,0.132453998655,0.0438301522769,0.17314561694,0.0889315599619,0.0422010725055,0.112235417134,0.0428370559137
2020-07-29,0.365648782014,0.132692378638,0.0442179808731,0.171846178657,0.0882758404164,0.0419322334867,0.112098058147,0.0432885477671
2020-07-30,0.365957074644,0.131498349821,0.0438962035746,0.172736875041,0.0887895370823,0.0421615321078,0.111761059961,0.0431993677681
2020-07-31,0.368394371225,0.128780743938,0.0435887404841,0.172596161028,0.0887017685211,0.0422337214662,0.112637732454,0.0430667608841
2020-08-03,0.369196172554,0.130391427394,0.0437148697082,0.17184523766,0.0882378787055,0.0420901962225,0.112230481,0.0422937367554
2020-08-04,0.368156551373,0.130547381298,0.0439150107061,0.171030823774,0.0879510608766,0.0419030672852,0.113855975911,0.0426401287761
2020-08-05,0.36908434749,0.130769544317,0.0442031359292,0.170075856697,0.087336483715,0.0417691961282,0.114491412275,0.0422700234495
2020-08-06,0.369780454129,0.130431624856,0.0440520484108,0.169506161577,0.0870194072255,0.0416161392965,0.115458195525,0.0421359689803
2020-08-07,0.371120239948,0.130269577859,0.0432831905407,0.169799212234,0.0870872545855,0.0416247996857,0.113953968742,0.0428617564056
2020-08-10,0.371863786256,0.130649998675,0.0432307093744,0.169476208195,0.0869093809905,0.041534457835,0.113448247902,0.042887210772
2020-08-11,0.372616562676,0.132549778985,0.0435178455521,0.170759077027,0.0875088160672,0.0418717032831,0.108469378736,0.0427068376726
2020-08-12,0.374921454169,0.134148070619,0.0437138981205,0.16911102859,0.0865831467259,0.0415778298186,0.107137132724,0.0428074392326
2020-08-13,0.374366149259,0.133618377988,0.0435584917325,0.168539551666,0.0864334092283,0.0414856528306,0.109703386609,0.0422949806866
2020-08-14,0.37490528054,0.132977141193,0.043679910116,0.168620354817,0.0865980964633,0.0414746615336,0.109384719526,0.0423598358108
2020-08-17,0.373905215148,0.133217659524,0.0438925988459,0.167864993679,0.0862354169484,0.0413218876401,0.111106646125,0.0424555820893
2020-08-18,0.373850228833,0.132879271535,0.0439501965774,0.167719016009,0.0861854127416,0.0414106158038,0.111849357415,0.0421559010847
2020-08-19,0.375127341329,0.133157104324,0.0437751415144,0.168738940657,0.0867273805845,0.0416001010889,0.10914325677,0.0417307337322
2020-08-20,0.375434192176,0.132438699947,0.0435553224445,0.168651519323,0.0867777858788,0.0414652915116,0.109646353544,0.0420308351748
2020-08-21,0.376586457907,0.131675887592,0.0438135678903,0.168741725038,0.0868003869602,0.0415873847435,0.108716159024,0.0420784308442
2020-08-24,0.378362798742,0.132551598419,0.0440147472212,0.167766283399,0.086214822424,0.0414464520927,0.10752139885,0.0421218988518
2020-08-25,0.379048902874,0.132613180418,0.0443464771655,0.167131533679,0.0858653282731,0.0413637148057,0.107471230741,0.0421596320438
2020-08-26,0.380672171789,0.132832596675,0.0441336489976,0.166153090853,0.0853419245676,0.041209934122,0.108122004829,0.0415346281668
2020-08-27,0.382442578492,0.131805564313,0.0439857306682,0.165984665959,0.0852492567696,0.0411480030522,0.107134681057,0.0422495196894
2020-08-28,0.382407279027,0.131854517299,0.0442285054585,0.165127784965,0.0848341021641,0.0410099066386,0.108287166798,0.0422507376506
2020-08-31,0.382074555254,0.131309321152,0.0434173012101,0.165948551062,0.0851596220386,0.0413086398046,0.108845453568,0.0419365559099
2020-09-01,0.38357599291,0.130782444809,0.044050892426,0.165388325108,0.0849741364513,0.0411066625702,0.108382420213,0.0417391255118
2020-09-02,0.386479065844,0.131473393688,0.0436350085259,0.164597060695,0.0845143321414,0.0408433174266,0.106232167086,0.0422256545926
2020-09-03,0.380172953936,0.130907859995,0.0436717410108,0.167724388109,0.0862112738014,0.0414647837198,0.107346159113,0.0425008403145
2020-09-04,0.378696459247,0.131726444211,0.0437808175428,0.167610942772,0.0861013744607,0.0415155225773,0.108107081113,0.0424613580764
2020-09-08,0.373237439966,0.131836540941,0.0435367249092,0.170022142615,0.0874306849304,0.0421064173023,0.109330575151,0.0424994741848
2020-09-09,0.376220507269,0.132570787722,0.0435918345753,0.168048018716,0.0863802728495,0.0416440962592,0.109119484669,0.0424249979396
2020-09-10,0.373182151839,0.132349705309,0.0433412335326,0.169650778614,0.0873042094062,0.0420742832582,0.109795833198,0.0423018048421
2020-09-11,0.372700933788,0.133327358696,0.0435840186787,0.169546320734,0.0872832074576,0.0419754166167,0.109592440241,0.0419903037887
2020-09-14,0.374491925991,0.133114734498,0.0439397384246,0.168160576851,0.0864844736341,0.0416024920243,0.109545370288,0.0426606882892
2020-09-15,0.375083716706,0.133476809738,0.0442831559245,0.167593833157,0.0861432494021,0.0414882728844,0.108905705495,0.0430252566921
2020-09-16,0.374060984634,0.133643233705,0.0441797047873,0.16771765818,0.0862011088334,0.0415400020421,0.109350580454,0.0433067273635
2020-09-17,0.372458180895,0.134442167971,0.0443010490918,0.168523634405,0.0866217685618,0.0417521151108,0.109245098312,0.0426559856524
2020-09-18,0.370662317695,0.134391809138,0.0442498811163,0.169463604044,0.0871293849224,0.0419982067651,0.110128841301,0.0419759550183
2020-09-21,0.370665336417,0.132589165346,0.0443755000992,0.171401335998,0.088270015214,0.0423940101124,0.109132126485,0.0411725103288
2020-09-22,0.37314899396,0.132099411213,0.0438346375045,0.170940164125,0.0879655944609,0.0422611958198,0.108228693044,0.0415213098734
2020-09-23,0.369930879563,0.132686862088,0.0437943084772,0.173122844918,0.0892773824938,0.0428472529531,0.107469339765,0.0408711297412
2020-09-24,0.37040852624,0.132307746302,0.0436101632641,0.172900115813,0.0891988651722,0.0428190494893,0.107721133807,0.0410343999123
2020-09-25,0.37370626018,0.131851551516,0.0432881520461,0.171722386259,0.0886338527079,0.0425702157335,0.106646308431,0.0415812731268
2020-09-28,0.375804014314,0.132556121583,0.0432466079265,0.17000877542,0.0876608022591,0.0421963663521,0.106554107605,0.04197320454
2020-09-29,0.374319129233,0.132561319329,0.0432912415138,0.170293027402,0.0878572690694,0.0423298356634,0.107614085477,0.0417340923128
2020-09-30,0.376381753668,0.131966157976,0.0439028336175,0.169669895149,0.0874397904747,0.0421163159588,0.106747985557,0.0417752675987
2020-10-01,0.376673784327,0.131996078976,0.0440402735601,0.168950238201,0.0869986920347,0.0418724804206,0.107096224408,0.0423722280731
2020-10-02,0.374582788266,0.132231622552,0.043729034263,0.169450364573,0.087258977224,0.0420458314593,0.107426288874,0.043275092789
2020-10-05,0.377892772339,0.133119310888,0.0439094773627,0.167427810996,0.0859489028221,0.041552689549,0.107006146544,0.0431428894976
2020-10-06,0.375452103869,0.132782989781,0.0443866481327,0.168888887852,0.0868258171277,0.0418863232461,0.106579800494,0.0431974294978
2020-10-07,0.379011489876,0.132993843982,0.0444528120266,0.16745912915,0.08590058104,0.0415566830651,0.105701735534,0.0429237253271
2020-10-08,0.37997328638,0.133143716365,0.0445036354264,0.166621591976,0.0855174692618,0.0414603984937,0.105412465008,0.0433674370901
2020-10-09,0.380948509322,0.133186816241,0.0445305343302,0.165612934086,0.0849359777177,0.0412119661018,0.10664997381,0.042923288392
2020-10-12,0.384171305571,0.132844211442,0.0446295545109,0.164690834681,0.0843889428591,0.0409285320572,0.105545414056,0.0428012048228
2020-10-13,0.384098953177,0.132211444218,0.0447160389636,0.165783575281,0.0851165752182,0.0411896237361,0.104548015009,0.0423357743966
2020-10-14,0.382819188179,0.132319896951,0.044650074671,0.16637469242,0.0853975310755,0.0413119722924,0.105183075075,0.0419435693361
2020-10-15,0.383084872351,0.13111965604,0.0443778078276,0.166554932633,0.0854709419634,0.041378671331,0.105770554547,0.0422425633074
2020-10-16,0.383016477912,0.131587189837,0.0445760629667,0.166541147253,0.0854580280848,0.0414126945342,0.105448946904,0.0419594525086
2020-10-19,0.380070676699,0.132016713528,0.044775546079,0.167612310936,0.08596788315,0.0416295048928,0.106306984513,0.0416203802016
2020-10-20,0.380392893755,0.132332905777,0.0450850583488,0.166943165479,0.0855134238839,0.041462356196,0.106483479981,0.0417867165794
2020-10-21,0.379947734312,0.131983207444,0.0452078389798,0.166865225346,0.0854619492646,0.0414791928899,0.107363126911,0.0416917248527
2020-10-22,0.381838758317,0.132043718721,0.045195003424,0.16648285696,0.0851213874635,0.0413956716363,0.106257169942,0.0416654335359
2020-10-23,0.382070472081,0.132406338125,0.0452790097825,0.166260834349,0.0850048594795,0.0413298709856,0.105849293279,0.0417993219189
2020-10-26,0.378908865951,0.131282970967,0.0451547261229,0.168218215229,0.0861169892656,0.0417927665378,0.106895943481,0.0416295224468
2020-10-27,0.378307274197,0.130532556927,0.0454006754308,0.168919045326,0.086470693651,0.0419538837361,0.10737736262,0.041038508112
2020-10-28,0.373176497323,0.129416079624,0.045213903003,0.172276043829,0.088309164467,0.0427950894443,0.10789897895,0.0409142433606
2020-10-29,0.37540521123,0.129499645216,0.0454990838608,0.171255239047,0.0875719938315,0.0424721398351,0.107005945984,0.0412907409958
2020-10-30,0.37362239188,0.1295854736,0.0452845689746,0.171768473327,0.0877891043061,0.0425865479268,0.108110561883,0.0412528781016
2020-11-02,0.374441593246,0.12999270698,0.0454544952959,0.170545403257,0.0871557744299,0.0423615862903,0.108186480893,0.0418619596067
2020-11-03,0.376842357898,0.131840352047,0.0450738334364,0.1685891318,0.0859991373869,0.0418601096652,0.107598504129,0.0421965736385
2020-11-04,0.380262596745,0.131463366123,0.0459186057272,0.167508071004,0.0855975390587,0.0413859121394,0.106142224801,0.0417216844018
2020-11-05,0.382255927418,0.132757701379,0.0460453500961,0.165319030317,0.084386215219,0.0408395151789,0.107062935015,0.0413333253774
2020-11-06,0.38239947351,0.133120074829,0.0462408905304,0.16505457112,0.0841508835937,0.0406787079239,0.107279868411,0.041075530082
2020-11-09,0.385668377332,0.136214294303,0.0464013604271,0.163632072051,0.0831979384377,0.0404006198467,0.102123672066,0.0423616655369
2020-11-10,0.384945618058,0.137157626591,0.0458618319889,0.163300345439,0.0829276097957,0.0404230354672,0.102420219697,0.0429637129631
2020-11-11,0.386170769601,0.137729606851,0.0458641568152,0.162709231474,0.0827096185946,0.040323625334,0.101547266672,0.0429457246576
2020-11-12,0.384253053154,0.136389290184,0.0457394782259,0.1641712048,0.0835781528393,0.0406298893029,0.102651195952,0.0425877355418
2020-11-13,0.385873750038,0.137012206947,0.0458795124975,0.162639969406,0.0826743262948,0.0402408768349,0.102369894782,0.0433094632006
2020-11-16,0.38779505323,0.137747103112,0.0460709544318,0.161420930036,0.0820000877942,0.03988849619,0.10160551045,0.043471864756
2020-11-17,0.386458717307,0.137953180809,0.0460926891025,0.162064538833,0.0823718038199,0.0400330421401,0.101429366854,0.043596661135
2020-11-18,0.384451623883,0.138164914636,0.0462558726197,0.163297492328,0.0829145846341,0.0403230894257,0.101547268022,0.0430451544517
2020-11-19,0.384921209018,0.138587718227,0.0462348434143,0.163115274096,0.0827572749044,0.0402447847993,0.101054696999,0.0430841985424
2020-11-20,0.382813349828,0.139243043989,0.0466198786822,0.163506367801,0.0830162536501,0.0403902490707,0.101500448852,0.0429104081277
2020-11-23,0.385022951652,0.139305046647,0.0465998509332,0.163428769551,0.0828325964819,0.040349217381,0.0994795222423,0.0429820451125
2020-11-24,0.388346603442,0.140489370559,0.0468749040139,0.16200600193,0.082092759552,0.0400648721872,0.097233430792,0.0428920575242
2020-11-25,0.388162663103,0.140363126136,0.0467123451091,0.162124423604,0.0822080218524,0.0401747220589,0.0972915524962,0.0429631456393
2020-11-27,0.388489772534,0.14107265429,0.0470561323763,0.162084492499,0.0822947031645,0.0401955822836,0.0961178198008,0.0426888430513
2020-11-30,0.389319437363,0.139193397706,0.0462006211488,0.163373649471,0.0827821763105,0.0405054003224,0.0961055877307,0.0425197299473
2020-12-01,0.389782838843,0.140816850576,0.0467075981048,0.161286547087,0.0815478911401,0.0400236888109,0.0971833964564,0.0426511889809
2020-12-02,0.390164157173,0.140872499881,0.0466359271717,0.160927713162,0.0813202024368,0.0400073102162,0.0978044103885,0.0422677795709
2020-12-03,0.389057338922,0.14099854019,0.046976398566,0.160787755132,0.0813288657307,0.0400154575699,0.0983216503211,0.0425139935678
2020-12-04,0.390625328935,0.141721636745,0.0470776050231,0.159621915352,0.0806412746431,0.0397483787233,0.0975969061408,0.0429669544372
2020-12-07,0.389882047354,0.140712176586,0.047084788453,0.15989069572,0.0809036885632,0.0398584402801,0.099067587017,0.0426005760264
2020-12-08,0.390255961557,0.14076910887,0.04712576638,0.159590610252,0.0808259852318,0.0398463006236,0.0992181441258,0.0423681229603
2020-12-09,0.389178533648,0.141833681943,0.0468651260596,0.160358625435,0.0812168720098,0.0400452729131,0.0981330338051,0.042368854186
2020-12-10,0.388620744457,0.141980987473,0.0474450957529,0.160576120379,0.0813101001854,0.0400926290586,0.0978369175724,0.0421374051208
2020-12-11,0.388468042398,0.141604614506,0.0471659615293,0.160878593367,0.0815364501577,0.0401207474853,0.0980952456824,0.0421303448732
2020-12-14,0.387794864296,0.142025540719,0.0471230524522,0.161226450579,0.0817135698269,0.0402313514324,0.0978239100398,0.0420612606552
2020-12-15,0.3893163628,0.142223133948,0.0471146391163,0.159794744888,0.0808590443903,0.0399227188776,0.0982534315794,0.0425159244004
2020-12-16,0.38922471077,0.142449786049,0.0472862012277,0.159439195607,0.0806460181104,0.0398476328622,0.0986176459134,0.0424888094593
2020-12-17,0.389493397623,0.142686668262,0.0474338434458,0.158655328117,0.0801946512137,0.0396761947592,0.0991693934418,0.0426905231371
2020-12-18,0.38939057672,0.142376687148,0.0474691025439,0.159168251302,0.0804276291938,0.0398059356962,0.0993717172184,0.0419901001776
2020-12-21,0.389608669268,0.141363899958,0.0470248549223,0.159828817019,0.0808154431334,0.0399648402405,0.0994674189671,0.041926056492
2020-12-22,0.389555608513,0.141124424452,0.0467522333221,0.160307909536,0.0810761761017,0.04006468977,0.0988344670817,0.0422844912235
2020-12-23,0.388915691143,0.142352904555,0.0471123169649,0.159792409537,0.0807016132354,0.0399818206981,0.0992388965563,0.0419043473113
2020-12-24,0.389395654181,0.142341468069,0.0467202450988,0.159518328557,0.0806024639822,0.0398917048951,0.0993707653289,0.0421593698883
2020-12-28,0.391068712053,0.142614230347,0.0466164189274,0.158866030788,0.0802659965224,0.039749950817,0.0985885565235,0.0422301040223
2020-12-29,0.389982243564,0.143610150042,0.0470793393748,0.158754414402,0.0801826215371,0.0396965812083,0.0988613884326,0.04183326144
2020-12-30,0.389494629655,0.143528204718,0.0476073334289,0.158423909454,0.0800216579572,0.0396215580163,0.0993518777109,0.04195082906
2020-12-31,0.390723210418,0.142288612457,0.0473931239852,0.15824073381,0.0799215669856,0.0396294307754,0.0995297324595,0.0422735891089
2021-01-04,0.386790046501,0.14361708191,0.047781885774,0.158608329326,0.0802291174075,0.0398155971091,0.1021110452,0.0410468967721
2021-01-05,0.387358664682,0.144469003805,0.0486293762588,0.15759462648,0.0796112183342,0.0395889766671,0.101862449009,0.0408856847636
2021-01-06,0.389489748797,0.145964190224,0.048143939155,0.156745102753,0.0791081210078,0.0394524946899,0.100160573252,0.0409358301221
2021-01-07,0.392994235101,0.145539931756,0.0482412292951,0.155680601789,0.0783737366339,0.0392000615498,0.0993497528043,0.0406204510699
2021-01-08,0.394829920314,0.146765218868,0.0491666980292,0.15533603467,0.0780692582728,0.039006226424,0.0958530539236,0.0409735894989
2021-01-11,0.394679445604,0.145781267756,0.0489061430746,0.156076960119,0.0784162971203,0.0391723852313,0.0962775956586,0.0406899054355
2021-01-12,0.393895150392,0.146150643282,0.0493351008686,0.155867106753,0.0782307106761,0.0391388044558,0.0966879009753,0.0406945825965
2021-01-13,0.394214427815,0.14560682138,0.0494021788931,0.156066531547,0.0783551555347,0.0391516503988,0.0960906831755,0.0411125512557
2021-01-14,0.392856782016,0.146722988948,0.0498935517301,0.155769693109,0.0781809768346,0.0391724248963,0.0960463852788,0.0413571971874
2021-01-15,0.392387552602,0.14524472248,0.049623464024,0.156887193256,0.0788743661686,0.0394565088372,0.095437379873,0.0420888127594
2021-01-19,0.393091837866,0.145389836065,0.0502177999327,0.156157125802,0.0784467034832,0.0393118941861,0.0956676084886,0.0417171941772
2021-01-20,0.394632659284,0.145064316334,0.0505917025117,0.154642575038,0.0777120019367,0.0389853188418,0.0962740903108,0.0420973357428
2021-01-21,0.39491608013,0.145362325487,0.0505912118322,0.154388788884,0.0775855502908,0.039072434489,0.0961951050945,0.0418885037928
2021-01-22,0.394849306783,0.144842778255,0.0503983540569,0.154910991737,0.0779662953368,0.0391433155728,0.0957605545948,0.0421284036634
2021-01-25,0.39524648122,0.144329955754,0.0505021245856,0.154852900534,0.0780528277749,0.0391295751977,0.0955626802607,0.0423234546738
2021-01-26,0.395004218991,0.144526303653,0.050233373035,0.154947061353,0.0781006719927,0.0391086241151,0.0954170780501,0.0426626688107
2021-01-27,0.391449110776,0.143376375091,0.0497321215951,0.157412888019,0.0794301136757,0.0397151877606,0.0963131730448,0.0425710300384
2021-01-28,0.392929227348,0.14380163372,0.0497299385146,0.156554078125,0.0788449489428,0.0396026967768,0.0959418848398,0.0425955917333
2021-01-29,0.39012028704,0.142498011371,0.0493050145407,0.158434705642,0.0797393303845,0.040082110213,0.0971625666984,0.0426579741103
2021-02-01,0.391988780899,0.142819387812,0.0499652435913,0.156736837504,0.0789077933983,0.0395280219552,0.0969307336116,0.043123201228
2021-02-02,0.394919077588,0.143462912155,0.0504143558718,0.155467667122,0.0781911432778,0.0393266759912,0.095122030852,0.0430961371409
2021-02-03,0.395136772613,0.143817174728,0.0505898354055,0.155245300659,0.0779813327276,0.0392959325443,0.0949560508081,0.0429776005143
2021-02-04,0.39852935264,0.143481376004,0.0505254721559,0.154752306053,0.0777406054997,0.0391603101571,0.0926562031375,0.0431543743536
2021-02-05,0.398619745398,0.144018717471,0.0507110021538,0.153982667225,0.0772894458244,0.0390064704714,0.0932252167914,0.0431467346639
2021-02-08,0.399318177439,0.144150895256,0.0506947311499,0.153303914521,0.0769023215994,0.0388311102804,0.0936526519581,0.0431461977958
2021-02-09,0.398364456697,0.144726720416,0.0511708807596,0.153105143665,0.0768283938885,0.0387853998338,0.0937964588536,0.0432225458872
2021-02-10,0.39796684827,0.144321611098,0.0512528770801,0.153163017461,0.0769804004046,0.0387969023917,0.0940868779038,0.0434314653904
2021-02-11,0.398168528359,0.14510245757,0.0517311088676,0.152810468742,0.0768367179233,0.0387085592403,0.0931665254062,0.0434756338926
2021-02-12,0.399419774783,0.145517714409,0.0517306474985,0.152184768957,0.0764461977177,0.0385758781758,0.0927174424343,0.0434075760246
2021-02-16,0.400050277832,0.146756067564,0.0520048694423,0.151837301351,0.0760802007897,0.0384824307471,0.0916102149849,0.0431786372899
2021-02-17,0.400721523388,0.146055582104,0.0522096036721,0.152358688942,0.0762425607712,0.0385230002667,0.0907013572904,0.043187683566
2021-02-18,0.400521625761,0.1456606328,0.0517293412133,0.152854583853,0.0765236673065,0.0385069509816,0.0910381018069,0.043165096278
2021-02-19,0.399841416792,0.146350470546,0.0520111794449,0.152391372139,0.0762214468024,0.038345103663,0.0914219648157,0.0434170457967
2021-02-22,0.398305466556,0.146473143671,0.0507321119797,0.152507232667,0.0763924464704,0.038490836768,0.0931505388971,0.04394822299
2021-02-23,0.398390830373,0.146386163449,0.0509698714974,0.152394433206,0.0763752118081,0.0384615552357,0.0928433864381,0.0441785479932
2021-02-24,0.400903867906,0.146235190549,0.0504082181471,0.151631827407,0.075914829979,0.0382519269521,0.0923451664077,0.0443089726522
2021-02-25,0.398695321068,0.146494071278,0.0502546490197,0.153101222739,0.0763294686854,0.0385033906959,0.0923332321168,0.0442886443979
2021-02-26,0.398773895617,0.145165254063,0.0498037782908,0.155175685246,0.0774288116574,0.0391900716929,0.0905848470078,0.0438776564244
2021-03-01,0.402966264524,0.145994074833,0.0504843115879,0.153016306106,0.0763053216385,0.0385357945182,0.0892161875808,0.0434817392119
2021-03-02,0.401142562529,0.146416450613,0.0501720657299,0.1535484023,0.0766964495122,0.038820307916,0.0899985248391,0.0432052365609
2021-03-03,0.399245689816,0.14677462028,0.0505672340783,0.154308654197,0.0769441822025,0.0390558840528,0.0897748545998,0.0433288807736
2021-03-04,0.398231635914,0.146742280794,0.0499705471424,0.155396883492,0.077325736756,0.0392940745319,0.0897769576145,0.043261883755
2021-03-05,0.401851465198,0.146579427981,0.0498646218262,0.153869043589,0.0765120836103,0.038975420742,0.0890124404366,0.0433354966163
2021-03-08,0.402140840917,0.146689743039,0.0488440273622,0.154140944817,0.0766476661443,0.0389826971626,0.0885940600123,0.0439600205454
2021-03-09,0.403026413551,0.146804689776,0.0493082348408,0.15288125931,0.0760939731211,0.0387598043151,0.0894013952079,0.0437242298787
2021-03-10,0.403703744042,0.146769360458,0.0490011615551,0.152443874138,0.0759091191532,0.0387602336133,0.0894514002101,0.0439611068305
2021-03-11,0.404933528881,0.146807117225,0.0501191312983,0.151360183264,0.0753498447317,0.0385217082953,0.0887463780128,0.0441621082917
2021-03-12,0.405871479254,0.147305683938,0.0492821121711,0.150646174189,0.0748770572389,0.0382560807622,0.0888157909931,0.0449456214529
2021-03-15,0.406596126173,0.147048811099,0.0490495809481,0.150178746697,0.0746577184141,0.038209920204,0.0888357555167,0.0454233409488
2021-03-16,0.406145327828,0.147308003229,0.0492705993751,0.150148909335,0.074656036862,0.0382949943521,0.0889315044703,0.045244624548
2021-03-17,0.406435044605,0.14767926387,0.0491752350722,0.149732261756,0.0743313236688,0.0381586538312,0.0893262117568,0.0451620054407
2021-03-18,0.404722072707,0.14779692092,0.0489237645442,0.150717992842,0.0746422974796,0.0382855253062,0.089738621851,0.045172804349
2021-03-19,0.403912051687,0.148281336021,0.0494028014971,0.150814689622,0.0745848093997,0.0383534052868,0.0901003504827,0.0445505560034
2021-03-22,0.405480266749,0.147740502747,0.0490972624857,0.150491994467,0.0745244014874,0.0383808145396,0.0896017308214,0.0446830267031
2021-03-23,0.404764869975,0.146398954523,0.0485922636863,0.151804441648,0.0753534108732,0.0386970520355,0.0894950705415,0.0448939367175
2021-03-24,0.40407244845,0.146262800445,0.0476173897616,0.152506021827,0.075708333269,0.0389301202534,0.0901092135018,0.0447936724911
2021-03-25,0.405048136568,0.146726361457,0.0475404540769,0.151939156481,0.075367414726,0.0387781097941,0.0894951074828,0.0451052594145
2021-03-26,0.407317556475,0.147198771045,0.0482192660747,0.150116916145,0.0743389947127,0.0383860720438,0.0888210840422,0.0456013394613
2021-03-29,0.408385605384,0.146944184264,0.048099865436,0.150335425955,0.0743155584205,0.0384023060534,0.0880390874314,0.0454779670554
2021-03-30,0.40833361964,0.147137042842,0.0484178974615,0.150835439915,0.0744379379876,0.0384321678114,0.0867534793126,0.0456524150301
2021-03-31,0.408998439009,0.146364393666,0.0485153090074,0.150497531389,0.0741530511384,0.0383484980253,0.0878565974539,0.0452661803101
2021-04-01,0.409468226403,0.146856209189,0.0484860256041,0.149561700107,0.0737704914281,0.0380915879989,0.0881166763564,0.0456490829129
2021-04-05,0.412164886864,0.147928614963,0.0482155180863,0.148117068885,0.0729989343561,0.0376915282831,0.0874095419936,0.0454739065689
2021-04-06,0.411751986503,0.146579443357,0.0484246164989,0.148576493314,0.0733239312715,0.0376970787361,0.0880750733651,0.0455713769545
2021-04-07,0.412407829877,0.146906792225,0.0477402337357,0.148406822863,0.0733106301207,0.0377375590398,0.0878650392345,0.045625092905
2021-04-08,0.412395171249,0.147053701887,0.0480056037048,0.148063897892,0.0732126758711,0.0376420199413,0.0883874865331,0.0452394429209
2021-04-09,0.414656725284,0.147142193952,0.0475109083352,0.147633244836,0.0728903941102,0.0374945240785,0.0875657182434,0.0451062911605
2021-04-12,0.415342910466,0.14654518026,0.0472623332677,0.147784790426,0.0729394482058,0.0375488698467,0.0871470108572,0.0454294566699
2021-04-13,0.414938332301,0.146956657825,0.0470858439596,0.147630091026,0.0729537957417,0.0375386567186,0.0874199783913,0.0454766440362
2021-04-14,0.414284784832,0.14737344882,0.0474274298804,0.147786453239,0.0729987467673,0.0376079757219,0.0872009271299,0.0453202336093
2021-04-15,0.414811816729,0.147116077737,0.0473974824438,0.146977718235,0.0727783850026,0.0374569213695,0.087780105652,0.045681492832
2021-04-16,0.415184451125,0.147619795841,0.0474347959056,0.146236598369,0.0724046983033,0.0373538538619,0.0880958276545,0.0456699789394
2021-04-19,0.41437902136,0.14762854488,0.0474773685,0.146558273484,0.0725448013579,0.0374003020441,0.0881147144606,0.0458969739126
2021-04-20,0.413281046155,0.145861875331,0.0473385494252,0.147479618283,0.0731032857747,0.0376001241288,0.08884427038,0.0464912305226
2021-04-21,0.41428479915,0.146168392234,0.0473774567753,0.14659256426,0.0726319398127,0.0373736042264,0.0890996524412,0.0464715910999
2021-04-22,0.41262955089,0.146319263343,0.0475417613345,0.147391240731,0.0730659348163,0.0376119615476,0.0889810287355,0.046459258602
2021-04-23,0.414356569581,0.147021115045,0.047875256301,0.146395048171,0.07248978667,0.0373819715309,0.0880563336698,0.046423919032
2021-04-26,0.414663801583,0.147052983474,0.0478737091471,0.146070985628,0.0723165315254,0.0373523769814,0.0881705646592,0.0464990470022
2021-04-27,0.415133681051,0.146791994064,0.0480101491841,0.145910787793,0.0721292426202,0.0373998262904,0.0880672697617,0.0465570492361
2021-04-28,0.414550953226,0.147029604707,0.0483422649712,0.145824336784,0.0721435016983,0.0374759632036,0.0882279326255,0.0464054427845
2021-04-29,0.416156350925,0.146807346581,0.0481147772688,0.145385731925,0.071838122731,0.0373652159148,0.0876449072653,0.0466875473887
2021-04-30,0.415650987105,0.145585297863,0.0476634741322,0.146323012887,0.0722888587874,0.0375430280394,0.0878205848645,0.0471247563208
2021-05-03,0.414986046189,0.146558474006,0.0474668900502,0.145867609522,0.0721405495628,0.0374954566853,0.088626895927,0.046858078057
2021-05-04,0.414712268318,0.145584313552,0.0471442349616,0.14685581684,0.0726358526874,0.0377895655708,0.0884650258375,0.0468129222327
2021-05-05,0.414012886551,0.147018923242,0.0472298992541,0.146677420985,0.0725794940561,0.0378831856668,0.0886539224171,0.0459442678272
2021-05-06,0.414529184615,0.147235903398,0.0473787464657,0.145722360605,0.0721258047282,0.0375857265644,0.0895300820918,0.0458921915325
2021-05-07,0.414797083284,0.147969248406,0.0474839548579,0.144724956398,0.0716759906599,0.0374173270456,0.0897407999593,0.0461906393889
2021-05-10,0.413109208493,0.14807026261,0.0468709209662,0.145349035967,0.0719534245089,0.0376554490164,0.0905430836842,0.0464486147543
2021-05-11,0.412179180492,0.14728553222,0.047060716646,0.146008077227,0.0723174815811,0.037808178638,0.0911686582254,0.0461721749709
2021-05-12,0.409793662339,0.146984333421,0.0465805512007,0.14779444901,0.0731054201958,0.0383390185476,0.0916885537395,0.0457140115465
2021-05-13,0.411648999908,0.146911364361,0.0461816585592,0.147036561182,0.0728076015837,0.0380644160286,0.0913842094281,0.045965188949
2021-05-14,0.413243219035,0.147570521422,0.0464120197509,0.145705206329,0.0721422590709,0.0377670068882,0.0911743830423,0.0459853844616
2021-05-17,0.41230240205,0.147380883296,0.0464513707212,0.145616750842,0.0720920590941,0.0378510616087,0.0922603494196,0.0460451229692
2021-05-18,0.409737600755,0.148253968673,0.0472373778916,0.145789590386,0.0722662177981,0.0378861749559,0.0926632186416,0.0461658508996
2021-05-19,0.41000938269,0.1474165915,0.0472667729856,0.146064607144,0.0722880673979,0.0377522276782,0.0930321660962,0.0461701845089
2021-05-20,0.41096146884,0.148215409705,0.0470421180738,0.145341515866,0.0719810993805,0.0374813794064,0.0926770826212,0.0462999261068
2021-05-21,0.410918464199,0.14829270764,0.0465748377638,0.145508996431,0.0720577633457,0.0375760514308,0.0927854657425,0.0462857134477
2021-05-24,0.412392376259,0.148232014473,0.0467056206127,0.14469637504,0.0716553994628,0.0374211701347,0.0923409257742,0.0465561182442
2021-05-25,0.411016961772,0.148066128595,0.0471415512714,0.144888056244,0.0718381741367,0.0374847373392,0.0930744418944,0.0464899487471
2021-05-26,0.411425594277,0.147919786947,0.0474407907203,0.144694384914,0.0716858665245,0.0373628310158,0.0928204715041,0.0466502740975
2021-05-27,0.411554198331,0.148171871078,0.0475193693381,0.144487066204,0.071545607562,0.0373519761016,0.0928373409359,0.0465325704495
2021-05-28,0.411443667366,0.148291887896,0.0476695010183,0.144190318625,0.0713924008893,0.0372986167982,0.0929959659223,0.0467176414841
2021-06-01,0.410240178309,0.148778992566,0.0485696844273,0.143828660864,0.0712332673695,0.0373309640201,0.0925559802703,0.0474622721743
2021-06-02,0.409895671907,0.148843109267,0.0485672054545,0.143670481396,0.0711425211307,0.037194315385,0.0927846053131,0.0479020901475
2021-06-03,0.410630513424,0.148872458241,0.0482864078343,0.144123475853,0.0713542696008,0.0372734659515,0.0914706060314,0.0479888030633
2021-06-04,0.411186458231,0.149128002031,0.0483441939505,0.143599198525,0.0711940942852,0.0371634943036,0.0917430711069,0.0476414875666
2021-06-07,0.410608016705,0.149399873823,0.0481298139053,0.143436316222,0.0711072042872,0.0370656609747,0.0920704999909,0.0481826140918
2021-06-08,0.410522637899,0.149252742348,0.0479075918267,0.143638616522,0.0712817923701,0.0370879215437,0.0917471571017,0.0485615403901
2021-06-09,0.410252424936,0.148787288163,0.0479124422296,0.144046600117,0.0715646139142,0.0371217946299,0.0916476956974,0.0486671403125
2021-06-10,0.410432414289,0.148639511941,0.0480442285579,0.143742221541,0.0715179775646,0.0371578499897,0.0916555893437,0.0488102067723
2021-06-11,0.411426922321,0.149005898228,0.047871001427,0.143790426309,0.0714679309691,0.0370905680645,0.0906939610247,0.0486532916563
2021-06-14,0.412186764397,0.149171555742,0.0480448671478,0.143372426498,0.0712175075105,0.0370557259581,0.0901271312673,0.0488240214793
2021-06-15,0.412164286338,0.149465527183,0.0478060230125,0.143690548571,0.0713568697353,0.0371828739507,0.0899467358326,0.0483871353763
2021-06-16,0.412775280217,0.149539097836,0.0474920998978,0.144245834442,0.0713713652155,0.0371072085956,0.0890556936045,0.0484134201916
2021-06-17,0.413844060841,0.148871419501,0.0479054991419,0.145121744818,0.0718362855418,0.0373566804663,0.0865703086314,0.0484940010575
2021-06-18,0.412085108896,0.147406859897,0.0479786424954,0.146875952526,0.0729193293695,0.0377214182407,0.0868964293035,0.0481162592716
2021-06-21,0.414035397089,0.148023963953,0.0477568406584,0.145109701575,0.0719990937886,0.037300387859,0.087129662904,0.0486449521735
2021-06-22,0.415409075903,0.1478677567,0.0474561292839,0.144968051231,0.07198484601,0.0374303756208,0.0865892878829,0.0482944773686
2021-06-23,0.415479530106,0.147272492717,0.0477972730103,0.14509192499,0.0719402275201,0.0374907143412,0.0866511134718,0.0482767238435
2021-06-24,0.416333825741,0.147929476141,0.0479684114246,0.144585444734,0.071651762432,0.0372766622432,0.0862666724708,0.0479877448131
2021-06-25,0.416745188745,0.148033467801,0.0482348489952,0.14392786422,0.0713197415035,0.0372193505615,0.0863313008556,0.0481882373181
2021-06-28,0.417360800843,0.146990547192,0.0483237768947,0.14426379124,0.0715047333837,0.037254732113,0.0862797049901,0.0480219133427
2021-06-29,0.417896183848,0.147071609129,0.0483243792766,0.144446339127,0.0715952132926,0.0373028925142,0.085436846311,0.0479265365017
2021-06-30,0.418464669278,0.146154899859,0.0480486192818,0.144621490172,0.0717441390744,0.037371854213,0.0858960031806,0.0476983249401
2021-07-01,0.41956819379,0.146157787375,0.0476542472089,0.144124373711,0.07148581179,0.037300139175,0.0859430682374,0.0477663787138
2021-07-02,0.420616835039,0.145946286058,0.0473582829535,0.143699994938,0.0713798275821,0.0372671143685,0.0860650545572,0.0476666045033
2021-07-06,0.420178794431,0.145187271452,0.0465433065254,0.14427358172,0.07181208726,0.0373925153571,0.086559660935,0.0480527823189
2021-07-07,0.420416842913,0.145263428543,0.0464494778851,0.144095569674,0.0718089553469,0.0372557806596,0.0866322632691,0.0480776817091
2021-07-08,0.419639431977,0.144066456791,0.0458543379988,0.145173175834,0.0724507671276,0.0374426074431,0.0871255914229,0.0482476314055
2021-07-09,0.420731445144,0.145382708062,0.0463186384978,0.143542085541,0.0715096393899,0.037149339923,0.0867166783004,0.048649465142
2021-07-12,0.421248425765,0.145573255792,0.0462362151672,0.143118930989,0.0713052202975,0.0371607564417,0.0864060038081,0.0489511917399
2021-07-13,0.421211800752,0.145244720201,0.046416577215,0.143285519165,0.0713215376005,0.0372846236771,0.0868068760263,0.0484283453631
2021-07-14,0.42041782968,0.145118512358,0.0464868229646,0.143285076821,0.0713874562428,0.0372573880573,0.0874446346958,0.0486022791806
2021-07-15,0.419716549275,0.144196294468,0.0466120116775,0.143846360024,0.0718134019151,0.0374358966471,0.0876133215617,0.0487661644316
2021-07-16,0.41883111078,0.143902553221,0.0465650449573,0.144552962457,0.0722160843798,0.0376522505041,0.0872645840891,0.0490154096121
2021-07-19,0.416429610213,0.1423784875,0.0463003090363,0.146646195589,0.0735014081947,0.0380122279247,0.0881687293408,0.048563032201
2021-07-20,0.419012990252,0.142507165614,0.0459645629722,0.145333923654,0.0728197943004,0.0377018377086,0.0873488849962,0.0493108405032
2021-07-21,0.420501980585,0.143914845166,0.0461515013153,0.144206671287,0.0720732144582,0.0374359421208,0.0866318446153,0.049084000452
2021-07-22,0.420737376974,0.143890768269,0.0461507855089,0.144320985911,0.0721287515232,0.0374831802294,0.0866683436156,0.0486198079699
2021-07-23,0.423131993068,0.144101311861,0.0452270695369,0.143565497332,0.0716905070965,0.0374803214173,0.0860036076755,0.0487996920133
2021-07-26,0.424105827624,0.14424676952,0.0443585827575,0.143420044686,0.0716306087663,0.0376364676688,0.0857864120477,0.048815286929
2021-07-27,0.423176050516,0.144057986912,0.0435043810389,0.144095153733,0.0721072960048,0.0377172102132,0.0861334200734,0.0492085015092
2021-07-28,0.42203670054,0.144370953823,0.0446322574858,0.143902020934,0.0720038021359,0.0377582843583,0.0863704099961,0.0489255707261
2021-07-29,0.422333178486,0.144960375794,0.0446352704195,0.143174406674,0.0715373837488,0.0375624903741,0.0870299759607,0.048766918543
2021-07-30,0.421744152494,0.144515706329,0.0444859011589,0.143870178039,0.0719880440875,0.0377509755897,0.0866439426731,0.0490010996291
2021-08-02,0.420610557189,0.145127584638,0.0448162463527,0.14409045069,0.0722610686111,0.037742313672,0.0864856294465,0.0488661494008
2021-08-03,0.422061960531,0.145480515425,0.0447205617675,0.143470184657,0.0719435671003,0.0376016593642,0.0860228476554,0.0486987035003
2021-08-04,0.421086618621,0.145444202845,0.0449506165244,0.143833831762,0.0721137910833,0.0376276896838,0.0862686499059,0.0486745995751
2021-08-05,0.422573519794,0.145788754483,0.0446869534877,0.143113467745,0.0716513083139,0.0373898580349,0.0856884768377,0.049107661303
2021-08-06,0.424783934082,0.145724590796,0.0445425438282,0.142982676458,0.0714858117249,0.0374392606164,0.083845515739,0.0491956667557
2021-08-09,0.425538245411,0.145934594429,0.0448147460439,0.143093165152,0.071517920706,0.0374693225635,0.0825718506309,0.0490601550632
2021-08-10,0.425949948817,0.146201480401,0.0449678178615,0.142867990448,0.0713634959004,0.0374938882702,0.0825745882115,0.0485807900909
2021-08-11,0.425372217266,0.14655917648,0.044960336296,0.142456171749,0.0711693619419,0.0374111106413,0.0833921167991,0.0486795088257
2021-08-12,0.426356125282,0.146125701974,0.0446349489806,0.14237140707,0.0710476738813,0.037356634365,0.0833555853949,0.0487519230519
2021-08-13,0.425463510175,0.146302486883,0.0443742382625,0.142330732243,0.0711769144337,0.0373059230747,0.084219446401,0.0488267485262
2021-08-16,0.426274913479,0.145406868812,0.0440005571871,0.142340736625,0.0713029039351,0.0373267491408,0.0846017613944,0.048745509427
2021-08-17,0.425873164599,0.144614129376,0.0434506171661,0.14303394317,0.0716691314238,0.037436131094,0.0849525436355,0.048970339536
2021-08-18,0.423485718465,0.145031035003,0.0437375282518,0.143818477457,0.072019197289,0.0376440518662,0.0854776382933,0.0487863533754
2021-08-19,0.424652715692,0.143608962761,0.0431175004675,0.144240172045,0.0722657355927,0.037704031161,0.0853297171637,0.0490811651175
2021-08-20,0.426337154068,0.143514797316,0.0429467985602,0.143681508699,0.0719123309395,0.0374384476047,0.0850378067278,0.0491311560838
2021-08-23,0.427129999199,0.144024424408,0.0432651084054,0.142693504555,0.0714360722934,0.0372676403844,0.0854814890728,0.0487017616809
2021-08-24,0.427090603045,0.144474562042,0.0441589076804,0.142245672493,0.0711221431542,0.0372051408264,0.08529767034,0.0484053004191
2021-08-25,0.428045415508,0.14460503399,0.044208102588,0.141995385939,0.0708527849613,0.037195817754,0.0847175269538,0.048379932306
2021-08-26,0.427085969864,0.144221202145,0.0440071734747,0.142530713943,0.071113775556,0.0373386194114,0.0851260534132,0.0485764921938
2021-08-27,0.427244195741,0.14448311206,0.0441829728253,0.141710568862,0.0707391322714,0.0372997828287,0.0856714901351,0.0486687452773
2021-08-30,0.428123001879,0.144118926069,0.0442085195908,0.141538652628,0.0707128693215,0.0372071450419,0.0850499914788,0.0490408939901
2021-08-31,0.427548956023,0.144139196872,0.044754566753,0.141351489879,0.0705902363842,0.0371035765454,0.085232729074,0.0492792484692
2021-09-01,0.426531874281,0.144980183934,0.0451626605471,0.140985409658,0.0704149793785,0.0370117450801,0.0849898273124,0.0499233198094
2021-09-02,0.426947915304,0.14535992152,0.0448889938318,0.140835636534,0.0703514442644,0.0369485597302,0.0845868725552,0.0500806562603
2021-09-03,0.426305757132,0.145886472505,0.0450367297598,0.14041558968,0.0700949558925,0.0368503801476,0.0853836248613,0.0500264900216
2021-09-07,0.426694599203,0.146186908727,0.0456159140047,0.140670554924,0.0701337934173,0.0369242452593,0.0840884983857,0.0496854860788
2021-09-08,0.426880469043,0.145357545634,0.0450146050267,0.14113513121,0.0704428364677,0.0371352763555,0.0840167900154,0.0500173462478
2021-09-09,0.425790223693,0.1454444297,0.0451527090261,0.141831842732,0.0707642181191,0.0373960360274,0.0845347407971,0.0490857999055
2021-09-10,0.424808941524,0.145847318049,0.045337622369,0.14234699637,0.0709375663848,0.0375018086416,0.0845801530679,0.0486395935951
2021-09-13,0.424527989635,0.14648225967,0.0453382405984,0.142073435638,0.0707944176528,0.0373813461894,0.0845908797459,0.0488114308702
2021-09-14,0.42320360814,0.146181671,0.0450195008325,0.142717747263,0.0712234350952,0.0374872368662,0.0853304088555,0.0488363919475
2021-09-15,0.425242832633,0.146247959971,0.0448445429785,0.142083033416,0.0708528878976,0.0373760796493,0.0845326987377,0.0488199647162
2021-09-16,0.426253922993,0.146413472717,0.0445566959063,0.142401415988,0.0709095286893,0.0374634747714,0.0829466271293,0.0490548618053
2021-09-17,0.425144519522,0.145630072263,0.0447041194023,0.143304236548,0.0712128652839,0.0376253700289,0.0834121369101,0.0489666800419
2021-09-20,0.422325055976,0.144320252034,0.0439319132245,0.145042652284,0.0723044955396,0.0380450613596,0.0848660025861,0.0491645669962
2021-09-21,0.421176255658,0.145304672973,0.0442075720157,0.144847226697,0.0721328297421,0.0379509212662,0.0852801454865,0.0491003761615
2021-09-22,0.422843323193,0.145255736479,0.0445868391246,0.144065269168,0.0717861650693,0.0376949388895,0.0844739531039,0.0492937749732
2021-09-23,0.426041700442,0.146356165621,0.0445948893857,0.142708920346,0.0708141430344,0.0373899306648,0.0831202683535,0.0489739821525
2021-09-24,0.427732619992,0.145352390014,0.0442069702299,0.142792244587,0.070764219875,0.0373830031711,0.0832059305252,0.0485626216059
2021-09-27,0.427293769203,0.145619858998,0.0445256239251,0.142856659693,0.0707045099382,0.0374693758382,0.0835325976714,0.0479976047333
2021-09-28,0.42481562318,0.144482070688,0.0446516445519,0.144345488879,0.0714666037116,0.0379349541628,0.0839326018903,0.0483710129359
2021-09-29,0.425494957036,0.14401493861,0.0442912232523,0.144434035082,0.0715352224992,0.0379525855579,0.0835475130536,0.0487295249088
2021-09-30,0.422219501659,0.144246032062,0.0447986633126,0.145070303411,0.0719502893693,0.0381323979445,0.0854389614967,0.0481438507449
2021-10-01,0.424162578283,0.143633402906,0.0445029536326,0.144465933727,0.0717240974131,0.0380221932302,0.085015210694,0.048473630114
2021-10-04,0.42172898599,0.143332328663,0.0442075920327,0.145412398702,0.0721567584382,0.0382949439057,0.0860323669921,0.0488346252761
2021-10-05,0.42426157707,0.143533044053,0.0444342798985,0.144439079949,0.0716185880094,0.0381669626921,0.0852588702446,0.0482875980822
2021-10-06,0.425475279928,0.142296841161,0.0442077221459,0.144315649878,0.0715448302522,0.0380968849457,0.0853765338221,0.0486862578673
2021-10-07,0.42714789059,0.142819276243,0.0448610803744,0.143240352937,0.0709259266759,0.0378861998882,0.0845294930011,0.0485897802908
2021-10-08,0.426993952692,0.1430569869,0.045095534114,0.143136823841,0.0708750360494,0.0379506354909,0.0846894934271,0.0482015374857
2021-10-11,0.425648321338,0.143219574554,0.0451564387187,0.143499589324,0.0709928102469,0.0380830647123,0.084877753923,0.0485224471835
2021-10-12,0.424297941731,0.143060727942,0.0449995239725,0.143925874612,0.0712653647036,0.0381274554187,0.0852001627403,0.0491229488797
2021-10-13,0.423193891863,0.143758253693,0.0453059052627,0.143361903708,0.0709610233314,0.038063681204,0.0861805315483,0.0491748093907
2021-10-14,0.426023165592,0.143863001791,0.0449244583104,0.142205462734,0.0704188587838,0.0377576140608,0.0855302895065,0.0492771492216
2021-10-15,0.428103426524,0.144615888684,0.0452834245959,0.141473976951,0.0698802354015,0.0375937901607,0.0839426866947,0.0491065709884
2021-10-18,0.429234584684,0.14404040142,0.0452078607276,0.141330297731,0.0697604695136,0.0375029136345,0.0837079058078,0.0492155664814
2021-10-19,0.43066206508,0.144412004275,0.0455243253007,0.140309111013,0.0692077855994,0.0372493588325,0.0836111677294,0.04902418217
2021-10-20,0.430784364243,0.144385587148,0.0453677765467,0.139701913211,0.0689263555574,0.0371808514818,0.0840378049097,0.0496153469029
2021-10-21,0.432062410537,0.143718078009,0.0450197470302,0.13945786311,0.0687695166695,0.0372782848821,0.0839923146808,0.0497017850822
2021-10-22,0.431023780183,0.144184204173,0.0448455072991,0.139536026254,0.068850561023,0.0373025699994,0.0843903775386,0.0498669735295
2021-10-25,0.431859104726,0.143582933834,0.0448567389806,0.13919486512,0.0687003235077,0.037265001973,0.0846844082867,0.0498566235725
2021-10-26,0.432099944979,0.143809015459,0.0445393931325,0.139403141633,0.0687610991797,0.0373821214793,0.0840290272828,0.0499762568547
2021-10-27,0.431089467215,0.143338996328,0.0443995339128,0.140160159105,0.0692915659756,0.0376370997073,0.0844265386005,0.049656639155
2021-10-28,0.432810523823,0.143989316647,0.0441077923489,0.139265599998,0.0687234319642,0.0371012444438,0.0839335608147,0.0500685299593
2021-10-29,0.434610040909,0.143223509093,0.0436500554607,0.139524947048,0.0688994915384,0.0370849503716,0.0833962660363,0.0496107395441
2021-11-01,0.434072784467,0.1441433307,0.043942177139,0.139028071252,0.0686907590154,0.0368293776655,0.0835842245297,0.0497092752312
2021-11-02,0.435126041001,0.143583014328,0.0434082675083,0.139083287268,0.0687477978366,0.0369165410432,0.0832703083182,0.0498647426962
2021-11-03,0.43652216426,0.14415150589,0.0435997247154,0.13840457915,0.0683349212778,0.0367587068289,0.0823401307161,0.049888267161
2021-11-04,0.437098832362,0.143556186386,0.0433587969452,0.138395676343,0.0684731690325,0.0368771942913,0.0829928508233,0.0492472938165
2021-11-05,0.436774526683,0.143251443022,0.0431937964013,0.138355145683,0.0685590774194,0.0368503129849,0.08372411435,0.0492915834556
2021-11-08,0.436824943858,0.143226954697,0.043611451381,0.138001155815,0.0682124776768,0.0369452390221,0.0839628494325,0.0492149281179
2021-11-09,0.43559232899,0.142944617676,0.0435307823766,0.13845220401,0.0685595012811,0.0371790893757,0.0844175507841,0.0493239255064
2021-11-10,0.43486445101,0.142038257621,0.0436909344193,0.13839948259,0.0684098315394,0.0373036173028,0.0858825435471,0.0494108819702
2021-11-11,0.434368898352,0.142320061612,0.0443774535468,0.137943681842,0.0680895380917,0.0372433490552,0.0862373546569,0.0494196628442
2021-11-12,0.435672698392,0.142652648999,0.0442112029892,0.137297360206,0.0679246021809,0.0370696339166,0.0860110066526,0.0491608466643
2021-11-15,0.436141451078,0.142513440968,0.0441586705219,0.136893217329,0.0677075165381,0.0371025191874,0.0859408646141,0.0495423197641
2021-11-16,0.43774789182,0.142149414184,0.0441296143445,0.136807772571,0.0676297238674,0.0370383453291,0.0852958501151,0.0492013877691
2021-11-17,0.436686047443,0.141797821904,0.0439684081265,0.137132711462,0.0678730312713,0.0371124023155,0.0860755224647,0.0493540550126
2021-11-18,0.43773930922,0.141766945113,0.0433992164837,0.137118181956,0.0678479164705,0.0370987269405,0.0857151190106,0.0493145848063
2021-11-19,0.438055476986,0.141038364838,0.0434318109636,0.137727753309,0.0682026283081,0.0371236679969,0.085273633548,0.0491466640512
2021-11-22,0.439484576471,0.141133721123,0.0432429421428,0.137901230077,0.0681164676182,0.037049068507,0.083869821568,0.0492021724925
2021-11-23,0.440471216352,0.1410173754,0.043325452962,0.13748250009,0.0678979633168,0.0369396762209,0.0832204518875,0.04964536377
2021-11-24,0.440964567387,0.140062969091,0.0432071812147,0.137584594151,0.0680019697383,0.0369971174692,0.0830123424156,0.0501692585333
2021-11-26,0.437432121582,0.138236021747,0.0425545380879,0.140590310296,0.0698865099262,0.037723911291,0.0840897958961,0.0494867911736
2021-11-29,0.440082514667,0.138048406127,0.0423539296606,0.139801264999,0.069301416608,0.0374059438694,0.0834588966658,0.0495476274037
2021-11-30,0.436168607517,0.138173409213,0.0428799912606,0.141541864745,0.0704679187642,0.0378439580356,0.0837910301172,0.0491332203478
2021-12-01,0.433939678504,0.138284123684,0.0431137183242,0.142427479805,0.0710288352542,0.037954677904,0.0846353528167,0.048616133708
2021-12-02,0.436220050031,0.138824572535,0.043190094644,0.140991462651,0.0701733278142,0.0376891745468,0.083332668848,0.0495786489303
2021-12-03,0.433940581287,0.138616652901,0.0427403020483,0.142053758922,0.0708333113485,0.0379002242871,0.0843283220658,0.0495868471398
2021-12-06,0.436289866196,0.139061257066,0.0427457730497,0.140660450148,0.0700323829066,0.03748810826,0.0835862962524,0.0501358661211
2021-12-07,0.439502732612,0.140189752424,0.0428031827261,0.138606805454,0.0688557462764,0.0370590260175,0.0827882569091,0.0501944975805
2021-12-08,0.440063938643,0.140188496033,0.0430006444606,0.138054513695,0.0685410219694,0.0369453993551,0.0827196376201,0.0504863482247
2021-12-09,0.439559293714,0.13974796912,0.0430287584656,0.138845780954,0.0691016382505,0.0370013808521,0.0826780450865,0.0500371335573
2021-12-10,0.4414935403,0.139244582982,0.0428919109386,0.138192508931,0.0688061791252,0.0368147470935,0.0826145948328,0.0499419357968
2021-12-13,0.439542150022,0.138445681687,0.0424235289564,0.139297349184,0.0694438877651,0.0370170044645,0.0831937784399,0.0506366194812
2021-12-14,0.439046863991,0.138532306178,0.0425743857017,0.139835395117,0.0697256223511,0.0371128321957,0.0828940702709,0.0502785241952
2021-12-15,0.441801742108,0.138947083578,0.0420285732995,0.138439108032,0.0689821830275,0.0368026866027,0.0824833903274,0.0505152330243
2021-12-16,0.438919649449,0.13929608941,0.0422372683325,0.138950393132,0.0693432042563,0.0369647700378,0.0836745281269,0.0506140972556
2021-12-17,0.437084280595,0.138583202059,0.0422199185952,0.140029061554,0.0699528305787,0.0372091036534,0.0840406956864,0.0508809072783
2021-12-20,0.435461443392,0.138874766689,0.0419259453355,0.140799204184,0.0703814297286,0.0374488756222,0.0842704568717,0.0508378781767
2021-12-21,0.438625594153,0.13916873697,0.0421966866099,0.139237887953,0.0693793779226,0.0371439657013,0.0833667257874,0.0508810249024
2021-12-22,0.439647089267,0.139520644485,0.0421088030869,0.138301542991,0.0689181457604,0.0369798801535,0.0835113479731,0.0510125462829
2021-12-23,0.44080458851,0.139876218664,0.0422074857447,0.137639448125,0.0685296757407,0.0367648247723,0.0834010205067,0.0507767379367
2021-12-27,0.443174967191,0.139730062265,0.0419784170921,0.136520253243,0.0679603084715,0.0365689368144,0.0828751190931,0.0511919358302
2021-12-28,0.443153899813,0.139837712111,0.0418660043317,0.136565557927,0.0680008470481,0.0365743467409,0.0825814947968,0.051420137232
2021-12-29,0.443738878643,0.139816108589,0.041688897797,0.136164572691,0.0676557799366,0.0366071261397,0.0825603662841,0.0517682699193
2021-12-30,0.442285330418,0.139416925192,0.0422036872973,0.136393563616,0.0678450183883,0.0367788545591,0.083110293973,0.0519663265562
2021-12-31,0.441496594858,0.139465292672,0.0421241613004,0.136446490293,0.0678184883353,0.0367605084202,0.0837398952317,0.05214856889
2022-01-03,0.443951028596,0.140279860781,0.0424125173857,0.13548255271,0.067172060187,0.0365415779014,0.0824327576982,0.0517276447397
2022-01-04,0.443555094229,0.140720242106,0.0422186912597,0.135395089031,0.0670992845418,0.0363819078777,0.0829937389788,0.0516359519758
2022-01-05,0.440812224196,0.141343580325,0.0421409557682,0.13676835194,0.0677033146299,0.0365652126974,0.0838424001063,0.0508239603364
2022-01-06,0.441457174746,0.140907305061,0.0424843190593,0.136951567951,0.0676985494324,0.0364943214527,0.0830149727157,0.0509917895821
2022-01-07,0.440404258478,0.141712241042,0.0427676564604,0.136766043874,0.0675833274523,0.0365084127134,0.0835241040862,0.0507339558939
2022-01-10,0.44069273837,0.140674341708,0.0429357289397,0.136904319184,0.0676938456675,0.0366242139569,0.083937367447,0.0505374447267
2022-01-11,0.441055124946,0.141174605923,0.0434090290866,0.13603385689,0.0672988328242,0.036576383271,0.0842525020179,0.0501996650418
2022-01-12,0.440735773217,0.142204201571,0.0439207858628,0.135568837626,0.067080646749,0.0362164921975,0.0841863790437,0.050086883733
2022-01-13,0.437974630278,0.142262541908,0.0437025369013,0.136844372824,0.067807067015,0.0365010777312,0.0845396064064,0.0503681669359
2022-01-14,0.439102962552,0.14223756705,0.0438837826066,0.136374889485,0.0674863779403,0.0364152967645,0.0844787781029,0.0500203454991
2022-01-18,0.43686724367,0.141955627896,0.0437898529786,0.137289332068,0.0678372089936,0.0367073057661,0.0854227548133,0.0501306738142
2022-01-19,0.43377322213,0.142400975544,0.0441118925007,0.13804382677,0.0682279806712,0.0367533508511,0.0870687972546,0.0496199542783
2022-01-20,0.431570537766,0.142355112531,0.0446534600371,0.138954506207,0.0687883040019,0.0370203142579,0.0873772719296,0.0492804932705
2022-01-21,0.427527890151,0.141866279448,0.0444143713013,0.140961869108,0.0699109990629,0.0376409270982,0.0880039787374,0.0496736850934
2022-01-24,0.429306028146,0.140276520837,0.0438202765899,0.140786358038,0.0698429853396,0.0377242879215,0.088479783266,0.0497637598619
2022-01-25,0.426713767567,0.140402471154,0.0440850195664,0.141526802454,0.0701858192315,0.0378938194252,0.0893171590796,0.0498751415226
2022-01-26,0.428191495858,0.14057526146,0.0438872742775,0.141573221104,0.0701045475299,0.0378787445291,0.0883993037973,0.0493901514441
2022-01-27,0.427990563762,0.140273368384,0.0436933371948,0.142681450268,0.0707152990728,0.0382037747426,0.0876509642944,0.0487912422824
2022-01-28,0.43296504156,0.139098211458,0.043201844834,0.140942793117,0.0699652158023,0.0378431794804,0.0862628315251,0.0497208822236
2022-01-31,0.435274994348,0.139555208573,0.04402901275,0.139175375333,0.0690940306156,0.0374726634558,0.0856934171959,0.0497052977294
2022-02-01,0.436427316131,0.140372842215,0.0441052887089,0.138558837837,0.0687189653573,0.0370767176526,0.0854146885165,0.049325343582
2022-02-02,0.43779379547,0.140582765155,0.0437388104893,0.137803470804,0.0684107929636,0.0368761619863,0.0851655154734,0.0496286876587
2022-02-03,0.433853686349,0.140387367398,0.0440146892328,0.139287150459,0.0691308539516,0.0371881883753,0.0863077319567,0.0498303322781
2022-02-04,0.435695049881,0.140694298844,0.0440213164612,0.138347824925,0.0685690328697,0.0369564963832,0.0864014208549,0.0493145597806
2022-02-07,0.434489496912,0.141013670891,0.0440408527465,0.13853438713,0.0686179765718,0.0369579831181,0.087079642518,0.0492659901125
2022-02-08,0.436318686838,0.141134053589,0.0442642722126,0.13755839656,0.0681233328321,0.0367631444801,0.0869977434918,0.0488403699958
2022-02-09,0.43791439942,0.141828705804,0.0444342400356,0.136156252038,0.067477368333,0.0364359113168,0.0863489073584,0.049404215694
2022-02-10,0.435903551215,0.142078277369,0.044790474487,0.136735398359,0.0677678963771,0.0366370955339,0.087192547063,0.048894759596
2022-02-11,0.430801850783,0.141256880725,0.0444577059009,0.138760766267,0.0690300351477,0.037267109792,0.0895804680394,0.0488451833451
2022-02-14,0.431084393088,0.140976415559,0.0442999136668,0.138497506761,0.0688217612776,0.0373143443378,0.0904144653747,0.0485911999348
2022-02-15,0.434005725082,0.141994773444,0.0448906220351,0.136997348686,0.067984589381,0.0368185804139,0.088731463555,0.0485768974038
2022-02-16,0.43321816902,0.142177020477,0.0450967378759,0.136758222647,0.0679269176021,0.0367821341024,0.089381155388,0.0486596428866
2022-02-17,0.428491874057,0.14150601708,0.0449855104078,0.138509342789,0.0690197147157,0.0372592830466,0.091570456855,0.0486578010487
2022-02-18,0.427254161339,0.141265103952,0.044796297923,0.139300912184,0.0694938072339,0.0375176889973,0.091833596809,0.048538431561
2022-02-22,0.425554917137,0.140745062746,0.0444032658829,0.14009888118,0.0699620076776,0.0378894827617,0.0926537818624,0.0486926007529
2022-02-23,0.42249192143,0.140931431922,0.0444669373002,0.140970108584,0.0703439980445,0.0383237705335,0.0940701695284,0.0484016626571
2022-02-24,0.426962051334,0.138494869455,0.0433760700377,0.140606448371,0.0701989084636,0.0383112218075,0.0930519536211,0.0489984769098
2022-02-25,0.43007349893,0.139927945511,0.0435410976492,0.138712796507,0.0691652748279,0.0377241266154,0.0914011823173,0.0494540776419
2022-02-28,0.4293623146,0.1380900497,0.0430850624,0.139839682545,0.0700148749317,0.0384137819952,0.0924323726178,0.048761861211
2022-03-01,0.42566393013,0.136283452042,0.0427849649297,0.14157255515,0.071171757212,0.0389487826261,0.0947435808127,0.0488309770975
2022-03-02,0.43068149548,0.137046407503,0.0426424937755,0.138965841509,0.0696471700985,0.0384448284987,0.093149222554,0.0494225405811
2022-03-03,0.429923131914,0.135315012989,0.0421837063124,0.139886361866,0.0701734262892,0.0385236136314,0.0940067903831,0.0499879566149
2022-03-04,0.428353625454,0.132430424823,0.0415748192864,0.141080118532,0.0711892275056,0.0389932291925,0.0959350384272,0.050443516779
2022-03-07,0.42355468387,0.130948031949,0.0408588182261,0.142902841066,0.0722217330874,0.0399419153912,0.0991943215759,0.0503776548344
2022-03-08,0.420574254941,0.131821560346,0.0410571439939,0.142472701864,0.0717925862138,0.0401566124997,0.101964120574,0.0501610195674
2022-03-09,0.42590383755,0.134984194277,0.0415143812809,0.140215278162,0.0703670042682,0.0392111964498,0.0975723918211,0.0502317161914
2022-03-10,0.426046279922,0.13411180396,0.0410744252175,0.140110167618,0.0703852366363,0.0393159600417,0.0983537924603,0.0506023341435
2022-03-11,0.42418293676,0.133968993859,0.0405795146789,0.141267856513,0.0709606477932,0.0399277812019,0.0984877070497,0.0506245621447
2022-03-14,0.424392769352,0.135889287677,0.0399193870021,0.140999300139,0.0706128466841,0.0397969489895,0.0977656262135,0.050623833943
2022-03-15,0.429853948474,0.135861884072,0.0395445968724,0.140053128958,0.0699504927291,0.0391468656445,0.0950805485518,0.0505085346982
2022-03-16,0.431540448068,0.137947959208,0.0418610095484,0.137654687745,0.0686070387713,0.0382253766062,0.0939675323444,0.0501959477085
2022-03-17,0.433386988372,0.138067987915,0.0412145821223,0.13676385795,0.0679181307914,0.0384316228088,0.0936592096118,0.0505576204289
2022-03-18,0.435459326086,0.138401700814,0.0416072460709,0.136231453533,0.0677021875069,0.038079821147,0.0922692622988,0.0502490025433
2022-03-21,0.436881940723,0.138153091473,0.0412276428004,0.135375873389,0.0670586589513,0.0378776472983,0.0933052961234,0.0501198492419
2022-03-22,0.439548804595,0.138651097863,0.0416354268109,0.134262224347,0.0663221688198,0.0374941478685,0.0921163111441,0.0499698185516
2022-03-23,0.436300577751,0.137662250018,0.0415787493596,0.135565187087,0.0671394624037,0.0381760863425,0.0938937705589,0.0496839164786
2022-03-24,0.4393587029,0.1376559794,0.041498535693,0.134186975183,0.0662352025486,0.0376394105236,0.0938240269704,0.0496011667813
2022-03-25,0.441391449982,0.13782105216,0.0411663852826,0.13308639045,0.0655386563489,0.0373725609085,0.0934158737736,0.0502076310946
2022-03-28,0.443594824203,0.137102524023,0.0412133756417,0.133131570521,0.0655485991499,0.0372520605391,0.0915221949125,0.0506348510084
2022-03-29,0.444130775946,0.13824502916,0.0413847841639,0.132282626181,0.0651489995797,0.0367084849703,0.0905534929261,0.0515458070734
2022-03-30,0.442341024492,0.138034067307,0.0414211085131,0.132927885323,0.0655462518516,0.0369681561197,0.0914784080883,0.0512830983055
2022-03-31,0.440043734077,0.137319405191,0.0411717911507,0.134241936061,0.0663485736208,0.0372314849169,0.0924616867157,0.0511813882664
2022-04-01,0.440073776664,0.13813817625,0.0418415043392,0.133633858182,0.0657347472687,0.0369242144632,0.0916197095848,0.0520340132472
2022-04-04,0.441490244696,0.138001238654,0.0423456035434,0.133037343591,0.065343285196,0.036701574847,0.09157559872,0.0515051107527
2022-04-05,0.440842627414,0.13789818686,0.0420723267006,0.13318160089,0.0652947198654,0.0368480056137,0.0920308797946,0.0518316528616
2022-04-06,0.439313203509,0.137017786171,0.041881194608,0.133717805192,0.0654944737268,0.0369270368632,0.0928549837903,0.0527935161404
2022-04-07,0.440920145845,0.136973666315,0.0415176255161,0.133242954787,0.0652424218906,0.0368277476359,0.0930783472701,0.0521970907396
2022-04-08,0.440354280641,0.137135769797,0.0416566297222,0.132756910636,0.0650026067182,0.0369459244317,0.093792165465,0.0523557125889
2022-04-11,0.437436846113,0.137137226044,0.0415719344461,0.13359408624,0.0653794431328,0.0372748896819,0.0952610763583,0.0523444979837
2022-04-12,0.436383302132,0.13641004619,0.0414618792961,0.134191345194,0.0657803388601,0.0373203412302,0.0961173258813,0.0523354212158
2022-04-13,0.437779517361,0.136890650811,0.0415667789828,0.133363424864,0.0653876151811,0.0369456560626,0.0957894478358,0.0522769089022
2022-04-14,0.436159948673,0.137431417814,0.0414788580902,0.133454328723,0.0653730501708,0.0372700157638,0.0963191396866,0.0525132410782
2022-04-18,0.436822211162,0.136998210832,0.0413511626355,0.133190867668,0.0652555774602,0.0372989476589,0.0967243875424,0.0523586350408
2022-04-19,0.441353307442,0.136831430709,0.040907434764,0.131629566297,0.0644572790666,0.036903463677,0.09472169452,0.0531958235255
2022-04-20,0.439572970845,0.137395783813,0.040510073811,0.131947278233,0.0647465213349,0.0370534659456,0.0948717479641,0.0539021580524
2022-04-21,0.437629419524,0.137223189133,0.0402019499351,0.132624407177,0.0650775889553,0.0375976967812,0.0955449879995,0.0541007604945
2022-04-22,0.432969936371,0.137027805145,0.040570245714,0.134783328851,0.0662334027125,0.0380962373326,0.0962497116808,0.0540693321923
2022-04-25,0.435167175652,0.136124781046,0.0401224587699,0.135589201534,0.0666110052971,0.0380406548422,0.0944520827232,0.0538926401351
2022-04-26,0.429830488403,0.13470676083,0.039989128681,0.138346637628,0.0682085459561,0.0387776781014,0.0962227258805,0.0539180345196
2022-04-27,0.430915115461,0.135274111517,0.0405357594322,0.13774803949,0.0678089812817,0.0387027676449,0.0954681076431,0.0535471175297
2022-04-28,0.435225424342,0.135350757298,0.0404544180048,0.135645814108,0.066703120608,0.0383435549627,0.094555150292,0.0537217603851
2022-04-29,0.42844672075,0.136616365033,0.0413811365638,0.137826567977,0.0678211563341,0.0388705442285,0.0966434625584,0.0523940465547
2022-05-02,0.432253632687,0.136546496304,0.0414130386916,0.137466817964,0.0675076585228,0.0384160351078,0.0951218597759,0.0512744609479
2022-05-03,0.432153881978,0.136988443473,0.041528296339,0.137116041848,0.0672632178514,0.038370760064,0.0949167442252,0.0516626142212
2022-05-04,0.436985402754,0.136727519449,0.041152755189,0.135419123978,0.0664320914239,0.0379478246817,0.0940563850225,0.0512788975015
2022-05-05,0.43249089376,0.135830604991,0.0406986528388,0.137589646711,0.0674881438329,0.0385318722807,0.0961517113205,0.0512184742656
2022-05-06,0.432451415989,0.135399737883,0.0403807376925,0.137819681461,0.0674999083011,0.0386583082349,0.0968804031743,0.0509098072633
2022-05-09,0.427910857199,0.13412078554,0.0401659233018,0.141576886846,0.0695123026276,0.0393638351027,0.0976000277907,0.0497493815913
2022-05-10,0.428654178735,0.134705902531,0.0403102191576,0.141925618952,0.0697044646536,0.039164188081,0.096720413836,0.0488150140542
2022-05-11,0.424250665059,0.134776888735,0.0402531812854,0.143264896356,0.0705342925115,0.0398648370285,0.0980665228603,0.0489887161645
2022-05-12,0.424632665148,0.134531108384,0.0401332362089,0.14380921788,0.0709053003171,0.0397706921988,0.0967507324323,0.0494670474309
2022-05-13,0.428501139028,0.136311526994,0.0405303447844,0.141125085629,0.0695147258018,0.0393983670317,0.0945792194679,0.0500395912633
2022-05-16,0.426946396538,0.136558176223,0.040459827796,0.141502721803,0.0698361275775,0.0394286324315,0.0955225004099,0.049745617221
2022-05-17,0.431022029269,0.137684970617,0.0409413887887,0.139211240085,0.0685588258188,0.0388056494793,0.093897327061,0.0498785688811
2022-05-18,0.422791453295,0.137372808929,0.040937216,0.142859720619,0.0705746795277,0.0399388158792,0.0960241360917,0.049501169659
2022-05-19,0.419742539335,0.138645810038,0.0414848195102,0.143065197694,0.0707507915783,0.0397543026383,0.0973289015471,0.0492276376593
2022-05-20,0.418966509547,0.139117870062,0.0415476491017,0.143168572006,0.0709169585224,0.0396802020336,0.0971743252509,0.0494279134758
2022-05-23,0.422364175071,0.140043368572,0.0414077513616,0.141211848531,0.0697532613843,0.0391282667912,0.0966103679994,0.0494809602899
2022-05-24,0.419736736858,0.139742421268,0.0407248337603,0.142499466379,0.070454921809,0.0393961589387,0.097475642813,0.0499698181745
2022-05-25,0.421559528667,0.139057913289,0.0407670068749,0.142453702416,0.0702826952788,0.0392537426982,0.0964564338769,0.0501689768995
2022-05-26,0.42553061127,0.139127620962,0.0409507769971,0.140870269735,0.0695216108461,0.0390073550005,0.0952811811817,0.0497105740069
2022-05-27,0.429766273901,0.138846299818,0.0408034960269,0.139090537339,0.0686298189444,0.0385740409269,0.0939727659409,0.0503167671029
2022-05-31,0.429890651822,0.139028686034,0.0416178195182,0.139029072153,0.0683163435754,0.0385275963006,0.0935952040358,0.0499946265612
2022-06-01,0.428960440466,0.13859915438,0.0415881893118,0.139285316232,0.0683374734863,0.0385985119855,0.0947539362222,0.0498769779159
2022-06-02,0.431033610043,0.139545106381,0.0417461026694,0.137516547733,0.0674829955141,0.038235770027,0.0945826502144,0.0498572174179
2022-06-03,0.42895327929,0.13901189562,0.0415774002179,0.138906647002,0.0681449726703,0.0389097668885,0.0947251877086,0.0497708506034
2022-06-06,0.430316674506,0.139551695343,0.0418126666537,0.138073921644,0.0676423398102,0.0386616722784,0.09432058835,0.0496204414145
2022-06-07,0.431481898858,0.138935072917,0.0417367231918,0.137655754083,0.0674516996722,0.0384895162917,0.0942880666818,0.0499612683047
2022-06-08,0.430416350336,0.13836464424,0.0422446769396,0.138256749873,0.0677717438721,0.0387209470129,0.0950010595709,0.0492238281561
2022-06-09,0.42689015404,0.137641213404,0.0419939236116,0.140313465223,0.0687932243961,0.0393326406775,0.096211002765,0.0488243758824
2022-06-10,0.421947117814,0.136870110566,0.0424100215145,0.141724521524,0.0693387715084,0.0398609454032,0.0992502555702,0.0485982561004
2022-06-13,0.419062342195,0.136478842957,0.0423594996105,0.143912214688,0.0703105544403,0.0404579171715,0.0997557412927,0.0476628876445
2022-06-14,0.419909879717,0.135915870468,0.0431907600016,0.14378225355,0.0701014445086,0.0401037085001,0.0994572115734,0.0475388716809
2022-06-15,0.419773425494,0.136333164351,0.0431985443747,0.143289684623,0.0700580569589,0.0400742109612,0.0993067337545,0.0479661794834
2022-06-16,0.413313705874,0.135488990369,0.0426162859411,0.146263653726,0.0718070284611,0.0406874698997,0.102262353667,0.0475605120623
2022-06-17,0.414137748733,0.13500404228,0.0427952305209,0.146225417066,0.0718169155229,0.0407021717436,0.101405064668,0.0479134094661
2022-06-21,0.419373250591,0.135405875547,0.0429460845716,0.143862162966,0.0705708828843,0.0400644588303,0.099791193116,0.047986091494
2022-06-22,0.418350415248,0.134064039478,0.0422106909188,0.144994731202,0.0714181271983,0.0402704788201,0.10012607299,0.0485654441444
2022-06-23,0.420246831687,0.132870865606,0.0421947067502,0.144839211522,0.0714466492697,0.0401787925303,0.0989930731969,0.0492298694378
2022-06-24,0.425642961026,0.134306153989,0.0423019377724,0.141953784297,0.0698854811417,0.0394783340011,0.0970776004955,0.0493537472776
2022-06-27,0.425440960393,0.134497840407,0.0424741635627,0.1417961818,0.0697250018957,0.0393260922499,0.0972947551306,0.0494450045614
2022-06-28,0.4211445316,0.13519627087,0.0426376025871,0.143349093124,0.0705516566067,0.0396022774627,0.0981591709293,0.0493593968208
2022-06-29,0.420940912797,0.134421979008,0.042539847974,0.14422291065,0.0711426151456,0.0395460191277,0.0981164024802,0.0490693128172
2022-06-30,0.419145933892,0.134188683503,0.042521638188,0.145442177617,0.0719682299705,0.0396651082341,0.0978996819217,0.0491685466743
2022-07-01,0.420258934128,0.133430562138,0.041935119889,0.145505033744,0.0721696132117,0.0399878622033,0.0970516074235,0.0496612672624
2022-07-05,0.422822246405,0.131107680806,0.0417756830624,0.146387789981,0.0727396632281,0.040044341001,0.0953924183455,0.0497301771705
2022-07-06,0.425281532096,0.131426370169,0.0415917409576,0.145756127956,0.072297207358,0.0397781871707,0.0941093948998,0.0497594393927
2022-07-07,0.427918324856,0.132406546022,0.0420912736425,0.144169401865,0.0712325353432,0.0393718344023,0.0933473633085,0.0494627205609
2022-07-08,0.428149560407,0.132913243944,0.0420474875807,0.14382614563,0.0708965782318,0.0393839142752,0.093515046811,0.0492680231197
2022-07-11,0.426444209402,0.131679556356,0.041313511751,0.145581415253,0.0719932448827,0.0397432474289,0.0937138084081,0.0495310065183
2022-07-12,0.424472430933,0.132108956255,0.0413360120588,0.146403321246,0.0724698105321,0.0398986518973,0.0937635382075,0.0495472788702
2022-07-13,0.422774405772,0.132109960192,0.0412649571931,0.147120010208,0.0728723852729,0.0401562190748,0.0943309583029,0.0493711039845
2022-07-14,0.424311487498,0.130952098349,0.0412372346296,0.147493063447,0.0729095131806,0.0403013104722,0.0935712626766,0.0492240297467
2022-07-15,0.427310206917,0.131375839359,0.0408928700137,0.146323237376,0.0722945398998,0.0400559079299,0.0922802706543,0.0494671278503
2022-07-18,0.425275714935,0.132662954382,0.0412313995941,0.146365062926,0.0723375220122,0.0401444922242,0.0926928999612,0.0492899539657
2022-07-19,0.429708622117,0.133891692147,0.0411388935729,0.143802203612,0.0708421664101,0.0394544022053,0.0914128192428,0.0497492006928
2022-07-20,0.432127666906,0.133144666046,0.0409375068889,0.143597116566,0.070720388102,0.0393907690906,0.0904864324533,0.0495954539471
2022-07-21,0.432071675837,0.133260732314,0.04101736647,0.143318913068,0.0707953999081,0.039230915292,0.0908264278072,0.0494785693043
2022-07-22,0.428977316819,0.133095440942,0.0406859567082,0.14474541517,0.0717591171768,0.0396464526756,0.0912476192378,0.0498426812704
2022-07-25,0.429165459108,0.134084196272,0.0408438301293,0.144101511085,0.0714489107521,0.0395405404889,0.090927186262,0.0498883659021
2022-07-26,0.427229217964,0.133233187576,0.0407546751041,0.145140629002,0.0720058746865,0.039833410299,0.0914920468439,0.0503109585247
2022-07-27,0.430961781041,0.133985876793,0.0408602057937,0.143202144928,0.0709397142257,0.0394149327417,0.0908717693698,0.0497635751067
2022-07-28,0.431515545136,0.133345571284,0.0405328555986,0.142624240424,0.0708451095198,0.0393750149737,0.0909564407158,0.0508052223471
2022-07-29,0.434045130171,0.133977582091,0.0400007026666,0.141412453123,0.0702631792996,0.0392325109315,0.0904284936904,0.0506399480274
2022-08-01,0.432978476527,0.134045285658,0.0397787591936,0.14197432666,0.0707098282697,0.0392704401942,0.0909869285321,0.0502559549663
2022-08-02,0.434143333825,0.133188394534,0.0399160391842,0.14183060666,0.0703841344022,0.0391705878192,0.0912922208338,0.0500746827414
2022-08-03,0.436804934381,0.132874821297,0.0397546218994,0.141126463514,0.0700117175674,0.039007598738,0.0906562551964,0.0497635874066
2022-08-04,0.435290716997,0.133157057778,0.0399719424891,0.141071897887,0.0701700518022,0.038891964432,0.0918983324194,0.0495480361958
2022-08-05,0.436982800866,0.132962445792,0.0401855415926,0.140275777574,0.0695415697342,0.0387159383339,0.0913724750725,0.0499634510346
2022-08-08,0.435376460958,0.133033324614,0.0401715436579,0.140562824886,0.0697749834489,0.0388833555317,0.091914380477,0.0502831264265
2022-08-09,0.434822229769,0.132580088394,0.0401929286135,0.140629353893,0.069755797511,0.0388777126074,0.0924453174629,0.0506965717484
2022-08-10,0.437970487823,0.133910682407,0.0401493828865,0.139083957162,0.0688552362018,0.0382872912847,0.0909700312176,0.0507729310169
2022-08-11,0.438627329191,0.134111513464,0.0404015346987,0.138550316485,0.0685007058476,0.0382151571594,0.0908661035567,0.0507273395979
2022-08-12,0.440889450293,0.133659103281,0.0403512223116,0.137560139147,0.067976626047,0.0379205450927,0.0906403725595,0.0510025412687
2022-08-15,0.442658675,0.132697586784,0.0401951293761,0.137718731067,0.0681856852863,0.0378770812667,0.0894644980448,0.0512026131756
2022-08-16,0.443327423748,0.132760389372,0.0401961205476,0.137457139047,0.0680765734577,0.0378699766613,0.0892679742433,0.0510444029234
2022-08-17,0.443123730403,0.132510448822,0.0403694165794,0.137557496977,0.0680698597645,0.038007547372,0.0892835366798,0.0510779634015
2022-08-18,0.444122756126,0.131994180997,0.0400856773261,0.137763195191,0.0681574980035,0.0381776268308,0.0889920661189,0.0507069994072
2022-08-19,0.443111802056,0.131498918545,0.0400858787132,0.138345146881,0.0683351566751,0.0385427947844,0.0893400556001,0.0507402467449
2022-08-22,0.440174771738,0.131261554755,0.0403831972814,0.139745201157,0.069021333078,0.0390269970561,0.0900335818816,0.0503533630534
2022-08-23,0.439433008337,0.131610520689,0.0406675126018,0.139792898933,0.0689028626643,0.0391201112627,0.0907297019975,0.0497433835142
2022-08-24,0.440162968573,0.131566032705,0.0406344284668,0.139207075788,0.0685673010938,0.0390533048508,0.0908575908651,0.0499512976585
2022-08-25,0.441579745742,0.131678859306,0.0409424726414,0.138472691999,0.0682650178135,0.0387541172525,0.0901564075284,0.0501506877176
2022-08-26,0.436110479563,0.131036777274,0.0412983537707,0.141284772683,0.0696995528737,0.0395568726611,0.0910392848079,0.049973906366
2022-08-29,0.435414757587,0.131378422038,0.0413081794683,0.141313508956,0.0696530933839,0.0396018522984,0.0915556283331,0.0497745579354
2022-08-30,0.433987247875,0.131304293287,0.041129028222,0.142596662449,0.0701745619295,0.0398408130877,0.0914988012395,0.0494685919106
2022-08-31,0.433442198546,0.131365627272,0.0414528027414,0.142744157741,0.070331157594,0.0397400314846,0.091373166116,0.0495508585044
2022-09-01,0.436012948801,0.129973266811,0.0413762038634,0.142520619624,0.0699663383283,0.0395487928328,0.0908221755081,0.0497796542307
2022-09-02,0.433409531784,0.129756312175,0.0412324007158,0.143594358835,0.0706834972257,0.0399665350593,0.0920453346279,0.0493120295777
2022-09-06,0.434010271529,0.1298693884,0.0410887360137,0.142986071857,0.0702579327183,0.0397906775482,0.0919817417989,0.0500151801346
2022-09-07,0.436227920847,0.129333070759,0.0409124555055,0.142160221774,0.0698243021898,0.039450679991,0.0917436649593,0.0503476839745
2022-09-08,0.43838595246,0.129323352045,0.040727125907,0.141482075194,0.0694562563504,0.0391697233123,0.0910490248411,0.0504064898903
2022-09-09,0.440034163235,0.131123489351,0.040791880425,0.139827543434,0.068657776792,0.0387329574784,0.0904687680789,0.0503634212054
2022-09-12,0.441462013749,0.131803664496,0.0411109223786,0.138580992905,0.06798406113,0.0383312270834,0.0902523196202,0.0504747986371
2022-09-13,0.435054564823,0.131143272446,0.0410135987448,0.141975304645,0.0696485428006,0.0393744633712,0.0917757654581,0.0500144877116
2022-09-14,0.435907532502,0.131489494523,0.0411408201706,0.141898869618,0.0695550015075,0.0394013354253,0.0912536734866,0.0493532727671
2022-09-15,0.43533962576,0.131537911279,0.0412001739318,0.142907973627,0.0700206507874,0.0396005821943,0.0904595043216,0.0489335780994
2022-09-16,0.433930091085,0.131257298903,0.0408572049925,0.143438700938,0.0703875125021,0.0396096974488,0.0913639474469,0.0491555466847
2022-09-19,0.435799591113,0.131305872754,0.040882862843,0.142731158017,0.0699477354044,0.0392943046187,0.0911215893047,0.0489168859446
2022-09-20,0.435226296833,0.130444347644,0.0411560486932,0.143555583707,0.0702287832698,0.039636489003,0.0915330678712,0.0482193829783
2022-09-21,0.431726143193,0.13000109831,0.0408601945291,0.145386614607,0.0711835528783,0.0400928389206,0.0928379723759,0.0479115851853
2022-09-22,0.431591982303,0.130447744966,0.041075845542,0.145010935601,0.0706824235753,0.0399610914888,0.0935412342066,0.0476887423178
2022-09-23,0.4309167807,0.12813418479,0.0407545758876,0.146798173108,0.071863503758,0.0404056231978,0.0933453154122,0.0477818431472
2022-09-26,0.432284816167,0.127755099123,0.040720165978,0.1468228184,0.0716011847905,0.0402841106051,0.0934770346531,0.0470547702837
2022-09-27,0.432766036008,0.12744988829,0.0408477323831,0.146732753092,0.0713736943167,0.0402181948422,0.0940129137722,0.0465987872956
2022-09-28,0.432928895924,0.127836131781,0.0403888647877,0.146275928472,0.0716000809626,0.0401542061563,0.0941507068394,0.0466651850772
2022-09-29,0.430112331282,0.12810137323,0.0401794478528,0.147644939356,0.0723137496311,0.0401735244347,0.0955152475024,0.0459593867105
2022-09-30,0.426716435944,0.128450213845,0.0404329071862,0.148425496256,0.0726803131902,0.0402063777133,0.0962556838018,0.0468325720631
2022-10-03,0.42918015629,0.128672743373,0.0402283700056,0.146624285085,0.0720649286696,0.039905375156,0.0966141787556,0.046709962665
2022-10-04,0.432708434692,0.130841724919,0.0404443610623,0.143771267608,0.0706190430913,0.0391784682782,0.0958345224786,0.0466021778707
2022-10-05,0.434160737869,0.130021128249,0.0407495393396,0.143831550922,0.0703487609919,0.0390914175261,0.0958468008194,0.0459500642831
2022-10-06,0.433765517482,0.129057114504,0.0408457472772,0.144627688182,0.0706261617028,0.0393324211549,0.096648695635,0.0450966540619
2022-10-07,0.429475073283,0.129381826571,0.040778708042,0.146525795829,0.0715807685632,0.0400722178409,0.0973594000376,0.0448262098338
2022-10-10,0.429599842952,0.12953303656,0.0405399660634,0.147032972737,0.0717281450987,0.040162573181,0.0966451809314,0.0447582824769
2022-10-11,0.428640266958,0.128543899699,0.0400737624549,0.147732438591,0.0722066571722,0.0405589041991,0.0968441456723,0.0453999252539
2022-10-12,0.427765403576,0.128386766299,0.0401131767746,0.148042807887,0.0725339146779,0.0406908953406,0.0974850062816,0.044982029163
2022-10-13,0.433233610092,0.129310070669,0.0397350991565,0.14562112871,0.0712715863236,0.0401058484746,0.0955265985741,0.0451960579994
2022-10-14,0.430302868604,0.129188938512,0.0397951868526,0.147200324597,0.0720353205436,0.0407982417345,0.0958833276028,0.0447957915538
2022-10-17,0.433576654451,0.130265982118,0.04009099941,0.144909865611,0.0708399826246,0.0401887021415,0.0944632780702,0.0456645355749
2022-10-18,0.435622753222,0.130228452554,0.0398232715254,0.144145567003,0.0705265765727,0.0398039847648,0.0940086056128,0.0458407887457
2022-10-19,0.436844316249,0.130018356774,0.0395162876896,0.144325180759,0.0704838831908,0.0399951055331,0.0936729643445,0.0451439054599
2022-10-20,0.435572228618,0.130383553891,0.040043968463,0.144243672671,0.0703430743438,0.0401776207621,0.0940409739397,0.0451949073116
2022-10-21,0.439082261074,0.13070957803,0.0399856325158,0.142168549284,0.069384046186,0.0396421268078,0.0941996665994,0.0448281395028
2022-10-24,0.443079290009,0.13009744926,0.0383107697911,0.141532018122,0.0690801508491,0.0396132109289,0.0936034644888,0.0446836465516
2022-10-25,0.443643365001,0.131078508304,0.0380666241463,0.140855223599,0.0689299197182,0.0391992204614,0.0924596636482,0.0457674751218
2022-10-26,0.44031071245,0.132410610279,0.0385805925807,0.141483972957,0.0692827592404,0.0391409265245,0.0930501126908,0.0457403132778
2022-10-27,0.438873709798,0.131799019443,0.03838261106,0.142495839139,0.0699187930149,0.0395264887637,0.0930999625781,0.0459035762033
2022-10-28,0.44464934266,0.131444505433,0.037719027458,0.140661712231,0.0688371530283,0.0390683853482,0.0911925188675,0.0464273549743
2022-10-31,0.444131423279,0.131158480888,0.0378105700108,0.141044508951,0.0689432281117,0.0392514741316,0.0910002351166,0.0466600795115
2022-11-01,0.441763013584,0.132153500508,0.038402911067,0.141170880911,0.0688645432448,0.0392063780328,0.0918403971254,0.0465983755261
2022-11-02,0.437565211958,0.132230903414,0.0387248679571,0.143187017307,0.0698471835234,0.0397436151472,0.0926587922727,0.046042408421
2022-11-03,0.436091669271,0.132079215133,0.0393121497314,0.143656625388,0.0700295011764,0.0395768868582,0.0929524065489,0.0463015458927
2022-11-04,0.435236204372,0.134908334449,0.0402550588345,0.141325476757,0.0687532831554,0.0390835126158,0.0942610557005,0.0461770741161
2022-11-07,0.437800615155,0.134996656403,0.0400337890222,0.140363496954,0.0682611222992,0.0389893469981,0.0935459250367,0.0460090481321
2022-11-08,0.436852517669,0.135604663104,0.0399024112178,0.139900428375,0.0681989752396,0.0387511736437,0.0949869910899,0.0458028396603
2022-11-09,0.433161667622,0.135370133738,0.0396566143514,0.141801405783,0.0692810230644,0.0391503090715,0.095683184583,0.0458956617857
2022-11-10,0.437628301522,0.136854911394,0.0392536701797,0.138716437721,0.0678381157384,0.0381161042981,0.0944239146358,0.0471685445114
2022-11-11,0.438383021534,0.138314069117,0.0397300630885,0.137523964315,0.0671636849027,0.0377946689037,0.0942989393459,0.0467915887937
2022-11-14,0.437812331575,0.137713683613,0.0398851859329,0.138135743061,0.0674895892965,0.0377884867768,0.0951919979383,0.0459829818064
2022-11-15,0.438012554777,0.137456540854,0.0404427082352,0.138041102421,0.0674460958564,0.037729344957,0.09476221975,0.0461094331493
2022-11-16,0.43628285988,0.137444295725,0.0399480296419,0.139410454216,0.0681946837553,0.037964830289,0.094895221327,0.0458596251654
2022-11-17,0.436516497799,0.137776249109,0.040307748766,0.139325195162,0.0679755548394,0.0378424298808,0.0945453226772,0.0457110017662
2022-11-18,0.437964590532,0.137837458079,0.0399714794663,0.138955012145,0.0676535018659,0.0376047586684,0.0937792493378,0.0462339499063
2022-11-21,0.437809879098,0.137176076604,0.0397327084898,0.13932658135,0.0678340473467,0.0379280094963,0.0935622789504,0.0466304186645
2022-11-22,0.439459172816,0.137879198907,0.0394547406766,0.138706230647,0.0675700937847,0.0377169684454,0.0927764664432,0.0464371282793
2022-11-23,0.439333793689,0.13855858251,0.0394091224391,0.138618525338,0.0674891021484,0.0376767462861,0.0927435892242,0.0461705383648
2022-11-25,0.438934134493,0.139044187432,0.0392404207384,0.138551704876,0.0674219162897,0.0376158824231,0.0927595037209,0.0464322500273
2022-11-28,0.436863384796,0.138674569281,0.039596502383,0.139905470333,0.0682201257633,0.037957024779,0.0930774818765,0.0457054407881
2022-11-29,0.435829531432,0.138943089288,0.0403480616123,0.139314543838,0.0678880562606,0.0377696062078,0.0934765088616,0.0464306024995
2022-11-30,0.43990515996,0.138512221839,0.0405525364461,0.137385352906,0.06702771296,0.0375055481866,0.092638447137,0.046473020565
2022-12-01,0.437552323244,0.139047981451,0.0402657287983,0.137889132737,0.0674470118305,0.0377329801968,0.0939061207129,0.04615872103
2022-12-02,0.436984453238,0.138900916091,0.0405089233804,0.138440887162,0.0675742497786,0.0380069400721,0.0935681045386,0.0460155257388
2022-12-05,0.435646404658,0.138884558043,0.0407101013451,0.13944122534,0.0679062365694,0.0381889470986,0.0933604733916,0.0458620535543
2022-12-06,0.432193183156,0.138857750258,0.0410086398142,0.140772366383,0.0687731255645,0.0384332986358,0.0942323207478,0.0457293154399
2022-12-07,0.430603335,0.138582683937,0.0406836089947,0.14174486447,0.0692374836676,0.0385225191338,0.0948957421366,0.0457297626609
2022-12-08,0.432165453022,0.138778365844,0.0409791525017,0.140728529839,0.0685590826922,0.0383512437066,0.0945792573761,0.0458589150182
2022-12-09,0.431063654679,0.139563620999,0.0408366613735,0.140586540386,0.0683887918028,0.0381752168311,0.0953850040237,0.0460005099044
2022-12-12,0.434687896133,0.139091254007,0.0404835840083,0.139782031225,0.0678863584331,0.0379525671985,0.0940366804053,0.0460796285903
2022-12-13,0.433890007882,0.139580304534,0.0403159104077,0.13940211552,0.0678583486935,0.0377092343769,0.0947501114828,0.046493967103
2022-12-14,0.432376060807,0.139924271628,0.0405040469649,0.140118845118,0.0682430600304,0.0377255704802,0.0947958803858,0.0463122645868
2022-12-15,0.429021670119,0.138608292256,0.0404009926397,0.142727190278,0.0695466255001,0.0383782650127,0.0948416595864,0.046475304608
2022-12-16,0.427082643923,0.138547914466,0.0406474493679,0.143404296602,0.0698822544803,0.0384539367049,0.0963730194888,0.0456084849665
2022-12-19,0.426134402137,0.139121980054,0.040982972464,0.143423570334,0.069752922722,0.0385636086248,0.0967081409063,0.0453124027582
2022-12-20,0.42624264735,0.139634315148,0.0408007221607,0.14229183278,0.0691695270916,0.038509913563,0.0982035539509,0.0451474879551
2022-12-21,0.428730498347,0.139768634068,0.0408092440741,0.141402067492,0.0686329961781,0.038370556074,0.0971603853604,0.0451256184067
2022-12-22,0.42659953866,0.139852031953,0.0408261090754,0.142691993179,0.0692588618224,0.038520339682,0.0968913409991,0.0453597846287
2022-12-23,0.42782492229,0.140150348378,0.0406253392886,0.141791366941,0.0687478866279,0.0383240300186,0.0969035923843,0.045632514071
2022-12-27,0.426889053188,0.140664078115,0.0413375995342,0.141011933215,0.0682925191365,0.0382156608756,0.0978927614912,0.0456963944441
2022-12-28,0.425488571245,0.140352167821,0.0411163004112,0.142069270866,0.068759830661,0.0385261467603,0.0983542984234,0.0453334138125
2022-12-29,0.427522825973,0.140721099039,0.0412833351596,0.140744355971,0.06820020334,0.0381832290941,0.0976205668411,0.0457243845823
2022-12-30,0.428077180961,0.139908940553,0.040941886866,0.140632037513,0.0681842179142,0.0382188116129,0.0984638484946,0.0455730760861
2023-01-03,0.42552142645,0.140426984779,0.0413098611076,0.141208454972,0.068596668253,0.0382874543095,0.0991125312324,0.0455366188972
2023-01-04,0.424666981426,0.141147527704,0.0419701838375,0.140619336778,0.0684552386784,0.0379426792357,0.099079554399,0.046118497942
2023-01-05,0.423730925065,0.140865774986,0.0422353969995,0.141813560844,0.0689934998723,0.0383068816877,0.0987573576839,0.0452966028624
2023-01-06,0.424871974361,0.141893413109,0.042108582746,0.140525092788,0.0684987463144,0.0378931323107,0.0986143466781,0.0455947116928
2023-01-09,0.424012683073,0.142305274658,0.0422729197797,0.140674456001,0.068572782188,0.0379255974705,0.0986917944977,0.0455444923326
2023-01-10,0.425721381102,0.142240811785,0.0424442967901,0.139721232092,0.0679398986413,0.0376594222304,0.0987611631865,0.0455117941733
2023-01-11,0.426985080222,0.141942167416,0.0422108079035,0.13923873423,0.0677230448894,0.0374587496924,0.0977499879631,0.0466914276832
2023-01-12,0.425378149553,0.142937400351,0.0420904417373,0.139210929839,0.0678231306772,0.0374745832314,0.0981512630828,0.0469341015286
2023-01-13,0.426012007682,0.143329443883,0.0422711302124,0.138367193596,0.0673013608901,0.0370938941104,0.0990928282757,0.0465321413508
2023-01-17,0.425942993796,0.143983809156,0.042120795263,0.138348992121,0.0672028380258,0.0370494729511,0.0986089576361,0.0467421410513
2023-01-18,0.421765150264,0.144216878482,0.0421239795209,0.140571177898,0.0685292255075,0.037530311789,0.0989231613858,0.0463401151528
2023-01-19,0.419450806893,0.144316568301,0.0425342378422,0.140503374876,0.0685225658476,0.0378300183515,0.100674368088,0.0461680598002
2023-01-20,0.423554035765,0.144528925866,0.0426567576922,0.138714949826,0.0674783737646,0.0372886965365,0.0994671768185,0.0463110837312
2023-01-23,0.426164428368,0.144297376742,0.0427201989946,0.137570544913,0.0668727481065,0.0370395376721,0.0990811254127,0.0462540397909
2023-01-24,0.425184702355,0.144088717359,0.0427076670202,0.13800730633,0.0671758493008,0.0372054046508,0.099317664778,0.0463126882054
2023-01-25,0.424626610258,0.144572125199,0.0426455682933,0.137939371386,0.0671367445409,0.0372174826318,0.0996065998311,0.0462554978593
2023-01-26,0.427338747434,0.144354046908,0.0427783286259,0.137078845742,0.0665893289882,0.0370446390538,0.098255221133,0.0465608421154
2023-01-27,0.428091805949,0.144119824643,0.0424683329515,0.136800515966,0.0664531139568,0.0369436116041,0.0980659358915,0.0470568590369
2023-01-30,0.426531680081,0.144214182841,0.0420819026131,0.137661526049,0.0668422985422,0.0370956659578,0.0986960723536,0.0468766715629
2023-01-31,0.428718028251,0.143732489695,0.041793573684,0.13692227043,0.0665467646773,0.0367590631525,0.0981200198846,0.0474077902262
2023-02-01,0.429201914782,0.143657240085,0.0418222960539,0.136591795055,0.0663953980351,0.0366582069387,0.0984221469587,0.0472510020913
2023-02-02,0.433272478716,0.142907980008,0.0413205362193,0.136057323222,0.0660369109292,0.036424897119,0.0958977817406,0.0480820920454
2023-02-03,0.434103798414,0.143090086539,0.0411827472476,0.136456879445,0.0661565127966,0.0365424114675,0.0946902670422,0.0477772970478
2023-02-06,0.434156956921,0.142441721847,0.0410136154882,0.136556127235,0.0659975471161,0.0366254888829,0.0954819301549,0.0477266123543
2023-02-07,0.436879479743,0.142800670833,0.0408170044096,0.135406248305,0.0653931198624,0.0364738691742,0.0949276021083,0.0473020055648
2023-02-08,0.434303917645,0.142677856461,0.0409455726804,0.136288405013,0.0659689359046,0.0368496907986,0.0956470789261,0.0473185425706
2023-02-09,0.433038652935,0.143632994368,0.0413430173778,0.136541004696,0.0660536754024,0.036875976001,0.0954412353999,0.04707344382
2023-02-10,0.434245305472,0.143285820785,0.0410121796154,0.136008455028,0.0657647388194,0.036759497079,0.095666445912,0.0472575572885
2023-02-13,0.436172066271,0.14347880427,0.041082993312,0.135438406042,0.0654449561264,0.0365551945081,0.0944938768372,0.0473337026334
2023-02-14,0.436581010525,0.143805502696,0.0410213182424,0.13514699762,0.0652397804244,0.036484141811,0.0946973650197,0.0470238836617
2023-02-15,0.438313314572,0.143183584485,0.0408520818056,0.134982850658,0.0650909476197,0.0365103442424,0.0938210699902,0.0472458066271
2023-02-16,0.435844121307,0.143697067722,0.0411089377471,0.13552793764,0.065410144682,0.0367224831026,0.0945174907461,0.0471718170536
2023-02-17,0.434983408643,0.143995133763,0.0407997886174,0.135918084696,0.0656282916867,0.0368137046764,0.0948495382952,0.0470120496221
2023-02-21,0.432504166109,0.144265781243,0.0409401123041,0.136615311551,0.0658648539532,0.0371863582746,0.0958799412586,0.0467434753063
2023-02-22,0.432820370101,0.143729604405,0.0408533406788,0.137270521012,0.0661216259592,0.0372439928658,0.0955418389122,0.046418706066
2023-02-23,0.433192688568,0.143929254162,0.0408141784373,0.137153060801,0.0660832954267,0.037200186943,0.0950676187795,0.0465597168826
2023-02-24,0.43315305079,0.143191985041,0.0404615540205,0.13782671464,0.0663867890168,0.0373530453163,0.0953940229754,0.0462328381996
2023-02-27,0.432781301124,0.144171339323,0.0404938124071,0.137509414823,0.0663057879248,0.0372711074353,0.0953610304342,0.0461062065297
2023-02-28,0.432167997231,0.143461753522,0.0403408248125,0.137809766061,0.0665617117212,0.0374962913564,0.0960145959327,0.0461470593631
2023-03-01,0.431126097713,0.144577703648,0.041208146686,0.137216456861,0.0661240285427,0.0374097946396,0.0967069545245,0.0456308173855
2023-03-02,0.43287138821,0.144269581358,0.0412394520932,0.136425516745,0.0656083305966,0.0372992962314,0.0962926985955,0.0459937361698
2023-03-03,0.434130221973,0.144484378748,0.0410088743112,0.135725046258,0.0652818187523,0.0372135026202,0.0960675528253,0.0460886045121
2023-03-06,0.435087452386,0.144350348186,0.0409295410876,0.13559415001,0.0652637051579,0.0370696071961,0.0957274618171,0.0459777341595
2023-03-07,0.434086228711,0.143598541978,0.0408574311466,0.137203640006,0.0661341338749,0.0373223044365,0.0952984667484,0.0454992530979
2023-03-08,0.434011133373,0.144084955151,0.0409981871552,0.136814769871,0.065994100354,0.0370770640044,0.0950815989846,0.0459381911071
2023-03-09,0.430038770139,0.144010556879,0.0405414708575,0.138610995288,0.0670330106888,0.0375268939202,0.0969275607608,0.0453107414668
2023-03-10,0.425470319508,0.143154872806,0.04047043178,0.140767951769,0.0685311237361,0.0382270655386,0.099399989258,0.0439782456054
2023-03-13,0.423327443898,0.141819276626,0.0402828606609,0.141374207674,0.0691111312324,0.0383777672604,0.101313317744,0.0443939949037
2023-03-14,0.427403749706,0.14251366459,0.0400298469169,0.1395907124,0.0679939274591,0.0379072374968,0.100042790009,0.0445180714213
2023-03-15,0.426440864177,0.138813791752,0.0395229117252,0.141550168903,0.0692541454333,0.0385237207625,0.101229516752,0.0446648804952
2023-03-16,0.430209441285,0.139760605012,0.0396840380269,0.139787527205,0.0680442020514,0.0377620538578,0.100565976391,0.0441861561711
2023-03-17,0.426528732119,0.138581900166,0.0396055410991,0.141110513334,0.0690673406827,0.0379622876105,0.103822975768,0.0433207092198
2023-03-20,0.42805678002,0.139858122456,0.0394380142413,0.139703396603,0.0683779441353,0.0377701899778,0.103241882122,0.0435536704449
2023-03-21,0.431686561947,0.141020738203,0.0396720281629,0.138641110004,0.0674719437179,0.0375172586644,0.100828189812,0.0431621694884
2023-03-22,0.426436453724,0.141170987142,0.0399912528348,0.140669829558,0.0686997972656,0.0382215134246,0.103053925231,0.0417562408209
2023-03-23,0.426067955139,0.140765464751,0.0403355418975,0.140506568202,0.0688483540952,0.0381547841469,0.103974773018,0.0413465587502
2023-03-24,0.427886663692,0.139961792527,0.0401627250826,0.140424761492,0.0687121210326,0.0379711153165,0.102570576611,0.0423102442466
2023-03-27,0.429470018177,0.14144324942,0.0400435876594,0.139164401452,0.067990028014,0.0377428084164,0.101806780978,0.0423391258831
2023-03-28,0.428376224759,0.141593913714,0.0405075548335,0.138911639903,0.0679280954252,0.037849030161,0.10260941397,0.0422241272345
2023-03-29,0.43092628011,0.141994783796,0.0403055082589,0.137903617285,0.0672373713321,0.0376009087024,0.101236699298,0.042794831218
2023-03-30,0.430675050423,0.142833256113,0.0404367223004,0.137173145405,0.0669088162862,0.0373977446847,0.101498000364,0.0430772644232
2023-03-31,0.433180849348,0.142329229687,0.0399879206806,0.136712187646,0.066726266182,0.037278508505,0.100144919382,0.04364011857
2023-04-03,0.432954811735,0.142875775373,0.0399828758696,0.136713805808,0.0667512352435,0.0371840043912,0.100431068662,0.0431064229178
2023-04-04,0.43035259344,0.142778041465,0.0400036971052,0.137156769098,0.0671498627746,0.0372745330507,0.102255658515,0.0430288445501
2023-04-05,0.430109986044,0.141972307432,0.0397307447134,0.137905745863,0.0675707039005,0.0374390866785,0.102384542087,0.0428868832817
2023-04-06,0.430955904182,0.142169245849,0.0398906498245,0.137516836664,0.067460681704,0.0374512023048,0.101458276682,0.0430972027903
2023-04-10,0.432240519896,0.142572491475,0.0398796867727,0.136838715376,0.0669263845339,0.0372576022892,0.100904105875,0.0433804937814
2023-04-11,0.431501564222,0.142917780978,0.0400963750406,0.136650299501,0.0667671825744,0.0372479480536,0.101341074553,0.0434777750773
2023-04-12,0.429996685461,0.143818133904,0.0398144794064,0.136895417704,0.0670014371885,0.0372834420279,0.10189629557,0.0432941087384
2023-04-13,0.431746520258,0.144593858529,0.0399310992157,0.135596404264,0.0661725782121,0.0368542425107,0.10233449102,0.0427708059905
2023-04-14,0.433122827218,0.144690773371,0.0399403701295,0.135692836005,0.0662180681707,0.0369009956766,0.101089494338,0.0423446350923
2023-04-17,0.434327788784,0.144449534644,0.0401242169074,0.134901769683,0.0657434652783,0.0367035057103,0.100558401426,0.0431913175669
2023-04-18,0.434006325738,0.144810185133,0.0399899762917,0.13490479631,0.0657588652733,0.0366893093645,0.100808191646,0.0430323502433
2023-04-19,0.434652239285,0.144487661023,0.0396439263584,0.134923741427,0.0657273608881,0.0367131933275,0.100492778694,0.0433590989964
2023-04-20,0.43283321031,0.144735043855,0.0396454704491,0.135711050886,0.0661932725587,0.0368778194546,0.101017570985,0.0429865615016
2023-04-21,0.433576040337,0.145340715618,0.0393087823754,0.135605948816,0.0660944858469,0.0369292646722,0.10011262022,0.0430321421141
2023-04-24,0.43323818975,0.145357524762,0.0391881112801,0.135891401547,0.0662954282287,0.0370031204069,0.100234085141,0.0427921388844
2023-04-25,0.429807887728,0.144231750488,0.0388316552367,0.137843084023,0.0674926215714,0.0375223564465,0.101558366029,0.0427122784784
2023-04-26,0.429442410625,0.14475371086,0.0392318968233,0.137800930816,0.0674580254555,0.0375174209455,0.101349542827,0.0424460616472
2023-04-27,0.433314986102,0.145022804491,0.0393142588895,0.135837794816,0.0663023398305,0.0369924428406,0.100272781991,0.0429425910393
2023-04-28,0.434512452339,0.144224003553,0.0393237909942,0.13575301401,0.0664157470022,0.0368241840324,0.0997259208411,0.0432208872286
2023-05-01,0.435789739437,0.144669213121,0.0393517132755,0.134894082783,0.0658934867866,0.036662498635,0.0996704832075,0.0430687827539
2023-05-02,0.432273499166,0.143597811697,0.0390645060451,0.136643076237,0.0669653770271,0.0370608994641,0.101919555806,0.0424752745575
2023-05-03,0.429645113078,0.143993355547,0.0390854941423,0.137354705769,0.0674555882698,0.0372594568075,0.102864850971,0.0423414354158
2023-05-04,0.427474984585,0.144068045755,0.0395010644974,0.137470756623,0.067580146577,0.0373255300778,0.103800275405,0.0427791964806
2023-05-05,0.431559406548,0.145105707664,0.0395743528129,0.13582557022,0.0666249246422,0.0369232489386,0.101277378757,0.0431094104164
2023-05-08,0.432207455465,0.145347251723,0.0396330091929,0.135242673966,0.0662989697778,0.0368307854395,0.101526849338,0.0429130050969
2023-05-09,0.431356423069,0.145137368227,0.0394837184772,0.135447822444,0.066379391219,0.0368661589502,0.102494447728,0.0428346698851
2023-05-10,0.431832234777,0.144403708778,0.0393532246568,0.135839037056,0.0666381748624,0.0368562791843,0.101984422701,0.0430929179843
2023-05-11,0.432018754268,0.144062897032,0.0392821072137,0.136544924163,0.0670312663012,0.0370175118085,0.101329485743,0.0427130534709
2023-05-12,0.432662546244,0.144153857591,0.0389497689744,0.136160675486,0.0668161992395,0.0369894748315,0.101439868386,0.0428276092473
2023-05-15,0.432846747417,0.144967742417,0.0395088227395,0.135408812232,0.0664674783908,0.0368240685145,0.101350677549,0.0426256507417
2023-05-16,0.433257842449,0.144572099156,0.0395357870513,0.136132687885,0.066762265371,0.0370085244866,0.100852889752,0.0418779038495
2023-05-17,0.435931915487,0.14447009441,0.0394402017899,0.135124938748,0.06615399182,0.0367734683581,0.099911234884,0.0421941545024
2023-05-18,0.439685992412,0.1440428109,0.0391550265155,0.134359477025,0.0656782330388,0.0366148323913,0.0985153083805,0.0419483193365
2023-05-19,0.438832872505,0.144846888123,0.0391163789299,0.133993619121,0.0653984584825,0.0365093917506,0.0994421463264,0.0418602447619
2023-05-22,0.438892847644,0.144932724336,0.0393607394581,0.133834600992,0.0652603096811,0.036432154836,0.099182595788,0.042104027265
2023-05-23,0.437224666748,0.143976843169,0.0390635648952,0.134990557462,0.0658581264124,0.036817674946,0.100047059481,0.0420215068867
2023-05-24,0.437480477658,0.143052482483,0.039092918154,0.135708511027,0.0662075483375,0.0369916932111,0.100022543577,0.0414438255529
2023-05-25,0.440672858834,0.142542741734,0.0389705185142,0.135026576857,0.0657038231301,0.0367742464845,0.09892668571,0.0413825487363
2023-05-26,0.442472769343,0.142612661562,0.0392699480376,0.133954478453,0.0652499034862,0.0364964119286,0.0984525938642,0.0414912333248
2023-05-30,0.442310132046,0.141283380633,0.0387285256562,0.13474597849,0.0657123070542,0.0366146742909,0.0989879566136,0.0416170452162
2023-05-31,0.441167621964,0.140320842718,0.0385673457043,0.135628959972,0.0661576793198,0.0367712713898,0.0994355281612,0.0419507507715
2023-06-01,0.441619903397,0.141293894726,0.0388996878467,0.134897820879,0.0657845994975,0.0365209485789,0.0993794110887,0.0416037339861
2023-06-02,0.444791634859,0.142353929563,0.0392331361825,0.133223640538,0.0647932731859,0.0360812298515,0.0972112593195,0.0423118964996
2023-06-05,0.44459923887,0.141666612856,0.0392525111591,0.133408148128,0.0648696037346,0.036181872666,0.0979419076088,0.0420801049782
2023-06-06,0.444126586635,0.142444446502,0.0394264810209,0.133139427164,0.0646997081927,0.0360849570784,0.097732396411,0.0423459969964
2023-06-07,0.444690949789,0.14175431707,0.0395257728133,0.13306276328,0.0645326077586,0.0360880553322,0.0970167360729,0.0433287978844
2023-06-08,0.444404723434,0.142260815777,0.0394759770567,0.132881315982,0.0645344866614,0.0360250115337,0.0976445691429,0.0427731004119
2023-06-09,0.445340275513,0.14224328677,0.0395948221872,0.132611261338,0.0643222862809,0.03593597476,0.0974126642084,0.0425394289421
2023-06-12,0.447110925716,0.142169485313,0.0394912762264,0.132170469257,0.0641030745021,0.0357843983995,0.0968355406426,0.0423348299439
2023-06-13,0.448731921233,0.143127444869,0.0397017007853,0.131163124656,0.0634599195555,0.035496616167,0.0958387290851,0.0424805436494
2023-06-14,0.448466339308,0.14323919818,0.0400052507002,0.131050217909,0.0634323363745,0.0355227483479,0.0957210690914,0.0425628400892
2023-06-15,0.449613628944,0.143178113149,0.039996544519,0.130679192588,0.0633038530699,0.0354002916327,0.0954572041252,0.0423711719723
2023-06-16,0.449453579973,0.143191496294,0.0399759730141,0.130666384357,0.0632234765416,0.0354166173842,0.0956019743043,0.0424704981309
2023-06-20,0.449799374736,0.142114358538,0.0394990707407,0.131690045797,0.0637925188044,0.0357047601297,0.0951790473217,0.0422208239329
2023-06-21,0.448513771637,0.142654141693,0.0395213685278,0.132204715655,0.0639970023674,0.0357893768223,0.0952577996584,0.0420618236387
2023-06-22,0.45109758946,0.142093467102,0.0394317744956,0.131801974095,0.0637714525893,0.0357399070977,0.0945152751481,0.0415485600118
2023-06-23,0.450309892168,0.140622579037,0.0391075689916,0.132966495128,0.0644103869956,0.0360361119859,0.0953310915183,0.0412158741754
2023-06-26,0.448390145226,0.1410332249,0.0392272017096,0.133105146093,0.064558051492,0.0360463963344,0.0954799055359,0.0421599287088
2023-06-27,0.450631293256,0.14134569327,0.0393636375832,0.132064221005,0.0639529856252,0.0357341103418,0.0944805402204,0.042427518699
2023-06-28,0.450558108942,0.141282416793,0.0391826044291,0.132366009353,0.0641673284113,0.0357832753252,0.0941997052921,0.0424605514536
2023-06-29,0.452386764989,0.141113359586,0.0390226932352,0.131359810722,0.0635158860873,0.0355518846088,0.0941097360548,0.0429398647175
2023-06-30,0.453725626454,0.141535380943,0.0390174010697,0.130518474183,0.0630980399636,0.0353958127537,0.0939090045367,0.0428002600966
2023-07-03,0.453699890325,0.141609596528,0.0393535520807,0.130207644135,0.0627485941523,0.0353115503336,0.0939010060627,0.0431681663828
2023-07-05,0.454701846003,0.140597468059,0.0393068963507,0.130100246064,0.0626789089105,0.0352732928727,0.0939158451742,0.0434254965648
2023-07-06,0.455217355003,0.139356556114,0.0389052706474,0.130424355315,0.0627286068564,0.0354048136312,0.0944819653765,0.0434810770566
2023-07-07,0.45360134257,0.140390227336,0.0393305083575,0.130317296351,0.0625847143088,0.0353450389963,0.0950928254358,0.0433380466448
2023-07-10,0.453587122217,0.140402075107,0.039239652075,0.130347792811,0.0627481531706,0.0353379674609,0.0949241091113,0.0434131280479
2023-07-11,0.453777667355,0.140923392517,0.0393536769625,0.129858398687,0.0625084525451,0.0350893634969,0.0947166667123,0.0437723817245
2023-07-12,0.452596463078,0.142108522648,0.039679618353,0.12953294547,0.0624517983901,0.0351019647677,0.0949851311134,0.0435435561802
2023-07-13,0.452535876461,0.143140814526,0.0397957899166,0.129297173724,0.0624668693104,0.034999626446,0.0942919119017,0.0434719377138
2023-07-14,0.453568990556,0.142680342757,0.0396655447671,0.129053810747,0.0623385229772,0.0349156148124,0.0942647161235,0.0435124572603
2023-07-17,0.454389691421,0.142383536795,0.0396470236353,0.128984689586,0.062338374323,0.0349228328782,0.0941759372423,0.0431579141194
2023-07-18,0.455433789375,0.142679010577,0.0391631554044,0.128432234989,0.0620913306153,0.0347287324088,0.0947695544639,0.0427021921667
2023-07-19,0.455468410087,0.142343258527,0.0390229736834,0.128548773344,0.0621694862783,0.0347738273677,0.0945819045722,0.0430913661413
2023-07-20,0.455129789413,0.14234352107,0.0390091633287,0.128641142924,0.0620424045055,0.034967035521,0.0946610542265,0.0432058890114
2023-07-21,0.455031154797,0.142493483414,0.0389818541205,0.128705162219,0.0620804405188,0.0349594575505,0.0943505104369,0.0433979369432
2023-07-24,0.456157909297,0.142060670226,0.0394221846519,0.128214126948,0.0618096339241,0.0349063812064,0.0937603370466,0.0436687566991
2023-07-25,0.456555706569,0.142217665566,0.0396497267509,0.127832559677,0.0615796614015,0.0347801986396,0.0941076683049,0.043276813091
2023-07-26,0.455808740155,0.142142933575,0.0398225724882,0.128021844831,0.0616807260991,0.0347308955462,0.0943976172259,0.0433946700791
2023-07-27,0.456673454583,0.142758725889,0.0397199194634,0.128014234916,0.061532319861,0.0347716311597,0.0937120351952,0.0428176789324
2023-07-28,0.45741149916,0.142772110227,0.0403552125939,0.127474468061,0.0612327115322,0.0346226548289,0.0936953292129,0.0424360143845
2023-07-31,0.457509654638,0.142531347292,0.0403339816987,0.12741601832,0.0612061877411,0.0345739515541,0.0937893545821,0.0426395041731
2023-08-01,0.458911228981,0.141782869721,0.0400084292153,0.127324538176,0.0612101251692,0.0345715751076,0.093368787336,0.0428224462941
2023-08-02,0.457638451008,0.140613947247,0.0395838232613,0.128456527763,0.0617775601762,0.0348995500829,0.0939733422328,0.0430567982277
2023-08-03,0.45797749828,0.140694827238,0.0398991140642,0.128053116003,0.0615429780796,0.0348079288536,0.0942817511082,0.0427427863734
2023-08-04,0.45571758963,0.141033655458,0.0399303901592,0.129054726097,0.0621715915934,0.0351300716618,0.0945839392425,0.0423780361575
2023-08-07,0.457288924359,0.141419429465,0.0396548154355,0.128405660543,0.0616964964776,0.034975719439,0.0938747264131,0.0426842278681
2023-08-08,0.456999890988,0.14088006011,0.039392496681,0.129191563287,0.0622402895449,0.0350996862826,0.093627650759,0.0425683623462
2023-08-09,0.455402468295,0.141454825272,0.0395860135828,0.129700011599,0.0624794684539,0.0351958730649,0.0934813864444,0.0426999532872
2023-08-10,0.456066522762,0.142038996427,0.0397061819343,0.128999231221,0.0620693052285,0.0350525727607,0.0934840987352,0.0425830909314
2023-08-11,0.456874149044,0.141575421525,0.0392233302108,0.128900557642,0.0618867692168,0.0350853837297,0.0937042986494,0.0427500899824
2023-08-14,0.458972216252,0.140862090144,0.0390047620177,0.128687783837,0.0617311357068,0.0349801137349,0.0933331666635,0.0424287316438
2023-08-15,0.457755763645,0.140163935581,0.0389434383848,0.1295077578,0.0621738730702,0.0351882561606,0.0939329408437,0.0423340345143
2023-08-16,0.457348050529,0.139952893421,0.0389331771438,0.130035717916,0.0623375074488,0.035312488729,0.0939969459027,0.0420832189098
2023-08-17,0.456144672694,0.139717284888,0.0392562568201,0.130552617631,0.0625704242921,0.0354798535412,0.0943241971758,0.041954692958
2023-08-18,0.456064348666,0.139625465286,0.038985697806,0.130754008722,0.0627169323697,0.0355173784975,0.0942783399924,0.0420578286601
2023-08-21,0.458012599464,0.13975250836,0.0389870832388,0.129808807884,0.0621899104286,0.0353441004026,0.0943265732032,0.0415784170192
2023-08-22,0.457284919292,0.139596943273,0.038962397479,0.130091157847,0.0622865261492,0.0354445601412,0.0945882641291,0.0417452316889
2023-08-23,0.457333889171,0.139557749328,0.0391080627397,0.1299014258,0.062275666862,0.0353751390828,0.0945073633454,0.0419407036702
2023-08-24,0.455153552151,0.139066247583,0.0393026594011,0.130799099496,0.0626159790747,0.0355395072196,0.0953572107139,0.0421657443598
2023-08-25,0.456603344024,0.139402699512,0.039122658126,0.130215636908,0.0623557273667,0.0353964051983,0.0948684241035,0.0420351047613
2023-08-28,0.456808011964,0.140038341004,0.039280259954,0.129736635061,0.0621625961384,0.0352091488712,0.0945836789881,0.0421813280194
2023-08-29,0.458003871696,0.140175213147,0.0393378994751,0.129050229521,0.0618754079583,0.0349698632667,0.0943931862643,0.0421943286715
2023-08-30,0.45897732936,0.13986649124,0.0391167618612,0.128740797476,0.061746046096,0.0348477590486,0.0944414847222,0.0422633301963
2023-08-31,0.459077325884,0.139644118692,0.0387145705438,0.129144357951,0.0619742163888,0.0349789835111,0.0944431032696,0.0420233237592
2023-09-01,0.459758800118,0.13980461577,0.0391199970775,0.128426637488,0.0615719861062,0.0347848139437,0.0944544051552,0.0420787443425
2023-09-05,0.460472792293,0.139371166928,0.0391203048614,0.128484990247,0.0615596448198,0.0349202155934,0.0942362766937,0.0418346085646
2023-09-06,0.459526657093,0.139471086548,0.0391208124912,0.128967116191,0.0616900297617,0.0350308660946,0.0942498334791,0.0419435983417
2023-09-07,0.45869533513,0.139091771187,0.0387644738336,0.129536221561,0.0619801951832,0.035202309888,0.0944698785733,0.0422598146444
2023-09-08,0.459105766437,0.138821705039,0.0388180679814,0.129524739645,0.0619556125201,0.0352610750781,0.0944440284357,0.0420690048634
2023-09-11,0.459858381052,0.139706740959,0.0390696695028,0.128741401332,0.0615462396411,0.0350548490294,0.0941549353363,0.0418677831475
2023-09-12,0.458990784232,0.139596007001,0.039104963929,0.129247794908,0.0618549776723,0.0351984001404,0.0940083807928,0.0419986913241
2023-09-13,0.459593833864,0.139339197601,0.0390721636458,0.129455993341,0.061936914481,0.0352503509139,0.0938050643165,0.0415464818365
2023-09-14,0.460561727311,0.140306886759,0.0390497170644,0.128445175895,0.0613986717781,0.0349662041239,0.0932463945216,0.0420252225467
2023-09-15,0.457838257678,0.14087007254,0.0390897367017,0.128945705565,0.0615880945687,0.0350965284253,0.0944450478928,0.0421265566272
2023-09-18,0.458022955189,0.140316998164,0.0390223121515,0.12911110602,0.0616363592851,0.0351635468173,0.0949837138706,0.041743008502
2023-09-19,0.458033491402,0.140642918432,0.0389095137727,0.129003595399,0.0615404897027,0.0351370617402,0.0950930939728,0.0416398355785
2023-09-20,0.456046554922,0.140863613139,0.0389827394932,0.129567789468,0.061795420495,0.0352352926984,0.0956284099662,0.0418801798189
2023-09-21,0.454948062596,0.140509839799,0.0389070330772,0.130531561993,0.062216413952,0.0355536067254,0.0962982338287,0.0410352480281
2023-09-22,0.453694711062,0.140596860709,0.0393437265491,0.131016680554,0.0624279580284,0.0356582733473,0.0965574796538,0.0407043100965
2023-09-25,0.456093204195,0.140209360997,0.0392370978872,0.130122850533,0.0620354710197,0.035427111919,0.0961636001314,0.0407113033185
2023-09-26,0.454363163507,0.139740976039,0.0392090954955,0.131394663327,0.0627010829601,0.035729263484,0.0964502925593,0.0404114626274
2023-09-27,0.455616307865,0.139749187217,0.0393518771581,0.131242981148,0.062568018254,0.0357547282759,0.0954821219804,0.0402347781016
2023-09-28,0.456189525066,0.140269837265,0.0392544467607,0.131040470964,0.0624561665803,0.0357758092991,0.0945762123657,0.0404375316982
2023-09-29,0.45624703941,0.14017989947,0.0393950929334,0.131250229548,0.0626296666391,0.0357948805031,0.0938439542673,0.0406592372289
2023-10-02,0.458760311848,0.138815017682,0.0394863849727,0.131106453603,0.0624886938131,0.0357876680897,0.0934073850026,0.040148084989
2023-10-03,0.457764717313,0.138631635624,0.0394241916224,0.131557543264,0.0626759641529,0.035937780525,0.0941964041837,0.0398117633154
2023-10-04,0.458716559114,0.137980507776,0.0390578684954,0.131798700378,0.0627477757819,0.0359096037399,0.0936987938918,0.0400901908226
2023-10-05,0.457876523555,0.139043468275,0.0391635012217,0.131691806092,0.0627742415962,0.035804946517,0.0933909896585,0.040254523084
2023-10-06,0.460084516392,0.139522627096,0.0394250065541,0.13026852981,0.0619721719186,0.0354271058501,0.0932181404565,0.0400819019231
2023-10-09,0.459698287241,0.13842285418,0.03890107358,0.130669838328,0.0623118056123,0.035520046092,0.0942489059605,0.0402271890064
2023-10-10,0.459988661126,0.139542146439,0.039341926946,0.129950454746,0.0619059144208,0.0353721641019,0.0936626777342,0.0402360544854
2023-10-11,0.459536235664,0.139437344242,0.0392618612901,0.129886825231,0.0619310088614,0.035350126455,0.0938693941952,0.0407272040618
2023-10-12,0.460065394159,0.139243081093,0.039128729962,0.129707228622,0.061782933152,0.0353811344803,0.0942655710781,0.0404259274539
2023-10-13,0.457578664158,0.137941272577,0.0389622985914,0.130208138473,0.0621516782778,0.0355961606366,0.0972545530993,0.0403072341872
2023-10-16,0.460096938148,0.138334063449,0.039046954957,0.128842054388,0.0614770356132,0.0353168821338,0.0963008275103,0.0405852438012
2023-10-17,0.460877459658,0.138606841571,0.03894582472,0.128137877274,0.0609798509562,0.0352072325223,0.0966474917312,0.0405974215679
2023-10-18,0.459119846475,0.137570537326,0.0386783095655,0.128771436076,0.0612797699658,0.0354705936287,0.0989912300255,0.0401182769372
2023-10-19,0.45776623321,0.137252102449,0.0387646402997,0.129037204785,0.0613372949753,0.0356482184356,0.100796446925,0.0393978589214
2023-10-20,0.455071169599,0.136843229196,0.0385479854479,0.13034093251,0.0620956801562,0.0359877070836,0.101726691583,0.0393866044234
2023-10-23,0.454612683277,0.137007677233,0.0384945797853,0.130946094584,0.0624325346598,0.0360208778674,0.101456852653,0.03902869994
2023-10-24,0.455449479342,0.136910995326,0.038752522933,0.130670645508,0.0621899063455,0.0358484826634,0.10087198532,0.0393059825621
2023-10-25,0.453554769199,0.137119332793,0.0387340094479,0.131039064798,0.0622817388466,0.0360678863887,0.102343981402,0.0388592171248
2023-10-26,0.449981832517,0.136672124104,0.038750865514,0.132469167899,0.0630164385595,0.0364117447012,0.102930566985,0.0397672597202
2023-10-27,0.448730294397,0.13648585879,0.0388601875335,0.132659273801,0.0632255991731,0.0365288996513,0.104310853529,0.0391990331256
2023-10-30,0.451089828318,0.137441181648,0.0389504092843,0.131468196601,0.0625979632443,0.0362308832777,0.103036009422,0.0391855282042
2023-10-31,0.452683448373,0.137358629327,0.0386606372711,0.131024056245,0.0622949286922,0.0360408192051,0.102193999037,0.0397434818502
2023-11-01,0.453473513468,0.137532328949,0.038592145353,0.13130281066,0.0624563354665,0.0360340740044,0.100972965432,0.039635826667
2023-11-02,0.455172839982,0.138499280374,0.0385952481802,0.130094814722,0.0618927012628,0.0356505405088,0.0997760911218,0.0403184838479
2023-11-03,0.455042008599,0.138968755038,0.0389349768925,0.12966637934,0.0617875289071,0.0354985623964,0.099205294763,0.040896494064
2023-11-06,0.456881494741,0.138769260061,0.0391211127417,0.129243532296,0.0615368998866,0.0354681642239,0.0986033142693,0.0403762217809
2023-11-07,0.457877081919,0.137638059658,0.0391049521339,0.129846663572,0.0618469981026,0.0355400200406,0.0981292760294,0.0400169485446
2023-11-08,0.458319688507,0.137355379524,0.0389365001195,0.130318206751,0.0621113081867,0.0356267641237,0.0971738973717,0.0401582554164
2023-11-09,0.457597306993,0.138153463037,0.0388331777732,0.130039616281,0.0618825495281,0.0355482521156,0.0981728112761,0.0397728229956
2023-11-10,0.461129591525,0.137803919623,0.0387976603373,0.129332765017,0.0614694915848,0.0352858591855,0.0963478286918,0.0398328840358
2023-11-13,0.460712389936,0.137999253733,0.0388685060005,0.129325313759,0.0614387517081,0.0352637281904,0.0968892530523,0.0395028036208
2023-11-14,0.460676613072,0.139032498868,0.039014933397,0.128447409799,0.0611707852891,0.0348738090152,0.0958855789666,0.0408983715926
2023-11-15,0.461852478322,0.138969508059,0.0393026128641,0.127706237848,0.0607210418945,0.0347386136179,0.0956744220301,0.0410350853647
2023-11-16,0.461435463659,0.138366501277,0.0388139325295,0.128135985386,0.0610476165983,0.0347915368217,0.0965487471872,0.0408602165413
2023-11-17,0.460745371144,0.139707420115,0.038861688969,0.128040819428,0.0609201077198,0.0347329240182,0.0962741157793,0.0407175528271
2023-11-20,0.461933374658,0.139608692483,0.0390758895685,0.127590993877,0.0606957705992,0.0346590308217,0.0956285798398,0.040807668153
2023-11-21,0.461342248461,0.139184183134,0.0388811804323,0.127839939,0.0608291931826,0.0346174399878,0.0967483328348,0.0405574829674
2023-11-22,0.462257890624,0.139198744989,0.0387033191837,0.127721266401,0.0606958805051,0.0345857872838,0.0961559308233,0.0406811801899
2023-11-24,0.462128893334,0.1399890703,0.0387929232836,0.127019725994,0.0603277707725,0.0344095839814,0.0965696802824,0.0407623520515
2023-11-27,0.460969333421,0.139524144054,0.0385839925498,0.127649911257,0.0607423371752,0.0344973646302,0.0971513825083,0.0408815344046
2023-11-28,0.459795947499,0.13927421072,0.0387616896096,0.127757393524,0.0607947131348,0.0345103215122,0.0980988631201,0.0410068608796
2023-11-29,0.458874277923,0.139426425632,0.0384926770876,0.128214989657,0.0610341580923,0.0346033030946,0.0981160882159,0.0412380802977
2023-11-30,0.460237052587,0.139231466133,0.0385694938529,0.127666964592,0.0606765127464,0.0345076324362,0.0976129776251,0.0414979000261
2023-12-01,0.458882253012,0.139416437113,0.0383897478661,0.127655285345,0.0607095661769,0.0343784142581,0.0984243157875,0.0421439804408
2023-12-04,0.459544070668,0.139114918092,0.0383069888477,0.128022904907,0.0608644732893,0.0344652817332,0.096944816717,0.0427365457458
2023-12-05,0.459389820224,0.138642247605,0.0381690738461,0.128854439427,0.0612849413945,0.0346475246369,0.096565024018,0.0424469288481
2023-12-06,0.457893845091,0.139022125765,0.0381513184526,0.129286557247,0.061586158087,0.0347105422896,0.0969963071858,0.0423531458818
2023-12-07,0.459315295304,0.139060183248,0.0381309256169,0.128745476331,0.0612188851817,0.0345252146216,0.096719991069,0.0422840286275
2023-12-08,0.461441776095,0.139437268261,0.0379546992088,0.128139822901,0.0608439760447,0.0344940684532,0.0954611153954,0.0422272736409
2023-12-11,0.462604689631,0.139638121023,0.0380725900813,0.127978196412,0.0607674346392,0.0343751812939,0.0942781564184,0.0422856305015
2023-12-12,0.463531288513,0.139311666002,0.0379754063728,0.128033578222,0.0607413526394,0.0342678805287,0.0939862861646,0.0421525415587
2023-12-13,0.462654783081,0.139372390232,0.0377397724787,0.127635513227,0.060690970909,0.0341964077442,0.0946203021238,0.0430898602046
2023-12-14,0.460957539004,0.139619750114,0.0379774695963,0.127783581366,0.0607759148836,0.0343345760095,0.0945225097247,0.044028659303
2023-12-15,0.462189814302,0.138780075724,0.0379202011906,0.12803805648,0.0609880604262,0.0344255541231,0.0940613128607,0.0435969248928
2023-12-18,0.463442800261,0.138854152499,0.0378056061099,0.127408264704,0.0606782940357,0.0342237465882,0.0942150438928,0.0433720919091
2023-12-19,0.463625492225,0.139401165545,0.0378537584287,0.126842524115,0.0604487059258,0.0340524921521,0.0943208645633,0.0434549970454
2023-12-20,0.461267710672,0.139178016574,0.0373885499783,0.128437991559,0.0612850952381,0.034492982739,0.0946416244975,0.0433080287416
2023-12-21,0.46178719336,0.140365403271,0.0377995055514,0.12736194406,0.0606833002437,0.0341503436247,0.0945218711916,0.0433304386984
2023-12-22,0.462059116048,0.14049165118,0.037615110153,0.127014316051,0.0605406068805,0.0340353988385,0.0948064174275,0.0434373834216
2023-12-26,0.462081834266,0.14052621407,0.037700692346,0.126742429722,0.0603266122029,0.0339128777618,0.0951319072331,0.0435774323986
2023-12-27,0.461114341135,0.140770914394,0.0377577523514,0.12705194805,0.0605598946535,0.0339348091941,0.0951913921406,0.0436189480819
2023-12-28,0.461609022144,0.140633878199,0.0380158559297,0.126859579722,0.0603708314608,0.0338482995668,0.0947035739067,0.0439589590708
2023-12-29,0.461364470468,0.140938038228,0.0382082823057,0.126917519865,0.0603637106741,0.033887605637,0.0947794722569,0.0435409005655
2024-01-02,0.461231646691,0.140122644065,0.0379636449286,0.126990808372,0.0604593012857,0.0340209674623,0.0950611437639,0.0441498434316
2024-01-03,0.46049851477,0.139920354319,0.0381024936422,0.127897632821,0.0610060152378,0.0343008094222,0.0948937641173,0.0433804156702
2024-01-04,0.460050716734,0.140564277736,0.0381224465089,0.127667332651,0.0607752141033,0.0342183122217,0.0952033898249,0.0433983102201
2024-01-05,0.460642133522,0.140641996886,0.0381758140378,0.12735835753,0.0605478178472,0.0341386901894,0.0952104735847,0.0432847164035
2024-01-08,0.463162942875,0.140870791649,0.0379098964818,0.126728609408,0.0602237642492,0.0339342980668,0.0936463486294,0.0435233486413
2024-01-09,0.463755951689,0.139989866745,0.0375755754376,0.127057894128,0.0603672246217,0.0339626223306,0.0939386961208,0.0433521689273
2024-01-10,0.465065808236,0.140364894834,0.0374324166092,0.126455942918,0.0601028388949,0.033838491362,0.0934599303718,0.0432796767741
2024-01-11,0.464484148428,0.140103399766,0.0375608453277,0.127072889655,0.0603750016501,0.033991591781,0.0935684830002,0.0428436403916
2024-01-12,0.463546989157,0.140225023526,0.0376360610083,0.126959246711,0.0603745969721,0.0340448123406,0.0942289705037,0.0429842997813
2024-01-16,0.465481006218,0.138803609087,0.0371438457002,0.127003239914,0.060356629196,0.0341377431873,0.0940696737894,0.0430042529076
2024-01-17,0.466190627726,0.138266249285,0.0369073673153,0.1275566595,0.060589131614,0.0342751002933,0.0936960571104,0.0425188071568
2024-01-18,0.467568492351,0.138701896818,0.0369063312398,0.126689735976,0.0600996216372,0.0340829581135,0.0939115214081,0.0420394424565
2024-01-19,0.469894316701,0.138118425986,0.0369690669847,0.12577794992,0.059661192081,0.0338560620088,0.0934952056198,0.042227780698
2024-01-22,0.470235826051,0.138280977373,0.0366290843458,0.125834435672,0.0597605584859,0.0338249735116,0.0930130106504,0.04242113391
2024-01-23,0.471209960389,0.13792881781,0.0368030006128,0.125421120374,0.059559751213,0.033686007231,0.0932970233786,0.0420943189911
2024-01-24,0.471751952527,0.138791083986,0.0372798295771,0.12514662688,0.059393828596,0.0336090113228,0.0925328902398,0.0414947768711
2024-01-25,0.472029991629,0.138473453724,0.0371926491557,0.125103619124,0.0593632138045,0.0335599957668,0.0924521530504,0.0418249237463
2024-01-26,0.471649038784,0.139124349343,0.0372191708531,0.125021451474,0.059284615735,0.0335441428521,0.0924307943055,0.0417264366528
2024-01-29,0.472317009311,0.13904269027,0.0369882388896,0.124708777347,0.0592556664021,0.0334744672428,0.0924826272204,0.0417305233174
2024-01-30,0.472351870201,0.138985604746,0.0366693975934,0.125055331149,0.0593866214131,0.0334872239879,0.0926888310277,0.0413751198817
2024-01-31,0.468302673582,0.13928615973,0.0368187901619,0.126614912972,0.0603547470241,0.0339713728332,0.0933492569756,0.0413020867208
2024-02-01,0.469397889569,0.139262556644,0.0366762565122,0.125985269203,0.060084230583,0.0336701387464,0.0933193817827,0.0416042769586
2024-02-02,0.474321862863,0.138268509986,0.0364175939361,0.12482693867,0.0593001075475,0.0333447938209,0.0924337813272,0.0410864118484
2024-02-05,0.475303865034,0.138154339023,0.0367187715447,0.124509651869,0.0590596068794,0.0333478805409,0.0924510411417,0.0404548439677
2024-02-06,0.474197987988,0.138277734805,0.0374282903833,0.124507279771,0.0590682382437,0.0332862234588,0.0924494340328,0.0407848113187
2024-02-07,0.476480507718,0.137881044502,0.0372698839886,0.123818942324,0.058756467715,0.0331076522535,0.0921016266399,0.0405838748598
2024-02-08,0.476959269889,0.137726573776,0.0370983589366,0.123509243294,0.0585976448549,0.0331014202896,0.0920703618248,0.0409371271349
2024-02-09,0.478322496586,0.137818339293,0.0371368503676,0.123112707933,0.0583225153273,0.032958782093,0.0914471004762,0.0408812079236
2024-02-12,0.478033349706,0.138142594153,0.0372951930976,0.123117488555,0.0583683988133,0.0329657179811,0.0911931337855,0.0408841239083
2024-02-13,0.478053899814,0.137584831881,0.0371226578848,0.123691673439,0.0585352660441,0.0332138505358,0.0911956175384,0.0406022028633
2024-02-14,0.478684596147,0.138213684531,0.037370212977,0.123284967199,0.058301997848,0.033098480564,0.0904396192192,0.0406064415145
2024-02-15,0.478578705076,0.138767781355,0.0373341790547,0.122702754007,0.058049962756,0.0329046513997,0.0904038037542,0.0412581625973
2024-02-16,0.477559936708,0.139281320467,0.0376242856464,0.122662719929,0.0579627865099,0.0329647727637,0.0909949038373,0.0409492741389
2024-02-20,0.475575654374,0.139963804853,0.0377487263671,0.122943154512,0.0581405715725,0.033025084985,0.0916710290559,0.0409319742798
2024-02-21,0.475912242059,0.140023147391,0.0377779313561,0.12255204498,0.057943332539,0.0329812520783,0.0916577833067,0.0411522662906
2024-02-22,0.480077490165,0.139847147008,0.0376620369081,0.121218076306,0.0572714394034,0.0325523135167,0.0906239339391,0.0407475627541
2024-02-23,0.479517386742,0.139816688498,0.0376012208894,0.121442339974,0.0574278077742,0.0325747296804,0.0909670288635,0.0406527975791
2024-02-26,0.479297686622,0.139950494915,0.0375951373403,0.121570057672,0.0575267377242,0.0326671876403,0.0910563810786,0.0403363170072
2024-02-27,0.479762686519,0.14008470032,0.0376796584941,0.121299773393,0.0573472180245,0.0325982862232,0.0908790325084,0.0403486445182
2024-02-28,0.479530006046,0.13945555964,0.0371306393888,0.121639205782,0.0576035603043,0.0327301923439,0.0911196631642,0.0407911733307
2024-02-29,0.479644652927,0.139304007019,0.0370878486992,0.121432083801,0.057526945766,0.0327219352686,0.09128269602,0.0409998304987
2024-03-01,0.479510044652,0.139443407478,0.0372250977742,0.120846248863,0.0572360084431,0.0325299647637,0.0921179885988,0.0410912394279
2024-03-04,0.478810252991,0.13902107953,0.0370585114164,0.120502175028,0.0570865550774,0.0324900342137,0.0935717344376,0.0414596573061
2024-03-05,0.476004560484,0.139260276649,0.0369615882432,0.121664601929,0.0576779614218,0.0327750846454,0.0945281799609,0.0411277466663
2024-03-06,0.475625057118,0.140116425311,0.0372016786785,0.121140176853,0.0574805646155,0.0325959733743,0.0947486708939,0.0410914531554
2024-03-07,0.476827579145,0.140690361633,0.0371065685862,0.120510527564,0.0571555921979,0.0323391455196,0.0945891887004,0.0407810366535
2024-03-08,0.474852550625,0.140559832921,0.0371137942947,0.120846704533,0.0573046765173,0.0324267838523,0.095567212045,0.0413284452119
2024-03-11,0.475062313866,0.140038788081,0.0372600342577,0.120868712968,0.0573070139795,0.0324116842522,0.095867292459,0.0411841601364
2024-03-12,0.477899591211,0.140441089958,0.0374024958415,0.119990174652,0.0568018667501,0.0321951812793,0.0943695954333,0.0409000048748
2024-03-13,0.477566253772,0.140591499835,0.0372223307615,0.119873926126,0.056725296487,0.0321781351633,0.0951136660511,0.0407288918045
2024-03-14,0.478756382168,0.140291047442,0.0371842009842,0.119646791935,0.0565572870136,0.0321259414103,0.0951406717502,0.0402976772962
2024-03-15,0.477397945816,0.140737841331,0.0372267842151,0.120119814594,0.0566898906454,0.0322350606199,0.0952215173294,0.04037114545
2024-03-18,0.478847911813,0.140359643695,0.0371995498162,0.119649472058,0.0564597215786,0.03211170829,0.0950985735459,0.0402734192028
2024-03-19,0.480012645183,0.140149785654,0.0369327330522,0.119572776489,0.0564467446727,0.032057126032,0.0946940466774,0.0401341422388
2024-03-20,0.480532411774,0.140531056196,0.0369250548067,0.118849179285,0.0561212993781,0.0319232852075,0.0950466676411,0.0400710457116
2024-03-21,0.48113994151,0.140329277347,0.0368763748533,0.118692717859,0.0560131258,0.0319150446818,0.0947548623298,0.0402786556182
2024-03-22,0.481253484641,0.140151914064,0.0367168842719,0.119324335772,0.0564073388545,0.0320938272159,0.0941955854523,0.0398566297282
2024-03-25,0.480857023935,0.140227592483,0.0367882805003,0.119336404864,0.0563674836828,0.0320543919724,0.0946802335055,0.0396885890577
2024-03-26,0.480165892916,0.140482075137,0.0367237761542,0.119507647117,0.0564744017254,0.0320765326301,0.0950254112177,0.0395442631023
2024-03-27,0.48060871964,0.140361194859,0.0365478863534,0.119009296929,0.0562691928157,0.0319367008869,0.0950033241041,0.040263684412
2024-03-28,0.480000275335,0.139931379477,0.0366313649302,0.118735906532,0.0561553051292,0.0319142525546,0.0961254137531,0.040506102289
2024-04-01,0.480375593091,0.139725631942,0.0368733638088,0.118170366606,0.055787776017,0.031787726807,0.0973519837951,0.0399275579333
2024-04-02,0.478785448878,0.139284742158,0.0371099420725,0.118447252464,0.0558392408693,0.0318942003934,0.0990931303914,0.0395460427732
2024-04-03,0.478170002448,0.139708551466,0.037074360892,0.118238380523,0.055771915184,0.0318182509098,0.0997243725236,0.0394941660541
2024-04-04,0.475817617071,0.139611612911,0.0372148997668,0.119393198853,0.0563757472076,0.0321731422416,0.0998838885509,0.0395298933994
2024-04-05,0.477726916501,0.139226753317,0.0370924050629,0.118046840224,0.0556463293967,0.0318339326697,0.100946398927,0.0394804239014
2024-04-08,0.477052846175,0.139623450288,0.0372478807895,0.117704698699,0.0554115388812,0.0317593198552,0.101375120037,0.0398251452753
2024-04-09,0.476319141319,0.139275517801,0.0374719321668,0.1177889464,0.0554824293238,0.0317570376416,0.101658025626,0.0402469697234
2024-04-10,0.477448166194,0.138900719805,0.0375235357122,0.117834915662,0.0554298249995,0.0318443815939,0.101955520802,0.0390629352304
2024-04-11,0.478054551889,0.138540290425,0.0374132455841,0.117125306872,0.0550067118805,0.0316190825485,0.103289332257,0.0389514785433
2024-04-12,0.476702110109,0.137642740032,0.0370982998935,0.118651196458,0.0558487260321,0.0320827876495,0.103056000648,0.0389181391779
2024-04-15,0.473855515152,0.138071299527,0.037111226561,0.118717091868,0.0558602162981,0.0321923418454,0.105682206992,0.0385101017571
2024-04-16,0.474832212925,0.137146921644,0.0367960553842,0.118841765988,0.0558575152035,0.0321862688178,0.106223174282,0.0381160857545
2024-04-17,0.473296720707,0.137603516932,0.036958673108,0.119714003574,0.0563639496712,0.0323987860432,0.105725243266,0.0379391066971
2024-04-18,0.472904352043,0.137629051833,0.0371036951955,0.119522681576,0.0562369050202,0.0323957249439,0.106216948956,0.0379906404323
2024-04-19,0.470369049375,0.138183210183,0.0371208022722,0.120054568832,0.0565018728718,0.0325550235366,0.106911528461,0.0383039444679
2024-04-22,0.472840628794,0.139137196819,0.0372918335416,0.119659346683,0.0562865912536,0.0324305277401,0.103861954601,0.0384919205687
2024-04-23,0.474758057673,0.139461414419,0.0373090274959,0.118984425799,0.0559251220193,0.032210576205,0.102806768783,0.0385446076057
2024-04-24,0.475091433332,0.139225617023,0.0374697355381,0.118813087468,0.0558203039868,0.0321815052366,0.102736353098,0.0386619643169
2024-04-25,0.474470134107,0.138972290069,0.0376805057028,0.118773062218,0.0557460522175,0.0322131247806,0.103607449853,0.0385373810515
2024-04-26,0.475725053357,0.139056284801,0.0378549564897,0.118230032931,0.0555206429301,0.0320770807774,0.103240163351,0.0382957853641
2024-04-29,0.475662404861,0.139312616618,0.0380907099886,0.118155626249,0.0555411333613,0.0320382286842,0.102653350925,0.0385459293133
2024-04-30,0.474578543568,0.139249758511,0.0381006359043,0.119295348272,0.0560429705644,0.0323235281763,0.101993191619,0.0384160233849
2024-05-01,0.473053226953,0.139081975152,0.0381470801808,0.119720289748,0.0562667891447,0.0323779530892,0.102920899505,0.0384317862277
2024-05-02,0.47343465439,0.139927211347,0.0387468166309,0.119242320235,0.0560524495009,0.0322199565993,0.101734343589,0.0386422477088
2024-05-03,0.47514327612,0.139983863575,0.0387480320742,0.118812686368,0.0558741664875,0.0321039806728,0.10077097472,0.0385630199818
2024-05-06,0.476627697253,0.140079599534,0.0384012358447,0.118051479163,0.0555238296632,0.0318901509774,0.101104945006,0.0383210625597
2024-05-07,0.476805685895,0.140173634219,0.0381000915117,0.118210513468,0.0556272481867,0.0318608836907,0.10056644996,0.0386554930699
2024-05-08,0.477418376494,0.140199924184,0.0381100817698,0.118105587126,0.0555372611482,0.0318626180048,0.100389833097,0.0383763181754
2024-05-09,0.476919865982,0.140282267266,0.0380011418408,0.117525762898,0.055328399843,0.0317606300218,0.10128378528,0.0388981468689
2024-05-10,0.477062225881,0.140199253219,0.0380423531975,0.117166043523,0.0550950051187,0.0316784511673,0.102004506259,0.0387521616346
2024-05-13,0.477386037988,0.140247769332,0.038360850443,0.117290760365,0.0551905731129,0.0317076549286,0.100916781888,0.038899571944
2024-05-14,0.477167327913,0.140513261214,0.0383598671106,0.117016716453,0.0550734259023,0.0316078581665,0.101259512184,0.0390020310567
2024-05-15,0.477893502629,0.140404094875,0.0382759142279,0.116528695769,0.0548932089823,0.0314276162811,0.101459271766,0.0391176954696
2024-05-16,0.478026989363,0.139935873328,0.0385124345545,0.116669312479,0.0549159085417,0.0314569758247,0.10130090325,0.0391816026587
2024-05-17,0.477495407898,0.140073017962,0.038690187063,0.116000671,0.0546060114143,0.0313474765568,0.102709983683,0.0390772444238
2024-05-20,0.477806528464,0.140057799838,0.0385847077476,0.11583485544,0.054496651359,0.0313200494157,0.103071740792,0.0388276669438
2024-05-21,0.478510168648,0.13970189285,0.0383232196778,0.115937058262,0.0545839218963,0.0313481703456,0.102819646356,0.0387759219648
2024-05-22,0.479656226103,0.139120125729,0.0384134646889,0.11640592781,0.0548020046031,0.0315080789236,0.101464324657,0.0386298474859
2024-05-23,0.480023460932,0.139474348749,0.0384291987355,0.117024712345,0.0550516692066,0.0316421819198,0.100249048408,0.0381053797034
2024-05-24,0.480891380816,0.139939995003,0.0383671516461,0.116598529911,0.0548595611782,0.0315295434099,0.0998626737508,0.0379511642855
2024-05-28,0.481172665861,0.139951679657,0.038258630106,0.116042034415,0.0545462193479,0.0314311709147,0.100901061317,0.0376965383814
2024-05-29,0.481821532477,0.138706924357,0.0380989981104,0.116567545827,0.0547369381438,0.0316208371203,0.100802966342,0.0376442576218
2024-05-30,0.478781674095,0.140005269863,0.0380414075568,0.11715358321,0.0550288832715,0.0317536675937,0.101027172148,0.0382083422612
2024-05-31,0.480192058531,0.140368030022,0.0374871417112,0.116813340736,0.0549474453582,0.0316844799922,0.0998214116298,0.0386860920195
2024-06-03,0.479085306103,0.140289032702,0.0377432716618,0.117153521314,0.0551348837773,0.0317189280207,0.100397603773,0.0384774526482
2024-06-04,0.479740298864,0.139910054936,0.0371626547342,0.11760641251,0.0554506346979,0.0318252083512,0.0995211116956,0.0387836242105
2024-06-05,0.481149065597,0.139630069118,0.0373070064689,0.116926321862,0.0551598124181,0.0316235524598,0.0998094631801,0.0383947088957
2024-06-06,0.48050784984,0.139801711283,0.0374297584679,0.116808627411,0.0550638876932,0.0315554381089,0.100415070109,0.0384176570864
2024-06-07,0.484004016758,0.139254753687,0.0374361665657,0.11676244896,0.0549467966118,0.0315618180311,0.0976551847918,0.0383788145943
2024-06-10,0.484214945946,0.139078664416,0.0375358050562,0.116357061521,0.0546835235202,0.0314337853204,0.0982897583888,0.0384064558314
2024-06-11,0.485172988918,0.137453654148,0.0374333700851,0.116704812296,0.0549488628496,0.0315063678375,0.0985283059611,0.038251637905
2024-06-12,0.485533163616,0.138097975763,0.0374474073425,0.116390111735,0.054845856846,0.031320016882,0.0980585190759,0.0383069487398
2024-06-13,0.486789163367,0.136240445844,0.0374259598397,0.117043007278,0.0552401214101,0.031461700082,0.0973149882451,0.0384846139349
2024-06-14,0.486739577937,0.134917209259,0.0375022282287,0.117079456874,0.0553295815476,0.0314776481254,0.0985061634883,0.0384481345403
2024-06-17,0.489054533745,0.134977524503,0.0375880846075,0.116290280105,0.0548972394989,0.0313335914455,0.0976833569203,0.0381753891736
2024-06-18,0.488631139847,0.135060472014,0.0377583550572,0.116310877502,0.0549489321664,0.0313529138574,0.0977415714979,0.0381957380578
2024-06-20,0.487606034656,0.135144236909,0.0377136136836,0.116180997119,0.0548434804448,0.0313782158591,0.0990231876749,0.0381102336537
2024-06-21,0.488487959087,0.134667874065,0.0377038703023,0.116559288764,0.0550281121395,0.0314301905482,0.0977964421286,0.0383262629649
2024-06-24,0.486700755094,0.135791910412,0.0376627226096,0.116606982205,0.0550522348716,0.03143493903,0.098143311149,0.0386071446291
2024-06-25,0.488054711226,0.135839044136,0.0375112528304,0.116470878338,0.0550401914739,0.0314395795077,0.0975523005649,0.0380920419237
2024-06-26,0.489822753392,0.13525511831,0.0374971713128,0.116222008401,0.054837979157,0.0314200913895,0.0968812837826,0.0380635942552
2024-06-27,0.489164090965,0.135189138075,0.0373706852444,0.116073383392,0.054800263345,0.0313870611953,0.0976938440669,0.0383215337159
2024-06-28,0.488394301999,0.135619424999,0.0375536797179,0.115776102298,0.054638480333,0.0313645530759,0.0979345779349,0.0387188796427
2024-07-01,0.489429729935,0.135737575431,0.0376418315254,0.115162253478,0.0542351113651,0.0312417149285,0.0981957208245,0.0383560625135
2024-07-02,0.490489058141,0.135422574579,0.0376078290702,0.115021202039,0.0541930682448,0.0311587714398,0.0977458962561,0.0383616002306
2024-07-03,0.489484127424,0.13614604623,0.0379157448251,0.114890853614,0.0542006184687,0.0310792994575,0.0982069773118,0.0380763326689
2024-07-05,0.489305639655,0.136179408166,0.0376761828675,0.114766844402,0.0541693828468,0.031029017839,0.0989247662673,0.0379487579568
2024-07-08,0.490405861458,0.135734145928,0.0377173723011,0.114927643671,0.0542458877284,0.0310513293612,0.0978047020279,0.0381130575241
2024-07-09,0.490829867529,0.135260485516,0.0378737564468,0.114809301133,0.0541651769589,0.0310015453884,0.0979599991377,0.0380998678904
2024-07-10,0.491866323297,0.136093628886,0.0377326750128,0.114041225223,0.0537991184248,0.0308202021041,0.097560776106,0.0380860509462
2024-07-11,0.48741579497,0.136570871586,0.0380096273289,0.114576107222,0.0541187415318,0.0308990790671,0.0992482365604,0.0391615417346
2024-07-12,0.487889629826,0.137205507783,0.0379830656349,0.114282232589,0.0539454310892,0.0307839327789,0.0986601078029,0.0392500924957
2024-07-15,0.489275935024,0.136178872209,0.0375949148562,0.113897710498,0.0537798823455,0.0307666932523,0.0989875131554,0.0395184786595
2024-07-16,0.488660374522,0.135999370191,0.0375661682218,0.11354513984,0.0536324997297,0.0306406566864,0.100238463229,0.0397173275795
2024-07-17,0.485802629958,0.136353172862,0.0373270393118,0.114567723384,0.0541225863229,0.0309061175466,0.100600088108,0.0403206425065
2024-07-18,0.485431171464,0.135961136288,0.037259776112,0.115050550964,0.0543453727813,0.0310523647958,0.100655227741,0.0402443998549
2024-07-19,0.485484375902,0.136073778199,0.037149343988,0.115596579134,0.0545416855742,0.0311878188724,0.0995214172323,0.0404450010981
2024-07-22,0.487113291509,0.13645299979,0.0371791498374,0.114754000513,0.0541146763121,0.0309355927793,0.0988675260192,0.0405827632404
2024-07-23,0.487090265003,0.135961638545,0.0368489092768,0.114917162304,0.0542373092459,0.0309654032995,0.0993664171099,0.0406128952166
2024-07-24,0.48312018693,0.13626079778,0.0370033908565,0.116266460534,0.05492039639,0.0313313104518,0.100488451199,0.0406090058587
2024-07-25,0.482844759652,0.136046283449,0.0370816694074,0.11713160011,0.0552993916428,0.03155408935,0.0993777421105,0.0406644642784
2024-07-26,0.483350375353,0.136444960468,0.0371168661143,0.116369840271,0.0550046866816,0.0313364827886,0.0994163574852,0.0409604308387
2024-07-29,0.483635139647,0.135902229662,0.0369895767658,0.116559368576,0.0550973961063,0.0313686244902,0.0992768203254,0.0411708444271
2024-07-30,0.481514461172,0.136294154488,0.0369129694787,0.116757695216,0.0552510252729,0.0314134718155,0.100336837718,0.0415193848392
2024-07-31,0.482857945377,0.136472045743,0.0371280744222,0.115830158148,0.0549191550243,0.0311672593683,0.100800566628,0.0408247952895
2024-08-01,0.480881747859,0.134345368331,0.0368890489809,0.117503401313,0.0557169309649,0.0315272463958,0.101479417176,0.0416568389798
2024-08-02,0.47650008185,0.133267993261,0.0368445217049,0.119968933135,0.0571280969305,0.0319857129549,0.102267316705,0.0420373434588
2024-08-05,0.472284713507,0.132869171276,0.0365752555058,0.122376857204,0.0583809350118,0.0327468856793,0.103078108202,0.0416880736138
2024-08-06,0.475029636804,0.132643129497,0.0367040642776,0.121233758746,0.0576661411491,0.032447665122,0.101908195863,0.0423674085407
2024-08-07,0.473407406141,0.133721587161,0.0371128828461,0.121266512774,0.0576469368631,0.032455292622,0.102174052981,0.0422153286116
2024-08-08,0.476880514834,0.133912399792,0.0373310595277,0.11921578763,0.0565873197266,0.0319251067844,0.102176273132,0.0419715385735
2024-08-09,0.477149919464,0.133865193244,0.0372823315848,0.119178444215,0.0565990785634,0.0318854144945,0.102035066329,0.0420045521044
2024-08-12,0.476278731827,0.133605216533,0.037356988411,0.119101414316,0.0566237887288,0.0318957388723,0.103540518121,0.0415976031912
2024-08-13,0.478701704772,0.134272720218,0.0372182399516,0.118242913732,0.0562394443343,0.0316061921251,0.102226627937,0.0414921569306
2024-08-14,0.479572866476,0.134606467874,0.0369325608195,0.118297840622,0.0562396084365,0.0315467094887,0.101257967861,0.041545978422
2024-08-15,0.483134544721,0.134950414231,0.0369808176603,0.116677487962,0.0553539633258,0.031179303966,0.100605753138,0.0411177149962
2024-08-16,0.481868059092,0.135093079738,0.0371837698146,0.116390322405,0.0551934142951,0.0310165639396,0.102358978543,0.0408958121725
2024-08-19,0.483116522044,0.135717854816,0.0373067833381,0.115713706476,0.0548857196542,0.0308223000756,0.10148571633,0.0409513972659
2024-08-20,0.482575128323,0.135416819898,0.0369622471518,0.116118828961,0.0551338490181,0.030960167995,0.101909757771,0.0409232008828
2024-08-21,0.482543068982,0.136128488351,0.037006060415,0.115932187757,0.0550539800243,0.030920078638,0.101418554398,0.0409975814349
2024-08-22,0.482173193663,0.13614589082,0.0368308659486,0.116284348658,0.0551918108353,0.03104377358,0.100919330089,0.0414107864054
2024-08-23,0.481847296505,0.13721839885,0.03694360577,0.115511333913,0.0548269240738,0.0308602765293,0.100943725808,0.0418484385509
2024-08-26,0.481565545278,0.136914418604,0.0367720917933,0.115616291671,0.0548583883417,0.0309187613043,0.101448290914,0.0419062120937
2024-08-27,0.481467976593,0.137223341718,0.0367552293641,0.115468767511,0.0547496560932,0.0308701117222,0.101562820762,0.0419020962363
2024-08-28,0.480945682281,0.137189979851,0.036690850587,0.115913367722,0.0549814190092,0.0310138417541,0.101327982583,0.0419368762121
2024-08-29,0.480715106387,0.137480528298,0.0367193707629,0.115697733245,0.0548544226514,0.0309536998326,0.10179472454,0.0417844142825
2024-08-30,0.483251923349,0.13734486213,0.0366624847145,0.114933345522,0.0544318151371,0.0307240332361,0.100641955828,0.0420095800839
2024-09-03,0.47926868997,0.136659090103,0.0365597696911,0.116872430993,0.0554807556637,0.0311739068426,0.101468993812,0.0425163629243
2024-09-04,0.478440811775,0.136277960191,0.0365548643791,0.117422394393,0.0558232388274,0.0312668084106,0.101563177992,0.0426507440316
2024-09-05,0.477217959304,0.13628762722,0.0366499698094,0.117710653836,0.0559473281741,0.0312829366956,0.10239672124,0.0425068037212
2024-09-06,0.474721118217,0.135316364363,0.0365446410619,0.119252452083,0.0566879831717,0.0316722203431,0.102837710862,0.0429675098984
2024-09-09,0.476103683875,0.135646623803,0.0364952327761,0.118450843924,0.0563036213938,0.0314844809605,0.102424241051,0.0430912722158
2024-09-10,0.476650355498,0.134682248174,0.0362956290227,0.118433766127,0.0563631171713,0.0314525758082,0.102546785011,0.0435755231875
2024-09-11,0.478867517251,0.134700638926,0.0363171761535,0.117741635961,0.0560106068649,0.0312979028646,0.101815398331,0.043249123647
2024-09-12,0.479415810866,0.134934632301,0.0362928606293,0.116788321958,0.0555163666851,0.0310776603975,0.102856270297,0.0431180768662
2024-09-13,0.479540628778,0.134633792006,0.0362768774339,0.116452120489,0.0553486541732,0.031028191198,0.103366217637,0.0433535182845
2024-09-16,0.479012918844,0.135354328839,0.0363218795116,0.11642647992,0.0553513717641,0.0310548310405,0.103091575033,0.0433866150494
2024-09-17,0.479934693358,0.134907776473,0.0364176632678,0.116488516699,0.055334586235,0.0310906546384,0.102676711331,0.0431493979983
2024-09-18,0.480234732315,0.134922846953,0.0364179416693,0.116540850831,0.0552925701401,0.0310871515052,0.102251973639,0.0432519329484
2024-09-19,0.482065053494,0.13572060578,0.0366942314373,0.115033567017,0.0545277622243,0.0307738015271,0.102487937385,0.0426970411344
2024-09-20,0.481768350471,0.134638295106,0.0367140663057,0.115059776346,0.0545719431325,0.0307663675191,0.103906348216,0.0425748529035
2024-09-23,0.481721594136,0.134832501567,0.0369181592438,0.114716639985,0.054397429895,0.0306894733328,0.103838388813,0.0428858130274
2024-09-24,0.480554642219,0.134944934388,0.0380024689909,0.114269737267,0.0541713473436,0.0306023351528,0.104734186024,0.0427203486148
2024-09-25,0.481178449718,0.13456725773,0.0377484929098,0.114230684853,0.0541407312226,0.0305934157845,0.104956714763,0.0425842530189
2024-09-26,0.480110975638,0.136713316618,0.038711200083,0.113549620991,0.0537689126199,0.0303664444571,0.104840941948,0.0419385876444
2024-09-27,0.480238526168,0.136100509524,0.0387696880039,0.114070659677,0.0540756518472,0.0304931122571,0.104187676361,0.0420641761612
2024-09-30,0.482048518706,0.135631599182,0.0384391492185,0.113785159935,0.0539144520212,0.0304665727952,0.103329701974,0.0423848461688
2024-10-01,0.479442912483,0.135164196551,0.0388672009726,0.114495102561,0.0543046378153,0.0306761046902,0.104788111357,0.0422617335696
2024-10-02,0.47953525937,0.134901279351,0.0396643123749,0.114231390894,0.0541373695782,0.0306413623881,0.104785410606,0.0421036154383
2024-10-03,0.480611216699,0.134183747107,0.0392272239694,0.114231850834,0.0540806222318,0.0306356287982,0.105140055385,0.0418896549762
2024-10-04,0.483158572538,0.134479251481,0.0395557115351,0.113067923742,0.0533577307207,0.0303128266372,0.10453640216,0.0415315811848
2024-10-07,0.48172971732,0.134552659598,0.040147346124,0.113375061835,0.0534905145438,0.030465445403,0.10482178545,0.0414174697258
2024-10-08,0.484941888829,0.133973897647,0.038863384343,0.113254661361,0.0533870898616,0.0304313064278,0.10376150951,0.04138626202
2024-10-09,0.487291169849,0.133748520898,0.0385166178848,0.112726033014,0.0530773235761,0.0303128877145,0.10298303813,0.0413444089334
2024-10-10,0.486743986718,0.133600109867,0.0386215997936,0.112728865164,0.0531051334941,0.0303930140451,0.103804405298,0.0410028856207
2024-10-11,0.486975038119,0.13353570085,0.0386830791807,0.112144846235,0.0528306130858,0.030229205302,0.104362141721,0.0412393755072
2024-10-14,0.489034431012,0.133293982984,0.0383474796906,0.111604491387,0.0525303283615,0.0300805213151,0.103783908741,0.0413248565086
2024-10-15,0.487600418337,0.132041385795,0.0377624625055,0.112599846266,0.0530567478471,0.0302603492643,0.104651613793,0.0420271761916
2024-10-16,0.487667995767,0.132000197013,0.0379565919002,0.112274113373,0.0529168379683,0.0301390725693,0.104734383918,0.0423108074909
2024-10-17,0.488076968572,0.132048324399,0.0378649570814,0.111807757223,0.0526818021878,0.0300708607422,0.105440868313,0.0420084614816
2024-10-18,0.487659476088,0.132169327208,0.0381502153385,0.111362355207,0.0524952267253,0.0299793546585,0.106061326724,0.0421227180515
2024-10-21,0.489214842272,0.131297139906,0.0380623450587,0.111125495133,0.0523424260666,0.0299068300605,0.106553423076,0.0414974984269
2024-10-22,0.488832571579,0.13059823392,0.0380047432035,0.111120169926,0.0522798522452,0.0299406599486,0.107675901272,0.0415478679051
2024-10-23,0.487992870353,0.13031151721,0.0380471411311,0.111669107563,0.0525494915078,0.0300899361713,0.107174909419,0.0421650266437
2024-10-24,0.487703196464,0.130416400019,0.0379022483342,0.111576569981,0.0525209447993,0.0300376106754,0.10770240099,0.0421406287362
2024-10-25,0.488125311517,0.130162044745,0.0379159173597,0.111485550968,0.0524684379878,0.0299936597742,0.108054662936,0.0417944147123
2024-10-28,0.488482574328,0.130807109214,0.0379473365823,0.111042782176,0.0522236443554,0.0298650681532,0.107804730731,0.04182675446
2024-10-29,0.488650974328,0.130204271,0.0377545235967,0.111025555301,0.05217929167,0.0298712584984,0.108840679352,0.0414734462537
2024-10-30,0.48802338258,0.129788608309,0.0375469238443,0.111106547392,0.0521931310339,0.0299814841969,0.109631055201,0.0417288674427
2024-10-31,0.484788512224,0.13056801493,0.0379622937715,0.112554061599,0.0528559010899,0.0303446425336,0.109360669598,0.0415659042537
2024-11-01,0.486570162569,0.130783618767,0.0379498303867,0.112045733918,0.0525143591899,0.0301989671703,0.108852889955,0.0410844380445
2024-11-04,0.485200600086,0.130879221115,0.0380468222488,0.112441349266,0.0527597178739,0.0302293799755,0.108935911949,0.0415069974864
2024-11-05,0.486727598105,0.131089972103,0.0382593295315,0.111708820982,0.052321217128,0.0299899812713,0.108216589642,0.0416864912374
2024-11-06,0.496631949703,0.128842614768,0.0377291636669,0.110345857735,0.0515543366007,0.0298108291087,0.104465792995,0.0406194554235
2024-11-07,0.495447966518,0.129481762845,0.0381616911437,0.110066472462,0.0514472815304,0.0296209977384,0.105079682985,0.0406941447778
2024-11-08,0.497706634802,0.127806960582,0.0372236253072,0.110281731222,0.0515684200708,0.0297097934737,0.104391972008,0.0413108625352
2024-11-11,0.499647672663,0.128132240706,0.0371177958898,0.110359368683,0.0515774977363,0.0296984697513,0.102241877714,0.0412250768561
2024-11-12,0.501529790585,0.126909527524,0.0367390346445,0.110475783454,0.0516069440129,0.0297457111876,0.102058238909,0.0409349696829
2024-11-13,0.502568530232,0.126390296854,0.036604130026,0.110628186753,0.0516554774642,0.0297374898074,0.101189442151,0.0412264467117
2024-11-14,0.501364842147,0.127006917817,0.0365265633218,0.111031992866,0.0518597168276,0.0298527031965,0.101335315301,0.0410219485229
2024-11-15,0.498417934758,0.12753445868,0.0367097897578,0.11182298835,0.0522462174252,0.0300706856441,0.10186593858,0.0413319868054
2024-11-18,0.497603770327,0.127660021448,0.0368076642838,0.111287233007,0.0520649090443,0.0299714064982,0.103210988496,0.0413940068955
2024-11-19,0.497847221546,0.1271025969,0.0367480028481,0.111095027401,0.05201163573,0.0299240092465,0.103807178417,0.0414643279113
2024-11-20,0.497952702304,0.126725591523,0.0367352727396,0.110967491578,0.051927360796,0.0299063483572,0.104378577229,0.0414066554732
2024-11-21,0.498677895869,0.126540597634,0.0364638236449,0.110479168605,0.051697681374,0.0297512942604,0.10483950572,0.0415500328914
2024-11-22,0.498271470013,0.126609476948,0.0363295261814,0.110126815774,0.0515289459543,0.0296572121003,0.105776704332,0.0416998486963
2024-11-25,0.499215769981,0.127033624252,0.0362913214609,0.110951939975,0.0520073084235,0.0297750996451,0.102507534976,0.042217401286
2024-11-26,0.50098638943,0.126057043949,0.0360394477032,0.110598698318,0.0518108964547,0.0296569142963,0.102535097077,0.0423155127721
2024-11-27,0.49927598464,0.126671159063,0.0361610933406,0.110859006674,0.051999406056,0.0297387192875,0.102723417194,0.0425712137448
2024-11-29,0.499264044936,0.127405855936,0.0361033603118,0.110606814374,0.0518951987053,0.0296388946162,0.102967245413,0.0421185857078
2024-12-02,0.500318310075,0.127573150587,0.036297145169,0.110655506608,0.0519073568289,0.0296319542796,0.102098351038,0.0415182254147
2024-12-03,0.50026863101,0.12803310787,0.0364272014035,0.11038071646,0.0517305211788,0.0296289147944,0.102246255781,0.041284651502
2024-12-04,0.501357024355,0.127545048452,0.0363363891422,0.110294610877,0.0517191609906,0.0295944069165,0.102145298824,0.0410080604433
2024-12-05,0.500973167314,0.128238080258,0.0366052983181,0.110414136463,0.0517593020122,0.0295851213627,0.101479035648,0.0409458586243
2024-12-06,0.50128790557,0.127899378991,0.0365747643348,0.110586185748,0.051857126293,0.0295721507979,0.101388220497,0.040834267768
2024-12-09,0.499419951285,0.127779400657,0.0375194680605,0.110421086462,0.0517514405554,0.0295600329074,0.102540459071,0.0410081610013
2024-12-10,0.499197022162,0.127184027297,0.0369228713977,0.110581854134,0.0517967380428,0.0296280747932,0.104167813765,0.0405215984092
2024-12-11,0.500414513995,0.127422733358,0.0367920060659,0.109745439598,0.0513725338507,0.029429070811,0.104608733431,0.040214968891
2024-12-12,0.501025830209,0.126997303974,0.0368057789172,0.110000929408,0.0515047064858,0.0295220263316,0.103735191983,0.0404082326911
2024-12-13,0.502191923779,0.126987864022,0.0369146606973,0.109863718405,0.0513934675151,0.0295144635167,0.102739788571,0.0403941134944
2024-12-16,0.503525222587,0.126250955066,0.0366648734292,0.109787839728,0.0513272506559,0.0294341966026,0.102822313243,0.0401873486886
2024-12-17,0.502995224106,0.126334500081,0.0366902566542,0.110126002601,0.0514853462209,0.0295083996213,0.102743109261,0.0401171614545
2024-12-18,0.500015620414,0.126237235896,0.0367207710437,0.111977240969,0.0523448360858,0.0300433489767,0.103252307943,0.0394086386717
2024-12-19,0.500573468929,0.12610358386,0.0369281927779,0.111847456866,0.0521818088346,0.0299649245144,0.103546193106,0.038854371113
2024-12-20,0.502335962329,0.125001012848,0.0368224114563,0.111207329508,0.0519347011533,0.0297722183418,0.103748867444,0.0391774969208
2024-12-23,0.503856201172,0.125366549454,0.036871101846,0.110536848416,0.0515525374853,0.0296455554805,0.102956298657,0.0392149074884
2024-12-24,0.505948729286,0.12499772085,0.0367650401807,0.109900656407,0.0512253494599,0.029507839355,0.102451070057,0.0392035944037
2024-12-26,0.505298701994,0.125322539149,0.036625152126,0.109831580955,0.0511949609761,0.0294679705468,0.103003376829,0.039255717425
2024-12-27,0.503655598484,0.125929791463,0.0367622460457,0.110410539764,0.0514372667901,0.0296094598685,0.103047767274,0.0391473303097
2024-12-30,0.501193646447,0.125970378318,0.0366805251536,0.11157617344,0.052080348464,0.0298917128834,0.10339691335,0.0392103019438
2024-12-31,0.49993967029,0.126140349901,0.0366640681856,0.111565199535,0.0520440310441,0.029889325089,0.104160073335,0.0395972826193
2025-01-02,0.498932501011,0.125932406713,0.0365803867549,0.111626217089,0.05209528026,0.0299474835871,0.105622201246,0.0392635233389
2025-01-03,0.50186640921,0.12584273758,0.0365231417015,0.110781594064,0.0516705616157,0.0296902534887,0.10410612004,0.0395191823008
2025-01-06,0.503090274616,0.126655225461,0.0363942559847,0.110301658507,0.0514497213612,0.0295921875526,0.103634415868,0.0388822606499
2025-01-07,0.500804447345,0.127100308328,0.0364106132378,0.110665429224,0.0515656929949,0.0297469674356,0.104930837433,0.0387757040018
2025-01-08,0.50088716878,0.126778204725,0.0361313075998,0.110648399779,0.0515887017968,0.0297867148018,0.105352127625,0.038827374892
2025-01-10,0.498832344846,0.126302373353,0.0359035837171,0.111276640792,0.051793658135,0.0300170548985,0.107565034203,0.0383093100558
2025-01-13,0.499919418009,0.126035994045,0.0356659706654,0.111242009507,0.0517353806293,0.0300358994183,0.106561483716,0.0388038440108
2025-01-14,0.499323526101,0.126190169929,0.0360013951893,0.110991476102,0.0516196844171,0.02997015972,0.106846170448,0.0390574180931
2025-01-15,0.501505195402,0.126020805494,0.0358842774181,0.110432667666,0.0514549849299,0.0297692259476,0.106185157152,0.0387476859893
2025-01-16,0.499853166485,0.126265756609,0.0358185008634,0.110520452235,0.0515069914777,0.0297672368777,0.106772154441,0.0394957410108
2025-01-17,0.502160313725,0.126211285835,0.0359213822194,0.109926908826,0.0512692013362,0.0296184296143,0.105635115673,0.0392573627719
2025-01-21,0.501588563018,0.127341804044,0.0358878521548,0.109165045165,0.0509164748865,0.02933824089,0.106176871118,0.0395851487241
2025-01-22,0.503432731617,0.126813179843,0.035786040864,0.108696222533,0.0506865312729,0.0292487442076,0.106515775867,0.0388207737956
2025-01-23,0.504359953848,0.127226739575,0.03579456621,0.108126655266,0.0503732094044,0.0291707452868,0.105982502601,0.0389656278091
2025-01-24,0.502603970564,0.127870774271,0.0359680183228,0.108244188023,0.0504484679974,0.0292059519806,0.106581432212,0.0390771966287
2025-01-27,0.499216590098,0.128599539553,0.0356529392081,0.109664384289,0.051157229597,0.0295486055392,0.106264790278,0.0398959214371
2025-01-28,0.501104309298,0.127857929736,0.0356851216375,0.109107710388,0.0509186835818,0.0294267311124,0.106673378881,0.0392261353657
2025-01-29,0.500516013536,0.128282927828,0.0358280880641,0.109403027679,0.0510275619944,0.029488995783,0.106616928584,0.0388364565316
2025-01-30,0.499688086741,0.128766114734,0.0361259697321,0.108795051692,0.0507801887043,0.0293129143299,0.107475824715,0.0390558493518
2025-01-31,0.499215549094,0.128101377379,0.0359448847259,0.109049753078,0.0509214927269,0.0294637060492,0.108162014606,0.039141222341
2025-02-03,0.498076158502,0.127077452094,0.0358943920761,0.109641828804,0.0511858927273,0.0296641267467,0.109226172202,0.0392339768476
2025-02-04,0.497956675601,0.127735624281,0.0362200286132,0.109086774535,0.0509586007725,0.0295083660363,0.109540566866,0.0389933632956
2025-02-05,0.497328466779,0.128281084337,0.0358676082913,0.109088858744,0.0509830648721,0.0294820616915,0.109637215187,0.0393316400981
2025-02-06,0.498052433402,0.128556302525,0.0359637660798,0.108758011404,0.0508206201127,0.0293713981662,0.109126544483,0.0393509238279
2025-02-07,0.496514542852,0.12832098895,0.0362000581221,0.109076842982,0.0509621032074,0.0294723779707,0.109990473753,0.0394626121627
2025-02-10,0.496690395238,0.128313148204,0.0363292540657,0.108412811728,0.0506253995042,0.0292974456521,0.111138359552,0.0391931860563
2025-02-11,0.497010763145,0.128806138482,0.0361727971807,0.108155686488,0.0504890931973,0.029285957121,0.110719749959,0.0393598144263
2025-02-12,0.49665577976,0.129384706771,0.0364405359285,0.107859243872,0.0502673317425,0.029183679722,0.111114502097,0.0390942201075
2025-02-13,0.497034578732,0.129794322149,0.036278263931,0.107454064553,0.05015248401,0.0290616529727,0.111122784485,0.0391018491674
2025-02-14,0.49746818981,0.12996442098,0.0365346715663,0.107950859232,0.0504093695213,0.0291420984479,0.109571083571,0.0389593068711
2025-02-18,0.497083096597,0.130363491101,0.0365740658933,0.107122240833,0.0499538182232,0.0289407399508,0.110973666136,0.0389888812667
2025-02-19,0.498093834373,0.129190808156,0.0364592227963,0.107241889213,0.0500184893577,0.028990246766,0.110999505589,0.0390060037492
2025-02-20,0.496324960404,0.12977271402,0.0368703825407,0.107472672695,0.050151355992,0.0290668057137,0.111124804984,0.039216303651
2025-02-21,0.492334654965,0.130030565376,0.0371623523181,0.108930561544,0.0509126758339,0.0293942312413,0.11204614554,0.0391888131821
2025-02-24,0.490983596212,0.130139392282,0.0366601009259,0.109317459624,0.0511139108368,0.0295124571911,0.11285892744,0.0394141554889
2025-02-25,0.489185220105,0.131252657505,0.0366923080327,0.110141465877,0.051584528629,0.0296758519036,0.111517167517,0.0399508004311
2025-02-26,0.488869256393,0.131305122454,0.0370032106245,0.110192939492,0.0516667475816,0.0296660564499,0.111558926936,0.0397377400691
2025-02-27,0.486814258739,0.131304520782,0.0367875807368,0.111340635902,0.0522235159305,0.0299849700024,0.111171502938,0.0403730149698
2025-02-28,0.490549086681,0.130380926306,0.0360409283436,0.110962804163,0.0520997745829,0.0299570730724,0.109611908857,0.0403974979933
2025-03-03,0.484779067104,0.13212081583,0.0359036365351,0.111854486812,0.052595324478,0.0302145570975,0.111707463944,0.0408246482005
2025-03-04,0.481856692855,0.1325358227,0.0364244706279,0.112228315123,0.0527381020694,0.0302850320078,0.113341399919,0.0405901646982
2025-03-05,0.482574851304,0.134418775537,0.0371651807729,0.11081816064,0.0519638193383,0.0298552315356,0.112537039358,0.0406669415141
2025-03-06,0.479660572714,0.13475250075,0.0374121561515,0.112025758866,0.0525556319198,0.0301974492526,0.113300265604,0.0400956647431
2025-03-07,0.480276832915,0.135591941763,0.0374060763397,0.111408562323,0.0522634050299,0.0300183504652,0.11287240777,0.0401624233941
2025-03-10,0.475614467369,0.134775457313,0.037203733628,0.113887769929,0.0535441208397,0.0306771257616,0.113829914219,0.0404674109403
2025-03-11,0.473494504242,0.134930705098,0.0376143809834,0.11392559867,0.053560020614,0.0307123662149,0.115612594592,0.0401498295857
2025-03-12,0.474349549518,0.135458192847,0.0376159332744,0.113194526504,0.0532157077114,0.0305691265783,0.115710794433,0.0398861691333
2025-03-13,0.470657633992,0.135190423414,0.0377108022586,0.114178770342,0.0537302597821,0.0307859143688,0.118427484387,0.0393187114555
2025-03-14,0.47406212923,0.135965191133,0.0378807539102,0.112448400139,0.0528391236551,0.0303090353235,0.116916810432,0.0395785561767
2025-03-17,0.474256101203,0.136583168811,0.038120404157,0.111781241007,0.0525006474583,0.0300976585574,0.116697954692,0.0399628241146
2025-03-18,0.471035194057,0.136956025917,0.0381768709065,0.112349199134,0.0527751667528,0.0302530062494,0.118539445066,0.0399150919175
2025-03-19,0.472858648833,0.136623837377,0.0379687331602,0.111897493127,0.052569232207,0.0301964788177,0.118199860675,0.039685715803
2025-03-20,0.472801285148,0.135943418005,0.0377315162814,0.11227654592,0.0527930095314,0.0303078837703,0.118376502757,0.0397698385864
2025-03-21,0.47408344827,0.13551726042,0.0376469638867,0.112407282312,0.0528742098412,0.0303442140256,0.117703182909,0.0394234383348
2025-03-24,0.478717952594,0.134615282614,0.0374598748753,0.11108002445,0.0521481472484,0.0300252156562,0.116242850997,0.0397106515652
2025-03-25,0.478844701044,0.135049673818,0.0373394164011,0.110944423998,0.05212500612,0.0300102538792,0.116505226599,0.0391812981408
2025-03-26,0.476914970875,0.134493930648,0.0374095324692,0.111559807762,0.0524200689562,0.0302119563361,0.117340735621,0.0396489973326
2025-03-27,0.475378364589,0.134573325463,0.0376332335952,0.111439684518,0.0523458824917,0.030258008636,0.118846228375,0.0395252723315
2025-03-28,0.47036339298,0.134343390129,0.0373584057046,0.113183684368,0.0532840199838,0.0307095459067,0.120898803727,0.0398587572013
2025-03-31,0.471332269266,0.132652478574,0.0371446982637,0.112877375726,0.0531939310429,0.0306891565393,0.122068484774,0.0400416058146
2025-04-01,0.471567493993,0.132813530672,0.0371813850937,0.113032512768,0.0532570333932,0.030637131481,0.121544505954,0.0399664066439
2025-04-02,0.472825698361,0.132693651273,0.0370787806256,0.1124962008,0.0530132501882,0.0304787130255,0.121350877293,0.0400628284344
2025-04-03,0.462244682075,0.133594137746,0.0374401107331,0.116288060846,0.0550738997172,0.031537265342,0.124031268939,0.0397905746015
2025-04-04,0.454304490125,0.130636064718,0.0368957375364,0.121507415534,0.0576549408289,0.0328131679352,0.12645205974,0.0397361235829
2025-04-07,0.458779943962,0.129284766715,0.0358195505906,0.121366136547,0.0576321385392,0.0327963580962,0.125177041597,0.0391440639527
2025-04-08,0.456022377923,0.129869734183,0.0356876758659,0.121919733274,0.0579044854423,0.0330361148751,0.127092611079,0.0384672673576
2025-04-09,0.472237810131,0.13079749635,0.0356242441729,0.114513221764,0.0540931585101,0.0310248123163,0.123509436989,0.0381998197669
2025-04-10,0.462270783787,0.131256912403,0.0359983759683,0.116311382623,0.0550328060219,0.0313837544695,0.129531463512,0.0382145212162
2025-04-11,0.463397525262,0.132818586522,0.0364341252558,0.114433061404,0.0538943996316,0.0309202115574,0.130005874547,0.0380962158206
2025-04-14,0.464333778476,0.133328742104,0.0364925252401,0.114229592721,0.0539133860114,0.030832778368,0.12828070964,0.0385884874398
2025-04-15,0.462665434323,0.13412912721,0.0364719188353,0.114372710859,0.054030577491,0.0308054481762,0.128849502567,0.0386752805382
2025-04-16,0.455199257738,0.134669610397,0.0362352017264,0.115449919912,0.0546029195301,0.0310830618319,0.133871109593,0.038888919271
2025-04-17,0.454938559154,0.135846175082,0.0364490607793,0.114925852921,0.0543389461791,0.0310922940138,0.133017211492,0.0393919003793
2025-04-21,0.44826993712,0.136470260896,0.0368329777891,0.115303054863,0.0545525118009,0.0312223556461,0.138416737872,0.0389321640133
2025-04-22,0.453549096955,0.137213788818,0.0368914945342,0.113913070189,0.0538353292336,0.0309025352193,0.134557897624,0.0391367874271
2025-04-23,0.458257347589,0.136920325872,0.0370641546801,0.113618443974,0.0536210075632,0.0308372640174,0.130669914023,0.0390115422805
2025-04-24,0.460992986667,0.136622009851,0.036976729555,0.112559181534,0.0531147156511,0.0305432265161,0.130614105238,0.0385770449883
2025-04-25,0.463088992496,0.136571241707,0.0367555155565,0.112671215925,0.0531745022059,0.0304758747563,0.128854426972,0.0384082303812
2025-04-28,0.461460102561,0.136973095741,0.0367101977153,0.112539487691,0.0531786913697,0.0304621522549,0.130180280908,0.0384959917591
2025-04-29,0.463023964688,0.136990858765,0.0367341857965,0.112486357005,0.0532079238884,0.0304264089338,0.12853959375,0.0385907071739
2025-04-30,0.463555733537,0.13688666883,0.0368432128123,0.11246865482,0.0533311759374,0.0304851300367,0.127673703676,0.0387557203509
2025-05-01,0.467059608776,0.136380928445,0.0368441801337,0.112214675797,0.0531238063904,0.0303954261967,0.125080197974,0.0389011762874
2025-05-02,0.469280812915,0.137487178365,0.0374537814601,0.110557362614,0.0522426403423,0.0299367723941,0.124053274804,0.0389881771061
2025-05-05,0.466046274252,0.137583166744,0.0377082087,0.110236922896,0.0520881073792,0.0298717342793,0.127609642793,0.0388559429569
2025-05-06,0.46230640837,0.137603831837,0.037535549347,0.110544671756,0.0522379321834,0.0299723091073,0.131229908855,0.0385693885442
2025-05-07,0.464527998248,0.137198866203,0.0370903114798,0.11077995583,0.0524070060108,0.0300204089758,0.129339578371,0.0386358748814
2025-05-08,0.468270065523,0.136885117744,0.0370658143685,0.110323523803,0.0520550672081,0.0299456814071,0.126929344027,0.0385253859188
2025-05-09,0.466775042261,0.137518788459,0.0372604676887,0.110224379561,0.0519936402477,0.0299155859742,0.127604573871,0.0387075219361
2025-05-12,0.476206505117,0.136467060437,0.0376247231172,0.10848670624,0.0510207734703,0.0293134788859,0.122465771136,0.0384149815964
2025-05-13,0.477731826017,0.136232937718,0.0375610425533,0.108009210935,0.0508104284125,0.0292846259926,0.122571840216,0.0377980881558
2025-05-14,0.479837328746,0.136102254977,0.0379886392082,0.108035090393,0.0507787966717,0.0293463626886,0.120368211743,0.0375433155724
2025-05-15,0.478659430802,0.136539426487,0.037648024953,0.107853827255,0.050737397181,0.0292153595615,0.121396622356,0.0379499114046
2025-05-16,0.480484699548,0.136497959934,0.0375931005198,0.10764977957,0.0506264840406,0.0291931204064,0.11962889067,0.0383259653109
2025-05-19,0.479439086049,0.137150489945,0.0376273128838,0.107265206112,0.050434246338,0.0291004322788,0.120773988021,0.0382092383726
2025-05-20,0.477497867628,0.137704601182,0.0375229428404,0.107004648751,0.0503351210774,0.0290376586961,0.122938309042,0.0379588507829
2025-05-21,0.474289902635,0.138367710242,0.0378145448677,0.107397541515,0.050501476265,0.0291777348785,0.125121813579,0.0373292760183
2025-05-22,0.474830450668,0.138319420965,0.03775545179,0.107788329492,0.0507289855702,0.0292858637465,0.124105396938,0.0371861008306
2025-05-23,0.471361771095,0.138731658453,0.0378957918572,0.107891667517,0.0508509088641,0.0292987170951,0.126762879,0.0372066061178
2025-05-27,0.475978007036,0.139157338023,0.0373542111935,0.107212269974,0.0505123107285,0.0290658453301,0.123271863089,0.037448154625
2025-05-28,0.475589966273,0.138574769497,0.0373123731545,0.107549682652,0.0506246425152,0.0291440681408,0.123607367167,0.0375971306011
2025-05-29,0.475396019225,0.138522631935,0.0373153157033,0.107478504962,0.0506143909519,0.0291004570199,0.123800332994,0.0377723472091
2025-05-30,0.475383859792,0.138849051582,0.0369240435588,0.107859956955,0.0508202178136,0.0292285673211,0.12312063736,0.0378136656165
2025-06-02,0.474594752504,0.139429361189,0.0369136530255,0.106796306625,0.0502804028728,0.0289189220346,0.125476722892,0.0375898788574
2025-06-03,0.477092638344,0.138352053671,0.0369832689196,0.106673032712,0.0502102759061,0.0288796831456,0.124311209494,0.037497837807
2025-06-04,0.475547961804,0.138657923108,0.0372387463696,0.10698920429,0.0504292178194,0.0289053198159,0.124740445173,0.0374911816199
2025-06-05,0.474850561454,0.139126963466,0.037458303177,0.107077367665,0.0504499420596,0.0289179261495,0.12453035166,0.0375885843693
2025-06-06,0.478342963167,0.139170714582,0.0375135501558,0.106222499755,0.0499041386924,0.0286805774012,0.122505211777,0.0376603444695
2025-06-09,0.477988905371,0.138991867277,0.0377237606288,0.106179103196,0.0499128785572,0.028673287443,0.122881414379,0.0376487831478
2025-06-10,0.47878044304,0.138756801732,0.0378515798705,0.105994239028,0.0497985854753,0.0285720458575,0.122426915377,0.0378193896208
2025-06-11,0.477508119276,0.138759305813,0.0379827184821,0.106373311207,0.0500153120292,0.0286251324599,0.123113551448,0.0376225492849
2025-06-12,0.476835506376,0.13909165521,0.037786758031,0.106191841529,0.049963605169,0.0285530454661,0.123974359497,0.0376032287216
2025-06-13,0.474796557714,0.138363137148,0.0374773554032,0.10655258743,0.0501263869736,0.0287101050708,0.126475439239,0.0374984310213
2025-06-16,0.477698934071,0.138584352972,0.0376985007992,0.105976761514,0.0498144378953,0.0285738479573,0.124251952264,0.0374012125268
2025-06-17,0.476284077162,0.137611933609,0.0374837848692,0.106900595718,0.0503400614598,0.0288857879951,0.125015800056,0.0374779591305
2025-06-18,0.476315421568,0.138012136879,0.0373909456552,0.107000082629,0.050382940472,0.0289132439774,0.124369433527,0.0376157952927
2025-06-20,0.47638022963,0.137235478423,0.03713195436,0.107364926831,0.0505404605438,0.0290357302141,0.124626920202,0.0376842997962
2025-06-23,0.477540022997,0.137264294537,0.0371605278424,0.106790645491,0.0503429810865,0.0288454664897,0.124087340646,0.0379687209109
2025-06-24,0.479609408782,0.138148853842,0.0377143988371,0.106512648347,0.0501825188394,0.0286905919042,0.121325714051,0.0378158653985
2025-06-25,0.480283125421,0.137575971047,0.0378386926851,0.106591766365,0.050245970244,0.0287305413293,0.121796939679,0.0369369932287
2025-06-26,0.481202016148,0.138262421603,0.0378695474021,0.10625617231,0.0501295018024,0.0286454563556,0.120948597262,0.0366862871175
2025-06-27,0.483283082595,0.1390301195,0.0378070193641,0.105888039788,0.0499664382147,0.0285906398976,0.118680491875,0.0367541687661
2025-06-30,0.483098863953,0.138753887875,0.0376660852992,0.105770486119,0.0499077464138,0.0285163050975,0.119485759896,0.0368008653462
2025-07-01,0.482446580229,0.138514167047,0.0377795594952,0.105564652819,0.0497640629972,0.0284714428454,0.120428147114,0.0370313874528
2025-07-02,0.483069572557,0.138503329211,0.0377637861731,0.105096125149,0.0494993273909,0.0283665984029,0.120702988402,0.0369982727139
2025-07-03,0.485455710307,0.138268222936,0.0378199048543,0.104576973236,0.0491835877323,0.028234753266,0.119529539535,0.0369313081339
2025-07-07,0.485024373275,0.137455549884,0.0376209539212,0.104894362121,0.0493520860429,0.0283850739299,0.12041006188,0.0368575389455
2025-07-08,0.485037256179,0.138532391615,0.0377872582033,0.104911829622,0.049307247466,0.0283779818604,0.119221032228,0.0368250028256
2025-07-09,0.485415132707,0.138758163904,0.0375837002431,0.104804011797,0.0493063436791,0.0283368644009,0.119132996265,0.0366627870034
2025-07-10,0.485844773086,0.138587060601,0.0375489863429,0.104569916505,0.0491852606975,0.0282744389316,0.119167772532,0.036821791304
2025-07-11,0.485341866113,0.137769184233,0.0375893812288,0.104393669053,0.0490787128802,0.0282982223275,0.120611411937,0.0369175522273
2025-07-14,0.485818395068,0.137811211948,0.0376000609397,0.104286476485,0.0490125383383,0.0282901528348,0.120059422825,0.037121741561
2025-07-15,0.486077574041,0.137090260146,0.0380555194195,0.104479936416,0.0490558741945,0.0283513749358,0.12013766309,0.0367517977575
2025-07-16,0.485863934915,0.137227577149,0.03808640261,0.104235108073,0.0490062287569,0.028340262225,0.120281726855,0.0369587594165
2025-07-17,0.487242187983,0.137093751523,0.0381963747423,0.10393747779,0.0488307731423,0.0282735911161,0.119628676557,0.0367971671456
2025-07-18,0.486870849825,0.136775746457,0.0381499035414,0.104125385803,0.048964180216,0.0283037102253,0.119936251795,0.0368739721377
2025-07-21,0.485590344633,0.137047271871,0.0381731189457,0.103940234983,0.0489133604285,0.0282477590791,0.121229518866,0.0368583911939
2025-07-22,0.484267863786,0.137301677393,0.0380712090866,0.103842504773,0.0489121796637,0.0281924075528,0.122028615235,0.0373835425105
2025-07-23,0.485745409228,0.139467375515,0.0382158323348,0.103050176865,0.0484734448655,0.0279303462671,0.119863276618,0.0372541383076
2025-07-24,0.486870299611,0.138764698226,0.0381047960192,0.103191659807,0.0484977874857,0.0280061848,0.119366294135,0.0371982799165
2025-07-25,0.488442912369,0.138460242665,0.0379625309899,0.103257282857,0.0485625298263,0.0280039480022,0.118145057505,0.0371654957852
2025-07-28,0.490337383323,0.136971390616,0.0378194238469,0.103546902121,0.0486550499012,0.0280837826915,0.117865098653,0.0367209688481
2025-07-29,0.4887392504,0.13683812187,0.0378183363679,0.104040178323,0.0489436410167,0.028217239906,0.118115607504,0.0372876246129
2025-07-30,0.490623890779,0.136503943662,0.037703238423,0.104276845613,0.0490236977561,0.0282511779053,0.11666985946,0.0369473464009
2025-07-31,0.490210655049,0.135719629075,0.0376169322035,0.104634399446,0.049208327161,0.0282872409243,0.117788106045,0.0365347100955
2025-08-01,0.484474317913,0.13588145963,0.0375989135527,0.106042341962,0.050012120721,0.0286205537143,0.12075203228,0.0366182602272
2025-08-04,0.486525591744,0.136285248375,0.0375381334174,0.104981546439,0.0495391239822,0.0283936417139,0.120143289388,0.0365934249397
2025-08-05,0.484967321035,0.136781395887,0.0377289295544,0.105210368817,0.04959583121,0.0284211794722,0.120465541287,0.0368294327367
2025-08-06,0.486592164591,0.137249650607,0.0377323580988,0.104718208956,0.0493476273238,0.0282765668626,0.119695955478,0.0363874680837
2025-08-07,0.485273839171,0.137972083487,0.0379382671775,0.104437770915,0.0492191474579,0.0282543011237,0.120479829279,0.0364247613895
2025-08-08,0.487242473266,0.13810261146,0.037752754741,0.103850669669,0.0489236044942,0.0281315811421,0.120005789163,0.0359905160641
2025-08-11,0.487952755631,0.13802862163,0.0378378615257,0.104281889169,0.0491074495502,0.0282284107828,0.118687867233,0.035875144479
2025-08-12,0.489614025071,0.138580997338,0.0379971045313,0.103534698305,0.048745359998,0.0279778935008,0.117730522455,0.0358193988001
2025-08-13,0.48928564773,0.138653247657,0.0382706737709,0.10348717111,0.048719520557,0.0279699771926,0.117607713533,0.0360060484497
2025-08-14,0.49038751949,0.138715909988,0.0379237723128,0.103418362246,0.0486665886263,0.0279467114033,0.117114520005,0.0358266159282
2025-08-15,0.489462058342,0.139394661356,0.0380521589901,0.103308775784,0.0485917884415,0.0279061704109,0.117236448734,0.0360479379402
2025-08-18,0.48966862147,0.139341689009,0.0383656391102,0.103259959611,0.0485769240246,0.0278935749935,0.117128306292,0.0357652854896
2025-08-19,0.488366492557,0.139562888877,0.0381972703461,0.103746191714,0.0488348978885,0.0279991398507,0.11681119166,0.0364819271066
2025-08-20,0.486827326849,0.139849868325,0.0381634591921,0.10375755232,0.0488823206444,0.0280157768025,0.117935042106,0.0365686537601
2025-08-21,0.486617302382,0.139685303417,0.0382335388865,0.103888844178,0.0489142397495,0.0281215923851,0.117948312291,0.0365908667107
2025-08-22,0.48754690957,0.140069594585,0.0383894791684,0.103083431917,0.0485350674395,0.0279380904213,0.117632404785,0.0368050221135
2025-08-25,0.487766048622,0.139003227793,0.0384138314955,0.103429327263,0.0486747685203,0.0280210500019,0.117920055121,0.0367716911836
2025-08-26,0.488301199328,0.138622660921,0.0382145498121,0.103235744897,0.0486519327961,0.028000432787,0.118410928608,0.0365625508505
2025-08-27,0.488722262927,0.138262082791,0.0379029078221,0.103193614585,0.0486744258584,0.0280238557491,0.11848230129,0.0367385489779
2025-08-28,0.488756010012,0.138346358215,0.0379111424464,0.102960619805,0.0486171631775,0.0279444707086,0.118948334448,0.0365159011875
2025-08-29,0.487100976187,0.137999936447,0.0378991223663,0.103092838059,0.0487026976827,0.0279867221638,0.120407585249,0.0368101218452
2025-09-02,0.485003337564,0.137205355378,0.0379659868342,0.103140859141,0.0487092007682,0.028022778875,0.123639737833,0.0363127436059
2025-09-03,0.485382646245,0.13687761728,0.0378936836794,0.103038946994,0.0486519820232,0.0279566054064,0.124033340336,0.0361651780357
2025-09-04,0.486936722949,0.137018380979,0.0375392006103,0.102925332178,0.0486203038709,0.0278563394022,0.122853880629,0.0362498393824
2025-09-05,0.484282659343,0.13731948382,0.0378729981588,0.103145948869,0.0487324223317,0.0279076619349,0.124174564753,0.036564260789
2025-09-08,0.483226060966,0.138005526454,0.0380677003645,0.103017442908,0.0486572961789,0.027835857348,0.125007577451,0.0361825383294
2025-09-09,0.48427075458,0.13761400766,0.0382070578068,0.102796916285,0.0485347459608,0.027776873883,0.124705157912,0.0360944859124
2025-09-10,0.484491720827,0.137372444272,0.0382879479166,0.102751984929,0.048546914608,0.027751698914,0.124849309647,0.0359479788873
2025-09-11,0.485212056758,0.13795857772,0.0385031246219,0.10224968134,0.0482928696959,0.0276083409466,0.123819477052,0.0363558718656
2025-09-12,0.485534930982,0.137521879503,0.0384697141279,0.102260454262,0.048202006168,0.0275988867858,0.124187718385,0.0362244097871
2025-09-15,0.485468931603,0.137872479842,0.0385183409601,0.101877041734,0.048019318907,0.0274760390069,0.124798398564,0.0359694493831
2025-09-16,0.485009249786,0.137771711713,0.0387782723069,0.101961381441,0.0480696663507,0.0275124557327,0.125102623613,0.0357946390566
2025-09-17,0.485452608358,0.137587813625,0.039105876036,0.101998991683,0.0480693751493,0.0275546145663,0.124405491538,0.0358252290448
2025-09-18,0.48694906872,0.13780494466,0.0388649613604,0.101554066266,0.0478349710173,0.0274347323318,0.123711006359,0.0358462492856
2025-09-19,0.48800514041,0.13679709054,0.0387070366866,0.101272715135,0.0476826997924,0.0273440071003,0.124676865667,0.035514444669
2025-09-22,0.487850556556,0.136840001604,0.0386197098082,0.100643331963,0.0473645961068,0.0271407140304,0.126197361507,0.0353437284258
2025-09-23,0.486066498726,0.136880072522,0.0386819262435,0.100985180622,0.0475824790542,0.0272628402182,0.126940663703,0.0356003389104
2025-09-24,0.486684194449,0.136527098374,0.0387828286358,0.10124415195,0.0476665651281,0.0273354761776,0.126352058014,0.0354076272725
2025-09-25,0.486021159531,0.136051573888,0.038685969783,0.101432828442,0.0477181531526,0.0273803968619,0.127292743457,0.0354171748853
2025-09-26,0.486541116977,0.136223817018,0.0384349763428,0.101033594884,0.0474724168149,0.0272584598506,0.127434405587,0.0356012125257
2025-09-29,0.485571249404,0.13625583349,0.0385294315149,0.100740502056,0.047382487899,0.027162061371,0.128916089465,0.0354423448005
2025-09-30,0.485609542358,0.1362326601,0.038558675697,0.100360369249,0.0471888274337,0.0270549665105,0.129539338008,0.035455620644
2025-10-01,0.485496330245,0.136757766634,0.0386598607019,0.100251405778,0.0471760298491,0.0270048780634,0.129272652737,0.0353810759924
2025-10-02,0.485826611784,0.136987717485,0.0387479690655,0.100314225176,0.0472026757551,0.026980026281,0.128761757187,0.0351790172676
2025-10-03,0.484714522639,0.137941263336,0.0387447045736,0.0999762987809,0.0470026841107,0.0268896048062,0.129500890708,0.0352300310459
2025-10-06,0.484586757089,0.137682178424,0.0387299202939,0.0993740728821,0.046686383756,0.0267406319018,0.131435306553,0.0347647491001
2025-10-07,0.483897733051,0.136802557221,0.03860695593,0.099771458755,0.0469103247825,0.0268769213041,0.132416519305,0.0347175296519
2025-10-08,0.484084555666,0.136470325356,0.0386105869579,0.0992282373387,0.0466599357436,0.0267471513564,0.133853986936,0.0343452206456
2025-10-09,0.485472337435,0.136086057749,0.0384948017225,0.0996822326414,0.0468955812816,0.0268703303062,0.132143475732,0.0343551831329
2025-10-10,0.479735993135,0.135601543548,0.0376836848533,0.101655700481,0.0479254844809,0.0273862140137,0.135564658518,0.0344467209702
2025-10-13,0.480548200139,0.135179951737,0.0382101255482,0.100478705671,0.0473055276753,0.0270858555808,0.136992099644,0.034199534004
2025-10-14,0.479451957727,0.135442993934,0.0378303001101,0.10053170511,0.0473771791987,0.0270280727293,0.137824010656,0.0345137805361
2025-10-15,0.478499773601,0.135518899178,0.0381571784296,0.0998489406966,0.0470208346512,0.0268479559046,0.139315870199,0.0347905473401
2025-10-16,0.474660025626,0.135935868868,0.0382367927491,0.100083249034,0.0471810039183,0.0268775843221,0.142399787812,0.0346256876705
2025-10-17,0.477358024956,0.136048952693,0.0381458951184,0.0999454082012,0.0471039667782,0.0268249481835,0.139721310045,0.0348514940247
2025-10-20,0.476461618533,0.135568969198,0.0381327600297,0.0988971361865,0.0465936836902,0.0265226974789,0.143047745204,0.0347753896798
2025-10-21,0.481566403171,0.135792876714,0.0381987040649,0.100057063257,0.0471805129654,0.026864816752,0.135290358781,0.0350492642946
2025-10-22,0.480154539642,0.136147192876,0.0382646955288,0.100275170229,0.0472977104924,0.0269693073899,0.135613053113,0.0352783307287
2025-10-23,0.481094737502,0.136302093721,0.0384002872881,0.0997016316291,0.046956689187,0.0268101516159,0.135618230507,0.035116178549
2025-10-24,0.482926668506,0.13615680702,0.0384150456851,0.0993682401451,0.046796599952,0.0266916971888,0.134578357415,0.035066584087
2025-10-27,0.48695282789,0.136688486423,0.0386027940717,0.0990968920011,0.0466365341823,0.026593272645,0.13038425469,0.0350449380977
2025-10-28,0.488367705922,0.136700356363,0.0385915889212,0.0991803184806,0.0466912140841,0.0266212813599,0.129482157303,0.0343653775658
2025-10-29,0.489933649834,0.136294769475,0.0388080816985,0.0989791904542,0.0465161620937,0.026553239321,0.129343247851,0.0335716592719
2025-10-30,0.486503744615,0.136220675344,0.0385597039619,0.0991919010743,0.046636727085,0.0266031405785,0.132416844099,0.0338672632423
2025-10-31,0.487757065885,0.136013574925,0.0383790490884,0.099063201583,0.0466232599255,0.0266275072061,0.131605333014,0.033931008374
2025-11-03,0.48800996082,0.136163315175,0.0384106873826,0.0988074774449,0.0465378811689,0.0265724920837,0.131662567685,0.0338356182393
2025-11-04,0.487222211226,0.135751343504,0.0382662740787,0.0998812128182,0.047078591413,0.0268599371374,0.130696619964,0.0342438098575
2025-11-05,0.487044666171,0.136085159362,0.0384570742141,0.0992317460533,0.0466756149056,0.0266585843086,0.131703449517,0.0341437054687
2025-11-06,0.484554590904,0.136226489838,0.0385272080943,0.100164841127,0.0471798158866,0.0268826724295,0.132292201984,0.0341721797359
2025-11-07,0.483969410777,0.136355600747,0.0384076238764,0.0999056031694,0.0470959809099,0.0268286394791,0.13281020345,0.0346269375908
2025-11-10,0.485096567661,0.136216274527,0.0384129371214,0.0985603405845,0.0464178704373,0.0264827265294,0.134657907961,0.0341553751782
2025-11-11,0.484532754433,0.136587988773,0.0383222108502,0.0985151135671,0.0464017435768,0.0264985971827,0.134722614904,0.0344189767128
2025-11-12,0.483364432913,0.137065325963,0.0382016414936,0.0981838018275,0.0462736666361,0.0263630681495,0.136487073968,0.0340609890491
2025-11-13,0.481105722462,0.137096901522,0.0383222584673,0.0990771522116,0.0466992457295,0.0266226214487,0.137024998784,0.0340510993741
2025-11-14,0.482412111781,0.137312545317,0.0384466323417,0.0992433706045,0.0467561612685,0.026667988577,0.134939456508,0.0342217336026
2025-11-17,0.481993799972,0.136699520825,0.0383291735017,0.100109814381,0.0472087102007,0.0269002831475,0.134530174821,0.0342285231512
2025-11-18,0.480010882847,0.13588379635,0.0383669550988,0.10060257253,0.0474912208844,0.0270360010357,0.136092898459,0.0345156727954
2025-11-19,0.481288704466,0.135268122619,0.0382359539124,0.100482196927,0.0474000617672,0.0269695487766,0.136151548547,0.0342038629842
2025-11-20,0.478528554879,0.134721376937,0.0381468815471,0.101573954237,0.0479715841266,0.0272422226995,0.137425703897,0.0343897216775
2025-11-21,0.479736907404,0.135704751741,0.0377167708019,0.101067595073,0.0477756889461,0.0271051244539,0.136202800264,0.0346903613171
2025-11-24,0.481672262519,0.134927362608,0.0376993705146,0.100202557319,0.0473456027345,0.026831803221,0.13690397694,0.0344170641438
2025-11-25,0.483022675757,0.135316963525,0.0376204495203,0.0997053985869,0.0471567140527,0.02670429768,0.135965562459,0.0345079384193
2025-11-26,0.483234948877,0.135889647929,0.037559415564,0.0992225577435,0.046892395367,0.0265900938453,0.136173226446,0.0344377142274
2025-11-28,0.483484611853,0.135861692996,0.037506050842,0.0985979746274,0.0465807058329,0.0264000874425,0.137187495096,0.0343813813097
2025-12-01,0.482938567322,0.135644240497,0.0376008584533,0.0985110289985,0.0464905054895,0.0263866227092,0.138324711539,0.0341034649911
2025-12-02,0.483631803706,0.136030500962,0.0375020825612,0.0985979969696,0.0465096171426,0.0263828076879,0.137376729738,0.0339684612329
2025-12-03,0.484019763872,0.136398271717,0.0373542774739,0.0985230419037,0.0464821648879,0.0263723687214,0.136885109264,0.0339650021602
2025-12-04,0.484189372861,0.136699452325,0.0374229562798,0.0982501058479,0.0463207314633,0.0263266417562,0.13692146376,0.033869275707
2025-12-05,0.484749417426,0.136796537438,0.0375470536336,0.0980694090849,0.0461906355169,0.0262643177283,0.136576083029,0.0338065461428
2025-12-08,0.484653001739,0.136894013465,0.0375142768555,0.0981880725429,0.0462245686934,0.0262857653912,0.13659888714,0.0336414141736
2025-12-09,0.484356292606,0.136773559438,0.0374613837602,0.0981242004586,0.0461689307911,0.0262589653292,0.137335087395,0.0335215802224
2025-12-10,0.484503075289,0.137452093112,0.0375354347004,0.0978199529354,0.046026607959,0.0261791914608,0.137052855561,0.0334307889829
2025-12-11,0.484056827651,0.137576247393,0.0373315094317,0.0975224673072,0.0458822089952,0.0260825497485,0.138079991055,0.0334681984191
2025-12-12,0.481734413166,0.137699061639,0.0372112725528,0.0978056551925,0.046033943833,0.0261991346084,0.139688231159,0.0336282878501
2025-12-15,0.480859975548,0.138450244641,0.0370895843957,0.0978738230742,0.0460581823363,0.0261721382945,0.139772779842,0.0337232718686
2025-12-16,0.480629529897,0.137923938857,0.0369660195604,0.0982814799932,0.0462917170656,0.0262360319985,0.140120432386,0.0335508502425
2025-12-17,0.477818359184,0.137666124294,0.0369154996549,0.0987641137578,0.0465233410478,0.0264014986794,0.142060395588,0.0338506677934
2025-12-18,0.47903524015,0.138064573433,0.0370432518762,0.0985190646986,0.0464121625865,0.0263203810041,0.141099874777,0.0335054514751
2025-12-19,0.480828318662,0.138163284715,0.0372427370679,0.0978565200463,0.0460635892957,0.0261297936587,0.140514385621,0.0332013709328
2025-12-22,0.480379204279,0.137822933198,0.0372143104581,0.0971209060134,0.0456881105222,0.0259060031756,0.142734186364,0.0331343459898
2025-12-23,0.480106538003,0.138022867215,0.0371971444213,0.0966241738347,0.0454355256255,0.0257852420259,0.143886049327,0.0329424595479
2025-12-24,0.480838053594,0.138056961847,0.0371094032283,0.0966447516691,0.0454632060776,0.0257878956176,0.143006479418,0.0330932485487
2025-12-26,0.479715119661,0.138034215817,0.0372610135403,0.0964481004561,0.0454040030852,0.0257279449871,0.144353092307,0.0330565101457
2025-12-29,0.481958418376,0.138976258988,0.0372840010817,0.0973623273587,0.0458459269424,0.0259642716073,0.139211409448,0.0333973861981
2025-12-30,0.481474175333,0.139161507653,0.0374312021163,0.0973445247704,0.0458083810273,0.0259651806979,0.139342875957,0.0334721524448
2025-12-31,0.480754706421,0.139277301282,0.0376192567016,0.0976898453813,0.045928503673,0.0260677252515,0.139266557355,0.0333961039343
