Date,SPY,VEA,VWO,AGG,IEF,TIP,GLD,VNQ,Trading costs
2015-01-02,0,0,0,0,0,0,0,0,0
2015-01-05,-0.0054177939051,-0.0033431049874,-0.000796279427282,0.000434686801885,0.000610142252267,3.99214119557e-05,0.00150771493083,0.000273650998415,-0
2015-01-06,-0.00279341247309,-0.00164266705121,-0.000241749420968,0.000510512097481,0.000680450217711,4.45044908191e-06,0.00116487672517,0.000502015972042,-0
2015-01-07,0.00366743596663,0.0015654234494,0.00113450595839,-3.65148872011e-05,-1.89858880455e-05,4.02398867689e-05,-0.000610022639313,0.000785059528635,-0
2015-01-08,0.00525325714802,0.00223316453753,0.000848534928692,-0.000308546447164,-0.000413807840296,-7.99625547099e-05,-0.000430391833244,0.000195004168588,-0
2015-01-09,-0.0023969417431,-0.00071259637718,-0.000251459891437,0.000486444886748,0.000494919210605,0.000149999330044,0.00115102834039,2.4175054209e-05,-0
2015-01-12,-0.00232673199085,-0.000158476878407,-0.000453112889768,0.000162364031282,0.000355192554757,-1.32204937089e-05,0.0011347813363,0.000393634441408,-0
2015-01-13,-0.000829624475468,0.000713995126632,0.000352733540444,5.41385264028e-05,9.35156686563e-05,-7.95902761693e-05,-0.000349475864582,-7.87746857148e-05,-0
2015-01-14,-0.00177612929139,-0.000396760228532,-0.000188964234985,0.000487402345615,0.000467878634797,0.000296236424744,-0.000166026136656,0.000448576530997,-0
2015-01-15,-0.0026807818946,0.000833801295274,0.000151283968072,0.000921537090874,0.000871033546158,0.000398255584605,0.00259736844698,0.000121349391697,-0
2015-01-16,0.00379048706414,0.00162274254856,0.000502787291454,-0.000774490157275,-0.000756245721583,-0.00028230620359,0.00137733285598,0.000453566598847,-0
2015-01-20,0.000620802609914,0.000668919341744,-0.00017492610434,0.000340206270732,0.000232108221788,0.000118385868084,0.00145587249773,-0.00041482387192,-0
2015-01-21,0.00146839495205,0.00109846388721,0.00112136078062,-0.000357076461981,-0.000481262211899,-0.000205502336343,2.59294627846e-05,-3.59648205441e-05,-0
2015-01-22,0.00433625648627,0.000547867841362,0.00108113587056,-0.000106809412225,-0.000249202498727,1.30898347551e-05,0.000861860391787,0.000920768530959,-0
2015-01-23,-0.00161060666652,-0.000893389904365,-0.000444091108246,0.000495029767999,0.000650441595843,0.000298698298387,-0.000855525255464,-0.000148381508192,-0
2015-01-26,0.000685886770765,0.00198592628699,6.18304873791e-05,-8.87008716409e-05,-0.000229555623695,-8.24510863899e-05,-0.00106352314602,0.000440326358128,-0
2015-01-27,-0.00386561734273,0.000116683174536,-0.000271587187094,-0.000106221888902,0.000137501947164,0.000155957426096,0.0012072624184,1.78104111397e-05,-0
2015-01-28,-0.00371846065463,-0.00198777349531,-0.000606507323681,0.000833639824634,0.00077223912738,0.000191099888483,-0.000841285135626,-0.000351374266746,-0
2015-01-29,0.00266102567085,0.00203832481807,4.98078078544e-05,-0.000160420979117,-0.000360649104687,-5.67689759447e-05,-0.0022965868848,0.0001856919105,-0
2015-01-30,-0.00364599409702,-0.00246447344329,-0.00136656678116,0.000711970807495,0.000885863944176,0.000361841172061,0.00231771175581,-0.00108788634204,-0
2015-02-02,0.0035608350387,0.00196438608496,0.000885857150307,-7.14032737689e-06,-0.000128174643648,-3.50215488466e-05,-0.000891272991841,-0.000138073453077,-1.06109308788e-05
2015-02-03,0.00433830906913,0.00213450977542,0.000885610434372,-0.000766496121562,-0.000843612333209,-0.000229328969118,-0.00111909421474,0.000434438586637,-0
2015-02-04,-0.00115333732378,-0.00108142301608,-0.000342754290801,0.000301584596878,0.000162462925004,0.000103357811164,0.000430851921086,-0.000207528525369,-0
2015-02-05,0.00305134584976,0.00158631661972,0.000380118919804,-0.000408778693935,-0.000361777058151,-0.000215712316549,0.000171020137433,0.000600597656494,-0
2015-02-06,-0.000840248768617,-0.00180975532755,-0.000829877169348,-0.00114961125388,-0.00109811948983,-0.000386426114494,-0.00255305184527,-0.00146556551684,-0
2015-02-09,-0.00137003525416,-0.000700263857974,-6.16243111915e-05,-3.56428652499e-05,-4.54779826818e-05,-8.67104087146e-05,0.000433957043894,-0.000348363038739,-0
2015-02-10,0.00325370542462,0.00128661001186,-8.65066233561e-05,-0.000215013617813,-0.000246067972158,-0.000165200006696,-0.000574421495524,0.000157116891439,-0
2015-02-11,0.000178553986596,-0.00081598724653,-0.000221666814614,-8.91712699798e-05,-3.63048187551e-05,-9.09800237669e-05,-0.00114494473535,-0.000144998915267,-0
2015-02-12,0.00296704256488,0.00233687221283,0.00116033343365,3.5760650293e-05,3.63909014265e-05,-7.81521137967e-05,0.000221331343624,0.000587114842208,-0
2015-02-13,0.00127310685474,0.00108262575104,0.00051467418783,-0.000230767311504,-0.000325380379578,-9.91723711312e-05,0.000520864572428,-0.000328926524344,-0
2015-02-17,0.000487203829962,0.000347243170573,-0.000158919310922,-0.000797379009829,-0.000685347512345,-0.000245138001994,-0.00159941982885,-0.000120912708113,-0
2015-02-18,2.96162503517e-05,0.00104430328659,4.90269789969e-05,0.000550721738893,0.000461188766191,0.00020268983278,0.000268663159032,0.000456072685083,-0
2015-02-19,-0.000221498431731,7.72045627798e-05,-0.000158864959397,-0.000159296096751,-0.000243376386978,-3.86810704266e-05,-0.00032465886964,-0.00105900404674,-0
2015-02-20,0.00186414945007,0.00154574152561,0.00025720246072,3.5464198807e-05,-5.42389768931e-05,4.28086176759e-06,-0.000536840772625,0.000467181836282,-0
2015-02-23,-4.41701529797e-05,-0.00061613271364,-0.000488160245724,0.000353656468851,0.000441059429791,9.01736055264e-05,0.000121574237389,0.000390807331521,-0
2015-02-24,0.000884056674593,0.000924005432546,0.000695438953775,0.000866406466403,0.000638971045182,0.000291857427577,-0.000137746977519,-0.000965273561678,-0
2015-02-25,-0.00026424647213,0.00015344979502,-0.000170238102064,0.000141088452832,8.96886711093e-05,8.13169369821e-05,0.00035538480574,1.14372477506e-05,-0
2015-02-26,-0.000367100218668,-0.000421937792357,-3.64864240282e-05,-0.000704826257161,-0.000573831000958,-3.42189330999e-05,0.000298733195678,-0.000520980578026,-0
2015-02-27,-0.00105993786899,0.000115370687737,3.657275944e-05,0.000494538356859,0.000341537665275,0.000282935848916,7.28394433778e-05,0.00037301699706,-0
2015-03-02,0.00195650871072,0.000230507198984,-7.3084631494e-05,-0.000996995679419,-0.000719728554358,-0.000398437426718,-0.000388207620956,0.000275285384596,-1.85787497008e-05
2015-03-03,-0.00123122775796,-0.000850573201415,-0.000455190041344,-0.000253561302044,-0.00021555804978,7.06586224018e-05,-0.0001815344778,-9.5416937649e-05,-0
2015-03-04,-0.00126359040368,-0.000667771767187,-0.00057685062846,0.00010895631548,7.5180118951e-05,4.87591309156e-05,-0.000312206780345,-0.000478589516778,-0
2015-03-05,0.000327569697525,0.000483722272917,-9.64417065529e-05,9.11082485501e-05,5.66007223486e-05,-8.88792704877e-05,-9.56902810662e-05,0.000144022805169,-0
2015-03-06,-0.00421177256753,-0.00200794618512,-0.000794934891525,-0.00131093889532,-0.00102743472831,-0.000581743934771,-0.00272926339289,-0.00165481633649,-0
2015-03-09,0.0012414981287,7.54058597327e-05,-0.00019552790832,0.000517231756184,0.000468602233214,-7.65968310056e-05,9.70006245486e-05,0.000389301513635,-0
2015-03-10,-0.00486709955518,-0.00312332429784,-0.00101164361042,0.000479239251966,0.00042920486233,5.84361727433e-05,-0.00048378547564,-3.63932961387e-05,-0
2015-03-11,-0.000697234618674,0.000379583322493,0.000381092469935,0.000408666698408,0.000182840808669,8.60897607574e-05,-0.000594419264035,4.28326646637e-05,-0
2015-03-12,0.00377550827842,0.00182148125948,0.000270432714237,0.000167320502697,9.61432867137e-05,-0.000113279648238,-2.66097364151e-05,0.000862748973299,-0
2015-03-13,-0.00183148980461,-0.000904536064565,-0.000586012432208,-0.00038747111586,-0.000152829635774,-0.000162040725564,0.000140954781821,-3.04013066056e-05,-0
2015-03-16,0.0039815943962,0.00166486761331,0.000563799846083,0.000444552900057,0.000354859053158,7.23121709984e-05,-6.19112873367e-05,0.000518593539743,-0
2015-03-17,-0.000890961350486,-0.000150200777386,0.000304088644623,-3.67171085193e-05,0.000209493253178,4.93122532834e-05,-0.000526698535628,-1.81710240231e-05,-0
2015-03-18,0.00359645189047,0.00308270143806,0.0012542715025,0.00149084619525,0.00117215319685,0.000767761569187,0.00189813451174,0.00105473937813,-0
2015-03-19,-0.00136148559323,-0.00181613004165,-0.000864399095644,-0.000707689993895,-0.000479205702389,-3.09932828465e-05,-6.93104462923e-05,-2.39041374992e-05,-0
2015-03-20,0.00263680753219,0.00320467173015,0.000603488131064,0.000620350599295,0.000415632936295,0.0001512807445,0.00111490894089,0.0012797660232,-0
2015-03-23,-0.000581389317749,0.000700953429297,0.00014341028863,3.61278280616e-05,0.000130934403324,-2.20170382926e-05,0.000620912112811,-6.54358717617e-05,-0
2015-03-24,-0.00167173326545,-0.000147433882832,0.000191026507295,0.000541433901381,0.000308363217455,0.000242097911561,0.000241231933595,-0.000439779915609,-0
2015-03-25,-0.00433817576678,-0.000811338727678,-0.00084854397151,-0.000379408290792,-0.000439494525221,-1.32081390192e-05,0.000137951941444,-0.000884270126989,-0
2015-03-26,-0.000700183603252,-0.00123194908162,-0.00027736866603,-0.000727753108152,-0.000574631893723,-0.000270757511518,0.000651571548984,-0.000265253911437,-0
2015-03-27,0.000673764002809,0.000337132032615,0.000108912520976,0.000292000735615,0.000396966310911,2.22697162639e-05,-0.000366128596965,6.65431195997e-05,-0
2015-03-30,0.00359246940608,0.000112178789587,0.000990725538839,9.12358363395e-05,-9.39644898301e-06,-0.00015119408565,-0.00114020845158,0.000724794695111,-0
2015-03-31,-0.00259404397242,-0.00212290910896,-3.60934978431e-05,0.000344874407226,0.000263147171272,0.000115130383784,-7.80034485836e-05,-0.000451087760095,-0
2015-04-01,-0.00104514665929,0.00104761420398,0.000664763817621,0.000659781934081,0.000487142286341,0.000391465357359,0.00168917250578,-7.25247246329e-05,-7.26291998061e-06
2015-04-02,0.00107934937889,0.00112187477669,0.000772588011586,-0.000268899498482,-0.000285107997141,-0.000183425185372,-0.000276816348658,0.000380087620905,-0
2015-04-06,0.00202242950802,0.00145514987246,0.000614196875858,0.000125202318889,0.000128437331993,0.000196072839482,0.00121687929484,0.000521419810527,-0
2015-04-07,-0.000795264780617,0,-0.00011968489481,3.56425000502e-05,8.20515897051e-05,0.000108269827683,-0.000497436760175,-0.000889091743483,-0
2015-04-08,0.00101426028702,0.000705887335026,0.00103139225035,1.77550879574e-05,-9.13489756384e-05,-0.0001215162388,-0.000550035084708,7.67118962393e-05,-0
2015-04-09,0.00133034204494,0.00022244161086,0.000670223118002,-0.000497626110539,-0.000401221274943,-0.000177542794418,-0.000686117877703,-0.00103043089178,-0
2015-04-10,0.00164931227104,0.000296860633085,-0.000107787586932,0,-2.73479200799e-05,-4.76693829799e-05,0.00111557571794,-3.5347661121e-05,-0
2015-04-13,-0.00137062718428,-0.000813895835574,-0.00017911978748,0.000212790215825,0.000200160391128,1.29601561646e-05,-0.000710232474148,-0.000129239400519,-0
2015-04-14,0.000578748482243,0.00115000061579,0.000143703112171,0.000213232910152,0.000291941672212,0.000129980734344,-0.000600655453121,0.000170841777802,-0
2015-04-15,0.00135698202279,0.000703309159388,0.000310689610865,0.000266236247532,5.45792365169e-05,0.000151349477433,0.000847738870416,-0.000364499414312,-0
2015-04-16,-8.63225025378e-05,0.000368926130712,0.000476376855086,-0.000106089244464,7.26061268309e-05,5.60230550787e-05,-0.000341387216049,0.000123054388926,-0
2015-04-17,-0.00348022712527,-0.0018436911432,-0.00108317331162,0.000158988411474,0.000199489181368,0.000314408348505,0.000486200844375,-0.000222537104653,-0
2015-04-20,0.00274753268662,0.000259496837173,-0.000167552613552,-0.000142237753999,-0.000182361238861,-0.000134235498239,-0.000754752831076,7.06505795988e-05,-0
2015-04-21,-0.000360937385447,0.00129559405463,0.000406238271605,-0.000212677400469,-0.000209357525105,-0.000177289717558,0.000565104265334,8.22990872164e-05,-0
2015-04-22,0.00148477509345,0.000332632946408,0.000608524789209,-0.000584714497076,-0.000572730046655,-0.000228807868251,-0.00132530205337,9.97914353546e-05,-0
2015-04-23,0.000764149906821,0.000665488576274,0.000262546469511,0.000301245379411,0.000300067959829,0.000125225773,0.00070981344004,0.000129173783749,-0
2015-04-24,0.000704226179969,0.000847584229039,0.000261687670855,0.00033556208726,0.000344399904242,0.000210916002853,-0.00137239365647,9.95035524196e-05,-0
2015-04-27,-0.00126282660064,0.000588795979775,0.000225683063993,7.05632348783e-05,-0.000153848200305,8.58561731387e-06,0.00194073408703,-6.43098429175e-05,-0
2015-04-28,0.000960094516017,0.000257218707578,0.000130489599926,-0.000757399605602,-0.000451884721897,-0.000283281248002,0.00085004917941,-9.33571892405e-05,-0
2015-04-29,-0.00124603664471,-0.00135889367626,-0.000569020002576,-0.000440043500136,-0.000361311805405,-9.00984942265e-05,-0.000696613789357,-0.000968163235321,-0
2015-04-30,-0.00303948077213,-0.00155130688353,-0.00070347333873,0,-2.72748527546e-05,8.19859748631e-05,-0.00174302847493,-0.00076847342708,-0
2015-05-01,0.00328093404517,0.00130289245199,0.000312413889601,-0.000561217704208,-0.000538195883728,-0.000204346623205,-0.000335828384117,0.000354712876478,-1.24837491711e-05
2015-05-04,0.000854363373298,0.000143857652867,0.000249085577192,-0.00038079086468,-0.000206018755784,-0.00019317519717,0.000902013288424,5.00198599942e-05,-0
2015-05-05,-0.00344044536158,-0.00226190472043,-0.000520116165652,-0.000180814469305,-0.000168299135227,-2.19210332727e-05,0.000282584135348,-0.00108624016892,-0
2015-05-06,-0.00123175363167,0.000325510997577,-0.000660644168069,-0.000674839430619,-0.000489951546299,-0.000401907169267,-5.33772599275e-05,-9.43280414997e-05,-0
2015-05-07,0.00119262544828,-0.000508110281583,-6.85614610102e-05,0.000494010728084,0.000425367857539,0.000128484124218,-0.000839033050075,0.000757192433412,-0
2015-05-08,0.00394550076041,0.0032247088356,0.000753063120107,0.000657602167722,0.000386897006966,0.000207941242326,0.000490149637178,0.000699298441954,-0
2015-05-11,-0.00143422205925,-0.0013268227537,-0.000474304105339,-0.00126567155676,-0.000980701755481,-0.000451005177072,-0.000388097021548,-0.000754489783415,-0
2015-05-12,-0.000901009681841,0,-0.000136488391268,-1.80432215222e-05,7.51597515454e-05,4.85070140783e-05,0.000861670443338,0.000150721342529,-0
2015-05-13,5.72626187322e-05,0.0010833978734,0.000125129034231,-1.83290581613e-05,-0.000131609898672,-7.49846644271e-05,0.00182090989614,-0.000477238874744,-0
2015-05-14,0.00312417225881,0.00180131622461,0.000465121945077,0.000308808293532,0.000337791831124,9.23955093722e-05,0.000558262230192,0.000952199612451,-0
2015-05-15,0.000325646911401,0.000178820430732,0.000506715652974,0.000829254360726,0.000707789158889,0.000340533995218,0.000307794115497,0.000509774800722,-0
2015-05-18,0.000930996313254,-0.000498707087148,-0.000482391348008,-0.000754364203607,-0.000668059107039,-0.000260976307714,-8.76355394164e-06,-0.000130082404694,-0
2015-05-19,-9.895410324e-05,-0.000571026933474,0.000112405369101,-0.000683665108487,-0.000436897087054,-0.00023533670506,-0.00143083081214,-0.000173754824582,-0
2015-05-20,-0.000212699746506,0.000286459107278,-6.76884685827e-05,0.000306873994674,0.000214544698805,0.000131194481444,0.000167375219928,-4.35779670135e-05,-0
2015-05-21,0.000878532524851,0.000823188432141,-0.000146516926336,0.000613476893858,0.000587277151187,0.000187913420049,-0.000343286094821,-0.000236454130105,-0
2015-05-22,-0.000720935446167,-0.000928292458839,0.000123691213312,-0.000215989416852,-0.00022317369413,8.28357834733e-05,-7.90366311361e-05,-6.2075446204e-05,-0
2015-05-26,-0.00324396922683,-0.00254000367443,-0.000732278858549,0.000486985015479,0.000615015612828,3.92858424258e-05,-0.00148707062923,-0.000379452956622,-0
2015-05-27,0.00285381433027,0.00126123882618,0.000124813088465,0.000199830807397,-5.63166469797e-05,-4.40135918603e-05,-1.77306789738e-05,0.000488733914719,-0
2015-05-28,-0.000340884235288,-0.000322813690718,-0.000688920332844,-7.2390494611e-05,9.34240811782e-05,-3.06168515311e-05,0.000114670755472,-9.977258568e-05,-0
2015-05-29,-0.0018771043256,-0.00143645470954,-0.000531530928569,7.24881581496e-05,5.6048466968e-05,0.000157845897689,7.0664931959e-05,-0.000574456923602,-0
2015-06-01,0.000614030069919,-0.000360585771619,-3.40741198162e-05,-0.000553700308678,-0.000442972601677,-0.00030818432047,-8.86880907778e-05,0.000608145211786,-3.70628742442e-06
2015-06-02,-0.000297760392204,0.000509097518596,0.000177265303257,-0.000784079863809,-0.000696331926662,-0.000204421961427,0.000403507968836,-0.000461860304017,-0
2015-06-03,0.000795043667084,0.000873930764809,-0.000248514916625,-0.000785373524226,-0.00084806639424,-0.000307058232617,-0.00072027364883,-0.000712492485003,-0
2015-06-04,-0.00254654198146,-0.00175124234839,-0.000735109517763,0.000420844689221,0.000481530253909,0.000138223894503,-0.000704083879351,-9.39327413754e-05,-0
2015-06-05,-0.000514532452031,-0.0016496775115,-0.000238276750809,-0.000882596857412,-0.000720894422303,-0.000138889217135,-0.00053060129776,-0.000547414036934,-0
2015-06-08,-0.00185380785371,-0.000147392758702,-2.39521458091e-05,0.000295717709327,0.000143019874956,6.75458358827e-05,0.000293365287645,-8.85565895651e-05,-0
2015-06-09,-4.31882787112e-05,-0.000848670457046,-0.000359751763689,-0.000573790754105,-0.000324616274767,-0.000112752997766,0.000222537624807,-0.000354696269408,-0
2015-06-10,0.00360597029288,0.00310701871688,0.000721246678272,-0.00050081285361,-0.000382833368631,-0.000180806489611,0.000856595149011,0.000342856901335,-0
2015-06-11,0.000973481575463,0.000440528186265,-0.000202802785037,0.00106789792454,0.000778945070933,0.000246750134126,-0.000460500847052,0.000296145482437,-0
2015-06-12,-0.00231178237922,-0.00120767217684,1.18647324341e-05,-0.000238582841315,-5.67997170759e-05,2.68355521002e-05,-2.64832777652e-05,-4.39899938276e-05,-0
2015-06-15,-0.00128932106236,-0.000955162138766,-0.000501452322563,0.000239504120283,0.000237607590245,0.000161653961024,0.000443110396534,-0.000264825916582,-0
2015-06-16,0.00163624684381,-3.68466851541e-05,0.000107670300814,0.000332394697639,0.000380937037339,0.000296898901305,-0.000364055992875,0.000391711178054,-0
2015-06-17,0.000486577282165,-0.000403781196515,0.000310178579274,1.83460116806e-05,5.70668694956e-05,5.83154223302e-05,0.000469315428732,0.000415823853934,-0
2015-06-18,0.00313043850689,0.00142961329153,0.000440758828106,-5.51920957967e-05,-7.59224262507e-05,-0.000120959671752,0.00129985507781,0.000679513901477,-0
2015-06-19,-0.00134123621344,-0.000327687913174,-0.000449645963426,0.0006209465316,0.000527578790809,0.000115688051056,-0.000175666284327,-0.000381217867993,-0
2015-06-22,0.00154301028551,0.00258881525356,0.000639886098155,-0.000987502410737,-0.000839674738261,-0.000222801535104,-0.00130179042809,-0.000506945826864,-0
2015-06-23,0.000214231537013,0.000546478026486,0.000449889425579,-0.000456896805366,-0.000301652256284,-0.000111294466106,-0.000659087853974,-0.000406417357081,-0
2015-06-24,-0.00219990327345,-0.0012395467578,-0.000260662226037,0.000310911323502,0.000292431439994,8.90785783962e-05,-0.000263829033451,-0.000262824231719,-0
2015-06-25,-0.000917400791072,-3.65248842699e-05,-0.000178339643413,-0.0002202441057,-0.000246093897392,-5.36310707967e-05,-0.000132375668448,-0.000489791682571,-0
2015-06-26,-5.74946169272e-05,-0.000137376315688,-0.000461841916526,-0.000478202907607,-0.000474404955581,-0.000224083034209,0.000106141944181,0.000344577313344,-0
2015-06-29,-0.00633076240473,-0.00457305915206,-0.0010959990676,0.00117874319395,0.00114963736949,0.000367990653077,0.000451748133701,-0.000751216773452,-0
2015-06-30,0.000624690778172,-0.000225233921125,0.000656679632627,-0.000130195538313,-0.000278229296575,-9.5141726757e-05,-0.000626053094232,-1.92746668311e-05,-0
2015-07-01,0.00239724699849,0.000976147239519,0,-0.000510598192185,-0.000526577443721,-0.000185808507534,-0.000348834341542,0.000790691976955,-2.42686902277e-06
2015-07-02,-0.000274623688886,0.000375825414907,0.000232402071343,0.000277172848557,0.000354777932627,0.000219463120212,-0.000196464738443,0.000125133793572,-0
2015-07-06,-0.000852153687543,-0.00307852483456,-0.00139279416314,0.000719507464737,0.000708671872775,0.000196844602601,0.000267602861334,0.000315777458698,-0
2015-07-07,0.00188327549103,-3.76709924517e-05,-0.000747574539131,0.000277574509703,0.000268977345878,0.000166041473008,-0.00116324961245,0.000791898669634,-0
2015-07-08,-0.00504864589377,-0.00357254631287,-0.00177450861095,0.000480453161744,0.000402905117494,6.27225696724e-05,0.000294857910614,-0.000197689152835,-0
2015-07-09,0.000540280542269,0.00235356996968,0.000951232136187,-0.000746210600908,-0.000716547154515,-0.000330199177393,0.000243533069073,-0.000246142551612,-0
2015-07-10,0.00375981728654,0.00447017647259,0.00134376312103,-0.000856387987369,-0.00070556906508,-0.000239276183655,0.000117012511107,0.000424869326821,-0
2015-07-13,0.00330964330713,0.000638722423786,0.000305662742933,-0.000295374958204,-0.000268265055896,-0.000174577690965,-0.000446346522287,7.24127992492e-05,-0
2015-07-14,0.00131109368433,0.00104871845943,0.000121884069675,0.000331248829654,0.000315231208286,8.03031684314e-05,-0.000222474274328,0.000105009585303,-0
2015-07-15,-0.000100585150163,-0.00059741117583,-0.000595373476275,0.000532191167195,0.00038102768484,0.000137952817325,-0.000514544691294,8.50595740757e-05,-0
2015-07-16,0.00242903555279,0.00127037302766,0.000571460700805,0.000165234643852,-3.80925844585e-05,6.2307927633e-05,-0.000355101825032,0.000412463258555,-0
2015-07-17,0.000257496105114,-0.000223214601703,-1.20938926105e-05,1.82534259498e-05,9.46156273272e-06,-1.77075410219e-05,-0.000980972626184,-0.000182498187451,-0
2015-07-20,0.000157631851289,0.000335191256117,-0.000302958939133,-0.000347591387704,-0.000199490503418,-0.00013311575113,-0.0026100447042,5.87319995808e-05,-0
2015-07-21,-0.00120693454087,-0.000410867713604,1.21349988895e-05,0.000330322011393,0.000276287468053,0.00011571677443,-0.000292856284503,-0.000144003818796,-0
2015-07-22,-0.000546682663151,-0.00127157419653,-0.000645051673798,9.1943748416e-05,0.000124112319258,2.22799373571e-05,-0.000506519998843,0.000222826684759,-0
2015-07-23,-0.00171644079667,-0.000487475323436,-0.000402646533578,0.000571141227687,0.000411263340182,8.49002007565e-05,-0.000418708549355,-0.000643871422521,-0
2015-07-24,-0.00315238153944,-0.00161644326387,-0.000685045786162,-3.71094235823e-05,9.58908106267e-05,-5.37791708765e-05,0.000911051697169,0.00021739104262,-0
2015-07-27,-0.00175740353157,-0.000943879576856,-0.00105662284042,0.000259804378553,0.000337093177698,0.000103498363876,-0.00043956071152,9.26172237434e-05,-0
2015-07-28,0.0037016760599,0.00185634298167,0.000443797138136,-0.00020472204703,-0.000289936322095,-0.000121911267738,0.000144017395605,3.31970939167e-05,-0
2015-07-29,0.00208689760908,0.000527495353733,0.00042910520282,-0.000166689702599,-0.000144142496805,-4.46033073321e-06,0.000134274135111,0.000336676506622,-0
2015-07-30,7.20926004538e-05,-7.52098459541e-05,-0.000293294104912,1.8449122726e-05,0.000114929224393,7.15945674041e-05,-0.000803068838484,-0.000256649975004,-0
2015-07-31,-0.000462746981054,0.000714332255523,0.00039152654995,0.000794555693717,0.00059472072599,0.000197146153063,0.000589598137621,0.000408477370014,-0
2015-08-03,-0.00102350180974,-0.00044968121348,-0.000768341984142,0.000208445279549,0.000310127173998,-4.46746115331e-05,-0.000739076395912,0.000321764003837,-1.10141843531e-05
2015-08-04,-0.00058633217409,0.000149651861055,0.000159197574328,-0.000585072682838,-0.000515967165827,-0.000279873382531,0.000201728230116,-0.000364808706355,-0
2015-08-05,0.00098847464074,0.000786704540133,5.31580614018e-05,-0.000366253896789,-0.00038529822006,-0.000155778310128,-0.00036569709711,-0.000327679179748,-0
2015-08-06,-0.00246341080689,-0.000674231251874,-0.00035875609147,0.000238106610269,0.000347661129733,8.90006020366e-05,0.000442587531837,6.92961952762e-05,-0
2015-08-07,-0.000574325839008,-0.000150158377951,-5.32655209011e-05,0.000348532982367,0.000395516062946,0.000138248006652,0.000250739868855,0.000183131784705,-0
2015-08-10,0.00375923732364,0.00183868355975,0.00085189755906,-0.000256755347466,-0.000414101977176,-7.13128396516e-05,0.00103132694023,-0.00015778610186,-0
2015-08-11,-0.00270834097009,-0.00238582747688,-0.00108434971828,0.000656036609429,0.000654540341139,0.000203684514107,0.00051708077937,0.000326036858042,-0
2015-08-12,0.000357699945837,-0.000972912894429,-0.000769948714689,-0.000128075363079,-3.75505364444e-05,-0.000115583089188,0.0014322282069,0.00015735198736,-0
2015-08-13,-0.000372089022971,-3.74149844356e-05,-9.29166669407e-05,-0.000420744761938,-0.000262836888119,-0.000133367066828,-0.000855558354761,5.66620512489e-05,-0
2015-08-14,0.00108993138468,0.000262530305332,0.000146346689429,-9.16754201852e-05,-0.000103486485741,-5.34385007822e-05,-9.63548589677e-06,0.000271240159618,-0
2015-08-17,0.00167534321986,-0.000299611443637,-0.000518064301933,0.000347901993899,0.000178436582582,-4.45233832425e-06,0.000269327634408,0.000428298311061,-0
2015-08-18,-0.000871681805394,-0.00115843327626,-0.000556770373455,-0.000365446473387,-0.000159252738971,-0.0001198705073,-1.91946722631e-05,0.000138271471262,-0
2015-08-19,-0.00237936890404,-0.00119960619954,-0.000651575484976,0.000623123887444,0.000611145358037,0.000169224679212,0.00138656627112,-0.000302635713835,-0
2015-08-20,-0.00624608342477,-0.00360492392722,-0.000719302642186,0.000312029186078,0.000273165423728,0.000138285607971,0.00182304235042,-0.000372650063259,-0
2015-08-21,-0.00889104309942,-0.00363540867107,-0.00150458445294,0.000351807629455,0.000408441882249,1.80055421824e-05,0.000671185925208,-0.000942688711015,-0
2015-08-24,-0.0122278470125,-0.00479857168599,-0.00227416705141,-7.52712790318e-05,0.000173364554854,-0.000177882837641,-0.000591644405944,-0.00236319485959,-0
2015-08-25,-0.00334810628307,0.0014136219111,0.000612886568296,-0.000498904963019,-0.000581124986391,-0.000125913977819,-0.0013817824212,-0.00135388546158,-0
2015-08-26,0.0108525382039,0.00371039449582,0.00158227182097,-0.000984118247103,-0.00065352168888,-0.000314172944468,-0.00151077689017,0.00130128026771,-0
2015-08-27,0.00715992694237,0.00190754894643,0.00187808802999,0.000285419649429,-5.85759544814e-05,0.000249727450509,6.00026189971e-05,0.000942883537846,-0
2015-08-28,1.47557622557e-05,-0.000384499789356,-0.000695631207013,-0.000188042848608,1.93301081664e-05,0.000146141978479,0.00095804829278,-7.11276594537e-05,-0
2015-08-31,-0.00236765630534,-0.00107681180769,-9.55073589982e-05,-0.000150346545524,-0.000173653733606,-4.57025921646e-05,0.000118548765413,-0.00111909501674,-0
2015-09-01,-0.00871943617259,-0.00471517019067,-0.00185084404102,0.000609609974967,0.000463148621531,-9.29724097675e-05,0.000377245478403,-0.000916579908489,-2.61945465484e-05
2015-09-02,0.00569438250965,0.00232694099358,0.000753208530379,-0.000256796411629,-0.000271845345278,-0.000157552116554,-0.000531130236144,0.000516383501538,-0
2015-09-03,0.000217297870824,0.000205999517189,0.000224195022227,0.000291114858131,0.000241723742991,4.48070292432e-06,-0.000708570891142,0.000136610032836,-0
2015-09-04,-0.00459062218042,-0.00337785515259,-0.00158311943052,0.000418275877987,0.000306742437158,8.03456317226e-05,-0.000317749745128,-0.000935143368323,-0
2015-09-08,0.00758214162938,0.00432744368713,0.00165943687045,-0.00047747505196,-0.000441259219469,-0.000225435426659,2.75097766715e-05,0.000751533376673,-0
2015-09-09,-0.00408186156124,-0.000574985912007,-0.000282912911492,7.25207932455e-05,3.71527561467e-05,0.000111251130693,-0.00125805967065,-0.000571613504904,-0
2015-09-10,0.00164975483252,0.000992153112529,0.000374700391473,-0.000219091729122,-0.000223908122259,1.34057960646e-05,0.000227761321328,0.000109587878325,-0
2015-09-11,0.00138113150227,-4.12509773937e-05,0.000194279194187,0.00023651642721,0.000260369777765,0.000138424154949,-0.00019983972018,0.000949346245238,-0
2015-09-14,-0.00112956661195,-0.00110961059652,0,5.44874158138e-05,9.27126904285e-05,-9.35002421456e-05,5.43424873766e-05,2.72579294929e-05,-0
2015-09-15,0.00379872562312,0.00111195000248,0.00052260866032,-0.000890888496226,-0.000780459650178,-0.000334618745873,-0.000290449185826,0.000498162373736,-0
2015-09-16,0.00265728889363,0.00217485298224,0.00119019375282,-0.000163100129598,-2.78107184996e-05,-1.33541896491e-05,0.0012751541204,0.000543955414869,-0
2015-09-17,-0.000689892769341,8.1427970373e-05,0,0.00122247158368,0.000808544965987,0.000379478682976,0.000987269451083,0.000580341841292,-0
2015-09-18,-0.00498744137121,-0.00365283337418,-0.00126551094724,0.000161395168931,0.000457906736713,0.000153881865276,0.00071559475582,-8.74390513913e-05,-0
2015-09-21,0.0015646345468,0,0.000118750909727,-0.00052408628874,-0.000563435034788,-0.000310454742506,-0.000613476574445,0.00044090065693,-0
2015-09-22,-0.00394987906499,-0.00351998014412,-0.000994272982369,0.000469817454632,0.000489458644997,0.000119710114924,-0.000667529313916,-0.000657879410567,-0
2015-09-23,-0.000484465089024,-0.000701939165619,-0.000763494963607,-0.000164096212165,-0.00011183427443,-3.57623848008e-05,0.000391298477223,0.000326152175276,-0
2015-09-24,-0.00109548860831,-0.000496238596013,-8.99422580144e-05,0.000255729654445,0.000149327652209,4.47662375599e-06,0.00206888208687,-0.000491369180443,-0
2015-09-25,-7.83028094495e-05,0.00135367971596,-9.11801022263e-05,-0.000346793784025,-0.000261172395502,-0.000264237607524,-0.000619565217708,0.000207575158525,-0
2015-09-28,-0.00757314156561,-0.00286547993618,-0.00110931475641,0.000474466981074,0.00056907474126,1.34130099015e-05,-0.00126658972577,-0.000809615069797,-0
2015-09-29,0.000174175281168,-0.000294372234849,0.000400124266557,0.000314310314928,0.000349545023382,0.000140631724141,-0.000406033018491,0.000553615445546,-0
2015-09-30,0.00555539796221,0.00298234182828,0.00133725000893,7.39278521842e-05,1.87962072099e-05,9.96625589902e-05,-0.00103228154602,0.000440920132823,-0
2015-10-01,0.000783831896554,0.00041608413267,0.000167493964792,0.000155784284692,7.86137203649e-05,0.000180547309175,-0.000118690852144,0.000256537198534,-4.55314971847e-06
2015-10-02,0.00448140327224,0.00247622810408,0.00131023598886,0.00060289343927,0.000482493777976,0.000288219288141,0.0021174875253,0.000362286556482,-0
2015-10-05,0.0053532204142,0.00302713375208,0.00101184348977,-0.000740284489898,-0.000549977844298,-0.000151302888481,-0.000203660133995,0.000839490106103,-0
2015-10-06,-0.00104008764911,0.000164409867369,-0.000132789186049,0.000483472370318,0.000199946518666,0.00014117623782,0.00100045112896,-0.000116127506114,-0
2015-10-07,0.00247620024067,0.00180776209549,0.00126789294856,-0.000143223959706,-0.000245253288151,-8.82311908841e-06,-0.000146755243347,0.000573881818121,-0
2015-10-08,0.00273612651234,0.00126654520702,0.000674399699503,-0.000266808777103,-0.000252847341083,-1.75390919991e-05,-0.000510778354276,0.000423200420553,-0
2015-10-09,0.000181683297011,0.000325564763915,5.8425429426e-05,-0.000159369037733,5.3922449272e-05,-0.000135340435011,0.00157158169643,-8.30362340152e-05,-0
2015-10-12,0.000287105428159,-0.000284298681439,-0.000291511926018,0.00049520386156,0.000323293514368,8.71605660837e-05,0.000398979628644,0.0003569806147,-0
2015-10-13,-0.00191652610043,-0.00182535910938,-0.000931561465033,1.7551219325e-05,8.96409388357e-05,-2.61146026265e-05,0.000498049405052,-0.000394690299874,-0
2015-10-14,-0.00145535178917,0.000244492276068,0.000394766335739,0.000727317122269,0.000531357658303,0.000166139808395,0.00177376139838,-0.000377288159092,-0
2015-10-15,0.00462947616777,0.00280585780096,0.00118195158111,-0.00026565989673,-0.000332561348402,-9.16386786013e-05,-0.00047205416579,0.000682859547533,-0
2015-10-16,0.00138053750327,-8.06706770378e-05,0.00015920735966,-0.000193117745973,-8.02632811743e-05,-0.000129824472006,-0.000720382001744,0.000379843197751,-0
2015-10-19,0.000149938069268,-0.00064490409713,-0.000535149478336,0.000192979701826,-4.44809289172e-05,-8.21733724294e-05,-0.000422921382466,0.000708487381979,-0
2015-10-20,-0.000390163814694,-0.000524430502735,-0.000115782591397,-0.000386276230056,-0.000329934820785,-5.62570270159e-05,0.000639319221068,-1.89995182262e-05,-0
2015-10-21,-0.00189288266386,-0.000121096976823,-0.00075352081296,0.000457175287613,0.000330325438968,3.03480378535e-05,-0.000901507147426,-0.000190126362447,-0
2015-10-22,0.00513865246051,0.00182275335931,0.00111917865792,3.52364538633e-05,9.84011268123e-05,0.000165123361868,-3.61711179371e-05,0.000451349031713,-0
2015-10-23,0.00336113904269,0.00140534600709,0.000345801195508,-0.000332064789102,-0.0005413861594,-6.89325939245e-05,-0.000170313261515,-0.000497819702953,-0
2015-10-26,-0.000759175730491,-0.000560204194273,-0.000588671637057,8.70728936776e-05,0.000247679457317,-1.28665303461e-05,-6.2526956272e-05,-1.25750445872e-05,-0
2015-10-27,-0.000596463320385,-0.0013626467028,-0.000474613770716,0.000279086007702,0.000239167382784,0.000107497243989,0.000223683129242,-1.88678993052e-05,-0
2015-10-28,0.00350969892155,0.000842997985663,-0.000561768349712,-0.000576692796936,-0.000496927570808,-0.000241206682769,-0.000806553663426,4.41007618158e-05,-0
2015-10-29,-0.00017889794833,-0.00112207799135,-0.000560840689407,-0.000819918811318,-0.000584612935575,-0.000129023390408,-0.000948312109185,-6.9181047338e-05,-0
2015-10-30,-0.00134773641714,-0.000120759684899,-7.22120937947e-05,0.000508134598809,0.000186792341155,0.000146874647107,-0.000377410998468,-0.000467453106715,-0
2015-11-02,0.00368960535683,0.00149165454928,0.000954772641438,-0.000378001237074,-0.00027397250502,-2.15940397095e-05,-0.000638999590369,0.00107557567467,-2.01371346029e-05
2015-11-03,0.000869799756064,0,0.000619716278465,-0.000366999496806,-0.000262796971732,-8.56929433769e-05,-0.00148263471337,-0.000502522859058,-0
2015-11-04,-0.00091366757787,-0.000977508160556,-0.000282020217573,0,-0.000103324666099,-6.7700967053e-05,-0.000931233905964,-0.000220883507268,-0
2015-11-05,-0.000300873967797,-0.000196247512204,7.0758813398e-05,-9.20492799105e-05,-6.59911782631e-05,-0.000158531092673,-0.000305333136398,0.000197042328431,-0
2015-11-06,-0.000157657649209,-0.000706840555189,-0.000566556422491,-0.000959409403372,-0.000679495645669,-0.000208525729402,-0.0014260948384,-0.0015467648184,-0
2015-11-09,-0.00282803655014,-0.00158067144131,-0.00118290043353,-0.000129882794163,-0.000170947196233,-1.82508998593e-05,0.000279560975808,-0.000830961966869,-0
2015-11-10,0.000697041728302,-3.97368787606e-05,-0.000129129088467,0.000373687733846,0.000191118311276,-1.83840549985e-05,-0.000206343846894,0.000549247657725,-0
2015-11-11,-0.00118924407313,0.000714920903997,5.72975699157e-05,-0.000261298446433,-4.77213215661e-05,-4.56906754936e-06,-0.000327806383193,5.61062007442e-05,-0
2015-11-12,-0.00420985229928,-0.00178914785676,-0.000516184429309,0.000186834557314,5.73324265137e-05,0,1.87475218219e-05,-0.00033067643103,-0
2015-11-13,-0.00336111604194,-0.00116058011045,-0.000649535971182,0.000394833278045,0.000384704872098,6.93307823799e-05,-0.000273687228083,-0.000552662330167,-0
2015-11-16,0.00452419023704,0.00177002806593,0.00105913876848,0.0001700254446,0.000135365391083,-2.78885031537e-05,0.000142295993683,0.000555522556235,-0
2015-11-17,-0.000218426385382,0.000199482223653,-5.75805387441e-05,0.000149913529357,-2.8714134205e-05,9.21100851362e-05,-0.00128889136623,0,-0
2015-11-18,0.0047542771031,0.0014379433862,0.000388959100515,-0.000150086444939,-4.80755161317e-05,7.37691931884e-05,8.47729256892e-05,0.000426231487276,-0
2015-11-19,-0.000260598197509,0.000793248420594,0.000371931679409,9.32493944977e-05,0.000219323124061,0.000178607809161,0.00105695701887,0.000149378098027,-0
2015-11-20,0.00109785212223,-0.000316486287897,0.000428080586442,-0.000130129170692,-0.000133097705582,4.10711508636e-05,-0.000438480532349,0.000608416085148,-0
2015-11-23,-0.000346293567002,-0.000908839831474,-0.000413299844585,5.56472754907e-05,0.000132943859458,5.93271374982e-05,-0.000773435500909,0.000105413804934,-0
2015-11-24,0.000404841519803,0.000197937949223,0.000128518426785,0.00018601452952,9.51119038895e-05,5.48478796593e-05,0.00063498890948,-0.000260993447492,-0
2015-11-25,-4.33247450959e-05,0.000237314927939,-0.000385044512801,9.29216953783e-05,5.70410166041e-05,-2.74227781333e-05,-0.000447585308848,0.000198575406099,-0
2015-11-27,0.000346655325754,-3.95806789196e-05,-0.00108421493347,-5.56625306568e-05,0.000104566395785,2.74314882974e-05,-0.00112863759147,0.000428282308781,-0
2015-11-30,-0.00125821056951,-0.000198087178082,7.14334070425e-05,7.44304797375e-05,3.80834467353e-05,-2.287486044e-05,0.000625823732077,-0.000366734034343,-0
2015-12-01,0.00288106727797,0.00162577820034,0.000286015246408,0.000710214873432,0.000539281053357,0.000187649330725,0.000336613764422,0.000684464520875,-6.76742000488e-06
2015-12-02,-0.00306155069707,-0.00157237785689,-0.000496489732732,-0.000238975338956,-0.000280902281157,-0.000170820001088,-0.00155455255853,-0.00101875515241,-0
2015-12-03,-0.00419310658181,-0.000713491048062,-0.000147282899599,-0.00148265476998,-0.00105760369765,-0.000312842232144,0.00105500369151,-0.000776802411869,-0
2015-12-04,0.00580263969197,0.00107847445764,0.000192924743009,0.00065355727784,0.000371092537548,0.000127916252316,0.00224545082361,0.000934269272822,-0
2015-12-07,-0.00181694387218,-0.00122432047415,-0.000704266165615,0.000295509509679,0.000319881536662,-1.8063603004e-05,-0.00132618397889,-0.000137321126982,-0
2015-12-08,-0.00201247088331,-0.00226165637996,-0.000589620236731,7.43205836321e-05,5.66981329618e-05,1.36057091976e-05,0.000167773055867,-4.38781467086e-05,-0
2015-12-09,-0.00232477910774,-0.000318894701131,-0.000355409128276,0,0.000151865069041,-9.57418072433e-05,-0.000198290369389,-0.000277173525092,-0
2015-12-10,0.000768090134053,-3.99919851345e-05,-0.000490332218198,-3.74986522205e-05,-0.000219081138124,-0.000109790419109,-8.95344636579e-05,-0.000353974985549,-0
2015-12-11,-0.00578473292955,-0.00264134036604,-0.00136782169451,0.000505193361366,0.000810279848986,0.000164784703205,0.000557442490567,-8.85556319064e-05,-0
2015-12-14,0.00149053658618,0.00032266075996,0.000779212505398,-0.000961914291352,-0.000759018134093,-0.000364480001206,-0.00132436633269,0.000229482635859,-0
2015-12-15,0.00311431214595,0.000565076184031,0.000704739828994,1.89488456993e-05,-0.000259594527465,-2.76797969834e-05,-0.000271056813307,0.000542160903551,-0
2015-12-16,0.00436698970282,0.00297370237467,0.00082104541584,-0.000357034273396,-0.000268007574313,-0.000147085255695,0.00122940491769,0.000977972962331,-0
2015-12-17,-0.00457070533009,-0.00171153503566,-0.00042881277013,0.000279163392736,0.000417176600523,0.000172984028665,-0.00222752773946,-0.000251585599552,-0
2015-12-18,-0.00530632647668,-0.00156537305311,-0.000253470391033,0.000431612344175,0.000363276570288,0.000137735791202,0.00153741245937,-0.000589914243908,-0
2015-12-21,0.00242596714779,0.000937757017263,0.000344940103102,-0.000188588356608,4.80984611173e-05,-9.23225436818e-05,0.00111397777078,0.00019767615319,-0
2015-12-22,0.00267790240925,0.00109087486553,0.000374764427397,-0.000150237437902,-0.000286943681911,-6.88722433226e-05,-0.000539353594114,0.000203069530258,-0
2015-12-23,0.00367551148893,0.00241615489049,0.000732147155406,-3.74842557095e-05,-0.000228872559267,4.57589513107e-05,-0.000298657496298,0.00051819988841,-0
2015-12-24,-0.000492545604798,-0.000399981077872,-0.000148418307465,9.68024832717e-05,0.000183972719379,8.63809831701e-05,0.000731694292356,0,-0
2015-12-28,-0.000680808477612,-0.000440006060437,-0.000252275954811,0,1.90081445197e-05,1.36639162429e-05,-0.000771201290051,0.000280269292231,-0
2015-12-29,0.00317817812523,0.0015626977278,-2.971961839e-05,-0.000503665266345,-0.000532078881023,-0.000191340005667,-6.93364812014e-05,0.000542420818439,-0
2015-12-30,-0.00212494661184,-0.000918010702293,-0.000681172289583,-3.71301653843e-05,3.78803222119e-05,5.44734900928e-05,-0.000769563381316,-0.000177972423482,-0
2015-12-31,-0.00299148917257,-0.00188434953684,1.48813344509e-05,0.000541309127401,0.000114074924646,8.20222576979e-05,3.96487901575e-05,-0.000446985266314,-0
2016-01-04,-0.0041575387517,-0.00221524123648,-0.00138984148179,-7.49636989367e-05,0.000429723340953,0.00019689446354,0.00142386347391,-0.000615835381101,-1.03749025361e-05
2016-01-05,0.000507285012455,-0.000165794586106,0.000110146028252,9.26931941473e-05,-2.82283901147e-05,-3.17759210254e-05,0.000281855299104,0.000964843207052,-0
2016-01-06,-0.0037840877623,-0.00273241703256,-0.000895251607087,0.000758067039543,0.00060247398936,0.000158657361663,0.00144564399625,-0.000139405484886,-0
2016-01-07,-0.00713916567517,-0.00278651156795,-0.00159360742711,-1.85188720185e-05,0.000217483596942,-4.09863991598e-05,0.00144256305837,-0.000993044185301,-0
2016-01-08,-0.00322296406556,-0.00180811655536,-0.000430729607709,0.000450909998366,0.000258232514844,4.1438568007e-05,-0.000463165354156,-0.000675807472932,-0
2016-01-11,0.000289097040193,0.00063449917814,-0.000208592113346,-0.000585865796047,-0.000327051657799,-0.000268613553359,-0.000931781820156,0.000284848303018,-0
2016-01-12,0.00236194126233,0.000592749983987,0.000176702837382,0.000453971231701,0.000462203054987,0.000139081682925,-0.000525949394714,-0.00033702378365,-0
2016-01-13,-0.0073354899959,-0.00219453415711,-0.000544384778104,0.000471356734308,0.000403096161477,0.000106288827756,0.000504428974399,-0.000717031590181,-0
2016-01-14,0.0047522390441,0.00170397186828,0.000614151546854,-7.61688110523e-05,-0.000213144853674,-4.66394069988e-05,-0.00169722220713,-0.000117365385348,-0
2016-01-15,-0.00628498132846,-0.00508692231049,-0.00202636133888,0.000246087052545,0.000482025360936,0,0.00105308928272,-0.000337376276815,-0
2016-01-19,0.000385892660667,0.00124423365021,0.000651081933385,-0.000210797172265,-0.00013659969632,-5.16639508782e-05,-0.000100548038829,0.000262676087908,-0
2016-01-20,-0.00371339453697,-0.0032968883919,-0.000990887455588,0.000172118555929,0.000515996839707,2.81299992085e-05,0.0013947871232,-0.00133692344017,-0
2016-01-21,0.0016143203026,0.00107821309593,8.1826197882e-05,-0.000288952537585,-0.000264793303074,-0.000188916672482,0.000121284963935,0.000270628711596,-0
2016-01-22,0.00592985610575,0.00413029824577,0.00158326276437,0.000153854661584,-0.000234771886264,7.53701309621e-05,-0.000494067502032,0.00136318892692,-0
2016-01-25,-0.00440406012749,-0.00208212281917,-0.000789909384672,-0.000114053951667,0.000347840915304,9.77196492785e-05,0.00107552017864,-0.000312211876374,-0
2016-01-26,0.00393892589793,0.00260813479918,0.000681269805337,0.000267366380736,7.77808688523e-05,0.000131108162241,0.00121247261581,0.00104056649527,-0
2016-01-27,-0.00315357500459,-0.000931365145645,-0.000305158888071,3.79163867188e-05,7.70045659571e-05,0.000129771745135,0.000396867369475,-0.000971988742386,-0
2016-01-28,0.00150011183339,0.000552939628457,0.000758446557375,0.000170873044824,0.00013543738873,0.000107121952264,-0.00114640247328,-0.00037761648173,-0
2016-01-29,0.00704458695038,0.00250537515238,0.00169153028973,0.000607033473974,0.000560061251421,0.00020923690743,0.000408018902319,0.00100742955652,-0
2016-02-01,-0.000105488551033,-0.0002931911247,-0.000492485557264,-0.000247468633584,-0.000239371237072,-9.17136416457e-05,0.00107955188087,8.33361637496e-05,-1.51146411895e-05
2016-02-02,-0.00540660091877,-0.00337951736985,-0.00149083663919,0.000605554998504,0.000708331849172,0.000152874490383,3.70136834829e-05,-0.00045384541513,-0
2016-02-03,0.00178241435306,0.00131196880415,0.00130629131475,-1.8482240509e-05,-0.000111440893647,6.35339944507e-05,0.00108357861392,0.000333735267274,-0
2016-02-04,0.000466567017173,0.000304326461725,0.000345264602169,0.000202579090138,0.000240084988739,9.05007537643e-06,0.0012259821971,2.60298700495e-05,-0
2016-02-05,-0.00565872785742,-0.002211221418,-0.000524642476741,-0.000183684574907,0.000128890855358,-0.000139518278598,0.00162078513476,-0.000947253931707,-0
2016-02-08,-0.00395355711242,-0.00266600259205,-0.000694051702508,0.000777485278495,0.000760869850922,3.62866100702e-05,0.00140966604094,-0.00141261464158,-0
2016-02-09,1.56559738281e-05,-0.00158248213063,-0.000631594863155,-1.85009023936e-05,1.87074859522e-05,-0.000114024805203,-0.000234735921672,-0.000887976158215,-0
2016-02-10,-0.000252217453621,-0.000308788227015,0.000150101379285,0.000504330593531,0.000309105614349,0.000187661750349,0.000829115837943,0.000330009930036,-0
2016-02-11,-0.00379413736245,-0.00189327433261,-0.000715896800482,0.00013053402637,0.000476779736258,0.000178231688072,0.00432645833917,-0.000678628233662,-0
2016-02-12,0.00594698551514,0.00225004733689,0.000800727231495,-0.000560593606268,-0.000796219675262,-0.000192299988218,-0.000659670950732,0.000541348827525,-0
2016-02-16,0.00493284234037,0.00275914493825,0.00115922171642,-0.000500734507866,-0.000306861380618,-0.000209084815027,-0.00335856867952,0.000871631795801,-0
2016-02-17,0.00482876878031,0.00261390511253,0.00103775642043,-0.000110870736391,-0.000249761709303,-8.59036074972e-05,0.000660701843804,0.000410695475071,-0
2016-02-18,-0.00121961580586,-0.000690745084984,-0.000244858971997,0.00060344720119,0.000467447538281,0.000138882470536,0.00259126913642,0.000484485533413,-0
2016-02-19,-0.000138454341805,-0.000258491454182,-0.000211750521777,3.63384809591e-05,0,4.0250888289e-05,-0.000653341386449,0.000277218092444,-0
2016-02-22,0.00428585997126,0.00176788497093,0.00123908235978,5.49341788908e-05,-0.000100687214877,0.000120824884833,-0.0019249706411,0.000464536293395,-0
2016-02-23,-0.00377027635525,-0.0024433542433,-0.00110214308709,3.62515864198e-05,0.000200218500706,0.000151206885379,0.00158403916242,-0.00012828088128,-0
2016-02-24,0.0013561914146,-0.000431014540343,0,7.3165846493e-05,0,0.000111861475859,0.000359059175278,-5.80493028505e-05,-0
2016-02-25,0.00360111047408,0.00172167364607,8.13669666682e-05,0.000510291691486,0.000301577069504,0.000205462719542,0.000285002011213,0.000998268579716,-0
2016-02-26,-0.000687272162547,-0.00051256641745,-0.000436037921347,-0.000361773869873,-0.000489699676569,-0.000128559879109,-0.000738992539601,-0.000255644022646,-0
2016-02-29,-0.002345131599,-0.000642939933204,0.000307957230504,0.000236005122886,0.000163762428146,0.000169068040316,0.00140093603531,-0.000192436209398,-0
2016-03-01,0.0069801535917,0.0037326839994,0.00181697788581,-0.0005989936953,-0.00078724557918,-0.000138067851933,-0.000797333653196,0.00138675895259,-8.35815041032e-06
2016-03-02,0.00134772834783,0.00104379151495,0.000769202576346,-0.00021913831108,-0.00017344528684,0.00010674426358,0.000772695667868,0.000361364814263,-0
2016-03-03,0.00117642475964,0.00160275512827,0.000547281270406,0.00023644879318,0.00011821325303,0.000101816503312,0.00173373319071,0.000265189518168,-0
2016-03-04,0.000974736418736,0.00116280249245,0.00111931212762,-0.000307487804988,-0.000334481622078,-0.000154075389785,-0.000159765549572,6.27992001422e-06,-0
2016-03-07,0.000239349792313,-0.000128902856724,-0.000108569347725,-5.40065014838e-05,-0.000198388392575,-0.000197706082057,0.000503353624104,0.000131523558721,-0
2016-03-08,-0.00327595878416,-0.00167545815393,-0.000899440819093,0.000486915111283,0.000568070222791,0.000188887575063,-0.000469708189616,-0.000513489395754,-0
2016-03-09,0.00147428055048,0.000648050466215,0.000327489923764,-9.07614558659e-05,-0.000389937822677,-3.09315895001e-05,-0.000843483507742,0.000277075519215,-0
2016-03-10,0.000240293480567,-0.000129482236605,-0.000124579739783,9.06371214865e-05,-0.000353154555107,-0.000172000557821,0.00161726825079,-0.000182376795881,-0
2016-03-11,0.00483239243395,0.00392218447129,0.0011201524638,-0.000361874350237,-0.000280362084748,-1.76434883437e-05,-0.00175872730228,0.00111833195438,-0
2016-03-14,-0.000386802647288,-0.000341815415893,-0.000293076773129,0.00010770032926,7.16971380094e-05,-5.67885379978e-05,-0.0012848901376,6.20943694583e-06,-0
2016-03-15,-0.000492249540881,-0.00156150070426,-0.000871840727658,-0.000179929346166,-1.7991928394e-05,-9.63254404473e-05,7.52517627441e-05,2.49903294348e-05,-0
2016-03-16,0.00175029041554,0.00159657448429,0.00107185740957,0.000847814659509,0.000513960811241,0.000522689113443,0.00220599272426,0.000613698450265,-0
2016-03-17,0.00191225217887,0.00141106933812,0.00104676371362,0.000411009595696,0.000107249338718,0.000108797736537,-0.000382350529376,0.000719908148922,-0
2016-03-18,0.00118556172359,-0.000255184569804,0.000352180958332,0.000159968455116,0.000168902411966,0.000164562787801,-0.000272835177649,-0.000222257447998,-0
2016-03-21,0.000429327895601,-0.000297341857378,0.000214091673063,-0.000426079503831,-0.000275230101703,1.29359092461e-05,-0.000693616573236,-0.000461936092522,-0
2016-03-22,-0.000163072500132,-0.00017020094788,-0.000229742042252,-0.000124493947751,-0.000204449382471,-0.000125582966485,0.00028943781463,0,-0
2016-03-23,-0.00200264189422,-0.00166038263817,-0.000812302201182,0.000427139545725,0.000444845494142,5.20090290728e-05,-0.00223444011389,-0.000274910028367,-0
2016-03-24,-0.000134388213587,-0.000985142198403,-7.70827186299e-05,1.79590141175e-05,-9.84746457432e-05,-0.000113360391133,-0.000233131905737,1.88727532649e-05,-0
2016-03-28,0.000179400331015,0.000943885789942,0.000139001971502,0.000143404403767,0.000143415146621,6.11323317998e-05,0.000225165284894,0.000459600857845,-0
2016-03-29,0.00280400805661,0.00179769776488,0.00050851213127,0.000590416697716,0.000661942205662,0.000518514991261,0.00179722309147,0.00111184747685,-0
2016-03-30,0.00132951316228,0.00114451839346,0.000595130972498,-7.09083080016e-05,-0.000132860579024,3.0189193808e-05,-0.00136780886213,-9.95206637749e-05,-0
2016-03-31,-0.00073758570199,-0.00135452999532,-6.09651284747e-05,0.000619243933219,0.000353795333809,5.16778015038e-05,0.000444315049152,0.000316811590691,-0
2016-04-01,0.00206569504321,-0.00169378451469,0.000152451244489,-0.000173747289503,-2.83202450977e-05,3.88064997709e-05,-0.000584404880484,-6.83486463631e-05,-1.05801925969e-05
2016-04-04,-0.00097134546155,-0.000338179344991,-0.00067763728642,0.000199108457654,0.000117986674675,6.10155544635e-05,-0.000667064720141,-7.17046761793e-05,-0
2016-04-05,-0.00299369021551,-0.00279689607807,-0.000924892997665,0.00027205048828,0.000400484037811,5.24391441825e-05,0.00129441177613,-0.000329366566893,-0
2016-04-06,0.00325709313986,0.00238504428713,0.000624560497882,-3.65603002695e-05,-0.000219550795737,-0.00013175080443,-0.000620320535642,0.00012037207211,-0
2016-04-07,-0.00358839764269,-0.00211808866446,-0.0010257177432,0.00043531396045,0.000518561375637,0.000174682090086,0.00143109729183,-0.000311306107155,-0
2016-04-08,0.00080265240794,0.00280855454973,0.00084168745289,-0.00020039179776,-0.000155330082071,-0.000100862158894,-0.00015494518998,0.000276644012144,-0
2016-04-11,-0.000697571356902,0.000127129981374,0.000650340585428,0.000145141794038,-1.81709994793e-05,-0.000126701682514,0.00137163850904,-0.000101810749145,-0
2016-04-12,0.00275759995647,0.00228538695493,0.000764946141891,-0.000326110142999,-0.000399949607925,-0.000209421878023,1.71260403004e-05,0.000358851673904,-0
2016-04-13,0.00300312072881,0.00239976159527,0.000933240171833,9.01553912248e-05,7.23480629555e-05,4.3416562234e-05,-0.00109011657118,-0.000220154808393,-0
2016-04-14,1.43633107694e-05,0.000167557923435,-0.000257095877752,-0.000340704266563,-0.000233881148956,-0.000116565253772,-0.00140637663057,-0.000272249704774,-0
2016-04-15,-0.000331191822241,-0.000419828478355,-0.000300663226809,0.000557188074977,0.000297531071136,0.000177435117086,0.00068792553488,0.000367876328588,-0
2016-04-18,0.00210000692875,0.00138400852309,0.000171615050094,-1.80105627222e-05,-9.90743556719e-05,-8.64851317635e-06,-0.000152714806869,0.000237072244926,-0
2016-04-19,0.000945796000434,0.00267455701138,0.000769581506004,-1.78721544258e-05,-0.000161563286379,8.61510841162e-05,0.00155546357043,2.36204857421e-05,-0
2016-04-20,0.000284987564331,4.15615768266e-05,-0.000325858835122,-0.000480168117026,-0.000499620152148,-0.000205563801235,-0.000512657154951,-0.000833710385753,-0
2016-04-21,-0.00161411981305,-0.000916273132541,-0.000553954151494,-0.000267412521163,-0.000161009652622,-6.0098861481e-05,0.000379146391933,-0.000865248407988,-0
2016-04-22,0,-0.000125510555556,-0.000185424631786,1.78486357811e-05,-0.000107783070141,-3.01945084066e-05,-0.00129435921178,0.000520077824742,-0
2016-04-25,-0.000516848048062,-0.000669935516819,-0.000399800707889,-0.000215105329213,-0.000107904376465,-5.61017921299e-05,0.000287986088898,0.000402369204716,-0
2016-04-26,0.000445643464163,0.000586931200488,0.000586196710537,-8.97601180786e-05,-0.000207096180724,-2.16334129067e-05,0.000398596690134,0.000189601663264,-0
2016-04-27,0.000617093242382,0.000251094295407,0.000299685789289,0.000591270662269,0.000539192580656,0.000297663441601,0.000287810314192,-2.95805108938e-05,-0
2016-04-28,-0.00271880146508,-0.00200288496868,-0.000512285409196,0.000392905568584,0.000340547297485,0.000258062841698,0.00189918414734,-0.000100247334653,-0
2016-04-29,-0.00160663806915,-0.000501964115398,-9.98378986008e-05,-1.78704649712e-05,-3.59053928937e-05,-2.15432141249e-05,0.00199691316118,-0.000449246482086,-0
2016-05-02,0.00235414080296,0.00129771040335,-0.000128491519044,-0.000134707376241,-0.000287226875956,-0.000163990258026,-0.00034717991977,0.000751267922792,-8.48500486002e-06
2016-05-03,-0.0026108374256,-0.00251219197078,-0.00139207749515,0.000361635072833,0.000593498105727,2.18497734174e-05,-0.000227197974806,7.82284199019e-05,-0
2016-05-04,-0.0016684402882,-0.00179301468023,-0.000692807661604,9.09865049392e-05,0.000183636597668,5.70882705645e-05,-0.000612049439478,0.0007200864814,-0
2016-05-05,-5.82227870025e-05,-0.000122720608115,0,0.000511008407021,0.000276540213416,0.000163108423099,-0.000114674691387,0.00014578118236,-0
2016-05-06,0.00109132244553,0.000326929176546,0.000115791498552,-0.000310019541165,-0.000239462660666,-0.000176173600897,0.000908483413682,0.000564405398864,-0
2016-05-09,0.000246718839919,-0.000489277587538,-0.000736564645196,0.000127354668293,0.000192976743221,3.07475306117e-05,-0.00206597222955,0.000569184169217,-0
2016-05-10,0.00372426172325,0.00216569199951,0.000955246275169,9.11639953208e-05,-1.8402932473e-05,0.000154152788584,0.000270050075057,-6.07981766441e-06,-0
2016-05-11,-0.00281614919007,-0.00105465898565,-0.000143670866805,0,0.000155396969809,-8.75466899756e-06,0.000926100631387,-0.00111439509294,-0
2016-05-12,8.69291427356e-05,-0.000122132312188,-8.65861078642e-05,-0.000181737308626,-0.000275346263845,-3.50876200226e-05,-0.000783050043415,0.000296362960363,-0
2016-05-13,-0.00261297517216,-0.00163108955992,-0.000866537714329,0.000382020334687,0.000385920253424,0.000123020351595,0.000449113430267,-0.000460164568289,-0
2016-05-16,0.00294491868168,0.00180172754316,0.000551165540312,-0.000347142545979,-0.000369082423947,-5.7366701217e-05,7.38073962615e-05,0.000486458365763,-0
2016-05-17,-0.00279950055579,-0.000855538760195,-0.000202043087767,-0.000272623433205,-0.000137759369795,3.51062828367e-05,0.000342675503258,-0.000955906385913,-0
2016-05-18,8.74811859471e-05,-0.000122834751388,-0.000377029745382,-0.000840464676815,-0.000821079180108,-0.000441224459433,-0.0017381274318,-0.000796415902224,-0
2016-05-19,-0.00104013506194,-0.000987547442614,-0.000582959533192,0.000128383333189,0.000101980115995,-2.21706323139e-05,-0.000189523718722,-0.000562154766247,-0
2016-05-20,0.00189580246208,0.0013622078274,0.000526336777851,0.000129016327322,6.50869595828e-05,-2.66926723398e-05,-0.000132265235216,0.000398422806338,-0
2016-05-23,-0.000409763658887,-0.000493239493405,-0.000101912260914,-3.6620953086e-05,6.49037505342e-05,2.65805577996e-05,-0.000279873681234,6.11575984443e-06,-0
2016-05-24,0.00389728655438,0.00181077871485,0.000568486209076,-0.000110280099817,-0.000166972175798,-4.87736735219e-05,-0.00170604279812,0.000623354970583,-0
2016-05-25,0.00205599925667,0.0014744294001,0.000551257510514,3.66944604149e-05,-4.61070644407e-05,3.97309396939e-05,-0.000262458267846,0,-0
2016-05-26,8.71527116713e-05,0.000326374420219,0.000317912945303,0.000309408680277,0.000312588849309,0.000145099936137,-0.000326816304707,9.69487395979e-05,-0
2016-05-27,0.00130566044209,-0.000203748121201,-1.44416875465e-05,-3.63395360699e-05,-0.000192837834033,-6.58822548111e-05,-0.000783361563897,0.000272283118053,-0
2016-05-31,-0.000580197221241,-0.000529560022155,0.000129853639528,0.000127264501352,0.000119348184448,-7.46366518197e-05,0.000358935845442,-6.05384434651e-06,-0
2016-06-01,0.000623911494877,-8.14858001524e-05,-4.33030195823e-05,-0.000112955751009,-3.40703051984e-05,-7.64398363848e-05,-9.79333293148e-05,4.23612741385e-05,-7.61829492519e-06
2016-06-02,0.000913117941718,4.09998958258e-05,0.00039976583091,0.000507162955795,0.000310422364325,0.000171157761149,-0.000232882755542,0.00025674216108,-0
2016-06-03,-0.000896805057551,0.00118633915841,0.000782870900519,0.00108418027258,0.000929041905324,0.000323987088971,0.00276213604711,0.000202537987381,-0
2016-06-06,0.00151351302701,0.00101632306604,0.000425643793855,-0.000269369657083,-0.000262404489667,5.65528164276e-05,3.42019254492e-05,-0.000384735773726,-0
2016-06-07,0.000465633570654,0.00113575153207,0.000497973608089,0.000179198128707,0.000144477507555,0.00013459428199,-8.53198441677e-05,0.000301224088368,-0
2016-06-08,0.000971170238318,0.000485398346672,0.000423568187146,7.14773376516e-05,0.000117044693149,0.00011687961171,0.00149750062619,0.000318071798196,-0
2016-06-09,-0.000406521056894,-0.00189363453793,-0.000581911429749,0.000142421420784,0.000152519578183,1.7259723363e-05,0.000567797191718,0.000111459125541,-0
2016-06-10,-0.00282299751496,-0.00403665905477,-0.00129718117651,0.000267491220207,0.000350502047295,0,0.00041604055752,-0.000235105262649,-0
2016-06-13,-0.00229219430086,-0.00211458332215,-0.000631379742696,0.000161607146396,0.000199202964732,-6.52736076162e-05,0.00076982505595,1.18451324425e-05,-0
2016-06-14,-0.000582436716072,-0.00206118555612,-0.000143951737262,-9.02003324584e-05,-2.72580072155e-05,-0.000126722532684,0.000111636601758,-0.000130797451509,-0
2016-06-15,-0.000413253878268,0.000954864027604,0.000461428858008,0.00043413839742,0.000309981728251,0.000236663487165,0.000783867381116,0.000477052286545,-0
2016-06-16,0.000880570357928,4.13565746044e-05,-0.000118678795136,0.000126201859229,0.000109082650874,-0.000100485279671,-0.00111618692785,0.000285292592858,-0
2016-06-17,-0.00110193442987,0.00136543990902,0.000222532398015,-0.000144186235561,-0.000345311886914,-0.000126667331445,0.00134786251267,-8.32008526128e-05,-0
2016-06-20,0.00189643331241,0.00338908398874,0.000726089475451,-0.000558279791438,-0.00043575414408,-0.000143997904888,-0.000634576595115,7.12518194954e-05,-0
2016-06-21,0.000837689497403,0.00115218737352,0.000383631652378,-0.000143478163818,-0.000225920483291,-0.000152054406196,-0.00202364597817,0.000193228641134,-0
2016-06-22,-0.000482701244263,-0.000246879104072,7.37800742727e-05,0.000125648535605,0.000198840160793,0.000134688814867,5.12348055594e-05,-7.75422312583e-05,-0
2016-06-23,0.00384824150335,0.00391030756349,0.00126917333113,-0.000340946311225,-0.000479092493272,1.73661726706e-05,-0.00067468447127,0.000256512848111,-0
2016-06-24,-0.0106664869345,-0.0124159947799,-0.00294336101636,0.00106779231184,0.00137237421782,0.000310454509383,0.00499126986397,-0.000449847893462,-0
2016-06-27,-0.00522683721609,-0.00274703271345,-0.000522299112669,0.000816184579467,0.000886697620635,0.00014938741722,0.000587243298758,3.62052208494e-05,-0
2016-06-28,0.00520072146746,0.00372678692816,0.00142627645885,0.000255370758485,-1.8387907362e-05,0.000176836765916,-0.0011816003645,0.00108625096799,-0
2016-06-29,0.00494569095404,0.00256875380674,0.00118839964818,-0.000144469729259,-0.000418553292877,-3.06171305253e-05,0.000447014601473,0.000630510815768,-0
2016-06-30,0.00399421606787,0.00176535662082,0.000515188640259,0.000411459600433,0.000225382170912,9.53603570028e-05,0.000536652990347,0.000541408483604,-0
2016-07-01,0.000618286655854,0.000325796025724,0.000379648089203,0.000430289084091,0.000266922783249,0.000389500478155,0.00163928608104,1.77143860583e-05,-1.30990292275e-05
2016-07-05,-0.00215809022707,-0.00296277137934,-0.000986205270434,0.00053260258483,0.000548275776536,8.11659209623e-05,0.000825478956751,0.000552411741035,-0
2016-07-06,0.00179282306591,4.24621600635e-05,0,0.000374123698538,1.77526870944e-05,0.00012005220942,0.000593968686899,-0.000220638024904,-0
2016-07-07,-0.000185913403659,-0.000635443916935,-0.000211482627905,-0.000142190238991,-0.000132762433033,-0.000102632268248,-0.000381909629056,-0.00051901260098,-0
2016-07-08,0.00447290226113,0.00203812699647,0.00108824140691,0.000302858809611,0.000195123418358,0.000111405632604,0.00060935737819,0.000808620964369,-0
2016-07-11,0.00106499796038,0.00201862888757,0.000405948626145,-0.000529217593985,-0.000527153638411,-0.000241879921595,-0.000951757573875,0.000336074620701,-0
2016-07-12,0.00219749931427,0.00209943407366,0.000768716399326,-0.000598962387283,-0.000587740483026,-0.000165274620834,-0.00165327728303,-5.59147237629e-06,-0
2016-07-13,-4.24050323549e-05,-0.000125739845335,-8.37063325277e-05,0.000281353232478,0.000253895922121,0.00010572767985,0.000902049015712,0.000279019481293,-0
2016-07-14,0.00169519099944,0.00129692695843,0.00069631510807,-0.000175617169919,-0.000410814186853,-0.000126658443888,-0.000762076089138,-0.000451310193352,-0
2016-07-15,-0.000408966431698,-0.00075171668473,-0.000180720813029,-0.000718115869085,-0.000375174171392,-5.47870301089e-05,-0.000376527885087,1.66716521951e-05,-0
2016-07-18,0.000820270089504,0.000335074907711,0.000446116109742,3.50828455634e-05,-2.62523042361e-05,-3.37975183899e-05,0.000154125802099,0.000133878766222,-0
2016-07-19,-0.000310615584482,-0.00121231618279,-0.000445285874808,0.000403347041387,0.000262026002079,4.17553466278e-06,0.000130758722842,0.000244978602126,-0
2016-07-20,0.00127151877,0.00108788485708,0.000264633722765,-0.000175464770408,-0.000201115451845,-8.86710025488e-05,-0.00140119555471,5.57530208198e-06,-0
2016-07-21,-0.0011576052326,-0.000376280501062,-0.000139181029799,0.0001753309638,0.000218394286179,2.10968827843e-05,0.00146936713991,0.000100218387762,-0
2016-07-22,0.00136907238431,8.35894753566e-05,0.000333907850196,3.50481113152e-05,-7.85645853103e-05,-4.21806330124e-05,-0.000730611710133,0.000445354262064,-0
2016-07-25,-0.000831610287891,-0.000250424668026,-0.000416805396287,-0.000227562255999,-7.84958456936e-05,-0.000105298117013,-0.00067581509561,-9.44904853094e-05,-0
2016-07-26,0.000141423064695,0.000711434618332,0.000306484006103,0,6.12069853548e-05,8.44772485685e-05,0.00040811929833,-0.000250829198718,-0
2016-07-27,-0.00032457257055,0.000668652050729,6.9555515965e-05,0.000578594994103,0.000419077669598,0.000189763244178,0.0015608940562,-0.000395173733244,-0
2016-07-28,0.000351751438152,0,-2.7741205246e-05,-1.7579545549e-05,5.22782007818e-05,6.73127279757e-05,-0.000283709383409,0.000466229617452,-0
2016-07-29,0.000492177772141,0.00174930688068,0.0002772645019,0.00052408391904,0.00037414542006,0.000109267291446,0.00101154410112,0.000643447823508,-0
2016-08-01,-0.000251817435747,-0.000870176972656,-0.000193077013435,-0.000457970405573,-0.000339842519346,-0.000289235772603,0.000182974390575,0.000110380175243,-8.42703024808e-06
2016-08-02,-0.00192214710701,-0.000737315175338,-0.000271008932366,-0.000586389913492,-0.000239917598801,-0.000246212190976,0.000812570067976,-0.000798703651203,-0
2016-08-03,0.000874641225993,-0.000575738306175,0.000272094350607,0.000214045351673,5.35448906963e-05,0.000143132368437,-0.00048173160075,-0.000287151990865,-0
2016-08-04,0.000319345621919,0.000863481835446,0.00024483280624,0.00037461338153,0.000240853177286,0.000208092075183,0.000170898733963,-0.000200452342285,-0
2016-08-05,0.00245142860698,0.000533317792098,0.000556409155459,-0.000676360521924,-0.000623057943596,-0.000121116835504,-0.00179819368301,3.24483516851e-05,-0
2016-08-08,-0.000179911371345,0.000492121139304,0.000325601100035,0.000124628765989,-5.34390018914e-05,3.45816115155e-05,-8.52297020308e-05,8.64312767187e-05,-0
2016-08-09,0.00017977747599,0.001229445172,0.000338896567398,0.000515463392169,0.000355644394252,0.000121010727852,0.000402599359924,0.000264548783918,-0
2016-08-10,-0.000744449221822,0.000530849263417,-0.000121591352864,0.000230405410776,0.000265840402367,1.29306847011e-05,0.00046296205016,-5.37925784906e-05,-0
2016-08-11,0.00139169424043,0.0011429071308,0.000594115048471,-0.000531205938629,-0.000478218388648,-0.000133452658966,-0.000686328081144,-0.000553900292285,-0
2016-08-12,-0.000261544173986,-0.000407804341257,-0.000202379814013,0.000477707484805,0.000354017665648,0.00012904126766,-0.000208054316257,0.000204193939153,-0
2016-08-15,0.000867346758549,0.000652523650319,0.000566628259941,-0.000353873381436,-0.000292044845051,-0.000129030277157,0.0003390228189,-4.83563093107e-05,-0
2016-08-16,-0.00155331558176,-0.000366475730302,-0.00026938744096,-0.000123595390209,-0.000167839131248,-6.86831431503e-05,0.000484652004498,-0.000579375089334,-0
2016-08-17,0.000565124372658,0,-0.000189087609886,0.000371877538776,0.000159371890255,0.000150674298692,2.31387281937e-05,0.000193615472364,-0
2016-08-18,0.000674457943537,0.000774656400136,0.000418154338989,0.000283149842488,0.000176979252877,8.59887089559e-05,0.000469908090266,-0.000177282555988,-0
2016-08-19,-0.000439344591521,-0.00113852356471,-0.000309394802739,-0.00044112418729,-0.000335241081678,-8.1479966718e-05,-0.000875817568265,-0.000305368878852,-0
2016-08-22,-1.37859574529e-05,0.000122421267834,-0.000648235689589,0.0003011135963,0.000221447341025,0.000103336005741,-0.000146546934946,0.000258186132668,-0
2016-08-23,0.000606288869074,0.000653123540409,-0.000256546236454,5.30868018487e-05,-8.91863119946e-06,6.88800214099e-05,-1.54201535701e-05,2.68968847774e-05,-0
2016-08-24,-0.00154153834186,-0.000448500401058,0.000148358786873,-7.07447921343e-05,-3.53428283463e-05,-7.73871117871e-05,-0.00109378604472,-0.000209506597521,-0
2016-08-25,-0.000207081286133,-0.000490880351063,-1.35478532639e-05,-0.00021301555762,-0.000159711506001,-2.58982993659e-05,-8.50070939793e-05,0.000215595055371,-0
2016-08-26,-0.000566817140887,-0.00106460991753,-0.000406344738334,-0.000319718847883,-0.000382098977875,-0.000194322169392,-0.000139248029874,-0.000474728514683,-0
2016-08-29,0.00148438286601,0.000575225924173,0.000380624572043,0.000552698554088,0.000410162994165,0.000182003806903,0.000194088317275,0.000471005508486,-0
2016-08-30,-0.000497364013305,-0.0003272898616,-8.12248452965e-05,-0.000106584264454,-8.87211538619e-06,-4.31286169336e-05,-0.000981799133339,-9.16549071097e-05,-0
2016-08-31,-0.000858236678296,-0.000533068532651,-0.000488334544238,-3.55679132287e-05,-0.00011566222449,8.63880753985e-06,-0.00019368096974,4.86204209097e-05,-0
2016-09-01,1.38774151988e-05,0.00127394389649,0.000271892374732,0.000175152347189,0.000156282641276,4.2634368485e-05,0.000395969013589,-0.000119097392034,-5.41113892483e-06
2016-09-02,0.00135242210763,0.00152855820496,0.000759381151986,-0.000266857090034,-0.000259496740835,-5.61828991773e-05,0.00102162883705,0.000433779088706,-0
2016-09-06,0.000906617914631,0.00144159769692,0.000875339074317,0.000424905162877,0.000463099178187,0.000236580235978,0.00170036878317,0.000386999750945,-0
2016-09-07,-2.72092016251e-05,0,-6.58865363985e-05,0.000105479874387,5.30915235467e-05,6.41020600147e-05,-0.000347373801214,0.000300914005556,-0
2016-09-08,-0.000682526538688,-0.000318255119458,-0.000105424448045,-0.00068591144309,-0.000486613296409,-0.000175224303895,-0.000536809087018,-0.000618495641599,-0
2016-09-09,-0.00716432173849,-0.00319438744914,-0.00161338671827,-0.000865069621817,-0.000470619033726,-0.000343096419953,-0.000665508472111,-0.00198531120627,-0
2016-09-12,0.00426117738637,0.00117716682115,0.000416748660684,0.000161548057634,9.0290968117e-05,1.74205851928e-05,-0.000128867735798,0.000579889799263,-0
2016-09-13,-0.0043025068457,-0.0031804388948,-0.00125710531117,-0.000552729723408,-0.000367649717968,-0.000220872477911,-0.000672117752722,-0.00123519919022,-0
2016-09-14,-0.000111999652895,-8.19952501412e-05,0.000177822987901,0.000252694834924,0.000226822637157,7.88686396347e-05,0.000348166423993,0.000155375434734,-0
2016-09-15,0.00297876570761,0.00131057444517,0.000792523146449,0.000126031920915,2.71923879531e-05,-1.31212110846e-05,-0.000655160799465,0.000183978182861,-0
2016-09-16,-0.00115827775416,-0.0018343090756,-0.000339980863608,0.000143645042593,0.000108237788346,8.27983877303e-05,-0.00024955989978,2.2866188247e-05,-0
2016-09-19,5.61703829026e-05,0.000981463677414,0.000422962163469,-0.000161974579297,-0.000171906079427,-6.12305475531e-05,0.000209983628987,0.000441990210808,-0
2016-09-20,1.39684533541e-05,0.000653197743288,1.36001144981e-05,7.17209766331e-05,0.000153593945877,-8.71930253007e-06,9.67507775153e-05,-7.44936147887e-05,-0
2016-09-21,0.00335940272845,0.00285506101575,0.00122469534581,0.000502645501108,0.000162470726378,0.000235457894486,0.00147405534324,0.000629735694163,-0
2016-09-22,0.00188396629042,0.00149350901523,0.000228927119833,0.000408522409399,0.000294808912773,0.000246000898376,0.000239154029861,0.000878209699216,-0
2016-09-23,-0.00163915594148,-0.00144498378234,-0.000669535833766,-5.30162190275e-05,4.44663326628e-05,0.00013730868009,6.34154567635e-05,0.000152104182205,-0
2016-09-26,-0.00241881502496,-0.00132908100088,-0.000618080383202,0.000248195272403,0.000285235400661,2.15316428189e-05,-7.95374719672e-05,0.000118711543743,-0
2016-09-27,0.00184524258542,0.00072776010816,0.000525992845509,0.00024893571964,0.000170011910831,4.32218499492e-05,-0.000742510650491,-0.000533386105162,-0
2016-09-28,0.00148116827237,0.00133101959642,0.000497905696612,5.32953227657e-05,-4.45729280439e-05,6.04021128922e-05,-0.00031863237258,0.000407626450829,-0
2016-09-29,-0.00270372369806,-0.00184897179531,-0.000844852595755,0,6.22019245159e-05,-8.62067796996e-06,-0.000119074922301,-0.000665761094992,-0
2016-09-30,0.00224845932914,0.00101104024092,0.000364335258599,-0.000213591459577,-0.00025055861358,0,-0.000343449816734,-0.000340593014519,-0
2016-10-03,-0.000720035761024,-0.000282350042268,0.000336487804334,-0.000225789623484,-0.000232558068196,-4.74542218681e-05,-0.000254958949082,-0.000917365222975,-2.49298695441e-06
2016-10-04,-0.00152920706245,-0.000441932198135,-0.00050157437998,-0.000678010855029,-0.000457513880034,-0.000244874297979,-0.00347111273916,-0.000681416258766,-0
2016-10-05,0.00133137232008,0.00080994582173,0.000758433315325,-0.000269850114724,-0.000226061724997,-8.22984569273e-05,-0.000152837383436,-0.00100663749618,-0
2016-10-06,0.000209931869697,-0.000809005703481,0,0,-0.000207751101602,2.59710881787e-05,-0.000899874936517,1.77307050897e-05,-0
2016-10-07,-0.00103762791846,-0.000972361772147,-0.000173072205955,3.60139692206e-05,0.000144757542452,-1.30026851189e-05,6.437946558e-05,-8.29417022592e-05,-0
2016-10-10,0.00157386125497,0.000608949069076,0.000346839793709,-9.02092503705e-05,-0.000262919264758,-6.94919838593e-05,0.000338710247639,0.000302755244085,-0
2016-10-11,-0.00382552445731,-0.00218630526227,-0.000944530629604,-0.000305728202238,-2.71288165075e-05,-3.8957982821e-05,-0.000490581651621,-0.000473600430893,-0
2016-10-12,0.000395655236751,-0.00020410883659,-5.3650107006e-05,7.26340432661e-05,0,-1.7454412037e-05,0.000154077461142,0.000561156857523,-0
2016-10-13,-0.000988164793687,-0.000407888974772,-0.000308266286236,0.000289812174732,0.000209515853025,7.85187768826e-05,0.000234964605001,0.000387667083263,-0
2016-10-14,0.000155351582688,0.000122420022046,0.000134093012484,-0.000344342714447,-0.000309926156842,-4.80096440572e-05,-0.00054311970879,-0.000220774666511,-0
2016-10-17,-0.00104614265645,-0.000245129817324,-9.39699126099e-05,0.000344706140983,0.000219014232048,0.000227199975575,0.000259674696648,0.000107507342673,-0
2016-10-18,0.0018807606872,0.00159358555133,0.00088613437337,0.000326669943787,0.000200699133078,3.05879032818e-05,0.000600633002941,0.000316692595763,-0
2016-10-19,0.000801453445474,0.000528134032647,0.000266982149277,0.000108386588644,4.54089858517e-05,6.95230718786e-05,0.00055680391451,0.000106921376846,-0
2016-10-20,-0.00056102833002,0,-6.65626041537e-05,-7.20421219228e-05,-9.04792514147e-05,-7.80269826028e-05,-0.000297837458917,-0.000112574362973,-0
2016-10-21,0.00014048682075,-0.000324547513043,1.33161567072e-05,0.000126079412583,0.000108691324642,5.63952360366e-05,7.25423542966e-05,-0.000183952028193,-0
2016-10-24,0.00127784395985,-0.00020295069521,0.000253319750892,-0.000306430842048,-0.000135930813634,-7.80812030461e-05,-0.000217618952539,0.000112741057279,-0
2016-10-25,-0.00101036428487,-0.000121612250458,-3.99870361943e-05,0,-1.80833690465e-05,7.80263589223e-05,0.000732932642604,-8.89297528795e-05,-0
2016-10-26,-0.000603702904956,-0.00073019164538,-0.000373207260801,-0.000396367619842,-0.000217408529023,-5.20524184617e-05,-0.000547940418299,-0.000646580046155,-0
2016-10-27,-0.000803111315061,-0.000162851542362,-0.000387924180547,-0.000506312415372,-0.000345529236307,-0.000217689394869,0.000177910432012,-0.0012858453409,-0
2016-10-28,-0.00089084558869,-8.1750927306e-05,-0.000281903912482,0,1.82738703894e-05,5.67974685914e-05,0.000462580486228,0.000113515646056,-0
2016-10-31,1.40807279443e-05,-0.000122590571984,0.000402953347835,0.00025416059388,8.21408640743e-05,9.61813498775e-05,0.00029233312252,0.000783095106502,-0
2016-11-01,-0.00217485159937,-0.000408077588889,-0.000375437882329,-0.000108853687199,3.68211311663e-06,4.36833057156e-06,0.000640354306962,-0.00106212570817,-4.12214240189e-06
2016-11-02,-0.00180558522752,-0.00111232355053,-0.000573771745641,0.000234156988245,0.00030028397479,2.15739591537e-05,0.00074146175167,-0.000731423428151,-0
2016-11-03,-0.00136882469279,-8.26454985135e-05,-0.000120445856689,-0.000271003514333,-6.39131279893e-05,-0.000142819380551,0.00053934672408,-0.000382474727107,-0
2016-11-04,-0.000328618150845,-0.0012419168404,-0.000522934181219,0.000416282668365,0.000310817135352,0.000130078749579,7.368334621e-05,0.000389473642647,-0
2016-11-07,0.00657668189918,0.00203001210227,0.00166394188703,-0.000235471456417,-0.00042085513688,-2.60295841878e-05,-0.00183538849282,0.000867541224175,-0
2016-11-08,0.00136080199117,0.000369679706997,0.000239484307412,-0.000323260649431,-0.000353748292863,-8.60296629116e-05,-0.000414309254012,0.000261802588906,-0
2016-11-09,0.00321434808391,-0.000246183045968,-0.00132904025039,-0.0018478866128,-0.00151332510013,-0.000369647452335,-6.49224465994e-05,-0.000759619104426,-0
2016-11-10,0.000766867026973,-0.000493795635812,-0.00142620407412,-0.00080963420626,-0.000590702538607,-8.61814694196e-05,-0.00147313081,-0.000830519575763,-0
2016-11-11,-0.000713632051017,-0.00119928808024,-0.000884093332308,-0.000361702498043,-0.000200967667263,-0.000138631027966,-0.00216751254596,0.000294949638357,-0
2016-11-14,0.000243998936853,-0.000665294651819,-0.000228944109785,-0.000799828488825,-0.000569302460362,-0.000383242055605,-0.000814120296898,0.00117355965252,-0
2016-11-15,0.0024299301406,0.000916583721713,0.000890683765706,0.000145719415027,0,3.05548229129e-05,0.00083227119494,-0.000423608493223,-0
2016-11-16,-0.000586721170938,-0.0013683412315,-0.000389486132394,0.000435060325647,9.15853798391e-05,0.000104221294124,-0.000287031126873,-0.00014471443336,-0
2016-11-17,0.00160608837922,0.000997336523075,1.34631660988e-05,-0.000744925095243,-0.000431352854874,-8.26894914885e-05,-0.000493101441633,-0.000510763268415,-0
2016-11-18,-0.000702419774228,-0.00132923342471,-0.000107643532075,-0.000635714909528,-0.000431182475288,-7.39771821343e-05,-0.000837975133709,0.000144992150413,-0
2016-11-21,0.00237474879683,0.00129279481178,0.000472773616311,0.000164173424275,8.29495601959e-05,0.000117951202114,0.000354674617281,-0.000151879982732,-0
2016-11-22,0.000615994595809,0.00045657368064,0.000524363350361,0.000181465992757,9.16044911297e-05,4.3465229748e-05,-3.28391067634e-05,0.000869244300319,-0
2016-11-23,0.000171399024423,-0.000538078458981,-0.000469277826641,-0.000687720135567,-0.000347348966703,-0.000164749072872,-0.00187484101032,-0.000213587369689,-0
2016-11-25,0.00117633762513,0.000290954884302,0.000255799916577,-1.82713406988e-05,-8.26045194333e-05,-8.27246954366e-05,-0.000526142242115,0.000290135820138,-0
2016-11-28,-0.00148995825511,-0.000539677794157,0.000242044063852,0.000689798098638,0.000439998673849,7.39619763425e-05,0.000977025133441,0.000233098369329,-0
2016-11-29,0.000615686338212,0.00082973426222,2.68694451995e-05,0.000217711103208,0.000100805847645,4.77867416412e-05,-0.000434877656994,0.000484741563253,-0
2016-11-30,-0.000757433472346,-0.00020705317134,8.04530253629e-05,-0.000778561496606,-0.000649244930604,2.59898081554e-05,-0.00124482765983,-0.000584358669458,-0
2016-12-01,-0.00116231698901,-0.000374180370348,-0.000552162071157,-0.000648491286906,-0.00036878568178,-0.000142282308476,-0.000172693036993,-0.000744524314014,-1.64976329788e-05
2016-12-02,0.000150356789166,0.000418156933239,-5.58452025742e-05,0.000631485429458,0.00044889486233,2.65791149521e-05,0.000537922242421,0.000498672876001,-0
2016-12-05,0.00179874680875,0.00116777820004,0.000334211555564,0.000166728315397,-3.8111399608e-05,7.06746474192e-05,-0.000536497186231,0.000371432164222,-0
2016-12-06,0.000950632719016,0.00103923180762,0.000208193156886,-3.69400475266e-05,3.79847219617e-05,9.68421152011e-05,-9.80316813274e-05,0.00032628929635,-0
2016-12-07,0.00392879980301,0.00199026252407,0.000747603377993,0.000515672061318,0.000331408527761,4.39446352115e-05,0.000355580665618,0.00101393246872,-0
2016-12-08,0.000738511010584,0.000123303255062,0.000233251966627,-0.000365136147513,-0.000375456893011,-4.78807806552e-05,-0.000229083375927,0.000353593204056,-0
2016-12-09,0.00182531365091,0.000451843524311,-0.000233151454513,-0.000602059842804,-0.000506563835909,-0.00022625492486,-0.00103042089173,-5.58086724238e-05,-0
2016-12-12,-0.000349035743775,-0.00049316543526,-0.000411658003308,-0.000182373432364,1.87442423577e-05,-8.70349136685e-06,0.000370033185774,0.000341191055748,-0
2016-12-13,0.00202882786667,0.00160384497072,0.000508048215299,0.00025561275167,5.63453837902e-05,-1.74239405411e-05,-0.000326218692851,-2.4836842299e-05,-0
2016-12-14,-0.0025157966946,-0.00249833708432,-0.00144955010451,-0.00107327368282,-0.000813702845872,-0.000386077711848,-0.00142248425408,-0.0011313747237,-0
2016-12-15,0.00125879307423,-0.000248551238758,0.000221307531462,-0.000239223090689,-0.00027438332475,-0.000307121592923,-0.0013232837132,-0.000300137751233,-0
2016-12-16,-0.000601190687811,4.1489651493e-05,-0.000304667295355,0.000128961647112,0.000123156307598,-2.63610801767e-05,0.000631327196381,0.000763776124718,-0
2016-12-19,0.000667463200624,-0.000124321836628,-0.000332099166786,0.000515493925986,0.000454281973642,0.000201915560079,0.000479790878315,0.000556773712423,-0
2016-12-20,0.00118211230279,0.000330728302557,8.32234932827e-05,-0.000183700486193,-0.000207671378535,4.81861274977e-05,-0.000709090569911,0.000118575015311,-0
2016-12-21,-0.000855522259107,0,-0.000152485814164,0.000422064220103,0.000160357194726,0.000122505307114,5.31447319748e-05,-0.000792034106773,-0
2016-12-22,-0.000529953325402,-0.000417020779757,-0.000457885994979,-1.78562306443e-06,-4.25825468266e-05,0.000153345709608,-0.000230545323331,-8.60657359726e-05,-0
2016-12-23,0.000449261628009,0.000334123643197,0.000236267113644,5.52387845419e-05,9.47867947194e-05,5.70242124475e-05,0.000301970311868,0.000134079685497,-0
2016-12-27,0.000761103185944,-0.000208468718632,0.000235885326331,-0.000147213897563,-0.000141880444429,-2.18977237353e-05,0.00055859545096,0.000108351063898,-0
2016-12-28,-0.00253883713382,-0.000291556395397,0.000304905422276,0.000312687886594,0.000359024420613,0.000126861607822,0.000265697615259,-0.000311964409951,-0
2016-12-29,-6.79588411935e-05,0.000542422179621,0.000763631482255,0.000607875553365,0.000302916076643,6.13795147457e-05,0.00126872903926,0.000637784003168,-0
2016-12-30,-0.00111072065548,0.000290887367437,-0.000262730929517,0.000403687734885,0.00029227490208,0.000161507726161,-0.000600838334343,0.000654221682122,-0
2017-01-03,0.0023165625207,0.000955863081176,0.000539353830234,0.000201730228319,-4.71585761612e-05,4.80205186721e-05,0.000760014476529,0.000171544635527,-8.08311625684e-06
2017-01-04,0.00178477709745,0.00183572134014,0.000456183376421,5.55671411229e-05,0.000114482416023,0.000110372646532,0.000353036467221,0.000730669357844,-0
2017-01-05,-0.000238458305018,0.00133889303908,0.000522468222896,0.000827510546865,0.000645536826234,0.000171183322926,0.00154855946672,0.000162165498024,-0
2017-01-06,0.0010678175195,-0.000605516459604,-0.000205224927665,-0.000658766345675,-0.000453377510696,-0.000205320254296,-0.000743569708537,5.96541911844e-06,-0
2017-01-09,-0.000990459138504,-0.000364021770274,-8.22378340559e-05,0.000329939431501,0.000378495123552,7.8783012175e-05,0.00082567885479,-0.00045500129201,-0
2017-01-10,0,0.000161754989301,0.00027418656185,-5.49589335057e-05,-4.7315976058e-05,3.9397966532e-05,0.0004309129866,-0.00042520238425,-0
2017-01-11,0.000845087403695,0.00105156364234,0.000438538565096,0.000238213336433,0.000113491669391,0.000157541245211,0.000314084851252,-0.000305286884555,-0
2017-01-12,-0.000750514575341,0.000120945751213,0.000122979831342,7.31162801177e-05,5.66524890585e-05,4.36108852021e-05,0.000366886047311,0.000250691568799,-0
2017-01-13,0.000684415176283,0.000564382666104,-5.46436833399e-05,-0.000347092846122,-0.000216913989896,-8.72240345477e-05,0.000268370395292,-7.15986848637e-05,-0
2017-01-17,-0.001052205882,-0.000402835424112,-5.45998782894e-05,0.00067552288857,0.000499544840449,0.000156905240296,0.00146602892038,0.00038163823148,-0
2017-01-18,0.000656482704153,-0.000683696853489,-0.000190789493929,-0.00085667745749,-0.000705686071779,-0.000243684890038,-0.000874577635004,8.338113303e-05,-0
2017-01-19,-0.00110602146173,-0.000282286917394,-0.000136679069206,-0.000511823497242,-0.000377492030601,-3.9244399018e-05,-8.95004177688e-05,-0.00050750572538,-0
2017-01-20,0.00109629072253,0.000728151633115,8.22501439111e-05,7.33122673804e-05,4.73411372211e-05,8.72101146654e-06,0.00025135839289,0.000359303168035,-0
2017-01-23,-0.000777290535214,0.00032276411535,0.000697290972356,0.00054855682736,0.000519177981239,0.000200843681411,0.000662533655334,0.000418095438144,-0
2017-01-24,0.00190529432093,0.000643910439173,0.000368204497485,-0.000310107888272,-0.00037659876757,-8.27436846807e-05,-0.000464365736391,1.190598875e-05,-0
2017-01-25,0.0025840276932,0.00148649126306,0.000449260312387,-0.000527817845002,-0.000488851947952,-0.000160834153658,-0.000846914841003,-0.000327085509185,-0
2017-01-26,-0.000314190621724,-0.000481034148142,-0.00021735200606,0.000126979286514,0.000131350059359,7.37245281276e-05,-0.00094293498152,-9.49337916223e-05,-0
2017-01-27,-0.000471864287559,-0.000361442500408,5.44068537977e-05,0.000163860559189,0.000122126836635,8.25578076069e-05,0.000204947951229,-0.000481512292183,-0
2017-01-30,-0.00186318865986,-0.0010849912587,-0.000258720069485,-9.10941753752e-05,-2.819552849e-05,-1.3041564467e-05,0.000428022416932,-0.000333108729267,-0
2017-01-31,-2.62804169797e-05,0.000524091807816,2.73500368324e-05,0.000475098608858,0.000339601945133,0.000104681125633,0.00141348469512,0.000352113940129,-0
2017-02-01,0.000118069904511,0.00052238418104,0.000108920616507,-0.000277287505363,-0.00018934195959,-0.00010434615967,-0.000312116856334,-0.000588943986431,-7.33336096524e-06
2017-02-02,0.000197590257271,0.000236806746022,0.000171414493851,0.00011113001268,3.82209137607e-05,4.3920539758e-06,0.000555555040454,0.000595972761938,-0
2017-02-03,0.00206538941478,0.000630233483035,0.000315860995957,5.53657798128e-05,7.62776967792e-05,-5.25588310006e-05,0.000251256740205,0.000275966444746,-0
2017-02-06,-0.000537401636523,-0.00109886813438,-0.000118006135385,0.000571431901153,0.000475003399424,0.000122178650589,0.00135534409597,-8.55512699753e-05,-0
2017-02-07,1.31454961735e-05,-0.000117705865053,-0.000183471294371,0.000202577221347,0.000180371686656,-2.18018950652e-05,-0.000207042910287,-0.000177063555282,-0
2017-02-08,0.000393067877562,0.000235455090068,0.000393249780024,0.000571107435367,0.000408314503693,0.000117807453061,0.000629959932193,0.000397003760917,-0
2017-02-09,0.0017763086443,0.000547457173597,0.000261363954699,-0.000477405154253,-0.000596401623959,-9.5697713953e-05,-0.000774224990002,0.000121775300904,-0
2017-02-10,0.00118763790151,0.0005471388775,0.00045697605344,-3.67253552573e-05,-6.61890442193e-05,3.91206395669e-05,0.000266471579605,0.000358977572994,-0
2017-02-13,0.00164001130397,0.00054553759855,0.000195325868269,-0.000292866949721,-0.000150913969243,-7.80085177986e-05,-0.000685781836058,1.81895873681e-05,-0
2017-02-14,0.00120894555151,-7.78355496237e-05,7.8013938716e-05,-0.000438639408987,-0.000358072217232,-0.000116846670659,0.000111305212176,-0.000266641837869,-0
2017-02-15,0.00158578838617,0.000544920635412,0.000377128370331,-0.000310756088241,-0.000188353072237,6.48922912286e-05,0.000445164956039,-0.000169681898329,-0
2017-02-16,-0.000259321314559,0.000310588697843,-0.000142712548153,0.000419350974942,0.00039470748255,0,0.000538078126625,0.000296234792912,-0
2017-02-17,0.000479060762565,-0.000503949125234,-0.000168396922324,0.00043683317439,0.00026269620878,0.000112091844206,-0.000341104486674,9.65618843672e-05,-0
2017-02-21,0.00181195707609,0.000658755829622,0.00041434790707,-1.81456546479e-05,-4.68535568277e-05,-4.2996744096e-06,5.96704927831e-05,0.00064558450247,-0
2017-02-22,-0.000270834202104,-0.000115821232585,0.000129038081839,0.000126994424984,0.000158921002247,9.01805937779e-05,0.000135914855624,-0.000168358416468,-0
2017-02-23,0.000206303754961,0.000270268765724,2.58066873391e-05,0.00032639841751,0.000261681116004,0.000115918110452,0.000874855552262,0.000264526130386,-0
2017-02-24,0.000386022834191,-0.00127128487177,-0.000540617402727,0.000723731649763,0.000456870245729,0.000141358430047,0.000644009892747,0.000239902774543,-0
2017-02-27,0.000475604259243,7.69733063408e-05,-0.000205790504962,-0.000361611128651,-0.000354007093308,-0.000132679978258,-0.000491096820521,0.000269710283646,-0
2017-02-28,-0.000823328665455,-0.000346630456885,-0.000437617153231,-5.42389620977e-05,-4.66090976244e-05,0,9.3207879862e-05,-0.000353840593736,-0
2017-03-01,0.00426682164509,0.00142814174735,0.000799577428114,-0.000926220564213,-0.00068758819239,-0.00029615903567,-0.000144336863015,-0.000156261705228,-9.80876835969e-06
2017-03-02,-0.00188925511433,-0.000931501966143,-0.000890346674182,-0.000370453114074,-0.000286346852383,-0.000157950134066,-0.00124306715764,-0.000270586882207,-0
2017-03-03,0.000188776642317,0.000741870333722,0.000422288457354,0.000149137840073,9.59644136048e-05,0.000114766719182,-5.91508724819e-05,-0.000195283355581,-0
2017-03-06,-0.000892296626926,-0.000506820888917,7.66641312076e-05,-9.30309730729e-05,-1.91299673647e-05,-5.28791477462e-05,-0.00066659139355,-0.000224571873975,-0
2017-03-07,-0.00089469271049,-0.000390884876466,6.40353644764e-05,-0.000260909001212,-0.000144199619858,-8.8372503218e-05,-0.000795051675529,-0.000236952825995,-0
2017-03-08,-0.000555758134754,-0.000783783950267,-0.00050091146421,-0.000486054652674,-0.000337371025859,-0.000217103311433,-0.000610652682208,-0.000914721654771,-0
2017-03-09,0.000380620491673,0.000629850252023,-0.000425715861149,-0.000619702573156,-0.000280719298822,-0.00013350990235,-0.000502606657908,-0.000733850881748,-0
2017-03-10,0.00105507795194,0.00118287319281,0.000413535042199,0.000301036266126,0.00021334696247,9.36566724993e-05,0.000213329840866,-0.000149398853162,-0
2017-03-13,0.000152036105172,0.000707406906904,0.000631083800857,-0.000337400181166,-0.000251324892537,-0.000115528908828,1.70070006961e-05,0.000119122518907,-0
2017-03-14,-0.00115187796928,-0.00113861320997,-0.000283090186767,7.48982540955e-05,0.00010623605046,-3.55216583702e-05,-0.000526815439464,-1.19002807818e-05,-0
2017-03-15,0.00260261105652,0.00236274655911,0.00117446064673,0.00116455681317,0.000881292751855,0.000454101460387,0.0018152631782,0.000972881629138,-0
2017-03-16,-0.000590043427936,0.00062288549532,0.000344508749593,-0.000222929119745,-0.000277681989141,-3.52111543862e-05,0.000404454707019,-9.44066505731e-05,-0
2017-03-17,-0.000525485953258,0.000233626943858,-5.10037624179e-05,0.000427164681293,0.000268103498349,0.000110017612484,0.000219040270855,0.000224211361244,-0
2017-03-20,-0.000327527420873,-7.77624027427e-05,0.000497129305241,0.000296682214713,0.000239149063816,7.47577392438e-05,0.000437696985876,-4.12560025202e-05,-0
2017-03-21,-0.00382398903158,-0.00089359665608,-0.000623925419639,0.000407776927956,0.000334380667384,3.51217290409e-05,0.0008660169317,-0.000212010104657,-0
2017-03-22,0.000694538211519,0.00019501928189,0.000244586167568,0.000279176452776,0.000191885234289,8.37814463745e-05,0.000244788245749,-2.67812719527e-05,-0
2017-03-23,-0.000315053712442,0.000428237653571,2.55547825856e-05,5.5598240239e-05,-0.000105379184416,-5.72116858995e-05,-0.000134801183644,0.000356617361784,-0
2017-03-24,-0.000214261555555,0.000390679284153,0.000140557159628,-0.00016699524568,5.75351245309e-05,0.000145201597253,0.000160034220018,-5.34929932708e-05,-0
2017-03-27,-0.000302310045781,0.000351408478563,-0.000153267304994,0.0004824602444,0.00024866275503,9.67445029689e-05,0.000564063352993,-0.000439508718949,-0
2017-03-28,0.00213943851402,0.000702329818397,0.000127606537301,-0.000463584801377,-0.000344099376196,-0.000166960449873,-0.000412173646016,0.000207713605406,-0
2017-03-29,0.00027629714481,0.000155806415481,7.64493661933e-05,0.000444099365254,0.000286237038522,0.000131587260688,0.000243505397942,0.000272488652417,-0
2017-03-30,0.000940448901815,-0.000583117397762,-0.000292437951442,-0.000369370481361,-0.000285698077487,-0.0001225940885,-0.000720757999936,8.86750511145e-05,-0
2017-03-31,-0.00069059275145,-0.000233549252855,-0.000381958211024,0.00014796576929,0.00020029457847,0.000149053388559,0.000209804681955,0.000290105963695,-0
2017-04-03,-0.000514906005731,-0.000155760736324,0.000394807964594,0.000745306990749,0.000495865311839,0.000120761298267,0.000528868848349,0.000142127473236,-6.00139630398e-06
2017-04-04,0.00019125837474,-7.63975446903e-05,0.000112407834778,-0.000184034715833,-0.000141614391401,-5.66341382488e-05,0.000226228970183,0,-0
2017-04-05,-0.000892265109951,-0.000802348939471,-8.74151587053e-05,0.000220811150679,0.000188799714183,9.58258748858e-05,0,7.2437057052e-05,-0
2017-04-06,0.000842238611689,0.000114803679015,-8.75392847185e-05,-1.8389196486e-05,-6.61659040943e-05,-2.61560115495e-05,-0.000369083826627,0.000265929431124,-0
2017-04-07,-0.000306051511475,-0.00019116254902,-1.25023225969e-05,-0.000441920485313,-0.000302156898333,-0.000196113562344,0.00023471531071,7.24568534273e-05,-0
2017-04-10,0.000178719239211,0,-0.00023770653348,0.000258055647588,0.000179581183473,2.61417440449e-05,0,0.000314389000815,-0
2017-04-11,-0.000357226733337,0.000611867700474,5.00430110734e-05,0.000571024705989,0.000462927645849,9.59282523848e-05,0.00145083014758,0.000350433567616,-0
2017-04-12,-0.00130996290759,-0.000114329859562,0.000174430002006,0.000440663697711,0.000310702734205,0.000186911372722,0.000693811749781,-9.03305745938e-05,-0
2017-04-13,-0.00193276536429,-0.000952673152904,-0.000261624654532,0.000257018746115,0.000301276387323,7.38848990381e-05,0.000484695743884,-0.000114408396887,-0
2017-04-17,0.00262494815431,0.00122202426905,0.00042448779518,-0.000110435123608,-0.000160412604053,-0.000117607534209,-0.000301491772416,0.000615451078597,-0
2017-04-18,-0.000888224044129,-0.000874640099447,-0.000584317583211,0.000806104969362,0.000573104071692,0.000108420843419,0.000483707351915,0.000138177022065,-0
2017-04-19,-0.000545743429181,-0.000684687505969,-0.000360651691959,-0.000311417481527,-0.000263133933215,-9.10924717343e-05,-0.000909246404694,-7.21025694765e-05,-0
2017-04-20,0.00241924614987,0.00133563123444,0.000511537166612,-0.000312632182583,-0.000226248971393,-5.22135953599e-05,0.000192479677449,6.02473636805e-06,-0
2017-04-21,-0.000951343657517,7.60225997859e-05,-4.97120454358e-05,5.49747941845e-05,4.69611868455e-05,-6.93420199538e-05,0.000291777725446,-0.000186195408192,-0
2017-04-24,0.00327508794152,0.00327179614216,0.000572118523793,-0.000293123111258,-0.000206768524233,-1.30166263939e-05,-0.000692473094586,-0.000565005750292,-0
2017-04-25,0.00174242883057,0.000983924856367,0.000358764053521,-0.000656283601799,-0.000514139855961,-8.19792552648e-05,-0.0010207454626,0.000209264214553,-0
2017-04-26,-0.000189172121994,-0.000567018006649,-0.000185382769372,0.000254899063001,0.000261492028153,0.000103446631309,0.000489121989035,-0.00037630450141,-0
2017-04-27,0.000252334265161,0.000226810616964,-0.000160709135775,0.000182147993504,6.53531048644e-05,4.31154796727e-05,-0.000373136884669,-0.00013140955774,-0
2017-04-28,-0.000655969298996,-0.000113417357676,0.000210145875441,0.000345953593716,0.000102708738331,7.32775280633e-05,0.000315060303037,-0.000519677206712,-0
2017-05-01,0.000756972955577,0.000416008897136,0.000197794072278,-0.000512882927543,-0.000215206151857,-0.000166844445328,-0.000912242681292,0.000292755908132,-3.62940767268e-06
2017-05-02,0.000113171073791,0.000893743774744,0.000246915544364,0.000275895037151,0.000207192323768,0,-1.67098214861e-05,-8.4062546408e-05,-0
2017-05-03,-0.00036392612514,-0.000483303194078,-0.000357431014037,-0.000202089437002,-0.000206853880746,-0.000109154176236,-0.00139322327893,-0.000665316386902,-0
2017-05-04,0.000352742916372,0.00108227658495,-0.00053201419648,-0.000165882835302,-0.00022641599943,-0.000188433965151,-0.000996547236285,-0.000240687028127,-0
2017-05-05,0.00118518136993,0.00153148485859,0.000284823820908,3.69520671062e-05,1.88845262893e-05,3.94778873335e-05,0.00018440499131,0.000463728543843,-0
2017-05-08,-5.02720263703e-05,-0.00070704736922,-0.000308438045273,-0.000386134735233,-0.000244591895918,-0.000192304922495,-0.000217120649523,-0.000347986003099,-0
2017-05-09,-0.000277031555555,-0.000261152778435,0.000556557296164,1.85723807913e-05,-0.000113171124679,-4.37861041442e-05,-0.000585986192569,-0.000264648973548,-0
2017-05-10,0.000541984696568,0.000224015513625,0.00039615208048,5.52723287966e-05,-3.78025135492e-05,1.75422982474e-05,-8.3811912926e-06,0.000385309202045,-0
2017-05-11,-0.000616603071804,-0.000298271350467,-2.47134541538e-05,-1.83951539266e-05,7.54320928612e-05,0.00014886617288,0.00038484590775,-0.000246440758566,-0
2017-05-12,-0.00050370879474,0.000671531499059,0.000272096401398,0.000737112118638,0.000509325519313,7.88406629656e-05,0.000276251636091,-0.000198501264461,-0
2017-05-15,0.0016590767652,0.00089370940642,0.000469100510183,-7.35811441063e-05,-6.58893801382e-05,-0.000131205924746,0.000259028253476,0.000144096275853,-0
2017-05-16,-0.00027567286744,0.000779487534121,4.92101455903e-05,0.000256623177524,0.000131364393005,3.48893035328e-05,0.000424808408902,-0.000329149912605,-0
2017-05-17,-0.00533162908807,-0.00185401735434,-0.000762155693992,0.00102572423747,0.000796895190023,0.000287377285388,0.00178061339282,0.000197252134321,-0
2017-05-18,0.00119357244582,0.000297785459995,-0.000925548364606,-0.000110415662191,-2.82373451322e-05,7.8685869468e-05,-0.000818583796433,0.000270077301305,-0
2017-05-19,0.00193499647904,0.00174962775658,0.000876213141435,0,-2.82835731025e-05,8.74239694626e-05,0.000492843509454,0.000264085156133,-0
2017-05-22,0.00151214751298,0.000407261491811,-1.22776622926e-05,-0.000127841627159,-0.000112287408251,-7.82594281597e-05,0.000415427467993,0.000191010774761,-0
2017-05-23,0.000660941116532,-0.000147740980478,-2.44862449247e-05,-0.000383343012742,-0.000261528371738,-7.37535118049e-05,-0.000630068411963,4.16929078404e-05,-0
2017-05-24,0.000698850669232,0.00033276657454,0.000171602252789,0.000347097284371,0.000205644640471,3.04244803592e-05,0.000389966591733,0.000399406789455,-0
2017-05-25,0.00143153682034,-3.69008316238e-05,0.000256772608492,9.09635944163e-05,5.59537881771e-05,-7.79734816853e-05,-0.000107583431795,5.95132322095e-06,-0
2017-05-26,-6.21372768531e-05,-0.000405029707059,0.000122077097696,-7.26314042511e-05,6.51531386845e-05,0.00011672221392,0.000875817561226,-0.000356187523358,-0
2017-05-30,-0.000260893733316,-0.000257619745714,-8.54150957859e-05,0.000381762293865,0.000251287092931,0.000108087346574,-0.000330405451059,-0.000308615487399,-0
2017-05-31,-7.45722097496e-05,0.000294598322967,-0.000366311211603,0.000200208249571,4.65570203848e-05,1.29625610679e-05,0.000396686864201,2.97150092633e-05,-0
2017-06-01,0.00238537473601,0.00103061691295,0.000366113567169,-9.11881414722e-05,-5.21947952703e-05,-2.25230975367e-05,8.25966683482e-05,0.000255178456984,-4.5058037163e-06
2017-06-02,0.000998537803449,0.00143475374431,0.000158381433877,0.000657596624514,0.000438881953019,0.000201102155366,0.000737242694374,0.000514381323047,-0
2017-06-05,-0.000220810578659,-0.000642394305125,0,-0.000308936936987,-0.000167236372202,-0.000130500857169,9.88974330795e-05,-0.000216724710457,-0
2017-06-06,-0.00095812122889,-0.000357355853054,3.64069239409e-05,0.000400516809571,0.000316322161254,5.66420903732e-05,0.00113084461077,-0.000241222590381,-0
2017-06-07,0.000552518310116,-0.000107151146549,-3.63929478508e-05,-0.000236539304167,-0.000186033354327,-0.000117577170268,-0.000536329318259,0.000349623000059,-0
2017-06-08,0.000147416928486,-0.000214478878918,9.71171218991e-05,-0.000200327075241,-0.000158177300203,-5.2260204312e-05,-0.00066030219393,-0.000120614989689,-0
2017-06-09,-0.000454944524887,-0.000536712215146,-0.0003403143399,-0.000163938893537,-9.30877328445e-05,-4.36127696989e-05,-0.000917240531236,0.000350174253975,-0
2017-06-12,-6.16416207242e-05,-0.000466128268931,-0.000182721202739,0,-1.86996090823e-05,-0.000104899599753,-0.000149069783497,0.000453760331168,-0
2017-06-13,0.00146738095078,0.0012916581786,0.000231562956776,5.48627634014e-05,3.73744175982e-05,8.3082388379e-05,9.94346024489e-05,0.000115016581644,-0
2017-06-14,-0.000380970530917,-0.00017882221959,-3.64234288417e-05,0.000637271930146,0.000521301213151,8.70709314917e-06,-0.000545038397866,7.23892533902e-05,-0
2017-06-15,-0.000577506487323,-0.00160897942607,-0.000437214047005,-0.000127332607985,-0.000176879640378,-0.0002440388496,-0.000412864954034,0.00025941872653,-0
2017-06-16,6.55904665163e-05,0.0013273221766,0.000158398636329,0.00012775745227,5.6067039318e-05,4.3752811893e-05,1.65669178245e-05,-0.000133157813682,-0
2017-06-19,0.00249848939419,0.000537228937335,0.000328463167342,-0.000273527875525,-0.000279727473938,-5.67703565051e-05,-0.000752666860983,6.03135626687e-06,-0
2017-06-20,-0.00203674764803,-0.00135818095323,-0.000594877239098,0.000309543403454,0.000251205006971,5.22825741306e-05,-0.000206363233261,-0.00012059197644,-0
2017-06-21,-7.43376925548e-05,-0.000137935848702,0.00018759923431,3.6425452523e-05,-9.34045882359e-06,7.8701920823e-05,0.000281694293962,-0.000102911986205,-0
2017-06-22,-0.000136253992348,0.00029026473722,0.000183890449678,9.14417516958e-05,9.33981568581e-05,0.000161747614171,0.000331323776151,4.84175698721e-05,-0
2017-06-23,0.00035882725036,0.000326256164088,0.00018369191679,3.63590310365e-05,2.79754046369e-05,3.93034005839e-05,0.000421988879328,0.000177577202776,-0
2017-06-26,0.000197646438437,0.000289510112419,0.000525741236674,0.000182274844336,8.37678045666e-05,7.84699848375e-05,-0.000883955696455,0.000365575211001,-0
2017-06-27,-0.00241934552872,-3.61222766618e-05,-0.000525300493835,-0.000600746114584,-0.00049312868425,-0.000235248419411,0.000371443001694,-0.000462677511965,-0
2017-06-28,0.002678015332,0.00134381220011,0.000294469696885,7.31745055111e-05,-9.3396510126e-05,3.94046253483e-05,7.46207943986e-05,0.000122310093388,-0
2017-06-29,-0.00264119014966,-0.00151854808497,-0.000561890331756,-0.000382309978645,-0.000372104834473,-0.000196017779326,-0.000478700218854,-0.000584380908989,-0
2017-06-30,0.000559082971398,0.000291205553,0.000393558981243,-0.000256491642173,-0.000234139149431,-7.01794179984e-05,-0.000249284263527,0,-0
2017-07-03,0.000509304790352,-0.000291079296472,0.000233552118079,-0.000357852150523,-0.000366649123692,-9.14027113094e-05,-0.00160301738815,0.000649345374873,-4.1773009607e-06
2017-07-05,0.000693611527842,7.27680436568e-05,-8.5347669007e-05,0.000110006081064,7.54553672959e-05,7.52644057089e-05,0.000370402548661,-0.000705891853001,-0
2017-07-06,-0.00274801602115,-0.000908799585282,-0.00054817912252,-0.000384806279484,-0.000188425253581,-0.000128321898954,-4.30399962593e-05,-0.000924827784836,-0
2017-07-07,0.00194242475468,0.000255978509898,0.000134820287866,-7.37383087235e-05,-0.000161176592989,-0.000155784051663,-0.00103050139737,0.000274329672559,-0
2017-07-10,0.0003233647918,0.000255675188903,0.000354910027319,9.20544825017e-05,0.000132566820802,-2.21881315067e-05,0.000164340647172,-0.000446724820196,-0
2017-07-11,-0.000223644948744,0.000474361568626,0.00035464361259,0.000184006923722,0.00013236347815,0.000159855906519,0.000129631563648,-5.35637118562e-05,-0
2017-07-12,0.00225891959046,0.00134858269292,0.000952753091116,0.000606133945512,0.000292917737316,0.000146427673899,0.000353909536151,0.000594432368777,-0
2017-07-13,0.000505607748188,0.000434563980412,0.000145616024406,-0.00021890927503,-0.000103217287166,-1.7625708932e-05,-0.000180091369156,7.67703173919e-05,-0
2017-07-14,0.00140478085674,0.00108559457344,0.000521473164083,0.000200624391465,0.000140687285235,-4.38440673193e-06,0.00081417670252,0.000466248278918,-0
2017-07-17,-3.67441700016e-05,-0.000252161008513,-0.000265586867316,9.07381169381e-05,0.000121379616923,0.000100839629187,0.000443606167317,0.000393601610001,-0
2017-07-18,0.000159338514925,0.000324006292656,8.44581434977e-05,0.000453583432391,0.000363975480176,0.000140195757592,0.000699110353237,-0.000105686038925,-0
2017-07-19,0.00162700506589,0.000718503484011,0.000493588744894,5.43423797987e-05,0,3.93910854126e-05,-2.55220959643e-05,0.000369083718747,-0
2017-07-20,0.000134103745687,0.000501295632574,-0.000107995350971,5.42369420977e-05,2.78177062079e-05,-0.000122062960119,0.000135675482648,-0.000227732576942,-0
2017-07-21,-0.000268122952049,-0.000393718209461,-0.0001079467194,0.000342716893757,0.000176309783317,7.40680861145e-05,0.00086461445637,-3.50138281598e-05,-0
2017-07-24,-7.31020644156e-05,-0.00028613417981,0.000191798574858,-0.000180312637179,-6.49431788203e-05,0,4.23513522732e-05,-9.3326308675e-05,-0
2017-07-25,0.000731231067592,0.000107323261463,-8.39612188624e-05,-0.000703336738178,-0.000556515866967,-0.000191643155891,-0.000330523530379,6.41804245817e-05,-0
2017-07-26,1.21724576113e-05,0.000967127129637,0.000372139095682,0.00037906414891,0.000315640910218,0.00014387988886,0.000814381329208,0.000338823106463,-0
2017-07-27,-0.000279632757992,-0.000571140585847,-0.000263222735712,-0.000287942480678,-0.000157312238147,-3.47543008939e-05,-7.60908268157e-05,5.82271882362e-05,-0
2017-07-28,-0.000353164573548,0.000142988858537,0.000191729723642,0.000396501669842,0.000166823372962,0.000117495175026,0.00076216903741,-0.000134140661468,-0
2017-07-31,-0.000170286805982,0.00032134601319,8.37833054935e-05,-9.00313524898e-05,2.78063277507e-05,0,5.07436357823e-05,6.40744608734e-05,-0
2017-08-01,0.000668712169996,0.000856831123052,0.000215360516216,0.000541074246331,0.000245612303842,4.2234998265e-05,-8.45505743433e-05,0.000221244565724,-5.49846419008e-06
2017-08-02,0.000145621118941,-7.01714796168e-05,0.00011576981786,-0.000145750544069,-9.34833852384e-05,-2.6428528177e-05,-0.000207210938117,-0.000454864529365,-0
2017-08-03,-0.000582657426439,-0.000210616946665,-0.000185367085606,0.000401232013303,0.000346209411087,0.000136631507502,0.000157592082416,-0.000100491346201,-0
2017-08-04,0.000546251121771,0.000210624838313,0.000127458663771,-0.000328306247699,-0.000271345666048,-7.05006038601e-05,-0.000779712292371,0.000165531635042,-0
2017-08-07,0.000558610155323,0.000105424797202,0.000394058030225,-1.82788364685e-05,5.61844675125e-05,5.72945134138e-05,-0.00011617396676,-5.32253455026e-05,-0
2017-08-08,-0.000740052840881,-0.000772068747289,-6.94740046469e-05,-0.000182245657958,-8.42294897515e-05,3.52432640185e-05,0.000290149440661,-0.000236352949602,-0
2017-08-09,-1.21712759584e-05,-0.00038668825752,-0.000278374192712,0.000182566798614,0.000121842527387,9.26579680661e-05,0.00120416856317,-0.000165720144654,-0
2017-08-10,-0.00423842227562,-0.00214296163801,-0.00115906922397,0.000200725823532,0.000374389017085,0.00012786637655,0.000746851486461,-0.000354854306252,-0
2017-08-11,0.000440050408082,-3.53201765059e-05,0.000151651633268,0.000165287315302,0.000113118020099,-3.1062801313e-05,0.00048442735904,-0.000303610743826,-0
2017-08-14,0.00295509845582,0.0010243635014,0.000431206465546,-9.17522085033e-05,-0.000244749370929,-0.00019948719652,-0.00072592633431,0.000814745612395,-0
2017-08-15,-3.65419039307e-05,-0.000140742815829,-3.48076846288e-05,-0.000292386077126,-0.000300027733398,-0.000150162055534,-0.000781230987149,-0.000148096706933,-0
2017-08-16,0.000524069607796,0.000916511040346,0.000604756813744,0.000366213486472,0.00018786569087,8.85002782524e-05,0.000741075906557,0.000195858594543,-0
2017-08-17,-0.00467463095015,-0.00168590245954,-0.00063734876902,0.000292025281032,0.000355682354921,0.000123415910589,0.000514386838325,-0.000307505982386,-0
2017-08-18,-0.000464280810078,0.000424085614852,0.000361406894581,-0.000128556527665,1.87513744323e-05,8.8882562287e-06,-0.000158586283486,-0.000499722069259,-0
2017-08-21,0.000232209866919,3.5269077389e-05,0.000128314159781,0.000146860748693,6.59950044222e-05,1.7738910946e-05,0.00038412371018,0.000523748542222,-0
2017-08-22,0.00309936329379,0.000741262653482,0.000442521314503,-0.000183349483452,-0.000197547350438,-6.20273352718e-05,-0.000458578233351,-0.000142606618059,-0
2017-08-23,-0.00107032967098,7.0378565928e-05,0.00024378065249,0.00045701209587,0.000346977972357,0.000136872476889,0.000382296992774,0.000503481455307,-0
2017-08-24,-0.000692532598743,-0.000175723136682,0.000115946816983,-0.000255619656969,-0.000159264372562,-0.000127908278462,-0.000315471202536,-0.000153840000275,-0
2017-08-25,0.000693756671638,0.000880151065845,0.000429787445405,0.000146336961619,0.000168874164471,8.39446421388e-05,0.000374244807663,0.000237094758371,-0
2017-08-28,1.20667754625e-05,0,-1.15658993697e-05,7.29122889306e-05,9.35637666665e-05,3.96670048587e-05,0.00161686875457,-0.000378199971236,-0
2017-08-29,0.000339365436366,-0.000630908669879,-0.000104092108611,0.000291300756835,0.000233540698311,7.91745067754e-05,-0.000223554046756,-5.31452489794e-05,-0
2017-08-30,0.00140571257076,-0.000210323098918,5.7824608383e-05,-3.64060171913e-05,-8.41298576398e-05,-1.32056545166e-05,-4.96792635804e-05,0.000277384844464,-0
2017-08-31,0.0017910170757,0.00126025832214,0.000173246172249,0.000272695889482,0.00015857180738,0.000127419990236,0.00120728408638,0.000282896606345,-0
2017-09-01,0.000421331361765,0.00027854381888,0.000367645452521,-0.000453141639322,-0.000295498448626,-0.000115170988806,0.0001974149699,0.000170018379778,-4.95814314255e-06
2017-09-05,-0.00215461611846,-0.00109154877934,-0.000380992618762,0.000818459399029,0.000695960762515,0.000324227016347,0.00111058349436,-0.000136367281507,-0
2017-09-06,0.00101754765084,0.00109243834546,0.000358875154087,-0.000218403568599,-0.000241464197177,-6.14000367224e-05,-0.000516048915003,0.000130533701547,-0
2017-09-07,-3.61687437966e-05,0.00123148411717,0.000246339431594,0.000490600982703,0.000435871212734,0.00021013755451,0.00104634514001,0.000319936851173,-0
2017-09-08,-0.000349473203288,-3.50360045893e-05,-0.000323436266132,-0.000235263206564,-7.39305547013e-05,8.73988103102e-06,-0.000126333584393,4.13170419278e-05,-0
2017-09-11,0.00317211595817,0.00112267750633,0.000580609003055,-0.000543672802002,-0.000573300996374,-0.000192100077146,-0.00140696639425,0.000460793638865,-0
2017-09-12,0.00101049263193,0.000314966697437,-8.90842263184e-05,-0.000289191498384,-0.000239757427388,-8.27224925718e-05,0.00029169137086,-0.000595125981453,-0
2017-09-13,0.000144327869921,-0.000699674001923,-0.000333986187703,-0.000198782229172,-0.000202831466949,-9.14108168453e-05,-0.000748704245838,-0.000129585333164,-0
2017-09-14,-9.64153754724e-05,0.000420748570608,0.000100395184759,0.000108675611584,1.84881927796e-05,7.85226570923e-05,0.000434446279847,0.000413266160611,-0
2017-09-15,0.000405130641976,7.00154282704e-05,0.000334270981767,-3.60759182575e-05,0.0001199607871,-2.61296571712e-05,-0.000496905072779,9.43294352953e-05,-0
2017-09-18,0.000640802568152,0.000244966437589,-4.45421337996e-05,-9.04531950052e-05,-0.000387358656814,-2.17697890069e-05,-0.000922386572403,-0.000271063530735,-0
2017-09-19,0.000302471876113,0.000735508330992,4.45801073522e-05,-0.00010859323565,-0.000110764493059,-5.66443667225e-05,0.000205151547873,-0.000330253614494,-0
2017-09-20,0.000108844521586,-0.000390106422938,-0.000144225526568,-0.000162599318556,-0.000193703667898,-0.000139382482037,-0.00078850060336,-0.000135530751593,-0
2017-09-21,-0.0008116481833,-0.000246495317287,4.51306010662e-05,-3.63299350975e-05,-0.000129374500978,-0.0001134253239,-0.000742562672008,-9.44954601115e-05,-0
2017-09-22,6.06771554538e-05,0.000352827316258,-0.000305464735211,0.000145305231967,0.000175955580063,0.000126796027694,0.000443318598792,-0.000350292791656,-0
2017-09-25,-0.000618658475379,-0.000669933519231,-0.000927110223537,0.000471494152221,0.000296149367878,0.000139802713676,0.00102055876733,0.000286760508861,-0
2017-09-26,0.000181934799332,-0.000564196643158,-1.13271358471e-05,-7.25154504567e-05,-8.33091394431e-05,-3.9320386514e-05,-0.00109967161682,8.3635729209e-05,-0
2017-09-27,0.00117865671809,0.000211850083248,-0.000271788180673,-0.00058127266135,-0.000509843536181,-0.000153155419334,-0.000919183908063,-0.000448767099593,-0
2017-09-28,0.000365063530352,0.000495290992257,2.2685674199e-05,1.81490082371e-05,-1.85392453025e-05,-3.50614877797e-05,0.000182521816643,0.000335585082313,-0
2017-09-29,0.0010694549896,0.000883046033883,0.000498343040232,-0.000163641813608,-0.000120508252932,-0.000109438386607,-0.0004992763112,0.00010171305385,-0
2017-10-02,0.00132251344101,-0.000176348172828,4.52399417967e-05,0.000121955798581,-0.000112193535739,-6.64492039281e-05,-0.000640869948974,-7.16771532563e-05,-8.84685644289e-06
2017-10-03,0.000642084120599,0.000588104281699,0.000687907818609,0.000164394404502,0.000141196331005,4.84973866047e-05,4.96855093618e-05,-7.23265136251e-05,-0
2017-10-04,0.00035588967492,-0.000276167134582,5.71955813648e-05,-5.46208995242e-05,-2.81794503493e-05,4.40059055394e-05,0.000280891966129,0.000252533915643,-0
2017-10-05,0.00177824222326,-0.000137919145278,0.000320117779793,-9.11219277564e-05,-0.000103253496549,-5.27513195821e-05,-0.000536667459571,0.000180265660841,-0
2017-10-06,-0.000343343665736,-0.000172268205997,-0.000194099056236,-0.000291328572036,-0.000121883349251,-3.95311652925e-05,0.000469977005607,-0.000162016973917,-0
2017-10-09,-0.000497660857122,6.89421859659e-05,-0.000171386928921,0.000273373304416,0.000112616944966,1.75600125342e-05,0.00081697892168,0.000120117981793,-0
2017-10-10,0.000793395377286,0.00137811493222,0.000490958328146,1.81909478767e-05,3.75171369587e-05,8.78561051079e-05,0.000263876866014,0.000150048557573,-0
2017-10-11,0.000472090891269,0.000515119430355,0.000147978441934,3.62471349168e-05,0.000112110312584,6.12822265776e-05,0.00032056751982,0.000167499441992,-0
2017-10-12,-0.00044772668815,0,0,0.000235292037508,9.33074714186e-05,9.17663108462e-05,8.2045293925e-05,0.000322469041946,-0
2017-10-13,0.000365161863822,0.000753806697745,0.000454266340279,0.000488947947642,0.000335606743041,6.98797913931e-05,0.000762745454753,0.0001313020818,-0
2017-10-16,0.000398965293453,-0.000136544018783,-4.52838741211e-05,-0.000198476622685,-0.000167302915542,-0.000113194194081,-0.000694795755648,-0.000249854999835,-0
2017-10-17,0.000211588277752,-0.000341959616846,-0.000249326022463,-7.22507293659e-05,-3.71722958752e-05,-9.15303584316e-05,-0.000687455569686,5.95473207906e-05,-0
2017-10-18,0.000294142344217,0.00027390212446,4.53934351702e-05,-0.000307481986034,-0.000251481939532,-6.10762604675e-05,-0.000376916763218,-5.36638961933e-05,-0
2017-10-19,8.23546495924e-05,-0.00027402192217,-0.000374560789354,0.000144703706347,0.000102454208755,6.54693812705e-05,0.000590216880022,-0.000149136243189,-0
2017-10-20,0.00155345960843,-0.00020539695305,0.000204279736799,-0.000578867758961,-0.000409908102781,-0.000113505318293,-0.000639279683233,-0.000286322027347,-0
2017-10-23,-0.00117740263178,-0.000376882348331,-0.000454152379438,0.000217136067189,9.32434748091e-05,4.3765797717e-06,0.000155798307185,-0.000190981862551,-0
2017-10-24,0.000530737416332,0.000343129824556,0.000136476092171,-0.000416904214841,-0.00029883380684,-6.99858275008e-05,-0.000386059305723,-0.000298904311405,-0
2017-10-25,-0.00149862776718,-0.000617989920979,-0.000113801064523,-0.000127006447235,-0.000158821645812,-5.2509078351e-05,1.64328202601e-05,-0.000143530300523,-0
2017-10-26,0.000390475174719,-0.000172125042336,-0.000262424785507,-0.000218254628716,-0.000131118553335,-2.193643119e-05,-0.000840477570454,-0.000407802029843,-0
2017-10-27,0.00247704060986,0.000586258747581,0.000617152057081,0.000437308924895,0.000319032689282,0.000158243188709,0.000470462628293,0.000222255687307,-0
2017-10-30,-0.00113183773901,0.000342992927429,-0.000409255708971,0.000543608152847,0.000354682090038,0.000131184624062,0.000188833865515,-4.18368222588e-05,-0
2017-10-31,0.000471562801837,0.000686017767838,0.000284213979501,-0.000126857822726,-6.53688391562e-05,2.18578829898e-05,-0.000377682163747,-5.9610994285e-06,-0
2017-11-01,0.000400552270219,0.000342764348808,0.000124939662048,8.71239296262e-05,5.97679347759e-05,5.16579838456e-05,0.000360943484322,0.000238811246342,-5.04427693556e-06
2017-11-02,0.00011652989441,0.000304864579016,0.000156460526889,0.000109652964482,0.000131965650851,7.47629341757e-05,6.60571634477e-05,0.000423717506189,-0
2017-11-03,0.00100057640011,-0.000135306229455,-0.000290176558336,0.00018293028374,0.000160107334239,3.50999889811e-05,-0.000469995785898,-0.000126947095751,-0
2017-11-06,0.000465289201149,0.000270532910794,0.000479726145202,0.000182575930464,0.000122393513293,8.34238891759e-05,0.00084898759445,0.00033841374586,-0
2017-11-07,-0.00020885114322,-0.000505818357434,-0.000311496828469,5.46149076921e-05,3.75252807249e-05,7.00153103154e-05,-0.000361667217141,0.000409771269459,-0
2017-11-08,0.000510743126313,0.000641256674568,0.000178157582928,-0.000127611002185,-0.000122134675376,-3.06360715392e-05,0.000345506278492,0.000253287624472,-0
2017-11-09,-0.00108929660359,-0.00101086351316,-0.000189006106726,-0.00014557281076,-3.75118935698e-05,-8.74575803761e-06,0.000410641819817,5.41812321626e-05,-0
2017-11-10,-9.29171810709e-05,-0.000371360664042,-0.000189327834695,-0.000802511593525,-0.000507455910372,-0.000219130308712,-0.00082294283528,5.43070284952e-05,-0
2017-11-13,0.000279454289016,-0.000575664315516,-0.000100567444187,0,-4.71527144419e-05,-4.4058773098e-06,0.000148568437361,0.000260187620464,-0
2017-11-14,-0.00069867357436,-0.000135463721278,-0.000335143078157,0.000201220686645,0.000141401191378,6.15324821951e-05,0.000206352869496,-0.000108913657233,-0
2017-11-15,-0.00150352023932,-0.000711609097386,-0.000402444785684,0.000384362434866,0.000358433631085,0.000140751805455,-0.000123889403105,-0.000520773046069,-0
2017-11-16,0.00254680764675,0.0014266285684,0.000874051940945,-0.000220154180367,-0.00025528872129,-0.000105803205091,-8.28109221324e-06,0.000424894891267,-0
2017-11-17,-0.000883793464265,-0.000574753810077,0.000278865959238,0.000219128035365,0.000131759896489,8.77591228164e-05,0.00120314632082,-0.000223527123874,-0
2017-11-20,0.000511593929552,0.000270457353515,0.000211858252139,-0.000109519816979,-0.000159913311928,-7.45982439025e-05,-0.00127701151498,-0.000150999705064,-0
2017-11-21,0.00196614182006,0.00115007786668,0.000624949775865,0.000201057202275,1.87807251361e-05,-4.36102858153e-06,0.000164907446274,0.000380798428135,-0
2017-11-22,-0.000266349798717,0.000505148102952,0.000166645400785,0.000345611143808,0.000318703254418,0.000148625616655,0.00091931744587,-0.000114330720126,-0
2017-11-24,0.000693467398097,0.000940986635662,-0.000188480514689,-3.63038222709e-05,-8.41685384066e-05,-6.10846159844e-05,-0.000253939228156,6.60525036175e-05,-0
2017-11-27,-0.000150102837413,-0.000939974724843,-0.000520548800049,0,6.53861457383e-05,-8.72713597058e-06,0.00041732676366,-0.000239952416241,-0
2017-11-28,0.00305252520682,0.000739551726017,0.000299445221641,0,1.87176467479e-05,-4.32513161601e-06,-1.63917477401e-05,-0.000192240865489,-0
2017-11-29,-0.000184318774921,-0.00063622952212,-0.000695991229303,-0.000488355159544,-0.000316920511479,-0.00013477623553,-0.000628495328785,1.79698310984e-05,-0
2017-11-30,0.00265717251466,0.000302297305385,-0.000321355150071,-0.000326709387599,-0.000308500043768,-5.23388314215e-05,-0.00076961988966,7.80329874269e-05,-0
2017-12-01,-0.000634687852035,-0.000436134163299,-0.000475920690825,0.000564804792572,0.000364724035063,0.000188535974909,0.000400677600219,0.000119881068057,-5.81833449345e-06
2017-12-04,-0.000362944641456,-0.000607704264932,0.000170249392082,-1.83067570295e-05,-4.72286943853e-05,1.76245026735e-05,-0.000337195530112,-0.000248251626696,-0
2017-12-05,-0.00107921617649,-0.000202853328823,-7.95641632836e-05,0.000201808389086,7.56565113841e-05,5.28645053513e-05,-0.000708311077496,-0.000414362812909,-0
2017-12-06,5.6863648793e-05,-0.000677659867441,-0.000626530788326,0.00020231663732,0.000208401382566,5.29920573974e-05,-0.000206348707468,-4.74579734848e-05,-0
2017-12-07,0.000945950718561,0.000440958300763,6.84112490413e-05,-0.000257756353273,-0.000180185023826,-6.63144667968e-05,-0.00130547967798,0.000124721026075,-0
2017-12-08,0.0016414952577,0.000848107117761,0.000570303062282,-7.36745761407e-05,-7.58890623883e-05,-2.21143855491e-05,-8.25987854071e-06,0.000255395705937,-0
2017-12-11,0.000909060520625,0.000304411407996,0.000329741246031,-7.33536967147e-05,-6.62076917774e-05,-3.96823722903e-05,-0.000387214611481,-5.92280988702e-06,-0
2017-12-12,0.000533566744075,0.000101315991686,-0.000363483754252,-9.16574997778e-05,-8.50045638634e-05,3.96438847387e-05,0.000115227853273,0.000242525998833,-0
2017-12-13,-3.40406991417e-05,0.000641654903758,0.000544974149784,0.000568112772381,0.000406015577542,8.80388103794e-05,0.000839105161035,8.27981679008e-05,-0
2017-12-14,-0.00123288531226,-0.000706931460558,-0.000316918662214,5.47450673027e-05,-3.764809928e-05,0,-0.00019681804981,-1.18072844417e-05,-0
2017-12-15,0.00250844129878,-0.000101230866566,0.000136150857423,5.50240840835e-05,-1.89015133054e-05,0,0.000205523803253,0.000313156985361,-0
2017-12-18,0.00192012322772,0.00168213197808,0.000520307970103,-0.000255757638791,-0.000225743597018,-8.77071904316e-05,0.0004507583524,0.000329846263392,-0
2017-12-19,-0.00116517806656,-0.000468997163588,-0.000135139105781,-0.000581497011911,-0.000449592110535,-0.000148464565959,7.3438766463e-05,-0.00106738313332,-0
2017-12-20,-0.000159030215948,-0.000100880470103,6.78425687651e-05,-0.000456346229561,-0.000291523184248,-0.000166595132356,0.000262159636579,-0.000571148567254,-0
2017-12-21,0.000625567908642,0.000482921026528,0.000502841094124,0.000175543099902,6.982619406e-05,0.000130146478083,0.000139468360138,-0.000189209357618,-0
2017-12-22,-7.93947558108e-05,0.000373244885932,0.000420111952001,9.1167885474e-05,3.76615381157e-05,3.07041175957e-05,0.000515863625674,0.000334676839916,-0
2017-12-26,-0.000362644365809,3.39412871169e-05,5.66874905329e-05,0.000163970788396,3.7578956385e-05,4.38122475069e-05,0.00067845016822,0.000244572669182,-0
2017-12-27,0.000147149180506,0.000372352257602,-1.13251326833e-05,0.000618794642774,0.000422466729931,0.000205698139097,0.000375679893879,0.000160942171157,-0
2017-12-28,0.000621360879283,0.000472851072868,0.000248555640435,-0.000145240523618,-0.000121763145812,1.74435234465e-05,0.000505182028435,0.000261663275805,-0
2017-12-29,-0.00113888355424,3.36874408086e-05,0.000248127213963,0.000199299168851,0.000158935824297,0.000126397357615,0.00065064516459,1.78161884517e-05,-0
2018-01-02,0.00215294687877,0.00131440163823,0.000890707807789,-0.000289855935758,-0.000327159835664,-0.00012200514651,0.00121959399977,-0.000183951190864,-7.06936296522e-06
2018-01-03,0.00189753168144,0.000928171566076,0.000481798183452,1.83351817692e-05,0.000104548840181,4.83474566995e-05,-0.000263685039577,-0.00014516286148,-0
2018-01-04,0.0012685368128,0.00135490693333,0.000309538198335,-0.000127773203011,-4.7336867804e-05,1.31388633179e-05,0.000509820751384,-0.000856210937609,-0
2018-01-05,0.00200927582855,0.000725328959016,0.000447222241548,-0.000127608015541,-0.000122915741407,-8.73510568983e-06,-0.000103304776086,2.40624948155e-05,-0
2018-01-08,0.000553568741758,-6.57667751523e-05,1.06232663459e-05,-5.44239369684e-05,-4.71419324705e-05,-5.23061614648e-05,-1.58517019006e-05,0.000251915857397,-0
2018-01-09,0.000685848808135,0.000131441026666,-1.06171018723e-05,-0.000544873408261,-0.000470958806686,-0.000161118330517,-0.000459329884114,-0.000629425787361,-0
2018-01-10,-0.000465410047025,-0.000394866809311,-0.000223165568516,0,-2.83261002526e-05,-1.74536752188e-05,0.000237930321024,-0.000540296585255,-0
2018-01-11,0.00221911089844,0.00098857414414,0.000329912127323,9.10902867779e-05,6.61889893164e-05,-5.23874423409e-05,0.000325645495333,-0.000162311413687,-0
2018-01-12,0.00198949090038,0.00144431555293,0.000540707529188,-3.63122954319e-05,-6.59380407985e-05,4.78489316342e-05,0.0012026804661,-0.000383306207369,-0
2018-01-16,-0.00104499802061,-0.000163366103996,-0.000253260327279,5.41758663999e-05,4.68587244231e-05,8.22618804333e-05,0.000165375648096,8.93964312631e-05,-0
2018-01-17,0.00290718767421,0.000817586834356,0.000718286382346,-0.000216818465367,-0.000215675276065,-3.46741493631e-05,-0.000811961842034,0.000328191715356,-0
2018-01-18,-0.000515783910434,-0.000358528102192,8.42108125676e-05,-0.000432287881748,-0.000308314593447,-4.31973234532e-05,-0.000219958667642,-0.000606496728204,-0
2018-01-19,0.00139697363541,0.000686055475707,0.00048536179409,-0.000415329861509,-0.00025286114015,-8.22570503541e-05,0.000440975834449,0.000250337270592,-0
2018-01-22,0.00250187298635,0.000814706042371,0.00042099533287,-7.20079808541e-05,-3.7378592583e-05,-2.59375977663e-05,0.000180665172756,0.000428067755208,-0
2018-01-23,0.000655558656212,0.000486793026247,0.000188650156627,0.000466292741323,0.000279097940525,7.31221666407e-05,0.00049278100068,0.000651270437411,-0
2018-01-24,-0.000119929423161,0.000485083388358,0.000480549391968,-0.000196504549371,-0.000185489544626,-3.42921075634e-05,0.00120842534404,-0.000247834674404,-0
2018-01-25,0.000130564357177,-0.000549073430823,-0.000187785144542,0.000499723322705,0.00021300287763,8.99010445091e-05,-0.000669549635149,-8.25021248469e-05,-0
2018-01-26,0.00356915707416,0.00129271206749,0.000699342621476,-0.000357214214032,-0.000287258841879,-2.99692183039e-05,7.79025972816e-05,-0.000165111719461,-0
2018-01-29,-0.00205756342847,-0.00141517512393,-0.000831043216076,-0.000337788675856,-0.000239695827279,-0.000115103836403,-0.000558192284446,-0.000627893214795,-0
2018-01-30,-0.00318202544428,-0.00116507067078,-0.000668953099723,-0.000303983916683,-0.000222639508837,-0.000115802512345,-0.000429040618561,-0.000336550877086,-0
2018-01-31,0.000153567599155,-0.000293130816586,0.000315606098474,0.000161947060251,2.79878104693e-05,0.000120875082727,0.000667354230588,0.000831992454453,-0
2018-02-01,-0.000350354002171,0.000390082364939,-0.000493472330681,-0.000608593406467,-0.000496633502971,-0.000249513155723,0.000329102982359,-0.001014207427,-1.50377920136e-05
2018-02-02,-0.00653086087512,-0.00324770491856,-0.00112416298388,-0.000595183903235,-0.00037040106119,-6.22340283842e-05,-0.00131178873936,-0.000424489687275,-0
2018-02-05,-0.0124437123247,-0.00606892300227,-0.0015915281897,0.000810882891089,0.000830119616927,0.000189248008351,0.00025332525564,-0.00149326606538,-0
2018-02-06,0.00572869588384,0.0028314539096,0.00121479061844,-0.000596138732342,-0.000453590879368,-0.000211397459013,-0.00107384031023,6.65034336169e-06,-0
2018-02-07,-0.00159652124508,-0.00199352408757,-0.00141371341202,-0.000458351887667,-0.000300098965354,-0.000114022532978,-0.000472840572141,-0.000211252060442,-0
2018-02-08,-0.0110516296907,-0.00361860765057,-0.00162185514884,-0.000345873140015,9.06308653386e-05,-0.000105598664429,0.000153279155523,-0.00142203934735,-0
2018-02-09,0.00433763724001,0.00100488453643,0.000724508965768,-0.000273846636538,-0.000184579204716,-0.000163638836564,-0.000172508690744,0.00122470692818,-0
2018-02-12,0.00427630143481,0.00193034727937,0.000666902507461,5.82260324041e-05,-3.0550197905e-05,3.7168838746e-05,0.000489689635903,2.0177839626e-05,-0
2018-02-13,0.000729555087492,-0.000561660662911,0.000378265297074,5.78715776592e-05,0.000171907868575,3.68893738437e-05,0.00057517536974,0.000346989076447,-0
2018-02-14,0.00396142974191,0.00286907080233,0.00100698258413,-0.000693521752751,-0.000625858777333,-4.60295222268e-05,0.001738708886,-0.000359713857264,-0
2018-02-15,0.00376633655824,0.000948847854236,0.000926263750238,0.000248467647735,3.00265469994e-05,2.74108970093e-05,0.00012036800201,0.000475870542351,-0
2018-02-16,8.6994235732e-05,0.000520154763757,-0.000186121477652,0.000398846363107,0.000238857318192,8.16429651449e-05,-0.000334823540221,0.00026923369133,-0
2018-02-20,-0.001858030752,-0.00149376134795,-0.000444131038267,-0.000208774398432,-0.000109376711549,-4.07960112985e-05,-0.00136969203701,-0.00058379666144,-0
2018-02-21,-0.001475954786,-0.000555454992706,-6.23547693058e-05,-0.000648875621942,-0.000300060520254,-0.000145907538301,-0.000464706545391,-0.000970166802117,-0
2018-02-22,0.000384491190499,0.00062368528887,6.26444045561e-05,1.92243231398e-05,0.000140710271966,4.58110867465e-05,0.000515166134777,0.000550346147065,-0
2018-02-23,0.00472265324687,0.00147370294996,0.000812464207964,0.000516506233775,0.000390894479417,0.000187388432627,-0.000128493662039,0.000780552597822,-0
2018-02-26,0.00346523970121,0.00116859812017,0.000474977553233,0.000151636541468,0.000119283929989,6.34376276051e-05,0.000246788017489,0.000137702458922,-0
2018-02-27,-0.00374744495438,-0.00225926172097,-0.00135510520489,-0.00043366824708,-0.000316129409558,-0.000126099103419,-0.00104475882991,-0.00114092055033,-0
2018-02-28,-0.00303399502991,-0.00153296221868,-0.000643192445181,0.000552584733729,0.000239570891021,7.28004718131e-05,-0.000103974531869,-3.29361687563e-05,-0
2018-03-01,-0.00433014820147,-0.00190015089034,-1.04107661519e-05,0.000182284878164,0.000440985726939,0.000155469851621,-0.000224957182286,4.63161218077e-05,-1.15126247079e-05
2018-03-02,0.00154641550638,0.000443136351732,0.000127213540453,-0.000318868829369,-0.000370945470915,-4.00815556839e-05,0.000537201862081,-2.04187403504e-05,-0
2018-03-05,0.00347870961775,0.000612332775491,0.000148151886836,-0.000112360568973,-0.000126564902659,-3.11203117408e-05,-0.000168056507916,0.000564149620666,-0
2018-03-06,0.000768442661014,0.00125320603771,0.000147518268209,3.72907399015e-05,-9.76023099042e-06,-1.32697058649e-05,0.00107567118945,0.000236876989605,-0
2018-03-07,-0.000111052539795,-0.000168776120081,-1.05098314271e-05,-3.71608265457e-05,0,0,-0.000643153050264,0.000310230205142,-0
2018-03-08,0.00146594122294,0.000439077937616,3.15195500084e-05,0.00031605750514,0.000203128185447,4.85359997732e-05,-0.000238365396345,9.44795029868e-05,-0
2018-03-09,0.00528476727251,0.00111193737527,0.000890956057075,-0.00037094175663,-0.000212323227211,-7.4837193981e-05,9.51228453754e-05,0.000276038675457,-0
2018-03-12,-0.000385183526532,0.000234160270911,0.000176931070692,0.000110555930297,0.000229978133686,3.49757943476e-05,0,0.000220620706081,-0
2018-03-13,-0.00197907196511,-0.000936289619124,-0.000488904295909,0.000257646754269,0.00016284164021,3.93166711891e-05,0.000188799646873,4.67806854945e-05,-0
2018-03-14,-0.00156547408116,0.000234815649449,6.25739579628e-05,0.00033208995587,0.000191999785796,8.32524548757e-05,-6.31061632894e-05,4.69113260983e-05,-0
2018-03-15,-0.000331099870966,-3.36292566435e-05,-0.000198317371639,1.83984341217e-05,-3.83680277889e-05,4.40407028672e-06,-0.000631471044676,-1.34153800602e-05,-0
2018-03-16,0.000329407575151,-0.000201592103535,-0.000156753036567,-0.000110816499142,-0.000115489824995,-8.34197928891e-05,-0.000237095491601,0.000355764071998,-0
2018-03-19,-0.00411541096143,-0.0012432315872,-0.000470362587166,-0.000203456618623,-9.621283285e-05,-3.07352226333e-05,0.000213434102816,-0.000443118227242,-0
2018-03-20,0.000513585606569,0.000135227549368,0.000431317152024,-0.000316391640675,-0.000193726869798,-7.5114978471e-05,-0.00044552171549,-0.000175692160533,-0
2018-03-21,-0.000580598672609,0.000372018617737,0.00027355086881,-1.85641341862e-05,6.78325909844e-05,0.000106061231367,0.0017266033663,-0.000378445610225,-0
2018-03-22,-0.00753600159435,-0.00276903059162,-0.00159673068021,0.000371577789267,0.000406166846893,0.000145603582409,-0.00039721080543,-0.000296907604833,-0
2018-03-23,-0.00633923787563,-0.00184517206453,-0.000722739188347,0,0.000136987945284,2.68361806639e-05,0.00131019837763,-0.000908014916493,-0
2018-03-26,0.00803038614639,0.00267001030729,0.00148091047663,-7.57213862178e-05,-0.000276289681095,-9.00665518593e-05,0.000543077118161,0.000574195748053,-0
2018-03-27,-0.00506473633567,-0.0012292329481,-0.00074219937319,0.00058025639049,0.000565042563881,0.00019116080883,-0.000632219028504,0.000192171229846,-0
2018-03-28,-0.000870048690806,0.000721499153118,-0.000341371133376,0.000112981189539,-1.95514104244e-05,0,-0.00141718309328,0.00127757629451,-0
2018-03-29,0.00375343045047,0.00164997002204,0.000896608489754,0.000584357908362,0.000205958967244,0.000107396675351,4.83371583588e-05,-6.2182166839e-05,-0
2018-04-02,-0.00637579792494,-0.00225258347821,-0.000731262692192,-0.000200696352487,0.000102414696134,4.98983410511e-05,0.00117586230215,-0.000699760190189,-8.80983528746e-06
2018-04-03,0.00384513889296,0.00117001191865,0.000486091166282,-0.000224529988354,-0.000320043765796,-3.10069931484e-05,-0.000754360418323,0.000423127263244,-0
2018-04-04,0.00323602815508,0.000342549322683,0.000161264903283,7.45132121607e-05,-5.79253003212e-05,-2.6452056057e-05,0.000117325089985,0.000528120584721,-0
2018-04-05,0.00240200850377,0.00112538274835,0.000107050278435,-0.000278120920483,-0.000249837802026,-0.000140502951205,-0.000506209754885,-1.9968556313e-05,-0
2018-04-06,-0.00681982821458,-0.00122470679771,-0.00088638236473,0.000443903165533,0.000431413255593,0.000197089638224,0.000458365841473,-0.000378489677022,-0
2018-04-09,0.0014861152387,0.00130295086757,-4.30266412304e-05,0.000167764129334,1.93309034572e-05,-8.826229712e-06,0.00033668449688,-0.000160591290482,-0
2018-04-10,0.00480339635004,0.00167492304672,0.000922744299753,-0.000148660731794,-0.000173431336003,-2.20018175043e-05,0.000234172355077,-5.33685009101e-05,-0
2018-04-11,-0.00159735113739,-0.000712675571928,6.39066979214e-05,0.000166061902819,9.56453954691e-05,0.000144183537028,0.000767206377239,0.00010596301827,-0
2018-04-12,0.00249601896096,0.000577556222378,-1.06631587141e-05,-0.000443296614241,-0.000354148590258,-7.87285193525e-05,-0.00115580291216,-0.000556891620237,-0
2018-04-13,-0.00089669652084,0.000135744867566,-0.000522221238911,5.53993953239e-05,8.6144054649e-05,6.99335243953e-05,0.000643527886413,0.000258444314537,-0
2018-04-16,0.00250661459322,0.000271702612246,4.26188826204e-05,3.69633350546e-05,-4.79219390633e-05,-4.3716424231e-05,0.00013958516702,0.000304871204571,-0
2018-04-17,0.00327829220658,0.000778582654663,4.25135529585e-05,5.51773360707e-05,5.72253803022e-05,7.40739099269e-05,9.2760921034e-05,0.000581376193352,-0
2018-04-18,0.000228042630571,0.000909488113595,0.000348905264881,-0.000549337343935,-0.000379691045408,-9.97243044241e-05,7.69163137237e-05,-0.000105186210779,-0
2018-04-19,-0.00171007034653,-0.000707103576922,-0.000274789238119,-0.000475968174603,-0.000265628598387,-7.80144632607e-05,-0.000192211180419,-0.000722816166661,-0
2018-04-20,-0.00261095082949,-0.000743999268195,-0.000583833270697,-0.00053328202942,-0.000324052946882,-0.000169815873149,-0.000749096269408,-0.000455423357905,-0
2018-04-23,-4.60119717629e-05,-0.000170174013855,-0.000331133315907,-9.23796915205e-05,-9.58865900125e-05,-1.31346748924e-05,-0.000784824335813,-3.98376925434e-05,-0
2018-04-24,-0.00414307689097,-0.000681618082249,-0.00022466439469,-0.000259481331067,-0.000115279561036,-0.000136006798307,0.00047475283667,0.000186236160945,-0
2018-04-25,0.00075384277061,-0.000342545808789,-0.000365525915333,-0.000260576258685,-0.000212312233297,-7.49304568262e-05,-0.000641333442826,-9.35924124422e-05,-0
2018-04-26,0.00311190353742,0.00113171864761,0.000505922886745,0.000335459829902,0.000280237117794,0.000128009438139,-0.000344558387268,0.000649195906571,-0
2018-04-27,0.000288649860995,0.000170454642764,0.000256849283848,0.000240930431473,0.000163335882968,0.000157989036759,0.000412640536402,0.000858405891686,-0
2018-04-30,-0.00236066248933,-0.000816182008174,-0.000330923093221,3.69803358201e-05,0.000105410699988,3.94288808135e-05,-0.000706698942145,-0.000199117344207,-0
2018-05-01,0.000543538834494,-0.000136625203443,-0.000278726226179,-0.000167428197267,-0.000153311306336,-0.000141762194639,-0.000686300553607,0.000459906642781,-1.07920058754e-05
2018-05-02,-0.00201521541837,-0.000201054871623,-0.000330239311375,0,1.9785292525e-05,6.26099485198e-05,-4.84985522898e-05,-0.000182323708232,-0
2018-05-03,-0.000658455915698,0.000302380748759,-0.000154548922317,0.000227687157536,0.000257151524917,6.27971704019e-05,0.000510629414434,-3.26433198976e-05,-0
2018-05-04,0.00385768951276,0.000570790846692,0.000242720685029,0.000132812537306,9.96068766294e-06,1.343448035e-05,0.000210630124962,0.000548201326366,-0
2018-05-07,0.00101554834911,-3.33247756421e-05,-0.000131657629781,-9.43970871635e-05,-4.92221317818e-05,8.92299879485e-06,2.41672831235e-05,0.000337471945526,-0
2018-05-08,0,0,0.000252072180382,-0.000226006882675,-0.00016697408621,-8.90578389924e-05,1.60921338946e-05,-0.000252828106676,-0
2018-05-09,0.0029093246522,0.000467163746672,6.5772633464e-05,-0.000226223050478,-0.000226051213624,-3.12047289271e-05,-0.000209326132143,0.000337272962507,-0
2018-05-10,0.00283284933877,0.0010645870009,0.000983766619484,0.000450943520021,0.000205755863682,9.77332180912e-05,0.000682242763698,0.000394441847985,-0
2018-05-11,0.00092694073017,0.000297360902772,-0.000173730444223,9.34221277963e-05,9.75736816333e-06,0,-0.000143512143043,-0.000173432216587,-0
2018-05-14,0.000145108524223,0.000264191698604,0.000151892325734,-0.000186542069804,-0.000213962296177,-0.00012342202472,-0.000406278775778,-0.000429977488034,-0
2018-05-15,-0.00209930294666,-0.00125573144374,-0.000955460784146,-0.000877452453009,-0.000544948867816,-0.000158820586676,-0.00160248563882,-0.000809281832661,-0
2018-05-16,0.00128357249114,0.000466493483335,0.0007007036626,-0.000225835312765,-0.000206078414076,-7.11416767099e-05,-0.000152749455132,-0.000148961928792,-0
2018-05-17,-0.000258512755394,0.000199629918948,-0.00069955219769,-0.000263056883338,-5.87880457406e-05,-9.32783343538e-05,5.61826697619e-05,-0.000245701233569,-0
2018-05-18,-0.000765617846718,-0.000533002171114,-0.000459698745419,0.000508055900103,0.000382616241273,0.000133399601551,4.01878819098e-05,6.47511535545e-05,-0
2018-05-21,0.00229788937368,0.000966694212579,0.000317605957369,1.89167381285e-05,6.87474915292e-05,1.78016912359e-05,5.62947823438e-05,0.00058309997278,-0
2018-05-22,-0.000852448787926,-9.96321418761e-05,0.000196300605778,0,-3.91163390079e-05,-2.21529018927e-05,-5.605224148e-05,7.09524707306e-05,-0
2018-05-23,0.000841913074629,-0.00142827179279,-0.000218275654431,0.000544090710453,0.00044994648899,0.000141904873993,0.000104178841384,0.000497134215896,-0
2018-05-24,-0.000627932164291,-0.000497819012449,-0.000174462071585,0.000543712116698,0.00025410854253,5.7577602784e-05,0.000840674567103,-0.000103205693082,-0
2018-05-25,-0.000728780426331,-0.000829374139735,0.000119912895021,0.000430955984936,0.000390787272726,7.08789461102e-05,-0.00030415424449,0.000174108227776,-0
2018-05-29,-0.00351115663518,-0.00298789607479,-0.00109078469116,0.00131274720777,0.00107544437908,0.000292498700343,-1.60163686147e-05,0.000238731227515,-0
2018-05-30,0.00404611345631,0.00210138175769,0.000427417384846,-0.000508661019496,-0.000432166357574,-9.35012974874e-05,0.000144850593166,0.000687197330788,-0
2018-05-31,-0.00187018763636,-0.000795436298649,5.44394960589e-05,-0.000168565479143,-4.88475664564e-05,3.09608436142e-05,-0.000215903088629,-0.000173944651892,-0
2018-06-01,0.00298865642475,0.00109721616569,0.000546242239762,-0.000246509673774,-0.000370869613668,-7.30352652314e-05,-0.000489333564746,0.000226209762778,-7.3203614261e-06
2018-06-04,0.00142539700502,0.000674205221244,0.000520931689768,-0.000471388840872,-0.000353162885661,-0.000102693529905,-9.7963196408e-05,0.000435389636381,-0
2018-06-05,0.000218809448987,-0.000168209719294,-0.000442458988906,0.000150531383026,0.000254586455185,0.000111418937316,0.000391071088839,-0.000132245683118,-0
2018-06-06,0.00251589453723,0.0012777947839,0.000718719552077,-0.000451402672869,-0.000401269499676,-0.000106906708476,5.70095961074e-05,0.000119597546208,-0
2018-06-07,-3.27190829088e-05,-0.000871020923694,-0.000771131856269,0.000430981556027,0.000419265014338,0.00015088288081,-4.86820361899e-05,0,-0
2018-06-08,0.000894349882749,0.000268167260192,-3.30896694171e-05,-0.000281270173543,-0.000136631851534,-8.43726233448e-05,0.000121799271739,0.000181994753129,-0
2018-06-11,0.000403041807123,0.00097135435055,-6.60641109407e-05,-0.00020610342251,-9.75034091756e-05,0,0.000178471957982,-7.52318502002e-05,-0
2018-06-12,0.000391848525721,-0.000936806107995,-3.30062208718e-05,5.61577759575e-05,-5.84008042042e-05,-3.98902288312e-05,-0.000332239845866,0.00030061420088,-0
2018-06-13,-0.000969260241135,6.69571857607e-05,-0.000363289108447,-0.000187296389143,-0.000116914298912,-3.10607852668e-05,0.00030002128068,-0.000983934246176,-0
2018-06-14,0.000764067400404,-0.000369091369693,-0.000264827037047,0.000506852813756,0.000312546426862,0.000128903147753,0.000154412429487,0.00047112345386,-0
2018-06-15,-0.000387548904997,-0.001038476445,-0.000264338964898,7.48234166344e-05,7.79945544309e-05,1.77568619881e-05,-0.00165512757283,-3.13691546241e-05,-0
2018-06-18,-0.000625927924599,-0.00104186632544,-0.000563623396149,3.76604555635e-05,4.88461174574e-05,4.00636024023e-05,-0.000187204200561,1.39689703394e-05,-0
2018-06-19,-0.00116663471601,-0.0016167511746,-0.00055380156635,0.000207265307095,0.000264747891226,8.03280484202e-05,-0.000252897526549,-5.09013386833e-05,-0
2018-06-20,0.00051901292124,0.000304049962479,0.000155549409677,-0.000378043742014,-0.000324563827222,-0.00013876638059,-0.00044190026468,0.000561749681934,-0
2018-06-21,-0.00190965208596,-0.00101334998706,-0.000677555149939,5.67897090375e-05,0.000265490668785,8.95088956024e-05,-0.000171804893432,0.00024251487122,-0
2018-06-22,0.000553710577093,0.00157831802454,0.000386899860057,0.000189490377401,1.97185889421e-05,7.18094931447e-05,0.000237991991058,0.00040330592752,-0
2018-06-25,-0.00412671088393,-0.00208584053352,-0.000625864147139,-0.000113414913286,0.000137547547605,2.23657502559e-05,-0.000368037455556,-0.000133962028697,-0
2018-06-26,0.000666824239076,0.00017223468582,-0.000191387441651,0.000323564060167,4.95347578562e-05,7.20935548531e-05,-0.000519039516725,0.00016708616072,-0
2018-06-27,-0.00249898901555,-0.00134233241648,-0.00104623281436,0.000361174958505,0.000385834785593,0.000166593761441,-0.000559821045732,-0.000199075145379,-0
2018-06-28,0.00171869101615,0.000518743252149,0.000440831112172,-1.90897920675e-05,-9.94017364861e-05,-6.78523147521e-05,-0.000297785590832,0.000464581181824,-0
2018-06-29,0.000434008994709,0.00110374568076,0.000766582620679,0.000171445515354,-7.931609815e-05,1.80375286252e-05,0.000354744827851,0.00012870588454,-0
2018-07-02,0.000643629426908,-0.00158209870897,-0.000517056776603,-0.0001922702079,-6.93527071094e-05,1.85446330392e-05,-0.000978900195088,-0.000288748093393,-9.61245557008e-06
2018-07-03,-0.00105932698873,0.000318181101277,4.78928425345e-05,0.000415059409375,0.000254327672492,0.000106680556342,0.00101311293264,0.000376539247645,-0
2018-07-05,0.00243517517114,0.000952883064505,-4.78224256017e-05,0.000188546105555,9.74461949285e-06,5.77008935684e-05,0.000340042062002,0.000597881683248,-0
2018-07-06,0.0025338930424,0.00101880762502,0.000607261960512,0.000206216165319,8.74966397068e-05,7.06864347181e-05,-0.000160792381781,0.000269982514794,-0
2018-07-09,0.00270778994352,0.00136385458123,0.000912634481621,-0.000186647572687,-0.000251532878059,-0.000101166156291,0.000244285662115,-0.000403096370908,-0
2018-07-10,0.00108711127276,0.00017411816799,-4.72190475585e-05,-0.000148684414882,-7.71427501676e-05,-7.44377946208e-05,-0.000184529684007,0.000103365927028,-0
2018-07-11,-0.00221603026999,-0.00264424597142,-0.00094333839168,7.41627878204e-05,0.000202190582909,5.25101249871e-05,-0.00108110961748,-0.000164056038047,-0
2018-07-12,0.00274501783514,0.00126103470701,0.000700435705954,0.000243206039309,-3.87229737753e-05,-3.96501317398e-05,0.000413430175372,0.000152939369876,-0
2018-07-13,0.000239417887877,0.000418110987521,3.53958177298e-05,0.000186014048417,0.000163817813438,9.64037075256e-05,-0.000436368470537,-0.00015211223061,-0
2018-07-16,-0.000271910920634,3.47572577513e-05,-0.000283222117387,-0.000223057799987,-0.000163727651966,-0.00013139599493,-5.03207737938e-05,-0.000267576672629,-0
2018-07-17,0.00123010415787,0.000174377489813,0.000389965810779,-7.44838045708e-05,-5.79432708523e-05,-6.57719085235e-05,-0.00106661678773,-0.000328800983493,-0
2018-07-18,0.000642156782119,6.97133188412e-05,-4.72592654046e-05,-5.58380441914e-05,-7.71730223311e-05,-7.89148206645e-05,2.51895033528e-05,-0.000219195937838,-0
2018-07-19,-0.00115340258273,-0.000627308323576,-0.000578769135107,0.000297689649736,0.000270067290386,7.01273939015e-05,-0.000419733563246,0.000578227949974,-0
2018-07-20,-0.000348667521603,0.000907474150239,0.000650659607057,-0.000391304400541,-0.000347763945159,-0.000118533463792,0.000630586014702,-0.000481586912037,-0
2018-07-23,0.000566418702717,-0.000244167714882,-0.000153703413241,-0.000689260048858,-0.000482703995071,-0.000232535976083,-0.00047059979868,-0.000103578284668,-0
2018-07-24,0.00153872884584,0.000943638076453,0.000758100780752,0.000280012592162,6.77067147066e-05,2.63592309817e-05,3.36761454735e-05,-0.000250287076344,-0
2018-07-25,0.00261002081585,0.00114952172435,0.000814611834339,1.85258163267e-05,-6.7477430762e-05,8.76248868714e-06,0.000536980855231,0.000389329369452,-0
2018-07-26,-0.000724715705048,-0.000623596091651,-0.000504882208373,-0.000111001531579,-0.000105426823239,-4.79297905782e-05,-0.000759377046451,0.000163387723855,-0
2018-07-27,-0.00208245532503,0.00038210749498,7.06267104925e-05,0.000148398724547,0.000153842172499,7.42891387619e-05,5.0209188731e-05,-0.000527837722297,-0
2018-07-30,-0.00159703218901,-0.000104443988226,-7.07491645344e-05,-0.000204395245065,-0.000125185346976,-2.62744110933e-05,-0.000150875937472,3.03895598901e-05,-0
2018-07-31,0.00150270949969,0.000139544294838,0.000236403996662,0.000167612650787,0.000135061190682,7.45681329079e-05,0.000285626579567,0.000822313074556,-0
2018-08-01,-0.000510036332929,-0.00052137235678,-0.000388761153803,-0.000202669170652,-0.000231285367438,-0.000119413672692,-0.000711678884787,0.000352103422735,-9.49216316202e-06
2018-08-02,0.00163432083598,-0.00113197608526,-0.000574065667322,7.55133385912e-05,0.000118405922507,2.70350026534e-05,-0.000538477288404,-0.000199963407794,-0
2018-08-03,0.0012930859642,0.000205962413503,0.000310175104651,0.00043554286114,0.00025674656329,9.90330437106e-05,0.000347609302404,0.000539593197309,-0
2018-08-06,0.00110776414808,-0.000718213671474,-0.000377782206113,0.000132059945062,4.92422923266e-05,8.97374122677e-06,-0.00051093656451,-6.64693405148e-05,-0
2018-08-07,0.00100150574597,0.000923790402481,0.000446640555225,-0.000358611834048,-0.000206744621258,-6.73127076628e-05,0.000225239672874,-9.06559303839e-05,-0
2018-08-08,-0.000127733075731,-3.41731663562e-05,-0.00011432250353,0,8.84155363586e-05,4.45119853863e-06,0.000276711744479,-0.000289570913883,-0
2018-08-09,-0.000414717786081,-0.000273240168851,-6.85848204783e-05,0.000282630909198,0.000275084799078,0.00011653822441,-0.000147033614657,2.4143276366e-05,-0
2018-08-10,-0.00203201400462,-0.00280156821093,-0.000983452016731,0.000433462433275,0.000432467044271,0.000161363902466,-4.32486204672e-05,-0.000380203570775,-0
2018-08-13,-0.00113361780292,-0.000721187184499,-0.000781674981869,0.00011377856727,-2.95644159081e-05,-8.98400905504e-06,-0.0015043848329,-9.70705472769e-05,-0
2018-08-14,0.0019329905481,0.000206874181681,0.000288590090806,-0.000190288090029,-9.92316249874e-05,-6.33624201802e-05,9.6054719571e-05,0.000243676434603,-0
2018-08-15,-0.00227131973573,-0.00223625708139,-0.00141640619992,0.000284615330299,0.000247435130764,9.92898492675e-05,-0.00163769544052,0.000382872087988,-0
2018-08-16,0.00245881957331,0.00100434504021,0.000336146985625,0.000114618718953,-2.99604356588e-05,-3.18041338192e-05,-7.89206141889e-05,0.000409860430705,-0
2018-08-17,0.00107395319464,0.00096560199257,0.000404003294616,0.000114215179721,3.97160202868e-05,2.26052506624e-05,0.000899399419239,0.000469099004357,-0
2018-08-20,0.000652545447576,0.000618312590664,0.000206949919578,0.000397815258732,0.000316244552045,9.91683484407e-05,0.00048705629919,3.64025916162e-05,-0
2018-08-21,0.000714642844384,0.00095908322571,0.000515928288413,-0.000170034729557,-0.000138005468556,-3.14617571254e-05,0.000286202102793,-0.000308607436162,-0
2018-08-22,-0.000180988236541,0.000718008388757,0.000286108826936,0.00016972451607,0.000186915369633,0.000107680368665,0.000216428008932,-0.000283865098935,-0
2018-08-23,-0.000404123008416,-0.001092785865,-0.000754382122699,-0.000112914198845,-9.81118571105e-06,4.03303770939e-05,-0.000925182879688,-0.000126662000696,-0
2018-08-24,0.00183533133546,0.00109649809316,0.000711074053206,0.000226760808075,2.9542744339e-05,4.94352955533e-05,0.00170049087084,0.00029658876539,-0
2018-08-27,0.00240780064577,0.00200972635644,0.000786681546675,-0.000263024073003,-0.000225359923227,-7.59678264804e-05,0.000370854246122,-0.000180510657911,-0
2018-08-28,0.000147708963225,-0.000339027897119,-0.000238274624457,-0.000373973601144,-0.000224249315809,-9.78491307134e-05,-0.000781068309268,0.000670644855374,-0
2018-08-29,0.00164888641855,0.000814581770705,0.000272641447353,-3.74145415729e-05,-2.92904695821e-05,0,0.000446876191429,1.1998130262e-05,-0
2018-08-30,-0.0012433754077,-0.00131955099096,-0.00129104114287,9.31811960522e-05,0.000184870263396,4.43914439337e-05,-0.000479751495278,-0.000322742221437,-0
2018-08-31,1.06405836799e-05,-0.00091752322575,0.000318477341576,-1.86663695366e-05,1.95903575966e-05,-5.79609638799e-05,-0.000111853791755,0.000198104019108,-0
2018-09-04,-0.000529308508783,-0.00146206376161,-0.00106979339565,-0.00022188054393,-0.000229354598654,-6.89284284765e-05,-0.000499331335311,-0.000600635468106,-9.44785040541e-06
2018-09-05,-0.000807483960459,-0.00112442735602,-0.000535260625807,-9.41769937048e-05,-9.75519564456e-06,-4.93267312061e-05,0.000345346133529,0.000288979205218,-0
2018-09-06,-0.000902454435048,-0.000528102887477,-2.43942755539e-05,0.000340092855312,0.000205897115298,4.49207976392e-05,0.000195199712472,0.000144799243858,-0
2018-09-07,-0.000581129658372,-0.00119763235963,-0.000219524815735,-0.000718513146178,-0.000451321016026,-0.00014379253121,-0.000275194661478,-0.000549250817187,-0
2018-09-10,0.000521087767621,0.000813541735668,-0.000587837906894,0.000189980115933,5.90597958321e-05,1.35352841831e-05,-7.13151469983e-05,0.000224259060857,-0
2018-09-11,0.000988850792073,0.000211983380214,6.11525861541e-05,-0.000341361340652,-0.00036411385427,-0.000103658971174,6.23266104902e-05,-6.07311284803e-06,-0
2018-09-12,7.27043376e-05,0.000635660795649,0.000305660624584,0.000132620804048,0.000118023212761,4.50512309365e-05,0.000845431698382,2.42040962276e-05,-0
2018-09-13,0.00177513190369,0.000951280987392,0.000622213789255,0.000132442391283,-9.82835565711e-06,-7.19198735683e-05,-0.000364074715248,0.000247549321618,-0
2018-09-14,5.1769209786e-05,0.00031615264658,-6.0827266142e-05,-0.000376952021069,-0.000185808792253,-8.96034649404e-05,-0.000654971560379,-0.000318956636949,-0
2018-09-17,-0.00159540218856,0.000140656199608,-0.000389635407043,0,1.95817747652e-05,8.95351090711e-06,0.000522896493835,0.000162694125823,-0
2018-09-18,0.00162835235895,0.00154905431036,0.000390076292915,-0.000434583333914,-0.000411865278634,-0.000103291065618,-0.000150832935311,-0.000241277214111,-0
2018-09-19,0.000320806208472,0.000526995688703,0.00066895790915,-0.00037705617712,-0.00016640921963,-5.37689986055e-05,0.000389523791438,-0.000583842337962,-0
2018-09-20,0.00244069848105,0.0016498204243,0.000413209151006,0.000263631174868,9.7822196582e-06,6.71625415207e-05,0.000345013049023,0.000463126319818,-0
2018-09-21,-0.000275882836278,3.49621786326e-05,0.000205434541026,0.000149942332752,3.88817769549e-05,4.43909832215e-06,-0.000686147687107,-1.79533169869e-05,-0
2018-09-24,-0.00100263069078,-0.000663628099692,-0.000628766284689,-0.000187398640501,-0.000106985599672,-4.89892242059e-05,-1.76002203736e-05,-0.000889569556,-0
2018-09-25,-0.000280119937089,0.000735996925465,0.000315528216848,-9.40874216716e-05,-9.7671843484e-05,-1.78780525711e-05,0.000158992562668,6.09701373665e-06,-0
2018-09-26,-0.000901644096898,6.33313385003e-05,9.19786113709e-05,0.000469931429223,0.000322028449439,8.48801000132e-05,-0.00052958802756,-0.000584181574099,-0
2018-09-27,0.000840397497494,-0.00042221069266,0.000147345887665,0.000131592119469,0,1.79003781107e-05,-0.000883517688226,0.000231475759281,-0
2018-09-28,3.10828996238e-05,-0.0010907003597,-0.000319233235177,-0.000206740723259,4.8781733419e-05,-2.23751713481e-05,0.000627257243049,0.00065780064375,-0
2018-10-01,0.00104818430982,0.000387126636111,0.000122816132822,-5.28668754406e-05,-0.000250562841659,-0.000147302598648,-0.000167905972977,-0.000456949426637,-5.63694585981e-06
2018-10-02,-0.000174815403848,-0.000968177619051,-0.000535266042113,0.000228054089747,0.000258187014128,8.16838720042e-05,0.00115483970443,-0.000112597248581,-0
2018-10-03,0.000164568319991,-0.000242048352646,-0.000413670099711,-0.000950342155637,-0.000744824854625,-0.000240517021791,-0.00039978255529,-0.000531732701677,-0
2018-10-04,-0.00235268130338,-0.00190841817114,-0.0011230651095,-0.000572159889083,-0.000259019085375,-0.000122924510646,5.34880389872e-05,-0.000414281374789,-0
2018-10-05,-0.0016829479088,-0.000733505724092,-0.000221205840805,-0.000441436085894,-0.000240764434597,-0.000137518560711,0.000287168363618,-2.52853014175e-05,-0
2018-10-08,0,-0.000805955721971,8.62979707199e-05,-7.70337984209e-05,4.02809894233e-05,-2.29742642071e-05,-0.00113435324784,0.00071638289846,-0
2018-10-09,-0.000438258576059,-0.000526276263479,-0.000123439468485,0.000289241694311,0.000191475094576,0.000142706009546,5.40792839086e-05,6.98058991126e-05,-0
2018-10-10,-0.00949850331004,-0.00333424147438,-0.00134593188065,-5.79202834104e-05,5.03678780901e-05,-5.06522249714e-05,0.000252465167043,-0.000749212583038,-0
2018-10-11,-0.00649396519726,-0.002030445448,-0.000426105845594,0.000606910628716,0.000419409640022,8.41215585069e-05,0.00265393263517,-0.00144352643163,-0
2018-10-12,0.00403123650917,0.000717241454644,0.00121116169229,5.91215786979e-05,-0.00012363002605,-7.99913104767e-05,-0.000506686762693,-0.000129746942875,-0
2018-10-15,-0.00164447779131,-0.000249751086802,-0.000476950886342,-0.000137296509553,6.14917788729e-05,3.27698116394e-05,0.000705709616461,0.000329132978882,-0
2018-10-16,0.0063744838359,0.00250065848108,0.00110604602071,0.000117891386674,-1.025166018e-05,4.68786797701e-06,-0.000183552388289,0.00101467219974,-0
2018-10-17,5.25993655371e-05,-0.000883429453965,-0.000584339954258,-0.000407850941949,-0.000294302337232,-0.000120544455864,-9.08051867794e-06,-0.000191775082561,-0
2018-10-18,-0.00426676056832,-0.00230263967728,-0.00125878910491,-0.000136351705376,0.000183142748522,-3.72113700495e-05,0.000118307556592,-9.6136839542e-05,-0
2018-10-19,-0.000159189419453,0.000749814740372,0.00043963159532,-0.000176570297888,-0.00012304184534,-4.68507155592e-05,8.25542013085e-05,0.000432766734486,-0
2018-10-22,-0.00131510963809,-0.000677540830935,0.000501843788947,-3.91761083206e-05,2.04284706148e-05,-2.80721289401e-05,-0.000274841773606,-0.000703209816216,-0
2018-10-23,-0.00148839548879,-0.00146579415914,-0.000477946452104,0.000255410429802,0.000266936555118,1.40784309632e-05,0.000624539770243,0.000219888602559,-0
2018-10-24,-0.00883211748541,-0.0039405381252,-0.00139899921962,0.00053157723164,0.000555521262853,0.000169246540669,0.000248492567539,0.000473091079654,-0
2018-10-25,0.00513385897775,0.00155943010452,0.000893134379397,-0.000179334742665,-0.000249943962173,-0.000218939238195,-0.000242241140844,0.00065610497453,-0
2018-10-26,-0.00508565432664,-0.00118804428597,-0.00036729650204,0.00047485687486,0.000465255799409,0.000259831077841,0.000342204484634,-0.00123745151002,-0
2018-10-29,-0.00158399546213,-0.000579704671417,-0.000930526073358,-0.000219060264282,-1.04356808787e-05,-5.2283466934e-05,-0.000428161137857,0.000642317821856,-0
2018-10-30,0.00422636779722,0.00174459514047,0.000959038314405,-0.000299651991914,-0.00022959522467,-0.000138326951792,-0.000476201902271,0.00070355329674,-0
2018-10-31,0.0030715105983,0.00115558734188,0.000546307057549,-9.92463496247e-05,-0.000259251170657,-0.000118466339388,-0.000603018498584,-0.000607557221722,-0
2018-11-01,0.00308344012469,0.00187197858426,0.00172254302087,0.00052294668653,8.90470447111e-05,-6.57161027493e-05,0.00136879562932,0.000240961717657,-1.76610893361e-05
2018-11-02,-0.00177684878543,0.000411789768487,0.00017847602455,-0.000594247625435,-0.000557019145267,-0.000151920605442,1.71519102564e-05,-0.000413002778078,-0
2018-11-05,0.00164995166651,-7.5126303936e-05,0.000230134563255,0.000134599531982,5.98635821737e-05,9.23414888156e-05,-0.000240769179951,0.000739211034378,-0
2018-11-06,0.00189815918501,0.000786376531926,-0.00019129096966,1.92078223764e-05,-0.000109458668513,-1.84178513524e-05,-0.000283033373151,0.000254241139224,-0
2018-11-07,0.00644734262425,0.0018678915488,0.000890582997036,0.000172077546205,0,3.67582192693e-05,-8.55839175867e-06,0.000602401118644,-0
2018-11-08,-0.000552872920633,-0.0015164873548,-0.00122185637257,-0.00035980866793,-0.000137622132057,-6.82386944526e-05,-0.000211794354111,3.76892910126e-05,-0
2018-11-09,-0.002981475814,-0.00107696008399,-0.000847386693616,0.0002472236409,0.000384887693847,0.000118736530884,-0.00110578416957,-6.34709529557e-06,-0
2018-11-12,-0.0056774110149,-0.00257605436756,-0.000648409988966,0.000324987304394,0.000297643627153,0.000105603333252,-0.000701190068933,0.000101417531638,-0
2018-11-13,-0.000562856345981,0.00056494913139,0.000577198336595,7.71869975429e-05,8.00642547999e-05,-4.16969645654e-05,3.45013599422e-05,-5.11509936882e-05,-0
2018-11-14,-0.0020511915187,0.000150573433837,0.000384560596484,1.9251214994e-05,0.000210007674755,4.64308427428e-06,0.000810370584789,-0.000127785871244,-0
2018-11-15,0.00311184692112,0.000489604914547,0.000974751229619,0.0002506571855,7.00321773715e-05,4.16937033527e-05,0.000112137102925,-0.000351598874014,-0
2018-11-16,0.000779839126433,0.00014988662513,0.000178727571291,0.000326323270024,0.000308819954525,0.00020743419525,0.000729795490841,0.00054720846242,-0
2018-11-19,-0.00506898843692,-0.00123300342289,-0.000623535233815,-1.91478014188e-05,0.000148907497978,-2.29826689568e-05,4.27867907673e-05,6.97643636773e-05,-0
2018-11-20,-0.0054889272668,-0.00274599475347,-0.00105047490072,-7.70341667302e-05,-1.99630351112e-05,-7.39989727624e-05,0,-0.000529971617912,-0
2018-11-21,0.0010019435811,0.00216579832446,0.00093168831336,0.000136113463513,-2.02018671026e-05,-2.34035868276e-05,0.000165355921473,4.51711997053e-05,-0
2018-11-23,-0.00196191306247,-0.000983588425178,-0.000528219395452,-5.80466970096e-05,6.03213073939e-05,-7.90752256043e-05,-7.79856064066e-05,-0.000102754713787,-0
2018-11-26,0.00472849561595,0.00201246769803,0.000349167265964,-3.88614407744e-05,-8.07265133914e-05,-5.60339222223e-05,-0.000113060388687,9.66698400992e-05,-0
2018-11-27,0.000994447281714,-0.000452536090713,0.000359583517232,5.79206830032e-05,0.000100195919358,-0.000134477660439,-0.000595993324986,0.000217647327735,-0
2018-11-28,0.00682495696776,0.00218603969009,0.00111672481783,0.000385982582745,-1.00243357747e-05,6.02553628765e-05,0.000371212105299,0.000460622126928,-0
2018-11-29,-0.000655143024172,-0.000708030312439,-0.000342665365264,9.54129843352e-05,0.000257448070664,0.000293312317417,0.00030728083255,1.26533408314e-05,-0
2018-11-30,0.00182489551462,-0.000522088485472,-6.34995842913e-05,-5.73158968422e-05,0.000198254998783,9.16017682657e-06,-0.000170835051374,0.000487419509868,-0
2018-12-03,0.00398166587247,0.00197319462378,0.00100165453138,0.000326780786886,0.000220061118259,9.398667755e-05,0.000741880517428,0.000278049683779,-4.69047819371e-06
2018-12-04,-0.00972071249903,-0.0037984517284,-0.000926385343241,0.000534381528222,0.000461757417301,0.000150950291044,0.000609912432039,-0.000740110739059,-0
2018-12-06,-0.000446392302451,-0.00139659493936,-0.00040064344764,0.00050297353069,0.000258835596615,4.63457053244e-06,1.74115845521e-05,0.00123595732947,-0
2018-12-07,-0.00682790932568,-0.0015479532324,-0.000989283899316,0.000270795373675,0.000298861615143,7.42017935278e-05,0.000827371630653,-0.000670388172946,-0
2018-12-10,0.000549188326246,-0.00125664246769,-0.00056840779801,0.000136576658058,6.02607548996e-05,-0.000126288799869,-0.000360158375209,-0.000328790480044,-0
2018-12-11,6.60935392869e-05,0.000152584236954,0.00049353764938,5.87324292513e-05,-0.000261700062423,-0.000206188556181,-0.000123214963907,2.48628620144e-05,-0
2018-12-12,0.00146325974405,0.00228873757378,0.000733833739901,-0.000156287492551,-0.000281720846817,-7.49555797925e-05,0.00021998264849,-0.000782976568649,-0
2018-12-13,-9.86700265345e-05,-0.000266120243251,7.56511754244e-05,5.83151299584e-05,6.01112166847e-05,9.33068896212e-06,-0.000228006361379,0.000287659207094,-0
2018-12-14,-0.0053734237786,-0.00201504453572,-0.000617910970614,5.84519953838e-05,0.000160501671775,3.73496169106e-05,-0.000412204962905,-0.000144176669334,-0
2018-12-17,-0.0056505948297,-0.00126511916053,-0.000534069457332,0.000353574102048,0.000303394616832,8.94698517674e-05,0.000716348813157,-0.00189600721697,-0
2018-12-18,-0.000312125368145,0.000154532550122,0.000307607417327,0.00061518259041,0.000258480295259,0.000135029669416,0.000249591616176,0.000503243924229,-0
2018-12-19,-0.0042496217159,-0.00158127912322,-0.000818734692851,0.000198022087718,0.000367093163905,9.01537535314e-05,-0.000640586390994,-0.000540449819234,-0
2018-12-20,-0.00458290010202,-0.000543860250663,0.000373671019674,-0.000199453245079,-0.000133564011355,-0.000148170185309,0.00162199658708,-0.00073644755103,-0
2018-12-21,-0.00569942560488,-0.00284831713076,-0.000401187685954,-0.000100200591711,9.28522079407e-05,-2.39957742315e-05,-0.000468020885467,-0.000675375763687,-0
2018-12-24,-0.00727293894654,-0.00157741982519,-0.000383071475193,0.000141676725959,0.000270942413612,7.75966564851e-05,0.00118202204969,-0.00172193727166,-0
2018-12-26,0.0136664085069,0.00365889506237,0.000876972500319,-0.000408440972761,-0.000515356755578,-0.000107720492739,-0.000330391016179,0.00157410233002,-0
2018-12-27,0.00214214593977,0.000118437512938,-0.000104378484001,0.000340879123873,0.000268421740992,0,0.000820066619758,-6.44085170886e-06,-0
2018-12-28,-0.000361386646228,0.000944139783492,0.000350998242946,0.000779601863736,0.000576375624262,0.000153266508102,0.000439999517538,0.000154016059375,-0
2018-12-31,0.00244318854759,0.000313744737304,-9.07148862714e-05,0.000538081369233,0.000400038790375,3.81959027824e-05,0.00017009840321,0.000127952667893,-0
2019-01-02,0.000291643706896,-0.00019538266869,0.00021947879564,0.000158763466708,0.000224817092873,8.08805367151e-05,7.13399779786e-05,-0.00103238592766,-2.86836003592e-05
2019-01-03,-0.00715875829531,-0.00121449427841,-0.000783916106676,0.000825765761765,0.000794956159751,0.000291743917768,0.000906617042381,0.000349564745523,-0
2019-01-04,0.00986802473968,0.00460246524482,0.00156412468066,-0.000604265477913,-0.000818951446953,-0.000105471327599,-0.000820870509658,0.000593004567111,-0
2019-01-07,0.00236680127078,0.000481844641086,0.000103648006543,-0.000334912793571,-0.000275514303343,-3.16597283213e-05,0.000343345027156,0.000496280463912,-0
2019-01-08,0.00283365209469,0.0010808946354,0.000284208425313,-0.000148521026355,-0.000246160002174,4.05616770757e-05,-0.000268926691695,0.00105040846556,-0
2019-01-09,0.00141625502037,0.00187272019417,0.000732929610544,0.00016625923995,5.65767206543e-05,5.83345376321e-05,0.000632713379424,-7.42209607192e-05,-0
2019-01-10,0.0010687806241,0.000634462624869,0.000383892381567,-0.000220612363506,-4.69278311715e-05,-0.000116095818286,-0.000581219386281,0.000698175156613,-0
2019-01-11,0.000117230152812,-0.000949959836989,-0.000319332535953,0.00027530390055,0.000290249141397,0.000129250774985,0.000169219396979,0.000147427977135,-0
2019-01-14,-0.00185250892534,-0.000791769767428,-0.000357689862156,-0.000275342616758,-5.6217242645e-05,-8.9165552922e-05,0.00023370390978,-0.000174262227211,-0
2019-01-15,0.0034704679583,0.000953347106046,0.000333257946471,3.68691678646e-05,-9.39363682564e-05,-4.47023507489e-05,-0.000169808153614,0.000497612582008,-0
2019-01-16,0.000737603699436,0.00047424858633,0.000497449208678,0.000164930621558,-5.61099926568e-05,-4.46781955639e-06,0.000313795205524,0.000368007897697,-0
2019-01-17,0.00231201033398,0.000512520256198,0.000241715408433,-0.000146275080268,-0.000177163252811,-3.99570561484e-05,-0.000128413054644,0.000253621268799,-0
2019-01-18,0.00407544002814,0.00165113471117,0.000266419374298,-0.00014575781109,-0.000306835487948,-5.75423131999e-05,-0.000872371692466,0.000179696751053,-0
2019-01-22,-0.00417189418845,-0.00238669091902,-0.000858573270421,0.000163152357218,0.000333158722327,3.08476384224e-05,0.000342504960994,-0.000158962949279,-0
2019-01-23,0.000641700756798,0.000787827228195,0.000495744315028,0.000200974440668,-4.65911560296e-05,-5.76458993272e-05,-0.000136321618652,6.66930971825e-06,-0
2019-01-24,0.000163079109722,0.000196603600402,0.000431364238469,0.000327957203281,0.000306862407015,7.52229177206e-05,-0.000152075274206,0.000179704090241,-0
2019-01-25,0.00259277749425,0.00192351718,0.000506732911212,-9.10434692904e-05,-0.000222810957428,-7.51080985963e-05,0.00141452404581,0.000657947652508,-0
2019-01-28,-0.00233304461511,-0.00074084962568,-0.000541099490609,-0.000108378865681,2.76413306156e-05,-6.58739137665e-05,0.000341351562455,0.000521502189406,-0
2019-01-29,-0.00040538069607,0.000430166758107,6.3110809234e-05,0.000507603142649,0.000277533073501,0.000140890058075,0.000549344143076,0.000423750298699,-0
2019-01-30,0.00482064508542,0.00171737614205,0.000906864104597,0.000434208259737,0.000221589574629,0.00026370296002,0.000564143469764,0.000436089574157,-0
2019-01-31,0.00269139281572,3.86210322163e-05,0.000549041193305,0.000573630298213,0.000439050550892,0.000269951485701,4.72299273614e-05,0.000562990855932,-0
2019-02-01,0.000148188560989,-7.69366164917e-05,-0.0003848336137,-0.000396939720897,-0.000510680064904,-0.000168927520142,-0.000195786780545,-0.000345173807895,-1.75314322078e-05
2019-02-04,0.0021105903529,0.000527015934505,0.000108520346032,-0.000168306579217,-0.00022094569824,-9.93750589185e-05,-0.000433735675122,0.000374026328849,-0
2019-02-05,0.00126369464529,0.00120186097776,0.000565421188716,0.000429088394059,0.000172535981887,6.75865256229e-05,0.000256464212859,0.000288956433314,-0
2019-02-06,-0.000397431983928,-0.000972422808905,-0.000598983698378,-0.000111337051317,7.63262096179e-05,-3.14061513429e-05,-0.000670370136727,-0.000329683096457,-0
2019-02-07,-0.00287837005411,-0.00191317339089,-0.00046861669634,9.30663201559e-05,0.000325473284891,7.65499645157e-05,0.000240144208324,0.000414857203228,-0
2019-02-08,0.00036677468886,-0.00052738091749,-0.000193067175592,0.000449119870298,0.000134678891614,2.25947638535e-05,0.000377785368369,0,-0
2019-02-11,0.000166659074225,-0.000301159061343,-0.000289381023229,-0.000205707966306,-0.000153758490419,-0.000103902502529,-0.00049000744497,0.000138767923736,-0
2019-02-12,0.00387089324819,0.001959974809,0.000482924642705,3.74315610546e-05,-0.000134654525126,9.0335965745e-06,0.000209116127445,-0.000320176935661,-0
2019-02-13,0.000983993762853,3.74434619877e-05,-0.000347991267179,-0.000353580985771,-0.000248574305543,-8.97869595626e-06,-0.000391703427515,0.000258198183209,-0
2019-02-14,-0.000674400395379,0,9.60093439137e-05,0.000297778288875,0.000468504043415,0.000139354848445,0.000551619906599,0.00016211419114,-0
2019-02-15,0.0033025816774,0.00202099043675,-8.39186788663e-05,0.000148796498568,-9.55034001962e-05,0,0.00059098599851,0.000341909647728,-0
2019-02-19,0.000526769055237,0.000743888285774,0.000500368363429,0.000110849500505,0.000170880982525,0.000116086565889,0.00150799182529,-1.19237749309e-05,-0
2019-02-20,0.000612497460494,0.000593011999758,0.000213682303826,1.8243259867e-05,-1.89881590763e-05,1.77814362669e-05,-0.000173967478925,-0.000314798963492,-0
2019-02-21,-0.00108167363117,-0.000370297164582,-0.000106734382039,-0.000441290446438,-0.000292835908331,-8.44147386186e-05,-0.00112975139928,4.74759580586e-05,-0
2019-02-22,0.00188588431576,0.000557285158441,0.000559313717739,0.00049828983875,0.000293852497426,0.000129291064293,0.000356747864714,0.000297709275678,-0
2019-02-25,0.000414687047402,0.000480817013965,0.000663370160339,-5.52146453218e-05,-0.000150959150998,-3.54988182919e-05,-0.000102589323484,-0.000397097488548,-0
2019-02-26,-0.000218027023329,0.000628160109866,-0.000153869345443,0.000220309791927,0.000292343869463,7.09746311027e-05,0.000165588622566,-0.000153988879867,-0
2019-02-27,-0.000130887510239,-0.000479962560594,-0.000390280304214,-0.000421683561459,-0.000348657156926,-0.000115215988916,-0.00070118587703,-0.000248547066662,-0
2019-02-28,-0.000568294287692,-0.000629464086445,-0.000379499552407,-0.00034942910109,-0.000255131075907,-7.99857379636e-05,-0.000553067225678,0.000130555883601,-0
2019-03-01,0.00190646975099,0.000928104017589,5.94562281267e-05,-0.000319897317596,-0.000323689396625,-9.8032260485e-05,-0.00167157926332,-0.000154719914479,-9.49852267943e-06
2019-03-04,-0.00109110007229,-0.000584602315249,0.000179999132947,0.000243808912105,0.000308940997839,7.22744897786e-05,-0.000262553086672,0.000226938566576,-0
2019-03-05,-0.000406917667777,0.000109718924698,0.000588463938448,0.000131348494318,5.80084363043e-05,-1.80716329844e-05,0.00013139875904,0.000137467553039,-0
2019-03-06,-0.00180831113511,-0.000438572410222,-0.00025203161902,0.000300240750771,0.000280065529483,5.87433604683e-05,-9.02690561761e-05,-0.000232933410403,-0
2019-03-07,-0.00248785662295,-0.00190458001236,-0.00081784296484,0.000563941092099,0.00033875331989,0.000140415311409,-8.22406076732e-05,-0.000107745051445,-0
2019-03-08,-0.000592447537572,-0.000184002802554,-0.000362399672114,0.000264392618234,0.000145805113241,4.5492181553e-05,0.00109859876942,5.41036848423e-05,-0
2019-03-11,0.00428468284403,0.00136053153676,0.00101423137172,1.88750385429e-05,-7.77894020435e-05,-9.09326944224e-06,-0.000495376767322,0.000739122100057,-0
2019-03-12,0.00112274752951,7.30566719329e-05,0.000203895600975,0.000374902258418,0.000279914642687,9.48133272156e-05,0.000606823022106,0.000232748390822,-0
2019-03-13,0.00197217337066,0.00109234066846,0.000107595303189,-9.33126282747e-05,-3.84889779502e-05,5.85433718782e-05,0.00070311422551,0.000249944622949,-0
2019-03-14,-0.000191190981023,-0.00014502066386,-0.000262006587117,-0.000297956166288,-0.000143768833168,-1.34656936159e-05,-0.00116441723381,7.7031383746e-05,-0
2019-03-15,0.00147808168463,0.00149000713187,0.000680246999945,0.000503699669483,0.000316939960664,0.000175252306987,0.000456974195614,-0.000160366445174,-0
2019-03-18,0.00108475294756,0.000506333353351,0.000570016948371,-3.70922516717e-05,-0.000133785780107,-4.45402903224e-06,5.68409327531e-05,-0.000254117952715,-0
2019-03-19,7.43311234645e-05,0.000397047876304,1.18568522985e-05,-0.000111237078314,-6.67778541822e-05,-4.46412568141e-05,0.000275589869584,-0.00015338700553,-0
2019-03-20,-0.000902073938201,-0.000144338351149,-1.18523154392e-05,0.000815108593335,0.000696052200064,0.000330199536762,0.000648208087325,0.000153328314131,-0
2019-03-21,0.00336908329781,0.00014410998983,0.000118324387307,3.68827843649e-05,-4.76222979139e-05,-4.45052469201e-06,-0.000404487545176,0.000894954411246,-0
2019-03-22,-0.00578206550149,-0.00287048024328,-0.00153171848221,0.000994729564539,0.00073952741033,0.000150838964031,0.000233643988991,-0.00036941871549,-0
2019-03-25,-0.000223403783072,0,0.000228590917727,0.000371364810483,0.000258148264084,-1.34321427336e-05,0.000771891466708,6.50542064904e-05,-0
2019-03-26,0.0022100001484,0.000903351495521,0.000166424308263,3.70965524648e-05,-8.59299819543e-05,-8.93540727338e-05,-0.000503024879794,0.000407440806476,-0
2019-03-27,-0.001557168056,-0.000216120480456,-0.000545197509214,0.000425226701627,0.000295103635212,2.22629940919e-05,-0.000525768690897,-0.000147172660578,-0
2019-03-28,0.00112541090814,-9.07006533684e-05,0.000427641674294,1.86573040393e-05,9.53243365167e-06,4.01839635691e-05,-0.0014187182298,0.000496804888756,-0
2019-03-29,0.00187810825429,0.00050734197295,0.000593618246085,-1.86459521545e-05,-0.000162093128801,8.92511867246e-05,8.91228101923e-05,-4.75282700847e-05,-0
2019-04-01,0.00354420323475,0.0019150459475,0.000757562751916,-0.00092186347574,-0.000697287877858,-0.000186856396591,-0.000387764267881,-2.96019191344e-05,-3.61558674556e-06
2019-04-02,0.000147020249055,0.000108642042901,-0.000150670651849,0.000221608214624,0.000170252805832,4.88186055046e-05,0.000370282713862,0.000351136385101,-0
2019-04-03,0.000471661135512,0.00115800227152,0.000243094451619,-0.000368832849232,-0.000311771289288,-0.000155140522566,-0.00014792439641,-5.74850555154e-05,-0
2019-04-04,0.000795933247132,-0.0002892255845,0.000323851127511,0.000147382513046,0.000103863412036,3.54113829281e-05,0.000254544564221,-8.04284959449e-05,-0
2019-04-05,0.00145408209274,0.000324926912426,0.000404282243411,0.000147244944936,4.71473952029e-05,5.75352661312e-05,-0.000106605417075,0.00034994292197,-0
2019-04-08,0.000229498299145,0.000108071080218,-3.45717487494e-05,-9.17800647497e-05,-0.000159883274124,-4.85322141842e-05,0.000433469194975,-0.000280336412136,-0
2019-04-09,-0.00154373119753,-0.000900200448313,-6.90999270765e-05,0.000110160792556,0.000178657087469,4.85246475001e-05,0.000523353596919,-0.000263149189709,-0
2019-04-10,0.00102426169115,0.000613304908415,0.000242352221984,0.000386092897797,0.000235452528505,0.000181186741808,0.000311335607097,0.000458521498617,-0
2019-04-11,-8.33327541416e-05,-0.000287613004122,-0.0005865337185,-0.000238212438869,-0.000225257416133,-0.000114526467127,-0.00129005760454,-3.42809156651e-05,-0
2019-04-12,0.00203662585985,0.00111767962735,0.000311414215471,-0.000385902957924,-0.000461270696343,-9.27446597689e-05,-9.82559520305e-05,0.000240585020155,-0
2019-04-15,-0.000197945879328,7.19860781662e-05,-0.000264576499749,-3.66714621344e-05,0.000131442157378,2.64478204205e-05,-0.000187833156691,-0.000257077118963,-0
2019-04-16,0.000198087358879,0.000251840049824,0.000402891355069,-0.000348331378486,-0.000338203657399,-0.000114622476511,-0.000890786071165,-0.00113200337747,-0
2019-04-17,-0.000741636341949,0.000252388947214,0.000126873549482,-1.8489933508e-05,1.88329232046e-05,-8.84692525515e-06,-0.000188338647908,-0.000446818478171,-0
2019-04-18,0.000595928592014,-0.000288717801973,5.77268754777e-05,0.0002575802888,0.000235566420356,0.000141510218592,7.37741241232e-05,0.000372718865368,-0
2019-04-22,0.000261062121675,-0.000144193351288,-0.000299753951179,-0.000238726515591,-0.000141120207111,-4.85736234067e-05,0,-0.000538215102566,-0
2019-04-23,0.00272811410913,0.000360812330492,0.000115425189503,0.000349267818886,0.000178932031008,0.00011491318689,-0.000204858675762,0.000642030587486,-0
2019-04-24,-0.000676487571502,-0.00132929290428,-0.000586125914696,0.000457835059713,0.000375232394667,0.000171638729802,0.00028557730076,0.000359601985922,-0
2019-04-25,-0.00018756622919,-0.000107900645809,-9.20569082749e-05,-1.83892369326e-05,-0.000122028880288,0,8.16695596338e-05,-0.000102841128889,-0
2019-04-26,0.00141759866813,0.000575712036621,0.000230219564134,0.000403390275045,0.000262994415029,0.000110207690292,0.000653727909848,0.000388739180666,-0
2019-04-29,0.000477534724466,0.00057341110455,-9.17203147308e-05,-0.000346946652489,-0.000205840839008,-0.000140485572761,-0.000439488731349,-0.000483966052248,-0
2019-04-30,0.00015576954886,0.000107544764158,3.44197887952e-05,0.000127909294194,0.0001965980822,8.34439556906e-05,0.000301324805037,0.000467187868616,-0
2019-05-01,-0.00229234686146,-0.00100257481457,-0.000274931236356,0.000128068123245,-4.49764988754e-05,-0.00010748991669,-0.000650558909218,3.98237460621e-05,-4.07700635038e-06
2019-05-02,-0.000647823041082,-0.000287403156764,6.94936808889e-05,-0.000442750828243,-0.000283976542486,-0.000203449612349,-0.000382059035418,5.1815785843e-05,-0
2019-05-03,0.00293637616762,0.00147611598171,0.000650009858011,0.000332757485769,0.000132789682331,0.000137402044744,0.000590956692997,0.000426991516929,-0
2019-05-06,-0.00123835397051,-0.00143060204788,-0.00107227517295,0.000257133781787,0.000254455847996,7.48606035219e-05,0.000132286088117,-0.000160496904691,-0
2019-05-07,-0.0050205150911,-0.00251156490521,-0.000936893032612,0.000239581947588,0.000340343382534,2.65037077369e-05,0.000331780737724,-0.000908504355393,-0
2019-05-08,-0.000414136994662,0.00021709052711,-0.000128314932437,-3.72348531539e-05,-0.000190730671939,-0.000129192999983,-0.000250948629793,-5.21807005756e-05,-0
2019-05-09,-0.000901822812932,-0.00108664430112,-0.000688899562801,0.000111673589342,0.000267209436149,8.47247754226e-05,0.000242821097285,0.000127696959281,-0
2019-05-10,0.00149525434226,0.000979823867458,0.000397725132594,3.72166563974e-05,-6.69169581973e-05,0.000111703912688,0.000192945163471,0.000535018355085,-0
2019-05-13,-0.00749012296103,-0.00332627735078,-0.00164338205066,0.000334196501856,0.000504915131161,0.000106809281168,0.00103639232935,-5.21483661026e-05,-0
2019-05-14,0.00265577917357,0.00138852680513,0.000659641259228,0.000168876455406,-9.62899606364e-05,3.5993796553e-05,-0.000177385393293,0.000187388235262,-0
2019-05-15,0.00172717769869,0.000654541949544,0.000128949032578,0.000354770464663,0.000325761938514,0.000102978893869,-5.88446841546e-05,0.000343810482304,-0
2019-05-16,0.00273734360405,0.000905861147857,-0.000116811846071,-0.000241966765746,-0.000200507623646,-8.03143160209e-05,-0.000737124384259,0.000203242939632,-0
2019-05-17,-0.00192382806133,-0.000831374879243,-0.000908851210665,5.57903261506e-05,4.7647229662e-05,-4.89288562884e-05,-0.000718599575248,-9.84672513173e-05,-0
2019-05-20,-0.00196335030703,-0.000653476274293,-0.000163871246674,-0.000279714331915,-0.000172196280365,-6.70590910765e-05,-8.39474837264e-06,-0.00073890952238,-0
2019-05-21,0.00267024576504,0.00102065883096,0.000634602569182,-1.86310392182e-05,-0.000115240520983,2.69273226693e-05,-0.000235956637759,0.000432300316858,-0
2019-05-22,-0.000913803247579,-0.0005806280429,-0.00019891925848,0.000335423030857,0.000305954362345,1.78623640147e-05,-0.000100682524811,0.000151200815744,-0
2019-05-23,-0.00362807155013,-0.00148949183366,-0.00059727586235,0.000597006812234,0.000622194325394,0.000107359072061,0.000781040189599,0.000116450045681,-0
2019-05-24,0.000667678630273,0.00153116503266,7.05120936159e-05,7.48495226835e-05,-2.87815077476e-05,8.52836920338e-05,0.000109564191259,0.000157731636579,-0
2019-05-28,-0.0027362450981,-0.00127256408222,0.000140665619083,0.000298813999295,0.000450184485311,2.68356417708e-05,-0.000395048850991,-0.000506917594159,-0
2019-05-29,-0.00196380268691,-0.00098563314006,0.000400098787575,5.62567585929e-05,-3.8453157871e-05,8.98817602797e-05,3.37566945623e-05,-0.00067861841807,-0
2019-05-30,0.000796347727502,0.000549242169805,0.000212494879144,0.000545362242473,0.00037629787098,0.000171324521314,0.000694138610574,0.000211254281978,-0
2019-05-31,-0.00392580354058,-0.00113114850695,0.000176419897294,0.000955570598363,0.000692165255612,0.000323418807718,0.00138335736283,0.000292389982127,-0
2019-06-03,-0.000731736146025,0.000584573921795,0.000282667422833,0.000488921750977,0.000504397963221,0.000139764914504,0.0015033028939,0.000122927843176,-2.01392940563e-05
2019-06-04,0.00651204232111,0.00194998466098,1.22388238473e-05,-0.000181195299108,-0.000366222704535,-0.000100049463902,3.19725963809e-05,-0.000223864856462,-0
2019-06-05,0.00263490392401,-7.44481752492e-05,-0.000364152321019,-0.000107890019841,0,3.02077072401e-05,0.000253836653887,0.00103115180528,-0
2019-06-06,0.00198829065628,0.000630495175604,-1.20876703733e-05,-3.57339389991e-05,-1.81538144304e-05,-3.01052407544e-05,0.000324122190553,9.65276519841e-05,-0
2019-06-07,0.00307097731073,0.0017750997753,0.000349776946288,0.000553797836932,0.00038824498213,0.000180147606286,0.00055964225063,0.000186812805905,-0
2019-06-10,0.00141230451106,0.000403945528514,0.000455111697313,-0.000514533842852,-0.000484130078746,-0.000264088955415,-0.000986197893987,-0.000163026165406,-0
2019-06-11,-7.49098853759e-05,0.000734517907021,0.000515090573698,-3.53841096653e-05,0,-6.38939967386e-05,-0.00011742272876,0.000134932860599,-0
2019-06-12,-0.000545124189435,-0.00121063141045,-0.000538463472431,0.000248022266033,0.000250817102677,2.55305309758e-05,0.000508272336649,0.000168484780498,-0
2019-06-13,0.00127343334354,7.34344017655e-05,4.79342357926e-05,0.000425919794172,0.000242111711671,1.7025056147e-05,0.000602762065574,0.000213639240791,-0
2019-06-14,-0.000341461897274,-0.00102537420276,-0.000609144352403,-5.31155267392e-05,7.15087380151e-05,-7.64539756248e-05,-3.12227391256e-05,2.80180410153e-05,-0
2019-06-17,0.000117547747559,0.000111342023341,0.000203646229176,-5.32407363338e-05,-1.79280182103e-05,-9.36498067537e-05,-6.25669874623e-05,0.000539266424985,-0
2019-06-18,0.0032371609848,0.00207624474037,0.00110786097746,0.000531558620881,0.000188030474017,0.000199917046735,0.000500199346576,-5.0509205024e-05,-0
2019-06-19,0.000699783111189,0.000846185496407,0.000346524675916,0.000667817705747,0.00026650484628,0.000278557827189,0.000597148227953,0.000272925821543,-0
2019-06-20,0.00295648642115,0.00146572846088,0.000773592815231,0.000332669528619,0.000159238988757,0.000273279623115,0.00248728906279,0.0002551919053,-0
2019-06-21,-0.000450234067746,-0.000544894906984,-0.000200559897218,-0.000503413934079,-0.000394694625312,-0.000216728340849,0.000666228981977,-0.00070948603796,-0
2019-06-24,-0.000379343282087,0.00021845505038,3.54662644016e-05,0.000348015906232,0.000334069391778,9.19032651494e-05,0.00150448445551,-0.000170900375215,-0
2019-06-25,-0.00303081086609,-0.000799474334547,-0.000542944198509,3.4676867672e-05,0.000149208822272,-8.33745981244e-05,0.00019917477404,-0.000731735091402,-0
2019-06-26,-0.000306579533827,0.000182531484665,0.000486263220433,-0.00043613178937,-0.000396773889287,-4.60883283442e-05,-0.00094681624327,-0.000978556663822,-0
2019-06-27,0.00109176344369,0.000366111845152,0.000285339135534,0.000542104200093,0.000291700324528,9.2398199785e-05,-0.000100319110192,0.000619397571815,-0
2019-06-28,0.00158489577031,0.000839258871315,-3.55519338325e-05,-8.71124786716e-05,4.4054347069e-05,1.67291138336e-05,0.000276913864968,0.000167309379639,-0
2019-07-01,0.00280269372712,0.00069137019142,0.000720916333704,0.000142916177877,-0.000121443210108,-9.98850368142e-05,-0.00197899337059,-2.22108942044e-05,-1.39006279611e-05
2019-07-02,0.000781277934709,0.000465370163416,-6.95356664665e-05,0.000359764295521,0.00035556079353,2.61837269073e-05,0.00213597354863,0.00086994229244,-0
2019-07-03,0.00239287033287,0.000783727621025,5.76732974062e-05,0.000322145387194,0.000190467270216,0.000130196662272,0.00016760307291,0.000603704494271,-0
2019-07-05,-0.00034166779766,-0.00102826767058,-0.00034440083262,-0.000837310336977,-0.000632129207151,-0.000151198215935,-0.00112987568858,-0.000181399329869,-0
2019-07-08,-0.00165582418024,-0.000890646640672,-0.000196061504843,-0.000107485318403,-9.9753552243e-05,8.66837726035e-06,-0.000647570984698,0.0001822460906,-0
2019-07-09,0.000374749639598,-0.000714942646714,-0.000127304332676,-5.38415388942e-05,-6.37433531413e-05,5.22687327375e-05,0.000351650650961,0.000171460846425,-0
2019-07-10,0.0014387284965,0.000643469776001,0.000324039133516,0.000143663647415,5.45854505049e-05,8.70998270025e-05,0.00159006612792,0.000297182956753,-0
2019-07-11,0.000706072381256,3.55267286668e-05,-0.000103670035589,-0.000733129237853,-0.00048932769301,-0.000156084539913,-0.000859899635521,-0.00067130489934,-0
2019-07-12,0.00135446018632,0.000178407626399,0,0.000215111704665,0.000109020253142,8.69172000107e-05,0.000633044522317,-6.84186999959e-05,-0
2019-07-15,0.000100927160542,0.000142258385951,0.000230336706449,0.000285951604491,0.000208380239866,0.000125704435341,0,-3.98176968835e-05,-0
2019-07-16,-0.000977082375903,-0.000675246166586,-9.20485419709e-05,-0.000214195790883,-0.000217224657368,-8.22636689349e-05,-0.000858796072958,-0.00011931025249,-0
2019-07-17,-0.00206152057796,-0.000285207204379,-0.000115420643913,0.000519522056793,0.000463006780523,0.000104244689357,0.0016621703568,-0.000171009660846,-0
2019-07-18,0.00110130643498,0.000427778066666,0.000311621414185,0.000322426384155,0.000245156238718,0.0001042326207,0.00144850294368,0,-0
2019-07-19,-0.0016706604991,-0.000213028433794,-0.000321881722454,-0.000231981270365,-0.000180869427818,-7.78755286639e-05,-0.00152631859041,-0.000823154260037,-0
2019-07-22,0.000738420937587,0.000142795209407,-5.77783475041e-05,0.000251126812603,4.54280013468e-05,1.30471973497e-05,-1.52675721704e-05,-4.56507777539e-05,-0
2019-07-23,0.00215225428201,0.00085555146913,0,-0.000197109856761,-0.000163390522418,-1.30332241504e-05,-0.000579418432338,0.000564277612425,-0
2019-07-24,0.00142110512832,3.55171777002e-05,0.000149653451763,0.000285890328473,0.000144892444272,1.29991775971e-05,0.000517070904969,3.97746066477e-05,-0
2019-07-25,-0.00144758730508,-0.00148944618809,-0.000287047628707,-0.000302902396754,-0.000171601578672,-8.20986113483e-05,-0.000720505641881,-0.000294829441842,-0
2019-07-26,0.00203021473737,0.000427566106953,4.61400358845e-05,3.5783434422e-05,-1.81276987183e-05,-3.47268467644e-05,0.00016765949804,0.000227869871196,-0
2019-07-29,-0.000553930840893,-3.55099747307e-05,-1.14923696347e-05,8.92520604354e-05,9.04853861074e-05,-4.32690219092e-05,0.000676305281658,0.000136367721479,-0
2019-07-30,-0.00074487862065,-0.00156291545437,-0.000483010062047,-1.7867797568e-05,4.52062987423e-05,7.35473480383e-05,0.000341830995827,0.000403212865572,-0
2019-07-31,-0.0033188875737,-0.00092542366463,-0.000495467472395,8.94455224979e-05,0.000253785943634,7.80460574546e-05,-0.00134715607238,-0.000199165409825,-0
2019-08-01,-0.00262806423391,-0.000572762966368,-0.000880874101291,0.0015688227193,0.0011361435346,0.000183614233298,0.00244991752857,0,-8.22362809277e-06
2019-08-02,-0.0022588858797,-0.0011793561899,-0.000475607447666,7.1326592106e-05,0.000207344732802,3.46582617817e-05,-0.000381206845906,0.000241885257159,-0
2019-08-05,-0.00898754892665,-0.00381033151896,-0.00175044322831,0.000879109581742,0.000868771185252,0.00017397990858,0.0013980838613,-0.000993708563232,-0
2019-08-06,0.00411500307107,0.00101120289058,0.000768316620372,0.000544765038525,0.000164886661586,0.000189344490939,0.000834341319793,0.00055444178828,-0
2019-08-07,0.000174445433271,0.000594360916592,0.000208967374468,-0.000108058573518,0,2.61922988165e-05,0.00155906857383,0.000487570991153,-0
2019-08-08,0.00577750680643,0.00151853011369,0.000637294521565,0.000197562818835,9.05799169266e-06,0.000130666236522,0.000523069868436,0.000887507514086,-0
2019-08-09,-0.00202559974031,-0.0010638075955,-0.000485536641456,-0.000266896880474,-0.000152533919198,-5.17804503007e-05,-0.000342942491727,-6.16085811952e-05,-0
2019-08-12,-0.00361128237967,-0.00125276263432,-0.000548659203146,0.000732622404032,0.000639921735123,0.000203630539183,0.00100411487521,-0.000134943242765,-0
2019-08-13,0.00457092555119,0.00144130809892,0.000574765038682,-0.00028665060305,-0.000361580308851,-8.2553650803e-05,-0.00062484487445,7.3321936082e-05,-0
2019-08-14,-0.00877908604062,-0.00397028306343,-0.00135024036387,0.000623786686495,0.000674458405712,9.50867021496e-05,0.000709291473454,-0.000774274178488,-0
2019-08-15,0.000771023872818,0.000297936291771,0.000271068704828,0.000939124904026,0.000655821977595,0.000227647022294,0.000703650302483,0.000505810742124,-0
2019-08-16,0.00429906322674,0.00170545588336,0.000637939571844,-0.000161951545641,-0.000272077222561,-0.000148206024571,-0.000678464296621,0.000526239650381,-0
2019-08-19,0.00354113417695,0.000884517747119,0.000158546035277,-0.000536162673806,-0.000486859329937,-0.00019066434809,-0.00122432796274,0.000371278783833,-0
2019-08-20,-0.00227358150285,-0.000404368987703,8.51561226623e-05,0.000552570716701,0.000449647575798,6.48278631425e-05,0.000804423820427,-0.000364723457046,-0
2019-08-21,0.0023979350379,0.00121452988481,0.00037753326669,-0.000106961845499,-0.000270101559395,-5.19144666035e-05,-0.000329447368529,0.000213432747372,-0
2019-08-22,-9.10973930723e-05,-0.000513467296326,-0.000497611875844,-0.000533576402976,-0.000224291434969,-4.31226196673e-05,-0.000262646374126,0.000235122273541,-0
2019-08-23,-0.00761943880863,-0.00180073310995,-0.000693119361563,0.000819735374711,0.000683212460363,0.00028947792686,0.00202482694041,-0.000723542563046,-0
2019-08-26,0.00321837134715,0.00125834606663,0.000306144200289,-8.96664875696e-05,-9.96012349218e-05,-5.65505165581e-05,1.47261611317e-05,0.00039542106932,-0
2019-08-27,-0.00114878972753,-3.68545084209e-05,2.43813041255e-05,0.000642746946352,0.000441434363991,0.000238134982936,0.00101089062685,-0.000146157489019,-0
2019-08-28,0.00205166798131,3.68167423037e-05,0.000182592089895,1.79511087484e-05,3.60048918785e-05,9.94757815604e-05,-0.00030003092255,0.000168435781167,-0
2019-08-29,0.00373928649082,0.00113782647197,0.000558702055584,-0.000124749818993,-0.00019751660586,3.02094466408e-05,-0.000759312464992,0.000397757812329,-0
2019-08-30,-0.000131156527238,0.000730568907001,0.00030219787191,0.000177213234406,2.67851615625e-05,-0.000193268539498,-0.000268848538714,3.90260790026e-05,-0
2019-09-03,-0.00172337148794,-0.000584042743225,-0.000253671937643,-4.78506307507e-05,0.000223616269483,-6.05454867421e-05,0.00145226332735,0.000512598678881,-1.24229247657e-05
2019-09-04,0.00340508128897,0.0021036590328,0.000821088998002,0.000351364373327,0.000157813675218,0.000123457117219,0.000624359287897,0.00041871308676,-0
2019-09-05,0.0038693905627,0.00122984664729,0.0003826162207,-0.000854002661945,-0.000800114576979,-0.000223835459536,-0.00239591667176,-0.000362147373692,-0
2019-09-06,0.000235314304772,0.000335092591496,0.000160305115168,0.000209006846075,6.08050060433e-05,4.22080979101e-05,-0.000829700968817,0.000111749664722,-0
2019-09-09,0.000153372341861,0.000297819859612,0.000135628688634,-0.000835674125588,-0.000608066034206,-0.000253117138497,-0.000360325645873,-0.000239365237869,-0
2019-09-10,-7.16986543316e-05,0.000447450983179,0,-0.00106377800777,-0.000713492609174,-0.000283103606877,-0.000824045600574,-0.000511540712503,-0
2019-09-11,0.002177804242,0.000934970918026,0.000383953791356,3.50378028844e-05,-9.60378140681e-05,-5.51139333633e-05,0.000580629575571,5.34572991625e-05,-0
2019-09-12,0.00106419667457,0.000819571435232,0.000320745781153,-0.000313669886041,-0.000217328833575,-3.79887026088e-05,0.000197309425284,0.000260824472913,-0
2019-09-13,-0.000204264217174,0.000706291494405,0.000270841722062,-0.00116472654736,-0.000884839280652,-0.000286450198163,-0.000794364026729,-0.000525903741281,-0
2019-09-16,-0.00095231157741,-0.00111842843923,-0.000419794559757,0.000523046534687,0.000417629332049,0.000291501957027,0.000796661131221,0.00042620741227,-0
2019-09-17,0.000778365205839,0.000596482392302,6.17531125293e-05,0.000296393721255,0.000252299465595,6.33781344681e-05,0.000190657692805,0.00053277683661,-0
2019-09-18,0.000183741684624,-0.000408940337091,-0.000258571812567,0.000226028411401,3.46936523518e-05,-0.000151669002568,-0.000604346009892,-0.000170027301168,-0
2019-09-19,-2.05085147875e-05,0.000632784723756,-0.000320493478216,0.000278487447766,4.34505430935e-05,9.70013161599e-05,0.000387493204897,0.000175531863896,-0
2019-09-20,-0.0014525568645,-0.000334608404586,8.61838549619e-05,0.000712892968008,0.000555195813253,0.000269609673209,0.00113385742044,0,-0
2019-09-23,-7.1688107488e-05,-0.00022285597141,0.000184481574742,8.68251974693e-05,0.00013870182423,6.73575261293e-05,0.000542641225196,7.95944103244e-05,-0
2019-09-24,-0.0023961314973,-0.000653664999974,-0.00062348173323,0.000537987603905,0.000484939816031,0.000109342373717,0.000515088795235,-0.000110090349988,-0
2019-09-25,0.00179584029831,-0.000262032694766,4.98975604951e-05,-0.000817406191797,-0.000642203935486,-0.000257081271393,-0.00182026201396,9.64179791559e-05,-0
2019-09-26,-0.000637373227611,0.000337528413847,-2.49951920768e-05,0.000331065969434,0.000208630910903,2.95574907703e-05,-2.72245190661e-05,0.000418615194318,-0
2019-09-27,-0.00164396786384,-0.000674698034455,-0.000636818429621,0.000243726316206,0.000139056871038,-7.59537517901e-05,-0.000496422822149,-0.000278895912314,-0
2019-09-30,0.00141236208627,0.000564197694717,0.000150361642465,5.24768978e-05,7.84376611965e-05,4.23378451767e-05,-0.00149439561413,8.60974264341e-05,-0
2019-10-01,-0.00363599665432,-0.00139035730073,-0.000350511784642,0.000358674646793,0.000271323031134,9.57768807176e-05,0.00051814700713,-0.000473188798922,-7.37838801358e-06
2019-10-02,-0.00529946986783,-0.00298456119392,-0.00023760779443,0.000141446632583,0.000346306740421,0,0.00116736343696,-0.000211099108362,-0
2019-10-03,0.00243163434556,0.00103909599089,0.000604572083432,0.000783518508636,0.000527672043317,0.000160161285533,0.000461620946902,0.000485209166949,-0
2019-10-04,0.00402315918608,0.00114290150978,0.000237769251148,0.000318414098873,0.000195509633332,0.00015485217467,0,0.000303311098174,-0
2019-10-07,-0.00129178675808,-0.000183129604478,-0.000385485161065,-0.000544997162025,-0.000335482396483,-0.000136755875154,-0.000861622532761,-0.000107643685085,-0
2019-10-08,-0.00464630756115,-0.00139758986048,-0.000424417643716,7.06573173701e-05,0.000212687453328,-4.7216363744e-05,0.000879249759157,-0.000264739564395,-0
2019-10-09,0.00281373061721,0.00118356576123,0.000376617933677,-0.000106559767467,-0.00025846609348,-0.000103548864225,9.34576644776e-05,9.78071916051e-05,-0
2019-10-10,0.00201481419145,0.000957653761636,0.000537585025358,-0.000689282139868,-0.000630323290119,-0.000159005125865,-0.000887775938752,8.11671750298e-05,-0
2019-10-11,0.00310517122509,0.00253845134594,0.00067429846137,-0.000653156856839,-0.000682696837364,-0.000154494107259,-0.000557753200698,-2.16155915327e-05,-0
2019-10-14,-0.000335550876004,-0.000549508064543,-0.000111903812812,0.000333984249161,0.000273702514206,8.12019272369e-05,0.000398743133935,2.15241525323e-05,-0
2019-10-15,0.00297982814617,0.00168492446908,0.000348100997612,-0.000650221981078,-0.000476738298088,-0.00016664191177,-0.000697722204683,6.45705688158e-05,-0
2019-10-16,-0.00048662350637,0.000109605864413,0.000136336521229,0.000350339368218,0.000193575262829,7.66750248086e-05,0.000567821448906,5.34920007443e-06,-0
2019-10-17,0.000891453055725,0.000401260876807,0.000160978370854,-5.2505793245e-05,-3.51046261121e-05,6.80906817962e-05,0.000141817491354,0.000326934528622,-0
2019-10-18,-0.00132459754313,-0.000182065021656,-0.000135936504153,0.000139749515864,8.77264206293e-05,7.64565260176e-05,-0.000106158402087,0.000385146800395,-0
2019-10-21,0.00204449165838,0.000947715130439,0.000371159031477,-0.000542185852197,-0.000360152448151,-0.000157331481425,-0.000474706030106,0.000385566022927,-0
2019-10-22,-0.000989656306611,-0.000363710855237,-3.70356129125e-05,0.000296674955511,0.000227870710043,0.000148498442051,0.000289846641009,-0.000149609543267,-0
2019-10-23,0.000879058906067,0.000727892837881,2.47046662041e-05,0.000157160652421,3.51054693929e-05,3.3981766744e-05,0.000233425124242,0.000112273282079,-0
2019-10-24,0.000494093268902,0.000254147123559,6.16373371965e-05,5.23261704673e-05,-1.75141404891e-05,2.96301138403e-05,0.000705789656534,-0.000128021094313,-0
2019-10-25,0.00123829777547,0.000108781649303,0.00023381583053,-0.000278369094513,-0.00020971410993,8.46755096519e-06,0.000232574160747,-0.000431473852165,-0
2019-10-28,0.00170996187521,0.000688318012786,0.000405774803821,-0.000417266857647,-0.000366686663559,-0.000236668431974,-0.000859040533157,-0.000303348747867,-0
2019-10-29,-9.06255700635e-05,-0.000181038158072,-0.000294914349952,1.72870734613e-05,8.72551807109e-05,-0.000122465552761,-0.000274440174165,0.000303160472039,-0
2019-10-30,0.000935458451099,0.000615811020842,0.000196715084973,0.000556314261388,0.000471398752419,0.000181704101312,0.000542148591209,0.000180928754816,-0
2019-10-31,-0.000811637793006,-0.000360881660698,-0.000404266291612,0.000761982964632,0.00061759276734,0.000151554929483,0.000989111524343,-9.01405605674e-05,-0
2019-11-01,0.0028134557942,0.00137022834864,0.000795597665684,5.37816506904e-05,-0.000184508782762,7.1539032814e-05,9.11210998225e-05,-1.05858069078e-05,-1.03014435079e-05
2019-11-04,0.00120532553727,0.000806434856856,0.000364693687413,-0.000495906517263,-0.000508325398796,-3.44286091218e-05,-0.00028760077801,-0.000350002765444,-0
2019-11-05,-0.000332959985869,-3.4996516056e-05,0.000246887054474,-0.000743273050296,-0.00053476794161,-9.45832154482e-05,-0.00161221838571,-0.000842659150851,-0
2019-11-06,6.8805755516e-05,-0.000140722025077,-8.2623754206e-05,0.000302052727763,0.000286364010393,0.000159716079754,0.000422241775664,0.000106409154953,-0
2019-11-07,0.00106064001816,0.00066762689445,0.000341881780568,-0.00094063524208,-0.000795446638767,-0.000280265398178,-0.00153244359819,-0.00048894821909,-0
2019-11-08,0.000747880954693,-0.00031688078766,-0.000460700844051,-0.000106738391102,-0.000134311458808,-3.02216739892e-05,-0.000619826160267,-0.00011716154927,-0
2019-11-11,-0.00058115264916,-0.000140987735495,-0.000283799824552,3.5633090891e-05,0.000107577073452,2.59378039851e-05,-0.000232676318791,0.000106625990358,-0
2019-11-12,0.000640838412313,3.53015335244e-05,-0.000378775472972,0.000213804500282,4.48466326069e-05,-8.66407151337e-06,0.000261126041942,-0.000368161100158,-0
2019-11-13,9.86212824626e-05,-0.000493674021422,-0.000319438413658,0.000356250670031,0.000269058994151,4.3271891776e-05,0.00038799676758,0.000442665694724,-0
2019-11-14,0.000443065820876,-0.000105742015223,-2.36506818652e-05,0.000569464179023,0.000501887022011,0.000116742074125,0.000408838411948,0.000378370314878,-0
2019-11-15,0.00220072625771,0.000914063803346,0.000330249086846,-0.000106594037398,-8.04572331877e-05,-6.03898780333e-05,-0.000246142189105,0.000265865542864,-0
2019-11-18,0.00022527283193,0.000175193809526,-1.17358768172e-05,0.000371758441717,0.0001693399779,9.88940675633e-05,0.000287412680784,0.000238514784635,-0
2019-11-19,-8.80564257788e-05,-0.000279904449295,0.000176076277607,0.000141328407678,0.000186859844262,9.01562365895e-05,4.90008010115e-05,8.46581715666e-05,-0
2019-11-20,-0.00113390353569,-0.000909325167682,-0.00018774817701,0.000477014176954,0.000364733304282,0.000193115247424,4.89724848865e-05,-2.64579993636e-05,-0
2019-11-21,-0.0004891937694,-0.000210087051752,5.87289666866e-05,-0.000283019464872,-0.000249346712479,-0.000111703795272,-0.00053238250062,-0.000693786396251,-0
2019-11-22,0.00067691969279,0.000175521431236,-9.42236981534e-05,0.000106440927335,-1.78744008121e-05,1.72217023337e-05,-0.000182586761037,-0.000180522124074,-0
2019-11-25,0.00236318754421,0.00115783193176,0.000447353560998,0.00019494726204,4.45867285787e-05,5.59728085232e-05,-0.000463269784389,0.000153899840586,-0
2019-11-26,0.000693516898374,0.000104848791511,-0.000199359345811,0.000282390171244,0.000186658872092,0.000107217310306,0.000461444995589,0.000644883227386,-0
2019-11-27,0.00136428698589,0.000418407827531,0.000152106785306,-0.000246543340342,-0.000257139624793,-9.84180387847e-05,-0.000509229123059,0.000232056893814,-0
2019-11-29,-0.00113905605662,-0.00114941644015,-0.000596038434673,-0.00024625045346,-7.97992783639e-05,-0.000115390031849,0.000592308156087,-0.000226538030813,-0
2019-12-02,-0.00260680798178,-0.000663802540001,1.17165927678e-05,-0.000219355692274,-0.000355883018468,-7.12437600486e-05,-4.89279076443e-05,-0.00074504679649,-5.89508435323e-06
2019-12-03,-0.0020118970275,-0.000561008859088,-0.000202038626206,0.000906744235022,0.000891807264798,0.000310060238891,0.000957984896245,0.000321834535565,-0
2019-12-04,0.00183755143547,0.0012965570451,0.000439485583492,-0.000337574512767,-0.000387125908537,-3.44230594598e-05,-0.000137808228581,0.000207162425291,-0
2019-12-05,0.000537158837829,-0.000139791777825,0.000260536773859,-0.00023035837019,-0.000233401335436,-7.29469820454e-05,5.78582467337e-05,2.71880885685e-05,-0
2019-12-06,0.00273343948629,0.00129259485642,0.000189473276272,-0.000283422634209,-0.000305127305478,-3.43253184746e-05,-0.000997829648464,0.000103267472773,-0
2019-12-09,-0.00094696749147,-0.000801344153067,-0.000188963439649,0.000105987189098,8.05721657609e-05,1.2825947349e-05,-2.88398297409e-05,9.75580228374e-05,-0
2019-12-10,-0.000335303476655,0.000139603600668,0.000106468962851,-7.07872795552e-05,-0.000116601869018,-1.28473918505e-05,0.000281705318806,-0.000293174214221,-0
2019-12-11,0.000853089614302,0.000837759434292,0.000674460529845,0.000531047884634,0.000412575456044,0.000175784937424,0.00068641069925,-0.000510511139228,-0
2019-12-12,0.00258758463442,0.00118256906054,0.000695563487563,-0.000846521626313,-0.000786350342379,-0.00024349876732,-0.000352757210464,-0.00067097255354,-0
2019-12-13,0.000181299910387,0.000868165374076,-5.88617141366e-05,0.000792401218411,0.000579882844789,0.000200442903286,0.000445650606106,1.0817187809e-05,-0
2019-12-16,0.00207203538755,0.00152342520774,0.000434224879202,-0.000403827244905,-0.00046250475602,-0.000114799531391,-7.17315057148e-06,0.000350082072335,-0
2019-12-17,6.63954248166e-05,-0.000552129724454,0.000385956309362,1.74486378963e-05,8.85669303286e-06,6.7808545209e-05,-2.14249205306e-05,-0.000461653064789,-0
2019-12-18,1.89565636754e-05,-0.000379673859061,0.000280833742554,-0.000385022133124,-0.000266063687074,-5.51244668365e-05,7.15240100405e-06,0.00059007009479,-0
2019-12-19,0.00124171362513,0.000138077554807,3.51285496845e-05,0.000212239505711,7.64136492353e-05,8.02204899496e-05,0.000257284259612,0.000434350408977,-0
2019-12-20,0.00133047116244,0.000241071272724,4.66898112573e-05,3.49325549536e-05,0,-2.53805603313e-05,9.98073181755e-05,0.000270808661357,-0
2019-12-23,0.0004646327282,0.00020836379962,9.32096508423e-05,-0.000139695677676,-8.84477864985e-05,-8.45218411768e-05,0.000305935781484,-0.000248630042265,-0
2019-12-24,9.60796321073e-06,-0.000138838274684,-4.71635973626e-05,0.000244354814996,0.000167938605931,5.91248499478e-05,0.000938693380985,0.000129653095057,-0
2019-12-26,0.00161864385604,0.000693133864166,0.000435757239451,0.000174313119821,0.000141226074042,3.37291210374e-05,0.000788277137787,0.000215804907846,-0
2019-12-27,-7.54646775525e-05,0.000414121061407,7.03686193014e-05,0.000260320906557,0.000140681094157,1.68038227626e-05,-3.53650986748e-05,0.000155816518197,-0
2019-12-30,-0.00167648054097,-0.00110337886088,-0.000292952020941,0,-6.14718562195e-05,1.67960515764e-05,0.000211978996196,4.83169181395e-05,-0
2019-12-31,0.000736786367741,0.000829925364202,0.000129267153271,-0.000452147011323,-0.000352336861992,-5.05121483201e-05,0.000191318025247,0.000355300469944,-0
2020-01-02,0.00283919151674,0.00124319501952,0.00124392694752,0.000538285969635,0.000448584138197,0.000239567660059,0.000743015970436,-0.000585983365512,-1.10896204026e-05
2020-01-03,-0.00227174228483,-0.00182354690464,-0.000889520026161,0.000585734508112,0.000668285783088,0.000230486440777,0.0013268521727,0.000310816691431,-0
2020-01-06,0.00113800632809,0.000507448634205,-8.80370616423e-05,-0.000160046891971,-0.000108566263548,-0.000128285593222,0.00106485165477,6.00774002819e-05,-0
2020-01-07,-0.000840072461306,-0.000236307945068,-2.19376408171e-05,-0.000212854133593,-0.000144424942338,-0.00015360987449,0.00040275038605,-0.000561379230782,-0
2020-01-08,0.00159054133248,0.000202944174048,0.000219926619786,-0.000231058337008,-0.000235163417577,-4.69886453331e-05,-0.000772143925425,0.000152868763194,-0
2020-01-09,0.00203255928214,0.000608093234695,0.00025271168926,0.000213059969044,7.23257209791e-05,-4.27395335604e-06,-0.000576861664661,-2.7273775245e-05,-0
2020-01-10,-0.000866252290248,-0.000505489418052,0.000241070566674,0.000336544750885,0.000216266010093,0.000149068675395,0.000610046384767,0.000380891429538,-0
2020-01-13,0.0020629938093,0.000875666514011,0.000679068538277,-0.000123911824802,-0.000117103053756,-8.50882837103e-06,-0.000755194374732,0.000603620479389,-0
2020-01-14,-0.000458948562608,0.00010075754135,-0.000229260951604,0.000176430521472,0.00019752087307,6.78893723251e-05,-8.97839376694e-05,-0.000189720424669,-0
2020-01-15,0.000679606733478,-0.000100800393166,-0.000316749357165,0.000300039699413,0.000251525182842,3.82099255151e-05,0.000587270109294,0.000455521601126,-0
2020-01-16,0.00250265492382,0.00080452110157,0.000250736149285,0,-0.000206191462036,-8.05160497227e-05,-0.000158606642348,0.000405951357532,-0
2020-01-17,0.000940838658082,0.00036746981376,0.000315046872776,-0.000228207212666,-8.03838582184e-05,-8.02173799549e-05,0.000185543965671,4.85486712011e-05,-0
2020-01-21,-0.000592936441698,-0.00120077917169,-0.00123660646575,0.000561093049391,0.000392478678288,0.000160215823997,0.000109791512218,0.000484727028157,-0
2020-01-22,3.66017809208e-05,0.000367354777097,0.000293274488664,0.000105291027943,1.78874262956e-05,-3.37732209359e-05,3.4346092143e-05,-0.00034514906491,-0
2020-01-23,0.000346877458226,-0.000367180060594,-0.000445115413047,0.000263216875998,0.000249957622871,0.000101263297851,0.00022663298306,0.000431221849372,-0
2020-01-24,-0.00269091659682,-0.000567050347266,-0.000368847550842,0.000368111735771,0.00035678981923,0.000109641716351,0.000590140262035,-0.000177733216199,-0
2020-01-27,-0.00481867913729,-0.00310960755009,-0.00162016714042,0.000615157885857,0.000679621344717,0.000114096302123,0.000694731278551,-0.000248354845024,-0
2020-01-28,0.00312372438554,0.00124675052588,0.000394488075868,-0.000177067784961,-0.00034243294594,-7.6674547974e-05,-0.000921929160014,0.000206756320636,-0
2020-01-29,-0.0002479776622,3.35476209526e-05,0.000218409098214,0.000458923374841,0.000484954549441,0.000182532680882,0.000552636613578,-0.000189784073758,-0
2020-01-30,0.000971905722483,-0.00033525554413,-0.000643332138267,1.75455982696e-05,9.8625776439e-05,5.51047874891e-05,6.8938425015e-06,3.7915145667e-05,-0
2020-01-31,-0.0054544180412,-0.00248064799993,-0.000828522557879,0.000599168426674,0.000510995128233,0.00021608295493,0.000593072537309,-0.000627891088577,-0
2020-02-03,0.00220739303459,0.000506610084201,0.000329498712412,-6.58968347022e-05,-8.77296970609e-05,-0.000120930540386,-0.000673967009379,0.000169066504688,-1.04393527105e-05
2020-02-04,0.00457242118452,0.00241312181558,0.00119357271908,-0.000664460744185,-0.000580014374538,-0.000214911779477,-0.00130089507052,0.000514633233842,-0
2020-02-05,0.00349647693809,0.00146021515592,0.000281954776624,-0.000295471338932,-0.000428061209659,-0.000146644675012,0.000120616178675,3.16509459727e-05,-0
2020-02-06,0.00102602247156,0.000519179044819,-2.3393624055e-05,0.000121056526289,6.95953081791e-05,9.17505205091e-05,0.000526960921945,0.000168021231725,-0
2020-02-07,-0.00162646053595,-0.00148455924599,-0.000688265509441,0.000569650836961,0.000468422857863,0.000199671460964,0.000259498532253,-1.0483527176e-05,-0
2020-02-10,0.00227120181251,0.000346051423231,0.000315689643601,0.000224928057254,0.000191334811607,7.50473271005e-05,0.000253434441888,0.000561716478027,-0
2020-02-11,0.000528873012307,0.00103375573393,0.00064038866993,-0.000241223665963,-0.000233763287146,-0.000145310003019,-0.000338691812855,0.000381605197045,-0
2020-02-12,0.00196672394928,0.000619259519057,0.000650983761772,-0.000206477855704,-0.000250703398856,-4.97274489627e-05,-7.95705877631e-05,0.000302686025694,-0
2020-02-13,-0.000326862786438,-0.00109762361791,-0.000544739877699,0.000137315724566,8.61323458961e-05,0.000103314141178,0.000555313708162,0.000307020568031,-0
2020-02-14,0.000490555003455,-0.00010301286236,-0.000104408528646,0.000205950784665,0.000241573910706,3.72218086592e-05,0.00041018551519,0.000531180948955,-0
2020-02-18,-0.000789034006973,-0.00102805343677,-0.000173697777904,0.000257019129781,0.000155000300386,0.000107366614272,0.00126149219606,-5.71847680067e-05,-0
2020-02-19,0.00146059463091,0.000616996856833,0.000417000943656,-5.13697288743e-05,-1.72726751573e-05,-2.06467921399e-05,0.000581358372825,-0.000696819639745,-0
2020-02-20,-0.00125803538814,-0.00109439319019,-0.000693373051787,0.00044455305953,0.000283610570699,9.47782039486e-05,0.000408669295266,0.000607023530367,-0
2020-02-21,-0.00314463157252,-0.000684828386205,-0.000185142095323,0.000393791970145,0.000395809285493,9.07598651876e-05,0.00151123444263,0.000150650463927,-0
2020-02-24,-0.0100374516188,-0.00579529374336,-0.00176126233912,0.000634415821965,0.000766874391712,0.000227256227263,0.000918654381738,-0.000707502152442,-0
2020-02-25,-0.00900879785263,-0.0024737203387,-0.000388499906236,0.000348488798663,0.00028019325723,-8.39665527764e-05,-0.00187342873551,-0.00140594067381,-0
2020-02-26,-0.00107598178873,0.000106118326106,0.000310628095161,-0.000212159602743,-5.33284789869e-05,-2.5555913674e-05,0.000456559702829,-0.000552480544096,-0
2020-02-27,-0.0131047905911,-0.00442427682251,-0.0011959725581,3.53448350784e-05,0.000498036832216,0.00014927356565,2.04636048362e-05,-0.00270084137197,-0
2020-02-28,-0.00119566951425,-0.000795166237253,-0.000134337247994,0.00153617045825,0.00118068568885,8.27472030305e-05,-0.00391479329947,-0.0011843306199,-0
2020-03-02,0.0123270509602,0.00188777426032,0.00095681755156,-7.46170612754e-05,-7.30660687486e-05,0.000122479412663,0.000573731152581,0.00205427349919,-1.6810220457e-05
2020-03-03,-0.00858976512609,-0.00120027824885,-0.000242124554229,0.00136272345484,0.00116199133586,0.000507024234001,0.00314343333602,-0.000115319071777,-0
2020-03-04,0.0122977126407,0.00410482292606,0.000704973824298,-0.000155852897039,-0.00022300859044,-7.50873214199e-05,0.000181689743563,0.00189089207004,-0
2020-03-05,-0.00994812363115,-0.00395541916932,-0.000954497848011,0.000612015213141,0.000884168555151,0.000155631567448,0.00219961562893,-0.00109310052274,-0
2020-03-06,-0.00484134481518,-0.00217034303326,-0.000929975112467,0.00147998937672,0.00103131261245,0.000335816459584,4.0116477334e-05,-0.000870972293389,-0
2020-03-09,-0.0226268570743,-0.0119703362458,-0.00363269961804,-0.000259598633317,0.000926054620223,-0.00105103021927,0.000174877689621,-0.00385174882054,-0
2020-03-10,0.0144319418194,0.00526686452051,0.00237229488261,-0.00240422152328,-0.00199653775508,-0.00149804517744,-0.00233873648991,0.002034145127,-0
2020-03-11,-0.0140763593874,-0.00750604183198,-0.00211046289457,-0.00295364386681,-0.00104877196266,-0.0011317346375,-0.000380246096512,-0.00296818106836,-0
2020-03-12,-0.0271542458806,-0.0157909877758,-0.00483863198008,-0.00843882320769,5.46839066963e-05,-0.000119589910112,-0.00438602754857,-0.00485978134527,-0
2020-03-13,0.0234792470415,0.00847060345668,0.00324485243672,0.00340367979558,-0.000750379353103,0.00021331277651,-0.00344758719129,0.00402668269761,-0
2020-03-16,-0.0314093435398,-0.0148692849017,-0.00576969629951,0.0035422777422,0.00290851723519,-0.000360534803692,-0.0012070290313,-0.00856194453723,-0
2020-03-17,0.0146168377304,0.00588867682526,0.00278760420481,-0.00589782267818,-0.00300071455733,-0.0015320519913,0.00149650195857,0.00243251040733,-0
2020-03-18,-0.0142089117925,-0.00793641040859,-0.00378003622337,-0.00832572857876,-0.00159280191321,-0.000641689226229,-0.00219235397381,-0.00416444690769,-0
2020-03-19,0.000591483192627,0.00192721566038,0.000245925138128,0.00490562032239,0.000387965086148,0.0010478122359,-0.00213031253629,0.000145474948221,-0
2020-03-20,-0.0119353823056,-0.00120156596602,0.00020109144689,0.00221038523678,0.00300058737801,0.00243581585975,0.00164608114193,-0.00205500545879,-0
2020-03-23,-0.00681506457408,-0.00224338938725,-0.000871279513709,0.00537251302173,0.00143756367126,0.00108106582482,0.00495053187943,-0.00182906014251,-0
2020-03-24,0.023506807478,0.0114968279799,0.00277582209314,0.00191215953029,-0.000835141104319,3.4691539635e-05,0.00567216420987,0.00337713617233,-0
2020-03-25,0.00404210557064,0.00484263840998,0.00146237509386,0.00227602747273,6.80041455853e-05,0.000538872182671,-0.00160092798449,0.00210226808404,-0
2020-03-26,0.015785137145,0.00583387791821,0.00183722933253,0.000677422330294,0.000278019094467,0.000284450000284,0.00145892776132,0.00286233788547,-0
2020-03-27,-0.00828215080484,-0.0042725981865,-0.00248636786264,0.000921678877595,0.000829163680709,0.000176732132577,-0.000723513097102,4.22331443114e-05,-0
2020-03-30,0.00888372531855,0.00279102820356,0.000643700284183,0.000209873944907,0.000264515088895,-0.000877645755588,0.000496495286952,0.000936082646858,-0
2020-03-31,-0.00415432693208,-0.000575492999846,0.000211748590085,-0.000583519730037,0.000205066876411,-0.000190439353615,-0.00356132429114,-0.00104450968759,-0
2020-04-01,-0.0124773646192,-0.00614359032305,-0.00159023209937,-0.000744716177139,0.000465606515263,0.00032832704891,0.00103380636281,-0.00279842068006,-5.78859467817e-05
2020-04-02,0.00692267244817,0.00287194674792,0.0014678589141,0.000296384616322,1.63763380112e-05,0.000763988210905,0.00163934225378,0.000168548206973,-0
2020-04-03,-0.00437449930086,-0.00297118637981,-0.000975083636978,0.000137471399158,7.2869732524e-05,0.000441156659814,0.000494839537347,-0.000717699721469,-0
2020-04-06,0.0201927921739,0.00800173061996,0.00247245790146,0.000970275780328,-0.000448694923307,-3.35511328194e-05,0.00281310362357,0.00363991333562,-0
2020-04-07,0.000315228836309,0.000856825305315,0.00029599163785,0.000267178192117,-0.000424595887618,-3.23507028129e-05,-0.000538389019136,0.000469680050764,-0
2020-04-08,0.0103774953279,0.00144136797684,0.000591318948053,0.000183403233421,-0.000117774866657,-0.000335151104611,-0.000889816654206,0.00349642475598,-0
2020-04-09,0.00479163241353,0.00324036147934,-8.74196589416e-05,0.00236671883224,0.000201205126067,0.000473546462623,0.00254865067217,0.00302664263065,-0
2020-04-13,-0.00287102484253,-0.00122263495184,0.00018629665567,-0.000889311186349,-0.000197927187031,8.61314573343e-05,0.00168796540015,-0.00235913839133,-0
2020-04-14,0.00924126003028,0.00272246788831,0.00100873565664,9.75729857636e-05,0.000122525627947,0.000141707613322,0.000792545855171,0.00151489456262,-0
2020-04-15,-0.00674877340815,-0.00492867955858,-0.00112090162455,0.000768413978493,0.000814020403214,5.03863892085e-05,-0.000509982147322,-0.00216696877616,-0
2020-04-16,0.00152082716773,0.000175357386276,0.000287767012376,0.000243509411055,9.93478377973e-05,-0.000416615331627,-8.72295758056e-05,-0.000606428424657,-0
2020-04-17,0.00854668138247,0.00420361503831,0.000819089379657,-0.000226964256046,-0.000244311709565,-0.000227703535668,-0.00195406573047,0.00166030631823,-0
2020-04-20,-0.00565304046548,-0.00220540642451,-0.000368967262138,-0.000272228296964,0.00024127725078,-0.000143419248757,0.000694474259438,-0.00199153958352,-0
2020-04-21,-0.00966493067603,-0.00310042138352,-0.00140442594133,9.70330257116e-05,0.000258849790293,0.000238798039108,-0.000676455843927,-0.000945130956267,-0
2020-04-22,0.0069558489332,0.00279348675802,0.00129510650116,0,-0.000293746501897,0.000290179759158,0.00196615986316,0.000793746756976,-0
2020-04-23,-2.26670947093e-05,-0.000262400682872,-0.000200947411987,0.000453424012414,6.09908479272e-05,-2.74418434175e-05,0.00100077933866,-0.000434175603793,-0
2020-04-24,0.00440192591977,0.00161735068771,-7.17281037925e-05,-9.71039614779e-05,2.28276904002e-05,0.000270407491434,-0.000434872572704,0.000220529775481,-0
2020-04-27,0.00458956937633,0.00208589866652,0.000941235332612,-0.000868829049495,-0.000492408263013,-9.35136429593e-05,-0.000666995476766,0.00176082712697,-0
2020-04-28,-0.0014742061097,0.00120792379426,0.000127423042612,0.000734744400674,0.000398620530878,0.000162450404966,-0.000441460509048,0.000435277316982,-0
2020-04-29,0.00834404619901,0.00405069886624,0.00137179973612,0.000127679094436,-4.50210762681e-05,-5.79494462871e-05,0.000545065694127,0.000799431306259,-0
2020-04-30,-0.00299996505117,-0.00305639348576,-0.000891613980271,-0.000408671742596,-0.000214639735507,-0.000346300535482,-0.00176767146799,-0.000614800330428,-0
2020-05-01,-0.00853824810455,-0.00338846557975,-0.00170322992913,9.63540450378e-06,0.000125727896069,-7.84072818681e-07,0.000597386843961,-0.00179384783214,-2.23131670138e-05
2020-05-04,0.000827309374368,0.000128984752977,0.00062930273193,0.000171074489857,1.64639989811e-05,4.95904584931e-05,0.000350480387328,-0.000244771655389,-0
2020-05-05,0.00277416475235,0.00038617980049,0.000228385897225,-0.000153771748351,-7.38051387431e-05,5.77441790393e-05,0.00042477100573,0.000244300537794,-0
2020-05-06,-0.00204616232034,-0.000897625937811,-0.000127973398002,-0.000799633574936,-0.000367596489853,-0.000242382253284,-0.001288034563,-0.000892279594407,-0
2020-05-07,0.00364201575471,0.00228063729332,0.000329235668917,0.000616639667687,0.000608547593909,0.000314304603196,0.00152844110827,0.000700914216265,-0
2020-05-08,0.00500394678628,0.00242836768164,0.00113380668041,-0.000525774561997,-0.000325698116853,-1.63884050543e-05,-0.00060158976609,0.00117231527612,-0
2020-05-11,6.25512393684e-05,-4.22790129726e-05,-0.000253024405019,-0.000588614178525,-0.000274541702088,-0.000170565226783,-0.000615108531086,-0.000728361735681,-0
2020-05-12,-0.00609436961192,-0.00203345288129,-0.00015502831227,0.000505882301151,0.00032381399411,4.48115434848e-05,0.00038236222965,-0.00225109473732,-0
2020-05-13,-0.00534966801064,-0.00128285805783,-0.000156463677385,0.000323424776633,0.000204324834375,4.51875772241e-05,0.000958644609318,-0.00115636738654,-0
2020-05-14,0.0035787898527,-0.00111896740501,0.000157473678178,0.000616660585948,0.000156281874528,5.79196818593e-05,0.000895906639785,0.000163334160417,-0
2020-05-15,0.00138483634829,4.28300356279e-05,-0.000641355475141,0.000119420735378,-6.55402117541e-05,8.64618933533e-05,0.000573802934718,-0.000182935923477,-0
2020-05-18,0.00920677815437,0.00594749480651,0.00192157720065,-0.000289570454025,-0.000613281366554,-4.11087175982e-06,-0.000772364406807,0.0027540296938,-0
2020-05-19,-0.00314213561224,-0.00163895823703,-0.000517266163761,0.000217465948885,0.000273061238622,-5.65495836157e-05,0.000960482470526,-0.000651322156279,-0
2020-05-20,0.00516694939078,0.00274405810013,0.000646046927614,0.000504108707644,2.42288855763e-05,0.00014607695935,0.000239683832451,0.000427296362093,-0
2020-05-21,-0.0021145332599,-0.00167211032149,-0.000528454736513,0.000149730319541,6.39051708975e-05,-5.22391197881e-05,-0.00146051911355,3.96718475504e-05,-0
2020-05-22,0.000580779548188,-0.000420337037375,-0.000978932738689,0.000100467439504,0.000184769960992,2.82717608738e-05,0.000587488198749,0.000651495507846,-0
2020-05-26,0.003773024493,0.00449473359651,0.00111794915746,-0.000317673957607,-0.000256850648744,-0.000181656539711,-0.00141871635837,0.0018268739102,-0
2020-05-27,0.0045712865064,0.00162355510704,5.53937818638e-05,0.000281679104641,7.95692890436e-05,4.8011978172e-05,0.000175746537706,0.0010007161288,-0
2020-05-28,-0.000570785669705,0.00103268016175,-0.000329788014212,-0.000131491172844,-8.68599111987e-05,0.00015086476056,0.000324720432857,0.000241713986082,-0
2020-05-29,0.00137513277689,-0.000206413392959,0.000878895830196,0.000509364553109,0.000307656478908,1.98267343038e-05,0.000715126481568,-0.000509214931194,-0
2020-06-01,0.00124898303504,0.0033745777188,0.00116368253632,-0.000108379530221,-3.77854615904e-05,5.93198300287e-05,0.00044932047415,0.00116496139303,-1.85293122832e-05
2020-06-02,0.00248411785358,0.0016367731525,0.00116461626893,0.00017050767544,-0.000164224361333,-0.00011068883832,-0.000647682717142,0.000403931370945,-0
2020-06-03,0.00400576678712,0.00349020925077,0.000989607826271,-0.000491767493429,-0.000588375061763,-0.000163205766552,-0.00182406248012,0.00160782408913,-0
2020-06-04,-0.000795518407625,-0.000847247254431,-0.000646528007288,-0.000589390856752,-0.000389540079656,-0.000186363867172,0.00101434375923,-0.000511410968249,-0
2020-06-05,0.00776506135372,0.00301264785953,0.00118016536399,0.000118261420341,-0.000488324504006,-4.06602195333e-06,-0.00198020374097,0.00193285348241,-0
2020-06-08,0.00371321371731,0.00183279196196,0.000410265836531,0.000217048702293,0.000104607341796,0.000104445059421,0.00102371215223,0.00129860408563,-0
2020-06-09,-0.00229842440609,-0.00200625024274,-0.00027963064794,0.000248271389845,0.000342977744309,4.7811863843e-05,0.000913976082597,-0.000882782708988,-0
2020-06-10,-0.00171367654944,-0.000265997485943,0.000255217624366,0.000797602522475,0.000720748001143,0.000371795620237,0.00137636487008,-0.00133554332114,-0
2020-06-11,-0.0176033426309,-0.00839670729302,-0.00264080810493,-0.000332281097182,0.000344268759284,1.5995324484e-05,-0.000702933821484,-0.00328585736249,-0
2020-06-12,0.00356216516515,0.00255281276429,0.00116049661928,0.000205982868691,-0.000223458392704,-0.000136353804423,0.000141626311863,0.00177462755058,-0
2020-06-15,0.00278489742327,0.00046711883757,-0.000209105660319,0.000663844674956,-8.20431975057e-05,2.04877782855e-05,-0.000176972033835,0.000718623424609,-0
2020-06-16,0.00577130111242,0.00201555137598,0.00019520838308,-0.000389918361209,-0.000204190383043,-2.44906901635e-05,-4.86185604144e-05,0.00101067420384,-0
2020-06-17,-0.0012590392193,0.000345957933973,0.000464682733,-0.000167983624504,0.000153930756084,-3.2362542475e-05,0.000186835622786,-0.000753317662198,-0
2020-06-18,0.000116326553066,-0.000692686463462,1.29019769477e-05,0.000201884563909,0.000218893969776,0.000222692272261,-0.000193064213371,-0.000560898820899,-0
2020-06-19,-0.00172856251982,-0.000693064835107,9.05230089752e-05,6.73195233081e-05,3.2472768377e-05,9.72289836795e-05,0.00108070401211,-0.000735894806158,-0
2020-06-22,0.00193281625267,0.00173695073361,0.000559362475957,-5.05529066537e-05,-8.94053543158e-05,0.000125815158632,0.000641118035791,-4.99544811717e-05,-0
2020-06-23,0.00138918496372,0.000733224596222,0.000517864143273,-3.36130220327e-05,-3.23462728383e-05,2.82526330092e-05,0.000836691688055,-0.000205203787684,-0
2020-06-24,-0.00770811724533,-0.00373092172807,-0.000787190349859,-3.3412026472e-05,0.000185482151415,-6.8424510705e-05,-0.000347998958141,-0.00140687154046,-0
2020-06-25,0.00320132178348,0.00198923022258,0.000222476836743,0.000237524854738,1.63261362134e-05,4.49079212726e-05,-6.08396541278e-05,0.00062141221246,-0
2020-06-26,-0.00712401109354,-0.00228692542433,-0.00062423617608,0.000236028739899,0.000268155236413,8.51999727306e-05,0.000447442201964,-0.000939843565092,-0
2020-06-29,0.00434696682243,0.00137027749433,0.000341509041682,0.000170362855217,9.84857791233e-05,5.73780382843e-05,5.49727055885e-05,0.000936523172611,-0
2020-06-30,0.0038160182818,-3.88330308397e-05,-0.000260775657477,0.000169037374443,-0.000179218040353,-8.13661730383e-05,0.00044862433742,0.000581844694169,-0
2020-07-01,0.00210395470652,0.000502909705459,0.00068801694668,0.000106268919349,-0.000154269090979,3.24013262288e-05,-0.000452676007149,0.0011396157833,-3.76005540671e-06
2020-07-02,0.00165222793528,0.00150309757165,0.00118334601216,0.000237237466137,0.000123394425744,0.000138115791693,0.000216060869584,-0.000143127633955,-0
2020-07-06,0.0046339358703,0.0025312606002,0.00224360239615,-1.68627313415e-05,-0.000147370364307,9.70246766551e-05,0.0005972354282,-2.47879752613e-05,-0
2020-07-07,-0.00311289476426,-0.00208864757756,-0.000834628932575,0.000300441880321,0.000316148535319,1.20008267149e-05,0.000626853446966,-0.000975037629445,-0
2020-07-08,0.00229796200214,0.00122226085192,0.00139496654646,-6.71754247871e-05,-0.000154898636826,-8.85711666033e-05,0.000624537661612,-6.78370451264e-05,-0
2020-07-09,-0.00171459818473,-0.00174800438056,3.68517930963e-05,0.000517890192177,0.000316273137869,0.000128176295143,-0.000272196226503,-0.000300676357303,-0
2020-07-10,0.00306700130667,0.0014102513387,-0.000369572749478,-0.000234649969819,-0.000195218438159,-5.22268167887e-05,-0.00026116084762,0.000147716320094,-0
2020-07-13,-0.0026183517965,-0.000797623371811,-0.000257780933792,-1.66075910162e-05,0.000105348653262,0.000108113417608,0.000124202968374,-0.000570410403512,-0
2020-07-14,0.00389988984714,0.00209727795222,2.46418984611e-05,0.000318485195362,-8.10922324464e-06,8.0204263627e-06,0.00046910415176,0.000400235652861,-0
2020-07-15,0.00278069410427,0.00170360251367,4.89477912971e-05,1.65843115896e-05,-3.2335389001e-05,-2.79282612199e-05,8.84282930723e-05,0.000464629754731,-0
2020-07-16,-0.00100104632126,-0.000941649213609,-0.000742654405226,0.000132496839806,7.23426395356e-05,9.92641215143e-05,-0.000944407038492,-0.000571774913491,-0
2020-07-17,0.000881704583655,0.000756266866769,0.000232228052693,0.000199369783573,-2.41916437079e-05,9.16753907691e-05,0.00081854719136,0.000616757068172,-0
2020-07-20,0.00245589298948,0.000866649083867,0.000730714051243,0.000215426144527,6.43464466157e-05,6.75067174263e-05,0.000481169570136,-0.000571980579966,-0
2020-07-21,0.000648926212638,0.000600331375591,0.000388049560978,0.000115476377971,0.000104095385395,0.000110735968992,0.0012035924657,0.000115118438763,-0
2020-07-22,0.00173433127521,0.00041137697775,-0.000181308450549,0.000164335054141,3.19051279028e-05,0,0.00153159668076,0.000718632655238,-0
2020-07-23,-0.00364005404427,-0.00126591386617,-0.000348955513113,0.000229185349423,9.53807274224e-05,2.35356545883e-05,0.000898679294588,-0.000198420108852,-0
2020-07-24,-0.00194947593297,-0.000747761534996,-0.000132938516861,-6.5788419539e-05,-4.78810687039e-05,-1.18080404066e-05,0.000885017802279,-0.00035017899364,-0
2020-07-27,0.00219853716512,0.00209885784236,0.000726814443736,-0.00013178991418,-0.000151984139698,0,0.0020603185576,0.000447862474768,-0
2020-07-28,-0.0019122543707,-0.000707000907045,-0.000565251386588,0.000130841494374,0.000230310145096,9.0219705018e-05,0.000880781021698,0.000943392576831,-0
2020-07-29,0.00368779615363,0.00160156705179,0.00091486795389,0.000229320411979,0.000127208637892,0.000113845116424,0.000800384554533,0.000938237936188,-0
2020-07-30,-0.00107394846455,-0.00203141215024,-0.000608814174385,0.000146002350082,0.000133980634039,5.06081096515e-05,-0.000787958597748,-0.000316115837112,-0
2020-07-31,0.00238089446873,-0.00293089434143,-0.00029976625173,8.15615098231e-05,2.3755246173e-05,0.000144690095101,0.000964825756589,-8.98533220388e-05,-0
2020-08-03,0.0021105930079,0.00255919439636,0.000395598131398,7.6778869394e-05,-4.75685456486e-05,6.64665442277e-05,0.000121296024179,-0.00064685688439,-1.27868378475e-05
2020-08-04,0.0011587263417,0.00118518578932,0.000565308694977,0.000385243221071,0.000342490822649,0.000111075305179,0.00212777254968,0.000747109230497,-0
2020-08-05,0.00185819959434,0.000809479605142,0.000515726723648,-0.000382708575868,-0.000332121850759,2.36509497203e-05,0.000941839082622,-0.000253581442457,-0
2020-08-06,0.00200590445917,0.000330094748416,6.85497292407e-05,0.000281984685986,0.000113055339943,5.49878652209e-05,0.00135492458885,8.01459047129e-05,-0
2020-08-07,0.000215975132382,-0.000620878864302,-0.00102380201237,-0.000231229890797,-0.000209027019862,-0.000132988796747,-0.00163596702073,0.000712115370414,-0
2020-08-10,0.000902317204225,0.000586069330544,-1.14164847426e-05,-0.000182166971939,-0.000104845530425,-5.88660524716e-05,-0.000351594795477,8.00377502168e-05,-0
2020-08-11,-0.0024972491023,0.00062208204613,-0.000182387143417,-0.000546229403852,-0.000338388512015,-0.000109744339029,-0.00543435919189,-0.000732039616146,-0
2020-08-12,0.00422211780649,0.00302879935773,0.000609774274066,-0.000400920357784,-0.000292697946843,3.16494393437e-05,-0.000451255371612,0.00050913851151,-0
2020-08-13,-0.000551070385401,-0.000660037764496,-0.000194166886688,-0.000729720244316,-0.000201862920528,-0.000125697065644,0.00225602961561,-0.000622576019779,-0
2020-08-14,9.0109082546e-06,-0.000954207055225,6.8583897509e-05,-0.00018257762451,4.84620589072e-05,-8.25449492802e-05,-0.00042169347407,6.14406194512e-06,-0
2020-08-17,0.000968903048982,0.00117614312425,0.000538106388334,0.000266011825474,0.000161849682167,0.000106285254889,0.00211698012932,0.000407800396282,-0
2020-08-18,0.000657302231018,-3.65336276047e-05,0.000182140069433,0.000280981163042,0.0001689795004,0.000219229082078,0.000892979782788,-0.000239587990846,-0
2020-08-19,-0.00126680759003,-0.000838809112828,-0.000579331334757,-0.000296929299018,-0.000128458801697,-0.000148437385078,-0.00315063169001,-0.0008766487725,-0
2020-08-20,0.000950314256453,-0.000477559929155,-0.000137322338268,0.000348937144161,0.000283068786123,-4.72134135574e-05,0.000673219454793,0.000469351107953,-0
2020-08-21,0.00108379483841,-0.000806510785912,0.000319740068503,0.000198903796569,7.26177460129e-05,0.000168840070793,-0.000783809934403,8.01020015275e-05,-0
2020-08-24,0.00310579019705,0.00183236611002,0.00050229895441,-8.28692556148e-05,-0.000137146853684,9.81481298793e-05,-0.000549015856771,0.000320342845474,-0
2020-08-25,0.00107791682281,0.000328203792554,0.000465680196704,-0.000412202485993,-0.000232770338145,-1.56256811588e-05,0.000116672459632,0.000128732212553,-0
2020-08-26,0.00309468590573,0.00112873523815,4.53535002579e-05,-3.29288409699e-05,-4.01406993636e-05,9.74940228099e-05,0.00113324751751,-0.000459060854534,-0
2020-08-27,0.000678329107106,-0.00155789830675,-0.000293433389524,-0.000671787480631,-0.0003429824014,-0.000194024252306,-0.00111710506189,0.000724741513387,-0
2020-08-28,0.00201385841107,0.00105359418946,0.000611116468615,0.00026282762995,0.000159983841343,0.000155663958572,0.00166446760907,0.000329788244986,-0
2020-08-31,-0.00112971376519,-0.00104704877309,-0.00106841361484,0.000424610482204,0.000103372009805,0.000220448584221,0.000231054412862,-0.000509815613265,-0
2020-09-01,0.00293457992521,0.000217257769925,0.00100371830775,0.000401840232869,0.000317448047083,2.7153754484e-05,0.000115848745351,3.65201177074e-05,-1.46235748211e-05
2020-09-02,0.00433916556842,0.00182444938772,-0.000133097548472,0.000405324531304,0.000139550608746,1.96708902616e-05,-0.00131316287192,0.000928992324546,-0
2020-09-03,-0.0104089815075,-0.0034130815912,-0.000870821591241,5.03181653822e-05,0.000130536201266,-0.00017208812668,-0.000794844824134,-0.000607404613265,-0
2020-09-04,-0.00242352345425,0.000289058414516,-8.96069895498e-05,-0.00100654747651,-0.000563834263384,-0.00015504023106,0.000272919718996,-0.000265443308467,-0
2020-09-08,-0.00807570098209,-0.00185012557879,-0.000922300519349,0.000222728384974,0.00021644633151,4.79014737704e-05,-0.000191803226529,-0.000619784469087,-0
2020-09-09,0.00574129875546,0.00260477539381,0.000636981662817,-1.73766761268e-05,-5.05013231088e-05,2.82423586363e-05,0.000975382351704,0.000501417743505,-0
2020-09-10,-0.00509494157689,-0.00167021895613,-0.000742986858197,1.71974746529e-05,0.000124955024971,4.39462635473e-05,-0.000323598949528,-0.000620314429629,-0
2020-09-11,0.000148017818531,0.00139126433821,0.000363244224123,0.000241978117338,0.000159647327097,-2.81957183669e-05,-5.53587756837e-06,-0.000281461593407,-0
2020-09-14,0.0038236179629,0.00102305517284,0.000815646112893,1.72272222391e-05,-9.22300749248e-05,-3.21696779016e-05,0.00079480915424,0.00122351907118,-0
2020-09-15,0.00147490386203,0.000942845175783,0.000562162953532,1.71920219553e-05,-4.99488568983e-05,3.58967436966e-05,-0.000241033824839,0.00061334482774,-0
2020-09-16,-0.00116044826424,0,-0.000179287284834,-0.000102493930837,-5.80477904744e-05,0,0.000283906307824,0.000271694723844,-0
2020-09-17,-0.0025640209749,0.000217087727806,-8.97232840569e-05,5.13424542414e-05,3.31696143175e-05,2.78611595617e-05,-0.000551947287281,-0.00100742578571,-0
2020-09-18,-0.003339683282,-0.00108953725196,-0.000394115440245,-0.00024013356321,-9.16356214292e-05,-4.3945916031e-05,0.000131662499502,-0.00114788350156,-0
2020-09-21,-0.00321134749715,-0.00374362616158,-0.000416441134362,3.45713765071e-05,0.000184492676909,-9.24527810571e-05,-0.00203152963312,-0.00150469630455,-0
2020-09-22,0.0029375848075,-3.72020809207e-05,-0.000439492898056,0.000156890474158,0,1.62630072555e-05,-0.000485521205826,0.000586986681256,-0
2020-09-23,-0.00673885733591,-0.00155557119667,-0.00077280778167,-0.000434758113505,0,-5.26998386136e-05,-0.00214824965072,-0.00149177090461,-0
2020-09-24,0.000766728527826,-0.000225203192419,-0.000140244825593,1.75542539484e-05,5.1385891969e-05,3.69689929118e-05,0.000366594025902,0.00026152162317,-0
2020-09-25,0.00465729633553,0.000562386628852,-1.16808563569e-05,7.0492923594e-05,8.55741809778e-05,6.97410241031e-05,-0.000281671649365,0.00100805252406,-0
2020-09-28,0.00483236996722,0.00245922526348,0.000487350881303,0.000174976651795,-1.7006999079e-05,0.000106003228617,0.000985410792422,0.00101463124946,-0
2020-09-29,-0.00159470608682,-0.000221347585365,-2.29826193043e-05,3.46187445156e-05,7.57894203562e-05,8.47750657937e-05,0.000825950509162,-0.000360114205937,-0
2020-09-30,0.00221066993937,-0.000369342121791,0.000793635229408,-0.000329560488445,-0.000278209686956,-0.000153569137749,-0.000593833664171,0.000151796915901,-0
2020-10-01,0.00188350082875,0.000885133720465,0.000436440322839,0.000281045500211,5.81286024895e-05,-9.31030327165e-06,0.000875617369473,0.000997980946193,-8.04396306343e-06
2020-10-02,-0.00284828990688,-0.000328155043857,-0.000550211426355,-0.000203327385741,-9.85132847575e-05,7.92306358458e-06,-8.95375852501e-05,0.000862917451312,-0
2020-10-05,0.00528648785407,0.00234109350013,0.000644007139222,-0.000646009180822,-0.000634200388921,-0.000151200680952,0.000488441346932,0.000292725464298,-0
2020-10-06,-0.00428052995268,-0.00156104009842,0.000148364142534,0.000168726333686,0.000228864002682,7.88875222241e-06,-0.0011756369032,-0.000333778649989,-0
2020-10-07,0.0052022178047,0.00142553667624,0.00047113714119,-0.000135898604697,-0.000288054438616,-3.98092123364e-06,-4.48799739161e-05,7.46945879743e-05,-0
2020-10-08,0.00267684009382,0.00112553800183,0.000376686010767,0.000253071301807,0.0001798865029,0.000197482090073,0.000351071991139,0.000846941188566,-0
2020-10-09,0.00270487651304,0.00101054038918,0.000351742828683,5.03704194933e-05,-4.87683114391e-05,1.57119194455e-05,0.00178917569113,-0.000202799330581,-0
2020-10-12,0.00488863907389,0.000753660220907,0.000496431867415,0.00038360333946,0.000105042282696,3.12503949546e-05,-0.00028641917595,0.000238316190612,-0
2020-10-13,-0.00200176045552,-0.00167564280092,-0.000224175887431,4.96967287933e-05,0.000216750850858,0,-0.00155400171006,-0.000868058382967,-0
2020-10-14,-0.00192651561722,-0.000322798792693,-0.000225521636974,0.000116726805871,3.23074627485e-05,0,0.000302787133038,-0.000610748249176,-0
2020-10-15,-0.000377483409813,-0.0016544288489,-0.00040704262312,-0.000167166669109,-0.000105272897494,-1.56678195687e-05,0.000358778932068,0.000257180360441,-0
2020-10-16,-0.000184774193255,0.000468593037033,0.000203954437341,-0.000100490704284,-5.67963743236e-05,1.96073722738e-05,-0.00034294441371,-0.000355902659046,-0
2020-10-19,-0.00464714727489,-0.000648963956218,-0.000158691698068,-0.000234585704451,-0.000162370436344,-0.000117677740114,4.97979872277e-05,-0.000773475480284,-0
2020-10-20,0.00121395932739,0.000834775092834,0.000513485416951,-0.000168723404951,-0.000212457722213,-4.34154745073e-05,0.000479073628864,0.000352265078609,-0
2020-10-21,-0.000574226578854,-0.000506569572644,0.000102396169703,-0.000235482711844,-0.000130407887637,-1.57503398893e-05,0.000749810891155,-0.000147878253916,-0
2020-10-22,0.00166208560104,0.000144827443874,1.1385983998e-05,-0.000353468917209,-0.000342445174078,-7.48405917275e-05,-0.000983829168018,-6.17379100887e-06,-0
2020-10-23,0.00103441441218,0.000832887543666,0.000239061009863,0.000286173512618,0.000138598871114,5.90673327557e-05,-0.000105603806256,0.000295975701073,-0
2020-10-26,-0.00563351017868,-0.00281682610258,-0.000669830693933,0.000268477129885,0.000260209311662,3.92866464402e-05,-4.98814782547e-05,-0.000707123620583,-0
2020-10-27,-0.00104126866954,-0.0011300150907,0.000183356776826,0.000457483140696,0.000221580399628,9.91433358001e-05,0.00026295130673,-0.000788254818569,-0
2020-10-28,-0.0103050415319,-0.00434537729659,-0.00128574897613,-0.000288468967173,-8.24087423419e-06,-6.35679706419e-05,-0.00161967643697,-0.00115644429977,-0
2020-10-29,0.00301714668831,0.000707251019001,0.000538348916482,-0.000363344368012,-0.000427449417793,-0.000174128267298,-0.000417083518477,0.000646504236329,-0
2020-10-30,-0.0031152517775,-0.000741889225544,-0.000536456702107,-0.000551774212423,-0.000325750162873,-0.000153315581083,0.000455466152405,-0.000322120483487,-0
2020-11-02,0.00333214398877,0.00179002224211,0.000656549754763,0.000368059087664,0.000173117356675,0.000186265461648,0.000978737600035,0.00116200538277,-5.00639723806e-06
2020-11-03,0.00529673498178,0.00383172230585,0.000135221369564,-8.52544459679e-05,-0.00022466241375,-3.98850911861e-05,0.00056769967177,0.000962757017051,-0
2020-11-04,0.0067525444752,0.00156147058164,0.00159479176401,0.00131703791078,0.000831654815124,8.28872559925e-05,-5.56221121011e-05,8.83287410768e-05,-0
2020-11-05,0.00595187125118,0.0036729914092,0.000859417312417,0.00018356571874,-1.62901970822e-05,3.89868846636e-05,0.00225877371043,0.000236913494697,-0
2020-11-06,-7.0119259264e-05,0.000326294458121,0.000184884642958,-0.000428118027886,-0.00032917478945,-0.000219372165584,0.000141036925346,-0.000338430302007,-0
2020-11-09,0.003860723664,0.00420836730621,0.00038090901341,-0.00090630672204,-0.000715122236557,-0.000138663935958,-0.00440232917251,0.00174259701258,-0
2020-11-10,-0.000454553388519,0.00115624620176,-0.000574492304448,-0.000311784364865,-0.000272116229812,4.60406817269e-05,0.000313577017533,0.000742056685127,-0
2020-11-11,0.00229696252245,0.00133607679227,0.000216646764713,0.000114733869691,0.000151946072709,8.43320782858e-05,-0.000410633157726,0.0001961241825,-0
2020-11-12,-0.00300978769198,-0.00230189200545,-0.000377615567519,0.000800516222239,0.000541693714024,0.00013364978626,0.000570450834845,-0.000671497220798,-0
2020-11-13,0.00427210169375,0.00223958153231,0.000639318791105,3.27795702984e-05,-0.000127978437636,-3.8444578339e-06,0.000648582243232,0.00136107881514,-0
2020-11-16,0.00387003019704,0.00204051879744,0.000590631209623,-1.62872234062e-05,-7.1356497835e-05,-6.4590395468e-05,-5.36155954756e-06,0.000583290339995,-0
2020-11-17,-0.00167666129753,-7.10943711435e-05,-7.46511431722e-05,0.000387569129293,0.000244068393083,7.92592568646e-05,-0.00034576304268,4.82557693466e-05,-0
2020-11-18,-0.00373686303613,-0.000854466204858,-0.000170882987015,0.000129362135349,-3.1530067477e-05,1.5098293638e-05,-0.000538022780296,-0.00101516065869,-0
2020-11-19,0.00129950325958,0.000967273963665,0.000128942680854,0.000358014521121,0.000103135373377,4.94595413324e-05,-0.000176888698788,0.000200659531732,-0
2020-11-20,-0.00211648198425,0.000535788162794,0.000353600034458,0.000194631872346,0.000166151997769,0.000106182349879,0.000283261754809,-0.000278877000171,-0
2020-11-23,0.00184146156008,0.000107258253069,-1.07138503469e-05,-4.87021951874e-05,-0.000190012358814,-3.79608212055e-05,-0.00185062469212,9.70692475716e-05,-0
2020-11-24,0.00498029794712,0.00257399500784,0.00068633658047,-0.000259754144029,-0.000150487323534,1.51828190042e-05,-0.00141216450761,0.00027304445236,-0
2020-11-25,-0.000481034367458,-0.000319628237423,-0.000234348820152,-6.45096189518e-05,3.15135093946e-05,7.9180597724e-05,-4.2508770234e-05,3.01380943616e-05,-0
2020-11-27,0.000868305573522,0.00113752641926,0.000479835964289,0.000322856582825,0.000283412056585,0.000116987458557,-0.000914834220572,-0.000229265171034,-0
2020-11-30,-0.00138124821313,-0.00322811949055,-0.00127695803069,0.000257794322078,-6.28334740173e-05,5.27298848116e-05,-0.000594475496577,-0.00053585914711,-0
2020-12-01,0.00342063415369,0.00346440247311,0.00106067437981,-0.000607771301712,-0.000506610900425,-0.000108947603803,0.00187574581681,0.0006546987192,-2.91774479672e-05
2020-12-02,0.000631082052148,0.000227978477881,-2.0598095659e-05,-0.000220620123271,-0.000167100166427,3.57270209416e-05,0.000752153069206,-0.000393765107492,-0
2020-12-03,-8.1914508754e-05,0.000520611359509,0.000493918372979,0.000339230316107,0.000267146536625,0.00013875997421,0.00079260272428,0.000416909034692,-0
2020-12-04,0.00258051133721,0.00146001513662,0.00033860868194,-0.000541205901559,-0.000391299625993,-0.000106748213018,-0.000286853429172,0.000761140761169,-0
2020-12-07,-0.000618297012847,-0.00109894480605,0,0.000303263899017,0.000306875023472,0.000129991890437,0.00149882553203,-0.000437437805937,-0
2020-12-08,0.000878477812724,0.000355492786128,0.000143073824738,1.67970107866e-05,9.95407221186e-05,8.26976606749e-05,0.000355723838699,-0.000174981651653,-0
2020-12-09,-0.00269585645218,0.000193563758191,-0.000591743697398,-0.000285770084467,-0.000140784776897,-6.29174944083e-05,-0.00174639165205,-0.0003085688236,-0
2020-12-10,-9.79719661919e-05,0.00032448493878,0.000677180986251,0.000490328913399,0.000224800610276,0.000114655979974,-0.000193193463034,-0.000216626658329,-0
2020-12-11,-0.000350597637134,-0.000518460024549,-0.000338135955109,0.000219510461833,0.000199587566892,-3.95012260057e-06,0.000187094714358,-4.67784043574e-05,-0
2020-12-14,-0.00133834029407,3.24489282479e-05,-0.000184570723861,-0.000118252470398,-5.82668335658e-05,0,-0.000555794084865,-0.000216492617997,-0
2020-12-15,0.00403282336654,0.00165760699514,0.000472806213739,0.000118541625202,-0.000100076906972,9.10926619514e-05,0.00140753203456,0.00100883555921,-0
2020-12-16,0.000470481135356,0.000515557296529,0.00027513308942,-8.3949766072e-05,-8.26987524867e-05,-3.92447185274e-06,0.000558155749299,5.81629012644e-05,-0
2020-12-17,0.00167582306927,0.000997208490969,0.000406928249317,-8.37454751148e-06,-7.18417953266e-05,2.86215924585e-05,0.00106799181075,0.000481795730628,-0
2020-12-18,-0.00119787360545,-0.000896539335609,-0.000151905522535,-0.000100234709806,-8.22404467548e-05,-2.3421993656e-05,-0.000173336213813,-0.00100543943902,-0
2020-12-21,-0.00107214201186,-0.00170224351859,-0.000684038740391,0,6.60232592526e-05,-7.83578287786e-06,-0.000324735341642,-0.00027838585328,-0
2020-12-22,-0.000505684960174,-0.000488274410141,-0.000369572228729,0.000286196891491,0.000165751243698,4.72036704584e-05,-0.000809282516481,0.000343549729118,-0
2020-12-23,0.000269498191992,0.00169503934665,0.000513981749006,-0.000134892833911,-0.000207466862201,2.36219623544e-05,0.000676265513828,-0.00032068467404,-0
2020-12-24,0.00116485063254,0.000390184872455,-0.000287112394056,0.000184958586943,0.000140676699732,1.96374579363e-05,0.000407078504785,0.000430210095741,-0
2020-12-28,0.00257605346008,0.000940630743188,0.00010229605139,3.3541064287e-05,8.29484461063e-06,3.5274519918e-05,-0.000371269426325,0.000294765881071,-0
2020-12-29,-0.000574971308872,0.00119573138014,0.000540151864408,3.34048509377e-05,-1.64636207731e-05,-2.34277970457e-05,0.000369930430895,-0.000422916047697,-0
2020-12-30,0.000428655522628,0.000322826527442,0.000702470687007,0.00011685687625,6.57085122509e-05,3.89909252984e-05,0.000779458927893,0.000269899086224,-0
2020-12-31,0.00152449348096,-0.00103024636517,-0.000131988373294,0.000149847119996,6.55446150682e-05,0.000105009891674,0.000380037955023,0.000473968357395,-0
2021-01-04,-0.0040992694963,0.000867945274944,0.000233150136957,-0.000249341793788,2.45891008793e-05,5.4381450152e-05,0.00228246650956,-0.00161254357193,-9.23370630565e-06
2021-01-05,0.0020662230214,0.00170600227562,0.00116209772475,-0.000203288648318,-0.000233397961834,-1.5658827665e-05,0.000296162606653,7.30304737818e-05,-0
2021-01-06,0.00179722972348,0.00163487852153,-0.000484337955241,-0.000977987441699,-0.000580614849899,-0.000147968012652,-0.0016210512622,8.47889774054e-05,-0
2021-01-07,0.00449430705501,0.000440272006201,0.000395501603491,-0.000202490026554,-0.000348491033679,-3.11532907441e-05,-0.000229306138404,-9.69343764772e-05,-0
2021-01-08,0.00174142153156,0.00144027410023,0.00102376936082,-0.000234963494239,-0.000280832555793,-0.000193884322006,-0.00333749422055,0.000482469871884,-0
2021-01-11,-0.00207072518526,-0.0020025832156,-0.00060010103188,-0.000318860731568,-0.000189884164356,-0.000104640283808,-0.000184692067982,-0.000662953475328,-0
2021-01-12,6.48783651811e-05,0.000724117968726,0.000564203750709,0.000168824853662,-1.6566725319e-05,6.62904536334e-05,0.000612156538698,0.000115224540903,-0
2021-01-13,0.000825041856188,-0.000282711046374,0.000167893872154,0.000623357412527,0.000339754625251,0.000108913671255,-0.000408987724893,0.000605003014998,-0
2021-01-14,-0.00107357513557,0.00115995078193,0.000512510936485,-0.000386748952269,-0.000223359574694,2.32909721955e-05,-4.89796352453e-05,0.000295866118404,-0
2021-01-15,-0.00222734561493,-0.00247598520425,-0.000601079380442,0.000201735156597,0.000264631180991,5.43501097632e-05,-0.00116981042573,0.000579522994917,-0
2021-01-19,0.00239349459826,0.00107140046368,0.000941157441494,0.00027038212364,5.82229247904e-05,0.000117064963522,0.000793205163879,-0.000145666408747,-0
2021-01-20,0.00422833195737,0.00115946860639,0.000916289774915,1.68658734876e-05,4.13550677223e-05,7.37564566715e-05,0.00152877168855,0.000971799051308,-0
2021-01-21,0.000279927777891,0.000341669976323,9.75525397624e-06,-0.000283238031439,-0.000139339806645,0.000119256134994,-5.93154583162e-05,-0.000245269906449,-0
2021-01-22,-0.00108769536926,-0.00105603585791,-0.000380827932593,0,0.000147460777314,-7.69419140849e-05,-0.00074412044355,0.000119625337033,-0
2021-01-25,0.00121139846598,-9.34516259922e-05,0.000264476464818,0.000501339356859,0.000394565629503,0.000127344720617,8.11370907986e-05,0.000390065125303,-0
2021-01-26,-0.000479917033737,6.20989445093e-05,-0.00033208320356,-6.67720510458e-05,-3.27898144139e-05,-7.31094727212e-05,-0.000231915896699,0.000365017201183,-0
2021-01-27,-0.00750935969,-0.00354434916821,-0.00133917787393,1.67328222278e-05,0.000114836675991,-1.53956750503e-05,-0.000593726068948,-0.000922222531426,-0
2021-01-28,0.00261386248778,0.00116643822236,0.000247805677815,-0.00013533368648,-0.000257832160204,9.75976657465e-05,8.75623325047e-05,0.000279312493318,-0
2021-01-29,-0.00611186506013,-0.00329669157485,-0.00111543453163,-0.000218838892819,-0.000173958411703,-5.05611555121e-05,-3.81505597191e-05,-0.000598672859065,-0
2021-02-01,0.00503851886698,0.00209652729425,0.00130829491013,0.000191163853801,0.000124107903447,-0.000110146179292,0.000893377287075,0.00118695857702,-9.53109514718e-06
2021-02-02,0.00424209109194,0.00167265888189,0.000783167305275,-0.000307127721843,-0.000252681273428,7.43970102086e-05,-0.00121677964138,0.000299181946109,-0
2021-02-03,0.000237894600076,0.000408059772833,0.000187729385588,-0.000237563990737,-0.000243018007779,-2.7257995563e-05,-0.000148438912422,-0.000125909461969,-0
2021-02-04,0.00344230368742,6.27904857981e-05,7.50701654092e-05,-8.48973198592e-05,-3.35601137194e-05,-3.50660230718e-05,-0.0021123427318,0.000343397319136,-0
2021-02-05,0.00120359245668,0.00112818815716,0.000374809678352,-0.000254116156905,-0.000209076317226,-1.16594062069e-05,0.00094613028029,0.000177114648817,-0
2021-02-08,0.00220968659796,0.000968322258207,0.00026147772622,0.000202594707692,4.16530769584e-05,4.65113518807e-05,0.000971370923533,0.000273332151172,-0
2021-02-09,-0.000204164646526,0.000870220996561,0.000566839452148,8.39940324655e-05,7.46889558588e-05,2.69862396523e-05,0.000316532407795,0.000175659282731,-0
2021-02-10,-0.000133224772202,-0.00034122806201,0.00011129448367,0.000184498608904,0.000248377320809,4.2321337088e-05,0.000355424142131,0.000271471060439,-0
2021-02-11,0.000493411495476,0.000991954700888,0.000537553224617,-0.000234588915625,-7.44544771381e-05,-5.76873749928e-05,-0.000845616543749,0.000107378505675,-0
2021-02-12,0.00151020089608,0.000712271984275,9.25856818466e-05,-0.000451959727938,-0.000322382063517,-8.06706049435e-05,-0.000292880627124,1.12976879031e-05,-0
2021-02-16,-0.000265747007326,0.000928004911423,0.000147968543441,-0.00091980628768,-0.000701861109538,-0.000237928843953,-0.0013782810293,-0.000389140952188,-0
2021-02-17,7.0472108258e-05,-0.000961636410647,0.000129864784423,0.000385761952003,6.62972481185e-05,-1.92393965723e-05,-0.00107753523013,-6.2196715541e-05,-0
2021-02-18,-0.00131075859892,-0.000994077982815,-0.000678060360818,-0.000100796151606,-8.31231761453e-06,-0.000204256650336,-5.64672649276e-06,-0.000215228868635,-0
2021-02-19,-0.000543474805752,0.000716999967968,0.000279635599553,-0.000606665912059,-0.000391112808846,-0.00020884620391,0.000391206959686,0.000289885560414,-0
2021-02-22,-0.00236331711004,-0.000467682988237,-0.00148215499086,-0.000606817273554,-0.000158145735616,-3.87260148626e-06,0.00141754544099,0.000420607747513,-0
2021-02-23,0.000371472545028,6.25946257093e-05,0.000289912541364,5.06826234744e-05,7.51977596806e-05,1.16481846854e-05,-0.000221856408856,0.000319360704402,-0
2021-02-24,0.00337139670286,0.000562444369394,-0.000327002129424,-6.74659295091e-05,-0.00013347643341,-3.87628696782e-05,-6.81954393124e-05,0.000393105047984,-0
2021-02-25,-0.00742595063719,-0.00261525907632,-0.00109843262387,-0.00178414479526,-0.00128812697266,-0.000594810016956,-0.0018006006211,-0.000987679377953,-0
2021-02-26,-0.00157744047706,-0.00221844187699,-0.000720135079208,0.00159328014099,0.000871252101619,0.00060546314346,-0.00231124584713,-0.000751124029172,-0
2021-03-01,0.00741617621842,0.00296069561586,0.00137064767645,-0.000103371558349,-0.000110478757246,-0.000165872419113,-0.000162113524634,0.000226351138084,-1.54399300476e-05
2021-03-02,-0.00234089884995,-6.1293624049e-05,-0.000472842356898,3.47464724193e-05,0.000181674999882,0.000203329289569,0.000544793468373,-0.000481515932253,-0
2021-03-03,-0.00395217233665,-0.000921664444904,-3.71690260324e-05,-0.000731615562411,-0.000537773591548,-0.000127877563084,-0.0011108156609,-0.000283937067844,-0
2021-03-04,-0.0036717296532,-0.00151714085832,-0.00107704808491,-0.000579304326243,-0.000498278010773,-0.000193313091174,-0.000988104353658,-0.000566551615841,-0
2021-03-05,0.00544032313216,0.00121858990218,0.000349695383839,-0.000141704919641,-0.000141145109014,5.28295014218e-05,6.3115810279e-05,0.000542870824992,-0
2021-03-08,-0.00148841219119,-0.000744401130985,-0.00128536601272,-0.00079135708235,-0.000394059181482,-0.000278396874192,-0.00103370995059,0.000429969204075,-0
2021-03-09,0.00427087596613,0.00193382522582,0.00104728369613,0.000760490407193,0.000475500427614,0.000316467473855,0.00211053536039,0.000334375154018,-0
2021-03-10,0.00186760443383,0.000647752879466,-8.39674486803e-05,0.000332191614379,0.000209022381372,0.000228690282081,0.000510867749566,0.00050168958279,-0
2021-03-11,0.00304817712736,0.00110571638161,0.00145866967751,-1.74812426889e-05,-3.46727983731e-05,4.39651309857e-05,-8.68541732077e-05,0.000590400872085,-0
2021-03-12,0.000406560888319,0.000366329981449,-0.000877282663299,-0.00112507029259,-0.000715389393323,-0.000393143387878,-1.84979483666e-05,0.000852041431439,-0
2021-03-15,0.00180519979357,0.000366868107499,-2.77373077135e-05,0.000208106263063,0.000120838378115,0.000147144111145,0.000438456960425,0.000768551129726,-0
2021-03-16,-0.000382627047113,0.000243692124372,0.000211890206837,-6.91356666943e-05,-1.71913166415e-05,0.00010300862788,9.22853055994e-05,-0.000213911328117,-0
2021-03-17,0.00103312103328,0.000791900741081,3.68653367843e-05,-1.72412878562e-05,-0.000163372686656,-4.35720486318e-05,0.000713645168092,4.5027006715e-05,-0
2021-03-18,-0.00441267120858,-0.00145853898447,-0.000753697160513,-0.000757962286266,-0.000609139734151,-0.000351772425016,-0.000583057526146,-0.000527927204639,-0
2021-03-19,-0.00055822001223,0.000521513863101,0.000482516987093,0.000156483792151,-6.06045193518e-05,9.57484246202e-05,0.000421336286482,-0.000708729072217,-0
2021-03-22,0.00240387476631,6.46948043031e-05,-0.000104022790872,0.000382464642718,0.000320310085261,0.000239340755006,-0.000148656556472,0.000362716906233,-0
2021-03-23,-0.00238016271216,-0.00230251336717,-0.000795942944084,0.000502487266161,0.00048315115415,0.000103338790771,-0.000734487474456,-7.34104654223e-05,-0
2021-03-24,-0.00153299708962,-0.000648088241227,-0.00112574975809,0.000243791222245,0.000130052891859,0.000131867819315,0.000347444806655,-0.00028953878482,-0
2021-03-25,0.00169262078106,0.000959347945453,7.4640671333e-05,-0.00010478750526,-0.000130410636552,-3.60663655894e-05,-0.000367064181824,0.000524529995627,-0
2021-03-26,0.00486313981457,0.00206790593181,0.00117241313443,-0.000330917483892,-0.000329603092992,1.19882420457e-05,0.000285445770885,0.00111944901965,-0
2021-03-29,-0.000153590146117,-0.000734223438287,-0.000267477154252,-0.000328089855982,-0.000335290941673,-0.000134674823385,-0.00118710110941,-0.000305704734036,-0
2021-03-30,-0.000808750929412,-0.000184207886139,0.000194367025864,0.00015595586836,-8.6267554342e-05,-8.74481300459e-05,-0.00169112948278,6.8174642881e-05,-0
2021-03-31,0.00123545262838,-0.000430809381078,0.000213379672846,3.47573966953e-05,-0.000138385698157,1.19570248226e-05,0.00147872122833,-0.000318910246068,-0
2021-04-01,0.00329777794926,0.00196545459456,0.000435149396632,0.000663081484176,0.000431808570956,0.000143486271571,0.00124718953985,0.000949049069169,-1.00467397906e-05
2021-04-05,0.00430592486638,0.00226129063817,0.000104718415694,-0.000403426345474,-0.0002823089392,-0.00014335577779,-3.70401038253e-05,0.000192471687336,-0
2021-04-06,-0.000178651393365,-0.00131867892861,0.000236584682796,0.000697327202918,0.000482284252861,2.76996062712e-05,0.000797784791377,0.000127522762793,-0
2021-04-07,0.000349615273573,0.000269473366282,-0.00072805743695,-0.000313538120633,-6.13001345066e-05,3.16447625359e-05,-0.000282050625185,3.71613232688e-05,-0
2021-04-08,0.00143641693455,0.000868968707069,0.000510939680929,0.000488113646906,0.000341880531076,0.000110820698256,0.00107375148208,-0.000185951194195,-0
2021-04-09,0.00220021824461,0.000357948756756,-0.000423804607461,-0.000225562340341,-0.000261781712443,-0.000106354632824,-0.000757305988424,-5.81754320814e-05,-0
2021-04-12,0.000111053149797,-0.000804767525901,-0.000319977856757,-5.20526615153e-05,-6.10306069215e-05,7.86781754822e-06,-0.000604193295812,0.000290651483605,-0
2021-04-13,0.000904502006606,0.00101484429364,9.42822310665e-06,0.000572943525109,0.000410433841705,0.000181339855318,0.00070283986058,0.000248738067636,-0
2021-04-14,-0.00104113207368,0.00014866534783,0.00026282132397,-0.000155594974094,-0.000121790458271,0,-0.000432176116423,-0.000263533513295,-0
2021-04-15,0.00326871524035,0.00116122867302,0.000432479772555,0.000779396732575,0.000635956325289,0.000267411329169,0.0016034699123,0.000871098323946,-0
2021-04-16,0.00101889541246,0.000885331290741,0.000158406656763,-0.00051496865437,-0.000267631131596,-1.55868378683e-05,0.000604233209073,0.000109878417091,-0
2021-04-19,-0.00149960941628,-0.000441765014547,-0.000102297745596,-0.00015420886087,-0.000103387127838,-8.55694694428e-05,-0.000277402475926,9.92048865578e-05,-0
2021-04-20,-0.00222942894174,-0.00250982591529,-0.000372932063958,0.000309164079231,0.000293737514124,3.11921274999e-05,0.00035670639094,0.000413589779916,-0
2021-04-21,0.00287083255864,0.00136333811065,0.000383689835479,0.000189613261837,5.19884002694e-05,4.69697936883e-05,0.00100129303889,0.000336304284207,-0
2021-04-22,-0.00277993845044,-0.000618573446708,-8.37053214381e-05,5.14059557672e-05,7.75795082629e-05,5.83497733408e-05,-0.000657359047935,-0.000276781465486,-0
2021-04-23,0.00328390752625,0.00171555271378,0.000672436211424,-3.43797372035e-05,-0.000129794208407,2.34532091678e-05,-0.000387607009324,0.000298940411091,-0
2021-04-26,0.000635700344751,0.000235315110589,6.50128241976e-05,-0.000171092474094,-0.000103293287638,2.7192322064e-05,0.000265039074073,0.000151257602852,-0
2021-04-27,-6.57696797236e-05,-0.000470123917671,7.42314429092e-05,-0.000478679064952,-0.000386878075924,-3.8766230231e-06,-0.000252710058877,-5.19702823525e-06,-0
2021-04-28,-8.76724277682e-05,0.000412034652033,0.000399613369634,0.000102770641816,0.000129115892147,0.000155478753456,0.000295302228707,-0.000109610275035,-0
2021-04-29,0.00194202293129,0.000146942872513,-0.000111379913529,-0.000102637517585,-0.000171985289039,-2.32888226215e-05,-0.000415291913028,0.000437804633387,-0
2021-04-30,-0.00201158054635,-0.00205404793903,-0.000731972846033,0.000204895219364,8.58503516689e-05,-3.09989974055e-05,-0.000336473107008,0.000202907414324,-0
2021-05-03,0.000659013095724,0.00156254022645,-1.86166605067e-05,0.000125348177782,0.000167460475344,0.000123153836429,0.00129788130687,-9.93277340678e-05,-7.70210982218e-06
2021-05-04,-0.00185082939525,-0.00181854006509,-0.000613667040919,0.000244798914611,0.000131461321611,0.000114363368498,-0.000732969278013,-0.000323584990603,-0
2021-05-05,9.37215160408e-05,0.00176845350735,0.000189740346604,0.000158043110482,0.000123275175505,0.000225857656625,0.000413184287824,-0.000828167576154,-0
2021-05-06,0.00238812798806,0.00123526360833,0.00049227452307,3.51709268791e-05,4.3944976939e-05,-5.92948093571e-05,0.00166711727428,0.000273781132703,-0
2021-05-07,0.00218070125413,0.00175399865024,0.000442252564991,-5.23982660669e-05,3.49639193948e-05,0.000106113698204,0.000908705428019,0.00064501738507,-0
2021-05-10,-0.00297070925517,-0.000784597026166,-0.000935345313972,-0.00031172337861,-0.000199709833468,2.3438078394e-05,0.000306995927078,-1.50316622366e-05,-0
2021-05-11,-0.00266393306021,-0.00181046742143,-0.000131575352265,-0.000435166381669,-0.000165765156733,-0.000133485417938,1.77974075763e-05,-0.000624180095374,-0
2021-05-12,-0.00632240380487,-0.00264382732732,-0.00126704057226,-0.000700418820556,-0.000482722888875,-8.68920610932e-05,-0.00102056657512,-0.00124569775701,-0
2021-05-13,0.00354774394333,0.00104249955503,-5.75206319625e-05,0.000461651195143,0.000338154214815,1.20048282548e-05,0.000423614424496,0.000631540158675,-0
2021-05-14,0.0045602393715,0.00239732650829,0.000800223628469,0.00045873155198,0.000221111272986,0.000179093859146,0.000938033938764,0.000581622871779,-0
2021-05-17,-0.000759547535017,-0.000234394444382,2.82991333401e-05,-0.00017472929212,-9.63314498896e-05,9.84677853827e-05,0.00119649114777,5.05213179319e-05,-0
2021-05-18,-0.00256508830653,0.000527316948138,0.000707240491414,-0.000244477253826,0,-7.48458079177e-05,0.000202367897703,1.00936780583e-05,-0
2021-05-19,-0.000774955870075,-0.00134952168606,-0.000132211482705,-0.000279802500212,-0.000298047637949,-0.000343165692425,7.15337310872e-05,-0.000156781718682,-0
2021-05-20,0.00318188812995,0.00208983759225,0.000180016953351,0.000684276126464,0.00041336571658,5.93499353257e-05,0.00047841316767,0.000553062935456,-0
2021-05-21,-0.000242879514841,-2.92243051788e-05,-0.000526537307207,8.70544375546e-05,3.48987305651e-05,9.03426054861e-05,4.74704202858e-05,-5.03645852729e-05,-0
2021-05-24,0.00302379227013,0.000935321174091,0.000460983329891,0.000191680063177,9.60436815771e-05,0.000121815975389,0.000184094841646,0.000614688117421,-0
2021-05-25,-0.000661070293179,0,0.000514556885455,0.000485124967333,0.000364732356808,0.000140693891682,0.000944804447861,-1.5020962381e-05,-0
2021-05-26,0.000588964837031,0,0.000364218191222,-6.918757149e-05,-0.000112683686962,-0.000113136372076,-0.000182731334835,0.000220062976136,-0
2021-05-27,0.000155999574446,0.000289944626461,9.33168510826e-05,-0.000241980362107,-0.000173214644653,-3.89636950232e-06,4.1237875384e-05,-0.000114952008564,-0
2021-05-28,0.000531850241159,0.000434877156086,0.00026129599563,0,-8.69782721186e-06,3.11843365227e-05,0.000394644672286,0.000299857405271,-0
2021-06-01,-0.000261899550032,0.000810207880821,0.00105246398902,-9.15493039248e-05,-1.8156673878e-05,0.000145096404523,-0.000282188894595,0.000897835303393,-8.23984516395e-06
2021-06-02,0.000471768097434,0.000426952278894,0.000118159633408,0.000262384608965,0.00011373490847,-6.27472931347e-05,0.00048904463509,0.000585170723867,-0
2021-06-03,-0.00111246882313,-0.000795067581732,-0.000562180697637,-0.00047119100248,-0.000253096367262,-0.000168277206598,-0.00196267828544,-0.000186410692385,-0
2021-06-04,0.00274644883102,0.00142763725596,0.000446766791125,0.000824801681704,0.000552873101239,0.000240041440948,0.0010657195071,2.4657069415e-05,-0
2021-06-07,-0.000291896003243,0.000340102298345,-0.000199131419134,-0.000139381409762,-7.83850267217e-05,-0.000109387910123,0.000397432208078,0.000592528043473,-0
2021-06-08,6.4069305779e-05,-8.49756962543e-05,-0.000208071536461,0.000365604296912,0.000287368278293,5.07637665906e-05,-0.00030770938198,0.000420909079708,-0
2021-06-09,-0.000448011435369,-0.000594569578755,-3.61670321596e-05,0.000400294970412,0.000313288696256,3.88699329381e-06,-0.000190119273171,6.84869780118e-05,-0
2021-06-10,0.00139440109964,0.000481538022005,0.000343742653156,0.000417760445582,0.000356953554375,0.000257677422667,0.000425168777172,0.000367039940385,-0
2021-06-11,0.000496009410205,0.000253924457946,-0.000216220395111,-8.6671738457e-05,-0.00014738708498,-0.000128308715312,-0.00111434410469,-0.000204713894335,-0
2021-06-14,0.000673932432711,0.000225984107944,0.000198430781555,-0.000503421405593,-0.000312551714597,-2.72503936087e-05,-0.000574545947091,0.000200077123902,-0
2021-06-15,-0.000553371348528,2.82227681076e-05,-0.000333776296272,8.68445464191e-05,1.73789644242e-05,8.17425239607e-05,-0.000368202077589,-0.000551481009936,-0
2021-06-16,-0.00168411469897,-0.000990264328397,-0.000668605290346,-0.00064347960234,-0.000687059933837,-0.000452331734572,-0.00164278151511,-0.000332391584882,-0
2021-06-17,-0.000100239980002,-0.00111134180351,0.000282113174045,0.000630547932882,0.000359139117876,0.000188508320025,-0.00296014064563,-6.40046072268e-05,-0
2021-06-18,-0.00408531216572,-0.0028575308044,-0.000383279368746,0.00054445385406,0.000570886748065,1.97080092254e-05,-0.000519192304069,-0.000868873511147,-0
2021-06-21,0.00430951446129,0.00204344501389,0.000240330934302,-0.000530895067182,-0.000327460586434,-8.73136692074e-05,0.00114865731832,0.00104463890528,-0
2021-06-22,0.0016196891144,0.000143990529225,-0.000210933666656,0.000210693183999,0.000184411334606,0.000275625373922,-0.000394950216507,-0.000266525620294,-0
2021-06-23,-0.000366547873559,-0.000805135649228,0.000283856021987,-0.000105214036022,-0.000201688374216,1.18002564967e-05,-6.19674272754e-05,-8.87125761308e-05,-0
2021-06-24,0.00179930759316,0.00123813611235,0.000366766172158,7.02045774097e-05,-1.75332805697e-05,-9.44834284799e-05,-5.6412382655e-05,-0.000109822161211,-0
2021-06-25,0.00108325572846,0.000487954036165,0.000402151305027,-0.000402445655138,-0.000210010051158,5.10111392544e-05,0.00030926243674,0.000341819597636,-0
2021-06-28,0.000615726894985,-0.000973886127369,0.00011856901928,0.000576304047965,0.000314389908529,7.43958381624e-05,-5.60826359264e-06,-0.000148325883944,-0
2021-06-29,0.000164559105162,-2.86269711791e-05,-3.64616215778e-05,0.000104663813685,5.23722788209e-05,2.74007405282e-05,-0.000981424601108,-0.000138329534544,-0
2021-06-30,0.000257804588265,-0.00100280775613,-0.000310197311612,0.000139710657116,0.000157256063823,6.65897363788e-05,0.000449028276533,-0.000267039772232,-0
2021-07-01,0.00169806724823,0.000430008533191,-0.000264711975458,-0.000111955238823,-7.2602938589e-05,4.85284136596e-05,0.000320090108737,0.000217698743119,-9.92353195285e-06
2021-07-02,0.00229314981362,0.000551575696561,-5.55428544025e-05,0.000434406100282,0.000364147349025,0.00021208743724,0.000655834150364,0.000151607883756,-0
2021-07-06,-0.000548118997384,-0.000895799144085,-0.000893696466923,0.000639943737987,0.000526502595854,0.000129020504895,0.000497109112469,0.000365145082825,-0
2021-07-07,0.00106159243619,0.000520229612154,4.60782992615e-05,0.000345940159595,0.000293491946818,-3.51853890581e-05,0.000383380807146,0.00017529409107,-0
2021-07-08,-0.00244953577056,-0.00216165727782,-0.000928125556352,0.000224142520961,0.000258284297909,-6.62938349545e-05,-6.5710618054e-05,-0.000140815004017,-0
2021-07-09,0.00320017274648,0.00254993271309,0.000877675554183,-0.000659020889279,-0.000510627158582,7.83326282814e-06,0.000336325098988,0.000829912947846,-0
2021-07-12,0.00107801979478,0.000546923551029,2.75351454634e-05,-0.00012055735561,-5.15822896031e-05,0.000132430855383,-0.000125292094843,0.000436473840534,-0
2021-07-13,-0.00102772231804,-0.000833175063202,2.74699965579e-05,-0.000429806252809,-0.000308922376141,0,0.000131002873888,-0.000716382716923,-0
2021-07-14,0.000449736204485,0.00037467532047,0.000238917706632,0.000672659628559,0.000430426867475,0.000132573239648,0.00108717309758,0.000354476000542,-0
2021-07-15,-0.00102711295927,-0.00120597836831,4.57735433835e-05,0.000429700664392,0.000420200016155,0.000151521380472,1.78620838679e-05,8.22410134413e-05,-0
2021-07-16,-0.00235333669409,-0.00114979927053,-0.000329936751304,-0.000172051542961,-1.71724749277e-05,0,-0.000988982372721,-3.39095231326e-05,-0
2021-07-19,-0.00441842030937,-0.00288908700355,-0.000718491296577,0.001054706524,0.000862946865625,1.95363131553e-05,0.000119756616443,-0.00093453498592,-0
2021-07-20,0.00425352469892,0.00130915995531,3.71205395727e-05,-0.000191549696382,-0.000130354248048,-7.86810871322e-06,-0.000132650785415,0.00119589169515,-0
2021-07-21,0.00242229264714,0.00211029408183,0.000414755591829,-0.000657461672742,-0.00058713916507,-0.000129078438223,-0.000377473804126,-4.85555101344e-06,-0
2021-07-22,0.000629587986137,0.000201728571054,7.34981236604e-05,0.000465709446278,0.000232397766104,0.000140360226987,0.000197094942505,-0.000407818431934,-0
2021-07-23,0.00309473412576,0.000891932579957,-0.000752233703373,-0.000137813155614,-0.00015467689211,0.000225778096272,-0.000316059557542,0.000421728643485,-0
2021-07-26,0.000743544778849,0.000172109768757,-0.000905216120879,-0.000171638445889,-6.85617091003e-05,0.000217281397892,-0.000237754162623,2.4161254954e-05,-0
2021-07-27,-0.001384224415,-0.000545054233712,-0.00100603901097,0.000463599985239,0.000428409025404,-1.16281171331e-05,0.0001664673616,0.000289964564552,-0
2021-07-28,-0.000124161896917,0.000660812278942,0.00129161241793,0.000189144227328,8.58052191497e-05,0.000171029446476,0.000506153196122,-0.000179102886277,-0
2021-07-29,0.00125215750818,0.00111761337067,0.000164462185555,-0.000325910987693,-0.000308121750733,-8.91680603275e-05,0.00111660213245,9.66244660292e-06,-0
2021-07-30,-0.0014680051033,-0.000971477727599,-0.000318846501813,0.000273695577109,0.000281607600998,7.73135195501e-05,-0.000799459590788,6.73896548816e-05,-0
2021-08-02,-0.000632868689878,0.000716359675432,0.000374571696309,0.000424130094668,0.000441903720226,1.83271401762e-05,-0.000124721627388,-0.000111042700493,-4.13572352725e-06
2021-08-03,0.00244058613324,0.00106675355986,0.000126173095078,6.87352405904e-05,2.54147826731e-05,4.62186470081e-05,-7.07476662671e-05,6.12925486621e-05,-0
2021-08-04,-0.00148207518214,-0.00043087108102,0.0001256869514,-1.71309405168e-05,-2.53194693955e-05,-9.59038427035e-05,2.34911260099e-05,-0.000154989098846,-0
2021-08-05,0.00190265232478,0.000777074114207,-0.000155022157214,-0.000445441078472,-0.000363309250532,-0.000176843342768,-0.000394352567149,0.000583593353671,-0
2021-08-06,0.000498677037924,-0.000603361012055,-0.000338500767341,-0.000889314179354,-0.000582022954662,-0.000111279703351,-0.00247955455216,-8.92781602011e-05,-0
2021-08-09,-0.000246962039067,-0.000173168005949,0.000174903178717,-0.000360801486636,-0.000211853777241,-8.86711452638e-05,-0.00172362860369,-0.000269039950037,-0
2021-08-10,0.000378550399719,0.000318434414756,0.000185135311815,-0.000258520246824,-0.000186958563959,4.63824900379e-05,2.96018306047e-05,-0.000478083432027,-0
2021-08-11,0.000757187308329,0.000955218534028,0.000185146326615,0.000189512749077,0.000110504387035,8.1214412065e-05,0.00132011293982,0.00029347412035,-0
2021-08-12,0.000911924943005,-0.000346010095797,-0.000330023719548,1.72137482203e-05,-0.000101623052338,-3.85194695686e-05,2.35834313041e-05,0.000108445967028,-0
2021-08-13,0.000555278547592,0.000778357780605,-9.70483995667e-05,0.000720724667999,0.000567048461779,0.000127062252362,0.00138542336605,0.000273409279305,-0
2021-08-16,0.000716712983934,-0.000861127437672,-0.00039616054371,0.000102459293441,0.000219093282028,4.98309952142e-05,0.000487219509859,-6.10245739911e-05,-0
2021-08-17,-0.00199941431561,-0.0016643818776,-0.000888724573468,-0.000153672581241,-5.05493064356e-05,-0.000134143528934,-0.000146714834439,-5.16175246053e-05,-0
2021-08-18,-0.00333348503725,-0.000374943591279,5.82520658268e-05,1.71724051618e-05,-5.08154215721e-05,7.70548013269e-06,7.66848453692e-05,-0.000457494641776,-0
2021-08-19,0.000468326536744,-0.00165073683502,-0.000750668516109,0.000344738189913,0.000221069365032,1.9347590549e-05,-0.000290212633401,0.000241513187066,-0
2021-08-20,0.00241378189054,0.000493013575127,0,1.7282054298e-05,-9.36554875707e-05,-0.000154939297472,5.33761410897e-05,0.000251350922681,-0
2021-08-23,0.00268164822379,0.00156137693758,0.000691087642707,0,2.54747590883e-05,0.000115855580444,0.0012003993398,-9.4562997618e-05,-0
2021-08-24,0.000485205462728,0.000718437721793,0.00108347503873,-0.000290875377727,-0.000269978772646,0,-4.7016864746e-05,-0.000220858955859,-0
2021-08-25,0.000641434429065,0.000114780587267,4.8297749957e-05,-0.000375704635763,-0.000387535414574,-1.91668713949e-05,-0.000686603498278,-3.28512920149e-05,-0
2021-08-26,-0.00180959461182,-0.000947613478272,-0.000405998892214,1.70501244147e-05,0,7.67138207116e-06,0.000111579130201,1.87821387932e-05,-0
2021-08-27,0.00273279383162,0.00155533637079,0.00062053862631,0.000548627589139,0.000321308300466,0.000373150474131,0.00148434019465,0.0005227912046,-0
2021-08-30,0.00134513162172,-2.85942409541e-05,0.000144250583768,0.000221089174907,0.000192955096597,-7.62156301574e-06,-0.000490772908457,0.000499878338017,-0
2021-08-31,-0.000454248180123,0,0.000604746965444,-0.000288599906914,-0.000184226898079,-0.000144730636596,0.000198272881056,0.000237801484637,-0
2021-09-01,0.000162682045822,0.00131175341716,0.000604774279059,6.29775614778e-05,4.18951136504e-05,2.14633260532e-05,5.82859532838e-06,0.000811374199839,-7.80695502961e-06
2021-09-02,0.000923069165308,0.000708627286556,-0.000198642788579,0.000206976829714,0.000119525536282,1.94345378183e-05,-0.000265172042625,0.000262881195486,-0
2021-09-03,-7.29872952159e-05,0.000735652179134,0.000226606250917,-0.000344406494344,-0.000238604347123,-6.97812667232e-05,0.00106469503379,9.03351505866e-06,-0
2021-09-07,-0.00107233706488,-0.000367370032631,0.000414914524362,-0.000533133878622,-0.000391502121848,-0.000123888071105,-0.00196798695763,-0.000564785060508,-0
2021-09-08,-0.000365731856936,-0.00110712125307,-0.000748393743721,0.000328213243624,0.000273627771622,0.00020223932109,-0.00024788302696,0.0002496616266,-0
2021-09-09,-0.00128533104184,-0.000170569719546,6.63914314324e-05,0.000640232059361,0.000282528819929,0.000264875570726,0.000437354591269,-0.0010182230371,-0
2021-09-10,-0.00235939880724,-0.000426771047067,-7.59468698786e-05,-0.000398269384456,-0.00031700508699,-0.000140344048276,-0.000502760169536,-0.000718776384871,-0
2021-09-13,0.000763505079879,0.00114365837341,0.000162202573484,0.000261032248033,0.000120521928099,0,0.000332879615023,0.000329162726555,-0
2021-09-14,-0.00160917339363,-0.000655544681583,-0.000466089687896,0.000451014259474,0.000377751821482,2.73510450957e-05,0.000639976287412,-8.65938885566e-05,-0
2021-09-15,0.0024805092955,0.000599381470981,-1.90373445392e-05,-0.000191060160136,-0.000171940200943,2.73582086432e-05,-0.000587423357924,0.000155158470233,-0
2021-09-16,-0.000473568144585,-0.000427157457042,-0.000513138003804,-0.00034658030197,-0.000317328469906,-8.19266796592e-05,-0.00224958743995,4.09853938407e-05,-0
2021-09-17,-0.00291848504759,-0.00188763938827,-0.000190877850406,-0.000174105373664,-0.000292834789789,-0.000144980497851,-0.000154591065406,-0.000439020288952,-0
2021-09-20,-0.00497791774371,-0.00286004993212,-0.00134443268615,0.000385371893817,0.000511367532764,4.73041838693e-05,0.000700015272231,-0.000299117447743,-0
2021-09-21,-0.000279499223378,0.00128113271145,0.000390787260123,8.82561303417e-05,-6.11694917266e-05,-3.57574710628e-05,0.000663328377886,2.31714931068e-05,-0
2021-09-22,0.00287762669521,0.000813690080102,0.000701951746862,7.04622125877e-05,9.59260071234e-05,-5.15642328118e-05,-0.000373103744162,0.000476747175018,-0
2021-09-23,0.00360242227406,0.00182215696907,0.000232911228738,-0.000999631329474,-0.000919886575326,-0.000181591168208,-0.00114413505136,-9.67447033052e-05,-0
2021-09-24,0.000493203694029,-0.00138515238618,-0.000542199774454,-0.000349930913425,-0.000303043254086,-0.000126038182058,-0.000125499000358,-0.000524033513326,-0
2021-09-27,-0.000860444514373,0,0.000262170864716,-0.000280773733721,-0.000269155807967,2.3702753446e-05,0.000203778291974,-0.000654003377037,-0
2021-09-28,-0.00605311457815,-0.00333335171845,-0.000573803430209,-0.000843507145286,-0.000382656356115,-0.000110779968221,-0.00095447429346,-0.000325196574313,-0
2021-09-29,0.000501642430417,-0.000469697858508,-0.000393967963505,0.000142415268035,0.000105696490631,2.8042169573e-05,-0.000443797795349,0.000362270746575,-0
2021-09-30,-0.00364983485249,-0.000440385258702,0.000334936464033,-3.5605766496e-05,0.000123317535683,8.02666761656e-06,0.0017633341216,-0.0008046691451,-0
2021-10-01,0.00351498478089,0.000441577907745,2.96374960268e-05,0.000625649170745,0.000415439804025,0.000222552015802,0.00022558389166,0.000679451008439,-7.15105278784e-06
2021-10-04,-0.00386881157821,-0.00139214711385,-0.000689452828762,-0.000139127631093,-0.000121107870796,-3.90658713531e-06,0.000467831757454,9.68427642561e-06,-0
2021-10-05,0.0030990465256,0.000863913776706,0.000472332786295,-0.000472227770706,-0.000313160796163,5.11368823394e-05,-0.000470531212702,-0.000345904235068,-0
2021-10-06,0.00124707611207,-0.00109909270722,-0.000190399491413,8.71480582538e-05,2.59888759957e-05,-2.7453812087e-05,0.000268101611182,0.000476074982678,-0
2021-10-07,0.00260307874675,0.00124665422488,0.000971255327329,-0.00055768828479,-0.000398717135905,-4.3112938011e-05,-0.000529686988717,0.000135921468665,-0
2021-10-08,-0.000551898085759,2.96259733275e-05,0.00018959095633,-0.000434144586199,-0.000215974248877,1.17077281287e-05,4.24683327715e-05,-0.000474084372477,-0
2021-10-11,-0.00219022391847,-0.000444407556591,-0.000139894365539,-0.000313117098626,-0.000242170610892,-3.1305461096e-05,-0.000188358096049,0.000125953522098,-0
2021-10-12,-0.000741827026791,-5.93935346581e-05,-0.000140383817406,0.000733022165788,0.000451336751015,9.42317530057e-05,0.00045118050938,0.000656228803368,-0
2021-10-13,0.0010800090959,0.00166216547248,0.000660836531729,0.00045307483558,0.000190724573178,0.000227345121857,0.00178383664349,0.000368903073647,-0
2021-10-14,0.00503507449493,0.00162209311742,7.95889480215e-05,0.000381052327824,0.000232552992597,9.73989858648e-05,0.00024802419449,0.000617343312535,-0
2021-10-15,0.00229896631118,0.00119917411983,0.000542661154765,-0.000480919658447,-0.000486898408823,-8.11371868357e-05,-0.00160185003025,-3.82686189652e-05,-0
2021-10-18,0.000899423969693,-0.00055494914327,-6.89713057004e-05,-0.000137149575449,-0.000136498059863,-0.000104159565294,-0.000245647288447,0.000128977812784,-0
2021-10-19,0.00235081616358,0.00105171219999,0.000581462507759,-0.000566147646631,-0.000349781738953,-0.000119602269524,0.000317610036234,2.38819748205e-05,-0
2021-10-20,0.00120215781481,0.000524202990601,9.83778968491e-06,-0.000136745166896,-4.25184620627e-05,8.84429721471e-05,0.000866083916684,0.000800051096935,-0
2021-10-21,0.000798756515962,-0.000754641345576,-0.000411216804286,-0.000409004174874,-0.00025426121884,0.000111167944934,-8.92957269109e-05,7.11928848694e-05,-0
2021-10-22,-0.000318405107176,0.000697236592512,-0.000127402250472,0.000375232581042,0.000246025240602,9.97671911588e-05,0.000607807894505,0.000242304036944,-0
2021-10-25,0.00164348315636,-0.000116001141711,0.00018585954366,0.000187351583376,0.000118555511197,0.000118722346603,0.000689965194586,0.000165977413095,-0
2021-10-26,0.000276502922542,0.000289143634174,-0.00034135904652,0.0003564132958,0.000118216645962,0.000171814667977,-0.000741285066394,0.000141848578678,-0
2021-10-27,-0.00136179303535,-0.000809364589842,-0.000263238905617,0.000644897970207,0.000540145814767,0.000232870259117,0.000260863020195,-0.00043960300528,-0
2021-10-28,0.00295632133224,0.00153380942378,-4.88088399248e-05,-0.000152911708497,-0.000253497744637,-0.00043187414698,-2.37390814851e-05,0.000719329540687,-0
2021-10-29,0.000624937297938,-0.00112379278372,-0.000622090248336,-5.07777799577e-05,4.20725284536e-05,-0.000125592015802,-0.00084518620186,-0.00058430364522,-0
2021-11-01,0.000532381503767,0.00141572755005,0.000477563996162,-0.000118942923272,-7.58008252612e-06,-0.000194028752556,0.000515591698161,0.000255136405026,-1.23471957144e-05
2021-11-02,0.00121293247091,-0.000342111345452,-0.00052785644402,0.000402108275921,0.000244445382622,0.000199162055529,-0.000214900072332,0.000237266089714,-0
2021-11-03,0.00183676038164,0.00102514328168,0.000361243614903,-0.000401621893168,-0.00031394219926,-7.02102208659e-05,-0.000828747634085,0.000168622097809,-0
2021-11-04,0.00142387660247,-0.000113701325908,-0.000107202604705,0.000662506858846,0.000539700103872,0.000330927898272,0.00111890182106,-0.000477666958165,-0
2021-11-05,0.00104971908221,0.000311632480425,1.94253843976e-05,0.000781729358105,0.000546551191423,0.000174622594702,0.00129902299073,0.00025389540829,-0
2021-11-08,0.000258002695841,8.46323851522e-05,0.000512522472422,-0.000363183246851,-0.00043184714298,0.000166107433249,0.000360230084043,-4.06200519318e-05,-0
2021-11-09,-0.000999322849633,-0.000366465006987,-0.000115974190723,0.000553129788695,0.000457493357074,0.000293446051531,0.000495781263457,8.57117711323e-05,-0
2021-11-10,-0.00242336971391,-0.00188801617534,-0.000135252884651,-0.00134778826077,-0.0008542457712,-0.000154370003076,0.00109736339984,-0.000229984153676,-0
2021-11-11,9.72284269202e-05,0.000510253363129,0.000855249065023,-0.00036509886606,-0.000321144831426,-7.76476746157e-06,0.000575698598411,8.16518476217e-05,-0
2021-11-12,0.0022660874943,0.00101904088749,3.88178408982e-05,-3.46891240108e-05,0.000208056624539,-7.7680356676e-06,0.000195578155766,-3.62436303175e-05,-0
2021-11-15,0.000103177701163,-0.000253818326355,-9.67003441913e-05,-0.000726475881122,-0.000388683097358,7.73979408611e-06,-0.000159438363816,0.000347555758714,-0
2021-11-16,0.00119479914208,-0.000338865781584,-1.93566600635e-05,-6.91911959585e-05,-8.64509952724e-05,-7.34799548079e-05,-0.000744899712393,-0.000329884685064,-0
2021-11-17,-0.000736602145922,-0.000367229102031,-0.000184021397063,0.000467784300985,0.000354647098567,0.000100585361666,0.000934522476766,0.000153726516546,-0
2021-11-18,0.00102658744187,0.000112913820214,-0.000600074369538,0.000173065981221,6.05263494253e-05,3.09409808328e-05,-0.000330981891813,9.02363745407e-06,-0
2021-11-19,-0.000542073684564,-0.00112864443306,-8.70621514132e-05,0.000380636355673,0.000267848100731,-9.27603736963e-05,-0.00078570778966,-0.000293505697839,-0
2021-11-22,-0.000853813953559,-0.00079187264285,-0.000513891163597,-0.000953875770254,-0.000727441440466,-0.000406697302688,-0.00229145383265,-0.000244400644501,-0
2021-11-23,0.00040378149089,-0.000256271593321,4.88061910992e-05,-0.000785687062729,-0.000409761915142,-0.000194985500229,-0.000870385401988,0.000401004902291,-0
2021-11-24,0.000815421757683,-0.000770057764623,-5.86589600435e-05,0.000454750143054,0.000305663679909,0.000156248319088,-9.55453857751e-05,0.000607057460684,-0
2021-11-26,-0.00682035331612,-0.00398732948084,-0.00144516766017,0.0014147235632,0.00128198447099,0.000249654904516,-0.000160994799621,-0.00140841089937,-0
2021-11-29,0.0037078554719,0.000691065757119,6.90938204366e-05,0.000105842591004,-0.000229209244496,-0.000118303724466,-0.000138663944227,0.00036864423287,-0
2021-11-30,-0.00592720102011,-0.00140469656264,7.86345412877e-05,0.000334110329037,0.000605636295223,4.70912349781e-05,-0.000672202371785,-0.000945047567353,-0
2021-12-01,-0.00334400913865,-0.000751252566226,-2.97239177549e-05,3.89114191173e-05,0.000193033281051,-0.000160082523799,0.000399270901764,-0.000813836916705,-9.72582158826e-06
2021-12-02,0.00459497945848,0.00209344874798,0.000589909875555,-3.48802385132e-05,-0.000215610388251,0.000147183449989,-0.000553682082733,0.00150026928001,-0
2021-12-03,-0.00262905845139,-0.000752328866064,-0.000696131892256,0.000796186205985,0.000581807670092,0.000103764039686,0.000829803359248,-0.000170083792496,-0
2021-12-06,0.00355412695374,0.0014473522903,0.000323463414538,-0.000693607113879,-0.000497239230041,-0.000227158224175,-0.000245239229003,0.000894665451956,-0
2021-12-07,0.00625235342223,0.00324184207334,0.000724525034213,-0.000310736933439,-0.000375496142689,8.04751173745e-05,0.000351299242086,0.000744516073857,-0
2021-12-08,0.000808360450122,0.000207849801259,0.000298673641502,-0.000512412737813,-0.000312380517989,-8.34176682374e-05,5.30184097111e-05,0.000372987204838,-0
2021-12-09,-0.0020647194171,-0.00133533720957,-0.000248691293055,1.71494089724e-05,0.000244624752805,-0.000200807529637,-0.000600393353809,-0.000754653853083,-0
2021-12-10,0.00287349830144,0.000208774824317,8.99718198165e-05,5.14421933272e-05,6.78311467518e-05,-3.81791377272e-06,0.000414084042668,0.000159168807283,-0
2021-12-13,-0.00271898912138,-0.00154472796797,-0.000766821346014,0.000683237445835,0.000464552109524,4.93230255847e-05,0.000247494859525,0.00048500182824,-0
2021-12-14,-0.00209950357146,-0.000774799625618,-0.000109887288879,-0.000377001769076,-0.000169454871375,-0.000156010329458,-0.000922128645747,-0.000668947550454,-0
2021-12-15,0.00476049991711,0.00185735481741,-0.000180772041739,-0.000154952135492,-0.00014480615671,4.20754109662e-05,0.000421909085044,0.000728925779881,-0
2021-12-16,-0.0027088880533,2.97049799063e-05,0.000129613414836,0.00026876331177,0.000284373089087,0.000101612196251,0.00118574705152,-1.86756656467e-05,-0
2021-12-17,-0.00324287489581,-0.00175589610468,-0.000339217469449,0.000239827191458,0.000220163532316,3.83820707313e-06,-0.000212526600656,-6.54037731836e-05,-0
2021-12-20,-0.0032220481269,-0.000732146943043,-0.000680559257368,-0.000292719169564,-8.51098376707e-05,-2.68903188585e-05,-0.000421323634777,-0.000408570562814,-0
2021-12-21,0.00535542976725,0.00189463379803,0.000825155307251,-0.000155957895966,-0.000393926136561,0.000108231761099,-4.17790653787e-05,0.000590490827583,-0
2021-12-22,0.00304386771958,0.00154581596209,0.000272825388283,0.000171895581049,9.34650376617e-05,0.000157226383301,0.000929540483846,0.000538826445937,-0
2021-12-23,0.00190027710545,0.000933332012938,0.000291069604517,-0.000238972157466,-0.000202499273298,-0.000110453274367,0.000223479091156,-5.58406599503e-05,-0
2021-12-27,0.00433724954171,0.00117093201335,0.000160151703121,0.000102171615754,3.3681287581e-05,0.000163329282902,0.00023459166322,0.000891550884278,-0
2021-12-28,-0.000252239467769,0,-0.000168967249233,-8.46215610666e-05,-1.67479720816e-05,-3.01826985246e-05,-0.000425118169569,0.000195399863019,-0
2021-12-29,0.000394804977742,-2.98176645285e-05,-0.000208874622195,-0.000575016096726,-0.000493261213129,4.15220306101e-05,-2.91424337692e-05,0.000358475136483,-0
2021-12-30,-0.000854691597283,-0.000358215034715,0.000626971970533,0.00042306171519,0.000317875918429,0.000253037593726,0.000705589710601,0.000232909411769,-0
2021-12-31,-0.000776002945957,-5.96396376728e-05,-0.000129190063504,-6.76079390208e-05,-0.000108596302195,-6.03399018793e-05,0.000675521876184,0.000148861917233,-0
2022-01-03,0.00177890296654,0.000924540880781,0.000347975713494,-0.00131860196368,-0.000894269747176,-0.000279201939308,-0.00153214676725,-0.000423482790519,-1.64846049382e-05
2022-01-04,-0.000100481286509,0.000554768578193,-0.000200758356918,-1.77058895105e-05,-5.26623337273e-05,-0.000190728871184,0.000736651505778,-6.08096357246e-05,-0
2022-01-05,-0.00575486922052,-0.0013131221214,-0.000742332274487,-0.000617442226425,-0.000421017315015,-0.000404528053237,-0.000302779754991,-0.00142823752217,-0
2022-01-06,-0.000279190416784,-0.000826096629547,0.000283998810507,-0.00021404745229,-0.000248310580162,-0.000216306099248,-0.00124254992837,4.38833507777e-05,-0
2022-01-07,-0.00117710913809,0.000621255467307,0.000254259532305,-0.000590143125175,-0.000329075144527,-5.9143327761e-05,0.000457434799599,-0.000325687443762,-0
2022-01-10,-0.000369472015787,-0.00139204145286,0.000101815369855,-0.000179082538956,-2.67045391713e-05,6.31746614449e-05,0.000307314599649,-0.000282005107384,-0
2022-01-11,0.00270566725633,0.00178027335941,0.000979208656375,0.00037664955019,0.000240816187661,0.000348035663741,0.00122542263931,7.50447543645e-05,-0
2022-01-12,0.000804212913167,0.00161934911794,0.000779390416939,0,1.7695275888e-05,-0.000321830294947,0.000269568876054,5.69407504461e-05,-0
2022-01-13,-0.00409644737441,-0.0010859020845,-0.000645713455758,0.000354921223885,0.000317624044175,1.17459602552e-05,-0.00034631900914,-9.60594908939e-05,-0
2022-01-14,0.000120589373142,-0.000354160420443,0.00010145546599,-0.00112403357421,-0.00069200540692,-0.000224246592354,-0.000294225798346,-0.000439078424751,-0
2022-01-18,-0.00523918075165,-0.00221994991549,-0.000763173569091,-0.0012168100115,-0.000756272248767,-0.000236742834126,-0.000168616359316,-0.000506395295685,-0
2022-01-19,-0.00305132596229,-2.99132542149e-05,0.000205806002844,0.00043426695117,0.00024292690063,-0.000103721682738,0.00163812486842,-0.000650138895305,-0
2022-01-20,-0.00322288227773,-0.000959113863219,0.000319409982495,0.00010868521787,0.000216199586104,5.99246433976e-05,-0.000262205517361,-0.000610858583843,-0
2022-01-21,-0.00567779904694,-0.00207709354255,-0.000817542226282,0.000800708994908,0.000588181578408,0.000312972770492,-0.00034296133333,-0.000116430497793,-0
2022-01-24,0.00121301527024,-0.00166783317286,-0.000688032086086,-0.000238271064909,-9.11570336285e-05,0.000117222511304,0.000579940039438,9.02273970058e-05,-0
2022-01-25,-0.00350462853555,-0.000788978560901,-1.04324273786e-05,-0.000201830579694,-0.000136833310547,-8.89783952368e-05,0.00033956018105,-0.000189615269677,-0
2022-01-26,-0.00071465302227,-0.000701198746434,-0.000534470598659,-0.00116098603787,-0.000733098746422,-0.000325088399462,-0.00173042023938,-0.000743778696496,-0
2022-01-27,-0.00141240496462,-0.000982010385211,-0.000453663998759,0.000686399997289,0.000433575037108,0.000208627959229,-0.00136735906081,-0.00078071492201,-0
2022-01-28,0.00709484842941,0.000677609744445,8.47150213509e-05,0.000148935013474,0.000240727326412,0.000180649111811,-0.000313333427209,0.00150761355686,-0
2022-01-31,0.00522289347608,0.00234917261927,0.00161515392397,-1.84332570447e-05,0,0.000138281827611,0.000614481668011,0.000585483253453,-0
2022-02-01,0.00197396294419,0.00147938048467,0.000300979957642,-7.12649101929e-05,-0.000138094862097,-0.00033155800316,8.59933409176e-05,-0.000170669791266,-1.02200269697e-05
2022-02-02,0.00291418693611,0.00121014477129,-9.00671890002e-05,0.000214995636886,0.000204839012829,5.58823156208e-05,0.000362599195056,0.000637628554879,-0
2022-02-03,-0.00708098511012,-0.00240706587153,-0.000418024764151,-0.000802002914555,-0.000425065542442,-0.000313584567151,-0.00014187427378,-0.000535490934562,-0
2022-02-04,0.00140023853227,0.000395952893762,3.02272591927e-05,-0.00126288023066,-0.000770898659388,-0.000289285723244,0.000155586481887,-0.000499278968635,-0
2022-02-07,-0.000960987844469,0.000274376438887,0,0.00018054934229,2.6923216975e-05,-2.00996510391e-05,0.000748656861266,-7.13724454798e-05,-0
2022-02-08,0.00245539895288,0.0007314601369,0.000453682934672,-0.000613816660609,-0.000322893854839,-6.43324114039e-05,0.000311388371744,-0.000233158874296,-0
2022-02-09,0.00439171585957,0.00240122489219,0.000744042523208,0.000125992157805,0.000134171812855,9.624073411e-05,0.00034637468969,0.00111988169044,-0
2022-02-10,-0.00541896116021,-0.00177668882637,-0.000278923503933,-0.00181942976915,-0.000903991355385,-0.000393289994266,-0.000384583211482,-0.00118471755937,-0
2022-02-11,-0.00591276563797,-0.00210338232578,-0.000786542306459,0.00130010019727,0.0010227598395,0.000442358543286,0.00194656028601,-0.000452123609736,-0
2022-02-14,-0.000965443176887,-0.00088810248495,-0.000374811566148,-0.00116087902488,-0.00069395660442,-0.00013331616214,0.000559562577337,-0.000449388845305,-0
2022-02-15,0.00476606997848,0.00249071069311,0.00113923442057,-0.000327960642124,-0.000298645443299,-0.000206876527227,-0.0010029010465,0.000441636779517,-0
2022-02-16,0.000334225713371,0.000641259163386,0.000383846353684,0.000235242452204,0.000206673347893,9.66780985512e-05,0.00106792001297,0.000228834497936,-0
2022-02-17,-0.00635710545583,-0.0023133411378,-0.000664549564729,0.000414680377655,0.00052855525368,0.000112430708158,0.00142932697706,-0.000522722943093,-0
2022-02-18,-0.0018997468968,-0.0007972712561,-0.000395614563627,0.000417744152174,0.000324903716388,0.000165851888102,-7.83262366966e-05,-0.000296814226741,-0
2022-02-22,-0.0031363578844,-0.00156789659323,-0.000783062334899,-0.000218503491329,-9.05628171215e-06,0.000154109620944,0.000223498391811,-0.000177575040643,-0
2022-02-23,-0.00515690757755,-0.00139113143544,-0.000460175389553,-0.000897283711636,-0.000527685128321,3.67096026516e-05,0.000485898495646,-0.00081079775771,-0
2022-02-24,0.00433517666232,-0.00193352028798,-0.00101098990354,0.000369485422862,0.000238616216197,0.000209814940655,-0.000704631391555,0.000817931241072,-0
2022-02-25,0.00643679718634,0.00370249096942,0.000905720999892,0.000202658798424,-2.74635528597e-05,-4.51551063232e-05,-0.000360668784134,0.0011900482113,-0
2022-02-28,-0.000753837009902,-0.00209058942511,-0.000559356360984,0.00143872149842,0.00114010760388,0.000880087834724,0.00110542262969,-0.000743958665587,-0
2022-03-01,-0.00447393262685,-0.00288877335467,-0.00066079155195,0.00113208897243,0.000987602674782,0.000369181477154,0.00195631884905,-0.000259069795438,-1.7741572735e-05
2022-03-02,0.00551889960929,0.00182498731674,0.000159001587647,-0.00240022240322,-0.00150294379548,-0.000324584455152,-0.0010406339833,0.000936267904197,-0
2022-03-03,-0.00151620816032,-0.00239370625156,-0.000697383663606,0.000665663552874,0.000423021323852,-5.84613687942e-05,0.000587284069759,0.000415355707506,-0
2022-03-04,-0.00246847454062,-0.00383978171035,-0.000932251078482,0.000793574678943,0.000980727477952,0.000379099621362,0.0015847906409,0.000235157466893,-0
2022-03-07,-0.00891269829436,-0.00430180999916,-0.00172181365555,-0.00115807552268,-0.000425471953786,0.000270543082822,0.0015071851306,-0.00102236040073,-0
2022-03-08,-0.00226023485606,0.000880698930567,0.000205179191866,-0.000717152115815,-0.00065746101261,0.000247010529405,0.00286070172532,-0.000249676027943,-0
2022-03-09,0.00792986417276,0.00554322600494,0.00120907476512,-0.000422631224914,-0.000621312902354,-0.000509787358227,-0.00319065806525,0.000788783636018,-0
2022-03-10,-0.00135683203815,-0.00167759963812,-0.000747649654622,-0.00110929683808,-0.000454332194676,-0.000110329015442,0.000321775695328,0.00012841180322,-0
2022-03-11,-0.00382248416676,-0.00139421311898,-0.000976845729602,-3.65739884312e-05,-2.68682767156e-05,0.000356412355646,-0.000730441194855,-0.000412020586043,-0
2022-03-14,-0.00218456249275,0.000946926735769,-0.00113512076433,-0.00193262700656,-0.00126228591579,-0.000566321859026,-0.00156670598876,-0.000404963110924,-0
2022-03-15,0.00657848324206,0.00131681999069,-2.17846162897e-05,0.000445347511188,-4.5469309603e-05,-0.000381989922078,-0.00193051766009,0.000347783167659,-0
2022-03-16,0.00673688474494,0.00507064873805,0.00360660905587,0.00014744161167,-0.000135552770785,-0.000291676193804,0.00063009182831,0.000616065887253,-0
2022-03-17,0.00382259592532,0.00138407318957,-0.000362309783741,0.000326680848955,-0.000186609893734,0.000672247899063,0.000487098138815,0.000798325854981,-0
2022-03-18,0.00336510619581,0.00131052967989,0.000761960955138,0.000432405102962,0.000282472704942,-0.000152271792899,-0.000874023304087,0,-0
2022-03-21,-9.03570842289e-05,-0.00081869006867,-0.000618778388056,-0.0019001626987,-0.00124698750485,-0.000435020907598,0.000749247535066,-0.000316478030879,-0
2022-03-22,0.00363183360335,0.00140830003847,0.00075322815742,-0.00052225212187,-0.000520551179973,-0.000226349707932,-0.00071980166856,0.000132069639745,-0
2022-03-23,-0.00402811683582,-0.00194478897956,-0.000338148864079,0.000789285516901,0.000632775343909,0.000610280370132,0.00134091630643,-0.000579593863373,-0
2022-03-24,0.00467067031617,0.00121575881481,0.000296920022383,-0.000432014155874,-0.000529175400764,-0.000304258889161,0.000725007911988,0.000324495155142,-0
2022-03-25,0.00152685386403,0.000222630360044,-0.000379486455727,-0.001521258449,-0.000964354639374,-0.000333482022117,-0.000409490433195,0.00064026645866,-0
2022-03-28,0.00223739799742,-0.000477641016018,0.000158309157099,0.000465895982946,0.000210668087093,-5.43634609052e-05,-0.00181489277242,0.000552970914255,-0
2022-03-29,0.0039139735451,0.0029893733004,0.000748399124886,0.000894807477012,0.000464615869919,-0.00017448427284,4.36774256229e-05,0.00153946320482,-0
2022-03-30,-0.00195737580703,-0.000566503973764,-6.25842512592e-05,0.000513593913359,0.000364401468011,0.000234086888338,0.000778069649863,-0.000386948373377,-0
2022-03-31,-0.00485412901289,-0.00236311928426,-0.000793718253108,-8.86920555511e-05,0.000173674218613,-0.000153673123673,3.78594905177e-05,-0.000648830998162,-0
2022-04-01,0.000887755586682,0.00133493721874,0.000927102413332,-0.000340326575126,-0.000613130556274,-0.000266011708134,-0.000627497904003,0.00103063876685,-2.09303818167e-05
2022-04-04,0.00256999684394,0.000650129812918,0.000872142174409,0.000168639632772,-6.56131017144e-05,-3.65493928053e-05,0.000484676945508,-0.000244397311592,-0
2022-04-05,-0.00380513922836,-0.00178777856869,-0.000889515217437,-0.00201457932485,-0.00118558481054,-0.000359939067039,-0.000626763533078,-0.000243318680466,-0
2022-04-06,-0.0030070142684,-0.00193220790295,-0.000556713598782,-0.000509209968773,-0.000349230429005,-0.000220789255557,0.000235527704872,0.000592232438806,-0
2022-04-07,0.00150884005971,0.000156737462276,-0.000366132569209,-0.000436198048957,-0.000246823535522,-6.58162480787e-05,0.000383532441353,-0.000504014290139,-0
2022-04-08,-0.000804361476808,-3.1339496232e-05,9.687439274e-05,-0.00100486479923,-0.000502904912404,9.04388772918e-05,0.000637076270835,8.24382374636e-05,-0
2022-04-11,-0.00513522807387,-0.00156880381952,-0.000625179943949,-0.000854517530978,-0.000475118479317,-8.64583241478e-05,0.000508130247562,-0.000541214342458,-0
2022-04-12,-0.00110389999164,-0.000981261561067,-0.000195741115572,0.000632191292617,0.000479326191692,-4.14707307056e-06,0.000797435559546,-7.40295312425e-05,-0
2022-04-13,0.00340118908659,0.00174178018457,0.000533088395778,0.000402427191417,0.000220605803713,-9.55687011216e-05,0.000501461741993,0.000356447901696,-0
2022-04-14,-0.00371369168752,-0.000723306217171,-0.000540151181706,-0.00161751029371,-0.000895228652135,-4.12358710811e-06,-0.00034517120562,-0.0002160506962,-0
2022-04-18,0.000122099724204,-0.000633994150629,-0.000206937978146,-0.000613829049378,-0.000288056735897,-1.6635830975e-05,0.000325160090377,-0.000203902980305,-0
2022-04-19,0.00480238811376,0.00066672894826,-0.000250857893725,-0.00121055790939,-0.000653846274578,-0.000249931460455,-0.00159396539938,0.00109531203605,-0
2022-04-20,-0.000223599510915,0.00110834588853,-0.000315494541763,0.0011306748964,0.000767236556806,0.000369766688561,0.000507148864345,0.000851751616075,-0
2022-04-21,-0.00448654505256,-0.0017659327868,-0.000877513226201,-0.00108773371018,-0.000544345653426,0.0001986140955,-0.000368847469544,-0.000359560607813,-0
2022-04-22,-0.00818558354959,-0.00273746345818,-0.000382724573938,-0.000192635959464,4.81480826661e-05,-0.000200476899669,-0.00101380848099,-0.000911983135701,-0
2022-04-25,0.00170522733103,-0.000871208665362,-0.000498868515711,0.00134730100967,0.000645045694718,-3.8086875551e-05,-0.00188131669175,-0.000132079521601,-0
2022-04-26,-0.0085651260539,-0.00400022606988,-0.00096418232355,0.000624795648186,0.000674146079136,0.000110029498664,0.000156736083027,-0.000848829273177,-0
2022-04-27,0.000817970852359,0.000653589724501,0.000662354959785,-0.000830566270737,-0.000574017049075,-8.57425663227e-05,-0.000787965732175,-0.000339162472474,-0
2022-04-28,0.00737250895588,0.00228857774894,0.000628982109779,-7.91028213794e-05,-0.000148521330426,0.000295987998159,0.000558896040829,0.000941517043028,-0
2022-04-29,-0.0109291674591,-0.00184169636728,3.330809945e-05,-0.00121236973031,-0.000538256436894,-0.000428191819718,-1.16219835211e-05,-0.00236161735086,-0
2022-05-02,0.00174453316499,-0.000493227039415,-0.00010166753939,-0.0011141778642,-0.000762709561039,-0.000757340984181,-0.0019406044634,-0.00120639205832,-1.14647135775e-05
2022-05-03,0.00137523364168,0.00121022784415,0.000380626028791,0.000450397720185,0.000117762161705,0.000181588556223,0.000264926246698,0.000621127966659,-0
2022-05-04,0.009135692328,0.00257665680752,0.000493689540953,0.00128658483221,0.000644578213447,0.000390984427231,0.000980345245934,0.000579009866757,-0
2022-05-05,-0.0108133818732,-0.00480825468547,-0.0018079039263,-0.00195679002869,-0.000990011825708,-0.000521315737264,-0.000378027784553,-0.00133771199899,-0
2022-05-06,-0.00179192720276,-0.00134784512339,-0.000670519819609,-0.000844100588138,-0.000570408559538,-0.000131219600331,0.000167406249635,-0.000592904013634,-0
2022-05-09,-0.00961011540161,-0.00460917703531,-0.00131398673198,0.000987180676015,0.000741861638868,-0.000195862773564,-0.00147480452202,-0.00218666725922,-0
2022-05-10,0.000683367031038,0.000724485790555,0.000201244505773,0.000622996011917,0.000342344717684,-0.000229725965544,-0.000862969826571,-0.000880272816648,-0
2022-05-11,-0.00470662784166,-0.000758569815054,-0.000343073629965,0.0007632105951,0.000634032627172,0.000615104669808,0.000827009498336,-0.000101128136109,-0
2022-05-12,-0.000305334423179,-0.000553347551452,-0.000237339702437,0.000382879166825,0.00034321038781,-0.000221590954637,-0.00157022666928,0.000370225214769,-0
2022-05-13,0.00699740490657,0.00412309434498,0.00118878677077,-0.000888143426167,-0.000546100816924,0.000265512079418,-0.000819170577179,0.00126509216464,-0
2022-05-16,-0.00120200996272,0.000205549198841,-0.000105767004826,0.000458982123221,0.000429880239863,1.72238954749e-05,0.000944749668666,-0.000306372492686,-0
2022-05-17,0.0060665041773,0.00287581776946,0.00111589606692,-0.0011168508044,-0.000779379745655,-0.000258074075383,-0.000627594670202,0.000657660553305,-0
2022-05-18,-0.0120375504646,-0.00360048899377,-0.00107215296553,0.000811218489794,0.000723659889961,0.000349921614047,5.23710692434e-05,-0.00140955741868,-0
2022-05-19,-0.00178409551175,0.0015536907432,0.000710738417601,0.000522910037585,0.000372839464894,-0.000182181075809,0.00147282924729,-0.000212629790147,-0
2022-05-20,0.00012613967058,0.000861001559413,0.00018907142039,0.000621934411464,0.000482483201987,2.16256808542e-05,7.08029204522e-05,0.000303022442011,-0
2022-05-23,0.00539128709866,0.00261052924944,0.000353553094864,-0.000680346497909,-0.000631571287216,-0.000181219001006,0.000470780630424,0.000554036972692,-0
2022-05-24,-0.00222328305381,-0.000545312662032,-0.000888658942579,0.00156841448728,0.000885253047473,0.000273993509028,0.000759030887259,0.000404801774109,-0
2022-05-25,0.00255290246225,-6.81332175248e-05,0.000268875832424,0.000853469195633,0.000208842074977,4.28075936637e-05,-0.000612920181759,0.000409684882231,-0
2022-05-26,0.00580353152909,0.00166346612459,0.000733794020575,-0.000158187381415,-4.95402783925e-05,0.000208979040392,-0.000186118094509,5.97400663813e-05,-0
2022-05-27,0.00721447247024,0.00188586393128,0.000531490737604,0.000333483711174,0.000147430237961,0.000160780274161,5.19318762682e-05,0.00129379545217,-0
2022-05-31,-0.00167008698808,-0.000699063493721,0.000685292786304,-0.00127986432965,-0.00105903510068,-0.000355487368424,-0.00097525071938,-0.000600425597232,-0
2022-06-01,-0.00240829197971,-0.00137301794304,-0.000333216276301,-0.000828704720491,-0.00056857718388,-0.000205564949892,0.000625369916997,-0.000402673789566,-5.13851607876e-06
2022-06-02,0.00571313981322,0.00315960834975,0.000899660606232,0.000252791950496,0.000146180772502,0.000230585478455,0.00123091820738,0.000687032614355,-0
2022-06-03,-0.00495620601928,-0.00233268698517,-0.000786161193465,-0.000326508963475,-0.000192527176286,0.000286833832376,-0.00101519096042,-0.000668617318411,-0
2022-06-06,0.000913605648926,0.00056418960208,0.000276202819088,-0.00122223837741,-0.00074877741158,-0.000328081801571,-0.000440296026666,-0.000157416200488,-0
2022-06-07,0.00288999524969,0.000365406315454,0.000253490276818,0.000757468862741,0.000399146112504,0.000119437590942,0.000649601535783,0.000686309477723,-0
2022-06-08,-0.00328696764148,-0.00188225324835,0.000183222727324,-0.000810783638149,-0.000367724508694,-0.000122942581449,-9.22381715017e-05,-0.00115708570786,-0
2022-06-09,-0.00716615569072,-0.00312760076888,-0.00109617880755,-0.000214008443537,-8.77266292607e-05,-8.53506961167e-06,-0.000319470997152,-0.00117096367024,-0
2022-06-10,-0.00864306885473,-0.00343920713709,-0.000397549572857,-0.00155722590983,-0.000987998293769,-0.000225128182778,0.00135970470023,-0.00108340568212,-0
2022-06-13,-0.0111564992547,-0.00503184764471,-0.00165003303103,-0.00332186661962,-0.0017953553854,-0.000865771662576,-0.00275477614456,-0.00242501148349,-0
2022-06-14,-0.000877258376828,-0.00133954607978,0.000733508527224,-0.00121603282191,-0.000816057768793,-0.000715120597303,-0.000836952576527,-0.000361399849482,-0
2022-06-15,0.00416043668486,0.00258744504274,0.000762096303322,0.00227942404708,0.00142286833405,0.0007144698625,0.00136129686802,0.00112264811993,-0
2022-06-16,-0.00965696630166,-0.00352907076495,-0.00161158812308,0.000490298524166,0.000665520872516,-0.000152528001742,0.00117116414019,-0.00125641233028,-0
2022-06-17,0.000616788368889,-0.000496076779576,0.000221176724492,-2.07235513763e-05,3.1146986864e-05,2.72919895323e-05,-0.00087836452019,0.000357840579736,-0
2022-06-21,0.00721875134701,0.00222608824499,0.000812189346799,-0.000828708839112,-0.000539966361384,-0.000181996503412,-0.000395938529324,0.000661533607653,-0
2022-06-22,-0.000528303484275,-0.00135223250097,-0.000846689622822,0.00174528092062,0.00129675092943,0.000297624363417,0.000416939793498,0.000607293607953,-0
2022-06-23,0.00284630503311,-0.000532892905543,0.000245026129993,0.000861106112178,0.00058570898443,0.000153090516116,-0.000642760914872,0.000917933636176,-0
2022-06-24,0.00928099339229,0.00424438703127,0.00107330438474,-0.000326616669755,-0.000368272493748,4.92858256905e-05,-0.000103605293752,0.00104290192766,-0
2022-06-27,-0.00113352146748,-0.000278815059658,3.60610038471e-05,-0.000904901838462,-0.000574522546362,-0.000366570793395,-0.000114097700874,-7.41669028725e-05,-0
2022-06-28,-0.0060615046068,-0.000769335168692,-0.000337653183096,8.07133792148e-05,0.000131468912377,-0.000177266189043,-0.000168716500236,-0.000600593999229,-0
2022-06-29,-0.000238461099104,-0.000881205143833,-0.000133701422,0.00117964868501,0.000825733753597,-8.93252365782e-05,-7.89506885624e-05,-0.000305372686933,-0
2022-06-30,-0.00237709495962,-0.000810495291306,-0.000218732842975,0.000935337418587,0.000794956725632,-4.4654158093e-05,-0.000625407475903,-9.10458588991e-05,-0
2022-07-01,0.0030768620198,0.000317911234699,-0.000304527835416,0.00172764206715,0.00112044827894,0.000821048201322,-8.52142502847e-05,0.00088051271237,-1.55420752655e-05
2022-07-05,0.000566576722566,-0.0032281953352,-0.000398566178015,0.000371240863174,0.000368044796695,-0.000138938021771,-0.00212096433512,-0.000140172825355,-0
2022-07-06,0.001019949774,0,-0.00033975004253,-0.00135476984863,-0.000856452349606,-0.000453644141018,-0.00155797331788,-9.2069941624e-05,-0
2022-07-07,0.00455482288495,0.00240450801431,0.00103518669952,-0.000453202350247,-0.000615340891759,-7.88030193336e-05,5.39169919143e-05,0.000135900472873,-0
2022-07-08,-0.000252177466959,0.00036731373061,-0.000120920836717,-0.000743684111799,-0.000601399330431,-5.21631128173e-05,4.16484528407e-05,-0.000264508320465,-0
2022-07-11,-0.0035042657219,-0.00250190585569,-0.00124769367965,0.000921249563131,0.00077724741482,7.83720937074e-05,-0.000518425692597,-0.00010814531026,-0
2022-07-12,-0.00270008914508,-0.000148081297142,-0.000182818758622,0.000276099213209,0.000234604436084,-1.75087670497e-05,-0.000359720821069,-0.000195838225338,-0
2022-07-13,-0.00159311932697,-0.000185667967486,-0.000146701405256,0.000731899784652,0.000431461459415,0.0002592762236,0.000463083807956,-0.000240102747692,-0
2022-07-14,-0.000733032845987,-0.00219153383505,-0.000330195761974,-0.000712309046161,-0.000559069842483,-0.000123081053611,-0.00136557229964,-0.00044760794118,-0
2022-07-15,0.00579028044296,0.00224310310446,0.000172324677132,0.000796639784206,0.000345489805436,0.000292013957944,-0.000193759781542,0.000840593259956,-0
2022-07-18,-0.0025242800159,0.000925203166966,0.000231483431395,-0.000650600272586,-0.000293157030957,-6.56905371699e-05,8.99035526641e-05,-0.000353482852928,-0
2022-07-19,0.00821375677633,0.00385877273607,0.000696278332251,-0.000276691968787,-0.000460424833685,-5.26923448318e-05,0.000228338503306,0.00128681264996,-0
2022-07-20,0.00196331162247,-0.000732209615456,-0.000204889985095,-0.000136503979242,-9.66788886999e-05,-4.33237288266e-05,-0.000889359656622,-0.000118369708668,-0
2022-07-21,0.00315784787069,0.0016844851446,0.000602806661529,0.00165815917518,0.00112160776623,0.000307686677843,0.00132252911422,0.000398222564635,-0
2022-07-22,-0.00287693367426,-0.000507460043094,-0.000501214910444,0.00154484575457,0.00112938728294,0.000416113122085,0.000234812550681,0.00026100683798,-0
2022-07-25,0.000373295321517,0.00123277881511,0.000226808241175,-0.000733939231686,-0.000354250999191,-9.43997461629e-05,-0.000258376549333,8.5263499988e-05,-0
2022-07-26,-0.00363821335799,-0.00206571375499,-0.000465328987722,-3.86451337795e-05,3.83192527195e-05,0,-0.000111519291619,5.3248564054e-05,-0
2022-07-27,0.00794011124928,0.00342795540984,0.000960497529691,0.000699368156292,0.000202165278462,0.00031937225312,0.000962704286559,0.000305469495987,-0
2022-07-28,0.00387744390008,0.000970292094809,0.000153799301509,0.00141664946877,0.000977344778986,0.000506089663908,0.0011465222471,0.00163179857917,-0
2022-07-29,0.00451523100053,0.00202667894131,-0.000222399304288,1.88816328854e-05,3.75534996407e-05,0.000248266491082,0.000264890580656,0.000276927882721,-0
2022-08-01,-0.000923911597918,0,-0.000290587852161,0.000678424832778,0.00057335805652,2.27822737754e-05,0.000531717315709,-0.000415032630184,-1.35680115129e-05
2022-08-02,-0.00197914074673,-0.00233938349598,-0.000292171493736,-0.00205309420998,-0.00138259501103,-0.000589084272138,-0.000593828840082,-0.00064180609829,-0
2022-08-03,0.00471330475358,0.00105792147635,0.000270509053796,0.000891402007552,0.000411267324008,0.00026299490165,0.000244792852412,0.000159471868268,-0
2022-08-04,-0.000204899377278,0.000734657680437,0.000414728538802,0.000480694904762,0.00050288468382,-8.56223211373e-06,0.00165138718386,-7.6550360845e-05,-0
2022-08-05,-0.000510417636305,-0.00104582844345,-1.21580591862e-05,-0.00222238470336,-0.00143717507067,-0.000498664902849,-0.00113742785674,0.000137319145893,-0
2022-08-08,-0.000352400081642,0.000456265012104,0.00011014764993,0.000906515553984,0.000580672497027,0.000338993530001,0.000852760378771,0.000445464712483,-0
2022-08-09,-0.00119993098928,-0.000909523955449,-0.00010978115441,-0.000442186510288,-0.000294127528791,-0.000141143115526,0.000309609440169,0.00027556896521,-0
2022-08-10,0.00633777693345,0.00354206761498,0.000635842191314,0.000501045122796,5.71060623762e-05,-8.57453972552e-05,-0.000255616098477,0.000767413182989,-0
2022-08-11,0,0,0.000241784797928,-0.00104787048052,-0.00064884390817,-0.000165313142566,-0.000264746392691,-0.000121382425213,-0
2022-08-12,0.00516657785296,0.00125061308116,0.00053298333382,0.000878248179287,0.000386311023017,0.000191131127008,0.000922440326455,0.000871712968592,-0
2022-08-15,0.00126595015604,-0.00106606996569,-0.000191867015233,0.000245624599083,0.000307753135808,-5.04492539089e-05,-0.00128911376009,0.000205687027945,-0
2022-08-16,0.000604673115019,0.00013764100135,2.40107751207e-05,-0.000283643641948,-0.00011193104733,1.26140119761e-05,-0.000173180630815,-0.00013553602151,-0
2022-08-17,-0.00219501953293,-0.0012730619499,-0.000119987675962,-0.00115335225768,-0.000653238100455,-0.000147227390865,-0.000638905552266,-0.000306174490721,-0
2022-08-18,0.000898193436876,-0.000484852770329,-0.000326022824754,0.000418710300988,0.000187852184552,0.000249796581248,-0.000258439567644,-0.000338491697798,-0
2022-08-19,-0.00416376201484,-0.00221562679684,-0.000567321199633,-0.00136985576119,-0.000835638007716,-8.46377186749e-05,-0.000720961567798,-0.000535348470796,-0
2022-08-22,-0.00643262465405,-0.00237913252047,-0.000353774155944,-0.000845888379232,-0.000427003586252,-9.41056344338e-05,-0.000655749035273,-0.00110758062149,-0
2022-08-23,-0.000740885414554,0.000283399463798,0.00032112349399,-7.79173979296e-05,-0.000240186792321,8.2276708308e-05,0.000694650917836,-0.000645945088275,-0
2022-08-24,0.000978247891136,0.00017719536492,3.70667617604e-05,-0.000525776219407,-0.000326724232068,-8.65711933239e-06,0.000295164535838,0.000284314562662,-0
2022-08-25,0.0043245018447,0.00173467148186,0.000950443074428,0.00108944518546,0.000624068590844,0.000155807630419,0.000307186000207,0.000743688180947,-0
2022-08-26,-0.0104115509639,-0.00392600509347,-0.000684436943567,-0.00036595500273,-0.000114050663947,-7.28557506381e-05,-0.00121058279611,-0.00126309620687,-0
2022-08-29,-0.00200109802916,-0.000356984622369,-0.000248940070007,-0.000961310376584,-0.00056155434403,-0.000196400629263,6.19550491494e-05,-0.000447864371005,-0
2022-08-30,-0.00331597449055,-0.00121946324655,-0.000625299408619,0.000256190578949,-2.91806291645e-05,-8.77020131015e-05,-0.000840305584235,-0.000685434932972,-0
2022-08-31,-0.0022880908141,-0.000866476932894,7.55393940769e-05,-0.00107136393307,-0.000411246984216,-0.000450189719209,-0.000776913255156,-0.000231749254438,-0
2022-09-01,0.000942053310099,-0.0019613698202,-0.000240624911353,-0.00087213599606,-0.00079046355708,-0.000383199346967,-0.00088248576921,9.00799637313e-05,-5.83422347882e-06
2022-09-02,-0.00316333312084,-0.000939374742897,-0.000403023313173,0.000579661077448,0.000560194289474,0.000295657655757,0.000880470914449,-0.000697581176469,-0
2022-09-06,-0.0011232667655,-0.000640600441939,-0.000428686888876,-0.00188416125544,-0.00112366811791,-0.000480684615448,-0.000590793484764,0.000446668429579,-0
2022-09-07,0.00535917252294,0.00128875694593,0.000418875993404,0.0013911689238,0.000655953492798,0.000207853312564,0.00102877275929,0.000979752667532,-0
2022-09-08,0.0019625682961,0.000224869270541,-0.000146194728363,-0.000637963609409,-0.000369211629265,-0.000277010315959,-0.000606561252392,0.000139177877166,-0
2022-09-09,0.00469389924528,0.00385932663108,0.000657654069054,-1.98760755847e-05,9.99545434251e-06,2.23282132228e-05,0.000530591012832,0.000551126571541,-0
2022-09-12,0.00326416026586,0.00192853681527,0.000759421362074,-0.000295832631795,-0.000236975803938,-0.000145925777992,0.000506414108058,0.000492546861139,-0
2022-09-13,-0.0132646771096,-0.00523353780856,-0.00158126056404,-0.00109795967229,-0.000549531375651,-0.000144970596979,-0.00129853973854,-0.00194738496756,-0
2022-09-14,0.00114214953709,0.000680497038954,0.000245771412227,0.000261436605743,5.03815562682e-05,0.00012620057098,-0.000388762803278,-0.000572293393918,-0
2022-09-15,-0.00340594925475,-0.00147217869595,-0.000429416373081,-0.000602284650501,-0.000341704126072,-0.000252003906025,-0.00187717762945,-0.000916382456459,-0
2022-09-16,-0.00228377660676,-0.000990591476323,-0.000631589298752,-0.000141856076812,8.11256130608e-05,-0.000208955055581,0.000552381502812,5.45103339866e-06,-0
2022-09-19,0.00231222729162,0.000575333321204,0.000200280410243,-0.000305099015743,-0.000285073429899,-0.000227940484763,7.73629831922e-05,-7.10018045209e-05,-0
2022-09-20,-0.00344114556843,-0.00252573761848,-0.000175949360158,-0.000892943874703,-0.000619634184908,-7.73191282977e-05,-0.000572422572296,-0.00119321458766,-0
2022-09-21,-0.0052190907277,-0.00193183225975,-0.000824773246543,0.000635210095218,0.000399967076278,9.64401494171e-05,0.000467515350274,-0.000764595913017,-0
2022-09-22,-0.00248707025072,-0.000700416167942,-0.000140584876515,-0.00216673159847,-0.00152870773262,-0.000573492912158,-5.88584981895e-05,-0.00060943085409,-0
2022-09-23,-0.00496023940431,-0.00490479849479,-0.00113402471162,-0.000624212437852,0.000125007504151,-0.000214528509778,-0.0017739505154,-0.000634716664897,-0
2022-09-26,-0.00292085089198,-0.00234820457396,-0.000679704688219,-0.00263819241844,-0.00170082719682,-0.000813621548619,-0.00119065275016,-0.0013403221899,-0
2022-09-27,-0.000756582313056,-0.000887689081296,-2.65075058883e-05,-0.000877281014758,-0.000696211901064,-0.00026856955579,0.000210225251074,-0.000627156713455,-0
2022-09-28,0.00583964240514,0.0032812422257,0.000385835381908,0.00330821961342,0.00229032085718,0.000895545742035,0.0021446106742,0.000967778215971,-0
2022-09-29,-0.00620296056493,-0.0018284881126,-0.000953012135112,-0.00107505721985,-0.000474797044973,-0.000708659357306,-2.00409269656e-05,-0.00137294279235,-0
2022-09-30,-0.00455347582486,-0.000724617367743,-6.61009452055e-05,-0.000491048480566,-0.000267166452804,-0.000344497620868,6.76235996698e-06,0.000515639846717,-0
2022-10-03,0.00769967001626,0.00328032507864,0.000744825922858,0.00168095057291,0.00122463579138,0.000649780078325,0.00255920312683,0.000833457848396,-1.35575478956e-05
2022-10-04,0.00929602018467,0.00597259912966,0.00140352443648,0.000536550280287,0.000206343962538,0.00019765263137,0.00143281220564,0.00101102463904,-0
2022-10-05,-0.000705994996313,-0.00181985497855,9.2582725649e-05,-0.00103186776356,-0.000930423519423,-0.000387532702448,-0.000550716473144,-0.000979136353735,-0
2022-10-06,-0.00314041079057,-0.00254805118602,-0.000359464669031,-0.000773608452986,-0.000539350106125,-0.000162477058027,-0.00011208398394,-0.00137223844645,-0
2022-10-07,-0.00848055636421,-0.00237031134055,-0.001007620956,-0.00104784395749,-0.000482705974702,1.40442798343e-05,-0.00109965508774,-0.0011651159409,-0
2022-10-10,-0.00229250751065,-0.00102035695475,-0.000696074440612,-0.000897465154262,-0.000584235161232,-0.000285562369072,-0.00153206530078,-0.000452399869966,-0
2022-10-11,-0.00190163029671,-0.00176865063812,-0.000784043725205,0.000126208442256,0.000252348811422,0.000287795856812,-0.000205867195798,0.000487162063742,-0
2022-10-12,-0.000987588264631,-0.000371485783928,-1.38114341828e-05,0.000168851473196,0.000327106821141,0.000101086344927,0.000535861550667,-0.000507663103337,-0
2022-10-13,0.00788198262594,0.00309809627285,0.000193410162254,-0.000633755304359,-0.000422386426808,-5.78157697369e-05,-0.000697786971245,0.000878100990227,-0
2022-10-14,-0.00691500529317,-0.00257602138572,-0.000724730568972,-0.00108737956514,-0.000553958791694,4.29315859696e-05,-0.00123433477644,-0.00120446276931,-0
2022-10-17,0.00772997676756,0.00398211871607,0.00126233341518,0.000424255618172,0.000106026007491,0.000140268384098,0.000285471972521,0.00180762788556,-0
2022-10-18,0.00356921163231,0.00102093819932,1.36410635676e-05,0.000334145683452,0.000250523378588,-0.000133334981734,0.000210786603226,0.000533260343306,-0
2022-10-19,-0.00216541844476,-0.00174591275797,-0.00086898806667,-0.001702604507,-0.00102748013761,-0.000255687671467,-0.00130822392608,-0.00122683722512,-0
2022-10-20,-0.00257053587218,-0.000410214928114,0.000384146329509,-0.00119587688825,-0.000734067720929,-4.78393365469e-05,-0.000154004531317,-0.000211794274632,-0
2022-10-21,0.00742380710714,0.00284478928451,0.000730727278182,0.000295119749122,0.000221312723455,0.000129813717588,0.00174111077828,0.000381868042669,-0
2022-10-24,0.00377700594122,-0.000244030014857,-0.00194481685513,-0.00027030477631,-0.000124742925746,0.000118561767983,-0.000318049210303,-6.18101657223e-06,-0
2022-10-25,0.00498436383442,0.00341280521249,0.000394014534471,0.00191152974832,0.00120471033029,0.000203723599277,0.000222418703876,0.00189387817544,-0
2022-10-26,-0.00235568404899,0.00156224622007,0.000643009100737,0.000860378827241,0.000491495855446,-7.47440476376e-05,0.000614022820354,-3.04141895567e-05,-0
2022-10-27,-0.00165423032061,-0.00103974792267,-0.000347698698678,0.000981667931833,0.000684903507189,0.000382400637158,-0.000150110736482,7.28748766239e-05,-0
2022-10-28,0.0073384427688,0.00120104582308,-0.000334701722841,-0.000491341630287,-0.000501415739403,-6.07016334459e-05,-0.00098932889653,0.00108805677349,-0
2022-10-31,-0.00226470305284,-0.00127185660804,-0.000172770073414,-0.000650442551708,-0.000436874143888,-6.95100020695e-05,-0.000777062260048,-5.43113888288e-05,-0
2022-11-01,-0.00136981263692,0.00131907429383,0.000788673613323,0.000360610282477,-1.740029152e-05,-9.32245105293e-06,0.000969080464683,-1.82147991019e-05,-1.65019541748e-05
2022-11-02,-0.00752883054575,-0.00227502504313,-0.000374582268633,-0.00033732486554,-0.000169878552991,-0.000112812291419,-0.000697254839962,-0.00137432617833,-0
2022-11-03,-0.00305082655412,-0.00121096743159,0.000407572597685,-0.000747552809872,-0.000441003449198,-0.000561912589413,-0.000382877474093,-6.71739181084e-05,-0
2022-11-04,0.00424624182596,0.00569864176889,0.00207856073973,-2.15433417533e-05,-0.000216360918257,0.000186859985887,0.00309495431892,0.00067579255785,-0
2022-11-07,0.00281827164346,0.000657739336845,-9.74234314445e-05,-0.000634607253983,-0.000351556023805,6.13049589768e-05,-0.000405389367233,0,-0
2022-11-08,0.00160157066616,0.00185347031127,0.000222260906151,0.000844469108886,0.000659128749221,7.06178800654e-05,0.00234907459392,0.000150902824841,-0
2022-11-09,-0.00610114729598,-0.00214569154791,-0.000951195343296,0.000230445956289,0.000337584100621,-0.000102763566941,-0.000518004585354,-0.000503113882962,-0
2022-11-10,0.0160960369104,0.00851249947933,0.00172623398632,0.0042946938282,0.00224786772622,0.000825426346934,0.00315824712236,0.00358675296389,-0
2022-11-11,0.00287439901543,0.00290075093293,0.00103027211917,-0.000142251794879,-0.000204787443135,-2.71844001879e-05,0.000678739347588,-5.80330872814e-06,-0
2022-11-14,-0.0025328783159,-0.00180940435703,-0.000172703979025,-0.000545231417351,-0.000233823402916,-0.000355610041456,0.000224650501823,-0.00122375267477,-0
2022-11-15,0.00253474604594,0.000966490496021,0.00115021151244,0.0014431378412,0.000726717172943,0.000312647831287,0.000364359988415,0.000534620364919,-0
2022-11-16,-0.00226829164488,-0.000590011552912,-0.000835877929566,0.00120982383842,0.000720899384292,0.000121392913153,-0.000236818579507,-0.000449654297403,-0
2022-11-17,-0.00090496310111,-0.00018484275082,0.000279266796213,-0.000828610757289,-0.000671715322107,-0.000328934944387,-0.000749582064828,-0.000335128199514,-0
2022-11-18,0.00134372316967,0.000259753669843,-0.00037376489377,-0.000284015432479,-0.000347338000168,-0.000244242685518,-0.000708500105507,0.000620571421884,-0
2022-11-21,-0.0010806747732,-0.00126113108642,-0.000480424532283,-0.000121708908993,-6.1260766737e-05,0.000253224637101,-0.000570400462183,0.000260920425226,-0
2022-11-22,0.00399734653559,0.00230673968121,0.00013386870696,0.00101721821799,0.000563405420654,0.00019502434924,0.000119463381858,0.000273359666226,-0
2022-11-23,0.00188077743061,0.0018075293941,0.000278698191416,0.00116977235357,0.000528148939329,0.000265311358447,0.00062961186618,4.03569257839e-05,-0
2022-11-25,-6.67072081408e-05,0.000659639548511,-0.000184580524706,4.01412134535e-05,-3.032871598e-05,-4.46799180471e-05,8.67007830561e-05,0.000315066093673,-0
2022-11-28,-0.00475659506129,-0.00219707943424,-0.000118577460515,-0.000320405121251,4.03922668459e-05,-0.000111588178653,-0.000798275697181,-0.0013337118009,-0
2022-11-29,-0.000508667374697,0.00040669549068,0.00101098190475,-0.000707571307127,-0.00041736217062,-0.000207326230682,0.000499849783986,0.00080913839984,-0
2022-11-30,0.00930533611014,0.00295524159235,0.0014221009875,0.00153504785597,0.000884846675515,0.000711480856875,0.00129845553278,0.00113757339876,-0
2022-12-01,-0.000220047500696,0.00134093895084,-0.000130402540837,0.00162075677248,0.00106380965703,0.000513558255176,0.00185577389834,-0.000107644844383,-1.23889896264e-05
2022-12-02,-0.000346101763197,-0.000137019537032,0.000309248060715,0.000829272187409,0.000203110802761,0.000370294243942,-0.000345568305356,-0.000147916830732,-0
2022-12-05,-0.00538658239066,-0.00225963268148,-0.000506803474671,-0.00157645977559,-0.00101468381723,-0.000516217781211,-0.00170870255534,-0.000909548540632,-0
2022-12-06,-0.00429830825072,-0.00100687148049,3.76101909911e-05,0.000594367299256,0.000617373272359,-9.26582328882e-06,0.000271684279572,-0.000466950231897,-0
2022-12-07,-0.000502043131727,0,-0.000302125777093,0.00181137401194,0.000888676997753,0.00021867046076,0.000903435213894,9.84110724191e-05,-0
2022-12-08,0.00230097026866,0.00083420483179,0.000577277175971,-0.000615562663221,-0.000576880846943,-1.39148377244e-05,8.462213083e-05,0.000346298627853,-0
2022-12-09,-0.00220485325091,0.000103994480376,-0.000425439445849,-0.00120718119533,-0.000749768787175,-0.000480932486535,0.000355576843862,-9.20734617749e-05,-0
2022-12-12,0.00424352186841,0.000383024071161,-0.000138288126559,4.11587225086e-05,-0.000144524304127,4.64653831732e-06,-0.000835624316373,0.000381587061226,-0
2022-12-13,0.00225143874601,0.0019423497394,0.000262973098008,0.00135138503886,0.000904614581839,0.000148098359726,0.00170691286075,0.000921456740647,-0
2022-12-14,-0.00189796510549,-6.87466035753e-05,8.68354839102e-05,0.000446251075969,0.000274890380456,-0.000123790063381,-0.000244959629919,-0.000342301973405,-0
2022-12-15,-0.00722844152315,-0.00392416362639,-0.000969388222818,0.000297344196218,0.000196280503104,8.75841115483e-06,-0.00164614632357,-0.000668723084944,-0
2022-12-16,-0.00345149793541,-0.00115201510675,-6.30219952117e-05,-0.000537053177442,-0.000259168720977,-0.000271027162865,0.000874155301697,-0.0012925974937,-0
2022-12-19,-0.0024649167241,-0.000319870356831,9.66703781232e-05,-0.00126775249637,-0.000834401089292,-0.000173967061826,-0.000287074744094,-0.000624050061281,-0
2022-12-20,0.000396730228072,0.000714963213142,-0.000168557025945,-0.00140071979837,-0.000744935902078,-1.41893520039e-05,0.00169581112755,-0.000123198700929,-0
2022-12-21,0.00433942096233,0.00150086425343,0.000466574490965,0.000564234184978,0.000125847769136,0.000274214948919,-0.00017197719508,0.000416395290705,-0
2022-12-22,-0.00417081936174,-0.00131230908369,-0.000450213195783,-6.22108947285e-05,-3.12045803854e-05,-0.00027686765741,-0.00124364074302,-0.000204256513614,-0
2022-12-23,0.0016706651955,0.000750652972175,-0.000103715552925,-0.000710729612571,-0.000461644639944,-0.000113503753261,0.00030719385074,0.000434297124073,-0
2022-12-27,-0.00114987962754,0.000285455414851,0.000789412867728,-0.00148162046549,-0.000848277660132,-0.000231336289797,0.000864755511094,-1.78056488646e-05,-0
2022-12-28,-0.00361604060569,-0.0017158025676,-0.00073897184748,-0.000355380806654,-0.000241300610784,-5.67468622359e-05,-0.000466940268251,-0.000838871162748,-0
2022-12-29,0.00521422968623,0.00237833428804,0.00087565168044,0.000758689295425,0.000497084966699,0.000209784912169,0.000582212255026,0.00106756682,-0
2022-12-30,-0.000767898677746,-0.00146056132663,-0.000620148368022,-0.000958384068374,-0.000418255937221,-0.00015083151577,0.000483697676774,-0.000355730969293,-0
2023-01-03,-0.00122922840983,0.000822842199653,0.00054493934576,0.00119256871817,0.00078753214515,0.000179871212994,0.000873146761246,4.76155778779e-05,-1.12167089098e-05
2023-01-04,0.00231609043062,0.00223934602389,0.00129441568488,0.00110704543632,0.000766601694252,3.27590942147e-05,0.00094119059589,0.00113253488212,-0
2023-01-05,-0.00341688024289,-0.00168958500684,-0.000150801196233,-0.000162377961061,-0.000143609850972,1.39018060181e-05,-0.00124463068523,-0.00136139083192,-0
2023-01-06,0.00684269091159,0.00415219527678,0.000874244607515,0.00218996088889,0.00129284465943,0.000457993779989,0.00186187554524,0.00133630016653,-0
2023-01-09,-0.000169781520367,0.000661649483965,0.000273535598728,0.000502163624558,0.00025373686471,0.000114636663958,0.000223380840648,1.78012592889e-05,-0
2023-01-10,0.0020955045012,0.00038239622446,0.000359907627098,-0.000761811530789,-0.000628083483163,-0.000201397798216,0.000365887096299,0.000112521338028,-0
2023-01-11,0.00379916370957,0.00114513945902,0.000210618833658,0.00122080819167,0.00063716007481,0.000210197013482,-6.84916849692e-05,0.00179148413584,-0
2023-01-12,0.00109770636653,0.00220119209115,0.000233306353395,0.00142822520921,0.000882094147555,0.000384988020202,0.00114262411326,0.000650466623112,-0
2023-01-13,0.00116455590336,0.000784779350188,0.000341086348134,-0.000728120685664,-0.000527039432251,-0.000381924753408,0.00118964271323,-0.000319753387716,-0
2023-01-17,-0.000551207257851,0.000442885594148,-0.000267589549792,-0.000353693768399,-0.000307806026794,-0.000139070041784,-0.000655550034948,0.000145120462037,-0
2023-01-18,-0.00474969441415,-0.000682551759365,-0.000304589823248,0.00194857697805,0.00133271543947,0.000332560311157,-0.000286232797868,-0.000750056649549,-0
2023-01-19,-0.00216227001537,-0.000171156895925,0.000403339392583,-0.000454193324049,-0.000189534871639,0.000302024820378,0.00158210049571,-0.000279978606932,-0
2023-01-20,0.00549833684427,0.00157629425393,0.000599458263989,-0.000810272201733,-0.000659165729163,-0.000279772116577,-0.000338146672752,0.000601371526819,-0
2023-01-23,0.00358531362295,0.000647075790354,0.000376933737294,-0.000491041624595,-0.000317642816254,-4.48529946951e-05,0.00019044255588,0.00023208769236,-0
2023-01-24,-0.000323265267926,-3.3917950591e-05,4.84311127982e-05,0.000860618735912,0.000563405838243,0.000276906085723,0.000362550669344,0.000127141648028,-0
2023-01-25,0.00011260147246,0.000778561149855,1.2081218994e-05,0.000234298209721,0.000108553974158,9.80599361229e-05,0.000462085100213,2.30667444791e-05,-0
2023-01-26,0.00329494075301,0.000473022075289,0.000398094480671,-0.000331246662962,-0.000354526040377,-4.450872064e-06,-0.000911366096549,0.000569943564744,-0
2023-01-27,0.000694242257324,-0.00016839119451,-0.000348739353417,-0.000291488371214,-0.000147218422031,-0.000106452789528,-0.000138493714076,0.000573908500149,-0
2023-01-30,-0.00379949390243,-0.00127988459283,-0.000925920640384,-0.000524371403403,-0.000304310721415,-0.000235059294252,-0.000254814987114,-0.000659954380302,-0
2023-01-31,0.00443203558737,0.000950657447587,0.000133337471521,0.000802726935767,0.000494727488434,1.78740944863e-05,0.00036296229392,0.00108176733343,-0
2023-02-01,0.00322401011131,0.00138064031495,0.000516949053529,0.001372562582,0.000700277020439,0.000323700299448,0.00125161267601,0.000321294026181,-1.09034223406e-05
2023-02-02,0.00436709693343,-3.24780174497e-05,-0.000351620779018,0.000218544547485,-4.0110992635e-05,-6.85573683352e-05,-0.00207519365358,0.00113512604782,-0
2023-02-03,-0.00322498367706,-0.00168414141364,-0.00078280324421,-0.00192082387303,-0.00106972935086,-0.000464793172439,-0.00243630362824,-0.000957475138439,-0
2023-02-06,-0.00185783505633,-0.00160705756548,-0.000508785185175,-0.00110303510306,-0.000860609543054,-0.000198433126154,0.000200047847948,-0.000369116216884,-0
2023-02-07,0.00397662163109,0.00138624585326,9.5263892553e-05,-0.000343029155873,-0.000244506871387,0.000130015176922,8.94676374768e-05,-0.000110897107608,-0
2023-02-08,-0.00335156204541,-0.000886734812209,-9.47919064879e-05,0.000281126982375,0.000364947595277,0.000258781809966,0.000239274749022,-0.000237206461745,-0
2023-02-09,-0.00263716357747,0.000131820275664,0.000190225578928,-0.000785888450147,-0.000447603144359,-0.000255029221595,-0.000770533530308,-0.000548048843173,-0
2023-02-10,0.000707407505981,-0.000430653340111,-0.000418257733539,-0.000870907310899,-0.000480573497147,-0.000181763840825,0.00018520706002,0.000172496750806,-0
2023-02-13,0.00357128189342,0.00129357917472,0.000442737686381,0.00060839704014,0.000235477022572,8.40013283079e-05,-0.00049453682034,0.000445721350238,-0
2023-02-14,-0.000140849178823,0.000131843918744,-0.000142712454,-0.000705444022881,-0.0004477664241,-0.000166977657785,7.26097029173e-05,-0.000398684171929,-0
2023-02-15,0.000994702857457,-0.000759531258351,-0.000238275828403,-0.000383634019467,-0.000295631018681,0,-0.000962377158193,0.000199706055209,-0
2023-02-16,-0.00423730939808,-0.000694508199713,-9.54392149094e-05,-0.000829125408974,-0.000326711010895,-0.000120981683142,-7.84459850209e-05,-0.000488871339863,-0
2023-02-17,-0.000763490340968,0.00023311392952,-0.000396437844948,0.000468374156529,0.000277599584849,9.84004425187e-05,0.000287742878911,-0.000195773536807,-0
2023-02-21,-0.00611550438428,-0.00189814069832,-0.000540614903582,-0.00187328301115,-0.00107938082522,-0.000224899901236,-0.000361089206965,-0.00100126932783,-0
2023-02-22,-0.000417128267224,-0.000877269909049,-0.000206941464087,0.000536436063172,0.000177065379825,-2.84900795551e-05,-0.000548815800037,-0.000447759271805,-0
2023-02-23,0.00161078963413,0.000878863203093,0.000170735225306,0.00072341197733,0.000386067908309,0.000166464625256,-5.1543288641e-05,0.000369074686538,-0
2023-02-24,-0.00323829031305,-0.00235621241713,-0.000935032858778,-0.00115247719463,-0.000602643824609,-0.000331523090747,-0.000695767343431,-0.00086509088051,-0
2023-02-27,0.00103192094635,0.00166630531246,0.000245358181483,0.000394972525072,0.000304424568834,0.0001052718991,0.000380261674043,7.42711422122e-05,-0
2023-02-28,-0.00111893266105,-0.00108364270725,-0.00029320168646,-2.07038831968e-05,0.000156813885747,0.000190589713808,0.000441792118705,-6.82602032736e-05,-0
2023-03-01,-0.00115912919506,0.000949892944772,0.000966864268268,-0.00115613640565,-0.000801747422646,-0.00019093254186,0.000563286714013,-0.000615462025756,-4.48981068413e-06
2023-03-02,0.00233316447078,0.000236229469885,0.000223823883952,-0.000414323951572,-0.000411394788286,3.7463352908e-05,-5.85563644549e-05,0.000584843761374,-0
2023-03-03,0.00483657949132,0.00218793911288,0.000372092710959,0.00157078740265,0.000799664035109,0.000537122696651,0.0010689748147,0.00076601359813,-0
2023-03-06,0.000209660256432,-0.000365833413903,-0.000171564788552,-0.000490067299042,-0.000176709100992,-0.000267656313575,-0.000502111475429,-0.000197931508966,-0
2023-03-07,-0.00465283254107,-0.00273239719024,-0.000736710717243,-0.000266041179555,1.0427314538e-05,-0.00031441803255,-0.00173480228414,-0.00117832119671,-0
2023-03-08,0.000493511231383,0.00077538679718,0.00026088069121,-0.000207017960067,-3.16309522435e-05,-0.000238575247447,-4.68056369854e-05,0.000572472199275,-0
2023-03-09,-0.00557939839389,-0.00148108848965,-0.00101707032828,0.000723376087266,0.000620778749006,0.000130773808909,0.000969666532903,-0.00115492333959,-0
2023-03-10,-0.00431237957879,-0.0014572736339,-0.000274749084375,0.00235153008682,0.00186450480762,0.000738309864616,0.00215842617931,-0.00164335251368,-0
2023-03-13,-0.000420028727291,-0.000847759677268,-4.99577676893e-05,0.00162412594926,0.00125078020237,0.000385828643384,0.00234798127994,0.000629237524321,-0
2023-03-14,0.00484096443281,0.00172097947568,2.48487307129e-05,-0.0012017829459,-0.00098094935075,-0.000280931204117,-0.000603151298481,0.00046664615005,-0
2023-03-15,-0.00185449192041,-0.00440291790791,-0.000804981931497,0.00202246618442,0.00148132995352,0.000615604140484,0.000804900604176,-3.53066164418e-05,-0
2023-03-16,0.00518106785362,0.00222307574781,0.000608151962264,-0.000806568283706,-0.000937030548974,-0.000579543183878,0.000210431033987,-0.000106134897946,-0
2023-03-17,-0.0034931666442,-0.00167440645537,-0.000246787646146,0.00127495349696,0.00121433509729,0.000106866856591,0.00302204438059,-0.00109626381345,-0
2023-03-20,0.00284160103005,0.00218690712095,8.40297634475e-05,-0.000823294625914,-0.000419128129696,4.652049814e-05,4.07131126487e-05,0.00053982262316,-0
2023-03-21,0.00390011706458,0.00187567310231,0.00050451012573,-0.000614688663079,-0.000897055364966,-0.000106507353558,-0.00200940004101,-0.000210284736346,-0
2023-03-22,-0.00511726309719,-0.000567984893961,0.000147298586391,0.00194185475679,0.00134228208468,0.00068821939422,0.00177344113922,-0.00176564322161,-0
2023-03-23,0.000798973815918,0.000100340626793,0.000590103275788,0.000491303914982,0.00059403306564,9.2527010167e-05,0.00133070824823,-0.000285977773951,-0
2023-03-24,0.00193736726865,-0.000500102032699,-9.79902536072e-05,0.000346716947243,3.11464273794e-05,-0.000129044462986,-0.00120474188794,0.00115697530329,-0
2023-03-27,0.000554836414451,0.00126501523391,-0.000232364425423,-0.00219937458013,-0.00127514746286,-0.000395776367663,-0.000978419310678,-5.27808223918e-05,-0
2023-03-28,-0.000669542472018,0.000200408601606,0.000576711501278,-0.000306501210338,-6.24309273774e-05,0.000156982321195,0.000860411864421,-0.000111780633894,-0
2023-03-29,0.00432277013145,0.00166892096849,0.000171679204165,0.00024502173197,-0.000176676052021,9.69013310575e-05,-0.000525148286561,0.00102305822974,-0
2023-03-30,0.00175465891393,0.00182343886958,0.000474985701352,0.000223130493213,0.000154861053278,5.04202650639e-05,0.000945728552293,0.000613174826708,-0
2023-03-31,0.00422313698959,0.00069201752823,-0.000145279782963,0.000967597029753,0.000554164953184,0.000250568068055,-0.00054693549605,0.0010100207198,-0
2023-04-03,0.00114978974666,0.00121081281978,0.000204374531055,0.000866992598023,0.000475820146359,8.92062563038e-05,0.000746806881627,-0.000380437983972,-6.59757740372e-06
2023-04-04,-0.00166447053228,-3.29156418722e-05,4.92962245709e-05,0.00074130243911,0.000643954255084,0.000145033672317,0.00186409589604,-6.67801052523e-05,-0
2023-04-05,-0.000779828468809,-0.00115092409972,-0.000442937657566,0.000680127551543,0.00042185217358,0.000117634495559,-8.11436041734e-05,-0.000266603503534,-0
2023-04-06,0.0011605097726,0.000493997072633,0.000295735914743,-0.000180292763065,3.02037473685e-05,0.000113299400991,-0.000726000704221,0.000339846629834,-0
2023-04-10,0.000306130920851,0.000131522374242,-0.000110730553135,-0.00138019462339,-0.000994429746529,-0.000357454917922,-0.000746536870771,0.000230237108246,-0
2023-04-11,8.03737930408e-05,0.000659552660897,0.00037018504889,0.000120421675966,-4.02931808946e-05,8.62270525714e-05,0.000634784699658,0.000212680994188,-0
2023-04-12,-0.00121799975733,0.000855652822201,-0.000381710880062,0.000240228438728,0.000291523827418,1.81207372927e-05,0.000492677778164,-0.000242555669074,-0
2023-04-13,0.00395287889493,0.0022047251866,0.00060332155709,-8.00832735215e-05,-0.000331695649563,-0.000122263361434,0.00136966971534,-0.000151592135178,-0
2023-04-14,-0.000731178045947,-0.00075124753918,-0.000268884632096,-0.00097359761039,-0.000488895380668,-0.000215744818899,-0.00180556683494,-0.000770410739889,-0
2023-04-17,0.00107795131321,-0.000131437485972,0.000270509181913,-0.000999490220925,-0.000632389949441,-0.000226079999749,-0.000448713662239,0.00102332494878,-0
2023-04-18,0.00019660985468,0.000591521846491,-9.83730295871e-05,0.000279902252064,0.000160617486439,4.97378662566e-05,0.000389271206498,-0.000115051884261,-0
2023-04-19,-5.09298149887e-05,-0.000590662883499,-0.000515686486238,-0.000299443663999,-0.000210510294417,-4.96656407139e-05,-0.000480482582917,0.00029629025827,-0
2023-04-20,-0.00164677047506,6.57665994529e-05,-6.15153292625e-05,0.000899972477407,0.000572460987723,0.000158344301717,0.000394852305518,-0.000496785981242,-0
2023-04-21,0.0002331891215,0.000493194090978,-0.000467520990534,-0.000340059181747,-0.000241040266798,2.26304112383e-05,-0.00099536115919,6.06967499227e-06,-0
2023-04-24,0.000313777715556,0.000296323468736,-6.15965375885e-05,0.000781083155202,0.000482737516561,0.000190283132203,0.00030332624388,-0.000188078410292,-0
2023-04-25,-0.00476950263875,-0.00239838198976,-0.000835933194381,0.00123905804213,0.0009835141362,0.000293828084475,0.000508082263449,-0.000490378241105,-0
2023-04-26,-0.00125932326383,3.30266108138e-05,0.000333727187318,-0.000743433866079,-0.000393568656585,-0.000177264883948,-0.000548916204081,-0.000474802505885,-0
2023-04-27,0.00591304239902,0.00192224335025,0.000632455477758,-0.000725784469343,-0.000658076626246,-0.000168738236371,5.44946280451e-06,0.00111148278267,-0
2023-04-28,0.0025649726658,3.29114406855e-05,0.000295228414057,0.00101994830139,0.000743242945131,5.88048621785e-05,2.70467124043e-05,0.000611900017872,-0
2023-05-01,-0.000304371274632,-0.000130819942073,-0.000159061609469,-0.00203621322995,-0.00117261566137,-0.000412065223221,-0.000446558117834,-0.000373621403472,-4.98600482345e-06
2023-05-02,-0.00337175641962,-0.00158677716801,-0.000523572787097,0.00194558429636,0.00130187033231,0.000381783164129,0.00192966409099,-0.000846637095488,-0
2023-05-03,-0.00203765702512,0.000291682659778,-1.24618747868e-05,0.000892339839316,0.000661612551198,0.000230162305782,0.000864935215352,-0.000193667355039,-0
2023-05-04,-0.00208670884801,-0.000226724588931,0.000423859776366,-0.000243224688294,-2.03375898038e-05,-1.37922503609e-05,0.000722998039811,0.000405198014926,-0
2023-05-05,0.00542105347965,0.00239902808615,0.000536632340971,-0.00064916798284,-0.000549782638092,-0.000101321869329,-0.00162163038203,0.000823362964554,-0
2023-05-08,7.89885343733e-05,6.44327661247e-05,1.2393832914e-05,-0.00110894182817,-0.000617320027192,-0.000187611830993,0.000124378861831,-0.000288782701636,-0
2023-05-09,-0.00130270146081,-0.000581025548791,-0.000310646548941,-0.000181773861782,-0.000121661573778,-7.3371754317e-05,0.000720634030701,-0.000210999868175,-0
2023-05-10,0.00138469675703,-0.00022640897255,1.24485973568e-05,0.00129552247523,0.000751799159428,0.000165408814955,-0.000146598459624,0.000477226027025,-0
2023-05-11,-0.000517279718055,-0.00067676817063,-0.000198482290215,0.000604999499739,0.00037451736138,0.000109859275241,-0.000876319455087,-0.000547662885822,-0
2023-05-12,-0.000388694095812,-0.000322811838303,-0.000559205094577,-0.00113129329599,-0.000608359631962,-0.000178838031366,-0.000173404115533,-6.02862777129e-06,-0
2023-05-15,0.00102555754709,0.00129566670655,0.000860352299064,-0.000506780733227,-0.000223816234475,-7.36063382028e-05,0.00021748778131,-8.46860652187e-05,-0
2023-05-16,-0.001988300832,-0.00155090973858,-0.000348262557382,-0.000465112264774,-0.000324725384632,-0.00013310344937,-0.00126909505517,-0.00123694101662,-0
2023-05-17,0.00361396578955,0.000781149571451,0.000175417327595,-0.000305468353123,-0.000327136391288,-2.3108057114e-05,-0.000349659133544,0.000656449030975,-0
2023-05-18,0.00289057198199,-0.000291715100404,-0.000311912263223,-0.000933018095093,-0.000620978079995,-0.000165747105617,-0.00130027000606,-0.000236042425781,-0
2023-05-19,-0.000441236609902,0.000908415552113,-2.49874865107e-05,-0.0004466788193,-0.00037703359162,-0.00011981382308,0.000980234716472,-7.87677528988e-05,-0
2023-05-22,0.000122882882229,0.000129715854172,0.000324581329397,-0.000182691969809,-0.000183343390654,-9.21354969587e-05,-0.000234069138083,0.000296755082174,-0
2023-05-23,-0.00339772120357,-0.00210757528607,-0.000748894534016,0.000223218326004,0.00016295695639,0.000151990831405,0.00011972894717,-0.000460189574464,-0
2023-05-24,-0.00218198514269,-0.00212044521485,-0.000351619647377,-0.00051036699897,-0.000256141325556,-0.000157554541938,-0.000810406569894,-0.00104781714418,-0
2023-05-25,0.00260870119836,-0.000328650343123,-8.8551521906e-05,-0.000740398197799,-0.000629704697253,-0.000228755793898,-0.000965433063192,-6.14304315649e-06,-0
2023-05-26,0.00393652167368,0.0013809243664,0.000822668651753,0.000164529851295,0.000185897074805,6.07231841679e-05,0.000397357992466,0.000552604536992,-0
2023-05-30,0.000116396114381,-0.00127276548601,-0.000653230629515,0.00132745221323,0.000778968334499,0.000199326761552,0.000613506637259,0.00018283362325,-0
2023-05-31,-0.00169310404457,-0.00143402715453,-0.000351290410536,0.000713901502265,0.000378761114175,6.48107360934e-05,0.00015318702539,0.0002434403756,-0
2023-06-01,0.00289042369649,0.00225318978281,0.000842201646887,0.000610517057302,0.000279615901061,8.0477249494e-05,0.000789291329362,6.10883336914e-06,-5.35196280738e-06
2023-06-02,0.00433832365735,0.00221755417491,0.000793054527981,-0.00105465784693,-0.000795104997618,-0.000245003002555,-0.00147474506753,0.00121858805204,-0
2023-06-05,-0.000580340800212,-0.000955045133644,-5.01060214836e-05,-2.01168754122e-05,-3.04228270796e-05,6.43937760929e-05,0.00059021313184,-0.000354430540068,-0
2023-06-06,0.000659039042589,0.00131906474967,0.000388818672631,0.000242459823934,6.0927043873e-05,2.76415439164e-05,0.000108439558427,0.000485655536289,-0
2023-06-07,-0.00104532050002,-0.00144624923793,-0.000112525509881,-0.00104742091035,-0.000718720642713,-0.000229545999326,-0.00118353635121,0.000937120848142,-0
2023-06-08,0.00183110475938,0.00155238251013,0.000276372490224,0.00105252163893,0.000661197811045,0.000244490609146,0.00129248241819,-0.000324303195209,-0
2023-06-09,0.000542894160289,-6.56094362674e-05,0.000137276820004,-0.000462426078182,-0.000353701373711,-0.000137472416871,-0.000264360613736,-0.000297361301873,-0
2023-06-12,0.00275230089873,0.000689687197975,0.000124907233656,0.000342073324851,0.000161831857206,4.12656048093e-05,-8.63924277457e-05,1.23912610416e-05,-0
2023-06-13,0.00201025444944,0.00147194737745,0.000422992291881,-0.000922084442227,-0.000695132115912,-0.000251277918015,-0.000720685116362,0.000327340074357,-0
2023-06-14,0.000364911313653,0.000391921443931,0.000484401305502,0.000180121248916,0.000130749034031,0.000123166661417,5.36970452348e-05,0.000191140372004,-0
2023-06-15,0.00379606445397,0.00143414395573,0.00049585621956,0.00135822351042,0.000752898369481,0.000309561196548,0.000680606310082,0.000270778354282,-0
2023-06-16,-0.00104632680111,-0.000452214272234,-0.00018428055783,-0.000613609462906,-0.000417821004128,-0.000126320520375,-0.00014870087527,-3.6576101321e-05,-0
2023-06-20,-0.00159325906563,-0.00205342233279,-0.00092050248005,0.000357391773714,0.000289366135497,0.000104074901348,-0.00100145736783,-0.00060560271395,-0
2023-06-21,-0.00157372414995,0.000230163008196,-8.7205097814e-05,0.000319388940072,9.02846328311e-05,4.54815191893e-06,-0.000139251354698,-0.00030753319677,-0
2023-06-22,0.00110467583053,-0.000921890619219,-0.000224544942358,-0.00101950849802,-0.000552613393164,-0.000173137459456,-0.000954752803365,-0.00072682921312,-0
2023-06-23,-0.00232999911888,-0.00244493732157,-0.000713553158192,0.000581707704612,0.000403314540366,0.000118868643806,0.000263734943402,-0.000692267597256,-0
2023-06-26,-0.00125570545044,0.000464828612364,0.00016352930404,0.000241887632977,0.000243106704064,2.29873954407e-05,0.000167661708463,0.00114901160223,-0
2023-06-27,0.00335173674554,0.00122687025658,0.000477434669109,-0.000382553973658,-0.000344026358949,-0.000137677236876,-0.000442961101794,0.000626545586757,-0
2023-06-28,0.000155241137628,3.30366875913e-05,-0.000200147192213,0.000581365484956,0.000392938455572,0.000100511788725,-0.000220519816829,7.41228279612e-05,-0
2023-06-29,0.00121238651302,-0.000197955508633,-0.000212459044987,-0.00152212001376,-0.00100655518332,-0.000324090412232,-0.000102098931863,0.000572872631649,-0
2023-06-30,0.0036500223865,0.00178403055942,0.000438105434877,0.000461381976831,0.000211697631693,0.00021488394759,0.000635087670414,0.000287501704735,-0
2023-07-03,0.000357266888785,0.000262246496577,0.000496888692128,-0.00022953502968,-0.000419218975594,-5.74366984535e-05,0.000106818952583,0.000508623925134,-1.53930263368e-05
2023-07-05,-0.000446163528178,-0.00162126583731,-0.000243433023497,-0.000901851799768,-0.0004793930507,-0.000238345505448,-0.000353003237801,0.000112582471295,-0
2023-07-06,-0.00235551039463,-0.00263747300847,-0.00095335032352,-0.00129661057449,-0.000816326836017,-0.000262789715451,-0.000298211795876,-0.000386765059244,-0
2023-07-07,-0.000760337515096,0.00124860729069,0.000592016519637,4.15488786855e-05,-0.000126754648249,-3.3158831323e-05,0.000755147201707,-0.000114076338264,-0
2023-07-10,0.000759120650343,0.000393629019714,1.23163002535e-05,0.0005598690008,0.000516693461768,0.000118202184227,7.93615072415e-05,0.000215806920461,-0
2023-07-11,0.00190984454173,0.00143959448598,0.000442115081994,0.000434233172409,0.000210291834033,-5.65807256913e-05,0.000378796412668,0.000717477476569,-0
2023-07-12,0.00241501396773,0.0028634817205,0.000952705210425,0.0016249426462,0.000972670114456,0.000548699554904,0.00136637001517,0.000273533927773,-0
2023-07-13,0.00237527298538,0.00231732519514,0.00055572701731,0.00124092804053,0.000827576505702,0.000255117903881,7.22954027456e-05,0.00032347813125,-0
2023-07-14,-0.000186361891366,-0.000926001360667,-0.000311616447876,-0.000948583528849,-0.000492604958552,-0.000262313611994,-0.000320025609823,-9.91876407856e-05,-0
2023-07-17,0.00104219460383,-6.40908606042e-05,6.01288881237e-05,0.000222864572074,0.000164794952172,9.23729658943e-05,7.19876640784e-05,-0.000327924985121,-0
2023-07-18,0.00223505325232,0.00108814412372,-0.000360388873221,0.000161791686275,0.000113134903065,-2.30562953628e-05,0.00115030831281,-0.000274889529623,-0
2023-07-19,0.000671167200302,-3.18947354156e-05,-7.17801647931e-05,0.000604382148095,0.000338075002156,0.000169971508013,1.65227160663e-05,0.000559175062457,-0
2023-07-20,-0.00200221187564,-0.000890441801897,-0.000310373999292,-0.00102511477953,-0.000787048777528,-1.83503494254e-05,-0.000511068231437,-0.000162711619018,-0
2023-07-21,0,0.000191926281501,-2.40065561504e-05,0.000141452877425,8.22168049223e-05,0,-0.000309515984834,0.000233777253422,-0
2023-07-24,0.00134649120035,-0.00015988359164,0.000660107457397,-0.000363750695113,-0.000236360516534,2.30505816207e-05,-0.000430964887943,0.000414874114779,-0
2023-07-25,0.000825572251461,0.000447094797603,0.000383588152486,-0.000222116372744,-0.000184768453385,-8.74606644235e-05,0.00055735187097,-0.000361821956107,-0
2023-07-26,4.64902878292e-05,0.000191312132167,0.000311238810079,0.000645177988907,0.000338285902805,1.83978741362e-05,0.000490460990028,0.000227291187337,-0
2023-07-27,-0.00200336256964,-0.000636357173301,-0.000561362988086,-0.00168951356068,-0.00107384235211,-0.00036228541078,-0.00158352103659,-0.00109317641608,-0
2023-07-28,0.0029653665905,0.00125218850658,0.00122932816057,0.000771211755787,0.000319890985478,0.000189724239471,0.000798953836451,-4.10566228813e-05,-0
2023-07-31,0.000578054288422,0,5.98104504038e-05,0.000241710005152,0.000122951894634,1.37841569752e-05,0.000269848840359,0.000320304130435,-0
2023-08-01,-0.000868976805134,-0.00168633433675,-0.0007165992457,-0.00130067233289,-0.000572105089072,-0.000293635792476,-0.00103916414312,-8.13976191826e-05,-6.66412013499e-06
2023-08-02,-0.00417321054404,-0.00289808737752,-0.00108312942992,-0.00047538211212,-0.000200145562051,-8.9365754195e-05,-0.000476560222961,-0.000287834029709,-0
2023-08-03,-0.000856130768596,-0.000450237051928,0.000213991862848,-0.00135660194575,-0.000744502378302,-0.000313480635316,-3.35806521344e-05,-0.000545699264886,-0
2023-08-04,-0.00135266091678,0.000419799416023,5.96821903538e-05,0.00165554537925,0.00106793344836,0.00048644316438,0.000365210160284,-0.000404993365349,-0
2023-08-07,0.00259280222122,0.00119199544385,-8.33645805479e-05,4.17301605256e-05,-0.000245048640606,4.28307993516e-05,-0.000229834224911,0.000617986075714,-0
2023-08-08,-0.00129793057109,-0.00112314701318,-0.000510110236818,0.00047904932111,0.000509455002925,-9.48025864945e-06,-0.000636544165494,-0.000319625408468,-0
2023-08-09,-0.00199247814953,0.000128727495925,8.32855015576e-05,0.000146168954106,6.38584971505e-05,-2.37717905932e-05,-0.000476004305074,-5.9316807055e-06,-0
2023-08-10,0.000106497009325,0.000451503895554,9.53786050076e-05,-0.00131854570767,-0.000778651386665,-0.000261973184927,-0.000106614367482,-0.000190353030914,-0
2023-08-11,-0.000173439340857,-0.000840226764685,-0.00071676006624,-0.000629161269517,-0.000534410827905,-7.16031091662e-05,0,7.74893332448e-05,-0
2023-08-14,0.00164531011797,-0.000615739041411,-0.000227653758211,-0.000147192099542,-0.000160768321118,-0.000105298825253,-0.000304522109123,-0.000328779900838,-0
2023-08-15,-0.0034920703244,-0.00207470054544,-0.000515300242437,-0.000546976631264,-0.000192991256532,-0.000158007169665,-0.000265108372421,-0.000556058171315,-0
2023-08-16,-0.00219117489473,-0.00117622738684,-0.000326108743145,-0.000487732922282,-0.000389026584891,-0.000149572875296,-0.000579857474459,-0.000608639874319,-0
2023-08-17,-0.00227212820924,-0.000985985300246,0.000157944768123,-0.000213244717231,-0.000130443142511,-1.45744886122e-05,-0.000154408061992,-0.000394042787538,-0
2023-08-18,0.000143023963838,0,-0.000304964241174,0.000449751856825,0.000305607398675,8.77285380822e-05,1.72244982987e-05,0.000152155697452,-0
2023-08-21,0.00193229395981,0.000461576665224,0.000109712600038,-0.00102706223868,-0.000632498587338,-0.000136346977703,0.000275366527106,-0.000450007825888,-0
2023-08-22,-0.000809233806249,-0.000329514064379,-8.52803306436e-05,0.000213843501816,4.3611209127e-05,8.7603164986e-05,0.000166285024139,0.000139798619837,-0
2023-08-23,0.00332037841004,0.00158265167948,0.000719136338851,0.00194716867967,0.00110138648504,0.00046262056429,0.00102693420227,0.00076625518476,-0
2023-08-24,-0.00413254336468,-0.0018591026327,-0.000204962331634,-0.000465590206603,-0.000377521183953,-0.000231211878317,-2.26964906803e-05,-0.000186498123144,-0
2023-08-25,0.00208864902933,0.00092013598321,-3.64463047787e-05,-0.00012798952203,-3.25964420291e-05,-9.71208734587e-06,-0.000131516726427,3.63809905143e-05,-0
2023-08-28,0.00188688869166,0.00154031933979,0.000484594917759,0.000446598410043,0.00028180490865,2.90412030355e-05,0.000290828455175,0.000459396737128,-0
2023-08-29,0.00430494416577,0.00189052331616,0.000650685386567,0.00131145350524,0.000722293352647,0.000250348704273,0.000986865400716,0.000595214800468,-0
2023-08-30,0.00123123440169,-3.22177710848e-05,-0.000178834132906,-8.36561939634e-05,-1.06635075959e-05,-7.62201500232e-05,0.000252527014029,0.000178441128052,-0
2023-08-31,-0.000438669663548,-0.000483148915603,-0.00058343370533,0.000292674070821,0.000202402317982,0.000104660606032,-0.000168133175341,-0.000362382719036,-0
2023-09-01,0.000559128959445,0.000225776584183,0.000524665292735,-0.00104948824485,-0.000618178258388,-0.000261396159754,5.05099209413e-05,8.329490464e-05,-4.13844204738e-06
2023-09-05,-0.00129660556007,-0.00134221256075,-0.000292902932676,-0.00108283579422,-0.000606514116309,-9.98081393953e-05,-0.000816168572384,-0.000581686296886,-0
2023-09-06,-0.00202040331439,-0.000592885388549,-0.000233286990244,-0.000188652077418,-0.000256945106675,-7.64953382191e-05,-0.000452492492104,-0.000103639889943,-0
2023-09-07,-0.000920102976754,-0.000595207628348,-0.000517774366904,0.000631113414357,0.000343921936566,0.000182420159406,0.00010656012521,0.000312150080087,-0
2023-09-08,0.000450211568159,-0.000198521022773,9.86761460622e-05,0.000105191501073,2.15101199723e-05,0.000115278210205,3.36641460374e-05,-0.000195938521389,-0
2023-09-11,0.00196795172207,0.00168653665349,0.000567079436959,-0.000231383211306,-0.000171961022687,-4.80038288628e-05,0.000185081766276,6.11597097395e-06,-0
2023-09-12,-0.00164576474467,-0.00065875472114,-0.000135084956151,6.28424346451e-05,0.000139172182505,2.39072079996e-05,-0.000513945686838,-2.43884885033e-05,-0
2023-09-13,0.000348884920913,-0.000297297211312,-4.92423686786e-05,0.00029417619244,0.000118108652502,6.7128151447e-05,-0.000229675585324,-0.000544067182657,-0
2023-09-14,0.00258348696738,0.00201538560133,0.0002955972052,-0.000273208597272,-0.000225541001238,-8.15382990459e-05,5.04288145753e-05,0.00089279640039,-0
2023-09-15,-0.00362214436184,-0.000328648007429,-0.000257281390882,-0.000459983262659,-0.000309782871922,-0.000124057701703,0.000652171508829,-0.000188585668043,-0
2023-09-18,0.000175039254118,-0.0005651722126,-7.69527018469e-05,0.000294051155847,9.66042895821e-05,0.00010546386587,0.000588012123913,-0.000446140825249,-0
2023-09-19,-0.000619080383496,3.32438208294e-05,-0.000248155552235,-0.000587983792361,-0.000364849449786,-0.000143803405143,-9.51843933289e-05,-0.000226077231308,-0
2023-09-20,-0.00274487830907,-0.000499727190719,-0.000149229379546,-0.000105243760466,-7.53107565168e-05,-0.000105679775633,7.29558720721e-05,4.28686191302e-05,-0
2023-09-21,-0.00490702172886,-0.00250748989451,-0.000798731737375,-0.00137304468567,-0.000744706246674,-0.000265160766646,-0.000732142567285,-0.00169018190623,-0
2023-09-22,-0.000665175131398,0.000169381305728,0.000581654049832,0.00085610694483,0.000393687264351,0.000175864139326,0.000325245333929,-0.000367393523566,-0
2023-09-25,0.00123938487308,-0.000575028904137,-0.000189389689513,-0.00160282700363,-0.000742523830401,-0.000385338968619,-0.000524193409647,-4.35362505909e-05,-0
2023-09-26,-0.00436051622873,-0.00213698830129,-0.00058245040133,-0.000257199791701,-3.29088633597e-05,-0.000127176786119,-0.000811372571759,-0.000879226775777,-0
2023-09-27,0.000117858151776,-0.000342354708213,6.38974773331e-05,-0.000713788616152,-0.000453115342548,-8.39126345112e-05,-0.00125717647154,-0.000320968002922,-0
2023-09-28,0.00171697110467,0.00123618401881,0.000102537199963,0.000607470649664,0.000277145820724,0.000262433536786,-0.000503229319369,0.000457009047023,-0
2023-09-29,-0.000719915073476,-0.000478760978993,5.10590323888e-05,-0.000194413095498,2.20636515622e-05,-0.000103565174771,-0.00102532086484,0.000139635056098,-0
2023-10-02,-0.000117972756106,-0.00233065799524,-0.000179104307817,-0.00141796672879,-0.00082205814778,-0.000311381253228,-0.00103924363246,-0.000884329078413,-6.52603443657e-06
2023-10-03,-0.00401584786453,-0.00188198595075,-0.000639886127246,-0.00156768122436,-0.00082771870141,-0.000354649354144,-0.000288824198057,-0.000976161841126,-0
2023-10-04,0.00217833822012,7.04558385738e-05,-0.000206940339078,0.0014107532699,0.000635815735476,0.000220957176329,-1.19172560138e-05,0.000605548180616,-0
2023-10-05,-0.000113013974353,0.00136696624377,0.000205930658829,0.000129591136307,0.000188645734846,-7.3302648845e-05,-0.000183775508991,0.000277589530948,-0
2023-10-06,0.00355236658356,0.0015744851794,0.000680922249037,-0.000776187720905,-0.000587215539236,-0.000180447716482,0.000514832247497,0.000135183956925,-0
2023-10-09,0.00192878484567,-0.000104436916504,-0.000306830980358,0.00205966976621,0.00126793473713,0.000490183880481,0.00183728316111,0.000544770489161,-0
2023-10-10,0.00156602723894,0.00190028270236,0.000786603617346,-0.000191564587997,-0.000196944934589,1.92700601906e-05,-0.0001694697196,0.000240268544362,-0
2023-10-11,0.00123399609861,0.000653864342299,0.000151635689066,0.000911789137281,0.000544910281991,0.000220670110704,0.000733391630294,0.000870874959222,-0
2023-10-12,-0.00183432309399,-0.0013008354736,-0.000527941892204,-0.00170857995473,-0.000953943355806,-0.000314940785409,-0.000306857932954,-0.00074062003704,-0
2023-10-13,-0.00150106032114,-0.00134540172303,-0.00019002050676,0.000850317919987,0.000633611882443,0.000322185875306,0.00324990022151,-0.000126618860362,-0
2023-10-16,0.00314906078423,0.0011707030778,0.000354030239631,-0.00110333569417,-0.000588794831878,-0.000143980408894,-0.000506652011427,0.000598616337332,-0
2023-10-17,-1.38094317459e-05,3.43364957625e-05,-0.000214321107838,-0.00141743172429,-0.000967583505234,-0.000239295975031,0.000191610257444,-7.29378507721e-05,-0
2023-10-18,-0.00402911457233,-0.00254744801874,-0.000809004387238,-0.000912078425926,-0.000457861117944,-0.000105564863615,0.00150216083448,-0.00107726992335,-0
2023-10-19,-0.0026436062635,-0.00121509435689,-0.000178478832947,-0.000748755887276,-0.000483719088111,-4.35539748384e-05,0.00130355380566,-0.00118702731012,-0
2023-10-20,-0.00368387139051,-0.00139594596334,-0.000589488543537,0.000709645604622,0.000574668020377,0.000150800642546,0.000295126717711,-0.000330327189621,-0
2023-10-23,-0.000515405914056,7.01068003356e-05,-0.000102960249538,0.000777506772836,0.000466158932224,9.78009151806e-06,-0.000367523349149,-0.000480696902064,-0
2023-10-24,0.0022384450529,0.000736095130137,0.000604961968621,0.000712734832255,0.000177589920714,4.3975505137e-05,-1.1859914294e-05,0.000622960976213,-0
2023-10-25,-0.00427141200012,-0.00129035832416,-0.000525034639698,-0.00148275386036,-0.000872466509883,-0.000209045299388,0.000454184062965,-0.00105092584783,-0
2023-10-26,-0.00354544911991,-0.00109120067504,-0.000180966239586,0.00134480121786,0.000757993975115,0.000269877487558,0.000172648042842,0.000924755217604,-0
2023-10-27,-0.00132784914186,-0.000458256161876,5.17621271508e-05,-6.5168427189e-05,0.000156285802417,7.37015146233e-05,0.00127577177474,-0.000789836524381,-0
2023-10-30,0.00349013577235,0.00201130604522,0.000440552169752,-0.000478302326945,-0.000335242371167,-7.87087993196e-05,-0.00062663470241,0.000306720907513,-0
2023-10-31,0.00184654024252,0.000316123579486,-0.000232138059987,-0.000129882530466,-0.000211318444828,-0.000127268216917,-0.000599938136602,0.000827669045578,-0
2023-11-01,0.00315003315181,0.00150758635164,0.000347611670083,0.00220377891045,0.00114567802065,0.000437862789962,-0.000343935508547,0.000304764923621,-8.18342204615e-06
2023-11-02,0.00574933885246,0.00337473887764,0.000772059246905,0.00120363274645,0.000619648598477,0.000227621705281,0.000332407295848,0.00164236631394,-0
2023-11-03,0.00275117488959,0.00194156271713,0.000916308734085,0.00120836481585,0.000763962652717,0.000253159849443,0.000360088645318,0.0012165216182,-0
2023-11-06,0.000693484201334,-0.000480861606435,0.000153433173967,-0.000987049034446,-0.000573051445052,-0.000127751561356,-0.000766701552314,-0.000745746999567,-0
2023-11-07,0.000862430586186,-0.00113669242119,1.28166736803e-05,0.0010529820389,0.000563834074007,0.000132863493823,-0.000405806999248,-0.000420677132357,-0
2023-11-08,0.00022242051464,-0.000344229243749,-0.000230632665629,0.000673501640553,0.000400931762145,0.000109071098831,-0.000971141594965,0.000166822791627,-0
2023-11-09,-0.00237004680358,-6.8838265061e-05,-0.000448455777807,-0.00166263913266,-0.000986035343496,-0.000417314387532,0.000384179935394,-0.000800736003082,-0
2023-11-10,0.00473537661812,0.000796780049273,0.000348162822816,0.000466004104785,0.000109063216458,1.9091896697e-05,-0.00106327181325,0.000470099550423,-0
2023-11-13,-0.000292043880079,0.000206637851752,8.97341044199e-05,-2.09911691578e-05,-5.42219877635e-05,-3.32244312196e-05,0.000533863173719,-0.00042062613934,-0
2023-11-14,0.00593847942117,0.00409826083436,0.00117941104881,0.00248464522338,0.00148518939444,0.000403314066528,0.000859512190315,0.00277735981042,-0
2023-11-15,0.000648108763127,-0.000135149330392,0.000352188512729,-0.00121894977472,-0.000765780605874,-0.000209477698961,-0.000251415937496,0.000150656605012,-0
2023-11-16,0.000375822989587,-0.000338385341398,-0.000529031356561,0.00107586451616,0.000734939367211,0.000177145304388,0.0010753042133,-0.000111517264814,-0
2023-11-17,0.000381651178877,0.00189027651396,0.000201041164981,0.000392119298544,6.3763902413e-05,5.11513135243e-05,-1.04672473437e-05,-3.92584789357e-05,-0
2023-11-20,0.00235809380208,0.000673151374347,0.000538709131784,0.00030870776792,0.000137707915246,0.000143744911337,-0.000156518131891,0.000378417842255,-0
2023-11-21,-0.000669862631203,-0.000603200024165,-0.000299358475118,0.000204924758493,0.000126600439795,-0.000101566447504,0.00102850795708,-0.000363775845583,-0
2023-11-22,0.00118483288911,0.000301790568782,-0.000137303769144,0.000184503117718,-3.16670854954e-05,4.61869469275e-05,-0.00041064475395,0.000253518597018,-0
2023-11-24,0.000189367229836,0.00100458495281,0.000162032305848,-0.000900824217182,-0.000505969454867,-0.0002029805112,0.000498316173312,0.00014930125427,-0
2023-11-27,-0.000554212014323,-0.000401642284969,-0.000236733165444,0.00110506301287,0.000737575666594,0.00015679598044,0.000648589213812,0.000188172393147,-0
2023-11-28,0.000303639588371,0.000267322150273,0.000410507571188,0.000858255549377,0.000431282332477,0.000188761676088,0.00128986461398,0.000343361116844,-0
2023-11-29,-0.000215068729618,0.000366076575951,-0.000284941474603,0.000956374056431,0.000513334996539,0.000192572894644,0.000144453705109,0.000361298659754,-0
2023-11-30,0.00120040359731,-6.64230044819e-05,0.00014836333123,-0.000649923099085,-0.00048096218803,-8.6929038958e-05,-0.000406736780394,0.000379879748165,-0
2023-12-01,0.00181065974,0.00156097184112,0.000210173468136,0.00171892620433,0.00092143448421,0.000245853672853,0.00167838099724,0.00129413976409,-1.12739836006e-05
2023-12-04,-0.00157482692102,-0.00132454429911,-0.000441168899694,-0.000764296792898,-0.000414746481421,-0.000208605290824,-0.00216134264633,0.000364225989025,-0
2023-12-05,-5.91733211586e-05,-0.000487783818476,-0.000172701658111,0.00133057484326,0.000706481032054,0.00027200138304,-0.000372204663972,-0.000336565407494,-0
2023-12-06,-0.00120918879644,0.000292399233283,-6.1623067811e-05,0.000519379973739,0.000417076074407,5.24366942245e-05,0.000361399626184,-0.00015011671667,-0
2023-12-07,0.00227981150595,0.00071464639114,0.000197139866522,6.22481516696e-05,-0.00014970665547,-4.29004956093e-05,0.000162330095959,0.000144070203133,-0
2023-12-08,0.00128998496775,0.000356083391833,-0.000245600297465,-0.00101417048098,-0.000650025838126,-6.17576309772e-05,-0.00130994618062,-8.37537467129e-05,-0
2023-12-11,0.00117416332674,0.00042160588236,0.000221425016681,2.06977104214e-05,1.06673871069e-05,-0.000104678185516,-0.0010717227874,0.000137856284671,-0
2023-12-12,0.00138293457978,3.23810627114e-05,0,0.000600823278095,0.000213337934413,-2.85475724607e-05,-5.2231987568e-05,-2.99514300287e-05,-0
2023-12-13,0.00418574957415,0.0024251442828,0.000466097705012,0.00252210568594,0.00149002758755,0.000678531374174,0.00215802964226,0.00191833212306,-0
2023-12-14,0.000972190035117,0.0013050828889,0.000652013760905,0.00161643040365,0.000832239808191,0.000546490424578,0.000564441804602,0.00147660587174,-0
2023-12-15,-0.000496412293663,-0.00154739866978,-0.000287496072856,-0.000465760043332,-8.34004805395e-05,-8.34289509955e-05,-0.00088070298091,-0.000735381394253,-0
2023-12-18,0.00170094834952,0.000514265102428,-6.14943984076e-06,-0.000406849685447,-0.000219913621136,-0.000148951172112,0.000434710478942,-0.000117274817624,-0
2023-12-19,0.00184582301728,0.00144379733861,0.000343607193233,0.000243734867877,0.000188171737776,3.25122580393e-05,0.000653473422437,0.000392151858076,-0
2023-12-20,-0.00421032157336,-0.00156409763864,-0.00103773666892,0.000727240204493,0.000488833429084,0.000198822321422,-0.000523151064835,-0.000628889409469,-0
2023-12-21,0.0028597785529,0.00253833706058,0.000946267174795,-2.03966055541e-05,-0.000156996016946,-8.37869595204e-05,0.000679972485924,0.000455718439893,-0
2023-12-22,0.000607405595382,0.000350874764648,-0.000170818182826,-0.000262433106838,-9.35769938535e-05,-9.70160274684e-05,0.000426388518129,0.000200295712094,-0
2023-12-26,0.00127771151507,0.000669286160194,0.00031691783903,0.000403387166629,6.23042651901e-05,2.76867268635e-05,0.000735309368195,0.000382562190362,-0
2023-12-27,0.000547319160249,0.000857200230503,0.000267136338766,0.00126577816804,0.000775853848425,0.000225329149051,0.000439481011801,0.000252105110504,-0
2023-12-28,0.000113994240215,-0.000252830570163,0.000302166945586,-0.000439962255431,-0.00038096112122,-0.000160208693648,-0.000563161814123,0.00036764726378,-0
2023-12-29,-0.000875028852731,-3.16309950764e-05,0.000133075140336,-0.00038037135287,-0.000247413824483,-5.95578948191e-05,-0.000151002119506,-0.000619217919786,-0
2024-01-02,-0.00169045942349,-0.00168028285408,-0.000582026759538,-0.000943026217135,-0.000371898185501,-6.88781622284e-05,-0.000227005822661,0.00044496960962,-5.28987093326e-06
2024-01-03,-0.00245000673467,-0.00120327042396,-0.000147716612599,0.000101234834749,0.000239545620819,7.91867471524e-05,-0.00083368096042,-0.00119502440147,-0
2024-01-04,-0.000963663573754,0.000350198280977,-8.66346098286e-05,-0.000814318285105,-0.000607293287787,-0.000234165297448,0.000100165631901,-9.0256965079e-05,-0
2024-01-05,0.000409410777815,9.57463466739e-05,7.44321339377e-05,-0.000469241417024,-0.000367297553211,-0.000112679531193,1.58519675483e-05,-0.000124390360215,-0
2024-01-08,0.00427505246438,0.00156445617593,8.6889959987e-05,0.000755313620155,0.000335989768191,0.000136203672068,-0.000782442165163,0.000701452559396,-0
2024-01-09,-0.000457521036083,-0.0013632429143,-0.000579237947247,-4.04945269584e-05,-4.17125725992e-05,-9.79318847302e-05,3.14963312378e-05,-0.000331404002243,-0
2024-01-10,0.001707985259,0.000826648686722,-4.94372035659e-05,-0.000386292214559,-0.000156860685549,-4.20959518412e-05,-0.00022638103575,5.63352432847e-05,-0
2024-01-11,-0.000133661453894,-0.000158680792698,0.000209746529837,0.00113655301686,0.000532366474517,0.000266134252141,0.000194457339383,-0.000455525068735,-0
2024-01-12,0.000209662805288,0.000538727928415,0.000234052482803,0.000364653579676,0.000270969912601,0.000214443830948,0.000965513441138,0.000291963213725,-0
2024-01-16,-0.00110819096137,-0.00268534196977,-0.00103158420004,-0.00149478191389,-0.000810423170378,-0.000255602700418,-0.000941610103831,-0.000358229851039,-0
2024-01-17,-0.0016864040779,-0.00162536170845,-0.000656575705361,-0.000550306664891,-0.000324857237906,-0.000154703784147,-0.0010923414358,-0.000892149859442,-0
2024-01-18,0.00270179144516,0.00134794003097,0.000286936566194,-0.000184568713292,-0.000221641403905,1.41621566397e-05,0.000813056630403,-0.000261560840222,-0
2024-01-19,0.00380406322611,0.000479245803324,0.00044710917148,4.08779145417e-05,1.05134593173e-05,3.75967118664e-05,0.000296256292343,0.000571735157817,-0
2024-01-22,0.000649561081731,0.000381220597859,-0.000382839204722,0.000365631047426,0.000302962846307,2.33611447903e-05,-0.000373483623457,0.00028705939023,-0
2024-01-23,0.000896713666043,-0.000253833251489,0.000271346385563,-0.000486960876067,-0.000250396638313,-0.000163354562913,0.000383525923511,-0.000331669674344,-0
2024-01-24,0.00033705988309,0.000920116409919,0.000628995518461,-0.000446232553527,-0.000281736271622,-0.000116679228876,-0.000814289003542,-0.000685796026905,-0
2024-01-25,0.00167969604643,0.000380880054039,0.00012338687309,0.000892943436726,0.0004279987247,0.000168095640764,0.00038893780294,0.000607369684799,-0
2024-01-26,-0.000392649631975,0.00063187580138,1.22773493037e-05,-0.00022218977513,-0.000176643466752,-4.64690860224e-05,-6.80114042614e-05,-0.000134339530047,-0
2024-01-29,0.0024454836776,0.000884966296002,1.22922004406e-05,0.000788185079007,0.000592464882967,0.000218513453946,0.000690828901721,0.000313586294556,-0
2024-01-30,-0.000239315670236,-0.000188496188154,-0.000464129067299,0.000381627735828,0.000134329891116,-2.31121593314e-05,0.000135264404019,-0.000445345142749,-0
2024-01-31,-0.0050482242016,-0.000848931898622,-0.000183328797648,0.000904733661979,0.00082718302527,0.000323765000455,-7.28875905417e-05,-0.000451239221824,-0
2024-02-01,0.00400124441639,0.00157927291956,0.000331515771507,0.0011403910792,0.000620601864385,8.82831555443e-05,0.00102509730765,0.000850643262904,-6.82931371892e-06
2024-02-02,0.00315822350314,-0.00106517262578,-0.000350790251734,-0.00183149387829,-0.0013013834427,-0.000481301325488,-0.000945330086203,-0.00062054081677,-0
2024-02-05,-0.00110764375883,-0.000974503943681,0.000125713317669,-0.00163595161959,-0.000963867000667,-0.000278639347308,-0.000548070414847,-0.00103973983759,-0
2024-02-06,0.000885667154133,0.000917527396975,0.00123996259798,0.00103672178759,0.000531951840229,0.000168265885772,0.000519790510182,0.000656256188437,-0
2024-02-07,0.00253658675053,9.43519586322e-05,-3.77361101908e-05,-0.000404180891832,-0.000176246990976,-9.29266931112e-05,-2.63646267652e-05,-7.05289728792e-05,-0
2024-02-08,0.000135191338873,-0.000251134468345,-0.000263651701435,-0.000605074283567,-0.000320857615092,-3.70999328964e-05,-8.94701946309e-05,0.000398922014085,-0
2024-02-09,0.00177175243964,0.000534266048721,0.000201085486222,-6.05255915815e-05,-0.000176143205839,-6.96382066202e-05,-0.000384594784887,7.63437448576e-05,-0
2024-02-12,-0.000135075522992,0.00037641127262,0.000225790660808,4.02400719083e-05,9.30797276234e-05,1.85340750402e-05,-0.000257669417563,1.1723387471e-05,-0
2024-02-13,-0.00423524385928,-0.00266530284242,-0.000940457190739,-0.00181297443092,-0.00107514229943,-0.000314969542593,-0.0013561882108,-0.00101951960674,-0
2024-02-14,0.00279343193225,0.00184342196232,0.000737183966477,0.000878019425415,0.000366774439125,0.000211269667937,-5.86087757069e-05,0.00038602605258,-0
2024-02-15,0.002125010895,0.00167251805202,0.000315490021927,0.000466251673815,0.000270474814017,6.06024922373e-05,0.000655984781922,0.00114399859146,-0
2024-02-16,-0.00153397610144,0.000125380549702,0.000250709672573,-0.000624318080972,-0.000423704825718,-5.09455788918e-05,0.000357330317024,-0.000515462345668,-0
2024-02-20,-0.00169153222555,0.00053419612624,0.000100524596936,0.000181719419343,0.000165766413671,2.32117271297e-05,0.000595245380367,-8.80806360556e-05,-0
2024-02-21,0.000276795665118,9.42669894928e-05,5.02764017899e-05,-0.000585573021379,-0.000310880769162,-5.57048962627e-05,5.26568416286e-06,0.000276030078174,-0
2024-02-22,0.00633201085571,0.00160326232607,0.000452559682037,0.00016163368004,1.03539103761e-05,-6.50214704908e-05,4.21601108943e-05,9.39753502612e-05,-0
2024-02-23,0.000213543575864,0.000249336821053,1.24747856417e-05,0.000720831077569,0.000441876560807,0.000124314763799,0.000553827349667,-2.32965022885e-05,-0
2024-02-26,-0.00113216914128,-0.000342061831607,-0.000174095866871,-0.000419545404848,-0.000143515338943,-1.83731603822e-05,-0.000218938567983,-0.000540397190246,-0
2024-02-27,0.000573890835866,0.000280699663456,0.000162134254267,-0.000260507730363,-0.000215957451944,-5.98956521031e-05,-0.000104567888143,5.83019956286e-05,-0
2024-02-28,-0.000408873178834,-0.000810546869085,-0.000797886964012,0.000380559913629,0.0003494701446,0.000156575964744,0.000177689073168,0.000495166714481,-0
2024-02-29,0.0011111536142,0.000343069888709,0.000112248309666,0.000320666484596,0.000195365007046,0.000152052089574,0.00050717477918,0.000419627284636,-0
2024-03-01,0.00290308115286,0.00161676364011,0.000683842260565,0.000933498769726,0.000440916922235,0.000183721479883,0.00186594063401,0.000592599802109,-1.21715757383e-05
2024-03-04,-0.000321725831432,-0.000396346170018,-0.000204465392795,-0.00049215431734,-0.000222465414228,-4.20220592748e-05,0.00161749967705,0.000467842969687,-0
2024-03-05,-0.00299383377613,-0.000365698849555,-0.000336650495343,0.00108638439739,0.000614166948524,0.000228620506993,0.000611503373312,-0.000611987177058,-0
2024-03-06,0.00150541030377,0.00180122914446,0.000614271949387,0.000308022477523,0.000243952184389,1.87067279802e-05,0.000840999867978,0.000248696070844,-0
2024-03-07,0.00294751540423,0.00173051500774,0.00023953809833,0.000428813882072,0.000168774754203,-2.78868328828e-05,0.000583371701785,-1.15031706275e-05,-0
2024-03-08,-0.00178909517612,-0.00042248240259,-8.33387274974e-05,0.000182653428571,7.34052787817e-05,4.15744513169e-05,0.000867219151089,0.000571689707769,-0
2024-03-11,-0.000254867070391,-0.000754847250191,0.000131041630284,-0.000223325922048,-0.000125897834528,-8.78293652541e-05,0.000189967841149,-0.000240245860082,-0
2024-03-12,0.00319060757293,0.0011489303027,0.000429411369553,-0.000508407595582,-0.000409701129307,-9.72069391372e-05,-0.001136243315,-0.00010882888685,-0
2024-03-13,-0.000468685165086,3.01704602798e-05,-0.000285559518551,-0.000365129284609,-0.000220079339999,-6.92608903741e-05,0.000717993534764,-0.000251390073685,-0
2024-03-14,-0.000590776765612,-0.000996148726734,-0.000273919666644,-0.00125888972574,-0.000734190909574,-0.00030041092669,-0.000431184640224,-0.00074345000583,-0
2024-03-15,-0.00205901314619,-0.000131259220676,-0.000145006442335,-2.04581739475e-05,-0.000168721997714,-3.25188666603e-05,-0.000330282817266,-0.00010921828046,-0
2024-03-18,0.00177517942377,3.06014068167e-05,0.000108182530385,-0.000204730250863,-0.000116358906118,-4.66046236626e-05,0.000165633789514,2.30621709587e-05,-0
2024-03-19,0.00166685170193,0.000244499837339,-0.000203991403796,0.000490532635247,0.000285093368064,6.97839113584e-05,-0.000118843836711,-1.72630106199e-05,-0
2024-03-20,0.00278299823104,0.00164646063652,0.0003950340937,0.00040780030132,0.000231719225662,0.000194928550526,0.00122682800683,0.000321592581961,-0
2024-03-21,0.000996326263992,9.08072351627e-05,3.56481919447e-05,0.000141746330505,1.04549222517e-05,8.75439691133e-05,-0.000107471014775,0.000353497321413,-0
2024-03-22,-0.000572516310821,-0.000513772682139,-0.000320376286968,0.000626501536296,0.000480285864796,0.000170221985552,-0.000827761852019,-0.000618903388995,-0
2024-03-25,-0.000834160057947,-0.000211914425977,0,-0.000364311406371,-0.000261470896799,-0.000156656835724,0.000327534000516,-0.000299008300622,-0
2024-03-26,-0.000557079108976,0.000212296557216,-0.000107153575209,0.000202783002536,0.000146699022905,1.38395147946e-05,0.000333248756642,-0.000195861321919,-0
2024-03-27,0.00252998752626,0.00100068916256,0.000130967686398,0.000648846588965,0.000377123283358,0.000152320012529,0.000748501940816,0.00124424103869,-0
2024-03-28,-5.76177474878e-05,-0.000301179771576,0.000165536632876,-0.000241632260964,-9.36431910437e-05,1.83406446e-05,0.00133407810784,0.000348981682435,-0
2024-04-01,-0.000523902595517,-0.000601666197736,0.000200778083755,-0.00143258335732,-0.000890102986504,-0.000318439669561,0.00106805166796,-0.00082860033246,-8.43215575509e-06
2024-04-02,-0.00190742992344,-0.000930563926162,0.000166916707759,-0.000144414004861,-0.000213832193179,1.40631854528e-05,0.0014772360491,-0.000629198811085,-0
2024-04-03,0.000328159227768,0.000812250299964,7.16876377528e-05,0.000124049797262,0.000117842912565,0,0.000892129786296,5.30425159243e-05,-0
2024-04-04,-0.00364171775603,-0.00120046734297,-0.000178787728306,0.000474400551452,0.000342089829138,0.000187483632859,-0.000586913972506,-0.000317453840271,-0
2024-04-05,0.00309405670732,0.000542888197949,0.0001557121324,-0.0009949892563,-0.000666038745202,-0.00021195483883,0.00175010766641,0.000254045990666,-0
2024-04-08,0.000166725921343,0.000721001271959,0.00031021675359,-0.00018584434072,-0.000224694659542,-1.87788352047e-05,0.000645296978759,0.000529634882209,-0
2024-04-09,0.000344326438761,2.99808884011e-05,0.000440583274709,0.000680055421149,0.00039515465054,0.000131114551048,0.000571953359654,0.000663714520586,-0
2024-04-10,-0.00297446896142,-0.00224145057,-0.000557856160184,-0.00238272969318,-0.00131996242084,-0.000480759242955,-0.000986886755684,-0.00208418854526,-0
2024-04-11,0.00224873225952,0.000545054160123,0.000168367356993,4.1679669601e-05,-0.000140218319371,-4.25666043529e-05,0.00203380912701,0.000166095912417,-0
2024-04-12,-0.00412317801559,-0.00259113630179,-0.000981216649196,0.000372737878607,0.0004078198965,0.00017410646659,-0.00140544655419,-0.000578414050559,-0
2024-04-15,-0.00372314555772,-0.000516712549354,-0.000313850042665,-0.00121165823977,-0.000638742735697,-0.000161395301391,0.00197811847485,-0.000827612243873,-0
2024-04-16,-0.000538118368617,-0.00155856483341,-0.000618986015834,-0.000567116311493,-0.000391866210398,-0.000205225376419,0.000132268143288,-0.000676472188146,-0
2024-04-17,-0.00175081408811,9.20921219793e-05,8.53280539924e-05,0.000928318749005,0.000634157239123,0.00019655152087,-0.000802045751988,-0.000348746940749,-0
2024-04-18,-0.00060568143316,-0.00015362676842,0.00013422922163,-0.000570186750217,-0.000350231804549,-6.719370725e-05,0.000369394875773,6.0110103825e-06,-0
2024-04-19,-0.00256724814317,9.22952870052e-05,-0.000146612829667,0.000211419496798,0.000131522614699,7.68839192728e-05,0.000340265493681,0.000229000259813,-0
2024-04-22,0.00268936921883,0.00160230836408,0.000428325356865,0.000127062681446,1.09589535746e-05,4.82543769656e-06,-0.00269692456391,0.000422533959329,-0
2024-04-23,0.00348827363194,0.00150598919324,0.000415018766572,0.000422490237158,0.000131369999487,4.79811469974e-05,-0.00026112082381,0.000439501518699,-0
2024-04-24,-0.000140296380196,-0.000427633987437,0.00015770302423,-0.000524903878542,-0.000304650487113,-0.000104942727101,-0.000195851867292,8.97619623827e-05,-0
2024-04-25,-0.00112409373392,-0.000642364179184,0.000157932154465,-0.000567630011576,-0.000381320689792,-7.64452325639e-05,0.000627645538006,-0.00027564645605,-0
2024-04-26,0.00279913740055,0.0011037376315,0.000584479227383,0.000442554901084,0.000273005346569,0.000129289861685,0.000344027528712,2.40227610254e-05,-0
2024-04-29,0.00105026712358,0.000823120638043,0.00050851448244,0.000607612799964,0.000401747586699,0.000123794943412,-0.000215022335758,0.000489695408169,-0
2024-04-30,-0.00469677974093,-0.00209557222813,-0.000687528972428,-0.000814091201036,-0.000465138757094,-0.000241914968952,-0.00209827673273,-0.000815069872338,-0
2024-05-01,-0.0009589596364,-0.000184430777327,6.10337306557e-05,0.000709884623568,0.000396403406097,8.36075365594e-05,0.000946001822445,1.80701105228e-05,-9.46288486189e-06
2024-05-02,0.00280601419456,0.0022004006379,0.0012198068922,0.000902740787499,0.000469830676487,0.00018093777416,-0.000308708744116,0.000703159380084,-0
2024-05-03,0.00372294515258,0.0013833268505,0.000446387586863,0.00102031322189,0.000552711801198,0.000255028077744,-7.88717175964e-05,0.00033627758861,-0
2024-05-06,0.00311636731341,0.00118978714714,-9.32759295865e-05,0.000144634343089,8.60513316304e-05,2.34373118635e-05,0.00103137972947,4.32616830702e-05,-0
2024-05-07,0.000334545952921,0.00021238163975,-0.000359388729032,0.000411039880978,0.000256731281799,-9.32480883458e-06,-0.000453318367713,0.000473255898568,-0
2024-05-08,2.92780772023e-05,-0.000151564606096,-4.63314051507e-05,-0.000410684260135,-0.000277905045715,-5.58888306539e-05,-0.000288230820759,-0.000423722496023,-0
2024-05-09,0.00175044543404,0.00112341112791,0.000197233689117,0.000370274365343,0.000299770186052,0.000177267429251,0.00154430151909,0.00102718080163,-0
2024-05-10,0.000391135090009,6.03280299366e-05,0.000103746747657,-0.00040875171318,-0.000319085288454,-7.87866139343e-05,0.000801324627071,-0.000140556807922,-0
2024-05-13,4.070861985e-05,-3.01516722585e-05,0.000391768145912,0.000102111860137,0.000116949768641,1.85204713843e-05,-0.00111502323386,0.000164937749373,-0
2024-05-14,0.00139475325668,0.00105572238569,0.000253585323651,0.000531293761693,0.000287131413696,9.26965935884e-05,0.000833109185035,0.000391069830202,-0
2024-05-15,0.00376325416471,0.00153095172682,0.000435883323671,0.00130138617693,0.000740858491485,0.000249037473519,0.00126856365365,0.000705398143097,-0
2024-05-16,-0.000626737789365,-0.000861940252645,0.000193073662524,-0.000221531795968,-0.000188619635298,-6.84924709121e-05,-0.000385774175505,-3.61237201472e-05,-0
2024-05-17,0.000437972896107,0.000536163145466,0.000364229150965,-0.000625487968333,-0.000304567754155,-4.57634159926e-05,0.00163191082973,-6.0364075936e-06,-0
2024-05-20,0.00035076717636,5.9450052629e-05,-0.000113591409926,-0.00018124108394,-0.00014673820503,-1.82697993652e-05,0.00040379977894,-0.000301104986297,-0
2024-05-21,0.000747680583093,-0.000237811924331,-0.000295340439291,0.00036244604755,0.000251541616787,9.13479463569e-05,-0.00014805388714,-1.80571395351e-05,-0
2024-05-22,-0.000879208093717,-0.00142574821714,-0.000147554388444,-0.00024144308201,-0.00012567169906,-9.13702111014e-06,-0.00184702570085,-0.000457320506156,-0
2024-05-23,-0.00223544007976,-0.000836018358509,-0.00038789977336,-0.000546037149203,-0.000347353893893,-0.000188077041571,-0.00197822515084,-0.00108870156136,-0
2024-05-24,0.00202555834833,0.00123352089201,0.000160948711541,0.000224214336963,0.000127261871389,6.0093218777e-05,9.08136780348e-05,3.6556470146e-05,-0
2024-05-28,0.000214502264651,2.99768091502e-05,-0.000137417341932,-0.000913473371083,-0.000549387756942,-0.000147336105357,0.00102668828813,-0.000327797591503,-0
2024-05-29,-0.0021526191756,-0.00260923454195,-0.00063032634755,-0.000751648194388,-0.000475841092431,-0.00011518844473,-0.00091887646811,-0.000479987504201,-0
2024-05-30,-0.00204159766287,0.00136065517914,-9.24355931706e-05,0.000921653992195,0.000490409897414,0.00019046498141,0.000187109553948,0.000722800958395,-0
2024-05-31,0.00277965739025,0.00132814799479,-0.000426764825391,0.000633828286095,0.000457605053457,0.00019477682725,-0.000578573850085,0.000935561107641,-0
2024-06-03,0.00024980988157,0.000390301506321,0.000493345647272,0.00118739084477,0.000643380774436,0.000207614365816,0.000870058151124,-0.00011556265231,-7.81279812256e-06
2024-06-04,0.000335342507243,-0.000442463843579,-0.000781425830259,0.000723161004398,0.000547643016824,0.000155041598949,-0.000897705983466,0.000385308096162,-0
2024-06-05,0.00356942120288,0.00103241809912,0.000632016772979,0.000619817118154,0.000365065355798,0.000126862461735,0.00117389722055,-6.0205579592e-05,-0
2024-06-06,-5.6367408849e-06,0.000380647124098,0.000228123489462,6.15227952806e-05,-4.26272086993e-05,-4.19731043019e-05,0.000735671262754,9.56177112537e-05,-0
2024-06-07,-0.00036615499598,-0.00184202224984,-0.000410036169087,-0.00176115643677,-0.00105365857572,-0.000409809898834,-0.00357281374897,-0.000471415094873,-0
2024-06-10,0.000938848140058,0.000206741125474,0.000264582210029,-0.000165523165592,-0.000214943060562,-7.05541557528e-05,0.000894053457429,0.000168746011315,-0
2024-06-11,0.000732456695229,-0.0016798424267,-0.000114810911806,0.00068121981047,0.000525638688318,0.00013613333033,0.00028055477231,-0.000180449637197,-0
2024-06-12,0.00250335826627,0.00179702976597,0.000390195423648,0.00094915694537,0.000557594199945,7.50618097055e-05,0.000262061025217,0.000444922442526,-0
2024-06-13,0.000614426366409,-0.00207712421265,-5.69812454418e-05,0.00100403296059,0.000660231329473,0.000195700443424,-0.000798986554118,0.000203017814894,-0
2024-06-14,0.000186118249273,-0.00131681020262,0.000136794592104,0.000204918280215,0.000234346153147,6.0596861321e-05,0.0012604357009,-1.19491179226e-05,-0
2024-06-17,0.00243399909916,0.000526319812535,0.000273387554989,-0.000716784561588,-0.000468312333336,-6.98623066947e-05,-0.000511094346702,-0.000196941574122,-0
2024-06-18,0.000782145656286,0.000584089497409,0.000398187093922,0.000715874891243,0.000435823903306,0.000200006257684,0.000391951377196,0.000196691635829,-0
2024-06-20,-0.000835307531893,0,-9.06867969223e-05,-0.000346378558286,-0.00025417563392,9.27264070388e-06,0.00122146245204,-0.000142511380515,-0
2024-06-21,-0.000411334370208,-0.000966617285183,-0.000170744752061,2.03480554101e-05,2.12112132014e-05,-7.41791978834e-05,-0.00153544823139,0.000124749642818,-0
2024-06-24,-0.000999023764261,0.00126712632412,-3.42486606519e-05,0.000163649005843,8.50108264118e-05,2.78944383009e-05,0.000387294436559,0.000387318913691,-0
2024-06-25,0.0011780772423,0.000206011648943,-0.000148237305858,-2.04512118145e-05,8.4901725867e-05,6.03770043067e-05,-0.000486909496781,-0.000618908939598,-0
2024-06-26,0.000383203742522,-0.000970926453819,-0.00013680240857,-0.000898378166206,-0.000604834833544,-0.000148578616283,-0.000900772413765,-0.000154695313258,-0
2024-06-27,0.000486312059791,0.000354276712334,-2.28727484534e-05,0.000327765900269,0.000223597497768,9.31876657156e-05,0.00110017429855,0.000483570671445,-0
2024-06-28,-0.00121210576923,0.000117725662027,0.000125436540738,-0.000980414100934,-0.000530759563424,-0.000153271045218,9.09733739986e-06,0.000399525284507,-0
2024-07-01,0.000632848380708,0.000118000120733,0.000114312275662,-0.00106579681865,-0.000741656861104,-0.000197737217523,0.00025543957557,-0.000477104453038,-8.89489638553e-06
2024-07-02,0.00201888129976,0.000333614908837,0.000182395044587,0.000664989172823,0.00037765989952,9.44170998064e-05,-4.64339438925e-06,0.000235018284871,-0
2024-07-03,0.0013426340033,0.00178235545155,0.000738115345778,0.00107626676947,0.000666447600813,0.00019749744437,0.00112286589722,-4.80241670405e-05,-0
2024-07-05,0.00173055568998,0.000960104157749,-1.12843639835e-05,0.00100733210545,0.000555133145125,0.000224159066777,0.00134923847571,0.000137133110468,-0
2024-07-08,0.000346286100493,-0.000656165865529,0,6.13202792864e-05,3.1849623472e-05,-1.85709811767e-05,-0.00125001399821,0.000159996627033,-0
2024-07-09,0.000292523160641,-0.000507685905396,0.000213299057257,-0.000184170861812,-0.000138154005027,-7.43825037063e-05,0.000169019886481,-1.18507221348e-05,-0
2024-07-10,0.00298027532614,0.00209106378732,0.000202119910505,0.000204664751496,9.56457376738e-05,9.30005801491e-05,0.000365542862844,0.000368013109182,-0
2024-07-11,-0.00260597406397,0.000593638662691,0.000390505268675,0.00101683275171,0.000633714852969,0.000147831812215,0.00176614123152,0.00142735614117,-0
2024-07-12,0.00188353497999,0.00150873680676,0.00023352969252,0.000547270102662,0.00021052295701,7.82877282599e-05,-6.33491667126e-05,0.000387960816348,-0
2024-07-15,0.000822445854589,-0.00114824665807,-0.000520146956328,-0.000685829686666,-0.000314284491304,-3.2077239599e-05,0.000324245687238,0.000345177021421,-0
2024-07-16,0.00178054457031,0.000884338329539,0.00032132889654,0.000807885387928,0.000440497620885,0.000151406972579,0.00201094530525,0.000632578750197,-0
2024-07-17,-0.00420526488764,-0.000848905335277,-0.00072621016868,0.000140334135084,8.33289292534e-05,1.82298163883e-05,-0.00047460126647,0.000354816865843,-0
2024-07-18,-0.00228545825975,-0.00147189359074,-0.000431557972061,-0.000544546673988,-0.000282819164306,-0.000109978704931,-0.000652913202909,-0.000462123112889,-0
2024-07-19,-0.00197206561447,-0.000888721121917,-0.000478811599327,-0.000405930695651,-0.000316184979998,-0.000119876708557,-0.00183511280325,-9.41742074662e-05,-0
2024-07-22,0.00306013186597,0.00146048747682,0.000380920462915,-8.16648875841e-05,-9.54572282487e-05,-6.03259594742e-05,3.19163306683e-05,0.000544865512633,-0
2024-07-23,-0.000468011121321,-0.000770911548765,-0.000512671335947,-2.0314012988e-05,7.38691307971e-05,-2.76771533751e-05,0.000353747403991,-4.12445290849e-05,-0
2024-07-24,-0.00675924752389,-0.00187059239545,-0.000513414930592,-0.000610333706304,-0.00022186830126,-0.000147890069952,-0.000354248031974,-0.000778788179186,-0
2024-07-25,-0.00153611970201,-0.000930929121197,-0.000124160925799,0.000555524715805,0.000224394167989,0.000121530336773,-0.00159389408137,-0.000173052961633,-0
2024-07-26,0.00329608926274,0.00195871887572,0.0005437053479,0.000722651838183,0.000482479432751,0.000159474063215,0.00106013719571,0.000922131615298,-0
2024-07-29,0.000173297224933,-0.000597196696023,-0.000168367845688,0.000327320850096,0.000169995156278,5.11268614406e-05,-0.00014159182974,0.000272936694819,-0
2024-07-30,-0.00149484611184,0.000328430649336,-0.000134686120415,0.000204636472367,0.000212510688352,3.71788755273e-05,0.0010047638258,0.000415320307492,-0
2024-07-31,0.00476879851251,0.0022082337887,0.000942239952824,0.00108360770533,0.000743246448121,0.000274053811887,0.00183949204358,-0.000189749815483,-0
2024-08-01,-0.00417335626542,-0.00383461043866,-0.000809404244628,0.000839307673291,0.000430552027678,6.57586761736e-05,-0.000351923350557,0.00053338007252,-1.11775021358e-05
2024-08-02,-0.00558557427939,-0.0026305156755,-0.000539487356797,0.00223741210789,0.00154901508195,0.000240406406748,-0.000190462827848,-2.73821567083e-05,-0
2024-08-05,-0.00861698573608,-0.00346400535796,-0.00137271973588,-0.000162042454186,0.000104480923011,0.0001440246997,-0.00127307353996,-0.00143614527261,-0
2024-08-06,0.00269158709325,0.000247035778352,0.000339991655165,-0.00123528683967,-0.000923814921022,-0.000297490131029,-0.000805277791869,0.000978667659814,-0
2024-08-07,-0.00196735986071,0.000709618555612,0.00038651016688,-0.000617046307776,-0.000371297390275,-0.000155668224603,-6.77902940583e-05,-0.000346381983901,-0
2024-08-08,0.00677562675936,0.00253599116148,0.00108015083638,-0.000309283074204,-0.000308363640009,-4.7294129084e-05,0.0015675641483,0.000492832498675,-0
2024-08-09,0.00130693684408,0.000519646812964,0.000127645891667,0.000713202444641,0.000409890601644,0.000130865488798,0.000246278332118,0.000232476003675,-0
2024-08-12,0.000155870123419,6.09088933229e-05,0.000219668934074,0.000345171427642,0.000282720668755,0.000135041912741,0.00171760876768,-0.000369495333288,-0
2024-08-13,0.0048677772067,0.00243016489903,0.000380556849583,0.000810021199771,0.000449128836766,0.000106838342912,-0.00015575194966,0.000434570567793,-0
2024-08-14,0.000940382159951,0.000571832791451,-0.000319914204185,0.00036111582883,0.000134542450217,-2.76181880576e-05,-0.000820050615995,0.000130804165902,-0
2024-08-15,0.00512043929135,0.00183409094519,0.000547887019069,-0.000841841653454,-0.000630669796383,-0.00010573744039,0.000312729241575,-3.81158979124e-05,-0
2024-08-16,0.000677014465568,0.000896485206038,0.000521833662407,0.000478112447275,0.000195247787274,-1.82746903418e-05,0.00222375080252,-2.70482872466e-05,-0
2024-08-19,0.00287965227529,0.00175436087306,0.000519260231097,0.000218101408401,0.000132892358524,3.18298077079e-05,-0.000165526760465,0.000409217351935,-0
2024-08-20,-0.000491631841664,-0.000413896785241,-0.000493834995741,0.000591272847942,0.000396436614321,0.000194376374638,0.000368127430096,-5.8886358791e-05,-0
2024-08-21,0.00103710231733,0.00133026018889,0.000235670651614,0.000374504947771,0.000203298338891,0.000108471395042,-0.000134250480102,0.00026229955928,-0
2024-08-22,-0.00236860689351,-0.00106058375787,-0.000592753970305,-0.000805392527014,-0.00045582772227,-0.000153150008604,-0.0011997733022,0.000144040987153,-0
2024-08-23,0.00320225283654,0.0029356638021,0.000720458188106,0.000909437639251,0.000458806314517,0.000262970292661,0.00115114654633,0.0010954301242,-0
2024-08-26,-0.00071834931233,-0.00061610199099,-0.000322988957584,-0.000176033176384,-0.00012106659271,4.49381214491e-06,0.000318032441445,-2.1253637063e-05,-0
2024-08-27,0.000413447309014,0.000587735484868,5.57847935515e-05,5.87694710405e-05,-4.03860590533e-05,0,0.000271211405483,7.44932417749e-05,-0
2024-08-28,-0.00174799936765,-0.000762971904795,-0.000323064736021,-0.000176009468502,-5.04757675635e-05,-4.49486646598e-06,-0.000705003059624,-0.000196604762633,-0
2024-08-29,2.68738568467e-05,0.000412467127639,6.70957822462e-05,-0.000255389785094,-0.000172195241648,-6.75583401145e-05,0.000517909128123,-0.000154718876546,-0
2024-08-30,0.00286829173874,0.000500677392464,0.000134172982794,-0.000471214471399,-0.000344286749153,-0.00015761779053,-0.00071617616685,0.000485309313717,-0
2024-09-03,-0.00622802496617,-0.00267392076793,-0.000758528897234,0.00082921861296,0.000646478617855,9.88684887022e-05,-0.000430440823329,-2.66013152659e-05,-3.56409667758e-06
2024-09-04,-0.000614042482078,-0.000466200098968,-2.27056231796e-05,0.000876836779548,0.000585105001898,0.000132958504934,6.07926500195e-05,0.000141984857219,-0
2024-09-05,-0.000727625466467,2.915270003e-05,0.00013615292451,0.000517771113366,0.00023594165424,3.20647969495e-05,0.000833158417465,-0.00016290502045,-0
2024-09-06,-0.00501848769383,-0.00279277451877,-0.000725468452383,0.000258662633087,0.000143441275561,3.20436808063e-05,-0.000745699951885,-4.72575570515e-05,-0
2024-09-09,0.00331177615533,0.00158500491265,0.000343109897902,0.000301101119211,0.000144771453948,0.000115453168865,0.000424314829702,0.000561540128347,-0
2024-09-10,0.00129405256283,-0.000583078375894,-0.000113594367361,0.00061817316259,0.000431369530636,0.000110107147909,0.000443173510427,0.000731388557337,-0
2024-09-11,0.00305219250567,0.000843009428336,0.000305819739038,-5.9652593714e-05,-7.16918256281e-05,3.2011952352e-05,-0.000160288727395,-9.96842564707e-05,-0
2024-09-12,0.00252202203907,0.00133206993441,0.000327219700381,-0.000178256505262,-0.000163200153931,9.1112691899e-06,0.00176076787758,0.000214284453768,-0
2024-09-13,0.00156785138784,0.000403076804839,0.000224355655733,0.000413479991881,0.00019271417832,0.000167612225359,0.00100829106052,0.000530001117859,-0
2024-09-16,0.000443637395219,0.00117510836055,0.000189858565075,0.000470537160998,0.000262509726444,0.000171372757528,-8.53803594062e-06,0.000170700143216,-0
2024-09-17,0.00012258442082,-0.000714498417318,5.56782778989e-05,-0.000195493716786,-0.000181220953156,-1.79877144461e-05,-0.00056220676708,-0.000355908064658,-0
2024-09-18,-0.000891687787581,-0.000515340295831,-0.000178502351021,-0.000626651193661,-0.00043373490273,-0.000184703603081,-0.000780863330776,-6.20051883158e-05,-0
2024-09-19,0.00513423401904,0.00284500267776,0.0010413607543,1.96301281736e-05,-8.09995911314e-05,0.000149209650446,0.00156748479918,1.03830669301e-05,-0
2024-09-20,-0.000523349545018,-0.00135714841121,-2.88916711397e-05,-0.000175028622994,-3.00153883319e-05,-6.71081298797e-05,0.0012881909422,-0.000200135152207,-0
2024-09-23,0.000756108170448,0.000599399755233,0.000411587327497,-7.78075819201e-05,-6.02042505602e-05,4.47436094098e-06,0.000199372602375,0.000498306994598,-0
2024-09-24,0.000865909748152,0.000911230820048,0.00176460787653,0.000271934431742,0.000110055724557,0.000120647812854,0.00143473238419,7.17689421652e-05,-0
2024-09-25,-0.000665665837822,-0.000934522592065,-0.000529772539327,-0.000753361296642,-0.000397979212464,-0.000186629855511,-0.000143106382048,-0.000336417772687,-0
2024-09-26,0.00119869442558,0.00329806055054,0.00165100757573,3.87841401863e-05,-6.98858411651e-05,-6.246626196e-05,0.000528193480395,-0.000455427875338,-0
2024-09-27,-0.000437555803571,-0.000932535585549,-1.10134685222e-05,0.000558937415563,0.000387176943471,0.000119727404336,-0.000823160296193,6.30770199259e-05,-0
2024-09-30,0.00120856124851,-0.000480898322361,-0.000441004091209,-0.000443770747686,-0.00026834739939,-3.10635966277e-05,-0.000824052846842,0.000390220909207,-0
2024-10-01,-0.00271500690918,-0.0010476267887,0.000397256492192,0.000517207661297,0.000355163430086,0.000161003589238,0.00107306258825,-0.000323753786834,-7.61755344615e-06
2024-10-02,0.000126607091381,-0.000257437282702,0.00103713291568,-0.000414883780261,-0.000285152319906,-4.5172290181e-05,2.03587197726e-05,-0.000175644675594,-0
2024-10-03,-0.000548660487348,-0.00140159355733,-0.000767474652599,-0.000810057751738,-0.000509210204565,-0.000212261869955,-6.9214275117e-05,-0.000454587592048,-0
2024-10-04,0.00273537278323,0.000890963035315,0.000614840078573,-0.00129034347378,-0.000961945894084,-0.000340344331168,-0.000200461168062,-0.000238765166105,-0
2024-10-07,-0.00274268197091,-0.000832457223432,0.000447553791788,-0.000674121312608,-0.000357692033885,-5.43909543798e-05,-0.00033914348335,-0.000435482849782,-0
2024-10-08,0.00285757957983,-0.000230823638634,-0.00151677552881,0.000338709353193,8.21733893209e-05,8.20010617287e-05,-0.000739178847628,9.89990213806e-05,-0
2024-10-09,0.00211051181341,5.76498345643e-05,-0.000344865787309,-0.00051758842974,-0.000369454754058,-9.1026241093e-05,-0.00054153356962,5.20444160642e-05,-0
2024-10-10,-0.000536756828865,-0.000259308698068,0.00010447017404,-0.000119385841548,-1.0247474344e-05,0.00010008430588,0.000725895176283,-0.000437076756694,-0
2024-10-11,0.00183419501262,0.00074943542775,0.000355339576732,5.97187387342e-05,3.07810955338e-05,4.55651268423e-06,0.00108725713612,0.000551795446856,-0
2024-10-14,0.0025083914556,0.000315577081421,-0.000239263015813,-0.000178322899217,-0.000173648569227,-4.98402190093e-05,-0.000163348816582,0.000295338234583,-0
2024-10-15,-0.00239700184056,-0.00211818471336,-0.000996344746097,0.000790797422033,0.000499398055381,5.42462496263e-05,0.00034631611171,0.000594488182766,-0
2024-10-16,0.00133479459683,0.000574342229708,0.000458141159628,0.000257830795603,0.000153338928468,9.07154427786e-06,0.000502765507173,0.000549738261671,-0
2024-10-17,2.63914695907e-05,-5.71960078699e-05,-0.000155581515139,-0.000968142610205,-0.000509255669719,-0.000149063459317,0.00060264603578,-0.000397807278683,-0
2024-10-18,0.00118388569652,0.000830944361907,0.000602562216256,0.000138498496945,0.000112217869964,8.14366087828e-05,0.00107671336247,0.000372572195352,-0
2024-10-21,-0.000505171563366,-0.00168316359799,-0.000351683032956,-0.00135954353515,-0.00075162084276,-0.000355835100236,-2.03042330079e-05,-0.000984030350522,-0
2024-10-22,-0.000164153089929,-0.000746200404023,-6.24385237457e-05,3.96406373128e-05,-9.19783648683e-05,6.79783460637e-05,0.00110707380545,7.25609144765e-05,-0
2024-10-23,-0.00282088172367,-0.00140596831528,-0.000312110590916,-0.00049546320172,-0.000224754181921,-0.000122333805683,-0.00124977870652,0.000362736672884,-0
2024-10-24,0.00066572886261,0.000519733529307,-5.23444582729e-05,0.00037892670121,0.000215902193996,5.01416312862e-05,0.0007932354274,0.000109516472128,-0
2024-10-25,-0.000106235807559,-0.000460766983499,-4.17627629842e-05,-0.000397817592853,-0.000215324942201,-0.000131851015945,0.000213150916069,-0.000473272554781,-0
2024-10-28,0.000952385657257,0.00106725699281,0.000156862465909,-0.000318781687875,-0.000225948799122,-9.5632146524e-05,4.10339312647e-06,0.000156276837206,-0
2024-10-29,0.000499231920551,-0.000489539633215,-0.000187932153233,0.000218828173705,4.10335312781e-05,7.2744332331e-05,0.00113123754024,-0.000358825824814,-0
2024-10-30,-0.000933921608366,-0.000719220692704,-0.000354641184584,-0.0001987415571,-0.000143425285613,9.53817814707e-05,0.00057738237632,0.000218206230078,-0
2024-10-31,-0.00604199645497,-0.00103717006642,-0.000104469040649,-3.97768143022e-05,-5.12685682484e-05,-5.45771171171e-05,-0.00163625454609,-0.000842893978758,-0
2024-11-01,0.0012879414397,0.000320037570579,1.05542151607e-05,-0.000786309491092,-0.000579863372705,-0.000211965206881,-0.000430713687541,-0.000546482427379,-1.13913213692e-05
2024-11-04,-0.000646164919186,0.000209128606643,0.000161009769057,0.000839177589791,0.000533802709662,8.3522914497e-05,0.000142591440017,0.000547733597263,-0
2024-11-05,0.003612938883,0.0015804163214,0.00072856555375,0.000469817186918,5.32946023077e-05,4.63145514334e-05,0.000225344679264,0.000669993929637,-0
2024-11-06,0.00746445376369,-0.00192400144682,-0.00047860499892,-0.00156142821831,-0.00102605769482,-7.81491267005e-05,-0.00302184959386,-0.00108008991511,-0
2024-11-07,0.00238292695882,0.00225343992071,0.0010866907378,0.00150320683361,0.000794678115978,0.000184198922515,0.00155281769701,0.000596931995431,-0
2024-11-08,0.00133143848409,-0.00196624732017,-0.00125480887143,0.000341817571606,0.000209761262697,0.000136737067454,-0.000657556650255,0.000743788584265,-0
2024-11-11,0.00029448488402,-5.87644360507e-05,-0.000285018275812,-0.000442852776873,-0.000272977658554,-0.000164263164627,-0.00226703295672,-0.000253483764758,-0
2024-11-12,-0.000964306308101,-0.00241744421449,-0.000836841212144,-0.00115126742272,-0.000621571769522,-0.000261004346885,-0.000816922192222,-0.000699508813529,-0
2024-11-13,0.000151551804109,-0.000831929872581,-0.000256215718881,-4.06937024434e-05,-6.37300068633e-05,-9.22864424914e-05,-0.000953317041121,0.000277725125265,-0
2024-11-14,-0.00201009057568,0.000119050458853,-0.000299475125215,-8.15852439183e-05,-1.06190661892e-05,-9.24953461431e-06,-0.000244685132365,-0.000454789833519,-0
2024-11-15,-0.00399014864143,-0.000417963031382,-9.65400303402e-05,2.04701339655e-05,4.26913733333e-05,1.39045334908e-05,-0.000166248270357,2.6830791909e-05,-0
2024-11-18,0.0012658695812,0.000989735949125,0.000409498542052,0.000184958071842,0.000225056733558,0.000121119896715,0.00178941148155,0.000366598656062,-0
2024-11-19,0.00112789727695,-0.00017901151868,7.50406536414e-05,0.000286094870089,0.000213198236861,7.87628259529e-05,0.000854346293351,0.000246675940364,-0
2024-11-20,0.000104644678445,-0.000416507400193,-1.06948899289e-05,-0.000203759461379,-0.000148842575312,-2.30979671464e-05,0.000540413457116,-6.41855822178e-05,-0
2024-11-21,0.00165893584666,0.000357077030547,-0.000171082942167,-0.000101969474341,-5.31523921869e-05,-6.47197223502e-05,0.000804888197842,0.000374447660488,-0
2024-11-22,0.000960297511827,0.000652860468912,1.06673492674e-05,0.000142277715052,6.3599268581e-05,3.6885746814e-05,0.00125116172789,0.000384060288127,-0
2024-11-25,0.00105033877894,0.000709755448582,2.12516799542e-05,0.0017828784675,0.00106735973191,0.000270981500089,-0.00288567237317,0.000712292122134,-0
2024-11-26,0.00161816150104,-0.000884752748703,-0.00025432178355,-0.000303094517366,-0.000210778038163,-0.000114500545576,0.000183774183346,0.000206749379976,-0
2024-11-27,-0.000943654019414,0.000766603167457,0.000180104175486,0.000545362076684,0.00040039986578,0.000155690839161,0.000211096674717,0.000333884784293,-0
2024-11-29,0.00192560644724,0.00176612974958,0.000222106722424,0.000786488557341,0.000420734437643,0.000141725265899,0.000819563084596,-0.000232808613837,-0
2024-12-02,0.000555815575649,0.000146336357865,0.000241850107607,2.41739132319e-05,-8.39514018641e-06,-2.73185021751e-05,-0.000834198087657,-0.000752231052607,-1.17576900308e-05
2024-12-03,0.000139187879327,0.000625617147558,0.000207421350867,-0.000384276470669,-0.000284536366546,2.30339043847e-05,0.00020127761644,-0.000253283750837,-0
2024-12-04,0.00186317868179,2.97739422797e-05,7.63962676676e-05,0.000646941971655,0.000379269102436,0.000142810961501,0.000303895191171,-0.000134355459968,-0
2024-12-05,-0.00049523633974,0.000682746962555,0.000326343121167,4.03057289093e-05,-1.05026684933e-05,-5.96961028449e-05,-0.000740854011651,-0.00011845843851,-0
2024-12-06,0.000569727908247,-0.000207868489837,2.17649624545e-05,0.000564409395322,0.000315155340437,4.13375212505e-05,3.68504273935e-05,-7.21360850693e-05,-0
2024-12-09,-0.00154864586292,-0.000355887413248,0.00122811772037,-0.000583812290046,-0.00034620993833,-9.17509652335e-05,0.000985563291462,0.000138932647248,-0
2024-12-10,-0.000930679207743,-0.00109798941298,-0.000956962714471,-0.000241740675735,-0.000178479790611,-1.83532184993e-05,0.00132165464841,-0.000715696144256,-0
2024-12-11,0.00231346426113,0.00107131834254,8.72452795983e-05,-0.000464594679193,-0.000294742743037,-7.36504710373e-05,0.000972505271501,-0.000113598144865,-0
2024-12-12,-0.00154846667767,-0.0014531317459,-0.00030428092767,-0.000805218810606,-0.000377653653116,-0.000160536621858,-0.00150478337153,-7.71811791136e-05,-0
2024-12-13,-5.97481126937e-05,-0.000387941129221,2.18671687466e-05,-0.000749490230872,-0.000464486295547,-0.000138466711694,-0.00123030242507,-0.000139798939672,-0
2024-12-16,0.00128842324674,-0.000628651500624,-0.000263279019775,0.000182841865222,3.17655994168e-05,-5.55578260939e-05,0.000243539784186,-0.000171405491752,-0
2024-12-17,-0.00124772378195,-0.000358990263446,-0.00012059790913,0,0,-2.77709491572e-05,-0.000387762529383,-0.000233588920766,-0
2024-12-18,-0.00901000308522,-0.00368858526174,-0.00117584328012,-0.00151941156302,-0.000768438210135,-0.000315862720189,-0.00193515941864,-0.00199802434086,-0
2024-12-19,-9.19394626208e-05,-0.000367368138862,0.00021314788295,-0.000521160940898,-0.000456324298936,-0.00020391171594,0.000143522547357,-0.000733009732542,-0
2024-12-20,0.00360240853949,-5.29204005294e-05,0.00028320173136,0.000543090540527,0.000370129564572,9.9769640244e-05,0.00105740969669,0.000787706788761,-0
2024-12-23,0.00180556427962,0.000865966013631,0.000217278650919,-0.000622481973804,-0.000443400256705,-6.60723106132e-05,-0.000478973847185,0.000184700922511,-0
2024-12-24,0.00336648711111,0.000586787096635,0.000205541363537,0.000227898191618,5.40193906792e-05,0.000113114594777,0.000201376981461,0.000314495409085,-0
2024-12-26,2.02461387217e-05,0.000583815013194,-0.000124981484195,0.000144354364724,7.52211104546e-05,0,0.000680401357188,0.000127284596557,-0
2024-12-27,-0.00320273791373,-0.000368181618334,-0.000181501985709,-0.000411738931908,-0.000257495529749,-0.000126423509425,-0.000696053346077,-0.000476601475197,-0
2024-12-30,-0.00345536339348,-0.000925682395603,-0.000444975380152,0.000786784755736,0.00058266757199,0.000145987792355,-0.000322774121806,-0.000234336047307,-0
2024-12-31,-0.00109319363949,3.09421493883e-05,-8.0179443454e-05,-0.000249449872772,-0.000184131496669,-6.14595100558e-05,0.000631231135431,0.000411690145657,-0
2025-01-02,-0.000736090038365,-0.000309951360066,-0.000137526442619,2.08168632043e-05,5.41989507378e-05,7.5681233613e-05,0.00138532110845,-0.00042263699691,-5.97650024557e-06
2025-01-03,0.00375101113061,0.000880132708942,0.000250453326123,-0.000206413571785,-0.000162212630413,-0.000103082305973,-0.000786403997303,0.000656925737368,-0
2025-01-06,0.00174233692943,0.00147107373944,-1.1341198224e-05,-0.000205449774221,-9.68529878029e-05,0,-0.000121719660585,-0.000648483266565,-0
2025-01-07,-0.0034313223656,-0.000499710973748,-0.000316722853902,-0.000697195760879,-0.000451163379565,-7.91407577847e-05,0.000554664288224,-0.000472672785633,-0
2025-01-08,0.00044083592619,-0.000188414003851,-0.000318444764571,0.000226796371946,0.00017281843613,0.000131061926383,0.00052918090119,0.000130126520807,-0
2025-01-10,-0.00460847544554,-0.00225841716097,-0.000863376474972,-0.0011120604464,-0.000722804726048,-0.000177679063536,0.000955522513015,-0.00120936086974,-0
2025-01-13,0.000465517090356,-0.000411891641918,-0.000355726977388,-0.000187285813779,-0.00017434971066,0,-0.00101445418501,0.000599364922936,-0
2025-01-14,0.000414204057905,0.000570911881885,0.00058584614212,6.2484673327e-05,3.27130733877e-05,1.89157730351e-05,0.000530385327658,0.000451446828488,-0
2025-01-15,0.00546876938964,0.00186637151801,0.000515563802822,0.00172385574702,0.00104443372636,0.000348939779673,0.000758613437238,0.000284958156117,-0
2025-01-16,-0.000581780809249,0.000500152063813,-2.26435673451e-05,0.00043095104816,0.000236538011949,6.52320982811e-05,0.000696932431822,0.00102494565739,-0
2025-01-17,0.00302396435998,0.000748413036071,0.000406592926744,0,7.50884051701e-05,1.85978365439e-05,-0.000537643775654,-3.37038432617e-05,-0
2025-01-21,0.00277436874636,0.00292055527701,0.000461361466295,0.000652783970111,0.000331247021532,3.70509435957e-05,0.00155462363585,0.000940405570625,-0
2025-01-22,0.00170292201592,-0.000338480676561,-4.45831072501e-05,-0.000464698939325,-0.000253996213481,-5.50477539361e-05,0.000518557218161,-0.000881505403379,-0
2025-01-23,0.00166247592745,0.00104607378049,0.000189430344095,-0.00032317299555,-0.00025396697667,4.5861606258e-05,-0.00014356966842,0.000365837396376,-0
2025-01-24,-0.00089170941249,0.000859237170089,0.000266741520684,0.000322338471107,0.000200549851352,8.69213784333e-05,0.000628504428845,0.000171388790671,-0
2025-01-27,-0.00430114316137,-0.000275737494728,-0.000798898067933,0.00108618700385,0.000632191206802,0.000205508321419,-0.00105638276668,0.000667874238279,-0
2025-01-28,0.00258564197495,-0.000153784874121,0.000278465491716,-6.05708554929e-05,1.05962835452e-05,3.20815532288e-05,0.000873080348667,-0.000615045958096,-0
2025-01-29,-0.0013566361961,0,3.33158076645e-05,-0.000120801802939,-0.000116009574657,-5.9412754894e-05,-0.000389544734976,-0.000662944145676,-0
2025-01-30,0.00162122348773,0.001660317163,0.000757223904321,0.0002826480716,0.000211471205356,5.03980949386e-05,0.00153445747025,0.000631494675562,-0
2025-01-31,-0.00160529735441,-0.00146593131419,-0.000464561809932,-0.000401066633212,-0.000157535840956,3.64307584054e-05,0.000201907449687,-0.000110046995436,-0
2025-02-03,-0.00202721242057,-0.00190104194513,-0.000288730810727,0.000185839690393,6.98173564302e-05,0.000114262583738,0.000548504702313,-0.000104957552645,-5.71178979804e-06
2025-02-04,0.00201254221036,0.00182479888451,0.000804257702142,0.000370482868376,0.000247864884343,8.31363111134e-05,0.000984841707529,3.87310930399e-05,-0
2025-02-05,0.00121668874022,0.00145063492092,-0.000225114782125,0.00106355727724,0.000578274550855,0.000220284297439,0.000623102577867,0.000698295871887,-0
2025-02-06,0.00104140671783,0.000631103118858,0.000235053713827,-0.000203421757195,-0.000117138165033,-8.66987548643e-05,-0.000266096941111,0.00012575890128,-0
2025-02-07,-0.00274847199269,-0.00120047712242,2.23573416116e-05,-0.000629616911928,-0.00032968089783,-0.000132173465231,0.000178419792442,-0.000163811346958,-0
2025-02-10,0.00203069329664,0.000965211087797,0.000505529973069,6.12617546775e-05,-2.13632241939e-05,2.29071217433e-05,0.00170541513449,-2.19465719002e-05,-0
2025-02-11,0.000227741472959,0.000600077852013,-0.000212344053829,-0.000446720045059,-0.000255176171008,-1.3682198284e-05,-0.000371934786691,0.000218364557829,-0
2025-02-12,-0.000965781328436,0.000300132994154,0.00024592634186,-0.00103587867774,-0.000680616484716,-0.00029623501738,0.000106295700932,-0.000464136859704,-0
2025-02-13,0.00316358973154,0.00198635570347,0.000269021928826,0.00118133717659,0.000735855748487,0.000274218010529,0.00100501925226,0.000498287997651,-0
2025-02-14,-1.47628276913e-05,5.96651793366e-05,0.000311037459931,0.000726598304741,0.000412151305564,9.05767828123e-05,-0.00151655384692,-0.000227907834953,-0
2025-02-18,0.000881040023624,0.00104401570436,0.000244412988921,-0.000787266637798,-0.000528495152812,-0.00015853923199,0.00166395302726,0.00022251804076,-0
2025-02-19,0.000707056357214,-0.00133886133431,-0.000144051978573,0.000281845893762,0.000158159161235,9.94088541937e-05,5.64489609813e-05,3.78891827202e-05,-0
2025-02-20,-0.00125213913976,0.000595116927905,0.000543060109515,0.000302092182189,0.000200316498328,9.94082216473e-05,5.26893559858e-05,0.000238210824535,-0
2025-02-21,-0.005122309868,-0.00110012440939,-6.64425640157e-05,0.000845163822726,0.000579490854305,9.93308672397e-05,-9.40255789947e-05,-0.000492276922816,-0
2025-02-24,-0.00134667786068,-0.000149478154734,-0.000790513709666,0.000343864990596,0.000211841180234,0.000108951677615,0.000555845299518,0.00019579947493,-0
2025-02-25,-0.00146632987433,0.00110703040422,-2.22889967586e-05,0.00123518314776,0.000784554701622,0.000209002559424,-0.00135865254868,0.000615113756127,-0
2025-02-26,0.000147935347218,0.000239097598059,0.000489782297723,0.000323589632952,0.000275364916684,4.08441477793e-05,0.000154996934636,-0.000212067946375,-0
2025-02-27,-0.00467339911804,-0.00182044579313,-0.000900320666962,-0.000302951960217,-0.000116348957643,-5.89156424409e-05,-0.00154769887661,0.000200901716415,-0
2025-02-28,0.00453797180103,0.000120503344397,-0.000639454067475,0.000896942423476,0.000555009497783,0.000347631369304,-0.000632460517734,0.000432928721557,-0
2025-03-03,-0.00514521663208,0.00113818819108,-0.000479704329841,0.000435134844304,0.000367239188969,0.000136453219392,0.00131468134087,0.000239781861832,-1.13524317314e-05
2025-03-04,-0.00355105131997,-0.000408156801351,0.000428893271204,-0.000504248274503,-0.000314502540844,-0.000176247715803,0.000869763593446,-0.000577695779651,-0
2025-03-05,0.00319974330244,0.00354269527608,0.0015075081012,-0.000688680550974,-0.000557975546524,-0.000254146859618,0.000210833869832,0.00055353553739,-0
2025-03-06,-0.00530164706793,-0.00142395219193,-0.000270003100107,-0.000201056021029,-5.22261674808e-05,-2.25206217684e-05,-0.00051194391599,-0.00127843980942,-0
2025-03-07,0.00165930654555,0.00161294115935,0.000215715900737,-0.000243450450414,-0.000126543784781,-8.1833453307e-05,5.2799555426e-05,0.000293212708765,-0
2025-03-10,-0.00790287079076,-0.00353649324817,-0.00116542467612,0.000950326223029,0.000693602165024,0.000221993282418,-0.000883200714644,-0.000472871992939,-0
2025-03-11,-0.00243011241618,-0.00041418119834,0.000366512033284,-0.000716360722467,-0.000361678221654,-0.000137571070847,0.00118694098407,-0.000575468207461,-0
2025-03-12,0.00154315418721,0.00112768322187,0.00018381575759,-0.00059538716055,-0.000298802992648,-5.98094440641e-05,0.000446473057839,-0.000151061765876,-0
2025-03-13,-0.0038885417429,-0.00115482551367,-0.000160484092679,0.000614574435051,0.000404616176091,7.34537818606e-05,0.00182770432529,-0.000958173647794,-0
2025-03-14,0.005964360654,0.00291134347705,0.000931562658362,-0.000411071044705,-0.00035249897407,-0.000119737426073,4.20153534955e-05,0.00095589034799,-0
2025-03-17,0.00225029445251,0.00182377224223,0.000717422514709,0.000264552949624,8.45981138913e-05,1.3676973723e-05,0.000563608736641,0.000823513663741,-0
2025-03-18,-0.00315772030666,-0.000204586037827,-0.000135758725766,0.000202193624083,0.000115617601513,5.43597511645e-05,0.00121381817528,-0.000255004802068,-0
2025-03-19,0.00315426489807,0.000702949548337,7.93660675755e-05,0.000587580628276,0.000305388115232,0.000254233482698,0.000433103255081,5.85642502734e-05,-0
2025-03-20,-0.0008419925121,-0.00119415245719,-0.000473569435484,0.000120885896255,0.000146603701575,4.51575230818e-05,-0.000134823649649,-3.1775264289e-05,-0
2025-03-21,9.60146577259e-05,-0.000844714106499,-0.000240979190887,-0.000242361026624,-8.39622897088e-05,-5.88423890001e-05,-0.00084843643089,-0.000536036202416,-0
2025-03-24,0.00522768768905,0.000205875280982,0.00015882448143,-0.000769597412124,-0.000578966076189,-0.000127056487054,-0.000466796154845,0.000739754277444,-0
2025-03-25,0.000711112714101,0.00081990197922,-5.64776575854e-05,0.000181489375697,0.000167695792497,8.13245601042e-05,0.000457263997654,-0.00054494882282,-0
2025-03-26,-0.00353388938151,-0.00184143290317,-0.000315691382679,-0.000483061000202,-0.000230147506233,-6.3137691599e-05,-8.60531495243e-05,0.000187023672795,-0
2025-03-27,-0.000781632010424,0.000176503218534,0.000340409530622,-0.000101267423129,-8.42619490581e-05,0.000104388946805,0.00140443623907,-0.000123689961511,-0
2025-03-28,-0.00590650568951,-0.00173395309983,-0.000884251494402,0.00115353809749,0.000799442084743,0.000253942616851,0.000786197421102,-6.44717318514e-05,-0
2025-03-31,0.00194003804589,-0.001211718867,-5.70068900703e-05,0.000386709641254,0.00029621363401,0.00020063668514,0.00154342395451,0.000448442605218,-0
2025-04-01,0.000818859124656,0.000530088619057,0.000170402843409,0.000742621069937,0.000353178779139,3.1553062222e-05,-0.000214865202143,2.15380343934e-05,-1.15017884165e-05
2025-04-02,0.00189852521274,0.000411695362459,4.40452853095e-05,-0.000222306849747,-9.4364892224e-05,-7.69565156382e-05,0.000205166158801,0.000303596163054,-0
2025-04-03,-0.0148411657076,-0.00313870232459,-0.000900652307267,0.00104836389696,0.0010247401889,0.000311585863175,-0.000603576187581,-0.00171248529062,-0
2025-04-04,-0.0170829904707,-0.00947701516394,-0.00279857035414,0.000184889289447,0.000287751262257,-0.0001702841546,-0.00236869206244,-0.00214376728559,-0
2025-04-07,-0.000506325502706,-0.00315530897943,-0.00196912306485,-0.00267880673986,-0.00126812411814,-0.000633376321017,-0.00219855427762,-0.00128332458033,-0
2025-04-08,-0.00450610882203,-0.000752715940449,-0.000634168279687,-0.00109932868422,-0.000536628029703,-0.000130368568014,0.000552639841036,-0.00129524796695,-0
2025-04-09,0.0299923328349,0.0107856849744,0.00307927794552,0.000478216590581,-0.000338237758736,0.000111994222225,0.00380769071652,0.00282620647447,-0
2025-04-10,-0.0131606282138,-0.00291992113378,-0.000619930711839,-0.001593036781,-0.000633095709624,-0.000602441545297,0.00248113548322,-0.00109058049593,-0
2025-04-11,0.0052187397847,0.0040468872935,0.00133164294322,-0.000210696999219,-0.000579223009049,1.88845810107e-05,0.00202302173075,0.000581251031314,-0
2025-04-14,0.00285273005433,0.00172605629637,0.000453553063927,0.00118630839716,0.000809588107809,0.000242417247949,-0.00060876042903,0.000983405089896,-0
2025-04-15,-0.000825299506776,0.00102177389144,1.12465991509e-05,0.000413045458521,0.000299929426827,-4.62873717688e-06,0.000550836570989,0.000146670014985,-0
2025-04-16,-0.00652059302692,-0.00033003121046,-0.000617902302364,0.000639271755094,0.000438502053957,0.000138567200064,0.00343809737926,-3.37976458074e-05,-0
2025-04-17,0.00041039442244,0.00162480861032,0.00038306698009,-0.000516984958931,-0.000289586335624,0.000115801832448,-0.000480361955833,0.000722975375257,-0
2025-04-21,-0.00684309646699,-0.00072070800168,5.62274275457e-05,-0.00121777311776,-0.000545943014347,-0.000258885469411,0.00336300985138,-0.00102032271322,-0
2025-04-22,0.00735471538485,0.00299451351848,0.000770158642621,0.000374211661867,7.54876370005e-05,0.000186259611318,-0.00160247013108,0.000936867902289,-0
2025-04-23,0.00444499465497,0.000448731670161,0.000481671322725,0.000493470805005,0.000106619716672,0.000147373356228,-0.002639122134,8.98451040426e-05,-0
2025-04-24,0.00610972314309,0.00196741945704,0.0006250642886,0.00110630172714,0.000541944636746,0.000266156535499,0.00155810071276,0.000179072941063,-0
2025-04-25,0.00211529021651,0.000353344265732,-0.000165385271013,0.000728561647685,0.000377839442563,2.26692291267e-05,-0.00116301580821,-8.29179260168e-05,-0
2025-04-28,0.000112128183608,0.00105772021275,0.00013202476381,0.00054526595368,0.000398008906689,0.000171881651191,0.00150792760431,0.000297829270302,-0
2025-04-29,0.00184642909927,0.000468124964736,0.000175275558096,0.000482583033514,0.000344155918612,8.55739596495e-05,-0.00104142730813,0.000258130998184,-0
2025-04-30,0.000116699490921,-0.000233456896468,0.000109267532544,-0.00018051828178,0.000156028195456,5.83972857415e-05,-0.000790245981274,0.000169808705841,-0
2025-05-01,0.00208688083281,-0.00064236489622,-2.18673557164e-05,-0.000541567913692,-0.000435442949172,-0.000169376190738,-0.00217877528669,0.000158950435303,-6.87485241891e-06
2025-05-02,0.00445326699459,0.00273505044808,0.00133761358317,-0.000975334013105,-0.000671282039009,-0.00026001617384,0.000174819991323,0.000614983327882,-0
2025-05-05,-0.00173299617132,0.000282790329576,0.000406012529976,-0.000342873325588,-0.000177001962301,-4.98086179891e-05,0.00296999198439,-0.00011200875345,-0
2025-05-06,-0.00250838212976,-2.82405339238e-05,-0.000252078154677,0.000483462643509,0.000249590901275,0.000149240183358,0.00286631789662,-0.000385958164071,-0
2025-05-07,0.00125087911883,-0.000536351920877,-0.000635292538429,0.000301974570219,0.000259796345989,4.97254915888e-05,-0.00157557308163,5.5902702415e-05,-0
2025-05-08,0.00208277110788,-0.000508537937782,-8.77040123411e-05,-0.00102765316999,-0.000769686825181,-0.000176426472379,-0.0020402699428,-0.00019582629922,-0
2025-05-09,-0.000384561694169,0.000991528387928,0.000362747529883,0.000202115159786,7.30011264654e-05,4.53680404196e-05,0.000738773812661,0.000331013683336,-0
2025-05-12,0.00993865818196,0.000734836482818,0.0011405264672,-0.000665193238268,-0.000624296261148,-0.00038465463273,-0.00288478185499,0.000246266115213,-0
2025-05-13,0.00203639092893,0.000252474726291,8.70789310347e-05,-0.000200073378994,-7.23036536245e-05,0.000116782691048,0.000420389150474,-0.00063331736609,-0
2025-05-14,0.000395889470381,-0.000615926490011,0.000423656655231,-0.000559057354123,-0.000360752450526,-4.93118618922e-05,-0.00208123108871,-0.000482354039792,-0
2025-05-15,0.00152006559778,0.00160114088927,-8.71904689437e-05,0.00110182681422,0.000630828195314,0.000139426386629,0.00155122210989,0.000890053578748,-0
2025-05-16,0.00196638616881,0.000334618448826,5.40955114163e-05,0.000119275582759,3.08246485909e-05,8.48267080951e-05,-0.00118454834866,0.000612965288401,-0
2025-05-19,0.000341070502267,0.00122447016071,0.000215963159332,-5.94936237278e-05,-5.12571591199e-05,4.45443402626e-06,0.0012445548113,1.10282237522e-05,-0
2025-05-20,-0.00104638597003,0.000721433670164,-0.000107657563441,-0.000336427609681,-0.000122550623598,-7.10734373312e-05,0.00181716725484,-0.000291240884703,-0
2025-05-21,-0.00522366374623,-0.000831958238807,-0.000129135818629,-0.00126581921413,-0.000663651410252,-0.000261978563516,0.000733010780899,-0.00131257036842,-0
2025-05-22,0.000121389141255,-0.000167888619963,-0.000119438164785,0.000558780252638,0.000360581946771,0.000143365140351,-0.000894824968263,-0.000221666059648,-0
2025-05-23,-0.00210038229439,0.000531782626357,0.000217203360551,0.000279499867416,0.000278187074756,4.48109991514e-05,0.00219295512453,4.98873893745e-05,-0
2025-05-27,0.00634438702548,0.00215189957312,-0.000184344039473,0.000876993658897,0.000401286278016,0.000138723859803,-0.00173129742465,0.00084124950555,-0
2025-05-28,-0.00178635069033,-0.00141279442722,-0.000311717268194,-0.000355606484088,-0.000265174801759,-0.000110885697325,-0.000225549146348,-4.93765373781e-05,-0
2025-05-29,0.00121723825488,0.000612194662264,0.000226750779903,0.000714440420665,0.000399558969338,0.000138118052008,0.000591053060939,0.00044087153784,-0
2025-05-30,-0.000344704967179,0.000193974407595,-0.000591304895735,0.000474272549534,0.000285607575044,0.000159706983513,-0.00065715471337,0,-0
2025-06-02,0.00173524862832,0.00177411453231,0.000354959097106,-0.000509805522307,-0.000327644394426,-0.00016329963712,0.00263972278687,6.58769864652e-05,-1.51599682516e-05
2025-06-03,0.00171080707697,-0.00109390997032,0.000116196409995,-0.000143520559151,-9.58135550345e-05,-4.60129976617e-05,-0.000885555121351,-0.000100621899112,-0
2025-06-04,-8.10694834002e-05,0.000774157770676,0.000496782338459,0.00119009402699,0.000734917813752,0.000193382436976,0.000638836653346,0.000139830433641,-0
2025-06-05,-0.00145259134671,0,0.000126323449189,-0.000510865471668,-0.000297012408618,-0.000146744914675,-0.000501960154505,-3.89949576908e-05,-0
2025-06-06,0.0030803297288,0.000479915960698,0.000221692653698,-0.00102470472201,-0.000797822109318,-0.000266720414249,-0.0013305839125,0.000240218957623,-0
2025-06-09,0.000272929952717,5.32930707231e-05,0.0003692570385,0.000245742198694,0.000180729793992,6.89379582092e-05,0.000461420122903,6.6987013689e-05,-0
2025-06-10,0.00171567466386,0.000345794584459,0.000379153820182,0.000449872011558,0.000169809691683,2.29386470648e-05,2.87880401423e-05,0.000429161579257,-0
2025-06-11,-0.000864887797451,-2.64911659576e-05,0.000167923223629,0.000672361247123,0.000412445244708,8.22906787422e-05,0.000529128439047,-0.000272134642934,-0
2025-06-12,0.00120094109234,0.00116544651603,1.0481923461e-05,0.000732965493869,0.000433295098177,0.000141635466869,0.00121996843598,0.000244191053331,-0
2025-06-13,-0.00337437456912,-0.00181828842813,-0.000772103470053,-0.000708951363189,-0.000367992948434,-7.2728533643e-05,0.00129610560631,-0.000485889259094,-0
2025-06-16,0.00285751149107,0.000742545982767,0.000472507662832,-0.00040769457582,-0.000285681030007,-6.86139562204e-05,-0.00143827359736,3.89004827267e-05,-0
2025-06-17,-0.00258593102696,-0.00187926162998,-0.000576407733805,0.000610326200015,0.000485778589824,0.000260223167633,5.0928949254e-05,-0.000177464695779,-0
2025-06-18,-4.53794925426e-05,0.000398553262519,-0.000136766453191,0.000142988871862,6.36126527139e-05,3.66630766352e-05,-0.000536785520047,0.000172575910926,-0
2025-06-20,-0.000707145771189,-0.00120238391028,-0.000475782003762,0.00018377599073,6.35810256082e-05,8.70683409683e-05,-4.15347509895e-05,-3.34038190277e-05,-0
2025-06-23,0.00297353150667,0.00112710413394,0.000412307607874,0.000409305020101,0.000350551590801,4.13280347926e-05,0.00030415250538,0.000753083503947,-0
2025-06-24,0.00333725922926,0.00194660651007,0.00109253980677,0.000813427398239,0.000348315274424,6.3880227961e-05,-0.00155569817747,0.000133034302125,-0
2025-06-25,0.000170031725023,-0.000742070572695,0.000125288084645,-2.02140475462e-05,4.19663627818e-05,2.72106711129e-05,0.000294050562945,-0.00121198138759,-0
2025-06-26,0.00237936571356,0.00161876608457,0.000344988975314,0.00054635176817,0.000357133388491,0.000145314772618,-0.000107643673864,-4.56815594007e-05,-0
2025-06-27,0.00151488298903,0.000923962173638,-5.19966793319e-05,-0.000563655964902,-0.000261237260083,-6.32439037926e-05,-0.00175113536412,0.000121916505604,-0
2025-06-30,0.00146522549821,0.000475219120974,7.28121954618e-05,0.000805334851618,0.000397126753059,0.000126497039037,0.00113712246576,0.000315904333838,-0
2025-07-01,-9.92039017785e-05,-0.000105094524048,0.00020702926789,-0.000182906911031,-0.000184680987251,-2.70619997309e-05,0.000852694239645,0.000358518172509,-7.47163464033e-06
2025-07-02,0.00136005158713,0.000473926251663,0.000140957194756,-0.000242933340933,-0.000209903532479,-2.28180375213e-05,0.000552759640548,0.000117043766108,-0
2025-07-03,0.00236997658678,0.000183914935411,0.00022102980813,-0.000404012564555,-0.000345522424992,-8.64814073845e-05,-0.000684577664279,5.56144942349e-05,-0
2025-07-07,-0.00225560362408,-0.00186292499827,-0.000591980030181,-0.000706109178041,-0.000313746062957,-6.36586006482e-05,7.45187758051e-05,-0.000427675820793,-0
2025-07-08,-0.000165560883194,0.00108242527191,0.000191812138399,-8.12284937966e-05,-0.000147331673941,-4.11654898516e-05,-0.00104654175045,-7.26463897443e-05,-0
2025-07-09,0.00181221694397,0.00102992279638,-1.00954957343e-05,0.000832560801313,0.000515754815214,0.000187605057262,0.000443515329761,3.91351265959e-05,-0
2025-07-10,0.000853221905194,0.000105101983622,5.02495795729e-05,-6.06321298688e-05,-5.23527613577e-05,-1.36630749882e-05,0.000220697100455,0.000311529685581,-0
2025-07-11,-0.00106502127921,-0.00125966993182,-7.02477055769e-05,-0.000827290910748,-0.000460261522079,-8.18444335197e-05,0.000952811232762,5.55969418494e-06,-0
2025-07-14,0.000577738925214,0.000184216619164,6.03806204258e-05,-2.02876494621e-05,-4.19558744616e-05,3.19104275293e-05,-0.000367248326487,0.000323106890939,-0
2025-07-15,-0.00129527971265,-0.00149896557673,0.000362024818967,-0.000586410109777,-0.000387799717505,-0.000132125584315,-0.000415685035175,-0.000740369590142,-0
2025-07-16,0.00101378640008,0.000713393052685,0.000232379636207,0.000284420271049,0.000273798962503,0.000169379280932,0.000499217226472,0.000469805762066,-0
2025-07-17,0.00185509746926,0.00034222660079,0.00031207597773,8.10132910404e-05,-3.14619073956e-05,4.56103319145e-05,-0.000217819632973,-5.57260451429e-05,-0
2025-07-18,-0.00022285412353,-0.000341430720289,-6.02587907181e-05,0.000363436635854,0.000272175510806,5.4607304645e-05,0.000259479034432,0.00010563769712,-0
2025-07-21,0.000576324947478,0.000971345114573,0.000261015547889,0.000545017348601,0.000345286723879,0.000127365828829,0.00153671291935,0.000205613839956,-0
2025-07-22,4.33648074855e-05,0.000705601879134,9.99053867825e-06,0.000381806164004,0.000281226296114,4.52778063842e-05,0.000958500378225,0.000857456438875,-0
2025-07-23,0.0025707813853,0.00317785449707,0.000468155437402,-0.000440587965872,-0.000352971134898,-0.000194064316753,-0.00126095522299,9.92497273326e-05,-0
2025-07-24,0.000100454739465,-0.00106363950105,-0.000248011568085,-0.000119672132065,-0.00014476641134,3.59625043661e-05,-0.000611904175157,-0.000175724798119,-0
2025-07-25,0.00128544479067,-0.000182008350594,-0.000139190115639,0.000319843406136,0.000227974175713,4.50435335476e-05,-0.000921507253264,5.49939621456e-06,-0
2025-07-28,-7.66840672265e-05,-0.00223458669605,-0.000397451849736,-0.000259723295817,-0.000217465880912,-6.30263267536e-05,-0.000638543088406,-0.000808539618123,-0
2025-07-29,-0.000809071081158,-5.22128003899e-05,2.99560905138e-05,0.00106385545927,0.00064512299443,0.000266874522189,0.000270807641961,0.000801302010025,-0
2025-07-30,-0.000384407084649,-0.00112009749727,-0.000408401963167,-0.000560807714071,-0.000342632591749,-0.000194072321438,-0.00170168154764,-0.000716815363295,-0
2025-07-31,-0.00114989164472,-0.00128333608148,-0.000260401643439,0.000100740486919,8.35166072399e-05,-8.16837044232e-05,0.000646868619239,-0.000704100277574,-0
2025-08-01,-0.00501873162351,-0.000525197523692,-0.000261089154638,0.00172204282083,0.00114355238459,0.000348457399092,0.001994400777,-0.000122298440003,-3.53466857958e-06
2025-08-04,0.00455993850547,0.00208854232734,0.000464267508526,0.000161359795738,0.000135862648537,0.000145234008032,0.00058232292577,0.000511695722434,-0
2025-08-05,-0.001530868809,0.000265467103268,0.000160105585444,6.00190264627e-05,-7.25282141177e-05,-4.49959928262e-05,8.01838335152e-05,0.000228571753253,-0
2025-08-06,0.00230303502346,0.00116904322544,0.000220329917918,-8.01044401506e-05,-7.26067712385e-05,-4.05302876343e-05,-0.000211867439527,-0.00039057041347,-0
2025-08-07,-0.000253030397063,0.00108619383813,0.000369478334642,-0.000159650406253,-7.23805426714e-05,5.38830967208e-05,0.000838614061058,0.000144645551686,-0
2025-08-08,0.00234896569799,0.000713852936715,-5.98016895715e-05,-0.000378501521021,-0.000227048260349,-3.13679284007e-05,-2.23632054934e-05,-0.000410866784258,-0
2025-08-11,-0.000599185489023,-0.000606931917383,-5.96785215782e-05,0.000139236630033,3.09159778836e-05,0,-0.00143471112344,-0.000326958984617,-0
2025-08-12,0.00322865211027,0.0017201564986,0.000578566326279,0,-2.06779598567e-05,-8.52294957276e-05,-8.95263299417e-05,0.000277878547096,-0
2025-08-13,0.00104338790884,0.000710552170411,0.000575334889041,0.000713730481818,0.000349260847877,0.000187339005983,0.000298878117661,0.00045869338413,-0
2025-08-14,2.83068568069e-05,-0.000262018776486,-0.000572850335851,-0.000552743970206,-0.000317062286867,-0.000146558771696,-0.000620497129634,-0.000352162880203,-0
2025-08-15,-0.000714986892987,0.000683175190773,0.000148561925632,-0.000296991577158,-0.000194862188157,-9.35300240349e-05,5.71421057383e-05,0.000281415623644,-0
2025-08-18,-6.6331007941e-05,-0.00015767870935,0.000386322911359,-0.000217767288809,-9.23246336011e-05,-5.34501331299e-05,-0.000152398772033,-0.000419421177531,-0
2025-08-19,-0.0016541044464,-0.000184105987289,-0.000366793036628,0.000376457540378,0.000246367635499,4.90329685198e-05,-0.000533837453466,0.000845023179931,-0
2025-08-20,-0.000806663058876,0.000394979216991,-1.98530118235e-05,0.000119020931703,0.000143901224795,5.356765117e-05,0.000983066150152,0.000143769976528,-0
2025-08-21,-0.00121358119686,-0.000736538265355,-8.92365863598e-05,-0.0004557989482,-0.000287503349859,8.91177695112e-06,-0.000340063444241,-0.000149148853839,-0
2025-08-22,0.00464186403748,0.00250719434571,0.000895310557999,0.00109362025689,0.000545977536986,0.000335504167797,0.00104905434,0.000969898895424,-0
2025-08-25,-0.00133465546929,-0.00192976137393,-0.000216253719299,-0.000294716482962,-0.000193398190051,-9.28234325632e-05,-0.000236303007487,-0.000290242317923,-0
2025-08-26,0.00126998024274,5.24167304664e-05,-0.000108619439665,0.000236844158192,0.000255667014286,0.000115446689478,0.000712176598365,-0.00013203827784,-0
2025-08-27,0.000692383725399,-0.000182952126026,-0.000344789729099,0.00019692606669,0.000183601376693,0.000110743039875,0.000198933180686,0.000312835121656,-0
2025-08-28,0.00107725003146,0.000626504962254,0.000186954919421,0.00023600107762,0.000224173407059,3.09742952411e-05,0.000731721549871,-0.000131572650855,-0
2025-08-29,-0.00181515865328,-0.000780805403031,-0.000147160810368,-0.000254940353925,-8.12892506331e-05,-5.29363796658e-05,0.000955956546527,0.000273285620106,-0
2025-09-02,-0.00224620856245,-0.00135598404555,-6.88036729919e-05,-0.000518375590272,-0.000292040313686,-9.0059019705e-05,0.00236923327978,-0.000837844086536,-7.60556365489e-06
2025-09-03,0.00162584288901,0.000335106149911,0.000136026704768,0.000728222468636,0.000345363369943,0.00011307093026,0.000783199219641,2.75603450388e-05,-0
2025-09-04,0.00251053248085,0.0009242162016,-0.00021288570159,0.000805815263062,0.000448187666668,7.65741307467e-05,-0.0004435331287,0.000373287899379,-0
2025-09-05,-0.000873374491468,0.000715597073817,0.000568377307529,0.000942602388552,0.000487711274142,0.00021972143828,0.00132769155487,0.000562909342606,-0
2025-09-08,0.000735735136576,0.00145108405408,0.000489371668832,0.000679271376749,0.000310060792684,0.000102736283393,0.00114351836586,-0.000293958099889,-0
2025-09-09,0.000690921346558,-0.000405448147491,0.000191030160333,-0.000397726342978,-0.000236645440496,-9.78089931529e-05,-0.000229465732779,-0.00011378555409,-0
2025-09-10,0.000866457363332,0.000101432758554,0.000229369822514,0.000397964695458,0.000267675047394,7.56215826748e-05,0.000362530474925,-8.13271988207e-05,-0
2025-09-11,0.00249247858934,0.0016697595183,0.000629378398911,0.00037719985236,0.000154088713514,7.9909028111e-05,-0.000150718274909,0.000903441755679,-0
2025-09-12,-0.000100602474673,-0.000628604108625,-9.47753833706e-05,-0.000177557342409,-0.000285866065992,-6.6182875369e-05,0.000197732079527,-0.000231202761145,-0
2025-09-15,0.00160188041987,0.00120859509394,0.000341671990134,0.000335881674846,0.000163569632843,4.85994070755e-05,0.00104702682968,-8.07626492576e-05,-0
2025-09-16,-0.000414512132464,-0.000175434175005,0.000321193237878,7.8679570284e-05,6.10618058687e-05,4.39709637569e-05,0.000203056047663,-0.00026259924474,-0
2025-09-17,-0.000373644778261,-0.000526388493724,0.000321228567387,-0.000354070083872,-0.0002137391254,-3.07848272481e-05,-0.000782483110425,-6.43193186596e-05,-0
2025-09-18,0.00140615646203,0.000477221779453,-0.000236676884605,-0.000551859674918,-0.000326303063834,-0.000136618873926,-0.00040400823045,0.000107412003409,-0
2025-09-19,0.00149702385878,-0.000688740204215,-6.6593401628e-05,0,-4.0793479424e-05,-2.64261296402e-05,0.00106502199271,-0.000322132284913,-0
2025-09-22,0.00143499154859,0.000806181320893,0.000142494468536,-0.000236153361091,-0.000162853849229,-0.000118779104521,0.00175360388896,1.07185451299e-05,-0
2025-09-23,-0.00165291252616,-0.000225919288412,-9.46551658777e-06,0.00031371140965,0.000273858672239,0.000131501355905,0.000419701264791,0.000267101139363,-0
2025-09-24,-0.000961315032789,-0.00105479887234,-9.47045467151e-05,-0.000372669128392,-0.000263830778417,-8.77168811101e-05,-0.000935097842501,-0.000484530175893,-0
2025-09-25,-0.00139542134098,-0.00100885614138,-0.000294815898162,-0.00027576418638,-0.000214029876309,-7.92691619125e-05,0.000427676250242,-0.000146306657551,-0
2025-09-26,0.00173001714936,0.000885386176182,-9.53904044637e-05,0.000138287280704,-5.11214528268e-05,8.83485327045e-06,0.000596940921772,0.000483711818331,-0
2025-09-29,0.000850427260473,0.000756118639769,0.000370644982923,0.000373984436101,0.00028515766759,6.16161983665e-05,0.00170951945058,1.62454190886e-05,-0
2025-09-30,0.00113795154843,0.000526942136789,0.000227089206384,-1.95802651224e-05,-4.05654648535e-05,-1.31470677574e-05,0.000895630494251,0.000199464930379,-0
2025-10-01,0.00103031472845,0.00112591193827,0.000320767677257,0.000499901236177,0.000328577484926,8.66628493619e-05,0.000166143555427,7.52587744542e-05,-9.31949082368e-06
2025-10-02,0.000345519437903,0.000323002922078,0.000137562685774,0.000219605624701,0.000103619912851,-2.24794693599e-05,-0.000348282515133,-0.00026212513602,-0
2025-10-03,-4.42789324855e-06,0.00139073150998,0.000110001981925,-0.000219496661408,-0.000196805627251,-5.3925388677e-05,0.000800098869584,0.000185577324119,-0
2025-10-06,0.00107437017743,0.000297416261255,0.000173807331359,-0.000438127764473,-0.000289460432268,-8.51931824226e-05,0.00188835793682,-0.000468459296194,-0
2025-10-07,-0.00111229912395,-0.00131076355687,-0.000273847247352,0.00033785974511,0.000247578320952,0.000138711698081,0.000525593665266,-0.000179371151588,-0
2025-10-08,0.00178528325417,0.000470656610975,0.000283440314354,1.98850954725e-05,2.06514755678e-05,3.58533897759e-05,0.00169134995097,-0.00025588786677,-0
2025-10-09,-0.000868997550441,-0.00128291696713,-0.000437106462006,-0.000237894483554,-7.20171004806e-05,-5.80297893508e-05,-0.00191601397039,-0.000265696370495,-0
2025-10-10,-0.00812559292843,-0.00282710192676,-0.00180321003524,0.000816953041247,0.000620633805559,0.00017499572355,0.00103444248135,-0.000621347848579,-0
2025-10-13,0.00453701676187,0.00155422590422,0.00135088420446,0.000382706487298,5.22673291216e-05,0.000126997738128,0.00254189412201,0.000308533916601,-0
2025-10-14,-0.000362816672099,0.000446372843015,-0.000439360771899,0.000318796868762,0.000258587871524,-5.38482646339e-05,0.000756906129501,0.000495983404184,-0
2025-10-15,0.00131506594324,0.00104008173067,0.000740368403322,-7.9594056333e-05,-0.00011361660071,-1.34411847191e-05,0.0018475836124,0.00070754749526,-0
2025-10-16,-0.00201531469391,0.000640370711358,0.0001636335105,0.000712420686465,0.000462308924594,0.000115865443531,0.00252249294467,-0.000173224558893,-0
2025-10-17,0.00166427145612,0.000122847275912,-0.000117892464213,-0.000276407413001,-0.000163997069504,-9.77986596478e-05,-0.00207199430638,0.000318608353486,-0
2025-10-20,0.00306856641122,0.00130302286646,0.000589836490173,0.000335848832507,0.000133334667287,4.44787215604e-05,0.00393533936311,0.000497110088624,-0
2025-10-21,-4.42185103039e-06,-0.00133893453604,-0.000440284757797,0.000195620937827,0.000182768268674,0.000105707300591,-0.00713024880845,-0.000139108112777,-0
2025-10-22,-0.001547862815,4.91156354364e-05,-2.71896241642e-05,-1.97421360742e-05,2.04785884224e-05,7.99727695835e-05,1.11052267284e-05,0.000210469901484,-0
2025-10-23,0.00175848861302,0.000762128775673,0.000372043245703,-0.000355558503942,-0.000328140208569,-9.78567697399e-05,0.00041964898775,-3.2416693333e-05,-0
2025-10-24,0.00243183162259,0.000490465356898,0.00023534060757,0.000197045445361,9.20609598878e-05,-4.43807428489e-06,-0.000352073358174,0.000145526519701,-0
2025-10-27,0.0035278414761,0.00109998536458,0.000415028098222,0.000137480697951,0,-1.32677580873e-05,-0.00290416721037,0.000139675997384,-0
2025-10-28,0.000801611928811,-2.43889264136e-05,-2.70026331559e-05,0.000117529257493,9.15440918839e-05,3.97078730528e-05,-0.000724993544662,-0.000975435216428,-0
2025-10-29,0.000145484053286,-0.000854096919594,0.000144115129766,-0.000941143173036,-0.000641258439279,-0.000260495742682,-0.000380682524542,-0.00125501493156,-0
2025-10-30,-0.00334581930265,-0.000686057061473,-0.000524534572907,-0.000374061179568,-0.000143083065538,-0.000106406260956,0.00197483855287,0.000226174186781,-0
2025-10-31,0.000989867301494,-0.000122862827422,-0.000199550120557,-0.000118426350416,4.1007669318e-05,8.00395991774e-05,-0.000558387398781,0.000124227766992,-0
2025-11-03,0.000568027806672,0.000368540031784,0.000108816631371,-0.000243632338663,-4.72753581926e-05,-3.52276674503e-05,0.000183307967486,-7.01972743443e-05,-5.41526359505e-06
2025-11-04,-0.0035560653909,-0.00198756580666,-0.00069885279454,9.991915675e-05,0.00012436533557,2.25275568151e-05,-0.00175171958253,8.42168477798e-05,-0
2025-11-05,0.00103525799518,0.000939640211658,0.000439014487627,-0.000543637695564,-0.000480389136671,-0.000186201514701,0.00114495339521,4.52628053197e-05,-0
2025-11-06,-0.00320863317115,-0.00069071856621,-0.000191613257766,0.000743208185165,0.000510471706,0.000135919808114,-0.000119947224776,-0.000242721647564,-0
2025-11-07,0.000292160881962,0.000470143454823,-4.57588508497e-05,-8.05817022875e-05,4.18145839557e-05,9.09470168669e-06,0.000612511121667,0.000781363142289,-0
2025-11-10,0.00462556497983,0.00182725747429,0.000666733342433,-8.04302976159e-05,-0.00013558428602,9.06861703192e-06,0.00274786202368,-2.82569210405e-05,-0
2025-11-11,0.000682639574588,0.000929363306449,5.42780614869e-05,0.000597480133721,0.000309870352125,0.000202145376666,0.000402703457339,0.000565241483926,-0
2025-11-12,0.000165673109571,0.000974654540877,-9.01260290366e-06,-7.93815498424e-05,2.05755479938e-05,-0.00010740804856,0.00164789740554,-0.000379134903822,-0
2025-11-13,-0.00493260228144,-0.00177474088768,-0.000440626210617,-0.000593909258182,-0.000287488712927,-0.000111638291744,-0.000838231420618,-0.000617506510307,-0
2025-11-14,-4.83646890346e-05,-0.000196394505867,1.81557572633e-05,-0.000239884620466,-0.000165853516223,-5.86039689628e-05,-0.00187446026934,0.000106722108377,-0
2025-11-17,-0.0027560582177,-0.00194401083787,-0.000573417168966,4.01004624629e-05,0.000114304819324,9.03021403578e-06,-0.00117204448014,-0.000416678539943,-0
2025-11-18,-0.00247770531635,-0.00153597033921,-0.000164937850862,0.000121016876919,0.000167408393046,3.64041841187e-05,0.00073918275402,0.000204079780629,-0
2025-11-19,0.00113357854351,-0.000496918404072,-0.000110278342975,0,-7.34497770804e-05,-6.38851345262e-05,0.000167483246391,-0.000397975373667,-0
2025-11-20,-0.00448906446324,-0.00201219416931,-0.000588069873607,0.000242765827359,0.000241291981324,2.28104328123e-05,-3.01938127872e-05,-0.000210323199092,-0
2025-11-21,0.00290884315172,0.00217610426845,-0.000194284795633,0.000488851060821,0.000338030668174,0.000119448805115,-0.000160323519086,0.000818462881442,-0
2025-11-24,0.00431287504183,0.000720687131062,0.000496363977628,0.000404765688086,0.000157431945328,2.28225483258e-05,0.00162855023692,0.000136473486161,-0
2025-11-25,0.00277488646862,0.00140544476335,0.000218882619284,0.000321255435991,0.000260307688147,9.05764535614e-05,-3.27046845951e-05,0.000468293797756,-0
2025-11-26,0.00204449278047,0.00159391107312,0.000235828001271,0.000319480182689,8.28537203243e-05,0.000108095748224,0.00082380739188,0.000224442973068,-0
2025-11-28,0.00161888990662,0.00070730323797,0.000171401101064,-0.000278056239766,-0.000175101581365,-0.000111988483815,0.00128293787481,0.000167428161007,-0
2025-12-01,-0.00135685509945,-0.000753530096764,-4.49544067842e-05,-0.000861863593077,-0.000537434217597,-0.000196118263144,0.000502309737495,-0.000584011912584,-5.48556205187e-06
2025-12-02,0.000555648160055,0.000489733949096,-0.000110597144749,0.000259860140456,8.27366922712e-05,1.35733415275e-05,-0.00064400507136,-0.000177209541876,-0
2025-12-03,0.00104028716196,0.000807645675133,-6.44868067448e-05,0.000379573615018,0.000206744614354,0.000113067617238,-9.23197771007e-05,0.000127308323134,-0
2025-12-04,0.000219828358288,0.000390610137176,0.000110271168562,-0.00047826386326,-0.000309354327668,-6.76716172329e-05,6.3952544086e-05,-0.000121462783933,-0
2025-12-05,0.000571706952409,0.000219749061398,0.000202199064172,-0.000219267355262,-0.000206248730458,-8.12236853792e-05,-0.000176543558534,-5.5229311289e-05,-0
2025-12-08,-0.000905704131317,-0.000317341780501,-0.000183770117506,-0.00031880152459,-0.000206236778093,-9.92337890075e-05,-0.000260907131513,-0.000380937394121,-0
2025-12-09,-0.000260083902509,-0.000171331359191,-8.291980524e-05,-0.000179849822562,-0.000144743690257,-6.33342924837e-05,0.00050782462491,-0.000188215613517,-0
2025-12-10,0.00199817781848,0.00171437957659,0.000414837137923,0.00063973192478,0.000320705305031,0.000162928968801,0.00042343651339,0.00017724712273,-0
2025-12-11,0.000701629914146,0.000633041782871,-0.000109984226187,3.97869127568e-05,1.02678819431e-05,-2.24894673197e-05,0.00106902140066,0.000214759849207,-0
2025-12-12,-0.00324126209409,-0.000777181592807,-0.000457086371075,-0.000614628741808,-0.00026671028969,-7.62956295152e-05,0.000559882924679,-6.04181676874e-05,-0
2025-12-15,-0.000452792283469,0.000878658384591,-0.00014699515151,0.000199273704917,8.2463464537e-05,-3.60879324378e-05,9.20672015633e-05,0.00015456097845,-0
2025-12-16,-0.000817005003522,-0.000926755418419,-0.000275396368525,0.000378227758098,0.000278151526017,9.01413940018e-06,2.30068636365e-05,-0.000364043136041,-0
2025-12-17,-0.00328676048428,-0.00107491855396,-0.000321846003484,-5.98248705397e-05,-2.06532622328e-05,5.41730817898e-05,0.000870362440664,0.000182326207081,-0
2025-12-18,0.00223895722074,0.00120145947035,0.000415321920594,0.000500412627873,0.000258925540131,9.51553562123e-05,-0.000184989221362,-0.000260629214237,-0
2025-12-19,0.00269606582279,0.000918658432066,0.000527574171775,-0.000291965158765,-0.000224514064773,-9.86651745658e-05,0.000115122410211,-0.000187740389771,-0
2025-12-22,0.00186355440693,0.000717559532395,0.000317514461034,-7.96903876225e-05,-0.000103109281328,-7.21649209813e-05,0.00234816168469,0.000250446365782,-0
2025-12-23,0.00136847152152,0.00100916412119,0.000232243461802,0,-4.10221792742e-05,2.24308353381e-05,0.00137212648458,-3.31493571569e-05,-0
2025-12-24,0.00105396692215,0.000343247272925,-1.8508015257e-05,0.000434436505298,0.000255417014083,0.000102793414178,-0.000432010927279,0.000319143234986,-0
2025-12-26,-3.04234667501e-05,0.000318082934019,0.000313972247832,3.93933730158e-05,9.1757709535e-05,-4.45520166865e-06,0.00121267612442,5.49080951418e-05,-0
2025-12-29,-0.00106704926704,-0.000219769721986,-0.000377857759349,0.000236013152652,0.000142453452292,4.4508929305e-05,-0.00456426576594,9.86454390385e-05,-0
2025-12-30,-0.000366418971776,0.000171911068149,0.000185379480613,-7.91278141389e-05,-0.000102333085815,-8.95429574872e-06,7.3388933147e-05,9.9211671951e-05,-0
2025-12-31,-0.00222055074707,-0.000785905747406,-4.63505524503e-05,-0.000474733010849,-0.000327489178113,-9.8489310035e-05,-0.000652911118291,-0.000402362801256,-0
