Date,SPY,VEA,VWO,AGG,IEF,TIP,GLD,VNQ
2015-01-02,0.3,0.15,0.05,0.2,0.1,0.05,0.1,0.05
2015-01-05,0.296566551254,0.147644795482,0.0495351634186,0.201784841673,0.101287865633,0.0503769970186,0.102191484482,0.0506123010388
2015-01-06,0.294307460888,0.14626768084,0.0493830701211,0.202663293739,0.102153778435,0.0504730825343,0.103544348403,0.0512072850394
2015-01-07,0.296042585049,0.146874434094,0.050189978991,0.201312781864,0.101472467406,0.0501857529168,0.102266815799,0.0516551838801
2015-01-08,0.299113138218,0.148027405336,0.0506687711229,0.19954808275,0.100326551427,0.0497428045765,0.1010986814,0.0514745651695
2015-01-09,0.297029393532,0.147470306249,0.0504705289313,0.20024567292,0.100927892155,0.0499454679658,0.102357638827,0.0515530994196
2015-01-12,0.29496977729,0.147445351441,0.0500627513617,0.20058968493,0.101374886755,0.0499775055963,0.103586224729,0.051993817897
2015-01-13,0.294176360758,0.148177584627,0.0504216909269,0.200668522227,0.101480892939,0.0499040576333,0.10324945706,0.051921433828
2015-01-14,0.292642476799,0.147903256637,0.050274343087,0.201322576574,0.102033233252,0.0502418835836,0.103168832634,0.0524133974333
2015-01-15,0.289032787623,0.148260571077,0.0502640859517,0.201596214191,0.102574607659,0.0504779108642,0.105427373587,0.0523664490473
2015-01-16,0.29109594793,0.148999171276,0.0504674060009,0.199637102566,0.101217748543,0.049899507258,0.106174679245,0.0525084371815
2015-01-20,0.290888722749,0.149243262978,0.0501497264518,0.199409680241,0.101161894895,0.0498759190863,0.107325046187,0.0519457474106
2015-01-21,0.29158897226,0.149946715747,0.0511363764641,0.198529608645,0.100416102202,0.0495399116181,0.107068919365,0.0517733936998
2015-01-22,0.293750019532,0.149388367649,0.051833685601,0.196964285192,0.0994306192447,0.0491887603038,0.107137430614,0.0523068318646
2015-01-23,0.292873889262,0.14886831339,0.0515187946025,0.197955753303,0.100332677616,0.0496118764955,0.106549111861,0.0522895834696
2015-01-26,0.293058722055,0.150596758499,0.0514925861981,0.1975293288,0.0999322638856,0.0494448875478,0.105305543702,0.0526399093125
2015-01-27,0.289949353819,0.151107562085,0.0513549435417,0.197939374573,0.100331451432,0.0497305527507,0.106791340474,0.0527954213245
2015-01-28,0.287874200594,0.149975914405,0.0510397928965,0.199914209074,0.101684146583,0.0502082625917,0.106558335287,0.052745138569
2015-01-29,0.289937831323,0.151701669422,0.0509845508987,0.199343056824,0.101115157354,0.0500483727343,0.104047366684,0.0528219947599
2015-01-30,0.287524608468,0.149879810611,0.049831638913,0.200916463596,0.102440237194,0.0506272800394,0.106823085944,0.0519568752342
2015-02-02,0.3,0.15,0.05,0.2,0.1,0.05,0.1,0.05
2015-02-03,0.302874113769,0.151402578804,0.0506407958007,0.198274975979,0.0986793385655,0.0495312204575,0.0984051820488,0.0501917945758
2015-02-04,0.302260851874,0.150590228285,0.0503880742105,0.198932009486,0.0990187267555,0.0497234233805,0.0990129489111,0.050073737098
2015-02-05,0.303852753111,0.151449114948,0.0505255124693,0.197574255737,0.0981853525754,0.0492710557232,0.0987098526838,0.0504321027525
2015-02-06,0.306114254624,0.151171124545,0.0502043385665,0.198435321229,0.0980810546217,0.0493850311151,0.0971410981193,0.0494677771795
2015-02-09,0.305420469362,0.150804766671,0.0502539846519,0.198839941944,0.0982531248443,0.0494077173312,0.0977915814371,0.0492284137586
2015-02-10,0.307625104698,0.151574473984,0.0499969772063,0.197949875186,0.0976739669015,0.0490751601038,0.0968867545404,0.0492176873796
2015-02-11,0.308533494616,0.151115951496,0.049893333063,0.198329853151,0.0978691715923,0.0491003268953,0.0959688240427,0.0491890451427
2015-02-12,0.309253288218,0.152345773615,0.0506853515649,0.196934550716,0.0971992453369,0.0486685155794,0.0954962136394,0.0494170613299
2015-02-13,0.309780745143,0.153059980201,0.0510770819508,0.196231449443,0.0966412470808,0.0484527163194,0.0957865176902,0.0489702621711
2015-02-17,0.31113061129,0.153833753508,0.0510597344015,0.195977451109,0.096222693283,0.0483416136289,0.0944489736378,0.0489851691411
2015-02-18,0.310210275979,0.154405224348,0.0509527297179,0.195928185356,0.0963887125624,0.0483961009192,0.0944284701265,0.0492903009903
2015-02-19,0.310649894981,0.154811895763,0.0509021935495,0.196186408328,0.0963503866885,0.0484605523994,0.0943045077809,0.0483341605101
2015-02-20,0.311398322742,0.155799417234,0.0509767493462,0.195521331214,0.0959523561207,0.0482918065875,0.0934329024702,0.0486271142851
2015-02-23,0.311276704467,0.155144683288,0.0504760302623,0.195826264549,0.0963694380671,0.0483699453655,0.0935312053991,0.0490057286012
2015-02-24,0.311165741639,0.155571216237,0.0510083589978,0.196065708668,0.0966991926091,0.0485066921935,0.0930957646556,0.047887325
2015-02-25,0.310777842464,0.155662730737,0.0508179014013,0.196128761147,0.0967503861074,0.0485686845574,0.0934139817815,0.0478797118041
2015-02-26,0.311145246652,0.155608128964,0.0509015756806,0.195886353621,0.096404131327,0.04864930952,0.0939344611759,0.0474707930592
2015-02-27,0.309881755549,0.155621276099,0.0509047104648,0.196251979177,0.0966821610052,0.0489001241541,0.0939455902141,0.0478124033369
2015-03-02,0.3,0.15,0.05,0.2,0.1,0.05,0.1,0.05
2015-03-03,0.299731631077,0.149630098999,0.0497044807891,0.200390172719,0.100106022853,0.0502320241347,0.100140156075,0.0500654133537
2015-03-04,0.299385992114,0.149420467349,0.0492787243241,0.201115772827,0.100489314619,0.0504354240016,0.100134974494,0.0497393302705
2015-03-05,0.299467395873,0.149781067714,0.0491418873724,0.201041622351,0.100463333227,0.0503051932341,0.0999571182139,0.0498423820152
2015-03-06,0.299544760072,0.149919800808,0.0490492818358,0.202632142904,0.100880389762,0.0504457748292,0.0986402701451,0.048887579644
2015-03-09,0.300031105298,0.149618629239,0.0487311018679,0.202639348568,0.101094545579,0.0502427213204,0.0984893813314,0.0491531667964
2015-03-10,0.297711032574,0.147759441032,0.0481312386174,0.204871337081,0.10239981836,0.050735215831,0.098851304944,0.0495406115614
2015-03-11,0.296957538802,0.148110964459,0.0485031420777,0.205241120471,0.102563228376,0.0508116792255,0.0982382742579,0.0495740523305
2015-03-12,0.298685929695,0.148911841833,0.0484415686028,0.20401020691,0.101960559921,0.0503532909296,0.0975431287292,0.0500934733796
2015-03-13,0.2980208417,0.148588856745,0.0480435904385,0.204422811169,0.10220775368,0.0503884618916,0.0980679042542,0.0502597801224
2015-03-16,0.299742774762,0.149129486635,0.0482436970582,0.203334492788,0.101795212399,0.0500832133333,0.0972726864556,0.0503984365694
2015-03-17,0.299168888948,0.14913734977,0.0485992938902,0.203513470376,0.102112930516,0.0501857151499,0.096848633394,0.0504337179556
2015-03-18,0.298491815698,0.150071469029,0.0491498835762,0.20211068582,0.101827217365,0.0502342696819,0.0973529597704,0.0507616990588
2015-03-19,0.298729464265,0.149053238606,0.0485453535004,0.202486932328,0.101893459404,0.0504734668377,0.0978072229586,0.0510108621004
2015-03-20,0.298374498557,0.150746390354,0.0486609230987,0.201090962619,0.101293432549,0.0501221771911,0.0979400957038,0.0517715199268
2015-03-23,0.297506463002,0.151301565356,0.048757355878,0.200933491865,0.101326739061,0.0500519353216,0.0984661361046,0.0516563134122
2015-03-24,0.296052267045,0.151265280231,0.0489843757908,0.201623077112,0.101709838016,0.0503310161413,0.0987799509132,0.0512541947505
2015-03-25,0.293941132627,0.151602556393,0.0485033165963,0.202780029199,0.102043474611,0.0507019507034,0.0996730746696,0.0507544652001
2015-03-26,0.294240285021,0.15088305539,0.0483902971657,0.202740850157,0.101814638444,0.0506030576839,0.100666542638,0.0506612735005
2015-03-27,0.294463090625,0.150988953903,0.0484250486693,0.202722389694,0.102055311145,0.0505479152978,0.100147042866,0.0506502477996
2015-03-30,0.296805827845,0.150467573135,0.0492085763169,0.201963238054,0.101618041235,0.0501854102587,0.0985917036666,0.0511596294887
2015-03-31,0.295559234233,0.149024062615,0.0493976861701,0.203234656379,0.102347790532,0.0505309103465,0.0989648797018,0.0509407800227
2015-04-01,0.3,0.15,0.05,0.2,0.1,0.05,0.1,0.05
2015-04-02,0.300376573102,0.150769127673,0.0506540751662,0.19926489025,0.099482138542,0.0497002934853,0.0994904108362,0.0502624909458
2015-04-06,0.300511851933,0.15127430699,0.0509483273549,0.198145779112,0.0989889462916,0.0495849831499,0.100078816396,0.0504669887733
2015-04-07,0.300339946995,0.15158893198,0.0509343574453,0.198593605473,0.0992770488119,0.0497966065447,0.0997884920738,0.049681010676
2015-04-08,0.300727759315,0.151978232463,0.0518577245297,0.198198491982,0.0989795149596,0.0495718269082,0.0990321624421,0.0496542874006
2015-04-09,0.302230352162,0.152287467601,0.0525579020871,0.197813606211,0.0986345086648,0.0494224515591,0.0984021271028,0.0486515846123
2015-04-10,0.303018003629,0.152151670342,0.0523013904718,0.19725269921,0.0983275568903,0.0492347783538,0.0992355170943,0.0484783840089
2015-04-13,0.302487445764,0.151759240865,0.0522674279901,0.198015418623,0.098802110891,0.0493848904212,0.0987996714549,0.048483793991
2015-04-14,0.302437790864,0.152592186374,0.0523024573779,0.197817627283,0.0988885824745,0.0494122027844,0.0979954017585,0.0485537510834
2015-04-15,0.302787584743,0.152787266231,0.0524387156207,0.197427144796,0.0986151298017,0.0493992313892,0.0985154403252,0.0480294870935
2015-04-16,0.302530880602,0.153069985245,0.0528853081264,0.197209989332,0.0986321875042,0.0494274175359,0.0981187938218,0.0481254378329
2015-04-17,0.300695621473,0.152058134498,0.0520870793648,0.198454632124,0.0993753135018,0.0500154374305,0.0991473845877,0.0481663970213
2015-04-20,0.302929222565,0.15205965602,0.0518315923728,0.197976519253,0.0990249524535,0.0497967197969,0.0982259874234,0.0481553501151
2015-04-21,0.302148608724,0.153142539124,0.0521653743141,0.197489534093,0.0986785330462,0.0495506055938,0.0986540637937,0.0481707413119
2015-04-22,0.303689818557,0.153503697693,0.0527837079103,0.196941417259,0.0981240374091,0.0493309649087,0.0973468517253,0.0482795045373
2015-04-23,0.303465365916,0.153668578407,0.0528740061332,0.196602189467,0.0981045092018,0.0492955998495,0.0977382621255,0.048251488901
2015-04-24,0.303734799991,0.154295291091,0.0530597395313,0.196656240904,0.0983081823223,0.0494357492709,0.0962281192664,0.048281877623
2015-04-27,0.302063167944,0.154674753764,0.0532134047791,0.196460918384,0.09802167381,0.0493775084872,0.0980361734179,0.0481523994139
2015-04-28,0.302837947066,0.154837223048,0.0533112716532,0.195583835311,0.0975101197947,0.0490642034185,0.0988257482325,0.0480296514766
2015-04-29,0.303330046535,0.154362856502,0.053046216078,0.196268445558,0.0977086965201,0.0492563527482,0.0986946727966,0.0473327132625
2015-04-30,0.302636315513,0.154005252302,0.0527516233026,0.197801616125,0.0984444698501,0.0497237500844,0.0977089917757,0.0469279810462
2015-05-01,0.3,0.15,0.05,0.2,0.1,0.05,0.1,0.05
2015-05-04,0.300427949481,0.149931052274,0.0501778653764,0.199336280202,0.0996525389214,0.0497362314373,0.100759000504,0.0499790818036
2015-05-05,0.299200738935,0.148769619776,0.0500278127923,0.20063962855,0.100225624458,0.0500847954956,0.101794575085,0.0492572049088
2015-05-06,0.298949926784,0.149585965744,0.0495296899128,0.200623091714,0.100064011978,0.0498464489934,0.102076139265,0.0493247256085
2015-05-07,0.299668483943,0.148842390403,0.0493830057318,0.200799442583,0.100330659161,0.049895998855,0.101077204524,0.0500028147991
2015-05-08,0.300499261414,0.150507069203,0.0496217316042,0.199390331818,0.0996843122017,0.0495899324529,0.100525392264,0.0501819690419
2015-05-11,0.301196096377,0.150243264756,0.0494976388465,0.199536443294,0.0994069458228,0.0494890780532,0.100850846671,0.0497796861796
2015-05-12,0.300270909705,0.150231168554,0.0493571763508,0.199502336692,0.099474096193,0.0495335967579,0.101704328161,0.0499263875864
2015-05-13,0.299613732315,0.150954609587,0.0493645936885,0.199009462222,0.0991061639867,0.0493409567601,0.10327896555,0.0493315158904
2015-05-14,0.300442503446,0.15159770902,0.0494518997614,0.197807011515,0.0986899578383,0.0490585416797,0.103049919399,0.0499024573401
2015-05-15,0.29965752087,0.15121607287,0.0497741360692,0.197902773005,0.0990307065753,0.0492166625104,0.102976050349,0.0502260777509
2015-05-18,0.301152379147,0.151000090455,0.0493842091315,0.197518231608,0.0985471620203,0.0490475202143,0.103160439005,0.0501899684181
2015-05-19,0.302116288335,0.150960150419,0.0496713613403,0.197529487127,0.0984566413251,0.0489845139785,0.102088762606,0.0501927948677
2015-05-20,0.301667539375,0.151128354412,0.0495648892717,0.197681678901,0.0985940380308,0.0490773063845,0.102176186869,0.0501100067565
2015-05-21,0.301832500247,0.151593156722,0.0493018163795,0.197827465697,0.0989473905618,0.0491490250575,0.101592722242,0.0497559230927
2015-05-22,0.301721941075,0.150970273518,0.0495256968938,0.198012049924,0.0989243384397,0.0493316576051,0.101719461651,0.0497945808933
2015-05-26,0.300655162866,0.149512966326,0.0491493323789,0.199946948543,0.100265425012,0.0497310704408,0.100963517208,0.0497755772254
2015-05-27,0.302055976175,0.150052397593,0.0490382533223,0.199188608434,0.0997293731756,0.0494491879563,0.10046252461,0.0500236787342
2015-05-28,0.302122142115,0.149931587233,0.0484145620914,0.199384849816,0.0999574702918,0.0494852427383,0.100712886174,0.0499912595402
2015-05-29,0.301469758512,0.14910085466,0.0480783494301,0.200270938549,0.100421480968,0.049845586302,0.101194654332,0.049618377246
2015-06-01,0.3,0.15,0.05,0.2,0.1,0.05,0.1,0.05
2015-06-02,0.300108762032,0.150713251226,0.0502453268018,0.199486140802,0.0994383656584,0.0498631218085,0.1005396974,0.0496053342711
2015-06-03,0.301492561812,0.151883781363,0.0500946369311,0.199089550302,0.0987832035752,0.0496530262423,0.100014732999,0.0489885067758
2015-06-04,0.300384957386,0.150855182349,0.0495971130408,0.200470712175,0.0997425316385,0.0500309138051,0.0997886679359,0.0491299216696
2015-06-05,0.301444835906,0.149988879137,0.0496179851988,0.200636013651,0.0995415309408,0.0501539728977,0.0997792016891,0.0488375805799
2015-06-08,0.299985226831,0.150038646258,0.0496592883693,0.201196115257,0.0998157147177,0.050287599689,0.100204241426,0.0488131674524
2015-06-09,0.300662102993,0.149548132987,0.0494178889494,0.201103954229,0.0997299445964,0.0502953003732,0.100667871473,0.048574804399
2015-06-10,0.301982298297,0.151508349398,0.0497624717832,0.19909613593,0.0986007787596,0.0497380151571,0.10076177705,0.0485501736256
2015-06-11,0.302007342501,0.151473184419,0.0494045168431,0.199537397683,0.0990686043529,0.049828282324,0.0999872717013,0.0486934001755
2015-06-12,0.300852823633,0.150845757055,0.0496072011365,0.20006839997,0.09939413512,0.0500476316014,0.100346783374,0.0488372681105
2015-06-15,0.300142442938,0.150180275453,0.0492006512304,0.200695021782,0.0998242923275,0.0503063206885,0.100984681646,0.048666313935
2015-06-16,0.300952588085,0.149732419822,0.0491733428549,0.200477115562,0.0999309233491,0.050464696205,0.100345182514,0.0489237316087
2015-06-17,0.301014180828,0.149118107381,0.0494137570042,0.200212792694,0.0998470219744,0.0504517816704,0.100672364445,0.0492699940033
2015-06-18,0.3021119781,0.149541589097,0.0495213310966,0.198819919223,0.0991043152682,0.0499944540418,0.101290724849,0.0496156883237
2015-06-19,0.301195801712,0.149424775534,0.0491410349701,0.199722722624,0.0997726973671,0.0501809595138,0.101257957933,0.0493040503465
2015-06-22,0.302462664583,0.151874929479,0.0497355127093,0.19855394112,0.0988427794976,0.0499125879507,0.0998649910978,0.0487525935627
2015-06-23,0.302896420225,0.152531955001,0.0502218003722,0.198240719226,0.0986125966961,0.0498374131373,0.0992778548443,0.0483812404976
2015-06-24,0.301763051436,0.151829024272,0.0501383443116,0.199255869372,0.0992558324097,0.0501035749944,0.0993652166862,0.0482890865178
2015-06-25,0.301531454311,0.152138523511,0.0500738928173,0.199489344179,0.0992354397696,0.050164037097,0.0994590508564,0.0479082574595
2015-06-26,0.301891380223,0.152211607824,0.0496807436945,0.199286691889,0.0988977792393,0.0500091008709,0.0997030506623,0.0483196455973
2015-06-29,0.298426381907,0.149070056205,0.0490558236814,0.202409153597,0.101017479183,0.0508655492246,0.101125902551,0.0480296536518
2015-06-30,0.299078814587,0.148858630088,0.0497171149659,0.202297722757,0.100748595108,0.0507751172877,0.100509172469,0.0480148327368
2015-07-01,0.3,0.15,0.05,0.2,0.1,0.05,0.1,0.05
2015-07-02,0.299391947465,0.150208540153,0.0501765211444,0.200054374941,0.100243138477,0.0501635965872,0.0996925090348,0.050069372197
2015-07-06,0.299472671641,0.147589767544,0.0489361664883,0.201401261115,0.101267264809,0.0505178076172,0.100272467494,0.0505425932922
2015-07-07,0.300922837214,0.147340034115,0.0481193351209,0.201388982032,0.10139031388,0.0506110060688,0.0989667777348,0.051260713834
2015-07-08,0.298667464208,0.14512476004,0.0467823562139,0.20377523312,0.102754222853,0.051152126405,0.100198739468,0.0515450976925
2015-07-09,0.298595767877,0.147176688996,0.0476359576816,0.202613762324,0.101828975561,0.0507179799045,0.100236835515,0.051194032141
2015-07-10,0.299862407519,0.150396408743,0.0485758415593,0.200093714064,0.100289558441,0.0500624640949,0.0995263456326,0.0511932599466
2015-07-13,0.302222504875,0.150562083613,0.048728405643,0.1991725634,0.0997080230363,0.0497316357192,0.0987696769295,0.051105106784
2015-07-14,0.302598262871,0.151143614932,0.0486997580432,0.198889043267,0.0997150336068,0.0496584439061,0.0982435304554,0.051052312918
2015-07-15,0.30270099691,0.150647391085,0.0481367171936,0.199555272369,0.100163339329,0.0498298666101,0.0977946728078,0.0511717436952
2015-07-16,0.303757751929,0.151234534774,0.0484891195348,0.198822291384,0.0996749471593,0.0496677913154,0.0970013498564,0.0513522140474
2015-07-17,0.304359562629,0.151182349098,0.0485319286365,0.199065743058,0.0997973069958,0.0497063153238,0.0961291257796,0.0512276684793
2015-07-20,0.305446253911,0.15197980916,0.0483761127157,0.199324426049,0.0999016820619,0.049724443737,0.0938044008729,0.0514428714923
2015-07-21,0.304641507425,0.151769307454,0.0484522143816,0.199918680924,0.10031039943,0.0499060465292,0.0936351618325,0.0513666820239
2015-07-22,0.304859615666,0.150876231305,0.0479273965304,0.200513646408,0.100687102043,0.0500538949631,0.0933628580466,0.0517192550372
2015-07-23,0.303933961757,0.150781063862,0.0476487242514,0.201609342456,0.101362093114,0.0502695884822,0.0931866059363,0.0512086201411
2015-07-24,0.302086723441,0.149811871649,0.047167461977,0.202446889764,0.10189822764,0.0504337043806,0.0945059636212,0.0516491575279
2015-07-27,0.301355269918,0.14937653755,0.0462683576093,0.203399157118,0.102584565201,0.0507098420445,0.0943877415885,0.0519185289702
2015-07-28,0.30336946515,0.150396306935,0.0464537575314,0.2020704262,0.101728766579,0.0503080939645,0.0940088384833,0.0516643451574
2015-07-29,0.304482276373,0.150442513179,0.0467333554269,0.201259874706,0.101260675357,0.0501432176443,0.0938428945333,0.0518351927816
2015-07-30,0.304905362992,0.150540599235,0.0464935827468,0.201510293864,0.101492438338,0.0502726839763,0.0931470525997,0.0516379862488
2015-07-31,0.303463155325,0.150768310199,0.0467342693062,0.201653989145,0.101758721606,0.0503074572819,0.0934350787517,0.0518790183853
2015-08-03,0.3,0.15,0.05,0.2,0.1,0.05,0.1,0.05
2015-08-04,0.29996003797,0.150423644987,0.0502507280919,0.199778819732,0.0996655713248,0.0498108559183,0.100384576372,0.0497257656045
2015-08-05,0.300880023129,0.151175937267,0.0502924380586,0.199367183776,0.0992576790259,0.0496437771684,0.0999961171044,0.0493868444707
2015-08-06,0.299107474639,0.150850131516,0.0500492831026,0.200067395268,0.0998359358171,0.049847913794,0.100671229614,0.0495706362488
2015-08-07,0.298372499387,0.150618877077,0.0499691132634,0.200308078581,0.100177514406,0.049959262786,0.100867660422,0.0497269940767
2015-08-10,0.300156351,0.151460768675,0.0504887349097,0.198743355625,0.0991111432517,0.0495617745351,0.101232755453,0.0492451165498
2015-08-11,0.298588959969,0.149646762287,0.0495938903431,0.20016424766,0.10014836442,0.0499563492067,0.102140127865,0.0497612982484
2015-08-12,0.298969617929,0.148685267002,0.0488276911292,0.200051534346,0.100118502029,0.0498445937066,0.103580310052,0.0499224838061
2015-08-13,0.299231380474,0.148963396069,0.0488382268027,0.200054558292,0.10006763498,0.0498167517561,0.102942811924,0.0500852397024
2015-08-14,0.299867967673,0.149000665285,0.0489106297834,0.199661032797,0.0998132495609,0.0496881940152,0.102777795667,0.0502804652189
2015-08-17,0.300918249626,0.148392815304,0.0482922537943,0.199594341485,0.0997844159844,0.0495807535442,0.102833519606,0.0506036506562
2015-08-18,0.300983341865,0.147694061832,0.0478845181597,0.199850906652,0.0999362025211,0.0496153046382,0.103135321077,0.0509003432551
2015-08-19,0.299125386231,0.146750259841,0.0473154194176,0.200824092258,0.100722920632,0.049871461564,0.104704400322,0.0506860597352
2015-08-20,0.29535926844,0.144357424001,0.0469906710071,0.202839248514,0.10185127391,0.0504332064372,0.10742946748,0.0507394402099
2015-08-21,0.29039561814,0.142651271634,0.0461096870549,0.205976744119,0.103661665593,0.0511428828493,0.109582680696,0.0504794499134
2015-08-24,0.284522645466,0.141002010099,0.0448369631975,0.210605389404,0.106207190538,0.0521293195496,0.11148098808,0.0492154936654
2015-08-25,0.282662249854,0.143169161317,0.045690327537,0.211218169943,0.106184939144,0.0522785585839,0.110681746893,0.0481148467277
2015-08-26,0.289466913134,0.144853933612,0.0466206609298,0.207334704949,0.104076029189,0.0512477425872,0.107665388513,0.0487346270865
2015-08-27,0.292986476883,0.144960347169,0.0479035463795,0.205072099411,0.102740895429,0.0508654655488,0.106403327529,0.0490678416505
2015-08-28,0.293060145167,0.144604916635,0.0472174070689,0.204925251736,0.102780887102,0.0510218642161,0.107382962521,0.0490065655537
2015-08-31,0.292126897539,0.14423633764,0.0473544205503,0.205785357514,0.103113544028,0.051227701142,0.108031972535,0.0481237690513
2015-09-01,0.3,0.15,0.05,0.2,0.1,0.05,0.1,0.05
2015-09-02,0.303246097418,0.151106965096,0.0503467296059,0.198143474135,0.098929438786,0.0494432631778,0.0986722304898,0.0501118012923
2015-09-03,0.303277531394,0.151220289129,0.0505399511758,0.198313052669,0.0991104226217,0.0494174583491,0.0979036592573,0.0502176354043
2015-09-04,0.301703682327,0.149335660047,0.0494513015368,0.200738538472,0.100421290185,0.0499977376558,0.0985715387412,0.0497802510349
2015-09-08,0.305255265289,0.15166059309,0.0504446722195,0.19765129633,0.0986771087202,0.0491236783073,0.0973141229933,0.0498732630509
2015-09-09,0.303158640779,0.152081514325,0.0504924092987,0.19902714817,0.0993649537584,0.0495594700678,0.0966892336277,0.0496266299731
2015-09-10,0.303919624161,0.152627329649,0.0507187895143,0.19822836465,0.0988519665551,0.0494283294622,0.0966344008362,0.0495911951713
2015-09-11,0.304412183622,0.152141979792,0.0507648871905,0.197887252816,0.0988238717633,0.0494224905236,0.0961538901603,0.0503934441321
2015-09-14,0.30392203156,0.151350792636,0.0508719154397,0.198359063289,0.0991251315309,0.0494329912112,0.0964110696727,0.0505270046609
2015-09-15,0.306606234145,0.151910543169,0.0512083800724,0.196752971723,0.0979884807565,0.0489205447889,0.0957724845766,0.0508403607685
2015-09-16,0.306919523355,0.152917537373,0.052001429541,0.195099858829,0.0972181971548,0.0485365085408,0.0963120859483,0.0509948592577
2015-09-17,0.305201211847,0.152485145036,0.0518267918207,0.19566301615,0.0976975364255,0.0487517114228,0.0969725925054,0.0514019947925
2015-09-18,0.302788821725,0.15010890477,0.0509949648091,0.197504074094,0.0989973608936,0.0493250757419,0.0985260971554,0.0517547008107
2015-09-21,0.304319118889,0.150091969371,0.0511079490314,0.196957764377,0.0984228204701,0.0490090911334,0.0979015740064,0.0521897127211
2015-09-22,0.303008612922,0.147859931247,0.05055402969,0.199162396783,0.0997814307257,0.0495605007007,0.0980884494974,0.0519846484343
2015-09-23,0.302992010351,0.147385576257,0.0498675372571,0.199306057313,0.0998237384221,0.0496013297846,0.0986320498098,0.0523917008058
2015-09-24,0.301804357521,0.146844494674,0.0497623986884,0.199500863917,0.0999425458821,0.049590662542,0.100670189498,0.0518844872768
2015-09-25,0.301756229442,0.148212995251,0.0496761860578,0.199173986943,0.0996913423259,0.0493313579244,0.100060630048,0.0520972720084
2015-09-28,0.297927194439,0.147197372117,0.0491849882125,0.20218940586,0.101536444483,0.0499727882755,0.10005140497,0.0519404016437
2015-09-29,0.297734561692,0.146722238553,0.0495240989475,0.202254539229,0.101760620747,0.0500517563958,0.0995227602292,0.0524294242063
2015-09-30,0.300442957679,0.148299294046,0.0503839102668,0.200429197003,0.10082400715,0.0496806444228,0.0975659423495,0.0523740470831
2015-10-01,0.3,0.15,0.05,0.2,0.1,0.05,0.1,0.05
2015-10-02,0.300834908751,0.150650160159,0.0506957403499,0.198200456561,0.0992791071043,0.0496859634059,0.100894520031,0.0497591436385
2015-10-05,0.303581438556,0.152368983363,0.0512673784223,0.195779122,0.0978886123699,0.0491129539845,0.0998336420824,0.0501678692216
2015-10-06,0.302329583611,0.152426625729,0.0510987969928,0.196125218112,0.0980199006745,0.0492196542278,0.100763513229,0.0500167074237
2015-10-07,0.303113898614,0.153378279123,0.0520760181944,0.194894157043,0.0972319297237,0.048937676585,0.100058264622,0.0503097760957
2015-10-08,0.304615631727,0.154020686567,0.0525375201915,0.193841843299,0.0965876802924,0.0487226985856,0.0991457182446,0.050528221093
2015-10-09,0.304245586363,0.154066861565,0.0525007391043,0.193331880057,0.0964666670076,0.0484994077759,0.100534986586,0.0503538715406
2015-10-12,0.304115168122,0.153571722269,0.052137646725,0.193561341036,0.0966572585147,0.0485199546652,0.100795582649,0.0506413260202
2015-10-13,0.30356133188,0.152430625765,0.051436986407,0.19445178828,0.0971831556122,0.0487125110123,0.101750390576,0.0504732104675
2015-10-14,0.301501411074,0.15236958736,0.0517280279778,0.194788516511,0.097518968756,0.0487808357498,0.103316981316,0.0499956712559
2015-10-15,0.303659634985,0.153922785971,0.0524828619047,0.192952564074,0.0964018667465,0.0482961518308,0.102014707891,0.0502694265971
2015-10-16,0.304822124114,0.153732146096,0.0526044397367,0.1926216583,0.0962527509962,0.0481318971745,0.101221918826,0.0506130647572
2015-10-19,0.305179041966,0.153191139923,0.0521046288737,0.19294549829,0.0962735651199,0.0480823344003,0.100867408151,0.0513563832763
2015-10-20,0.305149725417,0.1528474554,0.052050397193,0.192787197796,0.096057220391,0.0480829366616,0.101626903756,0.0513981633858
2015-10-21,0.304181946806,0.153192259776,0.0514533607245,0.193833877185,0.0966815820946,0.0482600572974,0.101032665759,0.0513642503578
2015-10-22,0.306623987454,0.153663614889,0.0521142196615,0.192178991018,0.095936269461,0.0480030170061,0.10011602195,0.0513638785609
2015-10-23,0.308903417856,0.154527839982,0.0522769589841,0.191177466761,0.0950619980735,0.0477668160214,0.0995969431271,0.0506885591953
2015-10-26,0.308657004049,0.154223842883,0.0517742983187,0.191582809997,0.095468275898,0.047833413598,0.0997000446389,0.0507603106173
2015-10-27,0.30855520345,0.15310665032,0.0513820581018,0.192169974824,0.0958611238015,0.0480178911049,0.100084178513,0.050822919885
2015-10-28,0.311531047626,0.15368628402,0.0507333506166,0.191265520135,0.0952010550754,0.0476949520341,0.0991077889248,0.050780001568
2015-10-29,0.31273219461,0.153240435371,0.0503948957951,0.191289737094,0.0950358223869,0.0477767610366,0.0985945612968,0.0509355924097
2015-10-30,0.311865907648,0.15335642284,0.0504004905025,0.192094421435,0.0953698439001,0.0479977331785,0.0983690094943,0.0505461710015
2015-11-02,0.3,0.15,0.05,0.2,0.1,0.05,0.1,0.05
2015-11-03,0.301234634345,0.150181889935,0.0506810977245,0.199875075393,0.0998581443174,0.0499748331237,0.0986368274011,0.0495574977603
2015-11-04,0.301374674797,0.149727881205,0.0505759080267,0.200576358338,0.100104820038,0.0500822366339,0.098048403954,0.0495097170076
2015-11-05,0.301330300722,0.149659027202,0.0506898152794,0.20065511171,0.100124056963,0.0499662380535,0.0978263430489,0.0497491070209
2015-11-06,0.303067220847,0.149889195731,0.0504385677484,0.200951922113,0.100070134257,0.0500707216829,0.0970066703804,0.0485055672408
2015-11-09,0.302191976137,0.149273140806,0.0495760321114,0.202128210066,0.100548943413,0.0503780180853,0.0979189927299,0.0479846866524
2015-11-10,0.302460279946,0.149022164775,0.0493769111742,0.202215257356,0.100597464661,0.0502883502154,0.0975743371078,0.0484652347641
2015-11-11,0.301573307207,0.149887319931,0.0494838070873,0.202156583409,0.100650626934,0.0503342318842,0.0973441001391,0.0485700234093
2015-11-12,0.299333954317,0.14907955481,0.0492921099814,0.203684260558,0.101375307588,0.0506677751377,0.0980080292752,0.0485590083327
2015-11-13,0.297504604023,0.148684508524,0.0488943168025,0.205135276449,0.102286657075,0.0509996886674,0.0982401523721,0.0482547960864
2015-11-16,0.299534071443,0.149211799564,0.0495408458206,0.203609503908,0.101576028438,0.0505507790055,0.0975698207508,0.0484071510707
2015-11-17,0.299660886338,0.149583618059,0.049540341035,0.203994440776,0.101664442577,0.0507013023951,0.0963919832233,0.0484629855956
2015-11-18,0.302308739258,0.149976556113,0.0495838104954,0.202433837611,0.100913224778,0.0504237295674,0.0958091777997,0.0485509243775
2015-11-19,0.301264222227,0.150378505024,0.0498260898386,0.202001459544,0.10087007415,0.0504710069034,0.0966147338759,0.0485739084373
2015-11-20,0.302012577467,0.149888563756,0.0501960822011,0.201637989599,0.100620535719,0.0504536917179,0.0960650843064,0.049125475233
2015-11-23,0.302297643613,0.149291524748,0.0498869731291,0.202115763057,0.10096434732,0.0506187379456,0.0954910854388,0.0493339247487
2015-11-24,0.302266837712,0.149274318448,0.0499435095902,0.202010626201,0.100914015116,0.0506006567346,0.0959877303357,0.049002305862
2015-11-25,0.302319506756,0.149559122031,0.0495742060924,0.202167741067,0.10100312708,0.0505892972876,0.09557049098,0.0492165087055
2015-11-27,0.30309084091,0.149729336141,0.048558028737,0.202395667293,0.101249560332,0.0506877504352,0.0945743672294,0.0497144489222
2015-11-30,0.302145694244,0.14968634431,0.0486799011214,0.202680101837,0.101392700363,0.0507174257039,0.0952989335769,0.0493988988444
2015-12-01,0.3,0.15,0.05,0.2,0.1,0.05,0.1,0.05
2015-12-02,0.299452177736,0.149684134174,0.0499225815651,0.201452098918,0.100563268394,0.0502510082494,0.0992788360476,0.0493958949145
2015-12-03,0.297528853305,0.150115843866,0.0501579425721,0.201506694378,0.100270607094,0.0503220619545,0.10110514867,0.0489928481604
2015-12-04,0.299910615034,0.149489195962,0.0497830259389,0.199880351395,0.0995066939347,0.049881019089,0.10218504367,0.049364054976
2015-12-07,0.299474761367,0.148951797711,0.0493061453268,0.201103290594,0.100289079439,0.0500939742766,0.101326146308,0.0494548049774
2015-12-08,0.298835507826,0.147367327827,0.0489414220913,0.202106335905,0.100809018011,0.050338898711,0.101962460132,0.0496390294972
2015-12-09,0.297527804779,0.147552831201,0.04875267024,0.202799590806,0.101307193979,0.0504154984319,0.102113236056,0.0495311745064
2015-12-10,0.298466651782,0.147597281647,0.0482899653739,0.202878161535,0.101145979845,0.0503345050741,0.102082104166,0.0492053505774
2015-12-11,0.294996089489,0.14610207557,0.0472931466015,0.204991461711,0.102762405094,0.0508985763956,0.103451094653,0.0495051504856
2015-12-14,0.296661029022,0.146510868058,0.048100636811,0.204149564145,0.102063388625,0.0505638221713,0.102186802539,0.0497638886284
2015-12-15,0.298465998658,0.146433553893,0.0485922071574,0.20327675681,0.101359140995,0.0503154133468,0.101470603648,0.0500863254916
2015-12-16,0.299954330172,0.147987026511,0.048943541975,0.200990816033,0.100130185208,0.0496914399251,0.101723766769,0.0505788934072
2015-12-17,0.297862088352,0.147502839363,0.0489217997935,0.202958767353,0.101391020516,0.0502828193718,0.100331078124,0.0507495871266
2015-12-18,0.294098321394,0.146706951164,0.0489249430281,0.204462796676,0.102290817231,0.0506864077539,0.102405612835,0.050424149919
2015-12-21,0.295111440821,0.146941226215,0.0490351271777,0.203300904071,0.101851301998,0.0503530198381,0.103026351356,0.0503806285233
2015-12-22,0.296809514392,0.147545024814,0.0492473161545,0.202482231425,0.101230176823,0.0501186955428,0.10214978047,0.050417260378
2015-12-23,0.298448782047,0.148944964249,0.0496407763031,0.201072875587,0.100316866554,0.0498245138902,0.101160926447,0.0505902949238
2015-12-24,0.29793898414,0.148536382099,0.0494894922825,0.201158029916,0.10049502006,0.049908004926,0.101886720939,0.0505873656377
2015-12-28,0.297803558337,0.148368090004,0.0493275523619,0.201527096651,0.10069844234,0.0500132606486,0.101301037348,0.0509609623102
2015-12-29,0.299795399174,0.149339826678,0.0491035224245,0.200231085659,0.0997715518223,0.0496255446006,0.100832690139,0.0513003795026
2015-12-30,0.299051004106,0.149110174412,0.0486469258349,0.201122425458,0.100272333533,0.0499104266687,0.100527204744,0.051359505244
2015-12-31,0.297407032753,0.147895924678,0.0488832918675,0.202581609074,0.100843318191,0.0502199900537,0.101024584566,0.0511442488174
2016-01-04,0.3,0.15,0.05,0.2,0.1,0.05,0.1,0.05
2016-01-05,0.299987998634,0.149575287026,0.0500235540634,0.199746926502,0.0997990171316,0.0498818773599,0.100108564986,0.0508767742976
2016-01-06,0.2975686558,0.147519441283,0.0493546586899,0.201428810422,0.100864086046,0.0502710940203,0.102022114998,0.0509711387403
2016-01-07,0.293633557095,0.146329647732,0.0482879592111,0.203632283753,0.102196718515,0.0507842546144,0.104606117782,0.0505294612977
2016-01-08,0.292119551406,0.14537198666,0.0481388516081,0.205284147476,0.103057860328,0.0511247834918,0.104755794986,0.0501470240439
2016-01-11,0.292734596833,0.146169239501,0.0479836874315,0.204926459181,0.102845322867,0.0509128593922,0.103939745959,0.0504880888355
2016-01-12,0.294118981637,0.146275815938,0.0480008509506,0.204700073512,0.102965302527,0.0508828230129,0.10307122113,0.0499849312916
2016-01-13,0.28947744687,0.145434736682,0.047902257506,0.207098747067,0.104339409385,0.0514680877526,0.104548607657,0.04973070708
2016-01-14,0.292789215152,0.14641835633,0.0482788855396,0.20600905044,0.103616489866,0.0511697025279,0.102347852256,0.0493704478891
2016-01-15,0.28997067068,0.143041413957,0.0468121370638,0.208750634333,0.105358011204,0.0517888087114,0.104651997518,0.0496263265333
2016-01-19,0.289764205482,0.143991289745,0.0473663890498,0.208114394009,0.105006748787,0.0516315955561,0.10433815355,0.0497872238207
2016-01-20,0.288133167007,0.141718610439,0.0467131000319,0.209802770047,0.106290916597,0.0520357914099,0.106502641795,0.0488030026728
2016-01-21,0.289046950012,0.142451576362,0.0466817877468,0.209007265252,0.105769778521,0.0517215219005,0.106366136646,0.0489549835595
2016-01-22,0.29133310546,0.14477122217,0.0476688565303,0.206577457421,0.104231385586,0.0511570709822,0.104564284532,0.0496966173187
2016-01-25,0.288713664587,0.14357658606,0.0471705212231,0.2077475487,0.105229680348,0.0515735812445,0.10629685506,0.0496915627771
2016-01-26,0.289767197388,0.144743420156,0.047379998767,0.205964002773,0.104269187744,0.0511949096928,0.106449345014,0.0502319384648
2016-01-27,0.287973006944,0.14449414362,0.0472981119271,0.206978969119,0.104841097617,0.051568110131,0.107352975077,0.0494935855647
2016-01-28,0.288981586688,0.144800789927,0.0479749573302,0.206798096913,0.104798282407,0.051587486337,0.106026231373,0.0490325690249
2016-01-29,0.291929448146,0.145267585469,0.0489791498639,0.204534837283,0.10390028268,0.0510799050189,0.104961299756,0.0493474917828
2016-02-01,0.3,0.15,0.05,0.2,0.1,0.05,0.1,0.05
2016-02-02,0.297336934505,0.147985952764,0.0489609270747,0.202473785747,0.101646224133,0.050619946014,0.100968654011,0.0500075757526
2016-02-03,0.297408772794,0.148444130424,0.0499797548706,0.201297520843,0.100954135513,0.0503936360112,0.101468625757,0.050053423787
2016-02-04,0.297037727786,0.148330182931,0.050183507787,0.200933490737,0.100909666916,0.0502609560057,0.102405835346,0.0499386324912
2016-02-05,0.293703774724,0.147284775381,0.0500550698358,0.20235149362,0.101844696486,0.0505213328986,0.10485659953,0.049382257525
2016-02-08,0.291423547804,0.145453957525,0.0496460818778,0.204302064656,0.103198121516,0.0508495937198,0.106879961575,0.0482466713269
2016-02-09,0.292443733768,0.144367370283,0.0491834297015,0.204987686478,0.103572595827,0.0509104438108,0.107012809444,0.0475219306873
2016-02-10,0.291681272598,0.143807017647,0.0492473816794,0.205133173626,0.103700296498,0.0510088747458,0.107653604741,0.047768378465
2016-02-11,0.288455372976,0.142193855674,0.0486272773543,0.205668861517,0.10438270316,0.0512881406314,0.112201091706,0.0471826969803
2016-02-12,0.292259997814,0.143392787322,0.0490683178837,0.203615698727,0.102832686504,0.0507240171281,0.110729735839,0.0473767587831
2016-02-16,0.295612027814,0.14537452868,0.0499603719444,0.202034565911,0.10198047521,0.0502462359733,0.106800044161,0.0479917503074
2016-02-17,0.297729879232,0.146653114424,0.0505379654536,0.200101710752,0.10081278371,0.0497077289995,0.106491113367,0.0479657040612
2016-02-18,0.29587994682,0.145652084953,0.0501861942289,0.200278502253,0.101064931411,0.0497406483691,0.108850496981,0.0483471949841
2016-02-19,0.296010338019,0.145525764399,0.0500198732688,0.200496938117,0.10115680508,0.0498261528763,0.108295512855,0.0486686153849
2016-02-22,0.298532627004,0.146428627407,0.0509579234891,0.199374076954,0.100462638365,0.0496536505681,0.105745852313,0.0488446038999
2016-02-23,0.296384265656,0.144777544887,0.0501301093259,0.200507573842,0.101216749172,0.0500789061763,0.107920468805,0.0489843821356
2016-02-24,0.297320873671,0.144143113557,0.050059464705,0.200298076226,0.101074111964,0.0501200375501,0.108126937724,0.0488573846042
2016-02-25,0.298621181652,0.144749527821,0.0497574627037,0.199273018499,0.100600586348,0.0499407193544,0.107583038976,0.0494744646462
2016-02-26,0.299013511675,0.144759622751,0.0495001473657,0.199632025337,0.100473651461,0.0499926602994,0.107231209704,0.0493971714073
2016-02-29,0.296936448031,0.144246905879,0.0498531109321,0.200048630139,0.100728349316,0.0502070542082,0.108730305163,0.0492491963325
2016-03-01,0.3,0.15,0.05,0.2,0.1,0.05,0.1,0.05
2016-03-02,0.300144466115,0.150440683302,0.050566484393,0.198983149468,0.099427953656,0.049906671234,0.10037031673,0.0501602751011
2016-03-03,0.299588710171,0.151169397771,0.0508199318097,0.198074359566,0.0989739133591,0.0497210077115,0.101517092062,0.0501355875499
2016-03-04,0.299871546795,0.151981530149,0.0518196793241,0.197311610619,0.0984123628657,0.0494528287915,0.101124001022,0.0500264404337
2016-03-07,0.300054890203,0.151824288713,0.0517014597027,0.197220792108,0.0981956458832,0.0492459307696,0.101608389055,0.0501486035653
2016-03-08,0.298447306308,0.150992908464,0.0510876079321,0.198819142497,0.0993189270271,0.0497127215272,0.101707242908,0.0499141433368
2016-03-09,0.299510723414,0.151433225544,0.0513446641654,0.19845614246,0.0987934660977,0.0496137307108,0.100725585846,0.0501224617609
2016-03-10,0.299455572539,0.151154613415,0.0511696002439,0.198351085416,0.0983432855685,0.0493929987751,0.10224198165,0.0498908623924
2016-03-11,0.301701043227,0.153758403513,0.0518452083485,0.196305994328,0.0972292358639,0.0489555878459,0.0996289901449,0.0505755367286
2016-03-14,0.301971864823,0.153751422812,0.0516646451143,0.196842371401,0.0975132941978,0.0490055218971,0.0985587379357,0.0506921418193
2016-03-15,0.302423052906,0.152666178847,0.0509517532517,0.197277869226,0.0978003999664,0.0490622508383,0.098942650756,0.0508758442082
2016-03-16,0.301423493543,0.152868155785,0.0515532962257,0.196334547746,0.0974255592796,0.0491366720836,0.100234218923,0.0510240564133
2016-03-17,0.301726127494,0.153460559152,0.0523209434275,0.195701548386,0.09701526135,0.0489841540769,0.099322015286,0.0514693908276
2016-03-18,0.302524186248,0.153009384992,0.0526057417364,0.195610958931,0.0970598398964,0.0490858428507,0.0989224704009,0.0511815749442
2016-03-21,0.303407973367,0.152941125794,0.0528990682074,0.1954776754,0.0969297959588,0.0491724316203,0.0983762064959,0.0507957231571
2016-03-22,0.303465855562,0.152882239012,0.052707702853,0.195495522519,0.0967958240003,0.0490825858796,0.0987375355023,0.0508327346731
2016-03-23,0.303301427414,0.152143952611,0.0522118400531,0.197117327663,0.0978336079601,0.0494341999141,0.0970915363937,0.0508661079909
2016-03-24,0.303654327969,0.15140177215,0.0522185549721,0.197452147677,0.0978922256977,0.0494001142727,0.0970140876808,0.0509667695813
2016-03-28,0.303138024679,0.151996824298,0.0522376711687,0.197143107443,0.0978111636255,0.0493479926595,0.0970165992769,0.0513086168496
2016-03-29,0.302975849956,0.152303446585,0.0522347961618,0.195816449298,0.0975183850035,0.0493830396717,0.0978557982106,0.0519122351134
2016-03-30,0.303871357846,0.153229114988,0.0527545802306,0.195466365507,0.0972466316011,0.0493427549126,0.0963503766042,0.0517388183111
2016-03-31,0.303245135013,0.151930379467,0.0527129732624,0.196157645809,0.0976362826018,0.0494125788471,0.0968302513158,0.0520747536842
2016-04-01,0.3,0.15,0.05,0.2,0.1,0.05,0.1,0.05
2016-04-04,0.299732372438,0.150014026708,0.0494384353004,0.200670246236,0.100353598942,0.050178826447,0.0995667000495,0.0500457938798
2016-04-05,0.298237462785,0.147960701276,0.0487585765992,0.201957224762,0.101262976057,0.0504849758387,0.101370545489,0.0499675371929
2016-04-06,0.29988152691,0.149541379298,0.0491189318853,0.200840366712,0.100502831829,0.0500838297454,0.100211200175,0.0498199334447
2016-04-07,0.297627648618,0.148087292647,0.0483098284291,0.202182236594,0.101476398707,0.0504848787336,0.102100099554,0.0497316167177
2016-04-08,0.297206402329,0.150277005108,0.0489499395808,0.201153492863,0.100905538689,0.0501773856394,0.101527064977,0.0498031708145
2016-04-11,0.296109084868,0.150201363836,0.0495334102564,0.201027248659,0.100751353757,0.0499832068235,0.102759977918,0.0496343538821
2016-04-12,0.297306293809,0.151690613356,0.0500357473241,0.199653272463,0.0998274667636,0.0495139146729,0.102240501929,0.0497321896826
2016-04-13,0.298746441529,0.153288405099,0.0507037172517,0.198703854763,0.0993798820286,0.0492994080154,0.100623943913,0.0492543474013
2016-04-14,0.299493050868,0.153832075007,0.0505702632224,0.198849327487,0.0993890021843,0.0493033871594,0.0994607439922,0.0491021500793
2016-04-15,0.298852166734,0.153253434194,0.0502175609132,0.199200089967,0.0995833377712,0.0494295997366,0.100044995639,0.049418815044
2016-04-18,0.299868373043,0.154080556372,0.050207712512,0.198464777189,0.0991259968345,0.0492429745806,0.0995325448835,0.0494770645851
2016-04-19,0.299056989657,0.15583944224,0.0506795146596,0.197287694975,0.0983863415546,0.0490409739361,0.100497511785,0.0492115311932
2016-04-20,0.300101543021,0.15627654433,0.0504814257925,0.197306916445,0.0981351042271,0.0489593276278,0.100238561367,0.0485005771896
2016-04-21,0.299703912442,0.15599344393,0.0501309516774,0.197842540892,0.0983733892247,0.049098518186,0.101027776487,0.047829467161
2016-04-22,0.300065595162,0.156056034817,0.050005801314,0.198099167471,0.0983841931007,0.0491275393369,0.0998537755764,0.0484078932229
2016-04-25,0.299931261592,0.155584522539,0.0496693459335,0.198136753964,0.098401784503,0.0491341002516,0.100269639595,0.0488725916219
2016-04-26,0.299810718505,0.155877082983,0.0501608149473,0.19767369103,0.0980095991528,0.0490198937489,0.100478484675,0.048969714957
2016-04-27,0.299572762238,0.155683819878,0.0503168847839,0.197700678522,0.0982683113892,0.0491771941767,0.100479503395,0.0488008456176
2016-04-28,0.297581105955,0.154057377087,0.0499265959767,0.198578815262,0.098850401553,0.0495563489145,0.102629464622,0.048819890629
2016-04-29,0.296192492952,0.153668527218,0.0498634621974,0.198707211681,0.0988872863475,0.0495712947575,0.104703449204,0.0484062756422
2016-05-02,0.3,0.15,0.05,0.2,0.1,0.05,0.1,0.05
2016-05-03,0.299090116028,0.148331382469,0.0488859414243,0.201507627792,0.101168854842,0.0503079558217,0.10034346469,0.0503646569327
2016-05-04,0.298530571792,0.147084716058,0.0483728152726,0.202350247166,0.101730370346,0.0505528232729,0.100103250197,0.0512752058953
2016-05-05,0.298233517598,0.146844399497,0.0483341083453,0.202698930188,0.101925286737,0.0506753498553,0.0999085667131,0.0513798410661
2016-05-06,0.298643551637,0.146836354403,0.0483396238138,0.201928256535,0.101454378624,0.0503842358997,0.100587582077,0.0518260170095
2016-05-09,0.299526714578,0.146658701994,0.0477044230777,0.202485859741,0.101863798879,0.0505223349301,0.0987313975305,0.0525067692691
2016-05-10,0.301042503179,0.147740556842,0.0483052976267,0.201101724571,0.101103690768,0.0503074281942,0.0982804539295,0.0521183448898
2016-05-11,0.299440925671,0.147283298238,0.0483577722288,0.201920741592,0.101671480603,0.0505035224385,0.0996105881758,0.0512116710538
2016-05-12,0.299857892669,0.147323316975,0.0483243742251,0.201961292485,0.101507858715,0.0505240439838,0.0989364322744,0.0515647886726
2016-05-13,0.298507812303,0.146311225239,0.0476594690761,0.203203002267,0.102326691751,0.0508622468691,0.0998078018378,0.0513217506573
2016-05-16,0.299927752569,0.147363684214,0.0479667483628,0.201829659671,0.101441829778,0.0505478702366,0.0993763316812,0.0515461234873
2016-05-17,0.298575024106,0.147221520553,0.0479972804077,0.202538454508,0.101797338554,0.0508292743331,0.100204557366,0.0508365501707
2016-05-18,0.300178314213,0.147845259263,0.0478619388538,0.20272167244,0.101488746586,0.0506437855423,0.0989661789496,0.0502941041528
2016-05-19,0.300084684569,0.147322385438,0.0474285751034,0.203491895197,0.101912170703,0.0507817871518,0.0990891952068,0.0498893066308
2016-05-20,0.30071210884,0.14806008836,0.0477534917002,0.202765663141,0.10154893287,0.0505419129738,0.0985412911566,0.0500765109578
2016-05-23,0.300670308505,0.147747663932,0.0477099673735,0.202977448015,0.101738345023,0.0506304555884,0.0983818181262,0.0501439934372
2016-05-24,0.303092191463,0.148833943167,0.0480445803629,0.201884427288,0.101079335049,0.0503366512661,0.0962074530609,0.0505214183428
2016-05-25,0.303978013303,0.149731972417,0.0484094833291,0.20114679785,0.100645787373,0.0501831996585,0.0955770664567,0.0503276796132
2016-05-26,0.303679896447,0.149868213534,0.0486656556182,0.201200948927,0.10083045565,0.0502645304938,0.0951295621325,0.0503607371975
2016-05-27,0.304899778653,0.149622371767,0.0486375306095,0.201108031153,0.10060931314,0.0501845296967,0.0943196653754,0.0506187796046
2016-05-31,0.304458123752,0.149160686655,0.0487895857338,0.201326908572,0.100774518322,0.0501327057104,0.0947217039125,0.0506357673418
2016-06-01,0.3,0.15,0.05,0.2,0.1,0.05,0.1,0.05
2016-06-02,0.300202692426,0.149686768231,0.0502807770681,0.200033785771,0.100073599576,0.0500527087189,0.0995315771451,0.0501380910627
2016-06-03,0.297410109586,0.149917490086,0.0507402152083,0.199844102121,0.100362899426,0.0500576141436,0.101645793599,0.0500217758296
2016-06-06,0.298288350543,0.150613048821,0.0510571213892,0.199150596518,0.0998877615025,0.0500076644016,0.101463905338,0.0495315514868
2016-06-07,0.297927671921,0.151329084163,0.0514125007364,0.198778476009,0.0997555636749,0.0500035721325,0.101098186351,0.0496949450115
2016-06-08,0.297707680732,0.151209476634,0.0516294935971,0.198057503323,0.0994745994699,0.0499207134365,0.102186826159,0.0498137066481
2016-06-09,0.297864304904,0.149598674844,0.0511442760464,0.19857535329,0.0998158318565,0.0500325652273,0.10294926025,0.0500197335814
2016-06-10,0.297228286125,0.146640986854,0.050216583934,0.200316757016,0.100908811777,0.050403429081,0.104131490861,0.0501536543527
2016-06-13,0.296108964828,0.145101141998,0.0497823897816,0.201275606913,0.101510091206,0.0505383353268,0.10531847721,0.0503649927371
2016-06-14,0.29643091385,0.143477694798,0.0497903441887,0.201801084685,0.101793396272,0.0505658850483,0.105752756561,0.0503879245974
2016-06-15,0.295060265451,0.143965428113,0.0500892463509,0.201581144219,0.101773150356,0.0506382404951,0.10619205808,0.0507004669349
2016-06-16,0.295909128248,0.143991355577,0.0499652136316,0.20168573484,0.101871317186,0.0505323405219,0.10506461316,0.0509802968343
2016-06-17,0.294473104045,0.145192070134,0.050130870848,0.201313151972,0.101410951119,0.0503485510433,0.106291883908,0.0508394169304
2016-06-20,0.295097592911,0.147943480711,0.0506386948807,0.19989328213,0.100541836508,0.0499890876652,0.105203852391,0.050692172804
2016-06-21,0.29592887906,0.149092442002,0.0510212225291,0.199745481846,0.100313745422,0.049835954902,0.103177973834,0.0508843004038
2016-06-22,0.295512056374,0.148878752467,0.0511063957618,0.199915697626,0.100534997869,0.0499817861659,0.103252226678,0.0508180870583
2016-06-23,0.297041332392,0.151605494409,0.0519698468316,0.198028764879,0.0992808320184,0.0496118387589,0.101782935235,0.0506789554766
2016-06-24,0.291842157995,0.141846829729,0.0499624727738,0.202897600197,0.102574822416,0.0508753824947,0.108812680054,0.0511880543413
2016-06-27,0.28835132578,0.139942312839,0.0497396286535,0.204947662114,0.104088177801,0.0513338226711,0.110062549528,0.0515345206134
2016-06-28,0.290452266571,0.142152017181,0.050625615629,0.203036178981,0.102970858625,0.0509667294994,0.107731214167,0.0520651193472
2016-06-29,0.292708919806,0.143403363057,0.0513423470144,0.20104476534,0.101618761243,0.0504724357458,0.107193471324,0.05221593647
2016-06-30,0.294323522854,0.144004440188,0.0514416288032,0.19984050944,0.101027334892,0.0501622331968,0.106866109158,0.0523342214683
2016-07-01,0.3,0.15,0.05,0.2,0.1,0.05,0.1,0.05
2016-07-05,0.298908154585,0.147563607472,0.0491892593054,0.201250489626,0.100908228738,0.0502604515809,0.101186424278,0.0507333844148
2016-07-06,0.299885126824,0.147205590275,0.0490558008171,0.201077572843,0.100652152766,0.0502438132614,0.101504246148,0.0503756970652
2016-07-07,0.300393527134,0.146909705683,0.0489574759101,0.20140088997,0.100752263788,0.0502573431584,0.10135660682,0.0499721875359
2016-07-08,0.301959574225,0.147527637684,0.0495685389921,0.199780534125,0.0999848691782,0.04988849041,0.100993734194,0.0502966211924
2016-07-11,0.302547865253,0.149311005974,0.049895869622,0.198937861806,0.0993012523788,0.0495685082962,0.099884594321,0.0505530423483
2016-07-12,0.304120456776,0.151099959316,0.0505606937289,0.197932187659,0.0985110909572,0.0493019278994,0.0980298848834,0.0504437987796
2016-07-13,0.303601338707,0.150737532284,0.0503978529838,0.197902795086,0.0986101498018,0.049330197593,0.0987768350934,0.0506432984514
2016-07-14,0.304759556478,0.151767052225,0.0510043007081,0.197379403897,0.0980266169328,0.0491169971131,0.0978423649661,0.0501037076804
2016-07-15,0.305220265513,0.151446858713,0.0509688072152,0.197223243559,0.0979304797235,0.0492024043255,0.0977443436787,0.0502635972718
2016-07-18,0.305470985348,0.151499463069,0.0513192386713,0.196891222976,0.0977220248312,0.0490771026132,0.0977162776084,0.050303684883
2016-07-19,0.305442272131,0.150425979798,0.0509209493568,0.197476827649,0.0980745669639,0.0491266186635,0.0979374258901,0.0505953595483
2016-07-20,0.306479895903,0.151398322622,0.0511465497783,0.197150904037,0.0977988147942,0.0490005521118,0.0964626133609,0.0505623473924
2016-07-21,0.305227260942,0.150975037417,0.0509914930113,0.197264818395,0.0979867018128,0.0490063913008,0.09790149976,0.0506467973609
2016-07-22,0.30616292445,0.1508450883,0.0512528465552,0.197020960649,0.0977697329119,0.048894994173,0.0970335259201,0.051019927041
2016-07-25,0.306151955137,0.150999417896,0.05097267352,0.1973223213,0.0979538024444,0.0489208284419,0.0966166920755,0.0510623091854
2016-07-26,0.305846134499,0.151489327244,0.051204280686,0.197034195039,0.0978718897972,0.0489337490852,0.0968831376094,0.0507372860403
2016-07-27,0.304678579906,0.151738151508,0.0511323636269,0.197067545278,0.0980197672347,0.0489879728359,0.0981724091053,0.0502032105047
2016-07-28,0.304844820513,0.151645868651,0.0510735420338,0.19693012551,0.0980124007878,0.0490254515249,0.0978291665799,0.0506386244
2016-07-29,0.303763129305,0.152604495365,0.0510861172188,0.196436425613,0.0978794097192,0.0488814523919,0.0983312331876,0.0510177371996
2016-08-01,0.3,0.15,0.05,0.2,0.1,0.05,0.1,0.05
2016-08-02,0.299271684904,0.149860497005,0.0499281607168,0.200212281805,0.100159631642,0.0499530567717,0.101216334628,0.0493983525272
2016-08-03,0.300082457693,0.149252992246,0.050189572905,0.200383678238,0.10019185207,0.050085529122,0.100713167611,0.0491007501148
2016-08-04,0.299735890491,0.149783704823,0.0503226057248,0.200313262597,0.100210072009,0.0501821332935,0.100660432556,0.0487918985053
2016-08-05,0.302080118439,0.150263697797,0.0508609655991,0.199566081078,0.0995516856688,0.0500432573609,0.0988271675892,0.0488070264672
2016-08-08,0.301675524019,0.150643622005,0.0511484721447,0.199542094121,0.0994241971338,0.0500405695659,0.0986684512214,0.0488570697889
2016-08-09,0.300830256728,0.151357334334,0.051312527132,0.199378199054,0.0994410076433,0.0499912408459,0.0987346236195,0.0489548106426
2016-08-10,0.29991091306,0.151799660918,0.0511611009448,0.199492269619,0.0996487374203,0.0499750283601,0.0991397718499,0.0488725178277
2016-08-11,0.301078120125,0.152828617341,0.051716655483,0.198812826638,0.0990966314872,0.0498044409591,0.0983800904852,0.0482826174818
2016-08-12,0.300790955265,0.15240783125,0.0515098881746,0.199273560457,0.0994421788956,0.0499292293692,0.0981636748118,0.0484826817771
2016-08-15,0.30117575321,0.15281551134,0.0519932120432,0.198601484465,0.0989915281734,0.0497205360202,0.0983451274276,0.0483568473207
2016-08-16,0.300416745362,0.152853182405,0.0518609459548,0.19900405969,0.0990856734953,0.0497834813727,0.0990917800311,0.0479041316898
2016-08-17,0.300598692166,0.152658586262,0.0516060753225,0.199122113346,0.0991186973259,0.0498705849041,0.0989887363628,0.0480365143116
2016-08-18,0.300460101463,0.153019170946,0.05188383139,0.198867126354,0.0990277064148,0.0498217553442,0.0991902344861,0.0477300736027
2016-08-19,0.301203370049,0.152479326142,0.0517777312159,0.199208152066,0.0990814884503,0.0499363401623,0.0987019498547,0.047611642059
2016-08-22,0.3011299797,0.152571548045,0.0511193771735,0.199469783459,0.0992832840789,0.0500297734867,0.0985358991415,0.0478603549158
2016-08-23,0.301396476864,0.153052121986,0.0508055532087,0.199298183264,0.0991625704487,0.0500422363365,0.0984095329567,0.047833324936
2016-08-24,0.300856322947,0.153113250976,0.0511240757892,0.199892771032,0.0994582692311,0.0501317099809,0.097640738969,0.0477828610748
2016-08-25,0.300944030451,0.15277201798,0.051160642184,0.199875542941,0.0993959206903,0.0501549407979,0.0976513859866,0.048045518969
2016-08-26,0.301446712586,0.152247565424,0.0509350091706,0.200266346729,0.0993663624709,0.0501385044437,0.0978593319392,0.0477401672368
2016-08-29,0.301649028998,0.152176013989,0.0510984554682,0.199969137944,0.0993542507693,0.0501075415511,0.0976384380949,0.0480071331858
2016-08-30,0.301796881898,0.152174059752,0.0511265349499,0.200290758849,0.099558225953,0.0501716758509,0.0968637256407,0.0480181371067
2016-08-31,0.301592283653,0.151970355299,0.0507481865257,0.200690145009,0.0996585528765,0.0502893062512,0.0968800119103,0.0481711584764
2016-09-01,0.3,0.15,0.05,0.2,0.1,0.05,0.1,0.05
2016-09-02,0.299998459263,0.150847747225,0.0505313215412,0.198835750905,0.0992923736754,0.0497194217826,0.100567743214,0.0502071823933
2016-09-06,0.298980982732,0.151315552504,0.0510779480824,0.197986512324,0.099117600761,0.0496365655142,0.101614173193,0.0502706648884
2016-09-07,0.298928927179,0.151302976515,0.0510078218817,0.198075528572,0.0991624501076,0.0496965369012,0.101258383005,0.0505673758387
2016-09-08,0.299326748665,0.151531638459,0.0510867829096,0.198104628215,0.0990332736323,0.0497006953229,0.101086421082,0.0501298117152
2016-09-09,0.29700409884,0.150795473682,0.0502932618919,0.200508182972,0.100196020126,0.0501755456282,0.10208507291,0.0489423439496
2016-09-12,0.299297284481,0.150979891171,0.0503787513931,0.199358871779,0.0996311986468,0.0498650846055,0.101290184276,0.0491987336481
2016-09-13,0.29851384388,0.149562588788,0.0497076304441,0.201177750086,0.10044768855,0.0502364303103,0.101818364522,0.0485357034177
2016-09-14,0.298090114685,0.149324436604,0.049833339915,0.201220017869,0.100569340191,0.050262736389,0.102059801291,0.0486402130551
2016-09-15,0.299645330218,0.149922760431,0.0503864877527,0.200394021125,0.100120879927,0.0500120188898,0.100925166846,0.0485933348111
2016-09-16,0.299452661583,0.148567519234,0.0502084079265,0.201186407872,0.100553360088,0.0502568745996,0.101001293717,0.0487734749804
2016-09-19,0.298995319805,0.149292579049,0.0505445618844,0.200679774037,0.100209348575,0.050109582905,0.101037749169,0.0491310845749
2016-09-20,0.298734566248,0.149808010486,0.0505117104655,0.200567049726,0.100270731641,0.050054832223,0.10104158018,0.0490115190313
2016-09-21,0.298971651286,0.151085209453,0.0512016798265,0.198991522437,0.0993951665357,0.0497705105833,0.101456076527,0.0491281833513
2016-09-22,0.299158462191,0.151718007288,0.0511404819612,0.198275210074,0.0991276147384,0.0497343635447,0.101121558011,0.0497243021926
2016-09-23,0.298537137909,0.150787116667,0.0506436103068,0.198900324048,0.099511354798,0.0500422862517,0.101531133422,0.0500470365975
2016-09-26,0.297239462585,0.150023901823,0.0502149326161,0.199902519644,0.100174432131,0.0502533655499,0.101835703934,0.0503556817168
2016-09-27,0.298402774779,0.150407939441,0.0506252332228,0.199695098493,0.100115652917,0.0501819082774,0.100862694967,0.0497086979019
2016-09-28,0.298847476602,0.151214515019,0.0509464458369,0.199058018377,0.099725211798,0.0500686616496,0.100196559669,0.0499431110481
2016-09-29,0.297969951998,0.150286620292,0.0504105495614,0.2002855289,0.10040276246,0.0503687410558,0.100694622235,0.0495812234975
2016-09-30,0.299477013477,0.150924026685,0.0506494948073,0.199577854137,0.0999048751493,0.0502443540266,0.100103352363,0.0491190293546
2016-10-03,0.3,0.15,0.05,0.2,0.1,0.05,0.1,0.05
2016-10-04,0.300879526614,0.150765038678,0.0498978902495,0.200930567267,0.100345818788,0.0501566619652,0.0973078994355,0.049716597002
2016-10-05,0.30186011747,0.15139904877,0.0505975258861,0.200427806757,0.100003546314,0.0500162413207,0.0970422924762,0.0486534210058
2016-10-06,0.302573228037,0.150840891179,0.0506818096382,0.200761673033,0.0999620318796,0.0501255711374,0.0963025685261,0.04875222657
2016-10-07,0.302150129763,0.150173961515,0.0506116742545,0.20120691275,0.100310807089,0.050214697882,0.096563343861,0.0487684728851
2016-10-10,0.302891495224,0.150369620418,0.0508188387184,0.20056545034,0.0997736604069,0.0500077598148,0.0966364493003,0.0489367257777
2016-10-11,0.301566669379,0.14942237893,0.0502913418714,0.201934232975,0.100580581725,0.0503866257425,0.0969498101273,0.0488683592488
2016-10-12,0.301688298045,0.149082856608,0.0501921017643,0.201823548622,0.100489306259,0.0503234620145,0.0970157671734,0.0493846595143
2016-10-13,0.300851714849,0.148749914022,0.0499089816973,0.202215245242,0.100749583939,0.0504273882054,0.0972997554391,0.0497974166057
2016-10-14,0.301324755614,0.149029457034,0.0500958912224,0.20208396132,0.100545663908,0.050432550016,0.0968587547168,0.0496289661688
2016-10-17,0.300346833737,0.148818129766,0.0500132813264,0.202474657554,0.100787571029,0.0506712594614,0.0971404939051,0.0497477732206
2016-10-18,0.300474098739,0.149539040887,0.0506041021432,0.201624693533,0.100402345848,0.0504076800807,0.0971740422094,0.0497739965594
2016-10-19,0.300529153902,0.14969538942,0.05074505319,0.201233294382,0.100198899487,0.0503521478751,0.097488721812,0.0497573399318
2016-10-20,0.300352141136,0.149887027646,0.0507433685762,0.201418776461,0.100236577824,0.0503384812137,0.097315306947,0.0497083201969
2016-10-21,0.300489920012,0.149561132323,0.0507562273298,0.201543039615,0.100344364869,0.0503944223071,0.0973869716729,0.0495239218708
2016-10-24,0.301555802732,0.149253272658,0.0509737180487,0.20109526047,0.100138047796,0.0502809989789,0.0971011011078,0.049601798208
2016-10-25,0.300686164892,0.149201489344,0.0509575800615,0.201189420679,0.100166844283,0.0503826052885,0.0978798432487,0.0495360522039
2016-10-26,0.301156824153,0.14900285807,0.0507654761414,0.201511936988,0.100307277034,0.0505107474787,0.0976803727585,0.049064507376
2016-10-27,0.301418126642,0.149367475811,0.050556083337,0.201717961902,0.100315999001,0.0504712900249,0.0982050799938,0.0479479832894
2016-10-28,0.300708708527,0.149375848256,0.0503045298053,0.201839738468,0.100394844389,0.0505585911579,0.0987272258691,0.0480905135272
2016-10-31,0.300181755306,0.148984734371,0.0506162547166,0.201730309522,0.100296215913,0.0505636389036,0.0988414117244,0.0487856795427
2016-11-01,0.3,0.15,0.05,0.2,0.1,0.05,0.1,0.05
2016-11-02,0.29906938031,0.14932454441,0.049571255271,0.200821686392,0.10059458624,0.0501683478461,0.101037058526,0.0494131410051
2016-11-03,0.298265105866,0.149524916694,0.0495445864202,0.200931001073,0.100721316413,0.0501203953512,0.101769031645,0.0491236465373
2016-11-04,0.298167010658,0.14839773113,0.0490595818516,0.201503072543,0.101110305326,0.050289354492,0.101921513942,0.0495514300569
2016-11-07,0.302139122662,0.149142074059,0.0502900021724,0.199547416067,0.0998288820554,0.0498337365485,0.0992307137846,0.0499880526503
2016-11-08,0.303180245117,0.149354271525,0.0504762632612,0.199014310602,0.0993703555991,0.0496953071233,0.0987123202133,0.050196926559
2016-11-09,0.307290737782,0.149544200632,0.0492909690774,0.197743097425,0.0981432432769,0.0494699276301,0.0989359222152,0.0495819019618
2016-11-10,0.309587991525,0.149790866378,0.0481025504025,0.197911800877,0.0980371679966,0.0496290776439,0.0979469728015,0.0489935723752
2016-11-11,0.310542243844,0.149393954939,0.0474734310559,0.198616845137,0.0983645040373,0.0497576890718,0.0962966578145,0.0495546741009
2016-11-14,0.31142253304,0.149033160888,0.0473412132573,0.198222018618,0.0979954232262,0.0494755341151,0.0956780243189,0.0508320925365
2016-11-15,0.312346287351,0.149230136808,0.0480004324783,0.197415772612,0.0975251438588,0.049268509555,0.0960471432642,0.0501665740723
2016-11-16,0.312429861671,0.148179704329,0.0477133117778,0.198276220113,0.0978266090964,0.0494788841879,0.0959660001944,0.0501294086305
2016-11-17,0.313924803116,0.149124242532,0.0477098829775,0.197461382647,0.0973607850795,0.0493787118713,0.0954391079719,0.0496010838049
2016-11-18,0.314471828433,0.148384563873,0.0477921249312,0.197610805957,0.0973162550998,0.049501411434,0.0949784970604,0.0499445132118
2016-11-21,0.315361795226,0.148975952185,0.0480387233008,0.19684818152,0.0969427800159,0.0493868402042,0.094886428718,0.0495592988299
2016-11-22,0.315111273985,0.149022732347,0.0484299105703,0.196489326909,0.0967682840605,0.0492947511517,0.0945934696273,0.0502902513493
2016-11-23,0.316588347882,0.149099570907,0.0481592513117,0.1966124767,0.0968202415033,0.0493334633366,0.0931026027264,0.0502840456325
2016-11-25,0.317351023066,0.14919605091,0.0483520250672,0.196338281267,0.0966117050322,0.0491866245917,0.0924559455047,0.0505083445605
2016-11-28,0.315663367916,0.148563329349,0.0485636541871,0.196904759831,0.0969909592124,0.049229754452,0.0933744911033,0.0507096839483
2016-11-29,0.315682900468,0.149111472911,0.0484989354469,0.196750915165,0.0969087569771,0.0491846580502,0.092764431746,0.0510979292365
2016-11-30,0.316226751642,0.149519698767,0.0487801204517,0.196782119285,0.0966572602067,0.0494139882268,0.0918977667568,0.0507222946643
2016-12-01,0.3,0.15,0.05,0.2,0.1,0.05,0.1,0.05
2016-12-02,0.299355202601,0.150019671225,0.049811843431,0.200099975264,0.100182787035,0.0498940493912,0.100271578565,0.0503648924879
2016-12-05,0.300152950395,0.150684920774,0.0499793756128,0.19960104147,0.0998118069414,0.0497986473868,0.0994035741262,0.050567683294
2016-12-06,0.3003454505,0.15134213445,0.0500612041736,0.199061629641,0.0995983852115,0.0497698603167,0.0990555063289,0.0507658293778
2016-12-07,0.301581966546,0.151975679074,0.0503592403366,0.197811398978,0.0990455935143,0.0493730417331,0.098531476398,0.05132160342
2016-12-08,0.302190202683,0.152033440373,0.0505706911651,0.197361179984,0.0986276180343,0.0493039059282,0.0982600329019,0.0516529289307
2016-12-09,0.304130204579,0.152542808163,0.050356529281,0.196833346478,0.0981580698468,0.0490961652874,0.0972662913667,0.0516165849988
2016-12-12,0.303998517932,0.15215843108,0.0499806057925,0.19679167272,0.0982470575542,0.0491225828523,0.0977061813086,0.0519949507608
2016-12-13,0.304782552984,0.153136834634,0.0502832870214,0.196245778519,0.0979035453064,0.0489054194119,0.0969838611579,0.0517587209653
2016-12-14,0.305718500707,0.152358718455,0.0493913952611,0.197401283192,0.0981985628699,0.0490734097985,0.0966526429542,0.051205486762
2016-12-15,0.307349986408,0.152294839955,0.0496729362003,0.197401429095,0.0980430665781,0.0488254940047,0.0954450959745,0.0509671517844
2016-12-16,0.306516918165,0.152221175526,0.0493309504423,0.197381073566,0.0980920170728,0.0487622446832,0.0960037970795,0.0516918234652
2016-12-19,0.306443004342,0.151729774113,0.0488805945388,0.197418952167,0.0983084615577,0.0488459872319,0.0962507287384,0.0521224973112
2016-12-20,0.307421492083,0.151959849863,0.0489314076875,0.197104696861,0.0980358548752,0.0488618091144,0.0954783968296,0.0522064926875
2016-12-21,0.306885735777,0.152118352733,0.0488298010967,0.197732792862,0.0982986363714,0.0490354078811,0.0956311864583,0.0514680868206
2016-12-22,0.306850577049,0.151946344464,0.0484500404828,0.198050362185,0.0984147469762,0.049268198246,0.0955547225154,0.0514650080817
2016-12-23,0.306789723397,0.152027683746,0.0486054887145,0.197776747253,0.0983460087311,0.0492433429829,0.0956975714823,0.0515134336934
2016-12-27,0.30719924496,0.151645660475,0.0487855402466,0.197403610008,0.0980918646741,0.0491651769804,0.0961461301637,0.0515627724923
2016-12-28,0.305201585475,0.151622959027,0.0491776465366,0.198067507433,0.0986257704356,0.0493795975518,0.0965830870726,0.0513418464683
2016-12-29,0.303882609087,0.151541518266,0.049736523742,0.19786083366,0.0985230887288,0.0492382739738,0.09745063339,0.0517665191521
2016-12-30,0.302823886475,0.15185848133,0.0494822894415,0.198298571343,0.0988323341811,0.0494082656183,0.0968664280391,0.0524297435721
2017-01-03,0.3,0.15,0.05,0.2,0.1,0.05,0.1,0.05
2017-01-04,0.300151708726,0.151014082434,0.0501831464194,0.198972992923,0.0995727261475,0.0498392069985,0.0998099892951,0.0504561470563
2017-01-05,0.298427719426,0.151598340368,0.0504544594764,0.198810851161,0.0997218616454,0.0497626787422,0.100856499367,0.0503675898133
2017-01-06,0.300034997552,0.151264796844,0.0503397450211,0.198509002467,0.0994472895924,0.0496466227317,0.100293256158,0.050464289635
2017-01-09,0.299127942347,0.150942861507,0.050271524075,0.198894398353,0.0998536262648,0.0497392742281,0.101147137223,0.0500232360024
2017-01-10,0.299014682997,0.151047403485,0.0505265724237,0.198764152486,0.0997685204464,0.0497598244066,0.10153958953,0.0495792542257
2017-01-11,0.299006634556,0.151666227915,0.0508201093337,0.198436180998,0.0995978362003,0.0497753449538,0.101563888858,0.0491337771859
2017-01-12,0.298171329513,0.15174402248,0.0509286066849,0.198452863579,0.0996261581703,0.0498047929358,0.101901797267,0.0493704293708
2017-01-13,0.298634845987,0.152195826654,0.0508363596006,0.197959341198,0.0993357660111,0.049680820247,0.102094648761,0.0492623915412
2017-01-17,0.297086505956,0.151539919725,0.0506970956265,0.198303697123,0.0996688639547,0.0497546352992,0.103388019798,0.049561262517
2017-01-18,0.298583575643,0.151282119642,0.0506488953625,0.198004451413,0.0992425703868,0.0496507295543,0.102802857761,0.0497848002374
2017-01-19,0.298387802141,0.151461875281,0.0506667780112,0.198096933213,0.0991675944102,0.0497632907369,0.103027648699,0.0494280775078
2017-01-20,0.298693532186,0.151788284539,0.0506150638244,0.1976471272,0.0989530337352,0.0496406264886,0.10300637718,0.0496559548461
2017-01-23,0.297146047376,0.151717800343,0.0511796984444,0.197683294437,0.0992150490738,0.0497126164534,0.103400898588,0.0499445952849
2017-01-24,0.298545158628,0.152103818884,0.0514606514501,0.197039106906,0.0986711534475,0.049545867791,0.102762299458,0.049871943435
2017-01-25,0.300477668114,0.153258004651,0.0517976003221,0.196086120434,0.0979698758697,0.0492781849822,0.101694882149,0.0494376634775
2017-01-26,0.300680163783,0.153039953084,0.0516690359573,0.196550851067,0.0982700924378,0.0494368614014,0.100925376494,0.0494276657752
2017-01-27,0.300414660055,0.152783460457,0.0517589970533,0.196849931598,0.0984598532254,0.0495534584247,0.101199840546,0.0489797986408
2017-01-30,0.299523219839,0.152192229121,0.0516679040728,0.197399263321,0.0987520406774,0.0497016648447,0.1019586492,0.0488050289244
2017-01-31,0.298538588238,0.152227648599,0.051529836032,0.197241189753,0.0987745622771,0.0496469721526,0.103041356535,0.0489998464121
2017-02-01,0.3,0.15,0.05,0.2,0.1,0.05,0.1,0.05
2017-02-02,0.299624982263,0.1499502395,0.050075715681,0.199729430637,0.0998474043087,0.0499090118259,0.100363751653,0.0504994641309
2017-02-03,0.300602853163,0.15003766795,0.0502099276163,0.199064622074,0.099563482064,0.0496767329216,0.100252316393,0.0505923978175
2017-02-06,0.299860307833,0.148836975846,0.0500576754798,0.199499570161,0.0999700928368,0.0497648658912,0.101538195075,0.0504723168774
2017-02-07,0.299966740321,0.14876553474,0.049889719445,0.199764272296,0.100181620117,0.0497585384595,0.101362675056,0.0503108995649
2017-02-08,0.299417849873,0.14853370786,0.0501252768167,0.199707107993,0.10027447455,0.0497199287156,0.101672775909,0.0505488782819
2017-02-09,0.30096446978,0.148967476692,0.0503482162417,0.199077771543,0.0996020590658,0.0495863878808,0.10082160633,0.0506320124667
2017-02-10,0.301322443986,0.149104071193,0.0506656889704,0.198494509772,0.0992625596733,0.0494892444277,0.100810505435,0.0508509765427
2017-02-13,0.30260190721,0.149471514516,0.0508004864104,0.197965767979,0.0989936954005,0.0493524328274,0.100005567656,0.0508086280011
2017-02-14,0.303768255637,0.149372732575,0.0508713667073,0.197499433418,0.098621793546,0.0492286828669,0.100102835546,0.0505348997039
2017-02-15,0.304638416827,0.149566306464,0.0511283891955,0.196726546295,0.0982027520374,0.0491780508229,0.100312356387,0.0502471819705
2017-02-16,0.303905936395,0.149643910635,0.0509064191091,0.196839432798,0.0984441891814,0.0491016032497,0.100693661912,0.0504648467207
2017-02-17,0.304271262586,0.149084234816,0.0507190637386,0.197202552971,0.0986700032001,0.0491953062161,0.100315060324,0.0505425161492
2017-02-21,0.305009276836,0.149217592975,0.0509540017432,0.19649255371,0.0982771142609,0.0490184118839,0.100022549726,0.051008498864
2017-02-22,0.304712226685,0.149088944859,0.0510786452683,0.196602633406,0.0984275670368,0.0491043677781,0.100149848179,0.0508357667868
2017-02-23,0.304204939108,0.149009672913,0.0509848537997,0.196468164949,0.0984582887816,0.0491050971878,0.100788278766,0.0509807044946
2017-02-24,0.304353568121,0.147623242864,0.0504049208837,0.197038208067,0.0988380659732,0.0492080736377,0.10135323379,0.0511806866635
2017-02-27,0.305049692094,0.147807065554,0.0502354454656,0.196818876847,0.0985553042803,0.0491108958119,0.100935102721,0.051487617226
2017-02-28,0.304826584364,0.147751365966,0.0498960765335,0.19715284308,0.0987030471134,0.0492077887552,0.101227633586,0.0512346606019
2017-03-01,0.3,0.15,0.05,0.2,0.1,0.05,0.1,0.05
2017-03-02,0.299922126939,0.149974268814,0.049408053656,0.200842536974,0.100319533764,0.0501449003877,0.0993570002297,0.0500315792356
2017-03-03,0.299673868149,0.150496659308,0.0497577768554,0.200698981404,0.100269268466,0.050186476646,0.0991532472184,0.049763721952
2017-03-06,0.29949396486,0.150347463427,0.0499532626515,0.201084260864,0.100489167735,0.0502531324505,0.0987214803395,0.0496572676724
2017-03-07,0.299421792151,0.150369648161,0.0501550754049,0.201376538823,0.100621377843,0.050302943534,0.0981961762948,0.0495564477886
2017-03-08,0.30018877288,0.150247910123,0.0498739262586,0.201779597085,0.10072784967,0.0503075130788,0.09801742336,0.048857007545
2017-03-09,0.301076898959,0.151132514545,0.049531702741,0.20149954909,0.100616733401,0.050258721007,0.0976794685776,0.0482044116793
2017-03-10,0.301131180359,0.151810850891,0.0497797967654,0.201132131351,0.100496085936,0.0501855880319,0.0975685335851,0.0478958330808
2017-03-13,0.301005568221,0.152377704246,0.0503644243029,0.200609688322,0.100152380252,0.0500239169445,0.0974956104057,0.0479707073065
2017-03-14,0.300745908458,0.151689104743,0.050230351719,0.20128172594,0.100556937003,0.0501371363484,0.0972573267642,0.0481015090241
2017-03-15,0.299921047548,0.152311251405,0.0508240000591,0.200158884219,0.100292100249,0.0500196179122,0.0979531893096,0.0485199092979
2017-03-16,0.299285639418,0.152910959175,0.051160754035,0.199905654078,0.0999992607107,0.0499768314391,0.0983427375579,0.0484181635862
2017-03-17,0.298489818801,0.153006012452,0.051063503352,0.200151546577,0.100176636768,0.0500415277084,0.0984725936966,0.0485983606441
2017-03-20,0.297835009578,0.152760386323,0.0515040364433,0.200228204129,0.10030556311,0.0500612746407,0.098801720487,0.0485038052901
2017-03-21,0.29516518281,0.152462954115,0.0510798447072,0.201423592615,0.101035013408,0.0502930535227,0.100058990581,0.0484813682414
2017-03-22,0.29529659226,0.152367409696,0.0512267417974,0.201318855266,0.101034227001,0.0502809495117,0.100112864218,0.0483623602499
2017-03-23,0.294906761319,0.152756913959,0.0512393042256,0.201323405486,0.100903262556,0.050211006209,0.0999527187962,0.0487066274486
2017-03-24,0.294557222124,0.153077291335,0.0513562756258,0.20106407004,0.100914451953,0.0503330919517,0.10006679658,0.0486308003911
2017-03-27,0.294005520935,0.153298663722,0.0511596120129,0.201375712678,0.101077375494,0.0503870954365,0.100545571824,0.0481504478975
2017-03-28,0.295615727421,0.153725782852,0.0511955646564,0.200553083667,0.100553258615,0.0501303880467,0.0999544526996,0.0482717420415
2017-03-29,0.295334883978,0.153591842765,0.0511754729952,0.200618721704,0.100649623095,0.0501673361007,0.100009293501,0.0484528258605
2017-03-30,0.29667431594,0.153214776573,0.0509515573498,0.200519019636,0.100499081412,0.0501121354199,0.0994222437092,0.04860686996
2017-03-31,0.296075173654,0.153028494124,0.0505852236919,0.200728985738,0.100730489205,0.0502767180717,0.0996628318314,0.0489120836843
2017-04-03,0.3,0.15,0.05,0.2,0.1,0.05,0.1,0.05
2017-04-04,0.30016988196,0.149912926498,0.0501088393644,0.199801736525,0.099851274761,0.0499398094287,0.100219091929,0.0499964395341
2017-04-05,0.299638428085,0.149290346337,0.0500817303923,0.20026369629,0.100160683504,0.0500959586233,0.100339916782,0.0501292399867
2017-04-06,0.300283789384,0.149307258578,0.0499614345177,0.200114104782,0.10002893488,0.0500369964805,0.0999053312744,0.0503621501037
2017-04-07,0.300320925154,0.149286691181,0.0500060758965,0.199900617762,0.0998408696538,0.0498979030066,0.100254611055,0.0504923062911
2017-04-10,0.300283686287,0.149179404295,0.0497326026558,0.20001482669,0.0999485697967,0.0498881661652,0.100182561732,0.0507701823779
2017-04-11,0.298959079305,0.149308136502,0.0496220771455,0.199938883499,0.100087631054,0.0498228761451,0.101305584403,0.0509557319461
2017-04-12,0.297562259101,0.149150270243,0.0497819759771,0.200321074234,0.100369036446,0.0499951941099,0.101969631603,0.0508505582861
2017-04-13,0.296264862113,0.148516104102,0.0496267807077,0.201009176414,0.10088667397,0.0501766877223,0.102674522696,0.0508451922746
2017-04-17,0.297640623209,0.149112309338,0.0498420830615,0.200059100396,0.100305283675,0.0498498620984,0.101945170685,0.0512455675376
2017-04-18,0.296822944322,0.148272908885,0.0492694752297,0.200912955838,0.100902368957,0.049970159223,0.102453227837,0.0513959597073
2017-04-19,0.297239685432,0.148067675691,0.0490677084818,0.201253211448,0.100966171108,0.0500411036223,0.10187385667,0.0514905875472
2017-04-20,0.29850258504,0.148826778148,0.0493879255066,0.200165174565,0.100351179308,0.0497959891185,0.101672475052,0.0512978932625
2017-04-21,0.29778555598,0.149020058198,0.0493770661427,0.200377818013,0.100477201667,0.0497658056624,0.102044547226,0.051151947113
2017-04-24,0.299458953123,0.151481637306,0.0496834470117,0.199020212309,0.0997369783938,0.0494880962373,0.100812864879,0.0503178107402
2017-04-25,0.300894098735,0.152310018027,0.0499911584056,0.198161559429,0.0991216121992,0.0493557132605,0.0996903123022,0.0504755276409
2017-04-26,0.300767762319,0.151774708442,0.049816183118,0.198457919862,0.0994038714544,0.0494694949443,0.10020036792,0.0501096919404
2017-04-27,0.300988641501,0.151985635666,0.0496502852354,0.198619310969,0.0994588305264,0.0495074366056,0.0998167995931,0.049973059904
2017-04-28,0.300405345609,0.151908967795,0.0498724961566,0.199013409454,0.0995856308039,0.0495927114946,0.100156089439,0.049465349247
2017-05-01,0.3,0.15,0.05,0.2,0.1,0.05,0.1,0.05
2017-05-02,0.299622944376,0.150647262951,0.0501648385752,0.199948749813,0.100043506602,0.0499183263607,0.0998199701949,0.0498344011281
2017-05-03,0.300394900736,0.150733929587,0.0499964590464,0.200504828782,0.10021559771,0.0499982303676,0.0988003403954,0.0493557133765
2017-05-04,0.301023068248,0.151955239405,0.0495097443728,0.20052241629,0.100080751771,0.0498554121981,0.0978933618417,0.0491600058738
2017-05-05,0.301080720966,0.15291407054,0.0496087863612,0.199811088207,0.0997261679747,0.0497087339554,0.0977118420363,0.0494385899602
2017-05-08,0.301770963393,0.152581442107,0.0494216238235,0.199915525309,0.0997262939975,0.0496382360844,0.097734551778,0.0492113635078
2017-05-09,0.301786860363,0.152468282217,0.0500267394269,0.200128351684,0.0997099059992,0.049642635458,0.0972429541722,0.0489942706787
2017-05-10,0.301853699441,0.152452323685,0.0503436459561,0.199869011718,0.0995154569597,0.0495821309001,0.0970817573231,0.0493019740174
2017-05-11,0.301416523482,0.152244680489,0.0503489041783,0.199969654423,0.0996502087905,0.0497606185549,0.0975246576715,0.0490847524114
2017-05-12,0.300359268241,0.152634913813,0.0505278803348,0.20033755489,0.0999752850803,0.0497477766633,0.0976209989046,0.0487963220735
2017-05-15,0.301068673623,0.153045865326,0.0508366251113,0.199634260458,0.0995952389757,0.0494605555888,0.097572251613,0.0487865293041
2017-05-16,0.300471027966,0.153660696177,0.0508313663886,0.199676917801,0.099619854699,0.0494424643162,0.0978921626782,0.0484055099744
2017-05-17,0.29628303358,0.152394914031,0.0502632237171,0.201480344057,0.100805854428,0.0499225396039,0.100058997789,0.0487910927944
2017-05-18,0.297489298136,0.152699214264,0.0493397803895,0.201378520026,0.100781916852,0.0500033588213,0.0992446481749,0.0490632633352
2017-05-19,0.297822928593,0.153622826456,0.0499474308682,0.200301517507,0.100214787742,0.0498228897739,0.0992040806245,0.0490635384356
2017-05-22,0.29867942068,0.153692704624,0.0498257766018,0.199735220894,0.0998832385337,0.0496356710577,0.0994013042259,0.0491466633827
2017-05-23,0.299585508577,0.153670710313,0.0498420754548,0.199515138427,0.099703296024,0.0496025066079,0.0988521251744,0.0492286394221
2017-05-24,0.299512886149,0.153607820119,0.049885185478,0.199348761289,0.0996522604296,0.0495054170507,0.0989871247607,0.049500544724
2017-05-25,0.300458065373,0.153322732654,0.050060923449,0.199117409473,0.0995470753372,0.0493475636615,0.0987197416702,0.0494264883827
2017-05-26,0.300310704693,0.152874319645,0.0501687634493,0.198988308351,0.0995839681292,0.04945025268,0.0995673036138,0.0490563794388
2017-05-30,0.300200455385,0.152693323361,0.0501084934359,0.199470167324,0.0998853789818,0.0495832215208,0.0992867215084,0.048772238484
2017-05-31,0.299963949255,0.152905376541,0.0497153436642,0.199562642757,0.0998780173932,0.0495694242955,0.0996296238576,0.0487756222367
2017-06-01,0.3,0.15,0.05,0.2,0.1,0.05,0.1,0.05
2017-06-02,0.299459055414,0.150660227933,0.0499018421647,0.199631316435,0.0999251788263,0.0499443443875,0.100222013577,0.0502560212624
2017-06-05,0.299714102813,0.15025639666,0.0499811976284,0.199639348155,0.0999165806414,0.0498930590559,0.100480444447,0.0501188706
2017-06-06,0.298641293495,0.149841496739,0.0499984035193,0.199963072561,0.100194424845,0.0499305261803,0.101572281957,0.0498585007038
2017-06-07,0.299288950354,0.149781958571,0.0499778976421,0.199790042901,0.10004019246,0.0498287886816,0.101068080356,0.0502240890343
2017-06-08,0.299784605052,0.149741423311,0.0501332508813,0.199821834182,0.0999981756999,0.0498344174618,0.100524550152,0.0501617432594
2017-06-09,0.299989540546,0.14953363676,0.0499027063646,0.20009804631,0.100125331331,0.0499005698155,0.0998268965248,0.0506232723488
2017-06-12,0.300086764784,0.149146466594,0.0497463208518,0.200204034276,0.100159656219,0.0498220459946,0.0997306241091,0.0511040871711
2017-06-13,0.300538214517,0.149931301075,0.0498095090969,0.199584227936,0.0998594684018,0.0497369987832,0.0994937327995,0.0510465473904
2017-06-14,0.300127706944,0.149737742428,0.0497681877362,0.200201797024,0.100370891622,0.0497408106388,0.0989389573328,0.0511139062732
2017-06-15,0.300549647439,0.148622993501,0.0494955661104,0.200742011356,0.100528308546,0.0496619173945,0.098854823942,0.0515447317106
2017-06-16,0.300116355182,0.149701467275,0.0495715620538,0.200536417585,0.100417451888,0.0496231817062,0.0987073099268,0.051326254383
2017-06-19,0.302008556273,0.149937693251,0.0498000506092,0.199861663365,0.0999370986607,0.0494671051326,0.0977583911124,0.0512294415959
2017-06-20,0.301086953426,0.149131856439,0.049388093537,0.200915342965,0.100560753554,0.049703475965,0.0979146774137,0.0512988467003
2017-06-21,0.300934404412,0.148955207889,0.0495628116486,0.200899555644,0.100525287084,0.0497692431126,0.0981708576009,0.0511826326081
2017-06-22,0.300478372303,0.149086809961,0.0496938164448,0.200777324132,0.100511717649,0.0498779091564,0.0983974638379,0.0511765865161
2017-06-23,0.300365031956,0.149178560523,0.0497992250132,0.200498503675,0.100381894798,0.0498388668924,0.0986643543994,0.0512735627422
2017-06-26,0.300310708719,0.149342767583,0.0502827774943,0.200512542494,0.10038143957,0.0498754898481,0.0976984267982,0.0515958474926
2017-06-27,0.299208216259,0.14996666751,0.049977433986,0.200795522781,0.100329875312,0.0498596801648,0.0985033956584,0.0513592083292
2017-06-28,0.300524132785,0.150627772775,0.0500450788302,0.199962385623,0.0997842157505,0.0496739420817,0.0981332363188,0.0512492358358
2017-06-29,0.299902830873,0.150120306314,0.0498187246979,0.20093339062,0.100086205753,0.0498134248063,0.0983167131522,0.0510084037841
2017-06-30,0.300331644083,0.150346298704,0.0501905133917,0.200589892504,0.0998087742448,0.0497216784594,0.0980249102865,0.0509862883269
2017-07-03,0.3,0.15,0.05,0.2,0.1,0.05,0.1,0.05
2017-07-05,0.300511420934,0.149981838786,0.0498844089876,0.199988759206,0.100014819537,0.0500449237472,0.10030958801,0.049264240792
2017-07-06,0.299522927171,0.149953930964,0.049627763993,0.200783438357,0.100416281288,0.050211565469,0.100859035942,0.0486250568161
2017-07-07,0.301108131429,0.150031918676,0.0497036182505,0.20047186967,0.100136307698,0.0499964679638,0.0997102430116,0.048841443302
2017-07-10,0.301174293673,0.150159357922,0.0500158148216,0.20039278891,0.100183318065,0.0499316382628,0.0997893636414,0.0483534247051
2017-07-11,0.30060265474,0.150459539344,0.0503122142784,0.200344865719,0.100199684937,0.0500335725843,0.0998034572943,0.0482440111019
2017-07-12,0.300889521349,0.150819638568,0.0509311606395,0.199642527242,0.0998382550997,0.0498532581835,0.0995052021101,0.0485204368094
2017-07-13,0.301201542519,0.15115705173,0.0510439699678,0.199295527855,0.0996709778368,0.0498036229674,0.099261314062,0.0485659930623
2017-07-14,0.30121195275,0.151541131967,0.0513278362688,0.198576899893,0.0993517459357,0.0495697701388,0.099614355904,0.0488063071429
2017-07-17,0.300995913412,0.151198905838,0.0510318511009,0.198549367494,0.0994139073628,0.0496410399361,0.0999983957175,0.049170619138
2017-07-18,0.300518458742,0.151202516729,0.0510082237397,0.198582158919,0.0995669023755,0.0496759732039,0.100484581059,0.048961185232
2017-07-19,0.301158749575,0.151424892848,0.0513336233919,0.197987815528,0.09924174747,0.0495530091874,0.100130990548,0.049169171452
2017-07-20,0.30117378769,0.151866149926,0.0512053845748,0.197963789739,0.0992303355921,0.0494114119878,0.10022704241,0.0489220980802
2017-07-21,0.300709329359,0.151373598757,0.0510640977225,0.198177115305,0.0993417843783,0.0494531917137,0.10102569643,0.048855186334
2017-07-24,0.300775687489,0.151157551564,0.0512796730635,0.198088650124,0.099322894091,0.0494761322348,0.101114931585,0.0487844798491
2017-07-25,0.301797623837,0.151410720559,0.0512450734441,0.19757562727,0.0988616062468,0.0493320079262,0.100881581811,0.0488957589059
2017-07-26,0.300804139453,0.15187011127,0.0514452194383,0.197295088941,0.0988467798284,0.0493110297963,0.101357103227,0.0490705280458
2017-07-27,0.301009694812,0.151543238493,0.0512646285547,0.197325208795,0.0988487988789,0.0493558306158,0.101444527663,0.0492080721872
2017-07-28,0.300269062259,0.151490743302,0.0513900444313,0.197466898665,0.0988880168975,0.0494095675562,0.102074978882,0.0490106880064
2017-07-31,0.300012541173,0.151768465658,0.0514590365785,0.19732015048,0.0988873994678,0.0493953695693,0.102096376387,0.0490606606876
2017-08-01,0.3,0.15,0.05,0.2,0.1,0.05,0.1,0.05
2017-08-02,0.300366846849,0.150040335999,0.0501527082137,0.200001554294,0.0999801538445,0.0500104050587,0.0998663424674,0.0495816532739
2017-08-03,0.299795422094,0.149835333051,0.0499692133641,0.200410295239,0.100330122404,0.0501489155353,0.100027682366,0.049483015947
2017-08-04,0.300461857524,0.150106000072,0.0501167186427,0.200162053522,0.100098816119,0.0500984542405,0.0992876850039,0.049668414876
2017-08-07,0.300724586618,0.150063778046,0.0504611282809,0.199947048022,0.10005655556,0.0501064493284,0.0990740327091,0.0495664214351
2017-08-08,0.300513145712,0.149554780792,0.0504804509537,0.200116814041,0.100148490368,0.0502300488046,0.0995392748184,0.04941699451
2017-08-09,0.300273282615,0.149055066762,0.0501640382744,0.20014761251,0.100194357319,0.0502845768839,0.100667109326,0.0492139563088
2017-08-10,0.297955323853,0.147865166319,0.0493228784173,0.201648055783,0.101221164797,0.0507394833185,0.102071862423,0.0491760650879
2017-08-11,0.298101880733,0.147684444749,0.0494258682561,0.201614845015,0.101234613189,0.0506585451018,0.102455418221,0.0488243847348
2017-08-14,0.299868450906,0.148121727941,0.0496602463885,0.200727509538,0.10059117082,0.0502598530318,0.101327878947,0.0494431624261
2017-08-15,0.300397857353,0.148260306946,0.0497191093052,0.2008134552,0.100480447845,0.050204275629,0.100736434997,0.0493881127242
2017-08-16,0.299835069385,0.148638027222,0.0501421084261,0.200453056142,0.100304723816,0.0501111305047,0.101110998557,0.0494048859479
2017-08-17,0.296948029277,0.147842116232,0.049804577124,0.201960861122,0.10127003943,0.0505387837162,0.102240862894,0.0493947302041
2017-08-18,0.296613669273,0.148331172911,0.0501879670282,0.201920748619,0.101333176109,0.0505698222399,0.102127009625,0.0489164341958
2017-08-21,0.296391138066,0.148139158001,0.0502392011902,0.201758060042,0.101243836742,0.0505100655766,0.102354095538,0.0493644448439
2017-08-22,0.298523572094,0.148399748195,0.0505180924713,0.200923910329,0.100720053288,0.0502851626764,0.1015665394,0.0490629215467
2017-08-23,0.297135167979,0.148311363815,0.0507075921402,0.201165580597,0.10095895767,0.0503681175673,0.101839819865,0.0495134003656
2017-08-24,0.296966606953,0.148397475028,0.050913371142,0.201265075541,0.100977859889,0.0503290104203,0.101703796105,0.0494468049225
2017-08-25,0.296765854799,0.148829027052,0.0511888655942,0.200806144526,0.100842774718,0.050261457454,0.101771282877,0.0495345929804
2017-08-28,0.296349603723,0.14861423301,0.0511034392441,0.200589142776,0.100790664455,0.0502285285277,0.103238939079,0.0490854491851
2017-08-29,0.296709239942,0.147993435056,0.0510028315814,0.200894168356,0.101031107465,0.050311140225,0.103022423388,0.0490356539871
2017-08-30,0.297713878885,0.147584289629,0.0509919609351,0.200587535198,0.100811167008,0.0502302654553,0.102834208128,0.0492466947613
2017-08-31,0.297933774986,0.14806375006,0.0508968083895,0.199806573113,0.100440079111,0.050093522766,0.103495718931,0.0492697726438
2017-09-01,0.3,0.15,0.05,0.2,0.1,0.05,0.1,0.05
2017-09-05,0.298088115283,0.149029805316,0.0496594447754,0.200982117957,0.100778023715,0.0503652391347,0.101192984347,0.049904269472
2017-09-06,0.298639165224,0.149888106727,0.0499403092644,0.200450594897,0.100379758492,0.0502253831252,0.10051991547,0.0499567668004
2017-09-07,0.297429770904,0.150525834683,0.0499894629326,0.200151688229,0.100419520233,0.0502373570864,0.101167201873,0.050079164058
2017-09-08,0.297405485587,0.150655527827,0.0497203917332,0.200135256093,0.100455429242,0.0503010969865,0.101151468913,0.0501753436183
2017-09-11,0.299792099525,0.15138156205,0.0501695487004,0.199069988898,0.0996211054246,0.0499780466387,0.0994838393564,0.0505038094061
2017-09-12,0.300705984624,0.151647808997,0.050064380337,0.198716955787,0.0993494300977,0.0498792994698,0.0997434862298,0.0498926544578
2017-09-13,0.301531969659,0.151290148526,0.0498430717105,0.198967969785,0.0993712418722,0.0499006964834,0.099219081244,0.0498758207198
2017-09-14,0.30099065179,0.151486980059,0.0498697530527,0.198782819088,0.0992430362256,0.0499054525296,0.0995064443337,0.0502148629215
2017-09-15,0.301255819994,0.151486615316,0.0501807102458,0.198654448983,0.099316854737,0.0498561598687,0.0989635611243,0.05028582973
2017-09-18,0.302153998811,0.151860937641,0.0501789107526,0.198733277763,0.0990138365486,0.0498768754452,0.0981247576986,0.050057405341
2017-09-19,0.302250500224,0.152492529,0.0501892890602,0.198489422689,0.0988357198462,0.0497863038954,0.0982629473565,0.0496932879297
2017-09-20,0.302918290864,0.152383601446,0.050137577605,0.198693453375,0.098824367321,0.0497386994731,0.0976546395091,0.0496493704075
2017-09-21,0.302751260905,0.15246172776,0.0502897852566,0.199081006877,0.0989055826649,0.0497311617782,0.0971188623958,0.0496606123625
2017-09-22,0.302615503563,0.152715424076,0.0499518956279,0.199097073742,0.0990172639226,0.049825614884,0.0974988922812,0.0492783319026
2017-09-25,0.301997127971,0.152045632979,0.0490248313263,0.199568754832,0.0993135063183,0.0499654644008,0.0985195433326,0.0495651388395
2017-09-26,0.302664770066,0.151724919912,0.0490922860106,0.199816899516,0.0993896947638,0.0500063927654,0.0975764594754,0.0497285774903
2017-09-27,0.304297896912,0.15216402758,0.0488935204985,0.199533631132,0.099027749568,0.0499278047223,0.0968018495172,0.0493535200705
2017-09-28,0.304247451106,0.152451116788,0.0488494926467,0.199279624879,0.0988741783151,0.0498246978753,0.096852100868,0.0496213375219
2017-09-29,0.304811013587,0.153080096955,0.0492660691687,0.198786059363,0.0985900409252,0.0496328841703,0.0961931734824,0.049640662348
2017-10-02,0.3,0.15,0.05,0.2,0.1,0.05,0.1,0.05
2017-10-03,0.299967294691,0.150250110147,0.0505741391009,0.199715126572,0.0999164299915,0.0499361638219,0.0998251245654,0.0498156111102
2017-10-04,0.300133635101,0.149879286815,0.050599378667,0.199534489753,0.0998252059763,0.0499486246955,0.100042834523,0.0500365444683
2017-10-05,0.30150276451,0.149538457096,0.0508504967814,0.199173107383,0.0995868218947,0.0498282607953,0.0993713288839,0.0501487626555
2017-10-06,0.30141697984,0.149493930554,0.0506997203312,0.199051867434,0.0995500034244,0.0498313101847,0.0999266926471,0.0500294955845
2017-10-09,0.300696640622,0.149452197176,0.0504909427604,0.199177741342,0.0995888706712,0.0498119823538,0.1006691219,0.0501125031748
2017-10-10,0.300522366525,0.150346203609,0.050818268386,0.198556588365,0.0993066246228,0.0497396787699,0.100609041851,0.0501012278703
2017-10-11,0.300443775403,0.150585315907,0.0508730019367,0.198229501559,0.0992368441802,0.0497098480447,0.100744954408,0.0501767585623
2017-10-12,0.299882946822,0.150528543545,0.0508538222413,0.198389970131,0.0992927030644,0.0497828385853,0.100788986786,0.050480188826
2017-10-13,0.299242141316,0.150775485741,0.0511361832093,0.198212583483,0.0992945097738,0.0496856891548,0.101211487869,0.0504419194537
2017-10-16,0.300003056423,0.150820905197,0.0511526143038,0.198253296903,0.0992469470183,0.0496323757812,0.100638110695,0.0502526936799
2017-10-17,0.300577910838,0.150661028321,0.0509648823483,0.198420849476,0.0993298206706,0.0496007909047,0.100071597554,0.0503731198878
2017-10-18,0.301003646842,0.151000945483,0.0510325863597,0.198200017156,0.0991216730356,0.049561382035,0.0997382846676,0.0503414644211
2017-10-19,0.301029564508,0.150698670593,0.0506485299904,0.19830754219,0.0992055282047,0.0496175491246,0.100309695499,0.0501829198905
2017-10-20,0.302726983056,0.150564873335,0.050877003803,0.197822747159,0.0988426237725,0.0495275961841,0.0997178356849,0.0499203370051
2017-10-23,0.302071821762,0.150448095402,0.0505101766897,0.198382860369,0.0991072102138,0.0496177551538,0.100046601038,0.049815479371
2017-10-24,0.302741924648,0.150860673052,0.0506699784092,0.198057130592,0.0988538832121,0.0495705888561,0.0997064410077,0.0495393802226
2017-10-25,0.302057599889,0.150648810239,0.050692837804,0.198465157115,0.0989618482017,0.0496519341133,0.0999924387845,0.0495293738532
2017-10-26,0.302952085502,0.150727445001,0.0505144520872,0.198577268312,0.0989954247595,0.0497127029097,0.0993171916371,0.0492034297917
2017-10-27,0.303822586851,0.150517802556,0.0508626549102,0.197967772252,0.0987920692369,0.0496086278516,0.099262777066,0.0491657092769
2017-10-30,0.302697296034,0.150864058463,0.0504544904617,0.198515674023,0.0991488957797,0.049740888302,0.0994537619782,0.0491249349587
2017-10-31,0.302899949559,0.151415652064,0.0506936994616,0.198212846302,0.0989956403428,0.0497186068755,0.0989881998222,0.0490754055727
2017-11-01,0.3,0.15,0.05,0.2,0.1,0.05,0.1,0.05
2017-11-02,0.299701739325,0.150097128469,0.0500871393641,0.199833081737,0.0999935734234,0.0500055546855,0.099927756028,0.0503540269679
2017-11-03,0.300595217155,0.149908411621,0.0497792270477,0.19994477403,0.100118009878,0.0500228321227,0.0994223372228,0.050209190923
2017-11-06,0.300222482452,0.149760910473,0.0501190537266,0.199570280868,0.0999613769088,0.0499667815894,0.0999922122625,0.0504069017201
2017-11-07,0.300258614347,0.149376969798,0.0498482284055,0.199787904081,0.100080558596,0.0500776555983,0.0997119006609,0.050858168514
2017-11-08,0.300274334353,0.14977131804,0.0499440497495,0.199331680941,0.0997939067256,0.0499646493279,0.0998927268329,0.05102733403
2017-11-09,0.299789465365,0.149060987359,0.0498555611105,0.199588513229,0.0999579273697,0.0500568268243,0.100506006213,0.05118471253
2017-11-10,0.30058367259,0.149129759214,0.0498132490755,0.199374423205,0.099744852362,0.0499852198594,0.0999781327695,0.0513906909242
2017-11-13,0.300875035514,0.148559974903,0.0497146493373,0.199382314758,0.0997016458392,0.0499827923012,0.100130664379,0.0516529229676
2017-11-14,0.300376919644,0.148523678482,0.0494124983321,0.199716883772,0.0999097554556,0.0500777610435,0.100404055711,0.0515784475591
2017-11-15,0.299586021289,0.148164506622,0.0491269111749,0.200578359685,0.100507264581,0.0503382518799,0.100519270361,0.0511794144077
2017-11-16,0.300724579081,0.148893886583,0.0497679071807,0.199424330114,0.099784698501,0.0499983137787,0.100042504641,0.0513637801209
2017-11-17,0.299769265186,0.148283754503,0.0500348355818,0.199595837589,0.0998926255217,0.0500741259694,0.101221501036,0.0511280546133
2017-11-20,0.300514699538,0.148669896817,0.0502858228951,0.199641665552,0.0998103779644,0.0500384643087,0.100022320195,0.05101675273
2017-11-21,0.301125070224,0.149148455801,0.0506825818353,0.198946993314,0.0993817072378,0.0498098418274,0.0997381712628,0.0511671784977
2017-11-22,0.300251201019,0.149351410673,0.0507465481703,0.198890175954,0.0994990869802,0.0498575870759,0.100454232583,0.0509497575439
2017-11-24,0.300621040903,0.150130777051,0.0505036989178,0.198640030216,0.0993080104074,0.0497429526881,0.100092540751,0.0509609490663
2017-11-27,0.300885134437,0.149396460448,0.0500520514217,0.198913853635,0.0995103818488,0.0498027837158,0.100648419424,0.0507909150685
2017-11-28,0.302757727385,0.149553161322,0.0501560244691,0.198141639778,0.0991427123815,0.0496051333879,0.100241358828,0.0504022424479
2017-11-29,0.303504291762,0.149375082645,0.0496121996574,0.19826137544,0.0991298346643,0.049622555332,0.0999193277606,0.0505753327383
2017-11-30,0.305776497933,0.149489176142,0.0492288663735,0.197685783702,0.0986970770233,0.0495078870854,0.0990250373784,0.0505896743626
2017-12-01,0.3,0.15,0.05,0.2,0.1,0.05,0.1,0.05
2017-12-04,0.300067279106,0.149606795618,0.0502422846505,0.200268830204,0.100096285117,0.0500894406198,0.0998059019423,0.0498231827412
2017-12-05,0.299633466872,0.149726449791,0.0502710031297,0.200903380085,0.100388175566,0.0502505436985,0.0993115056784,0.0495154751801
2017-12-06,0.300001559221,0.149203577238,0.0496960281744,0.201314545185,0.100701046591,0.0503557760269,0.0992080777732,0.0495193897907
2017-12-07,0.301016651727,0.149678915921,0.049775872654,0.201102981025,0.100543955934,0.050301015413,0.0979250909233,0.0496555164023
2017-12-08,0.301712169738,0.150056541276,0.0501888155489,0.200400976594,0.100154047552,0.0501217511313,0.0976107857751,0.0497549123849
2017-12-11,0.302327720835,0.15021511904,0.0504695593321,0.20013332706,0.0999907656264,0.0500334946417,0.0971292749561,0.049700738508
2017-12-12,0.30271231236,0.150242495493,0.0500814287712,0.199943270548,0.0998566181602,0.0500485079213,0.0971966689602,0.0499186977857
2017-12-13,0.301731841811,0.150412358144,0.0504681017035,0.199884414105,0.0999491274233,0.0499797772215,0.097729230865,0.0498451487271
2017-12-14,0.301236462826,0.150072844596,0.050274267711,0.200429864354,0.100156689321,0.0501024412147,0.0977717839346,0.0499556460425
2017-12-15,0.302806758929,0.149508412053,0.0502547211679,0.19986567168,0.0998285026697,0.0499476950316,0.0976746954493,0.0501135430204
2017-12-18,0.30341190728,0.150538117944,0.0505559218271,0.198748545919,0.0991729475478,0.0496448291689,0.0977020172291,0.0502257130842
2017-12-19,0.303443148619,0.150663157345,0.0506203693408,0.198951477257,0.0991141439121,0.0496922919875,0.0981624922865,0.0493529192525
2017-12-20,0.303714032174,0.150775703138,0.0507600638761,0.19877650346,0.0989627045732,0.0495959009239,0.0985641716364,0.0488509202177
2017-12-21,0.30375120217,0.150966186839,0.0511637953365,0.198567400694,0.0988410652649,0.0496299090667,0.0985128103584,0.0485676302702
2017-12-22,0.30314916731,0.151078966135,0.0514951278297,0.198316663495,0.098708549701,0.0495751438472,0.0988582388127,0.04881814287
2017-12-26,0.302515357482,0.150977575767,0.0515056472423,0.19830288168,0.0986576949342,0.0495745190207,0.0994475472584,0.0490187766155
2017-12-27,0.301970463473,0.15100386373,0.0513765794288,0.198466838381,0.0988536131171,0.0496663938103,0.0995949795728,0.0490672684874
2017-12-28,0.302030032559,0.151195483228,0.0515292878755,0.197953394102,0.09854854448,0.0495915943522,0.0999143157035,0.0492373476992
2017-12-29,0.300802104121,0.151184416332,0.0517620922263,0.198094052518,0.098678269089,0.0497032783066,0.100535199955,0.0492405874523
2018-01-02,0.3,0.15,0.05,0.2,0.1,0.05,0.1,0.05
2018-01-03,0.300973577408,0.150466257458,0.0503272991622,0.199406181136,0.0997981799038,0.0498951750069,0.099431073,0.0497022569251
2018-01-04,0.301511064298,0.151453946041,0.0505143592071,0.198796402091,0.0995095700874,0.0497875978374,0.0996991611165,0.0487278993214
2018-01-05,0.302659779741,0.151747806534,0.0508170918959,0.198105515535,0.0991048669125,0.049637726499,0.099313475764,0.0486137371191
2018-01-08,0.303037399708,0.151594021639,0.0507982208335,0.197936166424,0.0990002437202,0.0495566468882,0.0992400035935,0.048837297194
2018-01-09,0.30416703841,0.151947158657,0.0508618128196,0.197679714338,0.0986732524928,0.0494677035936,0.0989250086093,0.0482783110791
2018-01-10,0.304137027423,0.151769563404,0.0507112448842,0.197963116051,0.0987863477885,0.0495211438166,0.0993051029702,0.0478064536614
2018-01-11,0.305194621585,0.152178971306,0.0508476398898,0.197303304866,0.0984777478915,0.0492812008425,0.0992530090723,0.0474635045464
2018-01-12,0.305735085074,0.152898625835,0.0511459419006,0.19633645851,0.0979475885441,0.0490963582305,0.0999818269855,0.0468581149202
2018-01-16,0.305002273931,0.152891752987,0.0509448264511,0.196591857132,0.0980948528341,0.0492290087534,0.100249813922,0.0469956139895
2018-01-17,0.306837945796,0.15317443587,0.0514833267306,0.195691659346,0.0975385609184,0.0490231397763,0.0990918112994,0.0471591202623
2018-01-18,0.307059213432,0.153183603009,0.0516916158438,0.195729191281,0.097464195129,0.0490977946582,0.0991097513572,0.0466646352898
2018-01-19,0.307684128834,0.153484526522,0.0520463799489,0.194824995638,0.0969680164159,0.0488928529253,0.0993015541752,0.0467975455404
2018-01-22,0.308885291074,0.15365220572,0.0522473625202,0.193936325066,0.096524176147,0.0486620004651,0.0990650580608,0.0470275809462
2018-01-23,0.308524703219,0.153632998307,0.0522638781382,0.193764441806,0.096485492737,0.0485751372053,0.0992310151514,0.047522333436
2018-01-24,0.307976683796,0.153904153718,0.0526712141304,0.193299249786,0.0961663312395,0.0484734665998,0.100300022679,0.0472088780517
2018-01-25,0.308278564326,0.153440349964,0.0525126112276,0.193906730712,0.0964329236993,0.0485903702233,0.0996858703495,0.0471525794986
2018-01-26,0.310358138778,0.15399395873,0.0529577797881,0.192625001177,0.095686412146,0.0483284457124,0.099287237855,0.0467630258138
2018-01-29,0.310218487376,0.153527963425,0.0524510126292,0.193483415126,0.0960404823373,0.0485132730329,0.0993432306842,0.0464221353902
2018-01-30,0.309021637527,0.153348010594,0.0521168617227,0.194428452546,0.096437362875,0.0487103893079,0.0995537298613,0.0463835555655
2018-01-31,0.308562338757,0.152751484852,0.0523285329142,0.194204670384,0.0962741310526,0.0487344680137,0.10002241961,0.0471219544167
2018-02-01,0.3,0.15,0.05,0.2,0.1,0.05,0.1,0.05
2018-02-02,0.297535505161,0.148785723708,0.0495530702143,0.202167808397,0.101010086231,0.050629713466,0.100055654501,0.0502624383215
2018-02-05,0.290765753238,0.145557182282,0.0489160833235,0.207018418441,0.103867052323,0.051830371772,0.102305351428,0.0497397871919
2018-02-06,0.294302886369,0.147291809559,0.0497603275239,0.204896492697,0.102649072461,0.0512374284804,0.100483250198,0.0493787327101
2018-02-07,0.294639294585,0.146257784034,0.0486658780769,0.20578817809,0.103024849971,0.0514610068651,0.100670843051,0.0494921653274
2018-02-08,0.288762783021,0.14524216191,0.0479025171644,0.209191368566,0.10499720864,0.0522925797944,0.102664035598,0.0489473453062
2018-02-09,0.291208391495,0.145302989053,0.0483131278009,0.2075689126,0.104136040471,0.0517924369852,0.101829921179,0.0498481804161
2018-02-12,0.293300116416,0.146144811288,0.0486179113005,0.206092110316,0.103335817886,0.0514464193432,0.101563141786,0.0494996716644
2018-02-13,0.293520415641,0.145331002355,0.0489113158076,0.205792932599,0.103328451615,0.0513941402441,0.101961414816,0.0497603269226
2018-02-14,0.295164488878,0.147045608074,0.0495294393899,0.2035017051,0.101902548986,0.0509481136121,0.102892309175,0.0490157867851
2018-02-15,0.296987460724,0.147032336338,0.050127688012,0.202425582367,0.101269906602,0.0506441299954,0.10234298645,0.0491699095108
2018-02-16,0.296755506794,0.147394074262,0.0498879477503,0.202606670258,0.101399781026,0.0506713122287,0.101898643845,0.0493860638351
2018-02-20,0.296709886536,0.146797001694,0.0497476934812,0.203641813153,0.101912925043,0.0509416863234,0.101146792726,0.0491022010433
2018-02-21,0.296605280801,0.146920832464,0.0499161249961,0.203935831089,0.102084851955,0.0510317230163,0.101149750187,0.0483556054922
2018-02-22,0.29629582381,0.147199764298,0.0498619886917,0.203478492738,0.101986701331,0.0509581860134,0.101427365434,0.0487916776831
2018-02-23,0.298405735363,0.147383030294,0.0502346152619,0.20222438926,0.101488991843,0.0507016476277,0.100419630776,0.0491419595741
2018-02-26,0.300121965108,0.147690935275,0.0504157865533,0.201203479537,0.10101956768,0.0504709574759,0.100083167725,0.0489941406458
2018-02-27,0.299496286155,0.146963531468,0.0495774463083,0.202884555738,0.101764165656,0.0508751497994,0.100081598227,0.0483572666494
2018-02-28,0.297797048556,0.146085338975,0.0491545697716,0.204353072255,0.102462986338,0.0511773324128,0.100427751351,0.0485419003408
2018-03-01,0.3,0.15,0.05,0.2,0.1,0.05,0.1,0.05
2018-03-02,0.300973466565,0.150157289028,0.0500319700474,0.199301729901,0.0994397557731,0.0498649928179,0.100346177594,0.0498846182732
2018-03-05,0.303128945098,0.150114336456,0.0499620256211,0.198323638733,0.0988815490182,0.0496172810862,0.0997427200142,0.0502295039731
2018-03-06,0.302838671049,0.150840208752,0.0499349724267,0.197669880325,0.0985273395777,0.0494312010902,0.100467160427,0.0502905663522
2018-03-07,0.302927678662,0.150771005145,0.0499574556061,0.197763326783,0.0985924522183,0.049463868125,0.0998899769315,0.0506342365294
2018-03-08,0.30367682884,0.150854011121,0.0498712603046,0.197612943733,0.0985629349647,0.0493958115105,0.0994169503,0.0506092592271
2018-03-09,0.306813679436,0.150909473519,0.0504093148606,0.195870765581,0.0976668732995,0.0489780924031,0.0988202601689,0.0505315407323
2018-03-12,0.306238004117,0.151049675095,0.0505547989061,0.195859489392,0.0978359936902,0.0489825991408,0.0987588283873,0.0507206112715
2018-03-13,0.305085371962,0.150521129225,0.050201885518,0.196649837051,0.0982650235348,0.0491550710245,0.0992163933858,0.0509052882989
2018-03-14,0.303725500945,0.150858066299,0.0502985084031,0.197115361711,0.0985237176817,0.0492716773065,0.0992204532298,0.0509867144243
2018-03-15,0.303766058374,0.151009196559,0.0501615636267,0.197375248456,0.0986059939344,0.0493364444399,0.0987097534151,0.0510357411944
2018-03-16,0.304162380183,0.150840788691,0.0500158138242,0.197307838715,0.0985121763057,0.0492638624555,0.0984943261928,0.0514028136336
2018-03-19,0.301976324324,0.150559495865,0.049864037255,0.198371798148,0.0990487955315,0.0495497049522,0.0993424686596,0.0512873752646
2018-03-20,0.302528124393,0.150713761133,0.0503017083708,0.198080427444,0.0988675573206,0.0494808402478,0.0989094408936,0.0511181401971
2018-03-21,0.301474675276,0.15084917911,0.05049605828,0.197751698026,0.0987804568882,0.0495092482899,0.100478448008,0.0506602361211
2018-03-22,0.297410204121,0.149829032858,0.0494768477406,0.200463189016,0.100358056467,0.0502412950496,0.101263235669,0.0509581390793
2018-03-23,0.29351925187,0.149228597648,0.0491641940536,0.202149345318,0.10134033852,0.0506909516327,0.103436210115,0.0504711108421
2018-03-26,0.2977219748,0.149970511745,0.050002250488,0.199508640659,0.0997812114759,0.0499585923298,0.102659445845,0.0503973726588
2018-03-27,0.294465183042,0.149660155739,0.0495643642519,0.201324983464,0.100966161707,0.0504595625756,0.102657519005,0.0509020702149
2018-03-28,0.29375261445,0.150462317393,0.0492493956058,0.201546013005,0.101000756569,0.0504866283405,0.101294639735,0.0522076349019
2018-03-29,0.295384042125,0.151027325608,0.0497883308257,0.200688648248,0.10048484472,0.0502331561752,0.100620134175,0.0517735181229
2018-04-02,0.3,0.15,0.05,0.2,0.1,0.05,0.1,0.05
2018-04-03,0.30245552872,0.150478648591,0.050255197277,0.198861813712,0.0992240783429,0.0497404640225,0.098791748001,0.050192521334
2018-04-04,0.304359853495,0.150164166031,0.050196829771,0.198069688074,0.0987341492849,0.0494974396852,0.0984781892669,0.0504996843922
2018-04-05,0.306015245529,0.150921330683,0.0501814472768,0.197310169497,0.0982446141215,0.0492368086921,0.0977335290967,0.0503568551029
2018-04-06,0.301540994696,0.150870188034,0.0496815193248,0.199304388788,0.0994496096064,0.0498214411438,0.0989616817547,0.0503701766527
2018-04-09,0.302090508078,0.151702799319,0.0494850691023,0.198855620658,0.0991615000488,0.0496586531526,0.0989914530047,0.0500543966371
2018-04-10,0.304688637035,0.152275586138,0.0500455947146,0.197279098462,0.0982767637403,0.0492799740368,0.0985126133611,0.0496417325119
2018-04-11,0.303384677017,0.151709622841,0.0501580072039,0.197636286469,0.0984676332236,0.0494719999552,0.0993759221958,0.049795851095
2018-04-12,0.305735763844,0.15221502248,0.0501235832729,0.197099556038,0.0980669965847,0.0493698679576,0.0981735807095,0.0492156291125
2018-04-13,0.304890814526,0.152376629276,0.0496097819906,0.197188422986,0.0981698023831,0.0494481940133,0.0988338830499,0.049482471776
2018-04-16,0.306413621563,0.152159789799,0.0494934912581,0.196594177967,0.0978078470845,0.049246361438,0.0986567094003,0.0496280014911
2018-04-17,0.30816342253,0.152183541758,0.0492915187717,0.195678788092,0.0973820572509,0.0490770132564,0.0982620901425,0.0499615681985
2018-04-18,0.308259094569,0.153027317888,0.049619116922,0.195045695509,0.0969607299671,0.0489562664742,0.0982967964929,0.0498349821777
2018-04-19,0.307912028143,0.152997473193,0.0495637265624,0.195434839536,0.097125035219,0.0490955785848,0.0985407861283,0.0493305326329
2018-04-20,0.307196619878,0.153198779925,0.0492839979262,0.196111655425,0.0974019967978,0.0492295312621,0.0983988554549,0.0491785633302
2018-04-23,0.307634634791,0.153269757834,0.0490300075557,0.196328175007,0.0974594511819,0.0492939548226,0.097767857334,0.0492161614743
2018-04-24,0.304985725074,0.153339370498,0.0490456244464,0.197033990397,0.0978234220712,0.0493999652743,0.0987262838655,0.0496456183738
2018-04-25,0.306118228059,0.153186312137,0.0487403891133,0.197017119145,0.0977320017594,0.0493861241571,0.0982064291984,0.0496133964307
2018-04-26,0.307447584635,0.153428469552,0.0489624332481,0.196214946499,0.0974472505374,0.0492287109944,0.0972977492632,0.0499728552706
2018-04-27,0.306953730988,0.153208356938,0.0490941290501,0.195956334155,0.0973623848189,0.0492611208446,0.0974619344207,0.0507020087841
2018-04-30,0.305887512249,0.153039803254,0.0489704372886,0.196826236666,0.0978820090773,0.0495100646326,0.0971664208365,0.0507175159963
2018-05-01,0.3,0.15,0.05,0.2,0.1,0.05,0.1,0.05
2018-05-02,0.298790004707,0.150203734674,0.0498039792562,0.200540443786,0.10029006065,0.0501978900808,0.100221592287,0.0499522945597
2018-05-03,0.297978090713,0.150428644992,0.049623874145,0.200664789007,0.100495457229,0.0502348164283,0.100680371526,0.0498939559593
2018-05-04,0.300159019842,0.150160602644,0.0495895755495,0.199682129207,0.0999470894679,0.0499691114495,0.100330531204,0.0501619406363
2018-05-07,0.300850399193,0.149965688496,0.0494046839305,0.199372906028,0.0997903423489,0.0499242406321,0.10024668179,0.0504450575807
2018-05-08,0.300990872416,0.150035710553,0.0496799418689,0.199239884918,0.0996698844569,0.0498584518622,0.10030958867,0.0502156652556
2018-05-09,0.302965026175,0.150039742295,0.0495926354827,0.198401250998,0.0991378216671,0.0496739172189,0.0997922309772,0.0503973751852
2018-05-10,0.303758948199,0.150096831307,0.0502391806366,0.197526334519,0.0986811977365,0.0494397947057,0.0998045536223,0.0504531592744
2018-05-11,0.304431139026,0.150268446624,0.0500235901357,0.197454525451,0.0986084389393,0.0493984577638,0.0995777142182,0.0502376878429
2018-05-14,0.304819795551,0.150653008586,0.0502156042324,0.197425724581,0.0984731557202,0.0493144374867,0.0992507357983,0.0498475380445
2018-05-15,0.305255174228,0.150648181994,0.0496725991077,0.198193972719,0.0987481606793,0.0495671973576,0.0984658599063,0.0494488540073
2018-05-16,0.306035012217,0.150866349037,0.0502905244238,0.197642816767,0.0983801482608,0.0494147189128,0.0981515527157,0.0492188776656
2018-05-17,0.306193865235,0.151272174557,0.0496586607976,0.197649170895,0.0984555627145,0.0493887612561,0.0983417827941,0.049040021751
2018-05-18,0.305620576857,0.150834093485,0.0492299428483,0.198282007246,0.0989004177784,0.0495533451735,0.0984439222223,0.0491356943894
2018-05-21,0.306591827994,0.151146768042,0.0493340777736,0.197446562791,0.0985427657736,0.0493575741626,0.0980758379286,0.0495045855344
2018-05-22,0.30598482473,0.151168395528,0.0495701410351,0.197605071568,0.098582727504,0.0493750274061,0.0980984753139,0.0496153369147
2018-05-23,0.306540851444,0.149600603107,0.0493058816919,0.197964536442,0.098940400122,0.04947079479,0.0981111536568,0.0500657787461
2018-05-24,0.305823418867,0.149059161352,0.049117045326,0.198450171345,0.0991654874991,0.0495138819627,0.098922878059,0.0499479555896
2018-05-25,0.305300919734,0.148330008679,0.0492702484273,0.199015595298,0.0996235869909,0.0496182862722,0.0986854021346,0.0501559524633
2018-05-29,0.30321073969,0.146026455696,0.0484063166599,0.201271588169,0.101173172589,0.0501457898194,0.0991339704024,0.0506319669739
2018-05-30,0.30531121716,0.147189850724,0.0485245052372,0.199491640368,0.100103086117,0.049735343488,0.0986501598451,0.0509941970605
2018-05-31,0.304411335902,0.146862536466,0.048734284504,0.199960445687,0.100374179681,0.0499254408947,0.0987490177081,0.0509827591571
2018-06-01,0.3,0.15,0.05,0.2,0.1,0.05,0.1,0.05
2018-06-04,0.3008145284,0.150368848929,0.0504185459871,0.199124246545,0.0994448928688,0.0497961846061,0.0996995753705,0.0503331772932
2018-06-05,0.300917934942,0.150143058908,0.0499569283702,0.199198384765,0.09966125894,0.049888471169,0.100052276119,0.0501816867866
2018-06-06,0.302306396777,0.150858237379,0.0504873584927,0.198008521759,0.0988911809976,0.0495965970696,0.0997373216441,0.0501143858811
2018-06-07,0.302492205458,0.150095649222,0.0497521688195,0.198582964503,0.0993822421734,0.049783444728,0.0997607091832,0.0501506159122
2018-06-08,0.303104381272,0.150223965955,0.0496728363796,0.198117257693,0.099153303866,0.0496528479423,0.0997896096322,0.0502857972607
2018-06-11,0.303171519549,0.151027986533,0.0495518705144,0.197692118258,0.0989461715299,0.0495978951943,0.0998574430061,0.0501549954148
2018-06-12,0.303761336234,0.150189062047,0.0495511579082,0.197877237123,0.0989522601604,0.0495903241057,0.099590108295,0.0504885141267
2018-06-13,0.3034854725,0.150600106833,0.0493005094503,0.19814265243,0.0990616796694,0.0496727544676,0.100118878848,0.0496179458022
2018-06-14,0.303731984467,0.149975459191,0.0489522683713,0.198311584828,0.0992051817299,0.0497169405817,0.100102717521,0.0500038633097
2018-06-15,0.304320173136,0.149416053377,0.0488445389781,0.199024537876,0.0996025305043,0.049894674049,0.0987642564217,0.0501332356572
2018-06-18,0.304387665487,0.148712967491,0.0483911546342,0.199516713906,0.0998789090366,0.0500487528495,0.098802131648,0.0502617049481
2018-06-19,0.304160474522,0.147551951926,0.0479855634421,0.200342766914,0.100453923444,0.0502843915362,0.0988545607738,0.0503663674422
2018-06-20,0.304601178209,0.14781799969,0.0481287395419,0.199913327902,0.1001036242,0.0501327366426,0.0983873663214,0.0509150274938
2018-06-21,0.303638287907,0.147263826852,0.0475996027126,0.200595586278,0.100683050457,0.0503793312135,0.0985227611087,0.0513175534717
2018-06-22,0.303148789277,0.148331699182,0.0478219355836,0.200096495622,0.100357414611,0.0502781213809,0.0984220586981,0.0515434856452
2018-06-25,0.30121914574,0.147320401379,0.0475428449858,0.20145245815,0.101233349775,0.0506700704021,0.0987744740247,0.0517872555427
2018-06-26,0.301662465091,0.147383438128,0.0473164003263,0.20162663492,0.101207898538,0.050704596389,0.098182689922,0.0519158766852
2018-06-27,0.300586104096,0.146735582764,0.0464901985053,0.202948333275,0.102076847418,0.051113100632,0.0980871001071,0.0519627332023
2018-06-28,0.301503183434,0.146863856565,0.0468065841505,0.202391142685,0.101707035444,0.0509098933119,0.0975300098087,0.0522882945997
2018-06-29,0.301064720431,0.147540037863,0.0474357002486,0.201977267178,0.101334057811,0.0507807704552,0.0976019087017,0.0522655373114
2018-07-02,0.3,0.15,0.05,0.2,0.1,0.05,0.1,0.05
2018-07-03,0.298501140001,0.150097168009,0.0499743073355,0.200120388786,0.100106923554,0.0500330086136,0.100864593171,0.0503024705312
2018-07-05,0.299577983307,0.150368258657,0.0497011324618,0.199404803368,0.0996647730256,0.0498646158009,0.100747829344,0.0506706040356
2018-07-06,0.300718481627,0.150688841698,0.0500763629903,0.198690377338,0.0992921941206,0.0497049915724,0.100123111319,0.0507056393338
2018-07-09,0.302131300052,0.151403761333,0.0507713851369,0.197656549741,0.0986179726111,0.0493921247589,0.0999390460684,0.0500878602985
2018-07-10,0.302966167246,0.151451783522,0.0506819692104,0.197343560693,0.0984588548225,0.04927666012,0.0996715316934,0.0501494726935
2018-07-11,0.302784825811,0.149814277026,0.0500751315361,0.198753329316,0.0993285248274,0.0496629008061,0.0992574237043,0.0503235869726
2018-07-12,0.303877452043,0.15025825382,0.0505009586475,0.197920305943,0.0987528145895,0.0493548741329,0.0991318057786,0.0502035350455
2018-07-13,0.303949491159,0.15059343608,0.0505085404443,0.197997286932,0.0988621910149,0.0494240610202,0.0986411176607,0.0500238756889
2018-07-16,0.304090064627,0.150832791182,0.0502935392332,0.198042865303,0.0988325252037,0.0493596191113,0.0987247124845,0.0498238828551
2018-07-17,0.305258863433,0.150976847885,0.0506733282839,0.197928631352,0.0987547489471,0.0492839494725,0.0976384868908,0.0494851437354
2018-07-18,0.305821910658,0.151007498809,0.0506129765289,0.197821621105,0.0986520567574,0.0491923096583,0.0976384194329,0.0492532070511
2018-07-19,0.30514548138,0.150615617957,0.0501125383687,0.198429476131,0.0990769914239,0.0493395597833,0.0973708864308,0.049909448526
2018-07-20,0.304644228675,0.151447237709,0.0507377852696,0.197939031288,0.0986798023647,0.0491963856442,0.097952411655,0.0494031173942
2018-07-23,0.305764120347,0.151477263613,0.0506758116902,0.197607466547,0.0983751702686,0.0490526413517,0.0976585866454,0.0493889395368
2018-07-24,0.306262190083,0.151904739213,0.0512597352067,0.197217347351,0.0981095072244,0.0489127980591,0.0973614349333,0.04897224793
2018-07-25,0.307194842435,0.152223080981,0.0517915509059,0.196164759542,0.0975096005136,0.0486558860067,0.0973667664219,0.0490935131935
2018-07-26,0.307304008903,0.15201197569,0.0514262158671,0.196587205546,0.0976692031237,0.0487402148105,0.0968702508185,0.0493909252414
2018-07-27,0.305750752979,0.152658307178,0.0515861288614,0.197076708504,0.0979926529021,0.0488991395392,0.0970885026923,0.0489478073442
2018-07-30,0.304839172008,0.152897663789,0.0516314765168,0.197315991431,0.0980880250241,0.0489830066869,0.0971560887028,0.0490885758422
2018-07-31,0.305314851375,0.152524141364,0.0516939902313,0.196821528067,0.0978937872344,0.0488931062616,0.0971150358964,0.0497435595702
2018-08-01,0.3,0.15,0.05,0.2,0.1,0.05,0.1,0.05
2018-08-02,0.301812150773,0.148955789761,0.0494550736255,0.200193468802,0.100177431201,0.0500565286772,0.0995201607217,0.0498293964388
2018-08-03,0.302051756193,0.14864332166,0.0495922833209,0.199931700185,0.100085106091,0.0499812397295,0.0995206669721,0.050193925849
2018-08-06,0.303273357531,0.147980654251,0.0492329812881,0.200138884594,0.100171949092,0.0500089849261,0.0990469088193,0.050146279499
2018-08-07,0.303705763841,0.148625941742,0.0495867037349,0.199406614419,0.0997782348971,0.049848263985,0.0990864751735,0.0499620022067
2018-08-08,0.303637610896,0.14862093115,0.0494820906656,0.1994457499,0.0998862502313,0.049862499262,0.0993826879063,0.0496821799888
2018-08-09,0.303285120903,0.148378135086,0.0494236465485,0.199769369324,0.100181890269,0.0499892942489,0.0992560195604,0.0497165240608
2018-08-10,0.302831827675,0.146339462744,0.0486940459936,0.20125199727,0.101141628145,0.0504134733198,0.0997326967408,0.0495948681115
2018-08-13,0.302959340296,0.146226975351,0.0481126497895,0.202207506076,0.101534722849,0.0506151854066,0.0986389166399,0.0497047035927
2018-08-14,0.304157697589,0.146081019486,0.0482846178574,0.20153046069,0.10119108401,0.0504300191675,0.0984970710056,0.0498280301946
2018-08-15,0.303875995621,0.144792788271,0.0471771021325,0.203145162074,0.102107061661,0.0508623283855,0.0974977387001,0.0505418231543
2018-08-16,0.305058722355,0.145189789097,0.0473153241225,0.202413065572,0.101651880678,0.0506187805491,0.0970130024555,0.0507394351714
2018-08-17,0.304916487673,0.145574752598,0.0475297505697,0.201722690967,0.101287601643,0.0504402003518,0.0975234206072,0.0510050955903
2018-08-20,0.304711424338,0.145782760338,0.0476027228634,0.20155323565,0.101318685261,0.0503975251173,0.0977354011079,0.0508982453246
2018-08-21,0.304868844046,0.146474125909,0.048030862883,0.20101579489,0.100996084495,0.0502741748844,0.097842771372,0.0504973415204
2018-08-22,0.304316585879,0.147012776925,0.0482580962465,0.200940369715,0.101059705797,0.0503204636763,0.0979397117433,0.0501522900186
2018-08-23,0.304944863123,0.146415685886,0.0476650857436,0.201509672737,0.1013931643,0.0505318712642,0.0973440902876,0.0501955666591
2018-08-24,0.30496694579,0.146640301517,0.0480902286679,0.200544054356,0.100823240091,0.050282341736,0.0984591703068,0.0501937175356
2018-08-27,0.305897201676,0.14793546992,0.048641959805,0.199318283049,0.100114308006,0.0499650327924,0.0983549504404,0.0497727943109
2018-08-28,0.306423677594,0.147779110165,0.0484635904946,0.199190526679,0.100013684511,0.049928900229,0.0976946414086,0.0505058689183
2018-08-29,0.307111832533,0.148130299039,0.0485842468653,0.19853204851,0.0996725903758,0.0497731957885,0.0978354609871,0.0503603259013
2018-08-30,0.307199866987,0.14744979818,0.047499067553,0.199489822257,0.100292128565,0.0500344374025,0.0977794875858,0.0502553914689
2018-08-31,0.307382393361,0.146614260483,0.0478442990462,0.199582760981,0.100367843823,0.0500044385231,0.0977222793156,0.050481724467
2018-09-04,0.3,0.15,0.05,0.2,0.1,0.05,0.1,0.05
2018-09-05,0.299787926496,0.149171843667,0.049563177074,0.200303647186,0.10018923119,0.0500500780052,0.100545039191,0.0503890571901
2018-09-06,0.299042182687,0.148721677166,0.0495647568064,0.200748940893,0.100447767141,0.0501212644442,0.100793058687,0.0505603521756
2018-09-07,0.299700722813,0.148136791759,0.0495501893627,0.200861262037,0.100411785318,0.0501850553185,0.100935368948,0.0502188244452
2018-09-10,0.299873264674,0.14877740792,0.0489055080602,0.20081782944,0.10035420235,0.0501403119812,0.100746954537,0.0503845210378
2018-09-11,0.300709022671,0.148913578491,0.0489417441064,0.200374456243,0.0999392088356,0.0500111920076,0.100757984644,0.0503528130012
2018-09-12,0.300127641792,0.149224026889,0.0491403104612,0.200071050842,0.0998396458373,0.0499473900544,0.101382467772,0.0502674663528
2018-09-13,0.300914931528,0.149683926164,0.0495996985857,0.199548416599,0.0995031689315,0.0497122749509,0.100687855423,0.0503497278171
2018-09-14,0.301364259832,0.150198219985,0.0496043092194,0.199434558226,0.0994485524594,0.0496882200808,0.100165021347,0.0500968588504
2018-09-17,0.300108056422,0.150508989797,0.0492703619094,0.199660225292,0.0995806858511,0.0497534076539,0.100801849685,0.05031642339
2018-09-18,0.301066345547,0.151720370224,0.0495501577294,0.198783223429,0.0989485972957,0.0495398590365,0.100427501974,0.0499639447649
2018-09-19,0.301168742116,0.152137035091,0.0501827227835,0.198262386009,0.0987106024696,0.0494502283928,0.10074396555,0.0493443175891
2018-09-20,0.301902951264,0.152922469915,0.0503115487548,0.197410167393,0.0981655097056,0.0492390698807,0.100520790524,0.0495274925624
2018-09-21,0.301791944584,0.153041042075,0.0505445970178,0.197668100536,0.098258072217,0.0492704265912,0.0998892147031,0.0495366022758
2018-09-24,0.301859577648,0.152919600867,0.0500934404484,0.198183374589,0.0985003262532,0.0493965763029,0.100226976073,0.0488201278182
2018-09-25,0.301360411646,0.153543993195,0.050372355143,0.19794540907,0.0983311816564,0.0493428330438,0.100313055343,0.0487907609032
2018-09-26,0.300754488541,0.153758509705,0.0505140023427,0.198610627133,0.0987503077057,0.0494763614575,0.0998816773502,0.0482540257644
2018-09-27,0.301575891806,0.153326642,0.0506581576144,0.198729702608,0.098744088481,0.049491144722,0.0989919248277,0.048482447941
2018-09-28,0.301689675982,0.152277685061,0.0503527274198,0.198577397305,0.0988199594304,0.0494823339929,0.0996464978633,0.0491537229458
2018-10-01,0.3,0.15,0.05,0.2,0.1,0.05,0.1,0.05
2018-10-02,0.299845601573,0.149041970892,0.0494681023218,0.200241688873,0.100265014223,0.0500850942479,0.101161727972,0.0498907998975
2018-10-03,0.301021103943,0.14930132857,0.0492197292714,0.19996289198,0.0998555391602,0.0500125368001,0.101101479512,0.0495253907632
2018-10-04,0.300682714608,0.148386963781,0.04842103968,0.20073547134,0.100268223058,0.0502260798827,0.10183718108,0.0494423265701
2018-10-05,0.299958282038,0.148126796568,0.0483543499465,0.200936125738,0.100348120591,0.0502491321975,0.102451733496,0.0495754594258
2018-10-08,0.300317869192,0.147497447678,0.0484987181083,0.201099879921,0.100508746247,0.0502863685768,0.101438838567,0.0503521317097
2018-10-09,0.299981804315,0.147021256606,0.0483917640843,0.201457751488,0.100734538207,0.0504462599285,0.101527504853,0.0504391205187
2018-10-10,0.294827175138,0.145835704251,0.0477493534485,0.204411555163,0.102292039008,0.0511492213396,0.103301983084,0.0504329685694
2018-10-11,0.290257521073,0.144765002776,0.0476390789018,0.206386741462,0.103396936054,0.0515752698378,0.10666305642,0.0493163934762
2018-10-12,0.292772574438,0.144732716017,0.0485985629154,0.205382248717,0.102741239335,0.0512299735461,0.105609449348,0.0489332356826
2018-10-15,0.291530225303,0.144682535982,0.0481880813234,0.205528452418,0.102944730202,0.0513335514258,0.106462009689,0.0493304136572
2018-10-16,0.294685378717,0.145592647819,0.048761426521,0.203424010588,0.101822109089,0.0507834486158,0.105129950881,0.0498010277689
2018-10-17,0.295458519682,0.145062986863,0.0482948643816,0.203512470265,0.101776010288,0.0507867590165,0.105377857808,0.0497305316967
2018-10-18,0.293479856904,0.143882115315,0.0474056706947,0.204974187299,0.10276031758,0.0511483224201,0.106325122694,0.0500244070936
2018-10-19,0.292969363528,0.144458707453,0.0477879989839,0.204552335229,0.102514349241,0.0510402685533,0.106280234672,0.0503967423387
2018-10-22,0.29238981252,0.144143785979,0.0484116308493,0.205028945937,0.102793372742,0.0511408503383,0.106272740899,0.0498188607362
2018-10-23,0.291499364521,0.142971266249,0.0480322120241,0.205706318098,0.103272149631,0.0512600776599,0.107117007893,0.050141603924
2018-10-24,0.286156561786,0.140746957986,0.0472088647733,0.208783747167,0.105109345468,0.0520641805604,0.108690846882,0.0512394953782
2018-10-25,0.289164463573,0.141267777592,0.0477509309963,0.207081931701,0.104094094504,0.0514668534463,0.107657103251,0.051516844936
2018-10-26,0.285890295465,0.140972980173,0.0476857858624,0.208880316589,0.105226094234,0.0520565302328,0.108687987255,0.050600010189
2018-10-29,0.285208084882,0.140838585834,0.0469035617658,0.209323104359,0.105549389779,0.0521691978886,0.10860321307,0.0514048624203
2018-10-30,0.287568198772,0.141663814202,0.0475539852502,0.207675683188,0.104640699594,0.0516953793763,0.107429815464,0.051772424153
2018-10-31,0.289745593463,0.142380035915,0.0479523179082,0.20693785447,0.104060332243,0.0514182432582,0.106498157982,0.0510074647597
2018-11-01,0.3,0.15,0.05,0.2,0.1,0.05,0.1,0.05
2018-11-02,0.299086200707,0.150847077298,0.0503236911364,0.199982827067,0.0997307660712,0.0499923383477,0.100306598762,0.0497305006106
2018-11-05,0.299959196149,0.150382429466,0.0504232191555,0.199600420316,0.09953281911,0.0499552853376,0.0998073080554,0.0503393224107
2018-11-06,0.301147915947,0.150813521943,0.0501138707402,0.199150472678,0.0991896909728,0.0498195035062,0.0992903680402,0.0504746561718
2018-11-07,0.304547199249,0.151168444768,0.0504990343708,0.197347399631,0.0982067887535,0.0493622201591,0.0982979945959,0.0505709184723
2018-11-08,0.305224684346,0.150257644658,0.0494766178095,0.197784859995,0.0984660825342,0.0494934892847,0.0984831850948,0.0508134362781
2018-11-09,0.303843584899,0.149970595596,0.0488867226657,0.199080662586,0.0993743856501,0.0498749223177,0.0978930138047,0.0510761124808
2018-11-12,0.300805262881,0.148699140295,0.048665273249,0.201170602802,0.100554233158,0.0504229066683,0.0980520751497,0.0516305057964
2018-11-13,0.300038921406,0.149162927759,0.0492090981831,0.2011113969,0.100566093913,0.0503470645372,0.098020099692,0.05154439761
2018-11-14,0.298166501816,0.149403078916,0.0496234115282,0.201251312525,0.100836560245,0.0503819151467,0.0988897616904,0.0514474581324
2018-11-15,0.299869225952,0.149191613884,0.0503615077698,0.200559515605,0.10043463757,0.0501877702762,0.0985388524713,0.0508568764713
2018-11-16,0.299681682211,0.148860972126,0.0503776146531,0.200239458954,0.100419300539,0.0502330504417,0.0989492363939,0.0512386846818
2018-11-19,0.296601764202,0.148624675339,0.050089992875,0.201572093708,0.101247191844,0.0505490598227,0.0996603654188,0.0516548567899
2018-11-20,0.294049320696,0.147350173155,0.0495341844055,0.203527559985,0.102248317802,0.0509842077431,0.100665649307,0.0516405869068
2018-11-21,0.293758004839,0.148860617768,0.0502446722901,0.202770981229,0.101780032867,0.0507374343596,0.100389045932,0.0514592107144
2018-11-23,0.292888937085,0.148430863758,0.0499026527576,0.203472142368,0.102221770363,0.0508480866583,0.100686748948,0.0515487980627
2018-11-26,0.295578497302,0.149412665237,0.0499075518341,0.202039587978,0.101441289847,0.0504440834879,0.0998846722877,0.0512916520267
2018-11-27,0.29641087078,0.148878724098,0.0502396649229,0.201987064628,0.101485994477,0.0502821121894,0.0992344188078,0.0514811500972
2018-11-28,0.299819157788,0.149362661355,0.050777738348,0.200092835416,0.100332602943,0.0497751415217,0.0984833375171,0.051356525111
2018-11-29,0.299385479531,0.148764676909,0.0504724089962,0.200336443509,0.100664515693,0.0501055184522,0.0988637509464,0.0514072059637
2018-11-30,0.300697387953,0.147990118586,0.0503230587175,0.199938035088,0.100690992746,0.0500293290349,0.098524833398,0.0518062444774
2018-12-03,0.3,0.15,0.05,0.2,0.1,0.05,0.1,0.05
2018-12-04,0.294230407201,0.148191562174,0.0497415773188,0.203263943641,0.101829186807,0.0508335770447,0.101979358425,0.049930387389
2018-12-06,0.293849783792,0.146827829957,0.0493519797364,0.203812534102,0.102110876663,0.0508495926733,0.102019603841,0.0511777992351
2018-12-07,0.289501251254,0.146534845722,0.0487804665929,0.205846259463,0.103294382797,0.0513636887228,0.103735396969,0.0509437084796
2018-12-10,0.290600913901,0.145553920541,0.0483035583988,0.206373762134,0.103550795908,0.0513346411923,0.103571430037,0.0507109778871
2018-12-11,0.290607518008,0.145676683721,0.0487871089789,0.206390245008,0.103267956158,0.0511179884192,0.10342704282,0.0507254568862
2018-12-12,0.291078237864,0.14746259255,0.0493526564174,0.205533115649,0.102636258682,0.0508695740413,0.103294803285,0.0497727615111
2018-12-13,0.291009171972,0.147211448012,0.0494333364073,0.205612347561,0.102706818182,0.0508840811278,0.103077282894,0.0500655138435
2018-12-14,0.288028242588,0.146412573313,0.049224305041,0.207393504919,0.103728939899,0.0513479503185,0.103525003991,0.0503394799315
2018-12-17,0.284621318546,0.146300743393,0.0490771106076,0.209397762268,0.104858937867,0.0518461233306,0.105069616939,0.0488283870498
2018-12-18,0.283766760899,0.146175854556,0.0492904971352,0.20961226207,0.104916865095,0.0518819783833,0.105118270493,0.0492375113689
2018-12-19,0.281537282571,0.145639598204,0.0488220805326,0.211326637893,0.10604487293,0.0523477483133,0.10523277162,0.0490490079354
2018-12-20,0.278164042155,0.145729475767,0.0494106249074,0.212049329449,0.106373900049,0.0524275713619,0.107321480104,0.0485235762062
2018-12-21,0.275251168889,0.144342433982,0.0495106669358,0.214116776709,0.10755560989,0.0529395178615,0.107946271785,0.0483375539467
2018-12-24,0.270489216414,0.144102738566,0.0495879266136,0.216266079495,0.108836899354,0.0535138909065,0.110150838351,0.0470524103013
2018-12-26,0.279017662774,0.145089880498,0.0495524176472,0.211954606949,0.106362925781,0.0524405063272,0.10783472806,0.0477472719641
2018-12-27,0.280157089621,0.144690451842,0.049271689303,0.211538362435,0.106251060992,0.0522534842305,0.108267291794,0.0475705697828
2018-12-28,0.278948533224,0.14519363696,0.0494724392062,0.211675104687,0.106503982854,0.0522480727693,0.108378145696,0.0475800846041
2018-12-31,0.280287225984,0.144936248015,0.0491878952117,0.211380224203,0.106484410716,0.0520810388837,0.108122179403,0.0475207775834
2019-01-02,0.3,0.15,0.05,0.2,0.1,0.05,0.1,0.05
2019-01-03,0.294605492901,0.149681878804,0.0495125910875,0.202035660569,0.101402205402,0.0505947315327,0.101514538996,0.0506529007078
2019-01-04,0.300187423457,0.152112472962,0.0503577054052,0.198595831795,0.0991673367243,0.0497785194937,0.0992761969435,0.0505245132199
2019-01-07,0.301604221922,0.152115180251,0.0503029076741,0.197638391157,0.0985813078054,0.0495906574965,0.0993067423577,0.050860591336
2019-01-08,0.303035993878,0.152490635279,0.0503541717802,0.196580465783,0.0978823326237,0.0494026765831,0.0985817648309,0.0516719592426
2019-01-09,0.302979294534,0.153616538266,0.0508399395805,0.195794855071,0.0974650762736,0.049221716412,0.0987344738771,0.0513481059862
2019-01-10,0.303495575003,0.153970704093,0.0511307507114,0.19521885549,0.0972411253119,0.0490163884452,0.0979748955643,0.0519517053809
2019-01-11,0.303655502469,0.153042263686,0.050818563826,0.195521651892,0.0975450903689,0.049152550611,0.098157917047,0.052106460101
2019-01-14,0.302821458506,0.152764278728,0.0506311593261,0.195905187845,0.0978178592649,0.0492289544516,0.09872365351,0.0521074483686
2019-01-15,0.304773208684,0.152955432412,0.050711715324,0.194970497987,0.0972393686318,0.0489403769225,0.0980651760043,0.0523442240349
2019-01-16,0.304750320937,0.15304775684,0.0510816923451,0.194649688601,0.0969413456401,0.0488140956065,0.0981340817886,0.0525810182411
2019-01-17,0.306196389869,0.153127224298,0.0511786714601,0.193954897661,0.0964912993168,0.0486365914089,0.0977292845684,0.0526856414169
2019-01-18,0.308792656391,0.15404047685,0.0511998342302,0.192885184411,0.0957259191049,0.0483474559072,0.0963951623539,0.0526133107517
2019-01-22,0.306677481746,0.152677712544,0.050681151959,0.194351748538,0.0967076435429,0.0487049411709,0.097390814689,0.0528085058101
2019-01-23,0.306738723217,0.15317567665,0.051080234216,0.194185255079,0.0964784806224,0.0485554110812,0.0970708004251,0.0527154187084
2019-01-24,0.306433352056,0.153138175121,0.0514329719295,0.194216310256,0.0966376113452,0.0485564049345,0.0967707898742,0.052814384483
2019-01-25,0.306967441123,0.154028693208,0.0515936898631,0.192832031678,0.0957724986055,0.048158321284,0.0975312172266,0.0531161070113
2019-01-28,0.305520023111,0.153733478724,0.0512010093715,0.193283934895,0.0960786480544,0.0482322607048,0.0981571018282,0.0537935433112
2019-01-29,0.304509576531,0.153857927075,0.051162459474,0.193407234461,0.0961650993841,0.0482772230716,0.0985107034709,0.0541097765323
2019-01-30,0.306460337267,0.154131916517,0.0515862381043,0.192043032854,0.0954924386372,0.0480905761008,0.0981556565973,0.0540398039227
2019-01-31,0.307561052565,0.153377284321,0.0518670277934,0.191625593183,0.0954378931697,0.0481116983015,0.097697603492,0.054321847174
2019-02-01,0.3,0.15,0.05,0.2,0.1,0.05,0.1,0.05
2019-02-04,0.301448070812,0.150196914665,0.049998633851,0.19939346846,0.0995602418028,0.0497911943545,0.099347918468,0.0502635575871
2019-02-05,0.301432003225,0.15075871319,0.0503502874385,0.198977775148,0.0993111415719,0.0496479949378,0.0991832892788,0.0503387952107
2019-02-06,0.301951086004,0.150242322211,0.0499027740652,0.199471896884,0.0996900578832,0.0497676489652,0.0988128466369,0.0501613673498
2019-02-07,0.300306998483,0.148941307896,0.0496381736958,0.200388574103,0.10042829842,0.050049907511,0.0994617856631,0.0507849542272
2019-02-08,0.300484316161,0.148320410146,0.0494139507529,0.200711144495,0.100499611755,0.0500409511804,0.0997766612987,0.0507529542109
2019-02-11,0.301023790036,0.148202798693,0.0491854854365,0.200754068332,0.100470284656,0.0499989718791,0.0994097718114,0.0509548291551
2019-02-12,0.30304172179,0.149250176949,0.0493665561723,0.199571213223,0.0997258521672,0.0497040877177,0.0990134658912,0.0503269260897
2019-02-13,0.30404736168,0.149298249442,0.0490220549457,0.199231816203,0.099484360479,0.0496986472312,0.0986287841698,0.05058872585
2019-02-14,0.303057484435,0.149142994534,0.0490669865268,0.199322104123,0.0998489237671,0.0497861756552,0.0990772666009,0.0506980643586
2019-02-15,0.304464518074,0.150228684887,0.0486799938887,0.19823671015,0.0991362139446,0.0494781326102,0.0990515731374,0.0507241733086
2019-02-19,0.303877602819,0.150421292553,0.0490007787686,0.197623287927,0.0989444722617,0.0494131244823,0.100192368868,0.0505270723204
2019-02-20,0.304201880601,0.150871359694,0.0491678763849,0.197454450626,0.0988318446994,0.0493841163519,0.0999237274681,0.0501647441752
2019-02-21,0.304172498332,0.151023531716,0.0492314593052,0.197697097581,0.0988810900691,0.0494708470829,0.0991369424738,0.0503865334397
2019-02-22,0.304663519194,0.150889986126,0.0495638511886,0.197292110404,0.0987229519963,0.0493740851328,0.0990402470728,0.0504532488859
2019-02-25,0.304829004021,0.151247156352,0.0501861933933,0.19707578339,0.0984914746076,0.0492982842377,0.0988568408193,0.0500152631797
2019-02-26,0.304351823922,0.1517461059,0.0499897581799,0.197128240107,0.0986997764291,0.0493272571151,0.0989381843915,0.0498188539554
2019-02-27,0.305086289272,0.151696418098,0.0497405630047,0.197266086022,0.0986308778694,0.0493520241959,0.0985164324965,0.0497113090412
2019-02-28,0.305337617387,0.15147355678,0.0494939207352,0.197446666004,0.0986405290633,0.0494046561265,0.0982270375993,0.0499760163042
2019-03-01,0.3,0.15,0.05,0.2,0.1,0.05,0.1,0.05
2019-03-04,0.29918004482,0.149550934706,0.0502255181873,0.200425453172,0.100399932792,0.0501176958255,0.0998279202961,0.0502725002005
2019-03-05,0.298554759184,0.149551269319,0.0507768430894,0.200410218265,0.100384518304,0.0500630072677,0.0998862605656,0.0503731240041
2019-03-06,0.297395683045,0.149438932258,0.0506353518863,0.20114958223,0.10088482226,0.0502314092097,0.100014329591,0.050249889519
2019-03-07,0.29619840896,0.148179995534,0.0500355214708,0.202596266768,0.101666552562,0.0505922628794,0.100369414132,0.0503615776946
2019-03-08,0.295467227044,0.147926534958,0.0496498091104,0.202765452418,0.101764574897,0.050613989649,0.101420391731,0.0503920201916
2019-03-11,0.297716959851,0.14827358931,0.0503200934123,0.201407669089,0.100996456189,0.0502613508261,0.100239857151,0.05078402417
2019-03-12,0.297949166686,0.147904573788,0.0503734278022,0.201181260388,0.1009745678,0.0502061030594,0.100546157618,0.0508647428575
2019-03-13,0.298710990022,0.148395628731,0.0502773039968,0.200276445636,0.100528745398,0.0500618005233,0.10084067451,0.0509084111823
2019-03-14,0.299160239719,0.148568663085,0.050122599609,0.200407520843,0.10060034125,0.0501557079071,0.0998901014837,0.0510948261028
2019-03-15,0.299160219968,0.149320900212,0.050553072195,0.199923431723,0.10042111699,0.0500835058503,0.0998537148996,0.0506840381624
2019-03-18,0.299708945215,0.14955974683,0.0510318190326,0.199529482156,0.100108288121,0.0499896456315,0.0997321854003,0.0503398876142
2019-03-19,0.299668568446,0.149899415829,0.0510241447339,0.199341940466,0.100003230777,0.049925893615,0.0999695086888,0.0501672974438
2019-03-20,0.298293808556,0.14951814622,0.0509315845932,0.19984037558,0.10053996412,0.0501765817283,0.100458526967,0.0502410122359
2019-03-21,0.300429091313,0.149050137923,0.0508411149691,0.199059760833,0.100081328373,0.0499669273013,0.0996448186283,0.05092682066
2019-03-22,0.297153498639,0.147423163664,0.0497288565581,0.201756293234,0.101678508206,0.0505441028929,0.100728098387,0.0509874784194
2019-03-25,0.296497737781,0.147208502203,0.0498847049137,0.201833341892,0.101788227478,0.0504570935232,0.101352196688,0.0509781955208
2019-03-26,0.297800635889,0.147662074374,0.0498991362346,0.2012574075,0.101393452596,0.0502147849956,0.100542917641,0.0512295907695
2019-03-27,0.296911171791,0.14777828273,0.0494651777021,0.20213720724,0.101917752344,0.0503502774087,0.100242577874,0.0511975529101
2019-03-28,0.297855244765,0.147597722769,0.0498624624965,0.202032864453,0.101865267951,0.0503598017061,0.0987637310712,0.0516629047875
2019-03-29,0.298857945761,0.147672506112,0.0503087176984,0.201424211711,0.101406138484,0.0503017103744,0.0985641422483,0.0514646276107
2019-04-01,0.3,0.15,0.05,0.2,0.1,0.05,0.1,0.05
2019-04-02,0.299767188133,0.149918681526,0.0497862456759,0.199968230397,0.100043488665,0.0499854824823,0.100243265438,0.0502874176827
2019-04-03,0.299989376979,0.150951152254,0.0499877701107,0.199433547862,0.0996488490199,0.0497889372929,0.100012170546,0.0501881959354
2019-04-04,0.300397397404,0.150467622988,0.0502467360117,0.19932353748,0.0996240646727,0.0497600918686,0.100137404459,0.0500431451165
2019-04-05,0.301045113195,0.150389722552,0.0505157090813,0.198937916004,0.099404950306,0.0496845442827,0.0997635766789,0.0502584678996
2019-04-08,0.301227639604,0.150474329439,0.0504732667908,0.198815133729,0.0992295936791,0.0496282732907,0.100181424098,0.0499703393696
2019-04-09,0.300259050004,0.14986118579,0.0505009005629,0.199307064142,0.0995990311807,0.0497721356995,0.100898046352,0.0498025862688
2019-04-10,0.300246707507,0.149956763758,0.0505686640629,0.199006086913,0.09949099026,0.0497814515767,0.100861157995,0.0500881779277
2019-04-11,0.301024248208,0.150098404319,0.0501254799096,0.199337943981,0.099550428585,0.049809370661,0.0998566719306,0.0501974524052
2019-04-12,0.302254419845,0.150813693338,0.0503026800124,0.198422623578,0.0988254786192,0.0495843285441,0.099492955793,0.0503038202704
2019-04-15,0.302272365371,0.150993523228,0.0500738676741,0.198527746203,0.0990276491024,0.0496462350988,0.0993760998354,0.0500825134879
2019-04-16,0.303067838291,0.151544076079,0.0505764516992,0.198570823374,0.0988843591937,0.0496294386081,0.0986798243485,0.0490471884065
2019-04-17,0.302630658956,0.151949331358,0.0507543859326,0.198752285177,0.0990027923819,0.0496705620021,0.0985906713574,0.0486493128352
2019-04-18,0.302788728528,0.151441615716,0.050738740146,0.198722495333,0.0990950586684,0.0497401436166,0.0985219740782,0.0489512439146
2019-04-22,0.303398553546,0.151471542027,0.0504970335767,0.198712192582,0.0990678189629,0.0497487572159,0.0986353574564,0.0484687446339
2019-04-23,0.304820622068,0.151184583361,0.0503965279591,0.198212193188,0.098823328944,0.049650934194,0.0980105591539,0.0489012511321
2019-04-24,0.304430914787,0.149996590383,0.0498573687287,0.198857356037,0.0992920965708,0.0498695510842,0.0983888207821,0.0493073016276
2019-04-25,0.304410504466,0.149971040856,0.0497926536373,0.198948211943,0.0992245532292,0.0498969501717,0.098524591522,0.0492314941753
2019-04-26,0.304596743464,0.149940604543,0.0498214654563,0.198548950269,0.099086979637,0.0498058133918,0.0987789964742,0.049420446765
2019-04-29,0.305274997212,0.150613044076,0.0497624640779,0.198332407637,0.0989461961528,0.0496980043728,0.0984042087398,0.0489686777326
2019-04-30,0.304981164105,0.150498723906,0.049723581457,0.198168177778,0.0989968532613,0.0497081686404,0.0985602362311,0.0493630946205
2019-05-01,0.3,0.15,0.05,0.2,0.1,0.05,0.1,0.05
2019-05-02,0.299990001526,0.150031586914,0.0501761758952,0.199982442392,0.0999284866842,0.0499026510464,0.0998301952086,0.0501584603342
2019-05-03,0.300915240943,0.150501838991,0.0504887492751,0.198985301626,0.0993969667357,0.0497078357699,0.099754453047,0.0502496136121
2019-05-06,0.300633801891,0.149547244593,0.0495742685913,0.199878647498,0.0999696250781,0.0499416602672,0.100205693032,0.0502490590491
2019-05-07,0.298129279573,0.148287114328,0.0490513328835,0.201821454712,0.101163716133,0.0503934477664,0.101393157762,0.0497604968429
2019-05-08,0.298008874803,0.148650722329,0.0489712864631,0.201983304552,0.101072607602,0.0503138465718,0.101241998232,0.0497573594466
2019-05-09,0.297655703133,0.14783657644,0.0483715473108,0.202468175748,0.101526955667,0.0504916395984,0.101672225726,0.0499771763774
2019-05-10,0.298053295599,0.148270354624,0.0485903254277,0.201762347987,0.101087755707,0.0504176668165,0.101491401353,0.0503268524862
2019-05-13,0.293655250094,0.146486524341,0.0474465372654,0.204247189264,0.102673786536,0.0510621409094,0.10361886065,0.0508097109409
2019-05-14,0.294888918502,0.147165341816,0.0478752984439,0.203434994281,0.102085187658,0.050852895075,0.102945019772,0.0507523444536
2019-05-15,0.295558250138,0.147292701714,0.0478330460318,0.203062972764,0.102045713113,0.050774145899,0.102519243769,0.0509139265707
2019-05-16,0.297560701307,0.147833455214,0.0475986786459,0.20232132841,0.101594295745,0.0505689403204,0.101531365062,0.0509912352962
2019-05-17,0.29695136179,0.147655694846,0.0468974241488,0.203276946965,0.102093872967,0.050744638303,0.101261008712,0.0511190522693
2019-05-20,0.296186670587,0.147599549788,0.0469234507843,0.203822094904,0.102335826892,0.0508835033151,0.101664045489,0.0505848582418
2019-05-21,0.297543290513,0.147966948361,0.0473490118881,0.20290764556,0.101771275694,0.050686653795,0.100982261597,0.0507929125933
2019-05-22,0.296921537062,0.147531431127,0.0471965147676,0.203443173771,0.102177731306,0.0507544378435,0.100980903131,0.0509942709916
2019-05-23,0.294320877535,0.146553526703,0.0467624768357,0.204754936823,0.103160035528,0.0510399666596,0.102118417148,0.0512897627667
2019-05-24,0.294203619939,0.147690652589,0.0467083708422,0.20428475395,0.102856831655,0.0509892109689,0.101955962496,0.0513105975601
2019-05-28,0.292636244735,0.147005268103,0.0470369148758,0.205404008225,0.103721307658,0.0512206359615,0.101968202777,0.051007417664
2019-05-29,0.291572384119,0.146471721896,0.0475838819528,0.206096384236,0.10400386382,0.0514693786487,0.102317764624,0.0504846207044
2019-05-30,0.291332618372,0.146499942542,0.0476269932258,0.205909437326,0.104010253146,0.0514576958146,0.102646843604,0.0505162159685
2019-05-31,0.28776180647,0.145548346863,0.0478624576937,0.207120518039,0.104831741999,0.0518450722663,0.104158694272,0.0508713623967
2019-06-03,0.3,0.15,0.05,0.2,0.1,0.05,0.1,0.05
2019-06-04,0.304189583422,0.150798651123,0.0496332932912,0.198304766434,0.0988788465886,0.0495218558181,0.0992740247415,0.0493989785817
2019-06-05,0.305783718952,0.150212936758,0.0491020168754,0.197524579863,0.0985434431819,0.0493839797391,0.0991902564887,0.0502590681415
2019-06-06,0.30686878583,0.150400749135,0.0489458641506,0.196909272032,0.0982361455164,0.0492090348391,0.0992223321309,0.0502078163656
2019-06-07,0.307765553538,0.151108344087,0.0489498350112,0.196077877796,0.0979325460744,0.0490427201726,0.099082009573,0.0500411137478
2019-06-10,0.309221339269,0.151533597543,0.049411894772,0.195590847,0.0974621206512,0.0487854911987,0.098109607381,0.0498851021859
2019-06-11,0.308808922656,0.152101878649,0.0498724781871,0.195341967672,0.0973557176063,0.0486684060108,0.0978852029167,0.0499654263022
2019-06-12,0.308601127908,0.151056365752,0.0493880003455,0.195804021759,0.0977133443895,0.0487472217426,0.0985011460736,0.0501887720306
2019-06-13,0.308979675822,0.150693353046,0.0492931687558,0.195663249938,0.0976725709555,0.0486234207375,0.0988177063837,0.050256854362
2019-06-14,0.309268269443,0.149973511767,0.0487834082025,0.19600945387,0.0979436149229,0.0486460707708,0.0989881468424,0.0503875241808
2019-06-17,0.309155676488,0.149973211201,0.0489506147679,0.195810448532,0.0978528435965,0.0485163046082,0.0988519927632,0.0508889080438
2019-06-18,0.309977965605,0.150874077029,0.0496715116722,0.194824236152,0.0972829945027,0.0483396335291,0.0985841757378,0.0504454057723
2019-06-19,0.309447556137,0.151119494875,0.0498199796241,0.194717962778,0.0971632320006,0.0484256776071,0.0987885950714,0.0505175019065
2019-06-20,0.309708501796,0.151268660062,0.0501570318758,0.193367661351,0.0964827357367,0.0482787641264,0.100402037331,0.0503346077209
2019-06-21,0.309987911953,0.151079373189,0.050074336091,0.193319279016,0.0963147451045,0.0481754302861,0.101306720332,0.0497422040287
2019-06-24,0.308996091858,0.150998526408,0.0500106736648,0.193284176561,0.0964576209577,0.0481718496868,0.102607820626,0.0494732402369
2019-06-25,0.307442628483,0.150924285316,0.0497065834492,0.194252289805,0.0970732940047,0.0483206693683,0.103303397006,0.0489768525682
2019-06-26,0.307887958063,0.151476746,0.0503157253059,0.194290645254,0.096913196848,0.0483927635117,0.102607163024,0.0481158019941
2019-06-27,0.30799767228,0.151360246364,0.0504402359704,0.19421350056,0.0968959448776,0.0483310583441,0.102181040116,0.0485803014879
2019-06-28,0.308716157102,0.151773553223,0.050263619343,0.193583097711,0.0966686988178,0.0482124792827,0.102171210791,0.0486111837294
2019-07-01,0.3,0.15,0.05,0.2,0.1,0.05,0.1,0.05
2019-07-02,0.299307327898,0.149728028932,0.0496857848433,0.199377920332,0.0998637779154,0.0497810351729,0.101635465927,0.0506206589798
2019-07-03,0.300304267436,0.149815356626,0.0495133010992,0.198776077359,0.0995913061395,0.0496802985248,0.101332038355,0.0509873544604
2019-07-05,0.3013628063,0.149481617785,0.049398417619,0.198862732811,0.0994211121833,0.0497602990525,0.100669900097,0.0510431141527
2019-07-08,0.300731401901,0.149098865652,0.0493705332668,0.199434607066,0.0996608460991,0.0499390813003,0.100364212547,0.0514004521681
2019-07-09,0.301109072901,0.14838536264,0.0492437066967,0.199382699938,0.0995980690466,0.0499918350539,0.100716840353,0.0515724133701
2019-07-10,0.301168799035,0.148349564178,0.0493418177675,0.198616929355,0.0991984411615,0.0498506768363,0.101840595157,0.0516331765096
2019-07-11,0.30256223743,0.14872296225,0.0493502624939,0.198334379519,0.0989338731165,0.0498077463779,0.101210627539,0.051077911274
2019-07-12,0.303156217272,0.148528779078,0.0492267750222,0.198052667631,0.0987950617296,0.0497698138701,0.101588832129,0.0508818532677
2019-07-15,0.302937926369,0.148514541627,0.0494050516082,0.198129841731,0.0988992278145,0.0498429967044,0.10148189651,0.0507885176358
2019-07-16,0.302941212508,0.148319281503,0.0494731063264,0.198558213583,0.0990023914816,0.049922289929,0.100949790872,0.0508337137971
2019-07-17,0.300844858368,0.14801693604,0.0493519714252,0.199054687934,0.099453882915,0.0500207429268,0.102600081597,0.0506568387939
2019-07-18,0.300754867524,0.147859040882,0.0494676502843,0.198590492591,0.0993056869342,0.0499272126548,0.103638071641,0.0504569774899
2019-07-19,0.300600970302,0.148394778329,0.0493950043799,0.199364458471,0.0996275150062,0.0501021409927,0.102629598372,0.0498855341481
2019-07-22,0.301016664813,0.148378493771,0.0492843871832,0.199401802332,0.0995661959521,0.0500615161642,0.102504433596,0.0497865061886
2019-07-23,0.302376954142,0.148844202725,0.049155642101,0.198684312168,0.0991431365348,0.0499177418186,0.101658757528,0.0502192529823
2019-07-24,0.303008146358,0.14849261403,0.0491770956239,0.19845285511,0.0990298676981,0.049800914831,0.101910158512,0.0501283478376
2019-07-25,0.303013819023,0.147711595429,0.0491256555624,0.19910486338,0.0993346770976,0.0499584177299,0.101677299108,0.0500736726709
2019-07-26,0.304167308257,0.147713395526,0.049030471191,0.198568297695,0.09903110421,0.0497802054574,0.101552246529,0.0501569711348
2019-07-29,0.303507693535,0.147626480794,0.0490019159503,0.198588399638,0.0990870866558,0.0497196236528,0.102192967377,0.0502758323971
2019-07-30,0.303352798014,0.1463481942,0.0486134529497,0.198957479154,0.0993254685182,0.0498902011772,0.102734604277,0.0507778017106
2019-07-31,0.301803937011,0.146280680788,0.0484018537665,0.200221186429,0.10016671448,0.0502630309983,0.10198557552,0.0508770210069
2019-08-01,0.3,0.15,0.05,0.2,0.1,0.05,0.1,0.05
2019-08-02,0.298858798664,0.149379298714,0.0497103012007,0.200822370431,0.100583511124,0.0502224823866,0.0999927501929,0.0504304872874
2019-08-05,0.293457918149,0.147370137945,0.0485532804239,0.204197196051,0.102707583401,0.0510200336206,0.102645374827,0.050048475582
2019-08-06,0.295157850584,0.147177093427,0.0489213081327,0.203080296795,0.102037567879,0.0507937681667,0.102639885618,0.0501922293972
2019-08-07,0.294465816508,0.147337905629,0.0489861315121,0.202376735164,0.101738198447,0.0506708590804,0.103893243439,0.0505311102208
2019-08-08,0.297364479543,0.14742914531,0.0491476183142,0.200631940865,0.1007716662,0.0503144215468,0.103415131166,0.050925597055
2019-08-09,0.296659222875,0.147019679127,0.0488796305524,0.20126079668,0.10106896054,0.0504873454429,0.103532983577,0.051091381206
2019-08-12,0.293920106648,0.146200746433,0.0484748134702,0.202594589742,0.102011587165,0.0508418419237,0.104848220648,0.05110809397
2019-08-13,0.296915984592,0.146862991714,0.0487907586017,0.201240420852,0.101113630272,0.0504914467403,0.103673420295,0.0509113469326
2019-08-14,0.291864374473,0.144741236672,0.0480542313386,0.204475618908,0.103104867791,0.0512409448917,0.105733056159,0.0507856697662
2019-08-15,0.291361541266,0.144407809915,0.0481149375037,0.20452056277,0.1033090141,0.0512445464617,0.105973381953,0.0510682060311
2019-08-16,0.293924101126,0.145255098785,0.0484665368128,0.203158351835,0.102431770057,0.0507962363114,0.104676489039,0.0512914160344
2019-08-19,0.296718258236,0.145772639389,0.0485029784222,0.20211337633,0.10168891271,0.0504784942506,0.103192378141,0.0515329625213
2019-08-20,0.294764805416,0.145526318947,0.0486409609559,0.202886291267,0.102249608253,0.0505982742607,0.104109870262,0.0512238706387
2019-08-21,0.296142527758,0.146237061322,0.0488502049881,0.202083151812,0.101629392856,0.0503728251246,0.10342412619,0.0512607099483
2019-08-22,0.296624119921,0.146005485521,0.0484461276208,0.201939458129,0.101601262076,0.0504270615851,0.103361038054,0.0515954470936
2019-08-23,0.291047714157,0.145224165222,0.0480905840159,0.204192539603,0.103007544352,0.0510750650755,0.106130859172,0.0512315284011
2019-08-26,0.292817461709,0.145761401851,0.0481584790411,0.203098108064,0.10240134415,0.0507673587586,0.105623047983,0.0513727984446
2019-08-27,0.291369788786,0.145575218249,0.0481334856654,0.203532074556,0.102737391884,0.0509532266096,0.106524667044,0.0511741472062
2019-08-28,0.292750205881,0.145278922994,0.0482055466089,0.203084370778,0.102538285362,0.0509359107561,0.105981629418,0.0512251282018
2019-08-29,0.295078367603,0.145719887327,0.0485321580141,0.20199364626,0.101853683725,0.0507235498707,0.104721517358,0.0513771898428
2019-08-30,0.2947460417,0.146350569388,0.0488010483092,0.202032968428,0.101810981095,0.0504958170449,0.104381426653,0.0513811473819
2019-09-03,0.3,0.15,0.05,0.2,0.1,0.05,0.1,0.05
2019-09-04,0.30099545111,0.150895658278,0.0504174700829,0.198760182407,0.0993623646029,0.0497253787646,0.0998252049303,0.0500182898239
2019-09-05,0.304607193734,0.151996940337,0.0507571540406,0.197738924908,0.0984789529146,0.0494597084692,0.097346948638,0.0496141769591
2019-09-06,0.304743533233,0.152282574494,0.050900927519,0.197883662968,0.0985077645042,0.0494858445219,0.0964859109116,0.0497097818482
2019-09-09,0.305419088927,0.152841712,0.0511239642446,0.197385464157,0.0980673669236,0.0493170460831,0.0962902152747,0.0495551423898
2019-09-10,0.306272396679,0.153753530659,0.051278837009,0.196916414721,0.0976487940036,0.0491824838175,0.0957553708311,0.0491921722798
2019-09-11,0.307216816988,0.154069956632,0.0514562094594,0.196163912894,0.0971626770074,0.0489309268003,0.0959507866032,0.0490487136161
2019-09-12,0.307636926422,0.154565919527,0.0516687783671,0.195441055815,0.0967428016043,0.0487907867612,0.0959472151468,0.0492065163559
2019-09-13,0.308321681503,0.155721219891,0.0520898166371,0.19483812841,0.0961351598659,0.0486445991198,0.0954280096549,0.0488213849182
2019-09-16,0.307380278301,0.154608278223,0.051671855819,0.195368108209,0.0965562158051,0.048937837793,0.0962280857486,0.0492493401013
2019-09-17,0.307306756431,0.154775705865,0.0515905943066,0.195123598523,0.0965408936261,0.0488657548479,0.0961521992988,0.0496444971018
2019-09-18,0.307844239072,0.154544351007,0.0513910755017,0.195574359615,0.0966866890551,0.0487701271456,0.0956577727474,0.0495313858562
2019-09-19,0.307432139759,0.154979730747,0.0510056137705,0.195603697419,0.0966070866011,0.048804963281,0.0959230842013,0.049643684221
2019-09-20,0.305682894884,0.154495173273,0.0510422573141,0.196126235272,0.0970680706241,0.0490269886111,0.0969628319734,0.0495955480487
2019-09-23,0.30536537004,0.154148219094,0.0511855315836,0.196055224705,0.0971285783404,0.0490548541502,0.0974270388129,0.0496351832735
2019-09-24,0.303617769131,0.153823121819,0.0506702820791,0.197014036259,0.0978224679254,0.0492694365327,0.0981517807926,0.0496311054607
2019-09-25,0.305981765634,0.153846756439,0.0508145336038,0.196561611617,0.0973610469289,0.0491035321862,0.09651072281,0.0498200307811
2019-09-26,0.305150376259,0.154086315996,0.0507572666857,0.196767571773,0.0975076819641,0.0491018704602,0.0964221925749,0.050206724287
2019-09-27,0.304549176745,0.153938700011,0.0502926489597,0.197688177194,0.0979822273976,0.049194356889,0.0962553455173,0.050099367287
2019-09-30,0.305688902345,0.154365223123,0.0503980617986,0.197564451171,0.0979732850725,0.0491928208556,0.09467651023,0.050140745404
2019-10-01,0.3,0.15,0.05,0.2,0.1,0.05,0.1,0.05
2019-10-02,0.296801176417,0.148063375283,0.0501171020674,0.201568069062,0.101061582333,0.050356403547,0.10188849158,0.0501437997092
2019-10-03,0.297302283034,0.148140523103,0.050394438651,0.201046097876,0.100933842051,0.0501906526142,0.101689791456,0.0503023712149
2019-10-04,0.299416388195,0.148337636163,0.0503114264255,0.200088762642,0.100488644433,0.0500265397262,0.101045533526,0.0502850688899
2019-10-07,0.299275886796,0.148726643556,0.0501187432169,0.20031435541,0.10053992941,0.0500824461722,0.100570797112,0.0503711983276
2019-10-08,0.296294063421,0.148161376373,0.049975069344,0.20151707043,0.101321810011,0.0503178994881,0.102023180088,0.0503895308446
2019-10-09,0.297887466918,0.148735631087,0.0501462578948,0.200588777785,0.100651016516,0.0500094815596,0.101700013028,0.050281355213
2019-10-10,0.29953540007,0.149510159772,0.0506218395871,0.19965495154,0.0998983343831,0.0497894925873,0.100688909923,0.0503009121378
2019-10-11,0.301360330999,0.151405409983,0.0510791434048,0.198159970616,0.0987959322279,0.0494250308446,0.0997075785444,0.0500666033796
2019-10-14,0.300991010971,0.150838978808,0.0509615220545,0.198471687687,0.0990585210473,0.0495006791311,0.100095091687,0.050082508614
2019-10-15,0.303035640891,0.152054647462,0.0511517636054,0.197212847181,0.098278485536,0.04918225587,0.0990915630311,0.0499927964245
2019-10-16,0.302260938775,0.152019366832,0.0512392650497,0.197375072476,0.0983782984904,0.0492120279354,0.0995644916356,0.0499505388058
2019-10-17,0.302576611358,0.152131133634,0.0513026184067,0.196947789891,0.0981564096192,0.0491865203783,0.0995169359029,0.0501819808094
2019-10-18,0.301571582649,0.152110256537,0.0512209596373,0.197296610325,0.098348353647,0.0493152351844,0.099516232684,0.0506207693359
2019-10-21,0.302945185221,0.15271976519,0.0514781174932,0.196319663578,0.0977716803344,0.0490492813211,0.0988226782956,0.0508936285667
2019-10-22,0.302129894593,0.152444033074,0.0514707867815,0.196729875588,0.0980561413587,0.0492261892588,0.099169757943,0.0507733214024
2019-10-23,0.302342710285,0.152835137989,0.0513822653488,0.19645412939,0.0978755679617,0.0491518598542,0.0991846195712,0.0507737096006
2019-10-24,0.302397695357,0.152867308262,0.0513693099051,0.196221524553,0.0977161613134,0.049110177647,0.0997455698393,0.0505722531224
2019-10-25,0.303362245137,0.152838171815,0.0515566020937,0.195766499703,0.0974185386713,0.0490743614801,0.0998880070691,0.0500955740306
2019-10-28,0.304882861506,0.153431202384,0.0519301260325,0.19522798778,0.0969916159992,0.0488073815431,0.0989675034155,0.0497613213397
2019-10-29,0.304961727894,0.153335385131,0.0516639255148,0.195353848827,0.0971328557833,0.0487119891922,0.098747945481,0.0500923221766
2019-10-30,0.304775466635,0.153386659769,0.0516704685245,0.195191763896,0.0972463414165,0.0487144009629,0.0989259990085,0.0500888997867
2019-10-31,0.303704672822,0.152895310113,0.051222493266,0.195786678979,0.0977804965334,0.0488242933476,0.0998299240733,0.0499561308664
2019-11-01,0.3,0.15,0.05,0.2,0.1,0.05,0.1,0.05
2019-11-04,0.300994572144,0.150700915581,0.0503294535067,0.199364500451,0.0994220602675,0.0499306104761,0.0996426304473,0.049615257127
2019-11-05,0.301853502201,0.151263192549,0.050776836515,0.199408606479,0.0992793037245,0.0500335884466,0.0984190265947,0.04896594349
2019-11-06,0.301583857365,0.150953064395,0.050637385273,0.199486786413,0.0994540560446,0.0501370385494,0.0987304687214,0.0490173432391
2019-11-07,0.303241151763,0.15191960685,0.051079771121,0.198937578842,0.09885311184,0.0499550642563,0.0973896480601,0.0486240672681
2019-11-08,0.304304888993,0.151760247115,0.0506716654343,0.199037433327,0.0988213730047,0.0499767164104,0.0968703694598,0.0485573062561
2019-11-11,0.30401645633,0.151765385553,0.0504364279496,0.199264927172,0.0990242948847,0.0500508452989,0.0967308297016,0.0487108331102
2019-11-12,0.304523208156,0.151733876161,0.0500356209683,0.199390936558,0.0990255389409,0.0500201565283,0.0969492673838,0.0483213953035
2019-11-13,0.304382964036,0.151121609024,0.049677198231,0.199590557966,0.0992167373161,0.0500241718079,0.0972609383513,0.0487258232688
2019-11-14,0.304129884117,0.150670984872,0.0495401513749,0.199702907158,0.0994908921608,0.0500264046861,0.0974467236368,0.0489920519953
2019-11-15,0.305348207068,0.15109891491,0.0497104659183,0.198956207067,0.0990916253255,0.049805773629,0.0968888588532,0.0490999472295
2019-11-18,0.305099157276,0.15103929537,0.0496215858075,0.19901856116,0.0991068887078,0.0498272037985,0.0970254308783,0.0492618770017
2019-11-19,0.30490130014,0.150705119165,0.0497797354633,0.199088194153,0.0992580038725,0.0498993903233,0.0970394859299,0.0493287709524
2019-11-20,0.304124316801,0.149971800853,0.0496502568111,0.199799693183,0.0997397917631,0.0501513631938,0.0972025352777,0.0493602421167
2019-11-21,0.304399406238,0.150138680607,0.0498341087959,0.200018879265,0.0997408735106,0.0501656147588,0.0969134822494,0.048788954575
2019-11-22,0.304923590689,0.150238947835,0.0497149830234,0.200025128252,0.0996730731894,0.0501577126249,0.0966824675526,0.0485840968338
2019-11-25,0.306076396097,0.150800437943,0.0499647504843,0.199431421983,0.0993248787026,0.0500158970736,0.0958401967621,0.0485460209543
2019-11-26,0.306071579797,0.150561764873,0.0496521048504,0.199259182221,0.0992850088072,0.0500090137721,0.0960824200197,0.0490789256597
2019-11-27,0.30711170167,0.150820976882,0.0497516973079,0.198802796889,0.0989234526721,0.0498579692325,0.0954724170523,0.0492589882941
2019-11-29,0.306881068991,0.150115930703,0.0493016005132,0.199146054717,0.0991371171617,0.049890263389,0.096349938424,0.0491780261006
2019-12-02,0.3,0.15,0.05,0.2,0.1,0.05,0.1,0.05
2019-12-03,0.297805403331,0.149347368523,0.0497674297197,0.200783566196,0.100829949436,0.0502792146116,0.100896086493,0.0502909816893
2019-12-04,0.298781321787,0.150210744102,0.0500625436991,0.19986960277,0.100153996949,0.0501003110337,0.100468544586,0.0503529350727
2019-12-05,0.299256760868,0.150040007551,0.0503127038058,0.199598078597,0.0998999918918,0.0500170483614,0.100505674193,0.0503697347318
2019-12-06,0.301177602046,0.150925395098,0.0503662853093,0.198778338056,0.0993268737098,0.0498482290224,0.0992400878223,0.0503371889359
2019-12-09,0.300732608881,0.150375052711,0.0502612164642,0.199216852355,0.0995736513854,0.049944420778,0.099377125467,0.0505190719583
2019-12-10,0.300487733086,0.150559965278,0.0503828474572,0.199206013406,0.0994869887676,0.0499466041348,0.0996888307785,0.0502410170924
2019-12-11,0.300241752512,0.150845536913,0.0508710883949,0.199008567064,0.0995352039226,0.0499395793782,0.100009146255,0.0495491255611
2019-12-12,0.302355963606,0.151790460296,0.0514860444723,0.1978522846,0.0985944923981,0.0496183972204,0.099500609231,0.0488017481765
2019-12-13,0.301626412579,0.152199015338,0.0512723505994,0.198046624951,0.0988757902964,0.0496688502128,0.0996453509726,0.0486656050514
2019-12-16,0.302671947297,0.153202858739,0.0515318072679,0.196974765105,0.0980806486628,0.0493865580039,0.0993014008088,0.048850014115
2019-12-17,0.302886376045,0.152725372334,0.0519431503817,0.197088539209,0.0981374692686,0.0494785487989,0.0993285219186,0.0484120220435
2019-12-18,0.302962553554,0.152374477647,0.0522338496016,0.196740675752,0.0978898941774,0.0494327607641,0.0993544395262,0.0490113489776
2019-12-19,0.303453090888,0.152135953596,0.052139909557,0.196466576385,0.097724398111,0.0493907180854,0.0993657510192,0.0493236023582
2019-12-20,0.30417569727,0.152073121909,0.0520825176535,0.196109603465,0.0975294951464,0.0492668825761,0.0992671827774,0.049495499203
2019-12-23,0.304484784977,0.152203732947,0.0521490871198,0.195869848339,0.0973912953466,0.0491572489208,0.0995222779403,0.0492217244095
2019-12-24,0.304079819382,0.1518578561,0.0520309859935,0.195847190805,0.0974264056323,0.0491493649598,0.100324192243,0.0492841848841
2019-12-26,0.304449948912,0.151927950861,0.0522524618791,0.195220925298,0.0971691521566,0.0489822235992,0.10069951223,0.0492978250649
2019-12-27,0.304086428559,0.152197897556,0.0522733129171,0.195296245539,0.0972177406111,0.0489526554405,0.100568880016,0.0494068393613
2019-12-30,0.303276466905,0.151527461642,0.0521293042916,0.195855843152,0.0974346582139,0.0491097674932,0.101069634294,0.0495968640084
2019-12-31,0.303591988617,0.152146268637,0.0521861578613,0.195132929423,0.0969477964578,0.0489912749851,0.101120637185,0.0498829468336
2020-01-02,0.3,0.15,0.05,0.2,0.1,0.05,0.1,0.05
2020-01-03,0.298283851245,0.148452966582,0.049202125507,0.200960049452,0.100856143827,0.0503242220286,0.101515939174,0.0504047021843
2020-01-06,0.298739104821,0.148620750189,0.0490020966913,0.200342130996,0.100517849225,0.0500814778117,0.10234688233,0.0503497079349
2020-01-07,0.298426601603,0.148647226138,0.0490669012772,0.200483699132,0.100551182267,0.0500162885248,0.102931598886,0.0498765021723
2020-01-08,0.299753082482,0.148719159654,0.0492434480355,0.20007638819,0.100227725584,0.0499253193394,0.102069539192,0.0499853375239
2020-01-09,0.301011938587,0.148944415026,0.0493692639062,0.199775955928,0.100042906969,0.0497930602665,0.101232475595,0.0498299837232
2020-01-10,0.299977055362,0.148355528125,0.0495824618848,0.200000071417,0.10020284434,0.0499140699417,0.101785303767,0.0501826651628
2020-01-13,0.30107161281,0.148752712016,0.0501003759876,0.19923529312,0.0997648346005,0.0497455480285,0.100706174763,0.0506234486747
2020-01-14,0.300740513722,0.148916776397,0.0498923250401,0.199496532723,0.1000048691,0.0498346228749,0.100659182611,0.0504551775315
2020-01-15,0.300850122742,0.148534558938,0.049481826252,0.199418748974,0.100066805362,0.0497785212442,0.101054991558,0.0508144249289
2020-01-16,0.302289158336,0.148815465476,0.0495581894646,0.198719544445,0.0995104813577,0.0495237534226,0.10054262074,0.051040786758
2020-01-17,0.302785314512,0.148964160635,0.0498000979449,0.198200252506,0.0992842846743,0.0493710277996,0.100580448283,0.0510144136447
2020-01-21,0.302592410074,0.147958985607,0.0486277781793,0.199024459072,0.0998087120656,0.0495968114012,0.100823530114,0.0515673134857
2020-01-22,0.302485079379,0.148255795339,0.048897785473,0.199035042598,0.0997791212626,0.0495394656525,0.100809907495,0.0511978028009
2020-01-23,0.302587806418,0.147769383914,0.04841360635,0.199137580416,0.0999484330322,0.0496007073987,0.100955082385,0.0515874000868
2020-01-24,0.30061230628,0.147553490834,0.0481593715624,0.199981621248,0.100544505117,0.049828935213,0.101787462984,0.0515323067614
2020-01-27,0.298086869603,0.145563734477,0.0469000157102,0.202151975085,0.102008901533,0.0503302321508,0.103276722939,0.0516815485016
2020-01-28,0.300173908914,0.146305203177,0.0471317289461,0.201279764512,0.101316560209,0.0500805985031,0.102002516372,0.0517097193665
2020-01-29,0.299478736963,0.146120557415,0.0472795382426,0.201437892325,0.101649727096,0.0501881880636,0.102402241637,0.0514431182576
2020-01-30,0.300387740534,0.145754780355,0.0466264423785,0.201413261344,0.101727050903,0.0502327739479,0.102387695169,0.0514702553675
2020-01-31,0.297153702694,0.144352759362,0.0461427055287,0.203533263008,0.103007736385,0.0508286567915,0.103756049577,0.0512251266542
2020-02-03,0.3,0.15,0.05,0.2,0.1,0.05,0.1,0.05
2020-02-04,0.302775910317,0.1515141178,0.0508916090371,0.198159764834,0.0988335599605,0.0494914324401,0.0981169313567,0.0502166742551
2020-02-05,0.30489404155,0.15228588854,0.0509432627326,0.196973826673,0.0979626354624,0.0491227168925,0.0977954400932,0.0500221880561
2020-02-06,0.305157416924,0.152424130356,0.0507929278093,0.196603533144,0.0977878401436,0.0490917776155,0.0980772870048,0.0500650870028
2020-02-07,0.30423450633,0.151289431723,0.05022079916,0.197630208805,0.098484009749,0.0494057010016,0.0985647189265,0.0501706243052
2020-02-10,0.305211792051,0.150995352844,0.0503231486462,0.197019889954,0.0982587858712,0.0492718649874,0.0984009918106,0.0505181738352
2020-02-11,0.305244449356,0.151782366027,0.0508808237271,0.196459295408,0.0978659284186,0.0490468228093,0.0979031453312,0.0508171689226
2020-02-12,0.306306596639,0.15195288225,0.0513800731944,0.195674955369,0.0973277990975,0.048852824471,0.0975355353399,0.0509693336392
2020-02-13,0.306218624125,0.150973037197,0.0508750224375,0.195965149345,0.0974899862863,0.0489943605726,0.0981674323869,0.0513163876502
2020-02-14,0.306185832042,0.15061259028,0.0506839824851,0.195836367488,0.0975647978998,0.0489479183193,0.0984094119512,0.0517590995352
2020-02-18,0.305478388792,0.149624500312,0.0505237791917,0.196145775536,0.097745905325,0.0490683906958,0.0996975325356,0.0517157276114
2020-02-19,0.306237747377,0.149898253856,0.0508244002906,0.195646406455,0.0975053607826,0.0489356889095,0.100049792694,0.0509023496352
2020-02-20,0.305348318393,0.148983708879,0.0501916169009,0.196327960143,0.097907161645,0.04908972661,0.100579878697,0.0515716287323
2020-02-21,0.302649294333,0.148517551204,0.0500802107056,0.197011823659,0.0984479213208,0.0492530044331,0.102241649248,0.0517985450963
2020-02-24,0.297295528341,0.14500673843,0.0490923646503,0.200809860073,0.100802875362,0.0502722654662,0.104811536973,0.0519088307042
2020-02-25,0.29255976242,0.144645665234,0.0494257612007,0.204139950025,0.102581337996,0.0509321978902,0.104463873307,0.051251451927
2020-02-26,0.291789050395,0.144903381507,0.0497884780117,0.204141363158,0.102635386679,0.0509599562932,0.105030315748,0.050752068207
2020-02-27,0.284581576222,0.143451822739,0.0496207852007,0.20849734904,0.105315859047,0.0521907667227,0.107273788597,0.0490680524322
2020-02-28,0.284645375269,0.143290673824,0.0497063834679,0.210966983755,0.106969853559,0.0525058361613,0.103818359726,0.048096534238
2020-03-02,0.3,0.15,0.05,0.2,0.1,0.05,0.1,0.05
2020-03-03,0.292572424599,0.149393158381,0.0499563176578,0.202165789581,0.101565441225,0.0507084541689,0.103554785527,0.0500836288604
2020-03-04,0.299266038784,0.150676393703,0.0497300396777,0.198296606199,0.0994795641508,0.0497026283515,0.101829599686,0.0510191294475
2020-03-05,0.292861453875,0.148517999286,0.0493729400969,0.201344835574,0.101592978302,0.0504689192159,0.105303355399,0.0505375182501
2020-03-06,0.289736916279,0.147219993651,0.0487317199338,0.204033806938,0.103236005576,0.0511075684785,0.105971394814,0.0499625943296
2020-03-09,0.278905339261,0.141222130293,0.0470905423741,0.212772648357,0.108761739725,0.0522669787391,0.110833572619,0.0481470486309
2020-03-10,0.288755395531,0.144200858079,0.0486902349524,0.207082502687,0.105097545086,0.0499759302236,0.106800162611,0.0493973708299
2020-03-11,0.283810773141,0.141239251557,0.0481283220813,0.210915146841,0.107507886875,0.0504680266372,0.109957859208,0.0479727336587
2020-03-12,0.274655646642,0.134245851359,0.0463255618494,0.216675828161,0.115105848847,0.0538793327966,0.112975500764,0.0461364295803
2020-03-13,0.287043417853,0.137406992077,0.0477262522521,0.211891917054,0.110101117009,0.0520802435239,0.105453160058,0.0482969001733
2020-03-16,0.270720527472,0.129769369795,0.0444326562838,0.228148219315,0.119678989877,0.054771989466,0.110398301377,0.0420799464147
2020-03-17,0.280625234814,0.133417756767,0.0464404536651,0.218580099734,0.114751422009,0.0523607202468,0.11004694544,0.0437773673244
2020-03-18,0.278341118728,0.131097891934,0.0445698979006,0.219665357666,0.118223600393,0.0540339750603,0.112682163421,0.0413859948963
2020-03-19,0.276960316533,0.132084509493,0.044498937912,0.222983074476,0.117772883103,0.0546923132674,0.109770157391,0.0412378078253
2020-03-20,0.266543698265,0.131632987323,0.0449561893964,0.226483963677,0.121465580468,0.057455510203,0.112054725538,0.0394073451301
2020-03-23,0.259447682782,0.129249635989,0.0440372228205,0.231605675364,0.12277019865,0.0584732564622,0.116878691728,0.0375376362028
2020-03-24,0.270010080656,0.134307690447,0.044671473569,0.222835019782,0.116356855453,0.0558313661836,0.116944482718,0.0390430311916
2020-03-25,0.270340048889,0.137265486636,0.0455089487687,0.222061835587,0.11484784219,0.0556066828206,0.113781183997,0.0405879711119
2020-03-26,0.27805670305,0.139064086137,0.0460110567943,0.216458203331,0.111879411486,0.0543150511752,0.111990440194,0.0422250478324
2020-03-27,0.27354809962,0.136676921774,0.0441335027515,0.220420544409,0.11428511804,0.0552540024427,0.112823304514,0.0428585064494
2020-03-30,0.278711644611,0.137630883903,0.0441873995676,0.217724283601,0.113040790095,0.0536601135638,0.11182715608,0.0432177285784
2020-03-31,0.277244593389,0.138396843486,0.0448337122529,0.219266065448,0.114354269755,0.0539930175977,0.109325501742,0.0425859963307
2020-04-01,0.3,0.15,0.05,0.2,0.1,0.05,0.1,0.05
2020-04-02,0.302641172154,0.150739418448,0.0507498941859,0.197502296376,0.0986211710203,0.0500558423163,0.100221496937,0.0494687085627
2020-04-03,0.300639358266,0.148943715488,0.050170764833,0.19921197492,0.0994791432538,0.0508986982062,0.101517526162,0.0491388188718
2020-04-06,0.309203612515,0.151256969845,0.0507351729607,0.192926659604,0.0954410969436,0.0490215435225,0.100549173708,0.0508657709027
2020-04-07,0.309144909434,0.15193002539,0.0509695134851,0.192960438944,0.0949017109441,0.0489300086268,0.0998899609468,0.0512734322294
2020-04-08,0.31487880279,0.151142455133,0.0508115016207,0.190336893078,0.0934064462179,0.0478886310641,0.0975613805053,0.0539738895913
2020-04-09,0.314462515214,0.151867684564,0.0498977091374,0.189564175534,0.0920826396291,0.0475742837356,0.0984790857565,0.0560719064296
2020-04-13,0.313339814689,0.151490311475,0.0503650246527,0.189733509605,0.0924002729826,0.0479278354065,0.100729083487,0.0540141477019
2020-04-14,0.317613063223,0.151837776857,0.0505825625241,0.186907529182,0.0910978720936,0.0473292328743,0.0999581134965,0.0546738497501
2020-04-15,0.315227826189,0.148971229267,0.0501559437862,0.190310310733,0.093202040318,0.0480446769715,0.100844063763,0.0532439089716
2020-04-16,0.316363785586,0.148965365001,0.0503824187984,0.19032228633,0.0931880216209,0.0475701908148,0.100634408858,0.0525735229908
2020-04-17,0.320874936201,0.151266554004,0.0505655629482,0.187734254644,0.0917893081942,0.0467544727845,0.0974546899055,0.0535602213183
2020-04-20,0.318309128151,0.150521028421,0.0506882130496,0.189297999204,0.0929319181582,0.0470675546777,0.0991104212514,0.0520737370878
2020-04-21,0.313406943745,0.149695481965,0.0500442944341,0.192317622354,0.0946288120981,0.0480363458831,0.0999529183166,0.0519175812043
2020-04-22,0.316001721782,0.150413149625,0.0506405221255,0.18969961925,0.0930508905345,0.0476686608424,0.100531662613,0.051993773228
2020-04-23,0.315799818849,0.150065577488,0.0504109633884,0.190045180922,0.0930590646343,0.0476141950121,0.101474848728,0.0515303509777
2020-04-24,0.318314351729,0.150788850278,0.0500425163445,0.188828449463,0.0925332316176,0.0476023521193,0.100444407421,0.0514458410282
2020-04-27,0.32057787725,0.151773513106,0.05061648936,0.18660565011,0.0913778057274,0.0471666077551,0.0990586636706,0.0528233930216
2020-04-28,0.318736877389,0.15280559237,0.0506855848066,0.187125056072,0.0916709338345,0.0472746557687,0.0985038476059,0.0531974521538
2020-04-29,0.322204122421,0.154517552138,0.0512812050246,0.184460782804,0.090259763509,0.0465127016806,0.0975720865545,0.0531917858672
2020-04-30,0.32252619535,0.153037453039,0.0509140081967,0.18596758769,0.0909822460325,0.0466468664976,0.0968014757394,0.053124167454
2020-05-01,0.3,0.15,0.05,0.2,0.1,0.05,0.1,0.05
2020-05-04,0.300248300182,0.149840028068,0.0505318553568,0.199785800652,0.0998239600267,0.0499532588688,0.100157333526,0.0496594633204
2020-05-05,0.301848885738,0.149644395056,0.0505636513307,0.198858871718,0.0993638313635,0.0498173148578,0.10019255894,0.049710490996
2020-05-06,0.30181330956,0.149744319072,0.0507739179392,0.199387495455,0.0996601396431,0.0499074001397,0.0995678141025,0.0491456040891
2020-05-07,0.3024248062,0.15051666858,0.050596143021,0.198019830695,0.0992738898049,0.0497234392894,0.100093247214,0.0493519751955
2020-05-08,0.304907477454,0.151690707985,0.0513057035786,0.195874373762,0.0981367007254,0.0492993948991,0.0986757094305,0.0501099321654
2020-05-11,0.305768066086,0.152045258514,0.0511862724554,0.195796778122,0.0981182420967,0.0492573886763,0.0983172032502,0.0495107907989
2020-05-12,0.302479824637,0.151416508006,0.0515090979323,0.198140827838,0.0993638621393,0.0497638633359,0.0996237828322,0.04770223328
2020-05-13,0.299048184496,0.151102789291,0.0516841246186,0.199745374571,0.100210917283,0.0501305771725,0.101231704853,0.0468463277147
2020-05-14,0.301269034582,0.149310818442,0.0516089760462,0.199462975925,0.0999168341128,0.0499632923569,0.101669347172,0.0467987213621
2020-05-15,0.302255642974,0.149157130924,0.0509005580507,0.199319788785,0.0997199108904,0.0499838994462,0.102108619924,0.0465544490053
2020-05-18,0.305909985793,0.15233957818,0.0518804759358,0.195482109981,0.0973398573085,0.0490887997253,0.0995297357965,0.0484294572797
2020-05-19,0.304153336178,0.151390236092,0.0515982512663,0.19659511032,0.0980596018119,0.0492566250083,0.100950068248,0.0479967710756
2020-05-20,0.306288504378,0.152623557665,0.0517322293514,0.195167364789,0.0971224688765,0.0489184848322,0.100197947788,0.0479494423203
2020-05-21,0.305879109266,0.151797650818,0.0514908126843,0.196412003488,0.0977311813274,0.0491401800646,0.0992909308551,0.0482581314968
2020-05-22,0.306235111434,0.151266283929,0.0504748312862,0.19636833605,0.0978441334361,0.0491323885225,0.0998051618016,0.0488737535406
2020-05-26,0.307231475047,0.154365907289,0.0511306775549,0.194294688166,0.0967132193062,0.0485122932234,0.0975052240735,0.0502465153405
2020-05-27,0.309378484608,0.154776639085,0.0507880979126,0.193063529478,0.0960402214123,0.0481827471973,0.0969214977833,0.050848782523
2020-05-28,0.308612947326,0.155711057072,0.0504264880325,0.192810364443,0.0958928478809,0.0483031300468,0.0971848892473,0.0510582759505
2020-05-29,0.30903305223,0.155025556648,0.0511473194892,0.192724139225,0.0959041246955,0.0481740808286,0.0975984001189,0.0503933267658
2020-06-01,0.3,0.15,0.05,0.2,0.1,0.05,0.1,0.05
2020-06-02,0.300997985329,0.150891767623,0.050913239764,0.199187051407,0.0993452732138,0.049644200349,0.0988641901337,0.0501562921814
2020-06-03,0.302875747974,0.153304857382,0.0515407226199,0.197308991501,0.0980678735518,0.0491357668247,0.0963630809215,0.0514029592255
2020-06-04,0.302974505988,0.152908944683,0.051044861468,0.197301968119,0.0979674997996,0.0490943124639,0.0976657001997,0.0510422072784
2020-06-05,0.307195637065,0.154143334121,0.0516294095588,0.19516868644,0.0963674423944,0.0485303807893,0.0945942201502,0.052370889482
2020-06-08,0.308225840741,0.154630119009,0.0515905953151,0.193699640044,0.0956395373214,0.0482151281599,0.0947927905547,0.0532063488557
2020-06-09,0.307129536983,0.153223593715,0.0515125875582,0.194710016353,0.096359671728,0.0484525859124,0.0960828397652,0.0525291679852
2020-06-10,0.305352801635,0.152926015281,0.051757116754,0.195467252683,0.0970603756665,0.0488143008288,0.0974390823655,0.0511830547858
2020-06-11,0.297446717612,0.149399996819,0.0507715456336,0.20171108919,0.100687215416,0.0504758944155,0.0999961909864,0.0495113499281
2020-06-12,0.298312762138,0.150591776306,0.0514668896977,0.200108511525,0.0995639084664,0.0498886520089,0.0992408881662,0.0508266116915
2020-06-15,0.299842264602,0.150429071,0.0510440701088,0.19993525702,0.0990670861158,0.0497010488886,0.0986508795742,0.0513303226905
2020-06-16,0.303090183217,0.151185921405,0.0508162072901,0.197897737664,0.0980466070312,0.0492663900268,0.0977881243145,0.0519088290515
2020-06-17,0.302151816512,0.151692870376,0.0513353720483,0.197939826786,0.0983048683511,0.0492863348745,0.0980790508419,0.0512098602092
2020-06-18,0.302471994115,0.151102019143,0.0513829035414,0.198275339047,0.098590207207,0.0495424162662,0.0979520013957,0.0506831192848
2020-06-19,0.301282508513,0.150678559516,0.0515656916948,0.198698184038,0.0987994592657,0.0497286233761,0.099210219661,0.0500367539347
2020-06-22,0.301764996952,0.151686482276,0.0518757316276,0.197697467465,0.0982379077992,0.0496159767125,0.0993737326401,0.0497477045277
2020-06-23,0.302176925137,0.151928362202,0.0522246982275,0.197026659402,0.0978889831766,0.0494841947409,0.0998873830434,0.0493827940708
2020-06-24,0.298618849681,0.150286033746,0.0521624329003,0.199769535345,0.0994566597019,0.0501122022665,0.100942224021,0.0486520623388
2020-06-25,0.299938846945,0.151326092193,0.0520583808152,0.198760363583,0.0988529445518,0.0498444677265,0.100252564162,0.0489663400234
2020-06-26,0.295754096285,0.150535214347,0.0519504379678,0.200993907991,0.100116072348,0.0504308591649,0.101710827908,0.0485085839878
2020-06-29,0.297903584493,0.150793169658,0.0519090412175,0.199691253128,0.099480740839,0.0501185390076,0.101020624411,0.0490830472449
2020-06-30,0.300381304402,0.150085655237,0.0514191760705,0.198973796224,0.098861063958,0.0498152294594,0.101019174808,0.0494445998417
2020-07-01,0.3,0.15,0.05,0.2,0.1,0.05,0.1,0.05
2020-07-02,0.300178246948,0.150762799094,0.0509332458243,0.1992588065,0.0996341556068,0.0498931229736,0.0997263692492,0.0496132538043
2020-07-06,0.301819928607,0.151789215657,0.0526548262771,0.197286042466,0.0985101518633,0.049499408637,0.0993387564806,0.0491016700115
2020-07-07,0.300436274199,0.150567197366,0.0521201888625,0.198730329264,0.0993984142343,0.0497980352128,0.100544319323,0.0484052415391
2020-07-08,0.301179773664,0.151010058341,0.0532403688327,0.197643069576,0.0987339256383,0.0494542187175,0.100649380892,0.0480892043387
2020-07-09,0.300377205902,0.149716636147,0.0534394780436,0.19876446508,0.0993518592099,0.0497333997251,0.100682886475,0.0479340694165
2020-07-10,0.302382198551,0.150597966323,0.0528841686823,0.197834990897,0.0988096075824,0.0495072963454,0.100070264833,0.047913506786
2020-07-13,0.300944484788,0.150390340658,0.0528336599584,0.198597502969,0.0993045387711,0.0498108230541,0.100589089771,0.0475295600299
2020-07-14,0.30266231677,0.151396121325,0.0524799452825,0.197492159376,0.0985856716232,0.049462243168,0.100334825394,0.0475867170619
2020-07-15,0.303910504737,0.152331573126,0.0522653386688,0.196517778594,0.0980588623479,0.0491862869989,0.0999193978213,0.0478102577058
2020-07-16,0.304094645491,0.151982263887,0.0517242759198,0.197419704576,0.0985151607621,0.0494783895958,0.0993622480193,0.0474233117492
2020-07-17,0.30389074376,0.15219483642,0.0517715574716,0.196915621403,0.0981403766282,0.0493936133517,0.0998241875462,0.0478690634195
2020-07-20,0.305032032748,0.152404663404,0.0522769721791,0.196285112803,0.0977833039815,0.0492488710069,0.0998749237183,0.0470941201597
2020-07-21,0.304679682264,0.152503817552,0.0524925142369,0.195757267026,0.0975667631971,0.0491979265612,0.100747427316,0.0470546018471
2020-07-22,0.305068396707,0.152243667607,0.0520814811789,0.195061212562,0.0971700638714,0.0489818739163,0.101829865766,0.0475634383911
2020-07-23,0.302701676185,0.151615533961,0.0519510610514,0.196115369472,0.0976763261703,0.0492124247115,0.103162504584,0.0475651038648
2020-07-24,0.301482032389,0.151233881631,0.0519438690165,0.196525332467,0.0978653590017,0.0493200112797,0.104300013393,0.0473295008227
2020-07-27,0.301495146879,0.152229287757,0.0522916414091,0.19498020583,0.0970101852394,0.0489650821805,0.105594914915,0.0474335357907
2020-07-28,0.299855449634,0.151660140112,0.0517734501069,0.195288557147,0.0973289636869,0.0490999318441,0.10657256632,0.0484209411495
2020-07-29,0.301010773574,0.15198303923,0.0522487375288,0.193886664877,0.0966430919751,0.0488031846499,0.106477134485,0.0489473736799
2020-07-30,0.301288906722,0.150627592219,0.0518727103448,0.194907344757,0.0972133328125,0.0490740201852,0.106165610854,0.048850482106
2020-07-31,0.303586250259,0.147656060986,0.0515587544452,0.194935257519,0.0972103344953,0.0492051683704,0.107100961016,0.0487472129094
2020-08-03,0.3,0.15,0.05,0.2,0.1,0.05,0.1,0.05
2020-08-04,0.299177301415,0.150190487415,0.0502326224592,0.19906684106,0.0996823037018,0.0497813776242,0.101455839458,0.0504132268676
2020-08-05,0.300081097853,0.150521236622,0.0505874565822,0.198054224175,0.0990352019671,0.0496471266776,0.102073036871,0.0500006192513
2020-08-06,0.300796690594,0.150206996331,0.0504396380531,0.197489050485,0.0987247628924,0.0494898206661,0.102986187038,0.0498668539396
2020-08-07,0.301895953845,0.150025061256,0.049560841304,0.197836651683,0.0988048193194,0.0495016639914,0.101647620942,0.0507273876581
2020-08-10,0.302538229019,0.150481786307,0.0495068719573,0.197484739774,0.0986152106181,0.0494003366478,0.101209033496,0.0507637921802
2020-08-11,0.302832586168,0.152509751322,0.0497834039261,0.198770842663,0.0991911978391,0.0497491960823,0.0966657698455,0.0504972521543
2020-08-12,0.304842581555,0.154418000138,0.0500301292782,0.196940800567,0.0981860027835,0.0494222080444,0.0955213536731,0.0506389239609
2020-08-13,0.304544009117,0.153885549139,0.0498773157574,0.196373894246,0.0980654460882,0.0493374167134,0.0978585179495,0.050057850989
2020-08-14,0.305013230752,0.153162436965,0.0500213730118,0.196487781744,0.0982621682857,0.0493293009073,0.0975840614714,0.0501396468621
2020-08-17,0.304235191041,0.153457415357,0.0502708203357,0.195630467803,0.0978620860555,0.0491533437375,0.0991318187816,0.0502588568889
2020-08-18,0.304245821756,0.153095478788,0.05034595058,0.195495924293,0.0978231434222,0.0492678544772,0.0998126477588,0.0499131789249
2020-08-19,0.30520273779,0.1533741621,0.0501318828501,0.196631663912,0.0984117177086,0.0494799305373,0.0973714698548,0.0493964352463
2020-08-20,0.305522821078,0.152581857069,0.0498916442741,0.196575106895,0.0984916184699,0.0493309574679,0.0978428595414,0.0497631352044
2020-08-21,0.306504342222,0.151724719112,0.050194635507,0.196708373474,0.0985313584888,0.0494832860646,0.0970266739598,0.0498266111719
2020-08-24,0.308042223907,0.152779450915,0.0504401981769,0.195629765483,0.0978959297453,0.0493303469575,0.0959890819052,0.0498930029098
2020-08-25,0.308670529083,0.152884961406,0.050831836366,0.194933621324,0.0975211094784,0.0492429935883,0.0959659696637,0.0499489790908
2020-08-26,0.310224211648,0.153252432687,0.0506257124217,0.193937330941,0.0969991366461,0.049096605829,0.0966192719825,0.0492452978436
2020-08-27,0.311767433584,0.152116530015,0.0504722972742,0.193803184556,0.0969250398396,0.0490386225752,0.095767842264,0.0501090498924
2020-08-28,0.311831936898,0.152218560265,0.0507660598549,0.192860383999,0.0964818864302,0.0488886687814,0.0968270151193,0.0501254886525
2020-08-31,0.311566979239,0.151592256752,0.0498359662773,0.1938229513,0.0968540775402,0.0492457993909,0.0973282045749,0.0497537649261
2020-09-01,0.3,0.15,0.05,0.2,0.1,0.05,0.1,0.05
2020-09-02,0.302460615085,0.150887304501,0.0495590962132,0.199168311481,0.0995214336441,0.0497109216802,0.0980776871184,0.0506146302772
2020-09-03,0.296826493754,0.149885333526,0.0494842972319,0.202475728707,0.101281216758,0.050348762266,0.0988733554645,0.0508248122923
2020-09-04,0.295568104969,0.150768724906,0.0495901755868,0.202266519408,0.10111598348,0.0503923696425,0.0995386583255,0.0507594636825
2020-09-08,0.290740745256,0.150601212242,0.0492177673945,0.204777148868,0.102477372457,0.051010189528,0.10046936298,0.0507062012743
2020-09-09,0.29342449613,0.151626011201,0.049340609043,0.202648133999,0.101370567493,0.0505120848365,0.100398570117,0.0506795271815
2020-09-10,0.290732740339,0.151205652423,0.0490026764466,0.204354518156,0.102341473247,0.0509774084213,0.100909081804,0.050476449163
2020-09-11,0.290303356789,0.152294010274,0.0492679287982,0.204190370074,0.10229765477,0.0508480779791,0.100703251325,0.0500953499906
2020-09-14,0.291916155066,0.152164650281,0.0497071192887,0.202672660976,0.101437192658,0.0504339480593,0.10073514538,0.0509331282908
2020-09-15,0.292409917538,0.152595482236,0.0501011746195,0.202012029329,0.101048190452,0.0503010664706,0.100158044966,0.0513740943881
2020-09-16,0.291524865887,0.15273977187,0.0499690919485,0.202100454896,0.10108563586,0.0503486296246,0.100536926119,0.0516946237947
2020-09-17,0.290087444867,0.153553207491,0.0500738382456,0.202939946367,0.101513047267,0.0505728985441,0.100374800064,0.0508848171536
2020-09-18,0.288541123171,0.153417199877,0.0499904269098,0.203967526476,0.102055715686,0.0508449679375,0.101135044381,0.0500479955613
2020-09-21,0.28843944988,0.15130479517,0.0501142691879,0.206225420182,0.103354476013,0.0513056428029,0.100183597059,0.0490723497045
2020-09-22,0.290582144678,0.150854928108,0.0495392612056,0.20581929018,0.103072520229,0.0511818972805,0.0994260948974,0.0495238634223
2020-09-23,0.287638596596,0.151295659998,0.0494185166581,0.208130758065,0.104450717661,0.0518128532648,0.0985785612499,0.0486743365071
2020-09-24,0.28807826834,0.150899140213,0.0492223893931,0.207912268419,0.104383596303,0.0517910236342,0.0988329497044,0.048880363994
2020-09-25,0.290943298355,0.150534207355,0.0489094171798,0.206709391983,0.103829560548,0.0515432483977,0.0979479002704,0.0495829759106
2020-09-28,0.292834740434,0.151472203184,0.0489056109162,0.204827296082,0.102780334653,0.0511356978057,0.0979496069766,0.0500945099486
2020-09-29,0.291583524625,0.151429241783,0.0489402807678,0.205103530222,0.102977433215,0.0512808826106,0.0988920539825,0.0497930527932
2020-09-30,0.293374203873,0.150843953421,0.0496628193513,0.204481237055,0.102552410832,0.0510542249089,0.0981576990339,0.049873451525
2020-10-01,0.3,0.15,0.05,0.2,0.1,0.05,0.1,0.05
2020-10-02,0.298119762833,0.150159441812,0.0496108847468,0.200447564768,0.100226943055,0.050170837512,0.100235947995,0.0510286172772
2020-10-05,0.301111376984,0.151347067091,0.0498747789859,0.198290316663,0.0988394530893,0.0496413033295,0.0999625403301,0.0509331635275
2020-10-06,0.298862256337,0.15081111159,0.0503654844972,0.199817229151,0.0997463069415,0.0499889742568,0.099462967377,0.0509456698488
2020-10-07,0.302040569072,0.151223335135,0.0504982444025,0.198352217508,0.098796241388,0.0496522846832,0.098756343634,0.0506807641775
2020-10-08,0.302897745754,0.151439100141,0.0505711235199,0.197419289039,0.0983850778454,0.0495520817905,0.0985155815763,0.051220000334
2020-10-09,0.303879367917,0.151589996381,0.0506357187767,0.196356153144,0.0977818035815,0.0492882872205,0.0997391514883,0.0507295214905
2020-10-12,0.306740292864,0.151343198725,0.0507963600769,0.19544774444,0.0972440119704,0.0489956506813,0.0987996150666,0.0506331261755
2020-10-13,0.306595640967,0.150579645698,0.0508803763808,0.196688823067,0.0980546989255,0.0492942353121,0.0978382383174,0.0500683413319
2020-10-14,0.305473670569,0.150653632853,0.0507886199265,0.197325257815,0.0983460265037,0.0494244074826,0.098400188215,0.0495881966351
2020-10-15,0.305741639243,0.149314422125,0.0504881630145,0.197575192723,0.0984485887148,0.0495132672689,0.0989678985722,0.0499508283378
2020-10-16,0.305663466253,0.149835270737,0.0507098026729,0.197543596039,0.0984261187937,0.0495501554312,0.0986593619561,0.0496122281169
2020-10-19,0.303044631335,0.150191556033,0.0508917351755,0.198638520658,0.0989258705162,0.0497655643014,0.0993742833808,0.0491678386004
2020-10-20,0.303357932505,0.150579267013,0.0512530522309,0.197882292258,0.098421203985,0.0495749626494,0.0995577737682,0.0493735155902
2020-10-21,0.303013422913,0.150186555112,0.0513944109292,0.197796760909,0.0983653676975,0.0495968120636,0.100383686364,0.0492629840126
2020-10-22,0.304657978071,0.150322732777,0.0514028391226,0.197431931485,0.098017282473,0.0495191220729,0.099394137919,0.0492539760795
2020-10-23,0.304844748924,0.150736486279,0.051498704145,0.197169859499,0.0978837083931,0.0494407158082,0.0990132204691,0.0494125564822
2020-10-26,0.302022829363,0.149309613075,0.05130649583,0.199293600412,0.0990661441534,0.0499449499319,0.0998932652747,0.0491631019605
2020-10-27,0.301504678431,0.148437139928,0.0515793439869,0.200098258758,0.0994602905062,0.0501310718615,0.100330292008,0.0484589245206
2020-10-28,0.296861548481,0.146893396687,0.0512714735929,0.203694771842,0.101385735805,0.0510409864924,0.100629885744,0.0482222013559
2020-10-29,0.298824667269,0.147081853929,0.0516277188812,0.202616748503,0.100603433401,0.0506880689727,0.099860569502,0.0486969395416
2020-10-30,0.297282363827,0.147118381595,0.0513630286889,0.20313980569,0.100811083957,0.0508035596995,0.100849640379,0.0486321361644
2020-11-02,0.3,0.15,0.05,0.2,0.1,0.05,0.1,0.05
2020-11-03,0.302141072884,0.152241659656,0.0496170048291,0.19784835141,0.0987440220987,0.0494437083347,0.0995281940311,0.0504359867563
2020-11-04,0.30517864915,0.151953387455,0.0505958881197,0.196770088647,0.0983781109772,0.0489309545097,0.0982762459944,0.049916675147
2020-11-05,0.307081276192,0.153600961323,0.0507856343974,0.19439037821,0.0970816794663,0.0483326164179,0.0992265950417,0.0495008589509
2020-11-06,0.30723636073,0.154040166996,0.0510079077611,0.194104538521,0.0968234761413,0.0481485370586,0.0994405217221,0.0491984910699
2020-11-09,0.309848341377,0.157613325031,0.0511825421763,0.192422734519,0.0957225751821,0.0478171615968,0.0946567094523,0.0507366106662
2020-11-10,0.309194365569,0.158667234944,0.0505754300193,0.191987123394,0.0953889355405,0.0478323516411,0.0949090725573,0.0514454863349
2020-11-11,0.310254594601,0.159368040586,0.0505904138266,0.191339143251,0.0951615496788,0.0477264371148,0.0941232463386,0.0514365746031
2020-11-12,0.308576153145,0.157746744057,0.0504303792189,0.192972234693,0.0961179425188,0.0480674731453,0.0951040217567,0.0509850514655
2020-11-13,0.310038801115,0.158549609318,0.050611079651,0.191271782105,0.0951279507637,0.047632005565,0.0948927222339,0.0518760492482
2020-11-16,0.311749382351,0.159485392757,0.0508494828558,0.189939805615,0.0944026787232,0.0472401882965,0.0942346093274,0.0520984600744
2020-11-17,0.310510235348,0.159639232827,0.0508464752762,0.190595927705,0.094780294191,0.0473862155511,0.0940213239573,0.0522202951433
2020-11-18,0.308687998916,0.159775770294,0.0509918675788,0.191915639939,0.0953401078346,0.0476971537863,0.0940667469111,0.0515247147402
2020-11-19,0.30908186136,0.160273427062,0.0509714587794,0.191711919332,0.0951644019773,0.047607119698,0.0936155552577,0.0515742565339
2020-11-20,0.30719754171,0.160930837548,0.0513638766945,0.192051692891,0.095402653845,0.0477493883049,0.0939698340391,0.0513341749675
2020-11-23,0.309067506976,0.161052948887,0.0513578993191,0.192020699777,0.0952214232683,0.0477158280691,0.0921277058115,0.0514359878917
2020-11-24,0.311955689431,0.162536898178,0.0516975289634,0.190483477557,0.0944375948582,0.0474130376821,0.090111214872,0.0513645584583
2020-11-25,0.311786815278,0.162379844253,0.0515147565946,0.190609806021,0.0945637854038,0.0475398150291,0.0901589730503,0.0514462043697
2020-11-27,0.312010873106,0.163180431693,0.051887454064,0.190539232497,0.0946517581757,0.0475586023127,0.0890602450393,0.0511114031129
2020-11-30,0.312746597115,0.161042403342,0.0509554116682,0.1920973278,0.0952335577634,0.0479358082283,0.0890686726844,0.0509202213988
2020-12-01,0.3,0.15,0.05,0.2,0.1,0.05,0.1,0.05
2020-12-02,0.300377306144,0.150101164439,0.0499372120948,0.199610737323,0.0997486264955,0.0499934896649,0.100667103749,0.0495643600896
2020-12-03,0.299430855762,0.150188143009,0.0502859416882,0.199374321376,0.0997278324707,0.0499879213229,0.101167608898,0.0498373754737
2020-12-04,0.300863821713,0.151071944257,0.0504321934739,0.19807761403,0.0989590861909,0.0496916408066,0.100497441269,0.05040625826
2020-12-07,0.300220223125,0.149960361284,0.0504279435722,0.198364160448,0.0992575961097,0.049817434247,0.101987671614,0.0499646096006
2020-12-08,0.300570651803,0.150052238995,0.0504823289307,0.198033048641,0.099182890148,0.0498126200008,0.102163911645,0.0497023098374
2020-12-09,0.299563877051,0.151097762838,0.050173486895,0.198868592998,0.0996037178687,0.0500318053007,0.100986931699,0.0496738253492
2020-12-10,0.299070038235,0.151222081256,0.050783447896,0.199095387442,0.0996965542038,0.050080172193,0.100660498028,0.049391820746
2020-12-11,0.298914251805,0.150801903266,0.0504782100745,0.199444881997,0.0999612894819,0.0501088795004,0.100913360946,0.0493772229295
2020-12-14,0.298303553852,0.151203177281,0.0504166190009,0.199814029514,0.100147308784,0.0502314073698,0.100602964463,0.0492809397356
2020-12-15,0.299731957816,0.15154399403,0.050451047909,0.198210289909,0.0991853939652,0.0498890063957,0.101131746415,0.0498565635597
2020-12-16,0.29969089142,0.151800440546,0.0506397431508,0.19778873116,0.0989338233697,0.0498000773162,0.101516621699,0.0498296713388
2020-12-17,0.299993299385,0.152101306047,0.0508140369846,0.19687901444,0.0984114389891,0.0496016151453,0.102117105816,0.0500821831922
2020-12-18,0.299884303065,0.151755790662,0.0508467555875,0.197495885566,0.0986875321095,0.0497588671638,0.102315275474,0.0492555903717
2020-12-21,0.30001322138,0.150656679766,0.0503643433434,0.198289710262,0.0991504902762,0.0499510031283,0.102400485936,0.049174065908
2020-12-22,0.299906445756,0.150368412273,0.0500613583572,0.198840387254,0.0994485192465,0.0500647986173,0.101726511131,0.0495835673639
2020-12-23,0.29942278713,0.151681916631,0.0504484439874,0.198206932157,0.0989920515007,0.0499627461668,0.102145842834,0.0491392795939
2020-12-24,0.299852853007,0.151700362124,0.0500387125062,0.197906922906,0.0988903988152,0.0498602019749,0.102302231311,0.0494483173566
2020-12-28,0.301338186642,0.152090488093,0.0499601733567,0.197226585159,0.0985420122597,0.0497155268134,0.101563344509,0.0495636831676
2020-12-29,0.300432307248,0.153117569695,0.0504447633534,0.197042959062,0.0984171480798,0.0496374263817,0.101821125105,0.049086701076
2020-12-30,0.300043384434,0.153023427724,0.0510082433581,0.196624041563,0.0982152331379,0.0495414235137,0.10232177081,0.04922247546
2020-12-31,0.301105179618,0.151759976859,0.0507981950909,0.196471976742,0.0981299846751,0.0495702604378,0.102544232459,0.0496201941183
2021-01-04,0.3,0.15,0.05,0.2,0.1,0.05,0.1,0.05
2021-01-05,0.300607922685,0.150973603559,0.0509150998858,0.198832142694,0.099284953783,0.0497430292481,0.0998119577652,0.0498312903797
2021-01-06,0.302494407104,0.15265352438,0.050445646539,0.197912551785,0.0987334714582,0.0496096991873,0.0982198874888,0.0499308120573
2021-01-07,0.305637276043,0.152419840693,0.0506173331868,0.196839694539,0.0979518660902,0.0493602892195,0.0975592032557,0.0496144969719
2021-01-08,0.307181867638,0.153761590475,0.0516080341697,0.196478835213,0.0976084898919,0.0491349211921,0.0941613741674,0.050064887253
2021-01-11,0.306994381112,0.152695709954,0.0513227695965,0.197370733435,0.0980199029563,0.0493329106966,0.0945567347299,0.0497068575205
2021-01-12,0.306354909791,0.153067904949,0.0517679521086,0.197086431012,0.0977785307025,0.0492858865025,0.0949505875484,0.0497077973858
2021-01-13,0.306573467877,0.152483540947,0.0518333059305,0.197319438152,0.0979245645224,0.0492972770624,0.0943549406825,0.0502134648266
2021-01-14,0.305420802341,0.1536037152,0.0523322651385,0.196881705597,0.0976759112322,0.0493077995082,0.0942815463212,0.0504962546616
2021-01-15,0.304831616095,0.151944275674,0.0520106902287,0.198148285913,0.0984697168184,0.0496288541463,0.0936148201776,0.051351740946
2021-01-19,0.30554483979,0.152178805129,0.0526622442301,0.197333479675,0.0979890722334,0.0494738494854,0.0938916904048,0.050926019053
2021-01-20,0.307029361343,0.151980082681,0.0531039630852,0.195602318344,0.0971621245207,0.0491087388965,0.0945752770337,0.051438134096
2021-01-21,0.307302084135,0.152318181414,0.0531124730673,0.195314500981,0.0970205099769,0.0492268408619,0.0945137456117,0.0511916639529
2021-01-22,0.307159991674,0.151729249422,0.0528944826723,0.195917640373,0.0974680295338,0.0493016759025,0.0940591897137,0.0514697407089
2021-01-25,0.307486789014,0.151200811926,0.0530064661477,0.195855527813,0.0975818643152,0.0492872274196,0.0938702737393,0.0517110396253
2021-01-26,0.3072494366,0.151382422953,0.0527160007152,0.195943447496,0.097626147545,0.0492530017795,0.0937123410488,0.0521172018629
2021-01-27,0.30393210962,0.149905671976,0.0520953564591,0.198700793099,0.099107946581,0.0499262215791,0.0944209309195,0.0519109697661
2021-01-28,0.305294444085,0.150455331651,0.0521294619412,0.197754780886,0.098446541386,0.0498195881758,0.0941226456517,0.0519772062228
2021-01-29,0.302695105408,0.148886342964,0.0516129530481,0.199855095101,0.0994263434692,0.0503533358428,0.0951890857147,0.051981738452
2021-02-01,0.3,0.15,0.05,0.2,0.1,0.05,0.1,0.05
2021-02-02,0.302639642151,0.150873796073,0.0505156913871,0.198641086082,0.0992219476818,0.0498106541988,0.0982629272385,0.0500342551881
2021-02-03,0.302861940757,0.151274065928,0.0507008099147,0.198393305751,0.0989738329779,0.0497808327198,0.0981094361424,0.0499057758088
2021-02-04,0.305797325604,0.151086401172,0.0506918484326,0.197980217521,0.0987765314555,0.0496634398376,0.0958382228228,0.0501660131552
2021-02-05,0.305974379116,0.151705619503,0.0508959032036,0.197064951734,0.0982378687253,0.0494857565425,0.0964607289644,0.050174792212
2021-02-08,0.3066584556,0.15191815671,0.0509041354625,0.196291008725,0.097793006602,0.0492870672586,0.0969497796984,0.0501983899437
2021-02-09,0.305869848085,0.152496993052,0.0513728139651,0.196000493497,0.0976810508335,0.0492200060409,0.0970808142878,0.0502779802377
2021-02-10,0.305510870907,0.152043414924,0.0514460931753,0.196040131364,0.0978571181909,0.0492259526421,0.0973642926322,0.0505121261647
2021-02-11,0.305723643196,0.152895019547,0.0519359717427,0.195625967471,0.0976929863768,0.0491231726206,0.0964301579656,0.0505730810795
2021-02-12,0.306872206482,0.153426484062,0.0519673158538,0.194944273086,0.0972559917035,0.0489847752593,0.0960241164484,0.0505248371049
2021-02-16,0.307472545612,0.154790501585,0.0522624969689,0.194572537121,0.0968268717299,0.0488845439968,0.094913186101,0.0502773168854
2021-02-17,0.307995219893,0.154055050596,0.0524693979351,0.19524496,0.0970356378329,0.0489371547014,0.0939736240415,0.0502889549999
2021-02-18,0.307766919918,0.15360120921,0.0519741377715,0.195832935239,0.097369788465,0.0489049033282,0.0942996421374,0.0502504639303
2021-02-19,0.307245680987,0.154329378249,0.0522575553362,0.195240399196,0.0969856946702,0.048699581593,0.0946977025254,0.0505440074436
2021-02-22,0.305874571285,0.154362421875,0.0509406435156,0.195266996329,0.0971426639519,0.0488541840262,0.0964280448755,0.0511304741411
2021-02-23,0.305952631409,0.154277062858,0.0511814723813,0.195130546305,0.0971247178857,0.0488190141624,0.0961140139186,0.0514005410802
2021-02-24,0.308186191343,0.154269935941,0.0506674040014,0.194345548193,0.0966344628294,0.0486008149785,0.0956925175592,0.0516031251547
2021-02-25,0.306146896614,0.154370832295,0.0504567582469,0.19601020374,0.0970540014116,0.0488657988945,0.0955735336567,0.0515219751417
2021-02-26,0.305948793205,0.15284145962,0.0499618708627,0.198498392431,0.0983687383387,0.049695307963,0.0936846549513,0.051000782629
2021-03-01,0.3,0.15,0.05,0.2,0.1,0.05,0.1,0.05
2021-03-02,0.298372810863,0.150298220702,0.0496459109865,0.200514378175,0.100421884804,0.0503237039181,0.100785873937,0.0496372166142
2021-03-03,0.296706173675,0.150536139944,0.0499938458173,0.201333640731,0.100659493836,0.0505854876438,0.100448818059,0.0497364002938
2021-03-04,0.29572300081,0.150386230993,0.0493656036366,0.202596233987,0.101080183278,0.0508545168668,0.100373254133,0.049620976295
2021-03-05,0.298955663565,0.150493490499,0.0493508638881,0.200970447818,0.100199110371,0.0505341730015,0.0997001269258,0.0497961239317
2021-03-08,0.299138157316,0.150590246309,0.0483354870109,0.201303518486,0.10036566703,0.0505380682943,0.0992206369832,0.0505082185701
2021-03-09,0.300033846418,0.150827361199,0.0488334262225,0.199816205718,0.0997193887816,0.0502888190549,0.100203942748,0.0502770098567
2021-03-10,0.30063462121,0.150839498834,0.0485448977847,0.199308540744,0.0995090946179,0.0503055293081,0.100292194088,0.0505656234127
2021-03-11,0.301839188427,0.15102278001,0.0497000037668,0.198081195214,0.098870528445,0.050043830676,0.0995970092529,0.0508454642075
2021-03-12,0.302701148478,0.151617210714,0.0488962831844,0.197252882294,0.098303031183,0.0497254968807,0.0997285480567,0.0517753992099
2021-03-15,0.303345316086,0.151404588745,0.048682218219,0.196708102568,0.098048595676,0.0496824848861,0.0997850848457,0.0523436089746
2021-03-16,0.302972380851,0.151653132115,0.0488956725541,0.196645257405,0.0980345403955,0.0497870861578,0.0998805652401,0.0521313652816
2021-03-17,0.303278732837,0.152080590994,0.0488155575939,0.196157948454,0.0976371925511,0.0496245950564,0.100353725424,0.052051657089
2021-03-18,0.301718741891,0.152059741363,0.0485206114868,0.197265081458,0.0979541867836,0.0497431323341,0.100722980159,0.0520155245246
2021-03-19,0.301055138807,0.152527863496,0.0489859811394,0.197352482852,0.0978593270228,0.049821440975,0.101108923697,0.0512888420113
2021-03-22,0.302394366888,0.152057207053,0.0487104623224,0.197041220016,0.0978351865544,0.0498851499546,0.100606061106,0.0514703461061
2021-03-23,0.301581686983,0.150537116332,0.0481648581432,0.198575812964,0.0988320210669,0.0502496633682,0.100393372174,0.0516654689695
2021-03-24,0.300874052749,0.150301337294,0.0471685018275,0.199366509811,0.0992342951775,0.0505201188431,0.1010179311,0.0515172531963
2021-03-25,0.30177818426,0.150866499635,0.0471200267884,0.198742445916,0.0988456196479,0.0503524909502,0.100388570587,0.0519061622157
2021-03-26,0.303948395594,0.151591333436,0.0478683350268,0.19666907556,0.0976508474927,0.0499221776178,0.0997898957103,0.0525599395613
2021-03-29,0.304845348919,0.151378784329,0.0477654649348,0.197019946427,0.0976520804834,0.0499596714262,0.0989437698915,0.0524349335892
2021-03-30,0.30478004993,0.151564288188,0.0480771067571,0.197658050853,0.0978043878026,0.049994174408,0.0974904494905,0.0526314925712
2021-03-31,0.305378433484,0.150818846167,0.0481899543482,0.197281247484,0.0974626791059,0.0499020276877,0.0987631347583,0.0522036769653
2021-04-01,0.3,0.15,0.05,0.2,0.1,0.05,0.1,0.05
2021-04-05,0.302491497846,0.15135343122,0.0498059685475,0.198406477154,0.0991231233634,0.0495593734988,0.099366929781,0.0498931985894
2021-04-06,0.302049497658,0.149904054997,0.0499989604878,0.198930362349,0.0995186400033,0.0495438771374,0.10007745974,0.0499771476277
2021-04-07,0.302610047747,0.150278280077,0.0493052713687,0.198755366974,0.099526715124,0.049610102701,0.0998650201857,0.0500491958226
2021-04-08,0.302640716564,0.150448424805,0.049585887553,0.198322285408,0.0994068567216,0.0494910404617,0.100472084813,0.0496327036737
2021-04-09,0.304620029759,0.150697090701,0.0491264573088,0.197953170934,0.0990732288584,0.0493488988815,0.0996425198343,0.0495386037236
2021-04-12,0.305168220973,0.150107344365,0.0488764925592,0.198185008288,0.0991542316807,0.0494275691956,0.0991803974488,0.0499007354906
2021-04-13,0.304839625455,0.150513351664,0.0486889705043,0.197957201142,0.0991635420856,0.0494090460173,0.0994808304192,0.0499474327129
2021-04-14,0.304286185163,0.150903876761,0.0490303747939,0.198119139729,0.0992007446749,0.0494883630192,0.0992076584312,0.049763657427
2021-04-15,0.304805627918,0.15070577606,0.0490206998002,0.197120557074,0.098944247995,0.0493110011348,0.0999099648081,0.0501821252105
2021-04-16,0.305220626508,0.151291767758,0.0490819948655,0.196217360919,0.0984817649439,0.0491980730381,0.100315717515,0.0501926944522
2021-04-19,0.304502075641,0.15123793337,0.0491056548543,0.196567354246,0.0986313707562,0.0492388028323,0.100295576727,0.0504212315738
2021-04-20,0.303397583358,0.149281613377,0.0489140862942,0.197609213179,0.0992932675528,0.0494533579736,0.101026870247,0.0510240080191
2021-04-21,0.304367933626,0.149710156884,0.0489918694621,0.196571428683,0.0987287904941,0.0491931642094,0.101395049627,0.0510416070144
2021-04-22,0.302868834288,0.14972477287,0.0491158762863,0.197457888491,0.0992259989841,0.0494606843294,0.101165521846,0.0509804229042
2021-04-23,0.304495522159,0.150620571749,0.049518805945,0.196354845716,0.098559792208,0.0492162774995,0.100232399091,0.051001785632
2021-04-26,0.304794384623,0.150689355304,0.049529082619,0.195967183731,0.0983478116541,0.0491891093865,0.100386497883,0.0510965747996
2021-04-27,0.305213600272,0.150458310093,0.0496822593212,0.195799630868,0.0981168415343,0.0492635126331,0.100293153947,0.0511726913317
2021-04-28,0.304730682143,0.150674914434,0.0500169990009,0.195648638801,0.0981186942583,0.0493549763617,0.100458158645,0.0509969363557
2021-04-29,0.306151577845,0.150565566559,0.0498208147451,0.195213711046,0.0977802686689,0.0492478584755,0.0998728644425,0.0513473382185
2021-04-30,0.305567431246,0.149208534419,0.0493192327716,0.196335773212,0.0983254384847,0.0494478511813,0.100003549964,0.0517921887224
2021-05-03,0.3,0.15,0.05,0.2,0.1,0.05,0.1,0.05
2021-05-04,0.299601930529,0.148903488059,0.0496269725193,0.201220510563,0.100619361301,0.0503585503255,0.0997507186816,0.0499184680218
2021-05-05,0.299054447005,0.150349575835,0.0497101289795,0.200947700098,0.100527095524,0.0504761815961,0.0999496002295,0.0489852707336
2021-05-06,0.299621956445,0.150669314586,0.049899196741,0.19976899756,0.0999636229797,0.0501123846135,0.101002984422,0.0489615426525
2021-05-07,0.299996870149,0.151511312913,0.0500402393593,0.198521627217,0.0994002614746,0.0499180240225,0.101301917682,0.0493097471824
2021-05-10,0.298484761142,0.151466886465,0.0493460324367,0.199183249129,0.099687693746,0.0501867086098,0.102107882407,0.0495367860639
2021-05-11,0.297590532161,0.150551716298,0.0495088752497,0.199937063575,0.100117303716,0.0503526591505,0.102736631496,0.0492052183545
2021-05-12,0.295334760963,0.149972952003,0.0489153783949,0.202018350534,0.101025660715,0.0509675685829,0.10313620611,0.0486291226971
2021-05-13,0.296981913412,0.150055145491,0.0485471710303,0.201192432993,0.100719243229,0.0506553947054,0.102901284452,0.0489474146886
2021-05-14,0.298516277462,0.150922662092,0.0488522099482,0.199627662104,0.0999274515799,0.0503243813607,0.102797325329,0.0490320301237
2021-05-17,0.297724344467,0.150671878064,0.0488751926011,0.199431239347,0.099820262015,0.0504173649133,0.103982505607,0.0490772129861
2021-05-18,0.295584126523,0.15141684042,0.0496538050923,0.199473483753,0.0999639494315,0.0504149852196,0.104334843611,0.0491579659485
2021-05-19,0.295774268147,0.150558584297,0.0496837092105,0.199845768575,0.0999921715353,0.0502357363667,0.104748165669,0.0491615962006
2021-05-20,0.296689386891,0.151490998761,0.0494856454133,0.199009569686,0.0996442343209,0.049913734858,0.104428721417,0.0493377086536
2021-05-21,0.296621288361,0.151551074338,0.0489879737562,0.19921400889,0.0997379025652,0.0500335592139,0.104537789634,0.049316403242
2021-05-24,0.29796799179,0.151632941713,0.0491721953453,0.198289631733,0.0992751838706,0.0498746596845,0.104135764711,0.0496516311528
2021-05-25,0.296780485951,0.151364448232,0.0495987728713,0.19842279013,0.0994634857784,0.0499267923687,0.104894505053,0.0495487196165
2021-05-26,0.297162771988,0.151259246361,0.0499282656023,0.198215742114,0.0992817509348,0.0497790343279,0.104638996559,0.0497341921119
2021-05-27,0.2973049601,0.151542151015,0.0500192587816,0.197964565201,0.0991039323632,0.0497728257347,0.104675371683,0.0496169351217
2021-05-28,0.297258638727,0.151682004854,0.0501829483415,0.19758026921,0.0989028672743,0.0497073287214,0.104866050631,0.0498198922397
2021-06-01,0.3,0.15,0.05,0.2,0.1,0.05,0.1,0.05
2021-06-02,0.299751026468,0.150066123149,0.0499979412041,0.199782015228,0.0998735920929,0.049817468219,0.100248001564,0.050463832075
2021-06-03,0.300293586908,0.15009830295,0.0497097292496,0.200415387712,0.100172583965,0.0499243425691,0.0988300121074,0.0505560545381
2021-06-04,0.300835230676,0.150423494585,0.0497915762829,0.199776041637,0.0999926166113,0.0497994068623,0.0991689279287,0.0502127054172
2021-06-07,0.300389571024,0.150686463379,0.049567072432,0.19953452234,0.0998631135761,0.0496645965997,0.0995154201058,0.0507792405433
2021-06-08,0.300277089979,0.150512992348,0.0493299969236,0.1997826628,0.100091632167,0.0496861469931,0.0991494150209,0.0511700637689
2021-06-09,0.299973938863,0.149990854805,0.0493176458601,0.200279674764,0.100453430798,0.0497140413782,0.0990071072383,0.0512633062939
2021-06-10,0.300154430826,0.149866291295,0.0494613528584,0.19988902763,0.100404320973,0.0497704331383,0.0990317636448,0.0514223796343
2021-06-11,0.300995896859,0.150292708508,0.0493017166383,0.200031934957,0.100372132195,0.049699164754,0.0980299296731,0.0512765164165
2021-06-14,0.301705836379,0.150536658416,0.0495060557208,0.199552329127,0.100071523518,0.0496778431633,0.0974670159285,0.0514827377485
2021-06-15,0.301632858168,0.150805059645,0.0492507181834,0.199957634586,0.100248562546,0.0498389613067,0.0972537041779,0.0510125013872
2021-06-16,0.302093921069,0.150886242856,0.0489295631245,0.200739612733,0.100273547953,0.0497398335572,0.0962947141908,0.0510425645173
2021-06-17,0.302834172651,0.150191746001,0.0493486394249,0.201930602594,0.100912762217,0.0500672995863,0.0935943369988,0.051120440526
2021-06-18,0.301030411985,0.14845940978,0.0493393095684,0.204021362827,0.102258681784,0.0504695231542,0.0937859615847,0.0506353393173
2021-06-21,0.302964407578,0.149331955281,0.0491939150823,0.201907329088,0.101138204896,0.0499902401457,0.0941960355771,0.051277912352
2021-06-22,0.304109078302,0.149242828507,0.0489065893216,0.201802806282,0.101164597127,0.0501874726856,0.0936547965653,0.0509318312097
2021-06-23,0.304148145333,0.14863591515,0.0492561337993,0.201966937304,0.101097733666,0.0502663085767,0.0937178121174,0.0509110140536
2021-06-24,0.304972710371,0.149396555489,0.0494648023902,0.20139345553,0.10075816086,0.0500119787022,0.0933629963614,0.0506393402963
2021-06-25,0.305425872971,0.149575934591,0.0497642900377,0.200577219364,0.100341147169,0.0499599225943,0.0934794109101,0.0508762023629
2021-06-28,0.305866776989,0.148517161188,0.0498543640258,0.201038616688,0.100598038716,0.0500057368817,0.0934204067712,0.0506988987409
2021-06-29,0.306287345388,0.148612751708,0.0498595773719,0.201311546111,0.100734609695,0.0500749926441,0.0925163116322,0.050602865449
2021-06-30,0.306701462069,0.147685212536,0.0495746460522,0.201553979867,0.100943312074,0.0501671503455,0.0930127443672,0.0503614926894
2021-07-01,0.3,0.15,0.05,0.2,0.1,0.05,0.1,0.05
2021-07-02,0.300906792308,0.149861125691,0.0497154050712,0.199515186649,0.0999038637168,0.0499818079739,0.100194212803,0.0499216057879
2021-07-06,0.300412715628,0.148992129274,0.0488304928962,0.200191143487,0.100448436341,0.0501198447168,0.100709438896,0.0502957987617
2021-07-07,0.300635288498,0.149096257775,0.0487405450119,0.199978977923,0.100461557965,0.0499452709686,0.100811472831,0.0503306290279
2021-07-08,0.299783512283,0.147721915652,0.0480686112735,0.201275862672,0.101259526299,0.0501462421241,0.101285585135,0.0504587445621
2021-07-09,0.300987474613,0.149281781098,0.048623803828,0.199295076127,0.100085114218,0.0498236348627,0.100952373471,0.0509507417824
2021-07-12,0.301485451038,0.149540995035,0.0485579159009,0.198792052514,0.0998414418418,0.0498601372349,0.10063346747,0.0512885389642
2021-07-13,0.301409439834,0.149178857564,0.0487392819278,0.198990566109,0.0998477924505,0.0500180710879,0.10108364558,0.0507323454471
2021-07-14,0.3007342381,0.148996192057,0.0487956726838,0.198919141226,0.0999045126949,0.0499637480298,0.101790058908,0.0508964363006
2021-07-15,0.30003289865,0.147950857639,0.0488945355533,0.19956552867,0.10043376295,0.0501697433476,0.101918583438,0.0510340897524
2021-07-16,0.299189027033,0.14754545301,0.0488108587918,0.200404555914,0.100925780073,0.0504241426588,0.101441392023,0.0512587904962
2021-07-19,0.296819727618,0.145661956033,0.048426685344,0.202859722235,0.102496319224,0.0507943421461,0.102267158897,0.0506740885029
2021-07-20,0.299178473057,0.146046165597,0.0481588029863,0.201392697394,0.101721733362,0.0504668536229,0.101491733151,0.0515435408285
2021-07-21,0.300641318935,0.147685147094,0.0484190372733,0.200096660508,0.100812866699,0.0501776415866,0.100792596538,0.0513747313665
2021-07-22,0.300809898116,0.147660577173,0.0484183314651,0.20025546671,0.100890643638,0.0502410045285,0.100835155693,0.0508889226769
2021-07-23,0.302913079554,0.148067825992,0.0475105771073,0.199464727682,0.100407294499,0.0503021241477,0.100191131474,0.0511432395445
2021-07-26,0.303725288493,0.148273456421,0.0466158995938,0.199338154258,0.100361421821,0.0505308292138,0.0999759792043,0.0511789709951
2021-07-27,0.302825131516,0.147964924835,0.0456828848954,0.200121649669,0.100951201832,0.0506000855784,0.100302781047,0.0515513406272
2021-07-28,0.301915598986,0.148240121272,0.0468526199677,0.19979107896,0.100774862208,0.0506393871919,0.100547381145,0.0512389502693
2021-07-29,0.302279870784,0.148920311482,0.0468793834881,0.198880995452,0.100172504077,0.0504021729879,0.101366240538,0.0510985211909
2021-07-30,0.301673984335,0.148372851102,0.0466939782234,0.199725462977,0.100742010439,0.0506241593477,0.100855002616,0.0513125509596
2021-08-02,0.3,0.15,0.05,0.2,0.1,0.05,0.1,0.05
2021-08-03,0.301306340608,0.150500206618,0.049938184478,0.199318415746,0.0996502886114,0.0498585298838,0.0995544868013,0.0498735472537
2021-08-04,0.300442308765,0.150378681257,0.0501670706893,0.199712114901,0.0998303312682,0.0498652043282,0.0997832431881,0.0498210456025
2021-08-05,0.301823304361,0.150894955863,0.0499257592763,0.198922865211,0.0992954046663,0.0496026302103,0.0992174080751,0.0503176723369
2021-08-06,0.303717452018,0.150985317167,0.0498161454793,0.198947642693,0.0991690271243,0.049719794781,0.0971843802088,0.0504602405282
2021-08-09,0.304352876483,0.151250658372,0.0501364052184,0.199164262584,0.099244906346,0.0497754336595,0.0957383182272,0.0503371391107
2021-08-10,0.304720901151,0.151563857437,0.0503198023734,0.198898871932,0.0990545262204,0.0498200952537,0.095764612137,0.0498573334965
2021-08-11,0.304293664691,0.151927716965,0.0503091269245,0.198316463474,0.0987805401197,0.0497078283672,0.096708300514,0.0499563589451
2021-08-12,0.305130835096,0.151544579697,0.0499668617359,0.198285099008,0.0986547474679,0.0496571433071,0.0967081912361,0.0500525424521
2021-08-13,0.304374183008,0.151669204386,0.0496557841968,0.198151738963,0.0987959600544,0.0495705438276,0.0976726206074,0.0501099649565
2021-08-16,0.305012506708,0.150769328702,0.0492469670097,0.198203259323,0.0989896126586,0.049607625489,0.0981346191758,0.0500360809341
2021-08-17,0.304563080469,0.149867656078,0.0486056069926,0.199062660123,0.0994451615121,0.0497265512467,0.098489137084,0.0502401464946
2021-08-18,0.302456638997,0.150101663513,0.0488620888342,0.199890774186,0.0997992239469,0.0499368467136,0.0989673248344,0.0499854389746
2021-08-19,0.303348629242,0.14865854664,0.0481787078151,0.200515557038,0.100160179334,0.0500260618585,0.0988151196812,0.0502971983916
2021-08-20,0.304853882604,0.14870837805,0.048035551793,0.199936984931,0.0997691907262,0.0497229377746,0.0985747224685,0.0503983516528
2021-08-23,0.305646245958,0.149346601901,0.0484272967796,0.198708710853,0.0991815963186,0.0495326183971,0.0991621727044,0.0499947570888
2021-08-24,0.30568564307,0.14984650524,0.0494386710412,0.198128886634,0.0987675760733,0.0494604858056,0.0989708179614,0.0497014141744
2021-08-25,0.306540843433,0.150065934148,0.0495215025588,0.197891181205,0.0984486937515,0.0494758208458,0.098352800685,0.0497032233728
2021-08-26,0.305650684043,0.149568240514,0.04926369498,0.198505360109,0.0987457331818,0.0496327938364,0.0987614665735,0.0498720267626
2021-08-27,0.305887774215,0.149900555255,0.0494805275931,0.197443072064,0.0982653059948,0.04960125331,0.0994345317007,0.0499869798674
2021-08-30,0.306657519395,0.149591280486,0.0495318407865,0.197293975376,0.0982738682499,0.0495007526876,0.0987584567097,0.0503923063096
2021-08-31,0.306212759,0.149595915609,0.0501381412466,0.19701147973,0.098092680684,0.0493575513597,0.0989597957898,0.0506316765808
2021-09-01,0.3,0.15,0.05,0.2,0.1,0.05,0.1,0.05
2021-09-02,0.30038936746,0.150441338203,0.0497130320812,0.199851900015,0.0999419586863,0.0499307226369,0.0995579433872,0.0501737375301
2021-09-03,0.29992341823,0.150979176322,0.0498742926561,0.199246439326,0.0995728931802,0.0497956986685,0.100490974385,0.0501171072316
2021-09-07,0.300233985522,0.151308747797,0.0505219156031,0.199632831972,0.099640343314,0.0499016620774,0.0989788929843,0.0497816207299
2021-09-08,0.300293285153,0.15041452144,0.0498440705547,0.200244468817,0.100055588557,0.0501749183717,0.0988709507064,0.0501021964
2021-09-09,0.299242183335,0.150361645995,0.0499495595706,0.201042064809,0.100416717691,0.0504793061815,0.0993860989045,0.0491224235138
2021-09-10,0.298356448117,0.150679120076,0.0501211748059,0.20163974895,0.100596586487,0.050588834135,0.099374174794,0.0486439126347
2021-09-13,0.298191693624,0.151351626505,0.0501273328697,0.201274222083,0.100404552803,0.0504318417007,0.0993976332996,0.0488210971146
2021-09-14,0.296974915633,0.15089546124,0.0497269478076,0.201992130209,0.100915645298,0.0505259531039,0.100169964987,0.0487989817226
2021-09-15,0.298770360511,0.151148267837,0.0495941936362,0.201339409578,0.100513233642,0.0504376604615,0.0993547265682,0.0488421477668
2021-09-16,0.299605559663,0.151382394259,0.0492963971384,0.201874678657,0.100635511387,0.050576667896,0.09753118471,0.0490976062884
2021-09-17,0.298538771587,0.150427788389,0.0494119989062,0.202959436148,0.100968939911,0.0507464439575,0.0979843449049,0.048962276197
2021-09-20,0.29587979962,0.14873343061,0.0484472697065,0.204951103901,0.102281937931,0.0511949867472,0.099463904443,0.0490475670415
2021-09-21,0.294989598244,0.149704637328,0.0487371588738,0.204615754309,0.102009583121,0.0510535357048,0.0999203726906,0.048969359728
2021-09-22,0.296499845943,0.149827363172,0.0492121571469,0.203746591045,0.101636787105,0.0507678435831,0.0990902906915,0.0492191213124
2021-09-23,0.299408986218,0.151299186626,0.0493308427282,0.202278583324,0.100484229132,0.0504693904583,0.0977198850856,0.0490088964288
2021-09-24,0.300763182669,0.15034442422,0.0489287108479,0.202508371775,0.100468797233,0.0504878836039,0.0978745709667,0.0486240586839
2021-09-27,0.30037574751,0.150581548829,0.0492684660235,0.202546553269,0.100357677221,0.0505912536958,0.0982330393329,0.0480457141192
2021-09-28,0.298071442912,0.149123708706,0.0493148902506,0.204272153313,0.101248410384,0.0511234473984,0.0985176095936,0.0483283374419
2021-09-29,0.298623073804,0.148678899176,0.04892911285,0.204448792596,0.101371076039,0.0511600535825,0.0980902317609,0.0486987601911
2021-09-30,0.295772083927,0.148639972682,0.0493974659534,0.204966777548,0.101769260158,0.0513066533761,0.100123988785,0.0480237975716
2021-10-01,0.3,0.15,0.05,0.2,0.1,0.05,0.1,0.05
2021-10-04,0.297839907161,0.149465341165,0.0495950759858,0.201014097801,0.100455207429,0.0502845779259,0.101047545322,0.0502982472107
2021-10-05,0.300073360284,0.149896861562,0.0499233994367,0.199965049657,0.0998540071689,0.0501909337418,0.100287723545,0.049808664605
2021-10-06,0.30108335023,0.148680691191,0.0496938688248,0.199894791835,0.0998014080619,0.0501240100973,0.100476705414,0.0502451743452
2021-10-07,0.302649037533,0.149415194294,0.0504920523212,0.198656168922,0.0990631317913,0.0499098210451,0.0996055998705,0.0502089942225
2021-10-08,0.302521488851,0.149654742217,0.0507528347002,0.198500462583,0.0989860060349,0.0499916524792,0.0997880417179,0.0498047714164
2021-10-11,0.301362988231,0.14972291459,0.0507868101771,0.198868175373,0.0990830485778,0.050131975017,0.0999418368574,0.0501022511771
2021-10-12,0.300187571595,0.149447659513,0.0505733783943,0.19931331027,0.0993908256571,0.0501537648925,0.10024821928,0.0506852703987
2021-10-13,0.299343729866,0.150144859685,0.0509070407029,0.198490706109,0.0989456369763,0.0500593835948,0.101380494097,0.0507281489677
2021-10-14,0.301869325903,0.150515696495,0.0505662657921,0.197232142319,0.0983605064519,0.0497432604706,0.100790632822,0.0509221697461
2021-10-15,0.30375769453,0.151510070259,0.051039934854,0.196485627598,0.0977414881678,0.0495950842355,0.0990548875584,0.0508152127973
2021-10-18,0.304723844841,0.150988183475,0.0509821272655,0.196391482486,0.0976263676617,0.0495017642277,0.0988308815799,0.0509553484635
2021-10-19,0.306067713156,0.151541332083,0.0513945043606,0.195183191658,0.0969576001472,0.0492202298028,0.0988233675568,0.0508120612351
2021-10-20,0.30625570125,0.15156363015,0.051234677851,0.1944026795,0.0965952054113,0.0491459254064,0.0993604181618,0.05144176227
2021-10-21,0.307342530511,0.150950474975,0.0508711426667,0.19417567656,0.0964313294632,0.0493033054344,0.099364256744,0.0515612836453
2021-10-22,0.306465571618,0.151371826396,0.0506514248423,0.194196972308,0.0965014743803,0.0493131960622,0.0997901904124,0.0517093439808
2021-10-25,0.30718935638,0.150804330118,0.0506855362693,0.193804091185,0.0963316213396,0.049284365277,0.100180224669,0.0517204747607
2021-10-26,0.307382467782,0.151052493871,0.0503305227718,0.194107843871,0.0964236786627,0.0494427663384,0.0994119695697,0.0518482571337
2021-10-27,0.306386875225,0.150422918133,0.0501271970185,0.194985793243,0.0970798565035,0.0497350810841,0.0997921063579,0.0514701724351
2021-10-28,0.308019136633,0.151306317865,0.0498640411763,0.193998952057,0.0964119197066,0.0490921778886,0.099341335752,0.0519661189217
2021-10-29,0.309474931445,0.150586810438,0.0493745082923,0.194470275012,0.096713642528,0.0490984019654,0.098761297249,0.0515201330701
2021-11-01,0.3,0.15,0.05,0.2,0.1,0.05,0.1,0.05
2021-11-02,0.300848590864,0.149476865233,0.0494123029637,0.200159705582,0.100123191551,0.0501384420751,0.0996644017115,0.0501765000194
2021-11-03,0.302148358852,0.150235003741,0.0496852436072,0.199403693987,0.0996321783187,0.0499794060833,0.0986603102946,0.0502558051167
2021-11-04,0.302550419097,0.149615997962,0.0494111625882,0.199392783146,0.0998347024494,0.0501409906879,0.0994433578472,0.0496105862225
2021-11-05,0.302259135754,0.149265399795,0.0492122529654,0.199290341277,0.0999378694401,0.0500933691169,0.100297401538,0.0496442301144
2021-11-08,0.302352101179,0.149268554741,0.0496976482435,0.198818633946,0.0994517371006,0.0502320576512,0.100602718168,0.0495765489695
2021-11-09,0.301231141139,0.148841987312,0.0495616610449,0.199291289875,0.0998689033761,0.0505051097301,0.101057692317,0.0496422152049
2021-11-10,0.300591984314,0.147831448881,0.0497215384845,0.199125443253,0.0996058846249,0.0506513893331,0.102765034387,0.0497072767225
2021-11-11,0.300261018658,0.148130457423,0.0505047640774,0.198477301299,0.0991433541492,0.0505715059148,0.103193571436,0.0497180270423
2021-11-12,0.301427234282,0.148607248263,0.0503598249495,0.197721151378,0.0989902073648,0.050379907631,0.103013266522,0.0495011596101
2021-11-15,0.301882601134,0.148526707544,0.0503218322065,0.197224766342,0.0987166913806,0.0504465004696,0.102973961986,0.0499069389378
2021-11-16,0.303219103612,0.148257126742,0.0503259943855,0.197247754908,0.0986763547908,0.050396572337,0.102276859302,0.0496002339223
2021-11-17,0.302263839842,0.147782989488,0.0501057258495,0.197572612591,0.0989594133524,0.0504606538002,0.103136771286,0.0497179937903
2021-11-18,0.303144311135,0.147824651538,0.0494818011553,0.197650410689,0.0989722348916,0.0504672694588,0.102756260676,0.0497030604557
2021-11-19,0.303294133158,0.147031425437,0.0495076793714,0.198483842215,0.0994669940294,0.050489689683,0.102203707104,0.0495225290015
2021-11-22,0.304505918891,0.147238336208,0.0493284048152,0.198879051903,0.0994139216326,0.0504250480084,0.100594631598,0.0496146869439
2021-11-23,0.30541776249,0.147226976526,0.0494594868077,0.198423442016,0.0991691274508,0.050313759391,0.0998904137888,0.0500990315295
2021-11-24,0.305800513447,0.146249992682,0.0493310303963,0.1985972011,0.0993342451684,0.0503986996358,0.0996538702098,0.0506344473613
2021-11-26,0.302267590164,0.143826909308,0.0484123907281,0.202211151555,0.101722553267,0.0512052574525,0.10058684722,0.0497673003057
2021-11-29,0.304617968978,0.143876813232,0.0482663938131,0.201419403829,0.101043063297,0.0508603036872,0.100002539463,0.0499135137017
2021-11-30,0.30106426078,0.14360424589,0.0487291934847,0.203356712412,0.102456432823,0.0513119214407,0.100119647868,0.0493575853016
2021-12-01,0.3,0.15,0.05,0.2,0.1,0.05,0.1,0.05
2021-12-02,0.302141104792,0.150868155208,0.0501823480095,0.198354163001,0.0989805077284,0.0497431882716,0.0986451596033,0.0510853733867
2021-12-03,0.300093038986,0.150407020609,0.0495822093435,0.199536660507,0.0997554461047,0.0499436452926,0.0996679242227,0.0510140549333
2021-12-06,0.302269914091,0.151165607321,0.0496793156969,0.19794116135,0.0988080016221,0.0494909880965,0.0989717337182,0.0516732781049
2021-12-07,0.3052533769,0.152771453828,0.0498697961607,0.195536467814,0.0973895820765,0.0490462379455,0.0982706741381,0.0518624111372
2021-12-08,0.305807098329,0.15285202702,0.0501267303474,0.19486179783,0.0969964347047,0.0489220839057,0.0982418886312,0.052191939232
2021-12-09,0.305251183158,0.152269330998,0.0501258022983,0.195846985299,0.0977240928884,0.0489632935386,0.0981265178257,0.0516927939941
2021-12-10,0.306939602014,0.151891659232,0.0500226390487,0.195144981846,0.0974158061645,0.0487711724095,0.0981616045052,0.0516525347808
2021-12-13,0.305166913877,0.150814596645,0.0494090316099,0.196437357623,0.0981848224537,0.0489723552399,0.0987152082331,0.0522997143185
2021-12-14,0.304675405948,0.150835868559,0.0495607125615,0.197100600325,0.0985354112381,0.0490753515447,0.0983119438418,0.0519047059815
2021-12-15,0.307184173783,0.151582091076,0.0490206079595,0.195512495714,0.0976746271425,0.0487600046786,0.09801537721,0.052250622437
2021-12-16,0.304697028893,0.151722211846,0.0491860164818,0.195923842539,0.098030341781,0.0488972017976,0.0992733704246,0.0522699862368
2021-12-17,0.303015316151,0.15074295701,0.0490997654185,0.197179556534,0.0987593222212,0.0491542873125,0.0995738572897,0.0524749380627
2021-12-20,0.301563253691,0.150896476998,0.0487050741576,0.198049261332,0.099256786978,0.0494174461634,0.0997379322681,0.0523737684125
2021-12-21,0.304427770696,0.151551077692,0.0491282484604,0.196287226708,0.0980605025134,0.0491237338598,0.0988870319806,0.0525344080894
2021-12-22,0.305409069564,0.152069895243,0.0490696835563,0.195141243123,0.0974955350622,0.048950375692,0.0991469869563,0.0527172108027
2021-12-23,0.306469499966,0.152585084243,0.0492258549995,0.194369621922,0.0970271433379,0.0487064476363,0.0990988961806,0.0525174517146
2021-12-27,0.308617522354,0.152673006166,0.0490381468602,0.193101994034,0.0963771580282,0.0485255532406,0.0986338133058,0.0530328060107
2021-12-28,0.308606760657,0.152792562871,0.0489074485771,0.193168522448,0.0964358689302,0.0485333467821,0.0982856013838,0.0532698883497
2021-12-29,0.309168921829,0.152845481977,0.0487249492516,0.192697815584,0.095994570527,0.0486011771103,0.098309674949,0.053657408772
2021-12-30,0.307899631158,0.152282212899,0.0492855562646,0.192861182063,0.0961829323098,0.0487885190268,0.098882115966,0.0538178503124
2021-12-31,0.307239455335,0.152279981748,0.0491749047958,0.192866283363,0.096110569019,0.0487465562353,0.0995951845292,0.053987064975
2022-01-03,0.3,0.15,0.05,0.2,0.1,0.05,0.1,0.05
2022-01-04,0.299699237592,0.150454223976,0.0497659843441,0.199848740451,0.0998805900937,0.0497760071318,0.100669376808,0.0499058396037
2022-01-05,0.297209009764,0.150797511253,0.0495681246331,0.201444025574,0.100564203019,0.0499198147216,0.101481300998,0.0490160100369
2022-01-06,0.297733288039,0.150377225453,0.0499870193611,0.201774490584,0.100587339338,0.0498380023998,0.100509989231,0.0491926455931
2022-01-07,0.296897078615,0.151172057944,0.0502990326642,0.201415614556,0.100373513904,0.0498360812782,0.10108348894,0.0489231320996
2022-01-10,0.297055474481,0.150046649541,0.0504905698283,0.201594766122,0.10052544318,0.0499880848175,0.101571295836,0.0487277161937
2022-01-11,0.297461432284,0.150662136138,0.0510749123073,0.200421930068,0.0999932001313,0.0499499515087,0.10200808195,0.048428355613
2022-01-12,0.297306733745,0.151791906712,0.0516875933311,0.199777582028,0.0996893646023,0.0494685689001,0.101948832498,0.0483294181834
2022-01-13,0.294857404114,0.151552600214,0.0513286091951,0.201256753704,0.100568780961,0.0497582720409,0.102173268713,0.0485043110588
2022-01-14,0.295837610422,0.15163905822,0.0515799407724,0.20071594152,0.100167833767,0.0496783761734,0.102175936082,0.0482053030423
2022-01-18,0.293862400787,0.151097368074,0.0513875358085,0.201739884852,0.100528141762,0.0499969565849,0.10315305525,0.048234656881
2022-01-19,0.291193696082,0.151266214856,0.051661223371,0.202440153118,0.100903653548,0.0499588796246,0.10492905428,0.0476471251204
2022-01-20,0.289229204029,0.150963920981,0.0522077810982,0.203433947055,0.101561732063,0.0502373791073,0.105124227543,0.0472418081233
2022-01-21,0.285645173623,0.149986220934,0.0517697089386,0.205742742805,0.102904197634,0.0509236201447,0.105554980342,0.0474733555798
2022-01-24,0.287054789313,0.148420038885,0.0511166860646,0.205645315778,0.102883504292,0.051075823882,0.106207660748,0.0475961810367
2022-01-25,0.284855292783,0.148310580383,0.0513414868218,0.206389105779,0.103219596013,0.0512215290564,0.10703763923,0.0476247699327
2022-01-26,0.286041008835,0.148596612129,0.0511468200696,0.206600711751,0.103171940117,0.0512368425856,0.10601152719,0.0471945373236
2022-01-27,0.285676336213,0.148157978588,0.0508797601524,0.208050146132,0.103986892316,0.0516348439341,0.105029368625,0.0465846740386
2022-01-28,0.289981055141,0.147417174951,0.0504787802242,0.206214929599,0.103234323267,0.0513216878376,0.103718084189,0.0476339647909
2022-01-31,0.292134481826,0.148209109491,0.0515522726914,0.204052509784,0.102160915108,0.050924900034,0.10324773841,0.0477180726558
2022-02-01,0.3,0.15,0.05,0.2,0.1,0.05,0.1,0.05
2022-02-02,0.301254213189,0.15038151118,0.0496364257197,0.199117814815,0.0996557151709,0.0497815754191,0.0998126108253,0.0503601336813
2022-02-03,0.297783584239,0.149790519646,0.0498224530586,0.200749720377,0.100448496642,0.0500751061448,0.100893984704,0.0504361351896
2022-02-04,0.299435449883,0.150312786148,0.0498946086742,0.199654617591,0.0997614313454,0.0498276925457,0.10113455844,0.0499788553731
2022-02-07,0.298421329339,0.15056035593,0.0498857267242,0.199799593431,0.0997705908159,0.0497987264347,0.10186507864,0.0498985986858
2022-02-08,0.300061243271,0.150881760392,0.0502029716073,0.198645911097,0.099178157646,0.0495995957835,0.101899531741,0.0495308284626
2022-02-09,0.301629811367,0.15186161458,0.0504745899197,0.196928720467,0.0983914207526,0.0492350142938,0.101297795094,0.0501810335257
2022-02-10,0.299857290389,0.151932514063,0.0508135894082,0.197511141802,0.0986875275013,0.0494429798778,0.102155482347,0.0495994746121
2022-02-11,0.295286019476,0.15051291719,0.0502553589571,0.199718570457,0.100165341997,0.0501130035509,0.104577140243,0.0493716481285
2022-02-14,0.295534138561,0.150241757736,0.0500862181962,0.19937639777,0.0998815324536,0.0501857669746,0.105570209497,0.0491239788109
2022-02-15,0.298212343936,0.151670582005,0.0508693029828,0.197664534704,0.0988905279008,0.0496314076506,0.103840294696,0.0492210061248
2022-02-16,0.297595846258,0.151826803171,0.0510899333665,0.197269564097,0.0987816256005,0.0495697263536,0.104574133853,0.0492923673005
2022-02-17,0.293401912649,0.15062397127,0.0507999176646,0.199152541553,0.100047805892,0.050051170618,0.106790800115,0.0491318802377
2022-02-18,0.292250113701,0.150211131371,0.0505336324836,0.200082351149,0.100630249933,0.0503458713566,0.106986281024,0.0489603689821
2022-02-22,0.290717014688,0.149467524802,0.0500264582425,0.200972177788,0.101179181012,0.0507800248734,0.10780430329,0.0490533153041
2022-02-23,0.28807249476,0.149379184942,0.0500023721867,0.201835173893,0.101537038257,0.0512638254139,0.109242950292,0.0486669602548
2022-02-24,0.29173030781,0.147104106146,0.048877893538,0.201736251363,0.101539890737,0.051354401448,0.108286889423,0.0493702595345
2022-02-25,0.294630237313,0.149017724463,0.0491930797188,0.199543504387,0.100308283545,0.0507006144296,0.106645996377,0.0499605597671
2022-02-28,0.293754022934,0.146865950961,0.0486134710779,0.200898531937,0.10140614554,0.0515592227898,0.107706548663,0.049196106097
2022-03-01,0.3,0.15,0.05,0.2,0.1,0.05,0.1,0.05
2022-03-02,0.304553230819,0.151345106524,0.0500004615352,0.196975214146,0.0981857316573,0.0495184039869,0.0986465802239,0.0507752711074
2022-03-03,0.30381918534,0.149335855695,0.0494303330407,0.198151004539,0.098863270023,0.0495876026675,0.0994899947975,0.0513227538981
2022-03-04,0.302338498274,0.145972990727,0.0486570522125,0.199596693039,0.100171272821,0.050130486481,0.101406095117,0.0517269113284
2022-03-07,0.298125601506,0.143940328265,0.0476870003509,0.201617009183,0.101343429525,0.051208302938,0.104561642428,0.0515166858041
2022-03-08,0.295773952869,0.144776281717,0.0478773822543,0.200837784863,0.100654859481,0.0514394152744,0.107389153778,0.0512511697634
2022-03-09,0.30048069315,0.148724208718,0.0485655161437,0.198288203519,0.0989719184531,0.0503891259819,0.103092666144,0.0514876678906
2022-03-10,0.300628764176,0.147786405938,0.048058439921,0.198170920958,0.0990132318312,0.0505317514294,0.103934723671,0.0518757620749
2022-03-11,0.298911524249,0.147430551309,0.0474155435099,0.199539712087,0.0996884729291,0.051249113067,0.103936309512,0.0518287733383
2022-03-14,0.29915178453,0.149590003815,0.0466586216878,0.199221910229,0.0992305158765,0.0510969658608,0.103206157588,0.0518440404128
2022-03-15,0.303813607252,0.149960770432,0.046344465024,0.19841551923,0.0985632433536,0.0503970375388,0.100640730528,0.0518646266417
2022-03-16,0.305545499993,0.152532852806,0.0491460367902,0.195362817686,0.0968413791227,0.0492978374821,0.0996386895174,0.0516348866027
2022-03-17,0.307235237506,0.152855785514,0.0484474002039,0.194340367844,0.0959884078933,0.0496255795373,0.0994354962808,0.0520717252206
2022-03-18,0.309016270816,0.153380061461,0.0489583916533,0.193779424824,0.0957798956566,0.0492209921017,0.0980588059319,0.0518061575556
2022-03-21,0.310377620364,0.153278288766,0.0485667710855,0.192780942382,0.0949771377991,0.0490152265423,0.0992723729045,0.0517316401565
2022-03-22,0.312778209813,0.154080056243,0.0491266134706,0.191504835924,0.0940862184069,0.0485975736152,0.0981661424973,0.0516603500289
2022-03-23,0.309839921129,0.152672275352,0.0489606784566,0.192972882522,0.0950533334911,0.0493815481989,0.0998582994882,0.0512610613617
2022-03-24,0.312644913011,0.152975169562,0.0489654021533,0.191398714952,0.093963440302,0.048786162579,0.0999866467072,0.0512795507322
2022-03-25,0.314554995932,0.153384671738,0.0486451811588,0.190109070436,0.0931125266386,0.0485117834968,0.0996986212295,0.0519831493698
2022-03-28,0.316387941022,0.152711812357,0.0487411822746,0.190331656918,0.0932040478075,0.048395553827,0.0977587590471,0.0524690467463
2022-03-29,0.316998841896,0.154095537024,0.0489792263987,0.189254465853,0.0927027175213,0.0477237959201,0.0967938613114,0.0534515540756
2022-03-30,0.315383108148,0.15369552534,0.0489696890766,0.189973850932,0.0931680442502,0.0480098900252,0.0976777413989,0.0531221508292
2022-03-31,0.313251330235,0.152659109745,0.0485983208005,0.19154984754,0.0941600283435,0.0482757636541,0.098572255796,0.0529333438854
2022-04-01,0.3,0.15,0.05,0.2,0.1,0.05,0.1,0.05
2022-04-04,0.301244813198,0.149990318561,0.0506493344553,0.199291949245,0.0994966983747,0.0497446227381,0.100044578284,0.0495376851431
2022-04-05,0.30072133111,0.149837661216,0.0503088201964,0.199453934603,0.0993957818046,0.0499295457523,0.100514693245,0.0498382320725
2022-04-06,0.299435292824,0.14876043985,0.0500397050627,0.200094750259,0.0996191027326,0.049996104371,0.101332620589,0.0507219843118
2022-04-07,0.30081474486,0.14885315181,0.0496522158207,0.199572710943,0.0993295550452,0.0499088210777,0.101672421152,0.0501963792904
2022-04-08,0.300442011268,0.149035923717,0.049820664718,0.198853527654,0.0989688330047,0.0500711943812,0.102456691101,0.0503511541563
2022-04-11,0.297922059299,0.148773108303,0.0496311665232,0.199752515662,0.0993659879468,0.0504274075204,0.103876691487,0.0502510632584
2022-04-12,0.296951825113,0.147858401687,0.04945768761,0.200474945986,0.0998902773724,0.0504459675004,0.104721264834,0.0501996298972
2022-04-13,0.298246963664,0.148551197749,0.0496402448122,0.199468837624,0.0994089139295,0.0499973459604,0.104484913506,0.0502015827559
2022-04-14,0.296925072776,0.14902834969,0.0494988181699,0.199458008163,0.0993136801629,0.0503991996961,0.10498542441,0.0503914469322
2022-04-18,0.297498208615,0.148619677373,0.0493667249309,0.199146103907,0.0991759838297,0.0504590646973,0.105470487981,0.0502637486659
2022-04-19,0.301515068518,0.14889848554,0.0489882394387,0.197421210409,0.0982661277447,0.0500786647858,0.1036065994,0.051225604164
2022-04-20,0.300032583157,0.149380058031,0.0484693756145,0.197722276157,0.0986195732921,0.0502376428423,0.103678729892,0.0518597610153
2022-04-21,0.298317968216,0.148998600033,0.0480382270809,0.198478780362,0.0989950764666,0.0509092992437,0.104278827145,0.0519832214529
2022-04-22,0.294125588953,0.148274185198,0.0483114036298,0.201015233342,0.100406394777,0.0514067474894,0.104686295078,0.0517741515338
2022-04-25,0.295749185438,0.147362302509,0.0477993418378,0.202306694919,0.101023556579,0.0513544860688,0.102776610627,0.0516278220227
2022-04-26,0.290911407292,0.145222765841,0.0474430307665,0.205565328491,0.103017632184,0.0521324710063,0.104269313599,0.0514380508211
2022-04-27,0.291870508788,0.145946926531,0.0481286577879,0.204833807263,0.102493174536,0.0520719072147,0.103531409295,0.0511236085844
2022-04-28,0.295735930957,0.146498204669,0.0481862071007,0.202355007621,0.101145188023,0.0517541507228,0.102870381352,0.0514549295551
2022-04-29,0.289817597615,0.147201566425,0.0490678798559,0.204681501856,0.102376990131,0.0522289777177,0.104668436127,0.0499570502724
2022-05-02,0.3,0.15,0.05,0.2,0.1,0.05,0.1,0.05
2022-05-03,0.299994691023,0.150517562553,0.0501498419642,0.199532172577,0.0996591417374,0.0499517162445,0.0998056316917,0.0503892422085
2022-05-04,0.304235974557,0.150670304618,0.0498417010824,0.197639228171,0.0987156282088,0.0495456332524,0.0991902497027,0.0501612804069
2022-05-05,0.300211392341,0.149236801091,0.0491451356618,0.20020986344,0.0999866543793,0.050158573289,0.101098400266,0.049953179531
2022-05-06,0.300154815806,0.148748950802,0.0487565024709,0.200525102473,0.0999943651073,0.0503182697038,0.101854681256,0.0496473123802
2022-05-09,0.295768435753,0.146731278724,0.048295489984,0.205135294807,0.102547374524,0.0510235632359,0.102184617656,0.0483139453163
2022-05-10,0.296273603263,0.14736712769,0.0484675827195,0.205634607885,0.102827871419,0.0507633046934,0.101260742586,0.0474051597443
2022-05-11,0.292464854819,0.147060038374,0.0482727083331,0.207033419781,0.103780514588,0.0515366289804,0.102402130931,0.0474497041945
2022-05-12,0.29268387073,0.146769632219,0.0481215796211,0.207788557245,0.104310599974,0.0514071351695,0.101012871298,0.0479057537423
2022-05-13,0.296248796233,0.149164436483,0.0487455769613,0.204530624757,0.102576004797,0.0510808008047,0.0990461054523,0.0486076545115
2022-05-16,0.294916363736,0.149303958146,0.0486183092061,0.204898993238,0.102960352296,0.0510754373201,0.0999466551454,0.0482799309114
2022-05-17,0.29861367322,0.15098188874,0.0493427211463,0.20217806585,0.101376652293,0.050417353011,0.0985372678347,0.0485523779049
2022-05-18,0.291289945242,0.149805641339,0.0490645592765,0.206328206801,0.103779735935,0.0516023334514,0.100211316427,0.0479182615283
2022-05-19,0.288797112294,0.150988790261,0.0496534431033,0.20634472593,0.10389760014,0.0512942710264,0.101435213361,0.0475888438835
2022-05-20,0.288152133427,0.151444513987,0.0497094878923,0.206414278948,0.104101499266,0.0511789377087,0.101235102915,0.0477640458552
2022-05-23,0.291246345957,0.152849511458,0.0496712810967,0.204123996233,0.102660241495,0.0505986446542,0.100910001294,0.0479399778134
2022-05-24,0.288955378271,0.15226853156,0.0487711980352,0.205644240809,0.103521245824,0.0508607245956,0.101645222901,0.0483334580044
2022-05-25,0.290446545069,0.151646051856,0.0488614594033,0.205745601067,0.103352280677,0.0507181306102,0.100664321409,0.0485656099086
2022-05-26,0.293876825794,0.152081359862,0.0491979472816,0.203940458855,0.10247518513,0.0505191340466,0.0996732753308,0.0482358137012
2022-05-27,0.297633026115,0.152198788222,0.0491582560174,0.201927694466,0.101443913311,0.0500978153454,0.0985797841788,0.0489607223444
2022-05-31,0.297735633511,0.1524071448,0.0501420908418,0.20184962683,0.100986141701,0.0500402637446,0.0981891438464,0.0486499547251
2022-06-01,0.3,0.15,0.05,0.2,0.1,0.05,0.1,0.05
2022-06-02,0.301992615615,0.151295658277,0.0502802125214,0.19781571856,0.0989274032965,0.0496192800276,0.0999989394935,0.0500701722089
2022-06-03,0.300034069421,0.150466289741,0.0499935400251,0.199482249676,0.0997312979793,0.0504097610484,0.0999826819861,0.0499001101235
2022-06-06,0.301291995101,0.151203276223,0.0503272574252,0.198486844396,0.099095768376,0.0501389786606,0.0996562743204,0.0497996054972
2022-06-07,0.302331463175,0.150646596502,0.0502730337309,0.198032186874,0.0988896253888,0.049952663222,0.099695653177,0.0501787779299
2022-06-08,0.301315441549,0.149894060729,0.0508394216268,0.198719103968,0.0992700768925,0.0502081278917,0.100359804044,0.0493939632997
2022-06-09,0.298081167249,0.148728281186,0.0504081586976,0.201158504962,0.100508116655,0.0508706087121,0.101377568059,0.0488675944797
2022-06-10,0.293837992926,0.14749768655,0.0507708456204,0.202635518778,0.10103297388,0.0514153680255,0.104299033865,0.0485105803547
2022-06-13,0.291124440508,0.146720915841,0.0505879210436,0.205266622573,0.102201583083,0.0520593788008,0.104577115508,0.047462022642
2022-06-14,0.291831494324,0.146174932941,0.0516015672316,0.205164398454,0.101938937488,0.0516245204742,0.104306427878,0.0473577212093
2022-06-15,0.291787079246,0.146649064472,0.0516197870307,0.204496882293,0.101893451364,0.0515954643391,0.104166612478,0.0477916587764
2022-06-16,0.286101076289,0.14513439849,0.0507120611175,0.207872362313,0.104002483229,0.0521669923851,0.106820399106,0.0471902270716
2022-06-17,0.286758274691,0.144658707044,0.0509404163758,0.207880933384,0.104048292723,0.0522016406403,0.105956966062,0.047554769079
2022-06-21,0.291362931709,0.1455786704,0.0512924126423,0.205211080517,0.102587912502,0.0515570765051,0.104622360702,0.0477875550218
2022-06-22,0.290359407434,0.143990773383,0.0503632952269,0.206618196871,0.10371491696,0.0517699708206,0.104867667359,0.0483157719449
2022-06-23,0.291911517909,0.142824664956,0.0503849388944,0.206563500278,0.10384024848,0.0516938756812,0.103764863201,0.0490163906001
2022-06-24,0.296772857693,0.144910982839,0.0507031527572,0.203210594598,0.101953643774,0.0509838901378,0.102140148201,0.0493247299987
2022-06-27,0.296651075191,0.145127128977,0.0509128538465,0.20299802469,0.101726061552,0.050790542282,0.10237520475,0.0494191087108
2022-06-28,0.292904360753,0.145507724968,0.050978074645,0.204696430905,0.102668911306,0.0510164533773,0.103020648833,0.049207395213
2022-06-29,0.292584454043,0.144586271899,0.0508302238087,0.205818786604,0.103465843669,0.0509129556966,0.102913050634,0.0488884136461
2022-06-30,0.290916361951,0.144127033854,0.0507351394229,0.207259243077,0.104515518975,0.0509925774073,0.102537541136,0.0489165841771
2022-07-01,0.3,0.15,0.05,0.2,0.1,0.05,0.1,0.05
2022-07-05,0.301992274493,0.147467997292,0.0498367116576,0.201321675321,0.100844127331,0.0500975713256,0.0983433119143,0.0500963306649
2022-07-06,0.304117603522,0.148005956001,0.0496775250054,0.20069637858,0.100352426938,0.0498250267008,0.0971384085284,0.0501866747251
2022-07-07,0.306515480403,0.149359423425,0.0503583406258,0.198843913835,0.0990401416785,0.0493986062425,0.0965131634697,0.0499709303209
2022-07-08,0.306762064615,0.14997057296,0.0503192333775,0.198422843638,0.0985990536616,0.049426805728,0.0967120551822,0.0497873708383
2022-07-11,0.305120120046,0.148374279488,0.0493728904521,0.200568275144,0.0999865758601,0.0498091915691,0.0967843593296,0.049984308111
2022-07-12,0.303358425708,0.148686136953,0.0493427061194,0.201467584789,0.100532161797,0.0499461839984,0.096723839523,0.0499429611125
2022-07-13,0.301849785132,0.148542041472,0.0492097770629,0.20225609002,0.100991887874,0.0502195151663,0.0972141306664,0.0497167726065
2022-07-14,0.303075347206,0.147302435282,0.049197515454,0.202854709783,0.10108607696,0.0504222832081,0.0964719992682,0.0495896328388
2022-07-15,0.30572077427,0.148022873675,0.048867159047,0.201577782366,0.100398795952,0.0501979268919,0.0952979395772,0.0499167482211
2022-07-18,0.303999240899,0.149342433542,0.0492286366283,0.201459159292,0.100370679802,0.0502649670601,0.0956403931181,0.0496944896592
2022-07-19,0.308056043265,0.151161411539,0.0492601905674,0.198503826936,0.0985800016536,0.0495437242757,0.0945922890976,0.0503025126654
2022-07-20,0.310099367948,0.150468026277,0.049067961291,0.198418519685,0.0985087403783,0.0495131761317,0.0937271132801,0.0501970950089
2022-07-21,0.310077880343,0.150608272844,0.0491666453762,0.198046044446,0.0986191717553,0.0493152168784,0.0940849568745,0.0500818114835
2022-07-22,0.30729296342,0.150145772913,0.0486800073571,0.199650674213,0.0997784370007,0.0497462261636,0.0943480212872,0.0503578976454
2022-07-25,0.307519516778,0.151306351462,0.0488834894065,0.198821861295,0.0993767654611,0.0496281448915,0.0940447685163,0.0504191021909
2022-07-26,0.305785691668,0.150175911162,0.0487215913132,0.200028967105,0.100038107311,0.0499391586158,0.0945219178065,0.0507886550177
2022-07-27,0.309145002432,0.151361052433,0.0489566664054,0.197797443231,0.0987766356017,0.0495246916359,0.0940904237226,0.0503480845381
2022-07-28,0.309714711783,0.150721646382,0.0485915112802,0.197108980607,0.0986998716698,0.0495021018208,0.0942305691419,0.0514306073152
2022-07-29,0.311994182883,0.151661514253,0.0480249636112,0.195725288807,0.0980349040351,0.0493963922473,0.0938231203594,0.0513396338047
2022-08-01,0.3,0.15,0.05,0.2,0.1,0.05,0.1,0.05
2022-08-02,0.300991982466,0.149132721129,0.0502033914125,0.199920340294,0.0996005726165,0.0499035185579,0.100397202403,0.0498502711207
2022-08-03,0.303275545378,0.148996929236,0.0500727345298,0.199215693058,0.0992169470738,0.0497677906312,0.0998420939221,0.0496122661704
2022-08-04,0.302015301544,0.149210195609,0.0503116569817,0.199001010568,0.0993725900399,0.0495859581514,0.101140063234,0.0493632238714
2022-08-05,0.303546763311,0.149167779667,0.0506401418652,0.198111268369,0.0985986622909,0.0494197267792,0.100679882521,0.0498357751965
2022-08-08,0.302185541201,0.149126198906,0.0505814275037,0.198355589803,0.0988493342673,0.0495931575572,0.101194812191,0.0501139385716
2022-08-09,0.30174344335,0.148589860591,0.0505987258004,0.198411717266,0.0988033528262,0.0495765266245,0.101759993365,0.0505163801757
2022-08-10,0.304578600005,0.15040231815,0.0506520747238,0.196651294214,0.0977364999283,0.048928113325,0.100350359213,0.0507007404404
2022-08-11,0.305190926398,0.150704687748,0.0509961768001,0.195996665868,0.0972828415459,0.0488608331681,0.100286825454,0.0506810430181
2022-08-12,0.307223815832,0.150421003898,0.0510088687599,0.194887062522,0.0966829843981,0.0485566852369,0.100187352988,0.0510322263647
2022-08-15,0.308666472938,0.149440486381,0.050846110384,0.195244461662,0.0970462950896,0.0485340209857,0.0989548894249,0.0512672631357
2022-08-16,0.309248061439,0.149566962573,0.0508663241121,0.194946265756,0.0969271286684,0.0485430113802,0.0987743355307,0.0511279105403
2022-08-17,0.309057890226,0.149262159318,0.0510776756298,0.195058249919,0.096902493843,0.0487117756682,0.0987761878445,0.0511535675517
2022-08-18,0.309848644995,0.148725736546,0.0507340609905,0.195409202931,0.0970566920424,0.0489446009224,0.0984835995178,0.0507974620552
2022-08-19,0.308926495511,0.148063765276,0.0506987292395,0.196097022947,0.0972414230222,0.0493780950375,0.0987993545491,0.0507951144174
2022-08-22,0.306259595535,0.147498250384,0.0509716958477,0.197681802051,0.0980196552557,0.0498975222809,0.0993653882766,0.0503060903691
2022-08-23,0.305617572549,0.147829470332,0.0513094171227,0.197667827054,0.0978111088028,0.0499959718917,0.100092417501,0.0496762147469
2022-08-24,0.30631681742,0.147871979233,0.0512997584462,0.196962651039,0.0973956735189,0.0499418261816,0.100296229067,0.0499150650937
2022-08-25,0.307587037809,0.148135691153,0.0517364681193,0.196104812308,0.0970559943336,0.0496050648444,0.0996142641532,0.0501606672793
2022-08-26,0.302637652633,0.146860299076,0.0519903813104,0.19933659042,0.0987237628021,0.0504426244877,0.100212367623,0.049796321648
2022-08-29,0.302059920574,0.147196935469,0.051986411473,0.19931448926,0.0986269581531,0.0504841149734,0.100749072188,0.0495820979095
2022-08-30,0.300712763585,0.146939510135,0.051699598108,0.200885914014,0.0992475681979,0.0507285413304,0.100567197112,0.0492189075178
2022-08-31,0.300232218289,0.146957791336,0.0520887373022,0.20102481829,0.0994349685968,0.050582885443,0.100394709351,0.0492838713921
2022-09-01,0.3,0.15,0.05,0.2,0.1,0.05,0.1,0.05
2022-09-02,0.297696213616,0.149492258503,0.0497405941177,0.20116047744,0.10085138536,0.0504412982495,0.101172589407,0.0494451833063
2022-09-06,0.298310664085,0.149723828279,0.0496008417117,0.200443940854,0.100312054333,0.0502533490985,0.101171137337,0.0501841843021
2022-09-07,0.30026771137,0.149320735507,0.0494593283497,0.199573876563,0.0998368259758,0.0498958669397,0.101054926791,0.0505907285036
2022-09-08,0.302142756793,0.149502297862,0.0492988530299,0.198878303099,0.099438809518,0.049604487498,0.100419276694,0.0507152155061
2022-09-09,0.303706942294,0.151797345994,0.0494469540068,0.196830084125,0.0984344336916,0.0491206254495,0.0999201856847,0.0507434287547
2022-09-12,0.305057675514,0.15276767124,0.0498934265743,0.19530920474,0.0975853687684,0.0486694282171,0.099800615879,0.0509166090674
2022-09-13,0.299311052055,0.151335353942,0.0495569301342,0.199215102487,0.0995359680866,0.0497746914426,0.101039984511,0.0502309173414
2022-09-14,0.299989603501,0.15178129113,0.0497258561768,0.19916874759,0.0994326883029,0.0498238951364,0.100495917274,0.0495820008889
2022-09-15,0.299366897358,0.151719664889,0.0497590545652,0.200429878984,0.100020888085,0.0500370909229,0.0995442118475,0.0491223133491
2022-09-16,0.298161813651,0.151276362605,0.0493058444616,0.201015257991,0.100465478748,0.0500090591599,0.10046003872,0.0493061446637
2022-09-19,0.299791688297,0.151506852804,0.0493937004003,0.20025436217,0.0999529035866,0.0496680697145,0.100309089261,0.0491233337662
2022-09-20,0.299192381742,0.150409762293,0.049689722253,0.201273184851,0.100285820923,0.05006629866,0.100693086569,0.0483897427088
2022-09-21,0.296087700503,0.149545860874,0.049216411248,0.203360625605,0.101409972788,0.0505235354332,0.101888201817,0.0479676917321
2022-09-22,0.296047549962,0.150085949034,0.04948483301,0.202870679593,0.100713693228,0.0503663350319,0.102678007121,0.0477529530211
2022-09-23,0.295256768154,0.147260686915,0.0490433724797,0.205143392023,0.102283087593,0.0508701677254,0.102349379607,0.0477931455033
2022-09-26,0.296376229537,0.146915286809,0.0490320917145,0.205303980717,0.101972386334,0.0507483670104,0.102556820015,0.047094837863
2022-09-27,0.296785948582,0.146603717032,0.0491989248068,0.205233219633,0.101675736982,0.0506789542322,0.103172489713,0.0466510090174
2022-09-28,0.296949929054,0.147073906978,0.0486548112872,0.204630300389,0.102016202261,0.0506072340358,0.103341906367,0.0467257096284
2022-09-29,0.294467851944,0.147104221654,0.0483122709866,0.206160275787,0.102840898506,0.050537160119,0.104644144471,0.0459331765326
2022-09-30,0.29164221171,0.147251999417,0.0485337082134,0.206894977529,0.103185052359,0.050491801402,0.105274606711,0.0467256426588
2022-10-03,0.3,0.15,0.05,0.2,0.1,0.05,0.1,0.05
2022-10-04,0.303214588462,0.15290583897,0.0503928194685,0.196593566023,0.0982360695354,0.0492106577229,0.0994384227483,0.0500080370698
2022-10-05,0.304430445841,0.15204584088,0.0508061385045,0.196804111607,0.0979238337004,0.0491333008,0.0995159448683,0.049340383799
2022-10-06,0.304028629079,0.150856658911,0.0509052119339,0.19781233429,0.0982696657583,0.0494159470115,0.100307398301,0.0484041547161
2022-10-07,0.300243815535,0.150845536362,0.0506903765725,0.199890734514,0.0993406238292,0.0502153475434,0.100783981026,0.0479895846174
2022-10-10,0.300281694187,0.150997016938,0.0503853258555,0.200549668506,0.0995287985064,0.0503203042873,0.100028201262,0.0479089904573
2022-10-11,0.299430068329,0.149753503418,0.0497758298723,0.201382058718,0.100132278845,0.0507861908954,0.100173610531,0.0485664593917
2022-10-12,0.29866577526,0.149493785526,0.049799250469,0.201701710942,0.100534549558,0.050925351192,0.100784823088,0.0480947539654
2022-10-13,0.303440573273,0.151045202252,0.0494859323259,0.199029919991,0.0990974208442,0.0503519393388,0.0990725485187,0.0484764634557
2022-10-14,0.300813044745,0.150615903551,0.0494662422058,0.200804600681,0.0999683064825,0.051123532671,0.0992528609547,0.0479555087088
2022-10-17,0.303762385168,0.152202645051,0.049942575435,0.198110970245,0.0985237578289,0.0504695079634,0.0979960631662,0.0489920951421
2022-10-18,0.305559604124,0.152340136607,0.0496681821711,0.197300933893,0.0982047748346,0.0500459479257,0.0976406150562,0.0492398053885
2022-10-19,0.30655202491,0.152161664395,0.049307114219,0.197634189356,0.0981887520287,0.0503084957529,0.097335054392,0.0485127049467
2022-10-20,0.305490670143,0.152504851988,0.0499379634374,0.197413572476,0.0979385189275,0.0505101861928,0.0976635259638,0.0485407108717
2022-10-21,0.308664613493,0.153239752283,0.0499805313368,0.195023501649,0.096826668946,0.0499522301972,0.0980545676539,0.0482581344411
2022-10-24,0.312133405516,0.152844796758,0.0479883287467,0.194561078915,0.0966065325846,0.0500213986897,0.0976401044148,0.0482043543765
2022-10-25,0.31266928457,0.15406564166,0.0477036423741,0.193716517728,0.096439160151,0.0495205711295,0.0964897210031,0.0493954613844
2022-10-26,0.309783774068,0.155362170323,0.0482641048676,0.194244677836,0.0967651575379,0.0493614037529,0.0969379498264,0.0492807617887
2022-10-27,0.308459577211,0.154487715098,0.0479677287955,0.195435450115,0.0975544385118,0.0497970843185,0.0968915072595,0.0494064986904
2022-10-28,0.31352494664,0.154568133338,0.047290170699,0.193540925983,0.0963544476558,0.0493783866295,0.0952118868757,0.0501311021786
2022-10-31,0.313043820169,0.154174691674,0.0473873917154,0.193995780225,0.0964671982759,0.0495914252647,0.0949759529646,0.0503637397118
2022-11-01,0.3,0.15,0.05,0.2,0.1,0.05,0.1,0.05
2022-11-02,0.296284359407,0.149650988353,0.0502724255874,0.202265843536,0.101131689792,0.0505376084776,0.100597437662,0.0492596471846
2022-11-03,0.295019801527,0.14934426184,0.0509887217211,0.202745864553,0.10130405623,0.0502801290788,0.100825029692,0.0494921353588
2022-11-04,0.294627676549,0.152639871681,0.0522447851318,0.199582268236,0.0995209228003,0.0496847940514,0.102309313457,0.0493903680944
2022-11-07,0.296837923241,0.152984247286,0.0520407645278,0.198540981575,0.0989666494434,0.0496444103856,0.101695616903,0.049289406638
2022-11-08,0.296143935659,0.153646725764,0.0518610249563,0.197851803411,0.098859469505,0.0493326266548,0.103244393096,0.0490600209537
2022-11-09,0.292899698682,0.152993313581,0.0514112894782,0.200033351911,0.100174140771,0.0497147753474,0.10373823949,0.0490351907393
2022-11-10,0.296983421905,0.155227219975,0.0510717842749,0.196384723881,0.0984403182902,0.0485754342667,0.102740849555,0.0505762478512
2022-11-11,0.29774261733,0.157012532762,0.0517345273551,0.19485817342,0.097542575276,0.048205789456,0.102690064873,0.0502137195268
2022-11-14,0.297185653222,0.156241942597,0.0519069398337,0.19561352817,0.0979600642111,0.0481704528908,0.103603549859,0.0493178692168
2022-11-15,0.297331952137,0.155955652062,0.0526343432849,0.195486337699,0.0979003545662,0.0480967428929,0.103139398153,0.0494552192057
2022-11-16,0.295752330994,0.155728259658,0.0519193615549,0.197155244991,0.0988514332561,0.0483306756145,0.103142751376,0.0491199425547
2022-11-17,0.295949635371,0.156124905734,0.0523937694875,0.197060588434,0.0985467563474,0.0481811920181,0.102775959435,0.0489671931726
2022-11-18,0.29721424393,0.156343042896,0.0520061612222,0.196724207547,0.0981732858807,0.0479241925287,0.102040297514,0.0495745684817
2022-11-21,0.297042952929,0.155558146146,0.0516839648467,0.197206236749,0.0984133130893,0.0483253631129,0.101781496571,0.0499885265549
2022-11-22,0.298471526372,0.15651782674,0.051375672631,0.196532016717,0.0981321514146,0.0481063636056,0.101031440342,0.0498330021775
2022-11-23,0.29838291496,0.157287227957,0.0513156767612,0.196405472403,0.0980133917327,0.0480545053077,0.100994467869,0.0495463430101
2022-11-25,0.298085116886,0.15782451385,0.0510914874958,0.19629343688,0.0979071603661,0.0479726345437,0.101002866052,0.0498227839272
2022-11-28,0.296170526958,0.157135279493,0.051466777018,0.197871777775,0.0988965481336,0.0483247630832,0.101175453871,0.0489588736684
2022-11-29,0.295400212244,0.157402557479,0.0524313184855,0.196989725085,0.0983920363487,0.0480748551026,0.101585325622,0.0497239696342
2022-11-30,0.298950722137,0.157329198932,0.052836316004,0.194775331639,0.0974018885836,0.0478649320444,0.100940664975,0.0499009456862
2022-12-01,0.3,0.15,0.05,0.2,0.1,0.05,0.1,0.05
2022-12-02,0.299433718976,0.149752864358,0.0502722819038,0.200681707144,0.100129483705,0.0503332832316,0.0995812077546,0.0498154529273
2022-12-05,0.298185543722,0.149569045267,0.0504658756968,0.201907446315,0.100509737448,0.0505181887517,0.0992499587553,0.0495942040452
2022-12-06,0.295144658186,0.149197810281,0.0507195695509,0.203368235662,0.101559792071,0.0507250298543,0.0999474552497,0.0493374491448
2022-12-07,0.29372724381,0.148734294895,0.0502608110402,0.204542174676,0.10213019066,0.0507854326513,0.10053757528,0.049282276986
2022-12-08,0.295161320944,0.149130501255,0.0506892132524,0.20332943049,0.10125591969,0.0506228377954,0.10032753397,0.0494832426036
2022-12-09,0.294340065358,0.149939312056,0.0505011634795,0.203076848025,0.100980829195,0.0503787194118,0.101158624866,0.0496244376094
2022-12-12,0.297413117452,0.149733061437,0.0501654491518,0.202321769118,0.100441019108,0.0501858594244,0.0999297269575,0.0498099973506
2022-12-13,0.296847700343,0.150249657742,0.0499543935615,0.201758620372,0.10039298168,0.0498608170646,0.100681252342,0.0502545768945
2022-12-14,0.295502261357,0.1504622434,0.0501349707336,0.202583659627,0.100856452087,0.0498301988311,0.100624438923,0.0500057750409
2022-12-15,0.292347530555,0.14860886701,0.0498603606932,0.205747995078,0.102480748496,0.0505432511478,0.100376993779,0.0500342532406
2022-12-16,0.290684388759,0.148369655599,0.0501055996857,0.206481261345,0.102854363092,0.05058342466,0.10187792513,0.0490433817293
2022-12-19,0.289922873916,0.148924772213,0.0504989697999,0.206426338345,0.102622908757,0.0507073818304,0.102191261054,0.0487054940848
2022-12-20,0.290216315058,0.149586497025,0.0503125063623,0.204952675113,0.101841726998,0.050675156998,0.103850111533,0.0485650109124
2022-12-21,0.292358493918,0.149960323266,0.0504002936809,0.203983853409,0.101206946401,0.0505693144861,0.102904746032,0.0486160288068
2022-12-22,0.290439019011,0.149809263993,0.0503402943861,0.205514694194,0.101966134559,0.0506853353221,0.102455289724,0.0487899688113
2022-12-23,0.291592627615,0.150293414341,0.0501476562276,0.204441445824,0.101324819171,0.0504823155402,0.102580586081,0.0491371352014
2022-12-27,0.290963367548,0.150848782864,0.0510283739556,0.203323631498,0.100656646035,0.0503410542923,0.1036307677,0.0492073761088
2022-12-28,0.289673420362,0.150340220495,0.0506964977598,0.204611290553,0.101228213519,0.0506913618401,0.103998944649,0.0487600508229
2022-12-29,0.29151091762,0.150969788105,0.0509816013133,0.203018306353,0.10056045108,0.0503182822178,0.103383607316,0.0492570459954
2022-12-30,0.291983397463,0.15014706852,0.0505763068212,0.202921957729,0.100569425445,0.0503814769185,0.104310427495,0.0491099396082
2023-01-03,0.3,0.15,0.05,0.2,0.1,0.05,0.1,0.05
2023-01-04,0.29937325616,0.150757403186,0.0507951006661,0.199149409954,0.0997857097794,0.0495457254139,0.0999585991811,0.0506347956589
2023-01-05,0.298389856788,0.150293518024,0.0510607187262,0.200623189127,0.100461400217,0.0499671278336,0.0995256372874,0.0496785519968
2023-01-06,0.299538880948,0.151564754408,0.0509661925516,0.199029967333,0.0998561682614,0.0494845147206,0.0994962770679,0.0500632447094
2023-01-09,0.298808199739,0.151941191615,0.0511437250971,0.199158286394,0.0999223386245,0.0495062221254,0.0995328225764,0.0499872138291
2023-01-10,0.300385561982,0.152061293668,0.0514149458514,0.198054845312,0.0991232750278,0.0492199237008,0.0997266887164,0.050013465741
2023-01-11,0.301487593641,0.151847988911,0.0511678133471,0.197508724705,0.0988758835646,0.0489918358445,0.0987745520135,0.051345607974
2023-01-12,0.300177693917,0.152823444834,0.050992132057,0.197354051432,0.09896422496,0.0489839431074,0.0991221566671,0.0515823530256
2023-01-13,0.30088393557,0.153374599997,0.0512551452324,0.196326880526,0.0982874714902,0.048528099089,0.100159234225,0.0511846338699
2023-01-17,0.300840218874,0.154077400395,0.0510737124708,0.196304334625,0.0981452276906,0.0484707949462,0.0996718216449,0.051416489354
2023-01-18,0.297028919822,0.153881000682,0.0509300244843,0.198881231652,0.0997932171182,0.0489580270163,0.0997005701379,0.0508270090875
2023-01-19,0.295152850377,0.153859036125,0.0513831885622,0.198619633631,0.0997003585941,0.0493078641442,0.101380976624,0.0505960919427
2023-01-20,0.298802168278,0.154479395786,0.0516629511031,0.196592824552,0.0984320848702,0.0487265669555,0.100421411795,0.050882596661
2023-01-23,0.301129268671,0.154481001143,0.0518233505077,0.19528581708,0.0977061947009,0.0484791527431,0.100193215439,0.0509019997154
2023-01-24,0.300240988632,0.154156979663,0.0517743489813,0.195778006888,0.0980850172023,0.0486644785641,0.100366888584,0.0509332914858
2023-01-25,0.299805154195,0.154652633543,0.0516918698592,0.195654392989,0.098014272902,0.0486734996873,0.100644863251,0.0508633135737
2023-01-26,0.302153023128,0.1546409473,0.0519272031327,0.194712836231,0.0973545975206,0.0485169766601,0.0994218681368,0.05127254789
2023-01-27,0.302826864875,0.154462150468,0.0515749893315,0.194408251176,0.0972008309786,0.0484072628227,0.0992766864589,0.0518429638897
2023-01-30,0.301433962432,0.154415086575,0.0510566956444,0.195444269672,0.0976763496669,0.0485598965121,0.0998188058443,0.0515949336527
2023-01-31,0.303355401821,0.15409047757,0.0507698572762,0.194636170407,0.09736527352,0.0481790366282,0.0993594604352,0.0522443223428
2023-02-01,0.3,0.15,0.05,0.2,0.1,0.05,0.1,0.05
2023-02-02,0.303410502264,0.149496189392,0.0494923394407,0.199589278131,0.0996457252953,0.049774513212,0.0976170386911,0.0509744135743
2023-02-03,0.303997973435,0.149689309619,0.0493281633318,0.20017890866,0.0998279435247,0.0499359697072,0.0963895617129,0.0506521700097
2023-02-06,0.304057165276,0.149021808319,0.0491291286535,0.200338975528,0.099595264591,0.0500531126443,0.0972024539202,0.0506020910684
2023-02-07,0.306507629922,0.149662855716,0.0489805097199,0.199005064127,0.0988585232335,0.04993449493,0.0968098875992,0.0502410347523
2023-02-08,0.304198301172,0.149287604734,0.0490537841271,0.199971325684,0.0995645954703,0.0503658383667,0.0973828118411,0.0501757386043
2023-02-09,0.3031137532,0.150188724837,0.0494975470767,0.20021096201,0.0996273053931,0.0503688093135,0.0971096956245,0.0498832025444
2023-02-10,0.304221834371,0.149955569641,0.0491440141922,0.199602940636,0.0992774847518,0.0502532312097,0.0974232133827,0.0501217118154
2023-02-13,0.30590061358,0.150319175386,0.0492818618206,0.198980314388,0.0989010944603,0.0500277280602,0.0963326990342,0.0502565132718
2023-02-14,0.30631050465,0.150722014515,0.0492276597284,0.198632006797,0.0986306640259,0.0499505605256,0.0965789557958,0.0499476339611
2023-02-15,0.307749918564,0.150179498695,0.0490602779823,0.19853526425,0.0984773367344,0.0500228455569,0.0957549484037,0.0502199098134
2023-02-16,0.305612593167,0.150519267422,0.0493036233019,0.199074054756,0.0988297235188,0.0502471316241,0.0963384819158,0.0500751242941
2023-02-17,0.304846197865,0.150750944805,0.0489067194117,0.199540527437,0.0991063786923,0.050345052315,0.0966253040262,0.049878875448
2023-02-21,0.302694226856,0.150827770422,0.0490078218596,0.200289876574,0.0993276117182,0.0507851423234,0.0975414402151,0.0495261100315
2023-02-22,0.302826093027,0.150222840003,0.0488895123562,0.20119105257,0.0996853970883,0.0508488362694,0.0971687820254,0.0491674866609
2023-02-23,0.303147335134,0.150461659772,0.0488524359642,0.20105918612,0.0996475777557,0.0507992079741,0.0967058651412,0.0493267321388
2023-02-24,0.302992612125,0.149628219419,0.0484100742671,0.20196208472,0.100063281744,0.0509865772132,0.0969972424123,0.0489599080997
2023-02-27,0.30275213058,0.150661327376,0.0484517998903,0.201510153145,0.0999476477135,0.0508780196708,0.0969699600715,0.0488289615537
2023-02-28,0.302175768236,0.149846741299,0.0482452246962,0.201851883487,0.100284527023,0.051160470333,0.0975869740348,0.048848410891
2023-03-01,0.3,0.15,0.05,0.2,0.1,0.05,0.1,0.05
2023-03-02,0.301569815924,0.149856904206,0.0500970158209,0.199081750401,0.0993371580468,0.0499111258239,0.0996891056035,0.0504571241742
2023-03-03,0.302731485282,0.15022128107,0.0498638031559,0.1982459952,0.0989358229262,0.0498431933309,0.0995496301498,0.050608788885
2023-03-06,0.30353674949,0.15015007418,0.0497899368608,0.198144730194,0.0989532813039,0.0496730060675,0.0992422531777,0.0505099687259
2023-03-07,0.302393219235,0.149148560325,0.0496291775043,0.200202053025,0.100125676691,0.0499381247582,0.0986523205268,0.0499108679343
2023-03-08,0.302409461467,0.149687706822,0.0498114447214,0.199679896035,0.0999363241214,0.0496212362277,0.0984501388013,0.0504037918048
2023-03-09,0.298858681546,0.149219503215,0.049127848598,0.201772883326,0.10124433783,0.0500920289874,0.100099267689,0.0495854488079
2023-03-10,0.294715758776,0.14784723936,0.0488812054184,0.204241849182,0.103168162668,0.0508595822916,0.10231652422,0.0479696780854
2023-03-13,0.29285482357,0.146279752955,0.0485921641239,0.204858031125,0.103907695455,0.0509945073811,0.104152055781,0.0483609696079
2023-03-14,0.296513699376,0.147413052021,0.0484239647152,0.202847571185,0.102518045206,0.0505122030166,0.103137733122,0.0486337313578
2023-03-15,0.295301013939,0.143321628983,0.0477227031872,0.205316271239,0.104225899468,0.0512391702413,0.104169034444,0.0487042784982
2023-03-16,0.298751281277,0.14470635574,0.0480524656078,0.203331710919,0.102693916879,0.0503678236057,0.103778231516,0.048318214456
2023-03-17,0.295521845635,0.143159708548,0.0478483790383,0.204789423562,0.104001065098,0.0505197755592,0.106895672238,0.0472641303212
2023-03-20,0.297027662359,0.144695893437,0.0477178136154,0.203052964951,0.103118196764,0.0503399088593,0.106457627155,0.0475899328597
2023-03-21,0.300194594912,0.146214457592,0.0481048342194,0.201945052933,0.101972088428,0.050111012167,0.104193748041,0.0472642117079
2023-03-22,0.29553771907,0.145873714077,0.0483274170266,0.204205017296,0.103475564255,0.050878489831,0.106132521919,0.045569556525
2023-03-23,0.295240755604,0.145434201177,0.0487366094144,0.20393929606,0.103684718383,0.0507825115397,0.10706580061,0.0451161072114
2023-03-24,0.296721075298,0.144711196536,0.0485638149903,0.203971829627,0.10355635413,0.050575564154,0.105698248823,0.0462019164411
2023-03-27,0.298264363188,0.146461587128,0.0484921541126,0.202443354616,0.1026212948,0.0503466371117,0.105068026141,0.0463025829026
2023-03-28,0.297403216004,0.146567568248,0.0490372729073,0.202006708757,0.102492831938,0.0504711029683,0.10586023659,0.0461610625866
2023-03-29,0.299680211007,0.147231409983,0.0488753035197,0.200880414861,0.101622427614,0.0502251410052,0.10462089094,0.0468642010703
2023-03-30,0.299625015374,0.148159903965,0.0490539836035,0.199896093257,0.10116620446,0.0499737001978,0.104932783645,0.047192315497
2023-03-31,0.301734415279,0.147816424571,0.0485684676195,0.199466370514,0.101012745834,0.0498748802654,0.103659682014,0.0478670139025
2023-04-03,0.3,0.15,0.05,0.2,0.1,0.05,0.1,0.05
2023-04-04,0.297835310237,0.149715634523,0.0499653785615,0.200404719465,0.100475204521,0.0500609554862,0.10169330035,0.0498494968568
2023-04-05,0.297502277565,0.148788163927,0.0495969267148,0.201387295111,0.101048814139,0.0502540626946,0.101764989759,0.0496574700896
2023-04-06,0.298207335551,0.149054510185,0.0498165778165,0.200900167708,0.100924875418,0.0502905533802,0.10088490763,0.0499210723121
2023-04-10,0.299388115771,0.149623150055,0.0498514862022,0.200104569843,0.100223243498,0.0500794032508,0.10043177781,0.0502982535705
2023-04-11,0.2988337867,0.149964188864,0.0501152298734,0.199800628422,0.0999706194452,0.0500593077006,0.100852358882,0.0504038801133
2023-04-12,0.297599140051,0.150811405704,0.0497307371903,0.200029667741,0.100256535193,0.0500746273986,0.10133936801,0.0501585187123
2023-04-13,0.299323566685,0.151885350391,0.0499620929174,0.198471968416,0.0991864006652,0.0495832189094,0.101950023781,0.0496373782352
2023-04-14,0.300396427072,0.152047226362,0.0499934452004,0.198691618407,0.0992938168438,0.0496657429815,0.100749510712,0.0491622124207
2023-04-17,0.301494375264,0.151925865492,0.0502672884042,0.197705241159,0.0986679711338,0.0494429423281,0.100307450029,0.0501888661899
2023-04-18,0.301252892438,0.1522959132,0.0500960638951,0.197697644459,0.0986850772678,0.0494208106922,0.100550497123,0.0500011009247
2023-04-19,0.301775665658,0.151994205149,0.0496748137556,0.197774187544,0.0986621326766,0.0494651828708,0.100260619112,0.0503931932346
2023-04-20,0.300163016248,0.152077259148,0.0496189388649,0.198696746897,0.0992458754505,0.0496291687739,0.10066691474,0.0499020798779
2023-04-21,0.300783885207,0.152767354823,0.0492148508119,0.19861267926,0.0991326070323,0.0497158778956,0.0998001858708,0.0499725590994
2023-04-24,0.300461329009,0.152740196506,0.0490493747477,0.198972367536,0.0994048194274,0.0498006903229,0.0998919553094,0.049679267141
2023-04-25,0.297318071049,0.151168663803,0.0484786056389,0.201312547545,0.100940448903,0.0503700280316,0.100952217282,0.0494594177467
2023-04-26,0.297018281853,0.151691739008,0.048970534861,0.20121916337,0.10087275529,0.0503554391928,0.100728710777,0.0491433756473
2023-04-27,0.30051754505,0.152389974783,0.0492077500421,0.198895832826,0.0994161606899,0.0497868096104,0.0999315029989,0.0498544240002
2023-04-28,0.301468439004,0.151611151724,0.0492393482597,0.198851121216,0.099626000513,0.0495801595536,0.0994262162453,0.0501975634843
2023-05-01,0.3,0.15,0.05,0.2,0.1,0.05,0.1,0.05
2023-05-02,0.296856776272,0.148527565529,0.0495145455692,0.202101170182,0.101379916808,0.0504205990381,0.102008194241,0.0491912323609
2023-05-03,0.294613789252,0.148715601398,0.0494676074276,0.202852132974,0.101970461422,0.050615485068,0.102801482342,0.0489634401166
2023-05-04,0.292831253637,0.148643277358,0.0499433449613,0.202819583505,0.102056132817,0.0506543090762,0.103632126402,0.0494199722448
2023-05-05,0.29639740061,0.150102935158,0.0501660295605,0.200913066593,0.100875056523,0.050238585398,0.101376066953,0.0499308592045
2023-05-08,0.2970474517,0.150456615108,0.050275075335,0.200188980551,0.100450849476,0.0501473800192,0.101695952459,0.0497376953517
2023-05-09,0.296355701323,0.150185203353,0.0500676455698,0.200420382645,0.100536448474,0.0501774514185,0.102628159221,0.0496290079955
2023-05-10,0.296638654116,0.149403894213,0.0498947802434,0.20096948548,0.100913445571,0.050156573983,0.102102343021,0.0499208233721
2023-05-11,0.296633701256,0.148984442494,0.049782278738,0.201923233943,0.101463203723,0.0503534004482,0.101401157194,0.049458582203
2023-05-12,0.297246321443,0.149164110058,0.0493894486555,0.201470621581,0.101195735561,0.0503441534807,0.101569904988,0.0496197042343
2023-05-15,0.297525039086,0.15008304207,0.0501239809925,0.200460649544,0.100719096771,0.0501446752342,0.101532528359,0.0494109879443
2023-05-16,0.297714954925,0.149626869888,0.0501425841599,0.201469579444,0.10113431558,0.0503801758374,0.101002412434,0.0485291077324
2023-05-17,0.300062175299,0.149775724794,0.0501064715171,0.200318444784,0.100383399646,0.0501453735805,0.100229622944,0.0489787874351
2023-05-18,0.303246626951,0.149629016834,0.0498428625249,0.199578840758,0.0998591962213,0.0500281092706,0.0990253194734,0.0487900279667
2023-05-19,0.30268427662,0.150477221606,0.0497979492761,0.199052514621,0.0994423725359,0.0498883335197,0.099965554754,0.0486917770666
2023-05-22,0.302752150904,0.150579577881,0.0501134252391,0.198833695532,0.0992409975371,0.0497871519385,0.0997133681803,0.048979632787
2023-05-23,0.301178513009,0.149376700421,0.0496653280461,0.20026984528,0.100009661562,0.0502434414464,0.10044141913,0.0488150911058
2023-05-24,0.3012366248,0.148359506431,0.0496831691673,0.201256086278,0.100500878597,0.050461132873,0.100377453087,0.048125148766
2023-05-25,0.303960507414,0.148086971493,0.0496134179288,0.200591699389,0.0999090329754,0.0502514191238,0.0994497050433,0.0481372466327
2023-05-26,0.305604619364,0.148355050897,0.0500605708582,0.199261523256,0.0993496854742,0.0499375493976,0.0991036639233,0.0483273368298
2023-05-30,0.305326384922,0.146892428773,0.0493435642853,0.200330051368,0.0999994058198,0.0500721585167,0.0995884537222,0.0484475525936
2023-05-31,0.304218695257,0.145738849927,0.0490867324978,0.201431571845,0.100571699152,0.0502336348841,0.0999339457236,0.0487848707134
2023-06-01,0.3,0.15,0.05,0.2,0.1,0.05,0.1,0.05
2023-06-02,0.302824802419,0.151460552893,0.0505404528645,0.197955956403,0.0987115338188,0.0495075577536,0.0980352737034,0.050963870145
2023-06-05,0.302648756561,0.150706830276,0.050557884861,0.198200606857,0.0988131110088,0.0496382610633,0.0987574124471,0.0506771369264
2023-06-06,0.30231256873,0.151527060975,0.0507795349701,0.197791926566,0.098549608212,0.049502936664,0.0985414490252,0.0509949148587
2023-06-07,0.302734358966,0.150811675021,0.0509137475774,0.197702611717,0.0983073042604,0.0495133421393,0.0978320260728,0.0521849342466
2023-06-08,0.302572644933,0.151367116008,0.0508551752185,0.19745464787,0.0983209359016,0.0494322595762,0.098475921547,0.0515212989456
2023-06-09,0.303388819679,0.151437915825,0.0510384254229,0.197169824531,0.0980555590768,0.049339229976,0.0983001057602,0.0512701197291
2023-06-12,0.3049098747,0.151515772493,0.0509575627086,0.196717539653,0.0978223778188,0.0491818958908,0.0978187150079,0.0510762617278
2023-06-13,0.306416578056,0.15273671928,0.0512962570604,0.19547422175,0.0969678930697,0.0488503395426,0.0969387251915,0.0513192660502
2023-06-14,0.306193564527,0.152835180606,0.0516814244275,0.195279385405,0.0969125594818,0.0488796519724,0.0968065431776,0.0514116904024
2023-06-15,0.307194730658,0.152878416492,0.0517068449275,0.194864704044,0.0967848960555,0.0487457181726,0.0966081953385,0.0512164943119
2023-06-16,0.307077574411,0.152888820796,0.0516789370604,0.194840653093,0.0966595523186,0.0487669591358,0.0967522522264,0.0513352509589
2023-06-20,0.307150116713,0.151657901618,0.0510352195592,0.196262456863,0.0974775794454,0.0491375270492,0.0962729224999,0.0510062762523
2023-06-21,0.30602420668,0.152110652565,0.0510226774283,0.196869931296,0.097710847201,0.0492140916118,0.0962745524962,0.0507730407218
2023-06-22,0.308197898078,0.151715000764,0.0509749442335,0.196532114305,0.0974964099625,0.0492116497347,0.0956515768574,0.0502204060643
2023-06-23,0.307347201414,0.149991994616,0.0505044757515,0.198067145199,0.098373207674,0.049569100973,0.0963791975393,0.0497676768333
2023-06-26,0.305725448588,0.150276895573,0.0506074124206,0.198071879882,0.0984983815263,0.0495327823962,0.0964314012069,0.0508557984062
2023-06-27,0.307730749877,0.150843768743,0.0508623057549,0.196828130291,0.0977267645516,0.049179924861,0.0955702848828,0.0512580710391
2023-06-28,0.30760405671,0.150738646019,0.0506157667134,0.19722872591,0.0980298538061,0.0492353100571,0.095262452325,0.0512851884597
2023-06-29,0.309305151533,0.150778924218,0.0504830719292,0.196016315586,0.0971768399686,0.048988622646,0.0953109465902,0.0519401275291
2023-06-30,0.310569160715,0.151399793869,0.0505329473181,0.194979724627,0.0966460340215,0.0488283723053,0.0952145285253,0.0518294386194
2023-07-03,0.3,0.15,0.05,0.2,0.1,0.05,0.1,0.05
2023-07-05,0.300808470554,0.14900019513,0.0499649645235,0.199932039448,0.0999374333428,0.0499700733498,0.10006435252,0.0503224711332
2023-07-06,0.301165569803,0.147692998528,0.049457075948,0.200440806778,0.100022008509,0.0501590682535,0.100672905379,0.0503895668022
2023-07-07,0.299924455617,0.148703235639,0.0499689925445,0.200161498265,0.0997353787909,0.0500456865591,0.101265724378,0.0501950282073
2023-07-10,0.299887375572,0.148702060829,0.0498489599038,0.200189863369,0.0999866079041,0.0500310563366,0.101076727271,0.0502773488147
2023-07-11,0.300153647093,0.149323991144,0.050017192231,0.199531507444,0.0996512322828,0.049702317041,0.100903001823,0.050717110941
2023-07-12,0.299271462515,0.150529031727,0.0504144603016,0.198964376555,0.0995273678669,0.0497034133568,0.101154906041,0.0504349816368
2023-07-13,0.299262296958,0.151638146451,0.0505672813204,0.19862273403,0.0995616647872,0.0495636221387,0.100427026894,0.0503572274205
2023-07-14,0.300140441685,0.151248577672,0.0504345408088,0.198377735835,0.0994216782026,0.0494767876044,0.100463314023,0.050436924169
2023-07-17,0.300802924395,0.150993883035,0.0504310092319,0.198350217413,0.0994609208693,0.0495066669283,0.100408553179,0.0500458249477
2023-07-18,0.30180357159,0.151462530629,0.0498666608498,0.197703382971,0.0991684471466,0.0492820422711,0.101145167885,0.0495681966569
2023-07-19,0.301794006574,0.151089834831,0.0496828151962,0.197861465091,0.0992825785045,0.0493407199268,0.10093402193,0.0500145579453
2023-07-20,0.301512624161,0.151061549851,0.0496558430543,0.197966207089,0.099060902137,0.0496054840195,0.10099938968,0.0501380000084
2023-07-21,0.301417421265,0.151205717704,0.0496161651988,0.198045107285,0.0991118144083,0.049589821041,0.100658080773,0.0503558723255
2023-07-24,0.3023848538,0.150856725603,0.050213327054,0.197433860676,0.0987516623961,0.0495507565947,0.100101632116,0.0507071817598
2023-07-25,0.302799394155,0.15109871302,0.0505283260545,0.196944404165,0.0984332767124,0.049396243512,0.100522530721,0.05027711166
2023-07-26,0.302160386719,0.15094757715,0.0507244884913,0.197142334178,0.0985479912052,0.0493027903557,0.100784346781,0.0503900851201
2023-07-27,0.302884016618,0.151676830414,0.0506188685127,0.197228552408,0.0983597228976,0.0493851401781,0.100102087028,0.0497447819436
2023-07-28,0.303576925513,0.151792757921,0.0514629651181,0.196528628001,0.0979464253913,0.0492065236971,0.100151347193,0.0493344271651
2023-07-31,0.303667149529,0.151549299462,0.0514401388493,0.196454740584,0.097912085069,0.0491413640334,0.100260131765,0.0495750907086
2023-08-01,0.3,0.15,0.05,0.2,0.1,0.05,0.1,0.05
2023-08-02,0.298719504007,0.148540334896,0.0493951996071,0.201475650675,0.100775737967,0.0503986807078,0.100496620411,0.0501982717288
2023-08-03,0.299085508657,0.148697712509,0.0498127383153,0.200940138529,0.100441664419,0.0502906999843,0.100875240285,0.0498562973018
2023-08-04,0.2970505347,0.148775779988,0.0497581281017,0.202131396282,0.101276968774,0.050660777396,0.101008438156,0.0493379766036
2023-08-07,0.29847061684,0.149380843569,0.0494803504122,0.20138187746,0.1006365095,0.0505051684765,0.100384184706,0.0497604490356
2023-08-08,0.298039484435,0.148690137037,0.0491130773753,0.202449718044,0.101440988712,0.0506429748696,0.100038586095,0.0495850334325
2023-08-09,0.296662921668,0.149128476946,0.0492987141793,0.203017380615,0.101716024473,0.0507245145505,0.0997697182392,0.049682249329
2023-08-10,0.297364968798,0.149880154545,0.0494932157263,0.202103599542,0.101139931911,0.0505638084459,0.099863105522,0.04959121551
2023-08-11,0.298052338004,0.149471618563,0.0489177355614,0.202058004429,0.100896922701,0.0506384548682,0.10015235675,0.0498125691242
2023-08-14,0.299770985276,0.148892305121,0.0487019964514,0.201960220673,0.1007608049,0.0505455216984,0.0998722677856,0.0494958980947
2023-08-15,0.298608422776,0.147971965353,0.0485655665239,0.202996865771,0.101358533121,0.0507836888881,0.100390325698,0.0493246318686
2023-08-16,0.298178990966,0.147668212082,0.0485261669105,0.203712737116,0.101569614428,0.0509350576901,0.100403687422,0.0490055333845
2023-08-17,0.297097296549,0.147272329619,0.0488799679393,0.204318171189,0.101847261237,0.0511253363885,0.100652582375,0.0488070547029
2023-08-18,0.296987724223,0.147147176868,0.0485337244206,0.204593910256,0.102066058625,0.0511695438115,0.100584257175,0.048917604622
2023-08-21,0.298760768499,0.147530114948,0.0486175222223,0.203458397748,0.101379521293,0.0510060088906,0.100805890723,0.0484417756768
2023-08-22,0.298122325002,0.147284978486,0.048560061304,0.203788989248,0.10148126977,0.051122899684,0.101030054519,0.048609421987
2023-08-23,0.298184580191,0.147258604379,0.0487465667437,0.203512472477,0.101473898502,0.051027961616,0.100953912611,0.0488420034801
2023-08-24,0.296268160056,0.146495305118,0.0489074382226,0.204577145136,0.101858290185,0.0511795794515,0.101691884249,0.049022197582
2023-08-25,0.297551365829,0.147017478765,0.0487390599168,0.203897225212,0.101550805368,0.0510317293249,0.101286195422,0.048926140163
2023-08-28,0.297824204386,0.147757032904,0.0489583265223,0.203242357223,0.101283706001,0.0507855396839,0.101029497278,0.0491193360014
2023-08-29,0.298926944882,0.148061473063,0.0490832163648,0.202385787661,0.100924859095,0.0504949696788,0.100935112583,0.0491876366732
2023-08-30,0.2997742851,0.147839929883,0.0488418348513,0.202043392519,0.100785129064,0.0503542653133,0.101058223346,0.0493029399245
2023-08-31,0.299766088888,0.147568694214,0.0483278013758,0.202627045345,0.101132761181,0.0505314907158,0.101035179839,0.0490109384415
2023-09-01,0.3,0.15,0.05,0.2,0.1,0.05,0.1,0.05
2023-09-05,0.300542333023,0.149572984742,0.0500131140071,0.200141778505,0.100005392275,0.0502073975698,0.0997944471014,0.049722552776
2023-09-06,0.299698185326,0.149567120478,0.0499759727445,0.200740994804,0.100141482519,0.0503284312888,0.0997333882712,0.0498144245694
2023-09-07,0.298914662214,0.149040012101,0.0494808071112,0.201464161073,0.10053133916,0.0505339413791,0.099885588045,0.0501494889166
2023-09-08,0.299236180636,0.148777506017,0.0495581696688,0.201482700477,0.100509622891,0.0506274461348,0.099876298177,0.0499320760001
2023-09-11,0.300015645135,0.14987034367,0.0499274655706,0.200457222519,0.0999417508683,0.0503798666213,0.0996665590932,0.0497411465234
2023-09-12,0.299193265274,0.149623354931,0.0499297882291,0.201073422384,0.100357107494,0.0505428686516,0.0994262360757,0.0498539569606
2023-09-13,0.299629637384,0.149369671338,0.049895114457,0.201426411953,0.100504561914,0.0506247784501,0.099225532801,0.0493242917032
2023-09-14,0.300632576512,0.150593326517,0.0499282186912,0.200101189941,0.0997545705259,0.0502789034874,0.0987567571403,0.0499544571861
2023-09-15,0.298394478769,0.150964900783,0.0499024001897,0.200571519917,0.0999081930001,0.0503885636528,0.0998721668949,0.049997776794
2023-09-18,0.298518499734,0.150374028905,0.0498169335274,0.200831248018,0.0999877088953,0.050485399314,0.100443012811,0.0495431687959
2023-09-19,0.298571770249,0.150746737856,0.0496806533609,0.200695207835,0.0998477055337,0.0504552155237,0.100574310741,0.049428398901
2023-09-20,0.296885062947,0.150784443315,0.0497085975858,0.201307473165,0.100129280031,0.0505296357335,0.101007281278,0.0496482259453
2023-09-21,0.295829288759,0.150232755473,0.0495549965569,0.202571602744,0.100695475775,0.0509274732348,0.101597787427,0.0485906200315
2023-09-22,0.29473104456,0.150181464582,0.0500630893859,0.203129237603,0.100940843553,0.0510283578164,0.101773489809,0.0481524726907
2023-09-25,0.296808454208,0.150030038468,0.0500149144659,0.202097022079,0.100482026019,0.0507864119042,0.101535978481,0.0482451543748
2023-09-26,0.295159819088,0.149264468176,0.0498908532275,0.203711490815,0.101380585728,0.0511290001767,0.1016586291,0.0478051536889
2023-09-27,0.296163074565,0.149368660061,0.0501045412445,0.203606395765,0.10123010387,0.0511981474835,0.100702508835,0.0476265681761
2023-09-28,0.296647025763,0.149981442904,0.0499992554364,0.203368560507,0.101087079017,0.0512475693678,0.0997845229453,0.0478845440595
2023-09-29,0.296612052417,0.149848715193,0.0501661590385,0.203644406628,0.101343166075,0.0512623801758,0.0989877864039,0.0481353340689
2023-10-02,0.3,0.15,0.05,0.2,0.1,0.05,0.1,0.05
2023-10-03,0.299140912979,0.149697737638,0.049886554473,0.200548659699,0.100229983787,0.0501748333828,0.100774625764,0.0495466922765
2023-10-04,0.299849087875,0.149037461191,0.0494372228948,0.2009740351,0.10037366635,0.0501499050319,0.100271078326,0.0499075432323
2023-10-05,0.299197927182,0.150134391039,0.0495540241411,0.200742564402,0.100381762318,0.0499866947556,0.0999076058823,0.0500950302802
2023-10-06,0.30126987192,0.150967033389,0.0499893019975,0.198988558993,0.0993065603751,0.049562698948,0.0999313813935,0.0499845929843
2023-10-09,0.300876683391,0.149707251867,0.0493019898628,0.199508549661,0.0998042697346,0.0496695649651,0.10098929392,0.0501423965987
2023-10-10,0.301251420047,0.151010368158,0.0498912996865,0.198531896066,0.099214981841,0.0494931158389,0.100422705332,0.0501842130315
2023-10-11,0.300884370617,0.150861478621,0.0497780597366,0.198388036226,0.0992318662394,0.0494506524879,0.100620681011,0.0507848550607
2023-10-12,0.301366969601,0.150719380152,0.0496316883753,0.198203251296,0.0990393415531,0.0495163958596,0.101091015101,0.0504319580619
2023-10-13,0.299299361183,0.149091760475,0.0493482558401,0.198677489717,0.0994846375239,0.049744419802,0.104143780053,0.0502102954059
2023-10-16,0.301564942988,0.149823533414,0.0495571012423,0.196997022191,0.0986069590616,0.049455552059,0.103334394691,0.050660494353
2023-10-17,0.302367353922,0.150263496126,0.0494763381866,0.19610897347,0.0979036599113,0.0493494716685,0.103806222876,0.0507244838398
2023-10-18,0.300876487701,0.148972809615,0.0490813932912,0.196857621467,0.0982748632761,0.0496628717539,0.106204342712,0.0500696101842
2023-10-19,0.299790798858,0.14852957622,0.0491583748957,0.197133304657,0.0983019883523,0.0498785205846,0.10806949933,0.0491379371029
2023-10-20,0.297376544538,0.147764494823,0.0487771350673,0.198691241077,0.0993006096111,0.050243831846,0.108829260834,0.049016882203
2023-10-23,0.29690360588,0.147855749996,0.0486811378668,0.199497282708,0.0997810406065,0.0502608009317,0.108477253401,0.0485431286099
2023-10-24,0.297616793594,0.147834209075,0.0490348012125,0.199189192158,0.0994489641854,0.0500482838134,0.107912353094,0.0489154028682
2023-10-25,0.296083506321,0.147911710504,0.0489625631725,0.199551856433,0.0994966237886,0.0503044445813,0.109378044798,0.0483112504017
2023-10-26,0.292932795888,0.147018623318,0.0488474207909,0.201167739246,0.100389897175,0.0506425649556,0.109698515989,0.0493024426375
2023-10-27,0.291921269433,0.146719350636,0.0489522270146,0.201320719743,0.100655251905,0.0507712816744,0.111094668729,0.0485652308648
2023-10-30,0.29402073807,0.14803049808,0.0491602596758,0.199896939535,0.0998477469946,0.0504539345088,0.109947999045,0.0486418840905
2023-10-31,0.295368168879,0.148096370267,0.0488455829613,0.199430062582,0.0994683481805,0.0502417683807,0.109163597628,0.0493861011208
2023-11-01,0.3,0.15,0.05,0.2,0.1,0.05,0.1,0.05
2023-11-02,0.301551199254,0.151268802796,0.0500749254667,0.198440974482,0.099238074618,0.0495379634107,0.0989547773274,0.050933282645
2023-11-03,0.30146524137,0.151781923982,0.0505158225246,0.197787928635,0.0990696782701,0.0493269006984,0.0983889137451,0.0516635907749
2023-11-06,0.303017551498,0.151731105476,0.0508132729544,0.197360246859,0.0987765838466,0.0493389879082,0.097899683865,0.0510625675932
2023-11-07,0.303679022396,0.150494823058,0.0507924776901,0.198282015712,0.0992747228416,0.0494391350389,0.0974294029278,0.0506084003361
2023-11-08,0.303893315496,0.150146578249,0.0505604928193,0.198950196568,0.0996729889191,0.0495468810409,0.0964556816928,0.050773865216
2023-11-09,0.303456250345,0.151039846554,0.0504332913468,0.19855231299,0.0993196081349,0.0494445226148,0.0974606749958,0.0502934930189
2023-11-10,0.306389655508,0.150948850158,0.0504845391242,0.19785467313,0.0988473199713,0.0491744047677,0.0958337753817,0.0504667819593
2023-11-13,0.30609481774,0.151154108347,0.0505738116151,0.197831876246,0.0987921962555,0.0491407318034,0.0963667589657,0.0500456990267
2023-11-14,0.306147257338,0.152323766254,0.0507769757941,0.196537850945,0.0983858032749,0.0486094718047,0.0953922434765,0.0518266311137
2023-11-15,0.307234656193,0.152406530748,0.0512023744586,0.195598571816,0.0977598015363,0.0484692964493,0.0952770565291,0.0520517122702
2023-11-16,0.306855570774,0.151694954213,0.0505489853984,0.196191776618,0.0982530244694,0.0485270582787,0.0961159019341,0.0518127283141
2023-11-17,0.306339561982,0.15313649827,0.0506017493883,0.196009533562,0.0980295346178,0.04843627785,0.0958246418807,0.0516222024493
2023-11-20,0.307350839912,0.153138594087,0.0509173380009,0.195461725194,0.0977389490302,0.048368073158,0.0952507336421,0.0517737469757
2023-11-21,0.306888965222,0.152638842026,0.0506523081281,0.195799349098,0.097931920897,0.0482992405677,0.0963445372082,0.0514448368532
2023-11-22,0.3076457962,0.152728154664,0.050444824686,0.195711575041,0.097764242583,0.0482782619995,0.0958006130596,0.0516265317669
2023-11-24,0.307713977132,0.153672219235,0.0505869344541,0.194734059151,0.0972199852018,0.0480563555627,0.096261018974,0.0517554502895
2023-11-27,0.306655743039,0.153019073454,0.05026758105,0.19551776744,0.0977968211523,0.0481340380146,0.0967505880697,0.05185838778
2023-11-28,0.305708120939,0.152661552694,0.0504715090075,0.195575533388,0.0978276952565,0.0481258209654,0.0976408093783,0.0519889583711
2023-11-29,0.304872910015,0.152716987541,0.0500846902302,0.19613295327,0.0981414007626,0.0482203088967,0.0975867617845,0.0522439875001
2023-11-30,0.30606178348,0.152644814015,0.0502311612247,0.195475666101,0.0976567595939,0.0481315666182,0.0971763641211,0.0526218848468
2023-12-01,0.3,0.15,0.05,0.2,0.1,0.05,0.1,0.05
2023-12-04,0.300385278743,0.149651980569,0.0498843416614,0.200544316104,0.100239345858,0.0501184327864,0.0984812777616,0.0506950265164
2023-12-05,0.300061862427,0.1490329541,0.0496679010397,0.201697270605,0.100857009344,0.0503460979663,0.0980227514799,0.0503141530373
2023-12-06,0.298786413853,0.149292245834,0.0495952795728,0.202171816346,0.101251631551,0.0503873606072,0.0983623379768,0.0501529142589
2023-12-07,0.300055745908,0.149503418673,0.0496252993427,0.201555298999,0.100762592851,0.0501754871809,0.0981939861692,0.0501281708756
2023-12-08,0.301864692373,0.150117582082,0.0494647381214,0.200886489722,0.100284975521,0.0502000327342,0.0970508884994,0.050130600947
2023-12-11,0.302793588462,0.150417347711,0.0496459491927,0.200744581384,0.100214467722,0.0500548094205,0.0959014841064,0.0502277720012
2023-12-12,0.303533412878,0.150131637987,0.0495409844368,0.200919706864,0.100215474534,0.0499204930099,0.0956466012779,0.0500916890122
2023-12-13,0.302919697323,0.150177369331,0.0492271266621,0.200268750861,0.100119211535,0.0498098364401,0.0962791818325,0.0511988260156
2023-12-14,0.301490367345,0.150285354976,0.0494849681567,0.200289774071,0.100153677724,0.04995838361,0.096078312321,0.0522591617955
2023-12-15,0.302378844379,0.149422307619,0.049423832291,0.200743415032,0.100530705955,0.0501044319999,0.0956356186455,0.0517608440778
2023-12-18,0.303548344781,0.14967452478,0.0493313143165,0.199986432062,0.100135476624,0.0498681723699,0.0959024245794,0.0515533104874
2023-12-19,0.303831479948,0.150345056644,0.0494207372308,0.199205598414,0.0998102968873,0.0496453451296,0.0960618259317,0.051679659814
2023-12-20,0.301596403823,0.149761793983,0.0487019643566,0.201250891161,0.100960349977,0.0501727639541,0.0961685113366,0.0513873214092
2023-12-21,0.302274097666,0.151208572368,0.0492923949507,0.19978824437,0.100080880678,0.0497299815228,0.0961543557083,0.0514714727366
2023-12-22,0.302590677225,0.151413920143,0.0490744103569,0.199334227096,0.0998912961334,0.0495853080502,0.0964880076456,0.0516221533503
2023-12-26,0.302695394073,0.151496133753,0.0492006674799,0.198966585866,0.0995677588812,0.0494214783823,0.0968480149535,0.0518039666104
2023-12-27,0.301845109098,0.151651158333,0.0492398134857,0.199309520491,0.0998811427611,0.0494179921948,0.0968391112204,0.0518161524156
2023-12-28,0.3022653937,0.151551897726,0.0495922330348,0.19907128035,0.0996011090377,0.0493077478312,0.096373606324,0.052236731996
2023-12-29,0.302064314985,0.151859086801,0.0498365007751,0.199135209085,0.0995758636843,0.0493583156346,0.0964377711272,0.0517329379078
2024-01-02,0.3,0.15,0.05,0.2,0.1,0.05,0.1,0.05
2024-01-03,0.299168414188,0.149606058246,0.0501234377491,0.201189616728,0.100784764178,0.0503515752716,0.0997057001493,0.0490704334894
2024-01-04,0.298905974497,0.150308876357,0.0501544639119,0.200846477875,0.100413036671,0.0502352602926,0.100040557739,0.0490953526558
2024-01-05,0.299458576675,0.150476575732,0.0502529253684,0.200473096204,0.100093600639,0.0501465592231,0.100104276332,0.0489943898272
2024-01-08,0.301600434583,0.15097321106,0.0499862666604,0.199815134154,0.0997242491637,0.0499296149202,0.0986242729629,0.0493468164959
2024-01-09,0.302012724858,0.150042096669,0.0495497343539,0.200351662141,0.0999704563593,0.0499756152338,0.0989407233813,0.0491569870029
2024-01-10,0.303196210357,0.150608207901,0.0494148143593,0.199620046789,0.0996412261077,0.0498472883533,0.0985438710962,0.0491283350364
2024-01-11,0.302581024397,0.150210483602,0.0495457143201,0.200437625314,0.100014430588,0.0500337993027,0.0985814468775,0.0485954755993
2024-01-12,0.301857950002,0.15028483332,0.049626421795,0.200183713781,0.0999764744745,0.0500934549991,0.0992403090346,0.0487368425935
2024-01-16,0.30338488885,0.148892738669,0.0490206191669,0.200429818141,0.100034931195,0.0502745250019,0.0991599791946,0.0488024997807
2024-01-17,0.303819968611,0.148302931914,0.0487041298118,0.201285024512,0.100411215399,0.0504722538486,0.0987572299149,0.0482472459886
2024-01-18,0.305149771326,0.148981035944,0.0487717827913,0.200200331909,0.0997411263337,0.0502604392466,0.0991246108094,0.0477709016393
2024-01-19,0.30720662827,0.148615048855,0.0489405476031,0.199108798891,0.099187520911,0.0500135887868,0.0988586188168,0.0480692478656
2024-01-22,0.307470782941,0.14880974042,0.0484969188065,0.199224707092,0.0993659312176,0.0499743084712,0.0983618412536,0.0482957697989
2024-01-23,0.308347339642,0.148546196559,0.0487650773716,0.198724755385,0.099109055724,0.0498076979307,0.0987389125184,0.0479609648696
2024-01-24,0.308826015175,0.149534883876,0.0494167334902,0.198369487396,0.0988726586246,0.0497138155323,0.0979695485557,0.0472968573499
2024-01-25,0.309062602657,0.149219014353,0.0493098773456,0.198336337334,0.0988391469039,0.0496500796459,0.0979013547539,0.0476815870064
2024-01-26,0.308792281008,0.149910277072,0.0493417013972,0.198192661531,0.0987016040523,0.0496232688051,0.0978721153631,0.047566090771
2024-01-29,0.309397985016,0.149903866888,0.0490622536987,0.197804636787,0.0987071247078,0.0495471589578,0.0979803218404,0.0475966521038
2024-01-30,0.309378072911,0.149821620627,0.0486326137234,0.198326913249,0.0989116003515,0.0495591929985,0.0981852168631,0.0471847692763
2024-01-31,0.305720550098,0.149653451809,0.0486706844635,0.200142079224,0.100194561425,0.0501109090175,0.0985606748856,0.0469470890775
2024-02-01,0.3,0.15,0.05,0.2,0.1,0.05,0.1,0.05
2024-02-02,0.304204012689,0.149448600116,0.0498204820496,0.19885211773,0.099039092051,0.0496895207586,0.0993963736663,0.0495498009401
2024-02-05,0.305055650652,0.14943386545,0.0502690585808,0.198491014868,0.0987092049179,0.0497302842374,0.0994872804668,0.0488236408276
2024-02-06,0.30412987666,0.149461180628,0.0512040425606,0.198346357316,0.0986535619997,0.0496031069073,0.0994149413342,0.049186932594
2024-02-07,0.306108441673,0.14928339576,0.0510732023303,0.197581993456,0.0982981220124,0.0494200896431,0.0992077255453,0.0490270295807
2024-02-08,0.306560363467,0.149186396924,0.0508621000711,0.19718064125,0.0980785967361,0.0494340637413,0.0992207677518,0.0494770700589
2024-02-09,0.307749685492,0.149437844987,0.0509667286824,0.196747761483,0.097717518638,0.0492711775681,0.0986494743058,0.0494598088438
2024-02-12,0.307499901972,0.14975839125,0.0511734299009,0.196714620263,0.0977741252677,0.0492713317486,0.0983551150611,0.0494530845367
2024-02-13,0.307389766684,0.149093898404,0.0509162586148,0.197552764016,0.0980143152787,0.0496222832223,0.098318339099,0.0490923746807
2024-02-14,0.307978834359,0.149864661256,0.0512863595056,0.197020604785,0.0976819294838,0.0494794031385,0.0975614325484,0.0491267749245
2024-02-15,0.308036816158,0.150527092643,0.0512578920887,0.196170487492,0.0972994924659,0.0492097916246,0.0975627390267,0.0499356885013
2024-02-16,0.307244832146,0.151017177622,0.0516332954673,0.196019553966,0.0971103077119,0.0492778513863,0.0981571174468,0.0495398642538
2024-02-20,0.305607988224,0.151578498599,0.0517430794468,0.19623638973,0.0972934847167,0.0493098870782,0.0987700376462,0.0494606345586
2024-02-21,0.305961128494,0.151710621009,0.0518062827527,0.195699648442,0.0970068094618,0.0492664753434,0.0987999562776,0.0497490782192
2024-02-22,0.309620822329,0.152001964346,0.0518116593989,0.194185281686,0.0961869798546,0.0487804331522,0.097996316604,0.0494165426295
2024-02-23,0.309125569281,0.151903001494,0.0517055780287,0.194460233255,0.096407802153,0.0487928703322,0.0983246944327,0.0492802510241
2024-02-26,0.308916782213,0.152015328148,0.0516859765335,0.194622433084,0.0965528927279,0.0489207259426,0.0983998826097,0.0488859787419
2024-02-27,0.309356382053,0.152229945092,0.0518256133913,0.194277589835,0.0962951337485,0.0488396291039,0.0982526634342,0.048923043341
2024-02-28,0.309089023801,0.151488756624,0.0510510999284,0.194747313872,0.0966888724293,0.0490186480214,0.0984754390146,0.0494408463097
2024-02-29,0.309222614198,0.151353344488,0.0510021123299,0.194453244143,0.096578916957,0.0490157438237,0.0986706805021,0.0497033435585
2024-03-01,0.3,0.15,0.05,0.2,0.1,0.05,0.1,0.05
2024-03-04,0.299556605221,0.149542914962,0.0497753176919,0.199426845785,0.0997370250504,0.0499376950736,0.101576243119,0.0504473530981
2024-03-05,0.297087872796,0.149441352967,0.0495262045189,0.200868263848,0.100528876292,0.0502551412952,0.102368682634,0.049923605648
2024-03-06,0.296935997564,0.150403138769,0.0498621812383,0.200059695403,0.100213507955,0.0499948125396,0.102636836682,0.0498938298488
2024-03-07,0.298077420491,0.151217406515,0.0497999743774,0.199281037808,0.0997777156759,0.0496659925619,0.102598549527,0.0495819030435
2024-03-08,0.296453857527,0.150879171162,0.0497444116504,0.199575128857,0.0999069064025,0.0497353379472,0.10352357358,0.0501816128736
2024-03-11,0.296604152865,0.150329674824,0.0499436765342,0.199624490755,0.0999174962506,0.0497154200361,0.103855408307,0.0500096804286
2024-03-12,0.299044588732,0.151099562599,0.0502470401194,0.198617838121,0.0992587983332,0.0494940542241,0.102462132444,0.0497759854271
2024-03-13,0.298848435492,0.15126768015,0.050007084075,0.198433668491,0.0991291188294,0.0494699069343,0.103274305978,0.0495698000506
2024-03-14,0.29985558053,0.151076614375,0.0499996109032,0.198231146871,0.0989220808562,0.049432922637,0.103394105565,0.0490879382622
2024-03-15,0.298691590445,0.151399019128,0.0500044417177,0.198806407913,0.0990501605792,0.0495488759338,0.103373579503,0.049125924781
2024-03-18,0.299946373247,0.151167350391,0.0500258311549,0.198257707371,0.0987624522218,0.0494165353242,0.103359887449,0.0490638628407
2024-03-19,0.30088608462,0.151046820934,0.0497017274153,0.198269090392,0.0988087581,0.0493670157851,0.102992146282,0.0489283564714
2024-03-20,0.301496091491,0.151600640928,0.0497382797402,0.197255201125,0.0983317647377,0.0492072896047,0.103473205479,0.0488975268943
2024-03-21,0.302006624027,0.151447836259,0.0496939925005,0.197079933894,0.0981842850122,0.0492156675533,0.103199732202,0.0491719285518
2024-03-22,0.301910014854,0.151172359762,0.0494515677649,0.198018576297,0.0988203434729,0.0494638604675,0.102533596225,0.0486296811569
2024-03-25,0.30161876493,0.151232662302,0.0495407404995,0.198010681726,0.0987365972588,0.0493961160441,0.103046612884,0.0484178243554
2024-03-26,0.301047002901,0.151437572818,0.0494311760251,0.198203797765,0.0988784736969,0.0494075458122,0.103374819756,0.0482196112257
2024-03-27,0.301516823292,0.151403768894,0.0492257997102,0.197503168947,0.0985820178705,0.0492235372819,0.103416708706,0.0491281752992
2024-03-28,0.30110604907,0.150925573936,0.0493334748816,0.197030446749,0.0983729965238,0.0491841915541,0.104628072304,0.0494191949822
2024-04-01,0.3,0.15,0.05,0.2,0.1,0.05,0.1,0.05
2024-04-02,0.298740006264,0.14939320445,0.0502758757378,0.200289658333,0.100002896376,0.0501226902283,0.1016976375,0.0494780311118
2024-04-03,0.298352369771,0.149845950014,0.0502270605117,0.199934033958,0.0998811083108,0.0500027255804,0.102344226888,0.0494125249667
2024-04-04,0.296168204331,0.149380639566,0.0502957968394,0.201399595758,0.100718872638,0.0504384352451,0.102260574695,0.0493378809271
2024-04-05,0.298092597003,0.149337552914,0.0502543196725,0.19962132678,0.0996617782318,0.0500301706292,0.103604157482,0.0493980972877
2024-04-08,0.297680763104,0.149767472421,0.050466451951,0.199048619907,0.0992441967225,0.0499143803023,0.104047232632,0.04983088296
2024-04-09,0.29705760764,0.149311164301,0.0507417751954,0.199080294082,0.0993158911252,0.0498830316503,0.104279559656,0.0503306763511
2024-04-10,0.29796511833,0.14901107507,0.050846360797,0.199294027232,0.0992895023612,0.0500543962152,0.104656165062,0.0488833549338
2024-04-11,0.298714021359,0.148808966321,0.0507598652279,0.198339851716,0.0986539471545,0.049761977035,0.106156964997,0.0488044061891
2024-04-12,0.297183690006,0.147504768907,0.050216776259,0.200461562064,0.0999336609942,0.0503755968481,0.105673490836,0.0486504540849
2024-04-15,0.295058284527,0.147788329898,0.0501746217023,0.20033471595,0.0998355274596,0.050487591765,0.10823771635,0.0480832123492
2024-04-16,0.295828937387,0.146879572213,0.0497758480782,0.200655315037,0.0998855630871,0.0505058081831,0.108851552596,0.0476174034184
2024-04-17,0.294362229682,0.147113652415,0.049909346592,0.201778382027,0.100616831576,0.0507513428241,0.108153892558,0.0473143223262
2024-04-18,0.294120459186,0.14714208239,0.0501055707025,0.201457455636,0.100390811853,0.0507469375596,0.108657728049,0.0473789546233
2024-04-19,0.292029942302,0.147475126973,0.0500406479246,0.201998632629,0.100686702883,0.0509069257065,0.109176220874,0.0476858007083
2024-04-22,0.293958412104,0.148692550705,0.050338673668,0.201603851923,0.100437682971,0.0507803083772,0.106204390556,0.0479841296957
2024-04-23,0.295616963455,0.149274604188,0.0504414846801,0.200783591385,0.0999504095436,0.0505156228909,0.105291567191,0.0481257566668
2024-04-24,0.295905971702,0.149063233277,0.0506727043905,0.200549647811,0.099790536598,0.0504839229633,0.105248411228,0.0482855720296
2024-04-25,0.295456085891,0.148760328655,0.050946893413,0.20043940501,0.0996365788704,0.0505227667746,0.106118210309,0.0481197310759
2024-04-26,0.296564728815,0.149014644863,0.0512392956069,0.199743371825,0.0993433020964,0.0503649635183,0.105858815631,0.0478708776436
2024-04-29,0.296491373494,0.149272064583,0.0515524402267,0.199594574948,0.0993684699473,0.0502981420513,0.105244943308,0.0481779914412
2024-04-30,0.295313063589,0.148951151859,0.0514782422062,0.201177386058,0.100095911159,0.0506598068911,0.104390412837,0.0479340254016
2024-05-01,0.3,0.15,0.05,0.2,0.1,0.05,0.1,0.05
2024-05-02,0.300350891464,0.150966374081,0.0508045215074,0.19927384023,0.0996552307233,0.0497740754426,0.0988830036272,0.0502920629248
2024-05-03,0.301768890056,0.15119485669,0.050862415931,0.198775879715,0.0994483442801,0.0496498719121,0.0980551748584,0.0502445665569
2024-05-06,0.303205003506,0.151544836466,0.0504893460737,0.197824242742,0.0989858513683,0.0493995545318,0.0985404784422,0.0500106868707
2024-05-07,0.303276935062,0.15162592177,0.0500865862303,0.198063774695,0.0991567205901,0.0493474986014,0.0980022976556,0.050440265396
2024-05-08,0.303799902985,0.151720911138,0.0501217050712,0.197974809277,0.0990397600458,0.0493718414514,0.0978731154812,0.0500979545503
2024-05-09,0.303580148304,0.151858776339,0.0499944803546,0.197066147099,0.0986989852123,0.0492296143669,0.098776369764,0.0507954785603
2024-05-10,0.303846902428,0.151856941112,0.0500777275806,0.196576925821,0.0983396441902,0.0491307158944,0.0995369485359,0.0506341944387
2024-05-13,0.303981899634,0.151873897426,0.0504851551256,0.196740062177,0.0984871425324,0.049164486122,0.0984524631188,0.050814893865
2024-05-14,0.303905942098,0.152193102333,0.0504943798787,0.196321286215,0.0982985715986,0.0490199574087,0.0988074075153,0.0509593529518
2024-05-15,0.304624374157,0.152202736997,0.0504262361721,0.195666916376,0.09805929477,0.048781408453,0.099085577808,0.0511534552675
2024-05-16,0.30466672904,0.151673894789,0.0507307219157,0.195875555933,0.0980860865186,0.0488201321287,0.0989170399116,0.0512298397641
2024-05-17,0.304499229433,0.151908000954,0.0509935544388,0.194862599183,0.0975874738333,0.0486775772214,0.100349413912,0.0511221510246
2024-05-20,0.304833818614,0.151959386291,0.050877262895,0.194671026611,0.0974355645744,0.0486567251355,0.100747866848,0.0508183490311
2024-05-21,0.305351339769,0.151607299939,0.050543824906,0.194886576355,0.0976135297195,0.0487113567602,0.100524042682,0.0507620298693
2024-05-22,0.306043084095,0.150956427475,0.0506562947855,0.19564942303,0.0979908557354,0.0489535033936,0.0991861502728,0.0505642612127
2024-05-23,0.306136656082,0.151271243373,0.0506537562789,0.196599062994,0.0983920442119,0.0491392657489,0.0979531283287,0.049854842983
2024-05-24,0.306947021141,0.151903383702,0.0506143245232,0.196047133097,0.0981308093954,0.0490053483848,0.0976573198487,0.0496946599083
2024-05-28,0.3074087553,0.152055650478,0.0505175356469,0.195290721274,0.0976599641573,0.0488973377092,0.0987634381188,0.049406597316
2024-05-29,0.307759365172,0.150671939571,0.0502963054539,0.19613437552,0.0979810738583,0.0491821834608,0.098646928319,0.0493278286455
2024-05-30,0.305187028557,0.151768659746,0.0501167138229,0.196713931924,0.0983005331022,0.0492869354398,0.0986624578102,0.0499637395976
2024-05-31,0.306335681874,0.152286000831,0.04942678901,0.196302598459,0.098235111046,0.0492196551098,0.0975644277281,0.050629735942
2024-06-03,0.3,0.15,0.05,0.2,0.1,0.05,0.1,0.05
2024-06-04,0.300327864173,0.149553812182,0.0492173486299,0.200718163008,0.100545139386,0.0501537927411,0.0990998263747,0.0503840535047
2024-06-05,0.301647210555,0.149471280258,0.0494802775323,0.199847260922,0.10016305917,0.0499083740351,0.0995312905709,0.0499512469557
2024-06-06,0.30121645338,0.149640732634,0.0496383441765,0.199627041025,0.0999793266062,0.0497961214075,0.100125649965,0.049976330806
2024-06-07,0.303854528517,0.149274598365,0.0497198919185,0.199841733228,0.099913519711,0.0498794732107,0.0975169932791,0.0499992617707
2024-06-10,0.304178343085,0.149179705501,0.0498836119314,0.199273289323,0.099497397831,0.0497084111052,0.0982124659857,0.0500667752376
2024-06-11,0.30479470338,0.147443701721,0.0497498512852,0.199878375396,0.0999849522189,0.0498255658615,0.0984555190192,0.049867331118
2024-06-12,0.305168177012,0.148206343117,0.0497925257565,0.199435595559,0.0998456854508,0.0495547661335,0.0980333679289,0.0499635390415
2024-06-13,0.305860806817,0.146166591232,0.0497482643014,0.200490890652,0.100531621017,0.0497631901836,0.0972592489208,0.0501793868774
2024-06-14,0.305816201875,0.144740581423,0.049847451458,0.200544508024,0.100690001546,0.0497862258011,0.0984454124294,0.0501296174438
2024-06-17,0.307859001049,0.145082543202,0.050057230722,0.199574122361,0.100094497999,0.0496532685228,0.0978100297683,0.0498693063763
2024-06-18,0.307501922711,0.145128963225,0.0502691820427,0.199550707715,0.100159254868,0.0496692615748,0.09783950824,0.0498811996246
2024-06-20,0.30680109371,0.145192604745,0.05020049937,0.199291683645,0.0999488893118,0.0497003190983,0.0991044106138,0.0497604995055
2024-06-21,0.307309233152,0.144658808775,0.0501798936086,0.199910165901,0.100270110191,0.0497750676458,0.0978617662477,0.0500349544789
2024-06-24,0.305917099332,0.145738657788,0.0500812894133,0.199817045703,0.100226328029,0.0497390463391,0.0981229705555,0.0503575628406
2024-06-25,0.307016930034,0.145907483358,0.049920329379,0.199745687172,0.100285670882,0.049786734663,0.0976111838072,0.0497259807044
2024-06-26,0.308458697542,0.145435660745,0.0499549616316,0.199532060029,0.100024097191,0.0498090901083,0.0970434435754,0.0497419891768
2024-06-27,0.308006817124,0.145347208109,0.0497804570109,0.199252899196,0.0999432662948,0.049750736431,0.0978455790603,0.0500730367745
2024-06-28,0.307478779582,0.145789280756,0.0500171700336,0.198714578464,0.0996341694095,0.0497080541574,0.0980728655406,0.0505851020566
2024-07-01,0.3,0.15,0.05,0.2,0.1,0.05,0.1,0.05
2024-07-02,0.300844884585,0.149749243596,0.0499873278796,0.199884971589,0.0999874755425,0.0498996919195,0.099606658324,0.0500397465648
2024-07-03,0.300123223533,0.150496460562,0.0503789289746,0.199588437481,0.0999663388356,0.0497549668236,0.100041423469,0.0496502203205
2024-07-05,0.30006766504,0.15056037346,0.0500696116867,0.199408814266,0.0999266713215,0.04968339189,0.100790718158,0.0494927541771
2024-07-08,0.300812617565,0.150103139017,0.0501360569134,0.199734842776,0.100091171596,0.0497307289552,0.0996728003444,0.0497186428327
2024-07-09,0.301177845628,0.149631574457,0.0503615133353,0.199598855456,0.0999771522649,0.0496683364819,0.0998659280551,0.0497187943217
2024-07-10,0.302223790153,0.150757739554,0.0502420676308,0.198532845263,0.0994363727939,0.0494448737478,0.0995940366094,0.049768274248
2024-07-11,0.298611481464,0.150843030167,0.05046251188,0.198879445006,0.0997339794828,0.0494261371717,0.101019736615,0.051023678213
2024-07-12,0.299063550578,0.15162601,0.0504545412179,0.198476707555,0.0994683975599,0.0492686010408,0.10047546226,0.0511667297884
2024-07-15,0.300248912238,0.150659868406,0.0499948238285,0.198030240281,0.0992741073171,0.0492961088198,0.10092169366,0.0515742454497
2024-07-16,0.299921153313,0.150486358987,0.049964923008,0.197450144776,0.0990185514724,0.0491023495577,0.102214122153,0.0518423967328
2024-07-17,0.297398650858,0.150488961114,0.0495189042644,0.198714861631,0.0996658166928,0.0494000985642,0.102318466592,0.052494240284
2024-07-18,0.29696664777,0.149952967582,0.0493956388327,0.199414921448,0.100007171355,0.0495996859168,0.102304062783,0.0523589043127
2024-07-19,0.29680834164,0.14998076055,0.0492175899075,0.200232587613,0.100303931436,0.0497840333489,0.101086678311,0.0525860771932
2024-07-22,0.298305094221,0.150651701505,0.0493399260558,0.199107425879,0.0996860323154,0.049464470354,0.100591407791,0.0528539418786
2024-07-23,0.298258586061,0.150092903224,0.0488963556936,0.199368862567,0.099901082972,0.0495067568011,0.101088014108,0.0528874385741
2024-07-24,0.294817922023,0.149909752438,0.0489337578902,0.201021301651,0.100814015859,0.0499207943186,0.101880572838,0.0527018829819
2024-07-25,0.294299108277,0.14949558584,0.0489789027082,0.202276035471,0.101388881742,0.0502159063591,0.100634542943,0.0527110366598
2024-07-26,0.294898238834,0.150081748945,0.0490738090498,0.201159010185,0.100948151201,0.0499188531601,0.100773071338,0.053147117286
2024-07-29,0.295045713535,0.149471470444,0.0489011613541,0.201468698411,0.10110929723,0.0499656070108,0.10062267297,0.0534153790446
2024-07-30,0.29338266862,0.149714068732,0.0487385330142,0.201557780077,0.10126375254,0.0499741352854,0.101569206298,0.053799855433
2024-07-31,0.29471219863,0.150169832225,0.0491076900328,0.200303857302,0.100830317008,0.0496685608442,0.102215847331,0.0529916966275
2024-08-01,0.3,0.15,0.05,0.2,0.1,0.05,0.1,0.05
2024-08-02,0.295878012554,0.148102084422,0.0497063897088,0.2032427705,0.102053833421,0.0504901604639,0.100305708255,0.0502210406756
2024-08-05,0.291954625568,0.147001341197,0.049123400677,0.206398892928,0.103827493563,0.0514615043124,0.100650743011,0.0495819987435
2024-08-06,0.294353209796,0.147101949855,0.0494142048149,0.204959586753,0.102801348894,0.0511131355272,0.0997461766275,0.0505103877318
2024-08-07,0.293097906485,0.14817153862,0.0499219962452,0.204840182326,0.102679502663,0.0510815656417,0.0999211362746,0.0502861717449
2024-08-08,0.296380035214,0.148951801449,0.0504079769378,0.202148133804,0.101178525028,0.0504397271223,0.100306366753,0.0501874336925
2024-08-09,0.296593449089,0.148922380022,0.0503499853327,0.202116145658,0.101215240864,0.0503848266563,0.100183275118,0.0502346972599
2024-08-12,0.295995272619,0.148604719077,0.050441155655,0.201946858394,0.101240052964,0.0503914964639,0.101641951483,0.0497384933439
2024-08-13,0.298083922219,0.149639746834,0.0503522629517,0.200883976817,0.100749860031,0.0500318723535,0.100548752748,0.0497096060457
2024-08-14,0.298734205269,0.150065851519,0.0499838097504,0.20104985426,0.100786529249,0.0499557424243,0.0996319501045,0.0497920574241
2024-08-15,0.301982719601,0.150964148661,0.050220391525,0.198974612419,0.099538839912,0.0495428993655,0.0993289608007,0.0494474277157
2024-08-16,0.301169810454,0.151113059219,0.050492432992,0.198470865402,0.0992431199375,0.0492808264444,0.101052791178,0.0491770943728
2024-08-19,0.302302220123,0.151988956216,0.050718550775,0.197547186045,0.0988049407302,0.049029277445,0.10030750833,0.0493013603363
2024-08-20,0.30178283534,0.151561121372,0.0502200973741,0.198120239105,0.0991922552988,0.0492191274669,0.10066637815,0.0492379458942
2024-08-21,0.301788618235,0.152370676575,0.05028392989,0.197818726857,0.0990570403754,0.0491596029527,0.100189743556,0.0493316615586
2024-08-22,0.301376562207,0.15229882397,0.0500158813821,0.198300711911,0.0992455192479,0.0493266841053,0.0996368171733,0.049799000004
2024-08-23,0.301343540843,0.153585567662,0.0501974118368,0.19709411447,0.0986452537682,0.0490629068976,0.0997173813855,0.0503538231372
2024-08-26,0.301123028421,0.153222783906,0.0499570151845,0.197244178667,0.098687343745,0.0491486565821,0.100201072996,0.0504159204986
2024-08-27,0.301108583677,0.153592256248,0.0499418298587,0.197022967537,0.0985069737946,0.049078912716,0.1003297103,0.0504187658684
2024-08-28,0.300552764096,0.153437914849,0.04981636792,0.197630885469,0.0988485932227,0.049269852827,0.100021454736,0.0504221668797
2024-08-29,0.30046711793,0.153792789091,0.0498647901535,0.197301609457,0.0986394591162,0.0491838759294,0.100501727611,0.0502486307124
2024-08-30,0.302639593955,0.153939535439,0.0498842714019,0.196378889235,0.0980696948153,0.0489137976753,0.0995566551379,0.0506175623414
2024-09-03,0.3,0.15,0.05,0.2,0.1,0.05,0.1,0.05
2024-09-04,0.299178109633,0.149429986468,0.0499425977764,0.200737378583,0.100515274067,0.0500981538351,0.0999913257174,0.0501071739209
2024-09-05,0.298183993815,0.149325685143,0.0500340347277,0.201075446334,0.100661253639,0.0500854567025,0.100734456631,0.0498996730078
2024-09-06,0.295796778368,0.147848099392,0.0497511294666,0.203141159395,0.101709455504,0.0505673240667,0.100886193911,0.0502998598958
2024-09-09,0.297092168683,0.14842572825,0.0497565381741,0.20207079157,0.101167595239,0.0503411085243,0.100627542399,0.0505185271599
2024-09-10,0.297514031572,0.147410502465,0.0494978363591,0.202096500304,0.101301988697,0.0503037456276,0.100775283921,0.0511001110543
2024-09-11,0.299415952954,0.147686143639,0.0496130568129,0.201263649882,0.100842887117,0.050143121935,0.100229940206,0.0508052474545
2024-09-12,0.300189664797,0.148155354034,0.0496511075387,0.199921049463,0.100096721792,0.0498618369377,0.101400151713,0.0507241137257
2024-09-13,0.300403482807,0.147891825823,0.0496516641562,0.199435596951,0.0998394215163,0.0498049591656,0.101948920003,0.0510241295788
2024-09-16,0.299984608633,0.148639567768,0.0496986299127,0.199333014604,0.0998149447038,0.0498330526242,0.101648124695,0.0510480570593
2024-09-17,0.300663135107,0.148199097326,0.0498464769651,0.199506418816,0.0998182930584,0.0499073462348,0.101273177393,0.0507860550989
2024-09-18,0.300876714516,0.148228271905,0.0498511020719,0.199613043874,0.099750992294,0.0499059716523,0.100862832534,0.0509110711527
2024-09-19,0.302775398131,0.149475929139,0.0503543607438,0.197521894692,0.098616150392,0.0495259320623,0.101347289238,0.0503830456021
2024-09-20,0.302582918765,0.148280923839,0.0503805595081,0.197562898328,0.0986940555696,0.0495129656661,0.102747833495,0.0502378448288
2024-09-23,0.30263351637,0.148534055452,0.0506740136807,0.197025776891,0.0984044471936,0.0494022716049,0.102707769905,0.0506181489027
2024-09-24,0.301824034784,0.148620311606,0.0521491474938,0.196208579524,0.0979706786789,0.0492495407458,0.103567610112,0.0504100970551
2024-09-25,0.302351889572,0.148271082513,0.0518239476812,0.196229826734,0.0979593897974,0.0492573520952,0.103834385345,0.0502721262631
2024-09-26,0.30170206744,0.150646140159,0.0531493115407,0.195073403893,0.0972933912211,0.0488953062382,0.103727047335,0.0495133321725
2024-09-27,0.301588824084,0.149874771866,0.0531955016619,0.195842940304,0.0977857216855,0.0490677985216,0.103014663483,0.0496297783945
2024-09-30,0.303067222703,0.149527005637,0.0528015096507,0.195573299191,0.0976042767269,0.0490804339272,0.102281677624,0.0500645745403
2024-10-01,0.3,0.15,0.05,0.2,0.1,0.05,0.1,0.05
2024-10-02,0.300124863853,0.149741692961,0.0510368364744,0.199583956961,0.0997142685019,0.049954537555,0.100019777767,0.0498240659274
2024-10-03,0.301012956385,0.149051531364,0.050510451256,0.19972720924,0.0996808409711,0.0499808372395,0.100429921573,0.0496062519718
2024-10-04,0.303381445173,0.14976138558,0.0510635393864,0.198197182769,0.0985996569477,0.0495805343816,0.100108397731,0.0493078580307
2024-10-07,0.30214599312,0.149675572382,0.0517693401849,0.198513328528,0.0987344936453,0.0497744390371,0.10026943993,0.0491173931727
2024-10-08,0.304707188774,0.149299527424,0.0502037322694,0.198658805562,0.0987206430061,0.0498079926419,0.0994335436265,0.0491685666968
2024-10-09,0.306708592906,0.149304064236,0.0498411361318,0.19807075598,0.0983162135095,0.0496992865117,0.0988568429922,0.049203107733
2024-10-10,0.306304259355,0.149109219322,0.0499672084263,0.198036986665,0.0983484846365,0.0498209096893,0.0996258089903,0.0487871229153
2024-10-11,0.306705196769,0.149161610767,0.050088480579,0.197175289709,0.0979216700374,0.0495937108758,0.100244615126,0.0491094261367
2024-10-14,0.30849944802,0.149131964761,0.0497340889536,0.196541995037,0.0975222688014,0.0494294472572,0.0998501249275,0.0492906622428
2024-10-15,0.307093216502,0.147489623649,0.0488954950233,0.197971505011,0.0983389363193,0.0496438587575,0.100520749654,0.0500466150831
2024-10-16,0.307248171049,0.147497571807,0.0491648420575,0.197471042458,0.0981155094326,0.0494629912765,0.100637066509,0.0504028054115
2024-10-17,0.307769458588,0.147677843105,0.0490881948031,0.1968193872,0.0977634582872,0.0493933527747,0.101402769114,0.0500855361275
2024-10-18,0.307600262772,0.147858383455,0.0494731330774,0.196095295669,0.0974470231894,0.049258111286,0.102030666835,0.0502371237153
2024-10-21,0.308952312389,0.14705924478,0.0494185221893,0.195913456935,0.0972801878231,0.0491980228313,0.102627291402,0.0495509616499
2024-10-22,0.308719474365,0.146280499404,0.0493451052027,0.195909510974,0.0971665915123,0.0492550427519,0.103711291175,0.049612484614
2024-10-23,0.307828230482,0.145788413611,0.0493422994733,0.196646738442,0.0975533557947,0.0494426428154,0.103107849576,0.0502904698052
2024-10-24,0.307669147477,0.145916967046,0.0491581698094,0.196498883007,0.0975078549957,0.0493604569415,0.103623287512,0.0502652332114
2024-10-25,0.308060083906,0.145691328492,0.0491958032058,0.196418060741,0.0974498024131,0.0493081834534,0.104004288948,0.0498724488415
2024-10-28,0.308489110781,0.146510027895,0.0492690795592,0.195767155627,0.0970591904928,0.0491292024989,0.10383223859,0.0499439945576
2024-10-29,0.308702244287,0.145885285005,0.0490357022015,0.195804516504,0.0970103170075,0.0491563897762,0.104866288373,0.049539256845
2024-10-30,0.308218006568,0.145378168144,0.0487521894835,0.195891576828,0.0970084250681,0.049323733896,0.105597735727,0.0498301642852
2024-10-31,0.305169234038,0.145770777128,0.0491296035701,0.19779182263,0.0979175718566,0.0497571955838,0.104991278327,0.0494725168667
2024-11-01,0.3,0.15,0.05,0.2,0.1,0.05,0.1,0.05
2024-11-04,0.298794849167,0.149928641847,0.050067343697,0.200464148918,0.100346075101,0.0499900015343,0.0999555943434,0.0504533453925
2024-11-05,0.300190376089,0.150398114566,0.0504234470947,0.199460613243,0.0996631890492,0.0496694236638,0.0994463600165,0.0507484762778
2024-11-06,0.308180501727,0.148727802181,0.0500301799361,0.198237323827,0.0988056668709,0.0496760082571,0.0965892653627,0.0497532518391
2024-11-07,0.307380536677,0.149433870632,0.0505929858112,0.197693436636,0.0985795643255,0.0493492015675,0.0971362477841,0.0498341565662
2024-11-08,0.309056594858,0.147632243579,0.0493932538691,0.198256323862,0.0988996055587,0.0495411805127,0.0965863917093,0.0506344060511
2024-11-11,0.310422007155,0.148084356572,0.0492782409985,0.198498271891,0.0989680586121,0.0495478528896,0.0946458783396,0.0505553335435
2024-11-12,0.311880659989,0.146807439725,0.0488206811297,0.19889217115,0.0991165097529,0.0496727494912,0.0945636081742,0.0502461805881
2024-11-13,0.31259766842,0.14624004286,0.048652472667,0.199211830902,0.0992322806072,0.0496703114693,0.0937799292584,0.050615463816
2024-11-14,0.311519470913,0.146798232017,0.0484980768252,0.199727719958,0.099519368163,0.0498100659602,0.0938158891095,0.0503111770539
2024-11-15,0.308940253379,0.14705185527,0.0486236009331,0.20066462607,0.10001884592,0.0500525606956,0.0940793013037,0.0505689564286
2024-11-18,0.308554661608,0.14725345408,0.0487720592739,0.199780310194,0.0997102286903,0.0499065682169,0.0953583312605,0.0506643866762
2024-11-19,0.308847742024,0.146677971333,0.0487154219191,0.199527082447,0.0996540615425,0.0498505846842,0.0959533153033,0.0507738207466
2024-11-20,0.309020998555,0.14629394554,0.0487155433286,0.199367588519,0.0995273169916,0.0498385523579,0.0965151579959,0.050720896712
2024-11-21,0.309811092675,0.146240901048,0.0484087018513,0.19870835652,0.0991959770005,0.0496346360608,0.0970478827623,0.0509524520826
2024-11-22,0.30968692539,0.146381162487,0.0482504054445,0.198156727012,0.0989132010251,0.0494981885522,0.0979560211084,0.0511573689805
2024-11-25,0.309891512791,0.146690572174,0.0481402733953,0.199395418423,0.0997084379483,0.0496337104565,0.0948115903313,0.0517284844803
2024-11-26,0.311434544622,0.145770654087,0.0478744025139,0.199044306969,0.0994736631391,0.0495072669051,0.094972453604,0.0519227081596
2024-11-27,0.309979583135,0.146295943915,0.04797537191,0.19926099052,0.0997095932708,0.049581174214,0.095026804746,0.0521705382897
2024-11-29,0.310091296388,0.147201014609,0.0479171848721,0.19888409747,0.0995480170383,0.0494337345927,0.0952889706468,0.0516356843829
2024-12-02,0.3,0.15,0.05,0.2,0.1,0.05,0.1,0.05
2024-12-03,0.300056839887,0.150584290598,0.0501936461408,0.199560955759,0.0996881050992,0.050009309284,0.100173785791,0.049733067441
2024-12-04,0.30092458692,0.150117489297,0.0501043018544,0.199547811399,0.0997374516224,0.0499867684813,0.10014640562,0.0494351848063
2024-12-05,0.300542159606,0.150856860646,0.0504495813141,0.199663061007,0.0997643956943,0.0499458196292,0.0994428776664,0.049335244438
2024-12-06,0.300730188435,0.150458024665,0.0504073671804,0.199973655643,0.0999526869883,0.0499237918279,0.0993536244021,0.0492006608579
2024-12-09,0.299353279396,0.1501882992,0.0516651248115,0.199504297534,0.0996636533714,0.0498606455566,0.100396784607,0.0493679155234
2024-12-10,0.299266005566,0.149511670531,0.0508514740867,0.199825714984,0.0997663397201,0.0499831571967,0.102005917076,0.0487897208399
2024-12-11,0.300528237944,0.150058093598,0.0507611595147,0.198666196455,0.0991248634468,0.0497355344563,0.102619464886,0.0485064496992
2024-12-12,0.300854471591,0.149536763255,0.0507732596127,0.199101630273,0.0993663868888,0.0498858491812,0.101748703427,0.0487329357717
2024-12-13,0.30174472652,0.149619880371,0.0509555535482,0.198978597628,0.0992142634742,0.0499045001347,0.100835869292,0.0487466090315
2024-12-16,0.302843062246,0.148897769216,0.0506604761301,0.199036508923,0.0991837737341,0.0498176729182,0.101016003689,0.0485447331439
2024-12-17,0.302313767286,0.148892612472,0.0506602690246,0.199510632845,0.09942003893,0.0499085062579,0.100867947215,0.0484262259701
2024-12-18,0.299415226562,0.148229589973,0.0505155144735,0.202116691339,0.100707167741,0.0506259871609,0.100994213808,0.0473956089435
2024-12-19,0.299928255546,0.148161069209,0.0508311910983,0.202002979267,0.100453462481,0.0505239845377,0.101342147912,0.046756909949
2024-12-20,0.301513300073,0.147123773637,0.0507746698665,0.201199882418,0.100153485496,0.0502872921596,0.101718976677,0.0472286196734
2024-12-23,0.302875883694,0.147773608708,0.0509174775578,0.200284468091,0.0995644640977,0.0501478744966,0.101092147327,0.0473440760272
2024-12-24,0.304697639049,0.147612044052,0.0508651468619,0.199500952287,0.0991159931419,0.0500074652378,0.100782584809,0.0474181745618
2024-12-26,0.304259566498,0.147972961312,0.0506638483408,0.199345025048,0.0990420231825,0.0499322502372,0.10131037818,0.0474739472007
2024-12-27,0.302789004029,0.148454045848,0.0507728040774,0.200077878501,0.099352899192,0.0500923919933,0.101193224384,0.047267751976
2024-12-30,0.300495865857,0.148101173058,0.0505232369773,0.201644562159,0.100323587422,0.0504334407616,0.101262100801,0.0472160329647
2024-12-31,0.299580788134,0.14822023963,0.0504730663222,0.201514923091,0.100199029312,0.0504019477564,0.10195394871,0.0476560570444
2025-01-02,0.3,0.15,0.05,0.2,0.1,0.05,0.1,0.05
2025-01-03,0.302456373724,0.15023705645,0.0500362775236,0.198942032882,0.0994122620893,0.0496842487192,0.09879073113,0.0504410174817
2025-01-06,0.303552276719,0.151385744591,0.0499186314158,0.198314260242,0.0991043600458,0.049578667784,0.0984593360334,0.049686723169
2025-01-07,0.301748363115,0.151704214586,0.0498708753882,0.198688644914,0.099188144574,0.0497679386876,0.0995509046907,0.0494809140449
2025-01-08,0.301849931395,0.151345693877,0.0494967981373,0.198692119031,0.0992494105122,0.0498429790337,0.0999677257355,0.0495553422781
2025-01-10,0.300242879433,0.150592699477,0.0491245021995,0.199575141759,0.0995214874301,0.0501667999954,0.101942330215,0.0488341594906
2025-01-13,0.301033159017,0.150343001822,0.0488214450818,0.199603193123,0.0994544317776,0.0502209797099,0.101036877272,0.0494869121967
2025-01-14,0.300645569075,0.150512510722,0.0492758770053,0.199134604175,0.0992225275226,0.0501062666915,0.101297112544,0.0498055322648
2025-01-15,0.302481085228,0.15057030617,0.0492004691001,0.198474482572,0.0990768985317,0.0498563565673,0.10084443252,0.0494959693105
2025-01-16,0.301191406145,0.150716225829,0.049062512588,0.198439037007,0.0990805648234,0.0498045317331,0.101303269149,0.0504024527257
2025-01-17,0.303093527719,0.150906088809,0.0492866802841,0.197707261352,0.0987900009145,0.0496393988188,0.10039403603,0.0501830060731
2025-01-21,0.302937762274,0.152353025198,0.0492714685638,0.196459808135,0.0981716923893,0.0492005624083,0.100972018257,0.0506336627745
2025-01-22,0.304584894346,0.151986705551,0.04921787036,0.195959215907,0.097899764156,0.0491365144595,0.101471989141,0.0497430460796
2025-01-23,0.305456552601,0.15263760524,0.049279717024,0.195130855096,0.0973936480035,0.0490553732049,0.10106676072,0.0499794881099
2025-01-24,0.304064968834,0.153244912035,0.049465139231,0.195132401324,0.0974340190363,0.0490616386135,0.101528355355,0.0500685655708
2025-01-27,0.300919477049,0.15355890226,0.0488538595605,0.196975051457,0.0984442757105,0.049457081948,0.100859312766,0.0509320392493
2025-01-28,0.302612272419,0.152953832614,0.048987788348,0.196335200667,0.0981652389938,0.0493435770553,0.101433118354,0.0501689715485
2025-01-29,0.302062758001,0.153363625344,0.0491524411201,0.19674009497,0.0983119221589,0.0494162060535,0.101314288783,0.0496386635699
2025-01-30,0.301648087936,0.153984663966,0.0495750712643,0.195701905075,0.0978628937871,0.0491349806628,0.102159249565,0.0499331477434
2025-01-31,0.301237529271,0.15312604613,0.0493060623139,0.196078505745,0.0980944103577,0.049367206786,0.102768748326,0.0500214910707
2025-02-03,0.3,0.15,0.05,0.2,0.1,0.05,0.1,0.05
2025-02-04,0.30010189677,0.150864297849,0.0504828507745,0.199102863495,0.0996136590182,0.0497662914698,0.100345973448,0.0497221671759
2025-02-05,0.299632933489,0.151462844692,0.0499765815653,0.199046639425,0.0996314346702,0.0497069382787,0.100404229596,0.0501383982846
2025-02-06,0.300265988421,0.151887386003,0.0501434418612,0.198573164749,0.0993791441652,0.0495528492923,0.100002133071,0.050195892437
2025-02-07,0.299013617489,0.151444655338,0.0504180636957,0.198938929741,0.0995475448891,0.0496691933813,0.100684322299,0.050283673166
2025-02-10,0.29947276499,0.151614239084,0.0506577565256,0.197961348033,0.0990066237567,0.0494326921408,0.101855230865,0.0499993446048
2025-02-11,0.299776551792,0.152252939453,0.0504582123767,0.197564744903,0.0987765045546,0.0494315494103,0.101509046221,0.0502304512906
2025-02-12,0.299646873135,0.152979931329,0.0508460140123,0.197078773813,0.098370370258,0.049272799958,0.101899671897,0.0499055655977
2025-02-13,0.300075667591,0.153566728161,0.0506533968106,0.196469549298,0.0982111603734,0.0490995401986,0.101975320147,0.0499486374203
2025-02-14,0.300108680708,0.153650853862,0.0509725488698,0.197227545335,0.098639014564,0.0491979490724,0.100474761428,0.0497286461609
2025-02-18,0.30021467489,0.154296531659,0.0510850786395,0.195934446735,0.0978578857003,0.0489131337982,0.101875708178,0.0498225404001
2025-02-19,0.300964499778,0.152979409449,0.0509482666594,0.196244179889,0.0980299754016,0.0490195085649,0.101946644257,0.0498675160014
2025-02-20,0.299479139767,0.153455022514,0.0514512588449,0.196393329787,0.0981538540972,0.0490806949509,0.101919962934,0.050066737105
2025-02-21,0.295940464678,0.153174564886,0.0516612657256,0.198299633379,0.0992645286819,0.0494446135274,0.10237375918,0.0498411699417
2025-02-24,0.294850414919,0.153158390756,0.0509150668151,0.198816541747,0.0995630262447,0.0495967325694,0.103019269063,0.0500805578867
2025-02-25,0.293060659447,0.154095359495,0.0508366737967,0.199831188567,0.100236958121,0.0497508294593,0.101548546203,0.0506397849103
2025-02-26,0.292781267965,0.154109527622,0.051251652108,0.19986306947,0.100365834794,0.0497191064368,0.10155531879,0.0503542228141
2025-02-27,0.290788702029,0.153706126165,0.0508198487385,0.201417017104,0.101182303635,0.0501222770534,0.100938187159,0.0510255381152
2025-02-28,0.293676484352,0.152967096294,0.0499000029332,0.20118349487,0.101168838089,0.0501878989761,0.0997452508383,0.051170933647
2025-03-03,0.3,0.15,0.05,0.2,0.1,0.05,0.1,0.05
2025-03-04,0.297709224937,0.150227794343,0.0506432787063,0.200343856468,0.100109284645,0.0500355651185,0.101298585381,0.0496324104017
2025-03-05,0.298664945252,0.152623749077,0.0517618732929,0.198166251187,0.0988089070774,0.0494101742657,0.10075241466,0.0498116851884
2025-03-06,0.296046004581,0.15258246699,0.0519627456241,0.199775518743,0.0996597767684,0.0498392867391,0.10115713535,0.0489770652046
2025-03-07,0.2967018216,0.153675654314,0.0520025810898,0.19885949601,0.0991977315563,0.049589733459,0.100868781739,0.0491042002318
2025-03-10,0.292334721655,0.151977317566,0.051459556651,0.202256097547,0.10111430515,0.0504215726245,0.101209706325,0.0492267224815
2025-03-11,0.290800833801,0.152031685681,0.0519862861981,0.20216278612,0.101064098275,0.0504394518496,0.102713201056,0.0488016570192
2025-03-12,0.291703388427,0.152823758018,0.0520557840774,0.201125713846,0.100544493054,0.0502692478766,0.102933625197,0.0485439895038
2025-03-13,0.288750883574,0.152162193076,0.0520640748612,0.202396391864,0.101277417833,0.0505064271453,0.1051020363,0.0477405753466
2025-03-14,0.291819847088,0.153550033839,0.0524749877726,0.200000938498,0.099933393218,0.0498916712897,0.104111075611,0.0482180526831
2025-03-17,0.292159001067,0.15436404301,0.0528467166796,0.198963980577,0.0993679816769,0.0495810170329,0.103994411184,0.0487228487722
2025-03-18,0.289628930031,0.154494258502,0.0528254349354,0.199598720741,0.0996996564818,0.049743174258,0.10543671924,0.0485731058112
2025-03-19,0.291159847685,0.154336711395,0.0526114683787,0.199076361023,0.0994505629315,0.0497201952658,0.105282823352,0.0483620299696
2025-03-20,0.291005695498,0.153505394449,0.0522614275129,0.199669198254,0.0998331388488,0.0498832601647,0.10539712332,0.0484447619516
2025-03-21,0.291907174579,0.153083085099,0.052164386399,0.199978641689,0.10002517773,0.049962279542,0.104837968075,0.0480412868878
2025-03-24,0.295836222429,0.152619004827,0.0520945301878,0.198338393155,0.0990115779956,0.0496174162128,0.103915013525,0.0485678416674
2025-03-25,0.296009378965,0.153160558637,0.0519436521139,0.198159754535,0.0989993561263,0.0496085840205,0.104182939414,0.0479357761894
2025-03-26,0.294349432674,0.152288654601,0.0519587503657,0.198943243681,0.0994020407126,0.0498628929189,0.104763853746,0.0484311313003
2025-03-27,0.293293604406,0.15232275332,0.0522503117805,0.198656255189,0.0992250146279,0.0499206117552,0.10606912738,0.0482623215416
2025-03-28,0.289004385115,0.151436246816,0.0516551255608,0.200934233675,0.100587349738,0.0504569143829,0.107456658905,0.0484690858091
2025-03-31,0.289916166242,0.149693603834,0.0514157603979,0.200609434051,0.100527020287,0.050478516953,0.10861485434,0.0487446438941
2025-04-01,0.3,0.15,0.05,0.2,0.1,0.05,0.1,0.05
2025-04-02,0.30115485344,0.150041183675,0.0499207709373,0.199285577361,0.0996595358574,0.0498000672022,0.0999583290685,0.050179682459
2025-04-03,0.291803055255,0.149718978586,0.0499599599952,0.204174856582,0.10261465178,0.0510724219444,0.101259638246,0.0493964376114
2025-04-04,0.284262377261,0.145113222602,0.0487995252362,0.211458115458,0.106476684685,0.0526702070603,0.102325891172,0.0488939765259
2025-04-07,0.287695449315,0.143928721485,0.047480550673,0.211677800904,0.10666917557,0.0527592603143,0.101517409049,0.0482716326887
2025-04-08,0.285588836896,0.144389152585,0.0472433172703,0.212362728243,0.107031821028,0.0530748225013,0.102934900352,0.0473744211236
2025-04-09,0.300340920543,0.14768103432,0.0478923840232,0.202562292786,0.101541068,0.0506182847004,0.101587709083,0.0477763065442
2025-04-10,0.292485541055,0.147435369505,0.0481457448616,0.204681878068,0.102772104007,0.050939814943,0.105991368917,0.0475481786442
2025-04-11,0.294049101323,0.149622374768,0.0488699100287,0.201960707014,0.100938168354,0.05033303437,0.106688202166,0.047538501977
2025-04-14,0.294649150864,0.150200106516,0.0489492316383,0.201605679944,0.100975766652,0.0501917209626,0.105274586172,0.0481537572512
2025-04-15,0.293350508686,0.150978265846,0.0488816041656,0.20169327843,0.101112543536,0.0501062421101,0.105654940707,0.0482226165195
2025-04-16,0.287649107467,0.151078488918,0.0484015439328,0.202910415876,0.101841077348,0.050388309461,0.109404609921,0.048326447076
2025-04-17,0.287493107701,0.152403046158,0.0486886886472,0.201995476806,0.101351816383,0.0504048080769,0.108710076724,0.0489529795024
2025-04-21,0.282681784156,0.152780446316,0.0490978061393,0.202231239001,0.101535660063,0.0505089552946,0.112884442548,0.0482796664819
2025-04-22,0.286855347112,0.154066402833,0.0493210074245,0.200383251654,0.100496665385,0.0501391841776,0.110061419426,0.0486767219875
2025-04-23,0.290263062188,0.153964927825,0.0496253384073,0.200161428681,0.100245050942,0.0501074941695,0.107039781588,0.0485929161996
2025-04-24,0.292756139384,0.154029500193,0.0496371955316,0.198811654286,0.0995570888627,0.0497589395416,0.107272659101,0.0481768231012
2025-04-25,0.294228133388,0.154046040384,0.0493638817707,0.199104895817,0.0997169086725,0.0496730044194,0.105878152803,0.0479889827449
2025-04-28,0.293102552059,0.154451544691,0.0492877747822,0.19881062693,0.099693931387,0.0496352868491,0.10693451876,0.0480837645412
2025-04-29,0.294178572714,0.154515018583,0.0493338525668,0.198772654947,0.0997767872431,0.0495909896328,0.105616498085,0.0482156262287
2025-04-30,0.294470193374,0.154373262484,0.0494725077559,0.198710174473,0.0999922128077,0.0496788971745,0.104888558,0.0484141939316
2025-05-01,0.3,0.15,0.05,0.2,0.1,0.05,0.1,0.05
2025-05-02,0.302214131631,0.151611743558,0.0509600454028,0.197560916978,0.0985981938738,0.0493741655912,0.0994380731528,0.050242729812
2025-05-05,0.300107769579,0.151705795794,0.0513022325168,0.196972988373,0.0982988976618,0.0492630684935,0.102280816958,0.0500684306229
2025-05-06,0.297428677474,0.151590549464,0.0510208707985,0.197343185374,0.0984919588431,0.0493839646199,0.105086819996,0.0496539734296
2025-05-07,0.298927349224,0.151179516187,0.0504273794973,0.19780913171,0.0988336823137,0.0494747016366,0.103597122642,0.0497511167885
2025-05-08,0.301832109844,0.15108242609,0.0504771415783,0.197318843567,0.0983317857398,0.0494328974324,0.101834181142,0.0496906146073
2025-05-09,0.300737811112,0.151715907054,0.0507201901671,0.19705590953,0.0981730997208,0.0493617723788,0.102331454151,0.049903855887
2025-05-12,0.308363324597,0.151315670031,0.0514745871603,0.194928487289,0.0968225028874,0.0486124581358,0.0987062411222,0.0497767287774
2025-05-13,0.309777860624,0.151264493082,0.0514583674309,0.194338294935,0.0965563698499,0.0486316166483,0.098928039946,0.0490449574832
2025-05-14,0.311209794626,0.151151763989,0.0520553207862,0.194426500347,0.096516930674,0.0487445797409,0.0971702972462,0.0487248125913
2025-05-15,0.310448876498,0.151638758344,0.051589086054,0.194102185981,0.0964391842012,0.0485274567967,0.0980014660206,0.0492529861048
2025-05-16,0.311785940204,0.151667244951,0.0515391526715,0.193830226105,0.0962756817768,0.0485143599856,0.0966218917933,0.0497655025128
2025-05-19,0.311214905017,0.152444930955,0.0516038756818,0.193204490594,0.0959432350949,0.0483770314749,0.0975804587224,0.0496310724604
2025-05-20,0.309993910378,0.153080139965,0.0514672284383,0.192759488343,0.0957667424328,0.0482787643073,0.0993416703076,0.0493120558287
2025-05-21,0.307524363044,0.153624002433,0.0518020194139,0.193224139419,0.0959625088522,0.0484506988937,0.100979025672,0.0484332422727
2025-05-22,0.30771335722,0.153489835734,0.0516939384762,0.193825503393,0.0963442577607,0.0486047425607,0.100106194168,0.0482221706882
2025-05-23,0.305157087281,0.153791861908,0.0518337051763,0.193815453797,0.0964783116264,0.0485769822615,0.102146548055,0.0482000498951
2025-05-27,0.308772267593,0.15457746695,0.0511968374899,0.192986657986,0.0960307914916,0.0482888855662,0.0995354667484,0.0486116261741
2025-05-28,0.308379005198,0.153859726924,0.0511160346106,0.193505202557,0.0962001967547,0.0483966294672,0.0997605815452,0.0487826229432
2025-05-29,0.308258332703,0.153804375876,0.051120909105,0.193380328698,0.0961823028179,0.048325006084,0.0999179680695,0.0490107766468
2025-05-30,0.308061374914,0.154072243803,0.0505538499905,0.193947619119,0.0965141988981,0.048507977642,0.0993084419889,0.0490342936441
2025-06-02,0.3,0.15,0.05,0.2,0.1,0.05,0.1,0.05
2025-06-03,0.301873344928,0.14898630882,0.0501431950414,0.199964146259,0.0999580068962,0.0499808982482,0.0991678398797,0.0499262599278
2025-06-04,0.300563891262,0.149150897018,0.0504338576337,0.200335482793,0.100283074604,0.0499700564628,0.0994004337206,0.0498623065058
2025-06-05,0.29995773439,0.149572968873,0.0507032578583,0.200390087248,0.100269005869,0.0499643031072,0.0991783395475,0.0499643031072
2025-06-06,0.302855646245,0.149962558464,0.0508942955473,0.19924537183,0.0994113057315,0.049667666559,0.0977888548513,0.0501743007718
2025-06-09,0.302608302606,0.149758372392,0.0511755665801,0.199148718205,0.0994211011098,0.049651239283,0.0980816434841,0.0501550563401
2025-06-10,0.303250110091,0.149574494817,0.0513727994006,0.198894267222,0.0992394846294,0.0494988927955,0.0977642295153,0.0504057215292
2025-06-11,0.302173508889,0.149443298411,0.0515046366615,0.199426902956,0.0995821591054,0.0495464694724,0.0982245383826,0.0500984861221
2025-06-12,0.301820399357,0.149837244183,0.0512512298422,0.199134539624,0.099503120093,0.0494335751643,0.0989350974142,0.0500847943218
2025-06-13,0.30033943153,0.148958020327,0.0507993769711,0.199684443516,0.0997640620356,0.0496740026187,0.100867091656,0.0499135713455
2025-06-16,0.302618577651,0.149415003987,0.0511740806052,0.198896617236,0.0992886203501,0.0495107635694,0.0992391519475,0.0498571846542
2025-06-17,0.30118068964,0.148100272186,0.050791279486,0.200270335539,0.100156175067,0.049961430125,0.0996700038327,0.0498698141238
2025-06-18,0.30110656582,0.148484650761,0.0506496778976,0.200394194318,0.100210221421,0.0499933207239,0.09912375573,0.0500376133287
2025-06-20,0.301039377051,0.147596030166,0.0502807840364,0.201005272322,0.100487421108,0.0501870780048,0.0992933011508,0.0501107361602
2025-06-23,0.302088194738,0.147781564177,0.0503721523312,0.200139416289,0.100199564809,0.0499104086634,0.0989668995249,0.0505417994674
2025-06-24,0.303549709646,0.148808627923,0.0511486261298,0.199718708973,0.0999303738712,0.0496673760674,0.0968129587799,0.050363618609
2025-06-25,0.304119877551,0.148261627933,0.0513414651351,0.199961588106,0.100104048993,0.049760056971,0.0972349431663,0.0492163921441
2025-06-26,0.304901985107,0.149099322979,0.0514171007196,0.19946303373,0.0999376494641,0.0496453000995,0.0966211404239,0.048914467477
2025-06-27,0.306456863016,0.150042866873,0.0513718084467,0.198925339014,0.0996894224217,0.0495885278707,0.0948823879234,0.049042784434
2025-06-30,0.306452574181,0.149799759855,0.0511991085135,0.198777487657,0.0996089003665,0.0494777670304,0.0955612709446,0.049123131452
2025-07-01,0.3,0.15,0.05,0.2,0.1,0.05,0.1,0.05
2025-07-02,0.30070779127,0.150148242173,0.0500324326691,0.199324714703,0.0995741119015,0.0498690119101,0.100335124375,0.0500085709984
2025-07-03,0.302681273016,0.150135488362,0.0501877194875,0.198660468494,0.0990987758513,0.0497174035994,0.0995201810691,0.0499986901204
2025-07-07,0.302283862567,0.149189658983,0.0499024990786,0.199178746834,0.0993960350613,0.049960863396,0.10021071309,0.0498776209908
2025-07-08,0.302202990225,0.150314207898,0.0501083534452,0.199153328525,0.0992765243696,0.0499336911875,0.0991919686261,0.0498189357236
2025-07-09,0.302547664815,0.150613562234,0.0498564236146,0.199020517345,0.0993105618467,0.0498793506993,0.0991545234997,0.0496173959466
2025-07-10,0.302972437554,0.150505826059,0.0498361972218,0.198678922962,0.0991180410807,0.04979526953,0.0992348873572,0.0498584182359
2025-07-11,0.302756941613,0.149666113983,0.0499059839533,0.198408358933,0.0989353887826,0.0498533117372,0.100469612793,0.0500042882055
2025-07-14,0.303107997696,0.149738347037,0.0499290245719,0.198239815332,0.0988195295734,0.0498479428008,0.100027557693,0.0502897852955
2025-07-15,0.303236294277,0.148938590131,0.0505282598906,0.198585687678,0.0988960080946,0.0499503144877,0.10008171734,0.0497831281016
2025-07-16,0.303141739731,0.149106821716,0.0505757255407,0.198145651663,0.0988085451719,0.0499371146592,0.100214532139,0.050069869379
2025-07-17,0.304287538055,0.149101490344,0.0507694570973,0.197765669996,0.0985473677651,0.0498664854115,0.0997641606429,0.0498978306879
2025-07-18,0.303933751536,0.148696002494,0.0506873625685,0.198043790843,0.0987769908843,0.0498995963419,0.0999805687933,0.0499819365392
2025-07-21,0.303125193785,0.148986674829,0.0507166697664,0.197685645288,0.0986714789716,0.0497994443323,0.101055590827,0.0499593022009
2025-07-22,0.302176445541,0.149202411723,0.0505606583226,0.197419279674,0.0986288845165,0.0496816062813,0.101680252129,0.0506504618123
2025-07-23,0.303512700427,0.15176297602,0.0508220967919,0.196180733948,0.0978777991133,0.0492870686656,0.100012499823,0.0505441252105
2025-07-24,0.304290902702,0.151035738623,0.0506869804033,0.196498723687,0.0979511995401,0.0494331336549,0.0996224849423,0.0504808364472
2025-07-25,0.305380568138,0.150757079971,0.0505154048826,0.196692467634,0.0981162714151,0.0494464770726,0.0986377410743,0.0504539898115
2025-07-28,0.306744361982,0.149223248758,0.0503544184304,0.19735954889,0.0983607094741,0.0496164506312,0.0984615755952,0.0498796862386
2025-07-29,0.305258643957,0.148841109569,0.0502729377757,0.19798454491,0.0987868580775,0.0497729965952,0.0985140136426,0.0505688954733
2025-07-30,0.306538408166,0.148527354616,0.0501367238791,0.198501384555,0.098981588222,0.0498495533155,0.0973407870594,0.0501242001866
2025-07-31,0.306199420662,0.147634998476,0.0500087598161,0.199129477175,0.0993281543525,0.0499000192151,0.09824784423,0.0495513260733
2025-08-01,0.3,0.15,0.05,0.2,0.1,0.05,0.1,0.05
2025-08-04,0.301948320018,0.15078437458,0.0500315335953,0.198444964953,0.099277192032,0.0497152358249,0.0997198238874,0.0500785551096
2025-08-05,0.300674240755,0.151178955422,0.0502345417759,0.198674661222,0.0992894615569,0.0497126967477,0.0998853143455,0.0503501281741
2025-08-06,0.302102167725,0.151907962476,0.050309139759,0.198020943808,0.0989302805913,0.0495286952613,0.0993855539082,0.0498152564718
2025-08-07,0.301244312993,0.15268759725,0.0505770717989,0.197464832686,0.0986598154552,0.0494832282316,0.100023345743,0.049859795842
2025-08-08,0.303007604611,0.153105517242,0.0504198151991,0.196706123948,0.0982428765602,0.0493564607182,0.0998080665953,0.0493535351276
2025-08-11,0.303274970768,0.152935570182,0.0505044437027,0.197409421167,0.098555396195,0.0494978917088,0.0986552444265,0.049167061849
2025-08-12,0.304793784701,0.153792975816,0.0507980421715,0.196308167741,0.0979850398287,0.0491370124329,0.0980158667566,0.0491691105512
2025-08-13,0.304516431009,0.153836312699,0.0511515238577,0.19617106961,0.097909649217,0.0491113468445,0.0978901778653,0.0494134888974
2025-08-14,0.305398506049,0.154004827863,0.050720467015,0.196166726849,0.0978661803805,0.0491020571599,0.0975423689429,0.0491988657412
2025-08-15,0.304723156275,0.154708126842,0.0508756466329,0.195895216506,0.0976840245236,0.0490149027903,0.0976122080383,0.0494867183911
2025-08-18,0.304892522069,0.154670015605,0.0513016282069,0.195828834465,0.0976672014039,0.0489993315322,0.0975352087434,0.0491052579749
2025-08-19,0.303609416063,0.154674916116,0.0509971516293,0.196445340275,0.098033361847,0.0491083729484,0.097120048065,0.0500113930566
2025-08-20,0.302496690156,0.154913155893,0.0509257724769,0.196365680555,0.0980780287932,0.049112249362,0.0980039548837,0.0501044678797
2025-08-21,0.302269401584,0.154681336467,0.0510029564396,0.196551220154,0.0981106564799,0.0492819661675,0.0979836079219,0.0501188547875
2025-08-22,0.303260487251,0.155318737968,0.0512809254666,0.195293810686,0.0974830912185,0.0490272593924,0.0978546465231,0.0504810414945
2025-08-25,0.303317499177,0.154095992739,0.0513000442502,0.195897903953,0.0977381306228,0.0491599895622,0.0980682959594,0.0504221437367
2025-08-26,0.303857651713,0.153779051607,0.0510687640884,0.195664786005,0.0977589928815,0.0491573664652,0.0985437828359,0.0501696044047
2025-08-27,0.304194833016,0.153416957467,0.050664814036,0.195633274881,0.0978283619724,0.0492106471843,0.0986275505336,0.0504235609097
2025-08-28,0.304364465899,0.153585469394,0.0507005794426,0.195286928854,0.0977610113015,0.0490952191633,0.0990638628923,0.0501424630533
2025-08-29,0.303126171107,0.153096013157,0.0506498076821,0.195403851542,0.0978659657482,0.0491357905852,0.100210524946,0.0505118752311
2025-09-02,0.3,0.15,0.05,0.2,0.1,0.05,0.1,0.05
2025-09-03,0.300395904279,0.14972208523,0.0499315872097,0.199909713721,0.099936185444,0.0499087250419,0.100372235932,0.0498235631428
2025-09-04,0.301554809357,0.149974088351,0.0494968469973,0.199819897277,0.0999364385244,0.0497622550512,0.0994828015066,0.0499728629352
2025-09-05,0.299498047432,0.15009661828,0.0498681833491,0.199972361693,0.100028911972,0.0497852631709,0.100413734709,0.0503368793935
2025-09-08,0.298853729964,0.150851099175,0.0501260818159,0.19972931911,0.0998777553105,0.0496586846083,0.101090435682,0.0498128943349
2025-09-09,0.299724164716,0.150535811246,0.0503472663993,0.199451049725,0.099700823555,0.0495905768351,0.100921414681,0.0497288928421
2025-09-10,0.29992487148,0.150303611389,0.050464618669,0.199406387169,0.0997470875438,0.0495561973102,0.101059620636,0.0495376058038
2025-09-11,0.30056719739,0.151043616251,0.0507814101891,0.19856133526,0.0992899929741,0.0493324386581,0.100291553931,0.0501324553465
2025-09-12,0.30088393867,0.150623936419,0.0507570378084,0.198659330116,0.0991416422085,0.0493346858995,0.100628864176,0.0499705647035
2025-09-15,0.301080836686,0.151127301642,0.0508613671412,0.198070921284,0.0988439602176,0.0491539104318,0.10120362808,0.0496580745167
2025-09-16,0.300709802358,0.150973695837,0.0511899616247,0.198178254244,0.0989193241678,0.049204995647,0.101421348025,0.0494026180965
2025-09-17,0.300945331472,0.15075246065,0.0516156706931,0.198225432313,0.0989057902588,0.0492739512095,0.100842991416,0.0494383719882
2025-09-18,0.302250136355,0.15117898856,0.0513617709988,0.197607310259,0.0985464422553,0.0491208609557,0.100405314922,0.0495291756942
2025-09-19,0.303317250369,0.150277251338,0.0512225767478,0.197327625906,0.0983662283838,0.0490249488074,0.101326720438,0.0491373980096
2025-09-22,0.303649930889,0.150536952892,0.0511792800171,0.196378578351,0.0978481657849,0.0487292725292,0.102707475296,0.0489703442418
2025-09-23,0.302142779136,0.150383582176,0.0511945119356,0.19678722454,0.0981693836737,0.0488843568471,0.103176951545,0.049261210146
2025-09-24,0.302468365144,0.149966841715,0.0513181488311,0.197253803924,0.0983238879287,0.0490051403361,0.102678717068,0.0489850950542
2025-09-25,0.301974878448,0.14940422417,0.0511761852986,0.197568133673,0.0984037691521,0.0490724401009,0.103415272711,0.0489850964466
2025-09-26,0.302586334877,0.149736085997,0.0508926617045,0.196978258057,0.0979904098493,0.0489005060992,0.103629131311,0.0492866121048
2025-09-29,0.302100356544,0.149829402204,0.0510375312432,0.19648305763,0.0978427392162,0.0487464818009,0.104874715011,0.0490857163506
2025-09-30,0.30235730376,0.149919511041,0.0511156803205,0.195892688087,0.0975180271361,0.0485917487991,0.105463048801,0.0491419920561
2025-10-01,0.3,0.15,0.05,0.2,0.1,0.05,0.1,0.05
2025-10-02,0.300196494854,0.150248416083,0.0501126855729,0.200120261232,0.100053950784,0.049952722827,0.0996022725798,0.049713196067
2025-10-03,0.29958936682,0.151334699389,0.0501218547073,0.19949942079,0.0996566604601,0.0497986148699,0.100200792094,0.0497985908711
2025-10-06,0.300017885186,0.151306396701,0.0501876225899,0.198633692085,0.099153750655,0.0496066329415,0.101869853673,0.0492241661693
2025-10-07,0.299392559332,0.150240004167,0.0499950942457,0.199295713812,0.0995632723871,0.0498263891375,0.102562268729,0.0491246981889
2025-10-08,0.299962624336,0.150102560448,0.0500756664066,0.198511383195,0.099182114086,0.0496610540648,0.103832967218,0.0486716302453
2025-10-09,0.300638509686,0.149588328942,0.0498949537812,0.199297613918,0.0996220219494,0.0498592345626,0.102443376227,0.0486559609326
2025-10-10,0.295685691552,0.148353089444,0.0486133763427,0.202285132489,0.101329949181,0.0505769322853,0.1046002027,0.0485556260066
2025-10-13,0.296998925616,0.148297614962,0.0494277457727,0.200491597624,0.100293577222,0.0501594726996,0.105991608107,0.0483394579971
2025-10-14,0.296215299149,0.148532978675,0.0489188897787,0.200525523641,0.100409521178,0.0500345442902,0.106597080142,0.0487661631459
2025-10-15,0.295919381358,0.148763194269,0.0493903771985,0.199360611345,0.0997528505239,0.0497502629059,0.107857488092,0.0492058343084
2025-10-16,0.293192034279,0.149041609537,0.0494339577243,0.199588321221,0.0999723712496,0.0497453192068,0.110112566835,0.0489138199468
2025-10-17,0.295039927618,0.149257349039,0.0493467768596,0.199436035383,0.0998705298854,0.0496784385606,0.108107854839,0.0492630878149
2025-10-20,0.295183948013,0.149083323298,0.0494467181385,0.197812053885,0.0990227925282,0.0492351185022,0.110944012247,0.049272033388
2025-10-21,0.297730751664,0.149021337937,0.0494299941345,0.199719047682,0.100062990714,0.0497672766977,0.104711021877,0.0495575792937
2025-10-22,0.296545757793,0.149253087479,0.049463330436,0.199943967473,0.100206086726,0.0499083199054,0.104850427587,0.0498290226009
2025-10-23,0.297560839019,0.149641361637,0.0497111783832,0.199091012437,0.0996290395575,0.049686329917,0.105007731826,0.0496725072227
2025-10-24,0.299025097468,0.149647603403,0.0497854253487,0.198645289583,0.099399467787,0.0495216517086,0.104318110196,0.0496573545067
2025-10-27,0.301827774575,0.150386274214,0.0500801320901,0.198306324134,0.0991612253408,0.0493897213585,0.101170872208,0.0496776760787
2025-10-28,0.302841807976,0.150467427229,0.0500882627253,0.198563130966,0.0993224368885,0.0494641247125,0.100516383586,0.0487364259156
2025-10-29,0.304217270609,0.150220686448,0.0504362964695,0.19842423534,0.0990817752362,0.0494033713724,0.100542202491,0.0476741620333
2025-10-30,0.301770409878,0.149981416332,0.0500608907221,0.198641918246,0.0992343060781,0.0494442570168,0.102823346519,0.0480434552087
2025-10-31,0.302688868141,0.149823207867,0.0498495803059,0.198476668145,0.0992518986723,0.0495126158156,0.102240838907,0.0481563221461
2025-11-03,0.3,0.15,0.05,0.2,0.1,0.05,0.1,0.05
2025-11-04,0.298733179143,0.149155438372,0.0496818680386,0.20164516125,0.10089756097,0.0504088191432,0.0990069882628,0.0504709848206
2025-11-05,0.29905253511,0.149736623997,0.0500011846628,0.20062125622,0.100177357203,0.050102676803,0.0999127604461,0.0503956055582
2025-11-06,0.296753163773,0.149503990767,0.0499626586984,0.201983348285,0.10099728805,0.0503930024926,0.100099521576,0.0503070263583
2025-11-07,0.296428531778,0.149662723908,0.0498132510583,0.201483530265,0.100829302332,0.0502974409282,0.100502911532,0.0509823081987
2025-11-10,0.298181944182,0.150044718405,0.0499983891699,0.199481649841,0.0997330677023,0.0498265693202,0.102265728083,0.050467933297
2025-11-11,0.297749891015,0.150410984837,0.049865982867,0.199332883125,0.0996698020491,0.0498421196696,0.102285503078,0.05084283336
2025-11-12,0.297251544748,0.151048218276,0.0497458448371,0.198809388539,0.0994681792621,0.0496238586944,0.103701744941,0.0503512207021
2025-11-13,0.295151435105,0.150719897597,0.0497829730532,0.200136134443,0.100141725005,0.0499919806214,0.103860233549,0.0502156206264
2025-11-14,0.295830423858,0.150894504952,0.0499238758304,0.200388942851,0.100222286391,0.0500564496295,0.102237142075,0.0504463744134
2025-11-17,0.295050844492,0.14995500879,0.0496832756843,0.201780726748,0.101013256159,0.0504031189335,0.101746675554,0.0503670936382
2025-11-18,0.293427165254,0.148852276204,0.0496628827223,0.202491098324,0.101476012671,0.0505867569623,0.102785016309,0.050718791553
2025-11-19,0.294514047194,0.148331839081,0.0495447488237,0.202458997487,0.101386487584,0.050514862456,0.102936178535,0.0503128388393
2025-11-20,0.29201741089,0.14732483894,0.0492930039962,0.204094294045,0.102325947177,0.0508848591263,0.103612933412,0.0504467124127
2025-11-21,0.293023030626,0.148536181029,0.0487818744613,0.203262925468,0.102001464814,0.0506751660126,0.102785007647,0.0509343499414
2025-11-24,0.295011226041,0.148089923993,0.0488929633518,0.202075343501,0.101360181564,0.050301613354,0.103597214933,0.0506715332628
2025-11-25,0.296155202824,0.148676615179,0.0488428710864,0.201288116843,0.101063935964,0.0501162027585,0.10299730998,0.0508597453651
2025-11-26,0.296588357198,0.149458531224,0.048813499646,0.20051819932,0.10060023746,0.0499529087558,0.103260114272,0.0508081521254
2025-11-28,0.29720186847,0.149659563997,0.0488197526056,0.199565051634,0.100086561659,0.0496728861385,0.104190594746,0.0508037207498
2025-12-01,0.3,0.15,0.05,0.2,0.1,0.05,0.1,0.05
2025-12-02,0.30041453128,0.150419076013,0.0498659787842,0.200165834136,0.100035745848,0.0499900909699,0.0993093453046,0.0497993976629
2025-12-03,0.300697715593,0.150846916242,0.0496764156835,0.200041738577,0.0999907317563,0.0499773246585,0.098967842273,0.0498013152175
2025-12-04,0.300975358423,0.151266583235,0.0497962522333,0.199601816303,0.0997005289415,0.0499192420476,0.0990508215274,0.049689397289
2025-12-05,0.301470147548,0.151447691563,0.0499856978247,0.199331690974,0.0994689014731,0.0498253058123,0.0988490573795,0.0496215074253
2025-12-08,0.301369985088,0.151535393684,0.0499354016725,0.199546263171,0.0995286982017,0.0498593426881,0.098852375991,0.0493725395039
2025-12-09,0.301285446314,0.151452306596,0.0498815455424,0.19948264268,0.0994418947154,0.049825039147,0.0994181269714,0.0492129980337
2025-12-10,0.301519300719,0.152275653657,0.0500037882949,0.198958181872,0.0991822406569,0.0496971679026,0.0992607447589,0.0491029221392
2025-12-11,0.30145642687,0.152521894721,0.0497675917615,0.198494579772,0.0989415892996,0.0495490204324,0.100075970092,0.0491929270505
2025-12-12,0.299693763888,0.152497088006,0.0495549948667,0.198861071893,0.0991641250499,0.0497180185893,0.101134821884,0.0493761158236
2025-12-15,0.29901039023,0.153257562072,0.0493699281758,0.198906958822,0.0991701136433,0.0496436480388,0.101148888285,0.0494925107332
2025-12-16,0.298699621237,0.152589415139,0.0491778784579,0.19962350843,0.099617096188,0.0497369563539,0.101343652334,0.0492118718599
2025-12-17,0.296497192925,0.152070640427,0.049035361708,0.200296195076,0.0999620181653,0.0499738910237,0.102589197983,0.0495755026925
2025-12-18,0.297467565889,0.152621229312,0.0492406911027,0.199943924106,0.099795355067,0.0498564279741,0.101969348879,0.0491054576707
2025-12-19,0.299130275392,0.153011304676,0.0495969308888,0.198964628465,0.0992280541122,0.0495864645702,0.101733030867,0.0487493110286
2025-12-22,0.299424166914,0.152927178364,0.0496541448236,0.1978477663,0.0986080148096,0.0492560858563,0.103538416027,0.0487442269053
2025-12-23,0.299615071839,0.153333700427,0.0496910891425,0.197073216357,0.098181114842,0.0490855972921,0.104499830497,0.0485203796039
2025-12-24,0.300051387355,0.15336125579,0.0495705408916,0.197101921431,0.0982343179448,0.049087345122,0.103854037547,0.0487391939187
2025-12-26,0.299423341303,0.153373219304,0.0497851463775,0.196748621905,0.0981302163959,0.0489851199406,0.104857427493,0.0486969072813
2025-12-29,0.300068881628,0.154032562946,0.0496908905079,0.198115343022,0.0988367630349,0.0493110629618,0.100868852703,0.0490756431958
2025-12-30,0.299710537762,0.15420862886,0.0498776138418,0.198041551044,0.0987370902239,0.0493034370492,0.100944961398,0.0491761798223
2025-12-31,0.29898755362,0.154195054138,0.0500821142056,0.198561370731,0.0989049956428,0.0494526457788,0.100796921138,0.0490193447456
