Date,annual_volatility,sharpe,beta
2015-01-05,,,
2015-01-06,,,
2015-01-07,,,
2015-01-08,,,
2015-01-09,,,
2015-01-12,,,
2015-01-13,,,
2015-01-14,,,
2015-01-15,,,
2015-01-16,,,
2015-01-20,,,
2015-01-21,,,
2015-01-22,,,
2015-01-23,,,
2015-01-26,,,
2015-01-27,,,
2015-01-28,,,
2015-01-29,,,
2015-01-30,,,
2015-02-02,,,
2015-02-03,,,
2015-02-04,,,
2015-02-05,,,
2015-02-06,,,
2015-02-09,,,
2015-02-10,,,
2015-02-11,,,
2015-02-12,,,
2015-02-13,,,
2015-02-17,,,
2015-02-18,,,
2015-02-19,,,
2015-02-20,,,
2015-02-23,,,
2015-02-24,,,
2015-02-25,,,
2015-02-26,,,
2015-02-27,,,
2015-03-02,,,
2015-03-03,,,
2015-03-04,,,
2015-03-05,,,
2015-03-06,,,
2015-03-09,,,
2015-03-10,,,
2015-03-11,,,
2015-03-12,,,
2015-03-13,,,
2015-03-16,,,
2015-03-17,,,
2015-03-18,,,
2015-03-19,,,
2015-03-20,,,
2015-03-23,,,
2015-03-24,,,
2015-03-25,,,
2015-03-26,,,
2015-03-27,,,
2015-03-30,,,
2015-03-31,,,
2015-04-01,,,
2015-04-02,,,
2015-04-06,,,
2015-04-07,,,
2015-04-08,,,
2015-04-09,,,
2015-04-10,,,
2015-04-13,,,
2015-04-14,,,
2015-04-15,,,
2015-04-16,,,
2015-04-17,,,
2015-04-20,,,
2015-04-21,,,
2015-04-22,,,
2015-04-23,,,
2015-04-24,,,
2015-04-27,,,
2015-04-28,,,
2015-04-29,,,
2015-04-30,,,
2015-05-01,,,
2015-05-04,,,
2015-05-05,,,
2015-05-06,,,
2015-05-07,,,
2015-05-08,,,
2015-05-11,,,
2015-05-12,,,
2015-05-13,,,
2015-05-14,,,
2015-05-15,,,
2015-05-18,,,
2015-05-19,,,
2015-05-20,,,
2015-05-21,,,
2015-05-22,,,
2015-05-26,,,
2015-05-27,,,
2015-05-28,,,
2015-05-29,,,
2015-06-01,,,
2015-06-02,,,
2015-06-03,,,
2015-06-04,,,
2015-06-05,,,
2015-06-08,,,
2015-06-09,,,
2015-06-10,,,
2015-06-11,,,
2015-06-12,,,
2015-06-15,,,
2015-06-16,,,
2015-06-17,,,
2015-06-18,,,
2015-06-19,,,
2015-06-22,,,
2015-06-23,,,
2015-06-24,,,
2015-06-25,,,
2015-06-26,,,
2015-06-29,,,
2015-06-30,,,
2015-07-01,,,
2015-07-02,,,
2015-07-06,0.0714391053611,0.0444634941656,0.913962017548
2015-07-07,0.07080525513,0.277460576049,0.919717760836
2015-07-08,0.0720203435774,0.0635990983662,0.927838957938
2015-07-09,0.0714908282898,-0.0611394769619,0.927946590989
2015-07-10,0.0717125034783,-0.0325945722297,0.942993088622
2015-07-13,0.0718253808298,0.0812432832145,0.94100062593
2015-07-14,0.071934567875,0.195215183861,0.947284473753
2015-07-15,0.0719427113944,0.179948026806,0.947931255789
2015-07-16,0.0721959535697,0.327335086321,0.949370508617
2015-07-17,0.0720883761764,0.207326961802,0.959979647701
2015-07-20,0.0717503174187,-0.0448201587466,0.960256265349
2015-07-21,0.0716668102838,-0.156549806186,0.959044626904
2015-07-22,0.0716596522026,-0.300045524364,0.9591379712
2015-07-23,0.0709670511655,-0.584905119757,0.961837175393
2015-07-24,0.0711378217509,-0.634453988534,0.956365737331
2015-07-27,0.0712429961695,-0.776903452005,0.956538762032
2015-07-28,0.0716087882011,-0.544814318712,0.973012669433
2015-07-29,0.0713038517338,-0.297420148486,0.973413015081
2015-07-30,0.0712608643678,-0.387684389103,0.979251222322
2015-07-31,0.0711484348251,-0.177171914538,0.984892288923
2015-08-03,0.0708326171323,-0.386559323047,0.990733529849
2015-08-04,0.0705358553337,-0.576751671015,0.996553696435
2015-08-05,0.0704952938948,-0.519976056949,0.996222497838
2015-08-06,0.0702217439673,-0.724435654326,0.9918882913
2015-08-07,0.0687618746418,-0.429653480363,0.98012456169
2015-08-10,0.0693237035971,-0.172746051131,0.980499291275
2015-08-11,0.0693673311004,-0.381010463414,0.986392717093
2015-08-12,0.0692872263691,-0.315421389977,0.986437633812
2015-08-13,0.0685680792048,-0.592336699614,0.982490542497
2015-08-14,0.0685142083392,-0.618924424809,0.9816852232
2015-08-17,0.0684746769116,-0.476241702623,0.977621618159
2015-08-18,0.0684654015668,-0.656659734413,0.977200017458
2015-08-19,0.0684445749589,-0.645608581526,0.973761416192
2015-08-20,0.0692380083281,-0.984272060777,0.956620635456
2015-08-21,0.0717550406976,-1.33071110512,0.937022577947
2015-08-24,0.0780536099272,-1.87922307061,0.929508686686
2015-08-25,0.0783317540396,-2.01709924194,0.92483900819
2015-08-26,0.0809369693826,-1.54839331304,0.899609326813
2015-08-27,0.0829388722815,-1.22736553937,0.896226697962
2015-08-28,0.0829386070997,-1.22639616024,0.897126872422
2015-08-31,0.0830923030517,-1.26740617252,0.897168686192
2015-09-01,0.0855148573531,-1.50755013552,0.897255222056
2015-09-02,0.0863405301405,-1.32523473883,0.893021264689
2015-09-03,0.0840309771414,-1.00639621602,0.881527215572
2015-09-04,0.0850557014479,-1.28578600574,0.886928614193
2015-09-08,0.0863838106497,-0.766807480414,0.887969680402
2015-09-09,0.0868492932788,-0.917843944991,0.886924154778
2015-09-10,0.0863789413104,-1.01381199593,0.887305791994
2015-09-11,0.086338229335,-0.856023917797,0.887516945459
2015-09-14,0.0856667458793,-1.08751790162,0.888007175893
2015-09-15,0.0858389914108,-0.975985656147,0.886268707165
2015-09-16,0.0840542587801,-1.15557226219,0.876886221372
2015-09-17,0.0839037024888,-0.94979091085,0.876139860208
2015-09-18,0.083424613072,-1.39938119208,0.868877648557
2015-09-21,0.0834055600703,-1.42005793221,0.868459697801
2015-09-22,0.0842302679791,-1.59552998299,0.873029286808
2015-09-23,0.0836319965876,-1.46268602529,0.875050380825
2015-09-24,0.0835290682661,-1.37586786272,0.873950639637
2015-09-25,0.0834857355934,-1.41565783139,0.873835030486
2015-09-28,0.0849798234912,-1.78473822259,0.877750387264
2015-09-29,0.084819985773,-1.65161301495,0.877487875265
2015-09-30,0.0857701349303,-1.50142008243,0.877294458925
2015-10-01,0.0857445926543,-1.51175059087,0.877036198683
2015-10-02,0.0870549802992,-1.35079917723,0.882287854834
2015-10-05,0.0879401836834,-1.09773062752,0.883342364257
2015-10-06,0.0878861914241,-1.1298436719,0.882761405211
2015-10-07,0.0882801409587,-0.985558581988,0.88522350357
2015-10-08,0.0883825114821,-0.957091059639,0.884953055861
2015-10-09,0.088357173644,-0.851155176495,0.884732464735
2015-10-12,0.0883258083746,-0.86989540168,0.884463755466
2015-10-13,0.0883834032353,-1.04605157761,0.884813161744
2015-10-14,0.0884349564982,-1.01285398282,0.883922125707
2015-10-15,0.0889169047128,-0.701512505405,0.885566378878
2015-10-16,0.0888862048492,-0.721339027567,0.888061254544
2015-10-19,0.088860823829,-0.77045666803,0.888451301558
2015-10-20,0.0888718156223,-0.792771675788,0.889039675685
2015-10-21,0.0888239047913,-0.934910003867,0.888519688732
2015-10-22,0.089711166933,-0.761669482124,0.887969014233
2015-10-23,0.0898372121932,-0.710376515353,0.887561590649
2015-10-26,0.0898545107881,-0.763170351929,0.88761281959
2015-10-27,0.0895309105481,-0.673820931767,0.885920662883
2015-10-28,0.0889119018024,-0.465830050662,0.879034082744
2015-10-29,0.0889642991042,-0.645472077947,0.881235511792
2015-10-30,0.0889575967296,-0.70960562312,0.881062155601
2015-11-02,0.0887654260456,-0.41485906907,0.880160608781
2015-11-03,0.0886625878204,-0.368691154312,0.880022070913
2015-11-04,0.0887647253346,-0.482570933642,0.881548993608
2015-11-05,0.0875091909942,-0.745578032743,0.876644679725
2015-11-06,0.087385998807,-0.725450157355,0.876079469535
2015-11-09,0.0878361534501,-0.872923900163,0.878274254188
2015-11-10,0.0877888304733,-0.895406825934,0.878160883005
2015-11-11,0.0870739170802,-1.10110074676,0.87420865515
2015-11-12,0.0873342697839,-1.33330636767,0.872017306161
2015-11-13,0.0875693848333,-1.40210672083,0.871840748133
2015-11-16,0.088321331125,-1.12479851841,0.872138780958
2015-11-17,0.0883151723726,-1.16867210552,0.872092337007
2015-11-18,0.0888369386271,-1.05821271296,0.870677481863
2015-11-19,0.0888963905036,-0.953494967821,0.870440674276
2015-11-20,0.0883582645884,-0.765833988598,0.867708880919
2015-11-23,0.0881091559662,-0.926970678454,0.868215869975
2015-11-24,0.088127193146,-0.863512290538,0.868316249642
2015-11-25,0.087957385749,-0.78004874256,0.867778865239
2015-11-27,0.0879723855767,-0.797575185217,0.867600119432
2015-11-30,0.0879651236,-0.792847871324,0.867315915682
2015-12-01,0.0885550789023,-0.579937793183,0.869219775494
2015-12-02,0.0890828913581,-0.65738767587,0.871799169014
2015-12-03,0.0894231689315,-0.708677735828,0.864698660749
2015-12-04,0.0908935290443,-0.415078957987,0.866720632022
2015-12-07,0.0910616130933,-0.46530344388,0.867566125936
2015-12-08,0.0906227579572,-0.735884078254,0.86544875298
2015-12-09,0.0906119674177,-0.880683671743,0.864832579206
2015-12-10,0.0904673554452,-0.809725931862,0.865141565405
2015-12-11,0.0910783533656,-0.93182372592,0.862144519748
2015-12-14,0.0909785821688,-1.00846574483,0.862210112417
2015-12-15,0.0911875835564,-0.940922057618,0.86111635253
2015-12-16,0.0917196934277,-0.872929432481,0.863666602099
2015-12-17,0.0924154616487,-1.01585856536,0.864780112325
2015-12-18,0.0926632124714,-1.14365723184,0.858681612452
2015-12-21,0.0929449952024,-1.02406994535,0.859624339013
2015-12-22,0.0929681613879,-0.876786165323,0.858760794624
2015-12-23,0.0934568556767,-0.677570200406,0.859751980098
2015-12-24,0.0934414846368,-0.646856647117,0.859561777371
2015-12-28,0.092500147522,-0.486715999588,0.858566621635
2015-12-29,0.0926779677662,-0.398406365282,0.858254531749
2015-12-30,0.0928215152736,-0.55302782656,0.859136492038
2015-12-31,0.0930126587216,-0.673246012727,0.859252923077
2016-01-04,0.093339559047,-0.741462460585,0.8574212971
2016-01-05,0.0933507775116,-0.735124068442,0.859293385656
2016-01-06,0.0926488179244,-0.637827846654,0.856137509246
2016-01-07,0.0938323993278,-0.906002505212,0.852457572826
2016-01-08,0.093360275076,-1.21400909052,0.84957464286
2016-01-11,0.0932312969281,-1.30683936387,0.851625916166
2016-01-12,0.0932494659533,-1.30159491541,0.849924302558
2016-01-13,0.0940952280394,-1.47343757738,0.844247287809
2016-01-14,0.0941399269477,-1.46419430924,0.839151601154
2016-01-15,0.095527566525,-1.66956420003,0.842516870293
2016-01-19,0.0955314156898,-1.56437528739,0.842713573023
2016-01-20,0.0959959661706,-1.67991028011,0.843959661103
2016-01-21,0.0960476548414,-1.57626863153,0.844023102001
2016-01-22,0.0977497332668,-1.23963097885,0.848606408466
2016-01-25,0.0979353574592,-1.27733474925,0.847413989302
2016-01-26,0.0989316456696,-0.99224119676,0.85108543003
2016-01-27,0.0987696023139,-1.20208955419,0.850704024611
2016-01-28,0.0986824542221,-1.23351735154,0.850017631112
2016-01-29,0.100765282277,-0.906653444475,0.852512588637
2016-02-01,0.100640870139,-0.980461484737,0.852087417646
2016-02-02,0.1013945925,-1.10976908001,0.853267514681
2016-02-03,0.10174075434,-0.957121540412,0.854986599414
2016-02-04,0.101834260634,-0.905333264404,0.855598775964
2016-02-05,0.102365893612,-1.01015388153,0.852874518925
2016-02-08,0.102643209157,-1.13178956656,0.853106353052
2016-02-09,0.102250108048,-1.32974094331,0.852185566328
2016-02-10,0.102184519843,-1.22157895168,0.852256513479
2016-02-11,0.102206891318,-1.25835216219,0.847848036957
2016-02-12,0.102764551159,-1.06767204542,0.844651775777
2016-02-16,0.10304794916,-0.993636940255,0.84184684699
2016-02-17,0.103854608855,-0.848463617158,0.844269336569
2016-02-18,0.103830058035,-0.74769882432,0.843530293315
2016-02-19,0.103812225261,-0.731746185276,0.844091293178
2016-02-22,0.103512110047,-0.459729408263,0.84504775453
2016-02-23,0.102023953983,-0.308632435211,0.84660173712
2016-02-24,0.0969663839541,0.167148319561,0.840789995923
2016-02-25,0.0972425633273,0.433340055454,0.843580805671
2016-02-26,0.0953975758958,0.0729115110495,0.854017375337
2016-02-29,0.0937763520186,-0.212386162231,0.852752337317
2016-03-01,0.09519609907,0.0384298565531,0.854245695805
2016-03-02,0.0950863713873,0.228361865737,0.854469708549
2016-03-03,0.0929643807344,0.677821123183,0.853151109302
2016-03-04,0.0923516276698,0.557473491419,0.855878007576
2016-03-07,0.0923505302833,0.545902091818,0.855922493771
2016-03-08,0.0915683649696,0.646837824895,0.852079628724
2016-03-09,0.0897211042626,0.399873683703,0.848646465327
2016-03-10,0.0892062671497,0.570993868033,0.848940848485
2016-03-11,0.0898989659288,0.692198748502,0.850243278517
2016-03-14,0.0898915376355,0.576498180828,0.850496743222
2016-03-15,0.0899574169231,0.555958627331,0.850965777321
2016-03-16,0.090702070882,0.672314401282,0.856975322914
2016-03-17,0.0903855459228,0.62375849208,0.854991485635
2016-03-18,0.090290877961,0.578180446442,0.854086075706
2016-03-21,0.0894555261043,0.737634308327,0.853600309323
2016-03-22,0.0894677668705,0.72117947603,0.854214955379
2016-03-23,0.0890049439066,0.784413975841,0.852463659595
2016-03-24,0.0890075935926,0.783030095888,0.852476849644
2016-03-28,0.0890497992161,0.823715655282,0.853223756414
2016-03-29,0.0900372312347,1.03417825834,0.858474708503
2016-03-30,0.0881130192894,1.37700755228,0.856687395409
2016-03-31,0.0881174886087,1.34067045451,0.856692555761
2016-04-01,0.0872005291194,1.13066038407,0.854652022605
2016-04-04,0.0872665193791,1.02959420759,0.85504935817
2016-04-05,0.0859979652405,0.646257596598,0.84819512602
2016-04-06,0.0854930829952,0.577466210634,0.84665549772
2016-04-07,0.0857550709913,0.454878231581,0.845909518042
2016-04-08,0.0855958977001,0.421545893263,0.844954309617
2016-04-11,0.0854373081452,0.356583567095,0.844356445734
2016-04-12,0.0857056836431,0.43557821919,0.84557602254
2016-04-13,0.0859828789206,0.526380664758,0.845535914442
2016-04-14,0.0858037377942,0.575089355562,0.844802319634
2016-04-15,0.085775288347,0.552704108663,0.846091585533
2016-04-18,0.0851749009593,0.447941751342,0.84479254732
2016-04-19,0.0855458362671,0.566575448997,0.846899976044
2016-04-20,0.0856274370989,0.525333813753,0.847313366199
2016-04-21,0.085821384248,0.45715131646,0.848129956105
2016-04-22,0.0857193044042,0.500507976667,0.847786114287
2016-04-25,0.0848743837451,0.265749842428,0.84779552675
2016-04-26,0.0847773038228,0.228012157213,0.850170159548
2016-04-27,0.0848225825106,0.336883215203,0.850369905974
2016-04-28,0.0848667637791,0.316912667824,0.848522929296
2016-04-29,0.0848485731505,0.259261532447,0.85134247766
2016-05-02,0.0847127972846,0.439947546987,0.849438414419
2016-05-03,0.0850893110588,0.340653188863,0.851390878485
2016-05-04,0.084878764247,0.118050323342,0.851903114129
2016-05-05,0.0848628930333,0.165468981099,0.852374355241
2016-05-06,0.0847577772653,0.301941598637,0.851803290326
2016-05-09,0.0848081627982,0.269167198963,0.851364491522
2016-05-10,0.0849107416963,0.588669292455,0.850292546031
2016-05-11,0.0845932738674,0.650411185278,0.847304948844
2016-05-12,0.0846010258461,0.590855849054,0.847623246031
2016-05-13,0.0848223970004,0.513234559478,0.84911298503
2016-05-16,0.0845314163552,0.78843440025,0.849827351413
2016-05-17,0.0844927822209,0.795965922704,0.849129451773
2016-05-18,0.0840621635112,0.484346508037,0.850097279468
2016-05-19,0.0841766441366,0.436148957417,0.850797280077
2016-05-20,0.0838216534359,0.372418219648,0.853383163827
2016-05-23,0.0837755199198,0.278732029665,0.853791693355
2016-05-24,0.0840274007047,0.366167722399,0.851214864072
2016-05-25,0.0841206295953,0.509469187981,0.85110995473
2016-05-26,0.0841160532211,0.505395482824,0.851101936581
2016-05-27,0.0841122005567,0.519649716797,0.850034676283
2016-05-31,0.0840853346609,0.539721972209,0.850149085324
2016-06-01,0.0840650655277,0.572141313669,0.850513728984
2016-06-02,0.083530577001,0.459073728648,0.848634209735
2016-06-03,0.0830658823373,0.817001204998,0.844268032192
2016-06-06,0.0823196001847,1.05871392401,0.849243472175
2016-06-07,0.0808911142243,0.864124296799,0.84874952803
2016-06-08,0.0807413567287,1.08175990446,0.847821066618
2016-06-09,0.0804924903453,1.15225357824,0.846579241224
2016-06-10,0.0810646929967,1.04700370899,0.851382006313
2016-06-13,0.0812893335131,0.957984924892,0.852552921505
2016-06-14,0.0805901067345,1.08515617796,0.856187251781
2016-06-15,0.0806750034581,1.1816722509,0.856255512616
2016-06-16,0.0804815886135,1.07824765848,0.857221866097
2016-06-17,0.0794198620568,0.879708990758,0.849632428411
2016-06-20,0.0786427137736,1.20675904441,0.847862599737
2016-06-21,0.0782244986809,1.34774356801,0.855381110782
2016-06-22,0.0779912572301,1.22598668539,0.854437559216
2016-06-23,0.0785803759533,1.33136817013,0.859009243754
2016-06-24,0.0826381907367,0.648014289807,0.869531046301
2016-06-27,0.0831185577884,0.495381982726,0.866120306876
2016-06-28,0.0843609592894,0.788240215076,0.868229087304
2016-06-29,0.0851333092694,0.903860947424,0.87057926174
2016-06-30,0.0855233156172,1.19651836382,0.869703731545
2016-07-01,0.0853698983669,1.39959442453,0.86995948967
2016-07-05,0.0849957333948,1.47283690843,0.87242061523
2016-07-06,0.0850343583379,1.49541910999,0.871146199002
2016-07-07,0.0848160990549,1.55285340427,0.872457248221
2016-07-08,0.0841663955697,2.05228946485,0.880408439144
2016-07-11,0.083643359982,2.23987434128,0.878677799279
2016-07-12,0.083615442073,2.31902694141,0.877820605593
2016-07-13,0.0835475549006,2.27899181907,0.880065642479
2016-07-14,0.0822960263359,2.58217695726,0.889637847746
2016-07-15,0.0822687363461,2.39445039709,0.899053855531
2016-07-18,0.0802247989387,2.79667060038,0.894470481991
2016-07-19,0.08025449039,2.72572828201,0.894999835493
2016-07-20,0.0794048155928,2.95572532088,0.89209525729
2016-07-21,0.079385224299,2.90333757901,0.890599189924
2016-07-22,0.0776735296136,2.68213009721,0.884859251488
2016-07-25,0.0771858350932,2.7899483354,0.891028425906
2016-07-26,0.0761110521638,2.60642227291,0.88533919764
2016-07-27,0.0757387383661,2.81659169408,0.886723433521
2016-07-28,0.0757319492092,2.78804617888,0.887910646411
2016-07-29,0.0736471571235,2.62686407461,0.888474032551
2016-08-01,0.0737482773925,2.57447826173,0.889354976297
2016-08-02,0.0726720874933,2.75642306892,0.885583045754
2016-08-03,0.0723440365415,2.61605724182,0.882191338261
2016-08-04,0.0723158057609,2.60056154402,0.882069513227
2016-08-05,0.0712383842936,2.87156103389,0.889965284128
2016-08-08,0.070608671675,3.08134544739,0.889213905872
2016-08-09,0.0704163066723,3.28371064501,0.888314137109
2016-08-10,0.070410491414,3.25092296051,0.887491308726
2016-08-11,0.0702851703776,3.33382505813,0.90177380979
2016-08-12,0.0697160523397,3.15356174125,0.912467238261
2016-08-15,0.0694405972542,3.0591274828,0.922231509017
2016-08-16,0.0686324204306,2.75339265635,0.920745968926
2016-08-17,0.0686103660817,2.72938345781,0.923186749264
2016-08-18,0.0686170374442,2.83425725852,0.923255136076
2016-08-19,0.0685652440446,2.5526512562,0.93385356375
2016-08-22,0.0679906383486,2.73734975104,0.939310011776
2016-08-23,0.0679868254181,2.72917202947,0.940589171156
2016-08-24,0.0675216995583,2.42181520781,0.941824250026
2016-08-25,0.0672830207793,2.50843251905,0.939803353481
2016-08-26,0.0675174671525,2.42495093376,0.949119365574
2016-08-29,0.0659168936751,2.25864928171,0.953664278582
2016-08-30,0.0658622219874,2.07416677834,0.953099145415
2016-08-31,0.0655650919506,1.84143071572,0.950199513943
2016-09-01,0.0655597580351,1.83847065578,0.949631291302
2016-09-02,0.065795653838,1.96655266735,0.951573787494
2016-09-06,0.065716043639,2.33040640907,0.954366140155
2016-09-07,0.0657142150081,2.29130172805,0.955899244089
2016-09-08,0.0659912708519,2.14257296351,0.957669914676
2016-09-09,0.0692576602134,1.32380970996,0.964913142921
2016-09-12,0.0696950048307,1.56714556874,0.956395865591
2016-09-13,0.0716562786474,1.28232886058,0.965961593227
2016-09-14,0.0705862576695,1.0729381233,0.957431027229
2016-09-15,0.0705083940475,1.05756070553,0.952789441696
2016-09-16,0.0706792714858,0.927503644872,0.955432729296
2016-09-19,0.0706571380359,1.01895606301,0.954631170658
2016-09-20,0.0706442248619,1.06579869725,0.954500886099
2016-09-21,0.071463225775,1.51546010198,0.959180290976
2016-09-22,0.0717699920588,1.71174055511,0.960795280408
2016-09-23,0.0719460745507,1.55336854695,0.961150951369
2016-09-26,0.0709732715129,1.18928452478,0.951894844224
2016-09-27,0.0710083316627,1.2128297058,0.949943447705
2016-09-28,0.0711297174227,1.31857227492,0.950425374027
2016-09-29,0.0717287047556,1.14513997114,0.95858696361
2016-09-30,0.0716800179386,1.28364740948,0.955437789562
2016-10-03,0.0713675066459,1.36112575254,0.956256406155
2016-10-04,0.0720162262841,0.977236014283,0.966085766559
2016-10-05,0.0716930160013,1.13912239739,0.969746570193
2016-10-06,0.0715549432617,0.979763344537,0.968616799726
2016-10-07,0.0716201743471,0.887374098466,0.970323922761
2016-10-10,0.0713608007276,0.817583824973,0.969197366205
2016-10-11,0.072039924292,0.434335739035,0.972260107427
2016-10-12,0.0719475627574,0.528134893578,0.971609515811
2016-10-13,0.0719456760143,0.485323812593,0.970973297487
2016-10-14,0.0718039758325,0.359173150589,0.97185722667
2016-10-17,0.071345153473,0.187310010773,0.9681003731
2016-10-18,0.0716961473185,0.41984611576,0.970451605879
2016-10-19,0.0715099240469,0.603944262205,0.970289041881
2016-10-20,0.0715130008704,0.601870825844,0.970230578166
2016-10-21,0.0714808817082,0.641156265879,0.97026689035
2016-10-24,0.0714460462222,0.605251320371,0.969235975691
2016-10-25,0.071356289604,0.512880627536,0.96736117179
2016-10-26,0.071458593806,0.480682472847,0.973265479129
2016-10-27,0.0716426352327,0.401394440102,0.978151681717
2016-10-28,0.071510864161,0.295004151337,0.978942174648
2016-10-31,0.0710591192635,0.504687021828,0.976519245248
2016-11-01,0.0710342423802,0.511325032986,0.973603740447
2016-11-02,0.0711683866365,0.405620984948,0.973420351717
2016-11-03,0.071166209727,0.288300412114,0.971039202586
2016-11-04,0.0711043957481,0.329666245095,0.971633532717
2016-11-07,0.0713879800944,0.361441099258,0.952863447959
2016-11-08,0.0711420166585,0.506457951439,0.955339436586
2016-11-09,0.0712562489946,0.454652829505,0.949587346947
2016-11-10,0.071352766642,0.434049866643,0.950468039463
2016-11-11,0.0714420401221,0.143602715913,0.953163582823
2016-11-14,0.0711589077051,0.219916767395,0.956799814392
2016-11-15,0.0710769411435,0.498058470105,0.954380036101
2016-11-16,0.0709947222184,0.527060283307,0.953659717414
2016-11-17,0.0707666855212,0.419525365523,0.952199162919
2016-11-18,0.0709843410108,0.343823235716,0.953739728288
2016-11-21,0.0709634133454,0.336430795915,0.96071576578
2016-11-22,0.0708655151045,0.305839674073,0.961492236288
2016-11-23,0.0711060023589,0.15300640963,0.963014261991
2016-11-25,0.0711253390007,0.180208039848,0.964358131192
2016-11-28,0.071123873779,0.212181982074,0.962782851095
2016-11-29,0.071166905459,0.259192286714,0.963256860117
2016-11-30,0.0713501984279,0.07668718802,0.965087778868
2016-12-01,0.0710397774252,-0.220474526098,0.965582335717
2016-12-02,0.0710752552245,-0.202459375102,0.96648595828
2016-12-05,0.07112352282,-0.189597500777,0.965208386964
2016-12-06,0.0709875856706,-0.231620632637,0.964101548417
2016-12-07,0.0720435250168,0.0724118619352,0.965645672555
2016-12-08,0.0712561157641,0.292031320881,0.960550531407
2016-12-09,0.0710180846479,0.397149499226,0.958899843154
2016-12-12,0.0708799547201,0.460817223481,0.957441907466
2016-12-13,0.0709623698566,0.48396046352,0.957745248849
2016-12-14,0.072803756659,0.158302173782,0.971965404951
2016-12-15,0.0728137190142,0.0937442419191,0.974415439767
2016-12-16,0.0725729927673,-0.000995322551033,0.971576985675
2016-12-19,0.0726484971657,0.0620917841322,0.972364049825
2016-12-20,0.0726514558119,0.0864844481437,0.972024572539
2016-12-21,0.0718329151381,-0.15916993203,0.968571865233
2016-12-22,0.0667139073288,0.342465448673,0.972073124312
2016-12-23,0.0661595399291,0.581283722931,0.987050115923
2016-12-27,0.0644784470218,0.295523681295,0.986735178802
2016-12-28,0.063234021174,-0.0458759352817,0.979338037187
2016-12-29,0.0624639453466,-0.173745695445,0.982895350391
2016-12-30,0.0622011396794,-0.31064436852,0.978892720187
2017-01-03,0.0623800072758,-0.0365530823025,0.979381385004
2017-01-04,0.0627307279006,0.0506004179773,0.986740551745
2017-01-05,0.0630143442311,0.282274621982,0.988005575789
2017-01-06,0.0616056871821,-0.0830805621239,0.984674171484
2017-01-09,0.0615694040506,-0.143518418647,0.983022593786
2017-01-10,0.0615046072666,-0.198316820875,0.984545746537
2017-01-11,0.0615960765181,-0.156249890083,0.98546611
2017-01-12,0.0615482389371,-0.20451434458,0.985528079224
2017-01-13,0.0614190764156,-0.0877658142723,0.984876203104
2017-01-17,0.0614081518302,-0.0959065117048,0.982708418827
2017-01-18,0.0615271291399,-0.157395676237,0.983564857406
2017-01-19,0.061673032321,-0.281034148573,0.98446588475
2017-01-20,0.061784359428,-0.204720124139,0.988375281491
2017-01-23,0.0618599466824,-0.169873546118,0.988904380414
2017-01-24,0.0617817612845,-0.0245216950277,0.985535191924
2017-01-25,0.061821825218,-0.00160204251491,0.981036681264
2017-01-26,0.0617539751104,-0.147286127032,0.981030346222
2017-01-27,0.0617572232748,-0.189356884255,0.980929008261
2017-01-30,0.061490013301,-0.468540853378,0.974833970073
2017-01-31,0.0615876980722,-0.29078159953,0.975442450587
2017-02-01,0.0613332244134,-0.185398468819,0.979178179059
2017-02-02,0.0613902168722,-0.12973615222,0.981775457621
2017-02-03,0.0615215193438,-0.083939838145,0.980038887659
2017-02-06,0.0615264810067,-0.0767372184989,0.986244621385
2017-02-07,0.061520940202,-0.107626930348,0.986426861427
2017-02-08,0.0614933054163,-0.116202576003,0.986312792598
2017-02-09,0.0614969761099,-0.110324021099,0.985269984451
2017-02-10,0.0616080875929,-0.0447580838283,0.986886672775
2017-02-13,0.0616285784394,-0.0122693521387,0.985005510397
2017-02-14,0.0615902872744,-0.0563521305926,0.983717915225
2017-02-15,0.0615523115873,0.106299831386,0.985837856681
2017-02-16,0.0615644194984,0.115471427997,0.986221268273
2017-02-17,0.0614541722808,0.0395721154492,0.983956343964
2017-02-21,0.0613758060793,0.277713204952,0.981763511631
2017-02-22,0.061375824631,0.277600248054,0.9815536747
2017-02-23,0.0614392288187,0.317085250235,0.982238303201
2017-02-24,0.0612438768264,0.45264185789,0.980857301334
2017-02-27,0.0612350806529,0.45753496301,0.981012780105
2017-02-28,0.0610812569462,0.51052669447,0.978866610934
2017-03-01,0.061084468225,0.514725584108,0.969793229861
2017-03-02,0.0616327212952,0.383211512055,0.973459055245
2017-03-03,0.061568467912,0.501673951138,0.973339897559
2017-03-06,0.0616089727041,0.348594528316,0.973731363559
2017-03-07,0.0614312818718,0.112660375539,0.97119998369
2017-03-08,0.0610922777039,-0.237138786717,0.968771057021
2017-03-09,0.0611398651294,-0.2949472131,0.969234800162
2017-03-10,0.0610992164847,-0.0676982295512,0.969491159523
2017-03-13,0.0564801614715,0.534216637134,0.963877874192
2017-03-14,0.0559177168831,0.201358422792,0.976513855015
2017-03-15,0.0555854188964,1.03924768148,0.984638428174
2017-03-16,0.0555758634106,1.00720841014,0.981390149762
2017-03-17,0.0552200273212,0.874270642091,0.986208772717
2017-03-20,0.0550065279962,1.03119109311,0.983327126213
2017-03-21,0.0552900888637,0.825877680434,0.966900617329
2017-03-22,0.0553314668099,0.860996275139,0.967297905166
2017-03-23,0.053396152839,0.510020146699,0.947176369737
2017-03-24,0.0528221449345,0.317790749006,0.940457509896
2017-03-27,0.0525871913243,0.47735549062,0.940292631234
2017-03-28,0.0523324323164,0.697031462516,0.939220439029
2017-03-29,0.0523037834498,0.682133824483,0.944937980183
2017-03-30,0.0521438485026,0.499221743805,0.941605114757
2017-03-31,0.0513676952378,0.733913715161,0.935940147037
2017-04-03,0.0513139710223,0.70223462765,0.939950222669
2017-04-04,0.051183724208,0.80314186075,0.938943692961
2017-04-05,0.0498611089217,1.0980535142,0.921541661833
2017-04-06,0.0498485049454,1.07796706643,0.921753743658
2017-04-07,0.049812800624,1.09968120893,0.921174072567
2017-04-10,0.0497053023419,1.20876188121,0.920926106512
2017-04-11,0.0497581057412,1.23121212165,0.920733867395
2017-04-12,0.0482194696246,1.62745585784,0.910354236366
2017-04-13,0.0483463511073,1.49664011824,0.906603877528
2017-04-17,0.0486322406191,1.67562290484,0.906440800776
2017-04-18,0.0485966258447,1.71053879293,0.905905767718
2017-04-19,0.0488618992921,1.58223445908,0.911566037101
2017-04-20,0.0484980952534,1.51307815308,0.904447206769
2017-04-21,0.0484311737713,1.37978848956,0.901157218759
2017-04-24,0.0488883958724,1.63485079067,0.901129853511
2017-04-25,0.0488931968185,1.67620403902,0.899731891265
2017-04-26,0.0488989679096,1.64302192298,0.901078487706
2017-04-27,0.0488852543023,1.66697136271,0.904344614519
2017-04-28,0.0485661362271,1.81530750227,0.899752829215
2017-05-01,0.0482447122924,1.96349627607,0.896355089442
2017-05-02,0.0482496573742,2.05633356071,0.898997431774
2017-05-03,0.0485843925676,1.81593733877,0.903694680437
2017-05-04,0.0483022044696,1.93328114579,0.907779173913
2017-05-05,0.0482840081246,2.21090524113,0.911003322287
2017-05-08,0.0483465814685,2.17965619535,0.918610589119
2017-05-09,0.0483578481614,2.17096292108,0.918655451403
2017-05-10,0.0469781407758,1.93759192503,0.962043350452
2017-05-11,0.0469925389061,1.86668755189,0.961910395487
2017-05-12,0.0467916149525,2.07843231777,0.976498282347
2017-05-15,0.0463038370762,2.44651279678,0.97321315415
2017-05-16,0.0455391517666,2.77100987447,0.961555591222
2017-05-17,0.0458216978653,2.67996469074,0.914711100791
2017-05-18,0.0454253345132,2.48900210379,0.909992779882
2017-05-19,0.0457776152855,2.79879641763,0.914990334565
2017-05-22,0.0458328013257,2.8715574422,0.915583927526
2017-05-23,0.0454133051496,3.03731194056,0.909531241574
2017-05-24,0.04512608707,2.96566067611,0.910142142582
2017-05-25,0.0450461835759,2.92068831067,0.905022162111
2017-05-26,0.0445427391105,3.15190860264,0.898711120161
2017-05-30,0.0445612836421,3.06392513066,0.900815382271
2017-05-31,0.044561429406,3.06491915552,0.905613161989
2017-06-01,0.0447745177039,3.14236413596,0.903785136205
2017-06-02,0.0447077197825,3.561165771,0.903864897745
2017-06-05,0.0442840032257,3.70662116959,0.900070358319
2017-06-06,0.0442013040733,3.61082685335,0.896310405255
2017-06-07,0.0440660362382,3.46013380328,0.897567901277
2017-06-08,0.0440639222272,3.29308370296,0.897410131123
2017-06-09,0.0426389988326,2.88161853299,0.891208077102
2017-06-12,0.0426667442285,2.82922879415,0.891816347042
2017-06-13,0.0428312787721,2.99377192773,0.900354517576
2017-06-14,0.0427968271872,3.03975930014,0.900567794825
2017-06-15,0.0428615826846,2.68931951576,0.9066335979
2017-06-16,0.0394338825362,3.58117767037,0.853267194201
2017-06-19,0.039392081678,3.74359547316,0.849293803535
2017-06-20,0.0398730522664,3.47459118739,0.85720498864
2017-06-21,0.0397944146755,3.37759302287,0.856543097619
2017-06-22,0.0397995084636,3.39735040439,0.858273342937
2017-06-23,0.0397518078614,3.53292336683,0.857665827315
2017-06-26,0.0396233084414,3.66270995953,0.855727775692
2017-06-27,0.0402356269958,3.3054510206,0.85056651967
2017-06-28,0.0406104334958,3.44934551459,0.848431120115
2017-06-29,0.0417923649102,3.11404935498,0.873637162375
2017-06-30,0.0414900207316,2.9592755117,0.871323031627
2017-07-03,0.0415630236316,2.8927664194,0.874084238668
2017-07-05,0.0410911141333,2.71825621446,0.870471474524
2017-07-06,0.0414742768398,2.14757774904,0.866169101307
2017-07-07,0.0409800952836,1.98847095788,0.853932936133
2017-07-10,0.0408645835096,2.11872862687,0.855286492997
2017-07-11,0.0408653659934,2.19452767703,0.856329323109
2017-07-12,0.0417716406137,2.44244998666,0.866380631406
2017-07-13,0.0416355382956,2.34428017028,0.864563575588
2017-07-14,0.0420487734452,2.52780584694,0.873257782224
2017-07-17,0.0420476117798,2.51588378826,0.873006838742
2017-07-18,0.0420776057226,2.54263696592,0.877536938375
2017-07-19,0.0419911133208,2.83784207665,0.875746824274
2017-07-20,0.0416769176323,3.02448535761,0.874521388075
2017-07-21,0.0415726656954,2.93625285127,0.8732305443
2017-07-24,0.0414964375819,2.79341716178,0.877127626096
2017-07-25,0.0415172783189,2.66406717136,0.881538248032
2017-07-26,0.0416445479769,2.71228776146,0.889376197352
2017-07-27,0.0416332436864,2.71813699722,0.88920395553
2017-07-28,0.0416109057992,2.81453341342,0.888384756955
2017-07-31,0.0412611804876,3.01075493072,0.888249468824
2017-08-01,0.041201766484,2.99041267226,0.888174730193
2017-08-02,0.0412021814392,2.99006613075,0.888148971384
2017-08-03,0.0411661478973,2.89809872706,0.887761800395
2017-08-04,0.0409543726911,2.71703518462,0.888895295311
2017-08-07,0.0409589971295,2.73146379532,0.889212350164
2017-08-08,0.0410693958462,2.65362236544,0.889722558712
2017-08-09,0.0408989412352,2.54799045458,0.887167493804
2017-08-10,0.0420565324799,2.13491704801,0.885023578064
2017-08-11,0.0419340969992,2.0567896223,0.883435237612
2017-08-14,0.0422191686312,2.17493687534,0.879595875069
2017-08-15,0.0423452113938,2.07279312375,0.882903648329
2017-08-16,0.0425001637131,2.12527321958,0.88600806104
2017-08-17,0.0434377797911,1.73018234934,0.870549882827
2017-08-18,0.0434530329866,1.69217727425,0.871941432413
2017-08-21,0.0432529256637,1.60993287003,0.871377690581
2017-08-22,0.0434429993984,1.7480934586,0.860354265673
2017-08-23,0.0433639606354,1.69244528243,0.856230088376
2017-08-24,0.0434644885891,1.57137895808,0.859216295141
2017-08-25,0.0435998777136,1.74320468583,0.86116407136
2017-08-28,0.0434965672006,1.89965603211,0.859701826705
2017-08-29,0.0431500379198,1.71356526762,0.869007150446
2017-08-30,0.0421916178242,2.10296279415,0.854176904697
2017-08-31,0.0427208208565,2.25547795468,0.860256672712
2017-09-01,0.0425289429609,2.41012872256,0.857849729073
2017-09-05,0.0423203296964,2.50508686376,0.850953699847
2017-09-06,0.0417638886421,2.82431588267,0.84361711809
2017-09-07,0.0419161637401,3.0825268589,0.843994880217
2017-09-08,0.0418008518033,2.87984001647,0.842594608988
2017-09-11,0.0418997376885,2.95465204343,0.832940783569
2017-09-12,0.0415973308903,3.13421024454,0.827951084578
2017-09-13,0.0388226468058,2.65379340454,0.789690770562
2017-09-14,0.0388449064473,2.72058350455,0.791965299291
2017-09-15,0.0388405568146,2.69817211922,0.792379846376
2017-09-18,0.0388772028316,2.59450386207,0.791624372262
2017-09-19,0.0383713913957,2.86813434143,0.8033342068
2017-09-20,0.0384636511279,2.66614891406,0.804166345778
2017-09-21,0.0386397061534,2.53061496252,0.80698039015
2017-09-22,0.0386405757202,2.54038672594,0.808327127217
2017-09-25,0.0386423537722,2.49599823376,0.808301817162
2017-09-26,0.0387050392712,2.31647456596,0.812429194694
2017-09-27,0.0387443807319,2.13956401483,0.809189858737
2017-09-28,0.0386869372911,2.28294316955,0.811665324655
2017-09-29,0.0387114912826,2.38322470878,0.812694557896
2017-10-02,0.0386666196786,2.31633233548,0.807194183422
2017-10-03,0.0387481437421,2.42388478456,0.808416569028
2017-10-04,0.0386770156413,2.52327341787,0.808015287221
2017-10-05,0.0386966932452,2.55822550201,0.804089521776
2017-10-06,0.0386746072006,2.57459372681,0.803869513365
2017-10-09,0.0386748932533,2.5756871311,0.802701434429
2017-10-10,0.0386726141757,2.57501878032,0.805323691908
2017-10-11,0.0387194480614,2.65147373181,0.810186680454
2017-10-12,0.0385379760676,2.79481448734,0.811850419549
2017-10-13,0.0383945041912,2.76803408844,0.814765806767
2017-10-16,0.0384563519755,2.70691238755,0.815005776322
2017-10-17,0.0381656264064,2.83374146806,0.810175331661
2017-10-18,0.0378848492267,2.62749075127,0.808710305625
2017-10-19,0.037844578107,2.68171300062,0.810451414184
2017-10-20,0.0372254642064,2.4177698103,0.803337456439
2017-10-23,0.0373410309744,2.25665322234,0.805928341843
2017-10-24,0.0373511567919,2.24260454885,0.805967184422
2017-10-25,0.0376064776106,2.07872450144,0.80694713791
2017-10-26,0.0377081165829,1.99783857057,0.807362075404
2017-10-27,0.0383339779173,2.25417950353,0.811077909872
2017-10-30,0.0382996316799,2.16396667714,0.808821764054
2017-10-31,0.0378367084844,2.43674498981,0.803246929101
2017-11-01,0.0378256004759,2.57339243333,0.803663681146
2017-11-02,0.0375592301295,2.46618032912,0.799430277456
2017-11-03,0.0373314353224,2.63845146153,0.792267112372
2017-11-06,0.0374181740604,2.8282280335,0.792954921704
2017-11-07,0.0374322393711,2.69968529911,0.793114821259
2017-11-08,0.037436937773,2.81901653379,0.794147182848
2017-11-09,0.0375547848156,2.6049858512,0.794663754774
2017-11-10,0.0376661615403,2.27830858175,0.797322190141
2017-11-13,0.0376600463706,2.21383035306,0.797878118499
2017-11-14,0.0371983449338,2.41265438695,0.834636305128
2017-11-15,0.0374048318944,2.27464326429,0.840994755232
2017-11-16,0.0372317199162,2.24799241805,0.835527260651
2017-11-17,0.0371453176049,2.15326354464,0.832844897266
2017-11-20,0.0371427178916,2.14932542333,0.832526021823
2017-11-21,0.0374692732271,2.2332506035,0.835269540489
2017-11-22,0.0374999438889,2.25296440039,0.838033634864
2017-11-24,0.0375111792375,2.29169854528,0.838375960971
2017-11-27,0.0375748466177,2.24411016402,0.839342456846
2017-11-28,0.0378963739889,2.40191405755,0.830198848307
2017-11-29,0.0378852933805,2.03292918789,0.834187194232
2017-11-30,0.037295770482,1.85720860003,0.810943572644
2017-12-01,0.0371951803878,1.95852753476,0.80924940698
2017-12-04,0.0372821528937,1.8502169262,0.81329562161
2017-12-05,0.0374387289616,1.74453633456,0.815485962594
2017-12-06,0.0374291159867,1.75161191287,0.814594029863
2017-12-07,0.0372631560762,1.86499116415,0.810472185844
2017-12-08,0.0374480187049,2.05729163212,0.812264102719
2017-12-11,0.0372134918292,1.93529274193,0.808602532831
2017-12-12,0.0372119988044,1.956502272,0.808519883265
2017-12-13,0.0370411670812,2.31386970652,0.804951445795
2017-12-14,0.0372185540781,2.08233413547,0.8071236179
2017-12-15,0.0373461187999,2.13881591665,0.80895799844
2017-12-18,0.037297954995,2.56741674356,0.809975639882
2017-12-19,0.0378129468747,2.31052944571,0.815923287726
2017-12-20,0.0378909214801,2.17506680646,0.817642328669
2017-12-21,0.0379171031203,2.1927986278,0.818190872969
2017-12-22,0.037958028589,2.24258229179,0.817142321954
2017-12-26,0.0373372792205,2.55468846302,0.820048984027
2017-12-27,0.0369769360405,2.45859651058,0.821373180755
2017-12-28,0.0355867892233,3.0366629047,0.804869728079
2017-12-29,0.0355878961352,3.02884723228,0.798695688116
2018-01-02,0.0359689709208,3.32930916231,0.804623211208
2018-01-03,0.0361445561329,3.45220569661,0.805269522217
2018-01-04,0.0350489733978,4.03283986484,0.79698918056
2018-01-05,0.0351792326618,4.11186513298,0.804575484355
2018-01-08,0.0351781950027,4.09628513978,0.804442420366
2018-01-09,0.0352965070755,3.9346410028,0.80666128355
2018-01-10,0.0343891766558,3.5750982326,0.793624703241
2018-01-11,0.0346930303472,3.72574210715,0.794160919761
2018-01-12,0.0347192508971,3.72926520023,0.794120533301
2018-01-16,0.0347943250819,3.62357766797,0.792672163142
2018-01-17,0.0349705927376,3.6836473796,0.786147604733
2018-01-18,0.035012889859,3.35565795249,0.787362303208
2018-01-19,0.0351221539118,3.46533496947,0.789176103279
2018-01-22,0.0354992322679,3.62466071057,0.79140094948
2018-01-23,0.035671689625,3.82416108533,0.794415439433
2018-01-24,0.0356163726862,3.96199357424,0.790111092868
2018-01-25,0.0354458328457,3.76151254595,0.788395654648
2018-01-26,0.0357945560744,4.0823269397,0.784238157054
2018-01-29,0.0370660347767,3.52996308415,0.803441513173
2018-01-30,0.0383719895016,3.06665760161,0.81251135956
2018-01-31,0.0383043016421,3.03482587846,0.810895311995
2018-02-01,0.0385048219645,2.92714249969,0.813259929641
2018-02-02,0.043417765635,1.96868831354,0.842698454645
2018-02-05,0.0517571802968,0.907099814604,0.840942378308
2018-02-06,0.0527356025181,1.13909273257,0.833993421536
2018-02-07,0.0535476005133,0.942794629582,0.841791403789
2018-02-08,0.0594066574344,0.221633402007,0.82841008691
2018-02-09,0.0593378636266,0.657775729338,0.82876933512
2018-02-12,0.060200569626,0.85964756793,0.829764159028
2018-02-13,0.0600082401626,0.79161555122,0.831754207939
2018-02-14,0.0608776434567,1.09983556482,0.83763107427
2018-02-15,0.0613329319355,1.18675185378,0.835863551971
2018-02-16,0.0606603136963,1.43350711714,0.841331259364
2018-02-20,0.0613489152295,1.22682386776,0.847169881057
2018-02-21,0.0617320362074,1.02350640625,0.849004143078
2018-02-22,0.0616598207225,0.995656246869,0.853126495009
2018-02-23,0.0627950371513,1.22206090105,0.854218267388
2018-02-26,0.0631880335246,1.45133410161,0.853438975772
2018-02-27,0.064920178393,0.999303336022,0.863940162428
2018-02-28,0.0652566228553,0.815980384438,0.864343083077
2018-03-01,0.0657941217267,0.639768737165,0.859274397748
2018-03-02,0.0658175944663,0.656433655146,0.860010573221
2018-03-05,0.0656902889026,0.626912615491,0.854358281586
2018-03-06,0.0658497737063,0.714307228662,0.855501638456
2018-03-07,0.0658450402611,0.724028791619,0.857535376158
2018-03-08,0.0658863347221,0.747789405587,0.856752933534
2018-03-09,0.0663695365374,0.834372606327,0.852076810396
2018-03-12,0.0663413347127,0.883143593405,0.851586530571
2018-03-13,0.0663956340863,0.725209378928,0.854002642926
2018-03-14,0.0664090840187,0.695025540775,0.852609285441
2018-03-15,0.066345825749,0.726926091776,0.852419502208
2018-03-16,0.0663269601886,0.675970708571,0.85265990119
2018-03-19,0.0669885703036,0.461442358999,0.849185241016
2018-03-20,0.0669734094861,0.486451923709,0.849555512237
2018-03-21,0.0669977904892,0.5127287619,0.848069634105
2018-03-22,0.0690180879456,0.213193149141,0.844996372833
2018-03-23,0.0699816955842,0.0328393775464,0.834581045669
2018-03-26,0.072271036997,0.366603928233,0.83231352291
2018-03-27,0.0728221753643,0.198238649852,0.828629551798
2018-03-28,0.0727863477196,0.227697888423,0.828264448457
2018-03-29,0.0734243593841,0.462037340933,0.828819477984
2018-04-02,0.0745365460598,0.174185578243,0.821395238094
2018-04-03,0.0747730157544,0.252082263354,0.818838944798
2018-04-04,0.0750101930271,0.359740755896,0.818433719098
2018-04-05,0.0750212249498,0.364756272657,0.817062377576
2018-04-06,0.0758590817963,0.139145808649,0.808858363837
2018-04-09,0.0759563515473,0.182014513032,0.810269823897
2018-04-10,0.0766032255847,0.391637309923,0.809667356292
2018-04-11,0.0766169593363,0.349842379356,0.80888175798
2018-04-12,0.0764960360344,0.27864553279,0.805572590884
2018-04-13,0.0764603643105,0.226421494917,0.804825350345
2018-04-16,0.0765824038325,0.297222249547,0.803970011476
2018-04-17,0.0767498493799,0.338203043907,0.802783145529
2018-04-18,0.076725003654,0.38377961461,0.802582421496
2018-04-19,0.0769783281467,0.298945891284,0.803571610093
2018-04-20,0.0774948510025,0.149043649807,0.805225870172
2018-04-23,0.0775319919724,0.100760238764,0.805406548831
2018-04-24,0.0778511951544,-0.013259729449,0.801840110062
2018-04-25,0.0778313113136,0.00215933939553,0.801341144212
2018-04-26,0.0782458515718,0.162068853422,0.801864761921
2018-04-27,0.078215624893,0.296202431854,0.802148167324
2018-04-30,0.0784211252752,0.227155949158,0.802825656483
2018-05-01,0.0780844133327,0.0781304656917,0.8018522065
2018-05-02,0.0781845614903,0.012446212833,0.801621130252
2018-05-03,0.0781786032807,0.00291392538321,0.801310894479
2018-05-04,0.0785348731969,0.102809943911,0.799701524527
2018-05-07,0.0785260547299,0.0922605346234,0.79948868448
2018-05-08,0.0785294508656,0.0713044634222,0.800255912286
2018-05-09,0.0785509505892,0.0815555009308,0.798478632282
2018-05-10,0.0790927242026,0.27126173571,0.80055788777
2018-05-11,0.0790703425774,0.250817679523,0.800123677228
2018-05-14,0.0790215945248,0.279007574767,0.800194250638
2018-05-15,0.0798060715054,0.142216305805,0.804277629364
2018-05-16,0.0798346555413,0.187085977526,0.80430948132
2018-05-17,0.0798548664223,0.169631814732,0.804489911595
2018-05-18,0.0797822314297,0.213615691593,0.804237545003
2018-05-21,0.0797430263005,0.202112184422,0.803889599883
2018-05-22,0.0797541200983,0.175996298219,0.804096161129
2018-05-23,0.0797512960987,0.221612669549,0.803568592075
2018-05-24,0.0795099138601,0.116432728063,0.802535497898
2018-05-25,0.0794709896329,0.0485858829501,0.802576593336
2018-05-29,0.07974486222,-0.0987739091787,0.803706691723
2018-05-30,0.0802172602825,0.0976204499611,0.804802366366
2018-05-31,0.0801686826554,-0.0789832008874,0.80587361808
2018-06-01,0.0802061714449,0.0890009015737,0.804532416925
2018-06-04,0.0802359272251,0.105499371528,0.807068967207
2018-06-05,0.080236823725,0.112908747047,0.807065826111
2018-06-06,0.0803679170526,0.243858165678,0.807260095183
2018-06-07,0.0803104094322,0.279664864506,0.806797676038
2018-06-08,0.0802990740371,0.328703837963,0.806880495384
2018-06-11,0.0803074648182,0.359275416732,0.807212795631
2018-06-12,0.0802064124525,0.265343240081,0.806612446961
2018-06-13,0.0802725513756,0.186744203255,0.806931422275
2018-06-14,0.0803015982816,0.216845027374,0.806803027657
2018-06-15,0.0803267464188,0.0589165883079,0.806827014806
2018-06-18,0.0803162310326,0.0604560567584,0.806971107368
2018-06-19,0.0803271016044,-0.0935285793749,0.808649935614
2018-06-20,0.0800953746227,-0.192830284108,0.807493060566
2018-06-21,0.0800216134846,-0.17240398584,0.806726544462
2018-06-22,0.0801401128111,-0.0510031221055,0.80731264691
2018-06-25,0.0807657482892,-0.281706215425,0.807894994379
2018-06-26,0.0807351489377,-0.306152031964,0.807595169866
2018-06-27,0.0809986688871,-0.440040302996,0.808863002363
2018-06-28,0.0810218330062,-0.430861614606,0.808525799162
2018-06-29,0.0810846870866,-0.404942654218,0.80879555101
2018-07-02,0.0811883642713,-0.487602804537,0.809054808766
2018-07-03,0.0809396101056,-0.563359280138,0.806962492744
2018-07-05,0.0810816870263,-0.527662754793,0.807332115772
2018-07-06,0.0812797979428,-0.472067924251,0.807393695635
2018-07-09,0.0814096922364,-0.438623539586,0.807778582654
2018-07-10,0.0814144828595,-0.429741765407,0.807593246057
2018-07-11,0.0819349959548,-0.555348194411,0.810506991258
2018-07-12,0.0822854234096,-0.386134896626,0.8113507458
2018-07-13,0.0821066972718,-0.466209884269,0.811133027206
2018-07-16,0.0818384911892,-0.619239694425,0.809813057281
2018-07-17,0.0818296062125,-0.585455321604,0.809452554119
2018-07-18,0.0816701152953,-0.665734357947,0.810073900428
2018-07-19,0.0816319244353,-0.64554387404,0.809793661045
2018-07-20,0.0815503424637,-0.695416824333,0.808741410563
2018-07-23,0.08134598441,-0.844957276108,0.808373523126
2018-07-24,0.0813551404537,-0.842298253104,0.808088211001
2018-07-25,0.081717723292,-0.739017121082,0.809974174313
2018-07-26,0.081795648397,-0.791039420955,0.810742848017
2018-07-27,0.081515277148,-0.953879214089,0.809708859759
2018-07-30,0.0811251185243,-0.861647609892,0.806862080326
2018-07-31,0.0807912804432,-0.623044653929,0.806473302028
2018-08-01,0.0807955388114,-0.730098764397,0.806569765965
2018-08-02,0.0807284329902,-0.683181406211,0.803950038748
2018-08-03,0.0785498280728,-0.26566374022,0.798129438257
2018-08-06,0.0734654919727,0.236549142017,0.792284616524
2018-08-07,0.0727686671912,0.0857393990017,0.793956338839
2018-08-08,0.072147757643,0.262786350172,0.79025535334
2018-08-09,0.0673934470059,0.806557806266,0.791814992368
2018-08-10,0.0672551982295,0.460335684306,0.794248860406
2018-08-13,0.0667354446057,0.116155683792,0.794335059439
2018-08-14,0.0667757816771,0.136436355038,0.79394818288
2018-08-15,0.0665168834815,-0.295485721488,0.79258116961
2018-08-16,0.0661314097352,-0.368525872882,0.792182546431
2018-08-17,0.0663565240099,-0.279536946292,0.793648112124
2018-08-20,0.0658976190665,-0.00932236244782,0.790452231153
2018-08-21,0.0656011234071,0.187189298095,0.789123625948
2018-08-22,0.065543897247,0.153138003147,0.788670143402
2018-08-23,0.0645597768796,-0.220437348814,0.787380583948
2018-08-24,0.0645813944809,-0.213287992396,0.790473119917
2018-08-27,0.0631954393721,0.260963705223,0.781633206045
2018-08-28,0.062882419993,0.36540615433,0.780958508872
2018-08-29,0.0624684065788,0.648634566935,0.784740592333
2018-08-30,0.0627554626745,0.447099524664,0.786982635003
2018-08-31,0.0624806690995,0.294985376814,0.788818516738
2018-09-04,0.0626692897908,0.0279072988436,0.790189124548
2018-09-05,0.0627291047118,-0.0143298815954,0.790409888868
2018-09-06,0.0626498084747,-0.106310423208,0.790387242442
2018-09-07,0.0621371930316,-0.465247978675,0.794304879725
2018-09-10,0.062153432496,-0.447772548614,0.794814511408
2018-09-11,0.0620405589565,-0.344952531338,0.7950448238
2018-09-12,0.0621098144508,-0.252693413338,0.796720009594
2018-09-13,0.062255298824,-0.107506442625,0.797172264964
2018-09-14,0.0622843718892,-0.142709665339,0.797398126524
2018-09-17,0.0616301058982,0.0262239099369,0.797515698338
2018-09-18,0.0617035805353,0.102343515641,0.797940176466
2018-09-19,0.0616747340966,0.0750765123754,0.79941170978
2018-09-20,0.0598493949296,0.655502381043,0.802744546692
2018-09-21,0.0585999677319,0.934991022342,0.815474137363
2018-09-24,0.0560477602314,0.392774782261,0.817623401553
2018-09-25,0.0553269611159,0.645361655549,0.824054783501
2018-09-26,0.0553428990931,0.629065650871,0.825143092122
2018-09-27,0.054444625471,0.378585271844,0.823125425401
2018-09-28,0.0528811108277,0.723358179331,0.842129753447
2018-10-01,0.0525152128878,0.567802523185,0.846436179181
2018-10-02,0.0521772501811,0.401498104398,0.849987342955
2018-10-03,0.0523109201926,0.1792167042,0.854367607055
2018-10-04,0.0520038741103,0.22171379112,0.892112002417
2018-10-05,0.0520395653402,-0.015816421151,0.888018338359
2018-10-08,0.0510565146696,-0.350151552613,0.892723000662
2018-10-09,0.0510401098036,-0.325761779436,0.897301643015
2018-10-10,0.0551297978088,-0.852675009098,0.872593588628
2018-10-11,0.055895797706,-1.0719522699,0.848271959166
2018-10-12,0.0562035056088,-0.992044735827,0.843840695731
2018-10-15,0.0557560290327,-1.23092147073,0.841063088052
2018-10-16,0.0579262650338,-0.822967301674,0.843031243857
2018-10-17,0.0576954945411,-0.757427071319,0.842681253989
2018-10-18,0.058085135453,-0.808278018711,0.841020561965
2018-10-19,0.0580765298127,-0.709383130276,0.839833762567
2018-10-22,0.0577754021067,-0.634312322172,0.852191805157
2018-10-23,0.057820083475,-0.661950058235,0.852387148242
2018-10-24,0.0597041066916,-1.24315537897,0.834083060354
2018-10-25,0.060533326755,-1.06763169288,0.830142626607
2018-10-26,0.0608895069466,-1.1271781195,0.823320787725
2018-10-29,0.0610317750701,-1.21272538231,0.823445925316
2018-10-30,0.0616587432711,-0.902761982806,0.8256571373
2018-10-31,0.061821056423,-0.817310817098,0.822509305384
2018-11-01,0.0625864546145,-0.704230927924,0.833837375602
2018-11-02,0.0626873604799,-0.825900354253,0.831353268958
2018-11-05,0.0628030939119,-0.730697416014,0.831194789655
2018-11-06,0.0627366896562,-0.754748138003,0.832688017277
2018-11-07,0.063626212553,-0.64071311029,0.825200345163
2018-11-08,0.0638561781392,-0.790727386088,0.827338200548
2018-11-09,0.0642629200979,-0.921337244561,0.828314215458
2018-11-12,0.0643863177372,-0.93710035173,0.820203639209
2018-11-13,0.0643460672681,-0.967730602874,0.819417435298
2018-11-14,0.0643265743396,-0.944312461631,0.81486419849
2018-11-15,0.0646891468954,-0.774499319475,0.813494500282
2018-11-16,0.0645553249533,-0.806563624303,0.813513262127
2018-11-19,0.0652158492227,-0.982217706092,0.807621479049
2018-11-20,0.0666536705586,-1.28825772774,0.811482079249
2018-11-21,0.06697543205,-1.15953789044,0.813686973681
2018-11-23,0.0671555050212,-1.24881943571,0.814014330932
2018-11-26,0.0676112676067,-0.8972786077,0.810660660034
2018-11-27,0.0669749178205,-1.07958117911,0.807920536484
2018-11-28,0.0688176755151,-0.627352982805,0.807853396859
2018-11-29,0.068613602634,-0.757643738862,0.808585758774
2018-11-30,0.0685945339742,-0.764078384255,0.807184493011
2018-12-03,0.0696973826944,-0.51948272901,0.811941747367
2018-12-04,0.071999691403,-0.979191535322,0.802679443635
2018-12-06,0.0719958802419,-0.96690412097,0.802954403906
2018-12-07,0.0729417473101,-1.21462470648,0.795313090044
2018-12-10,0.0729506843288,-1.29659820907,0.794108249776
2018-12-11,0.0729523515548,-1.27309950909,0.794461110487
2018-12-12,0.0730829300206,-1.11506362812,0.795406107078
2018-12-13,0.0730304278083,-1.16528908398,0.795511454448
2018-12-14,0.0737974280385,-1.29135787218,0.794242078433
2018-12-17,0.07452241044,-1.4288709993,0.79201482803
2018-12-18,0.0744867263226,-1.29537257316,0.791773489869
2018-12-19,0.0751126667668,-1.48239675916,0.792862608437
2018-12-20,0.0752237185652,-1.51291776672,0.784964230986
2018-12-21,0.0762755986852,-1.84765954234,0.785871669324
2018-12-24,0.0766845544626,-1.88955266159,0.777512852026
2018-12-26,0.0812000946664,-1.35123499375,0.763411832808
2018-12-27,0.0811478793812,-1.14728931983,0.762170204368
2018-12-28,0.0811773588141,-1.13755572514,0.762594551224
2018-12-31,0.0812731864771,-1.11338759114,0.761242374546
2019-01-02,0.081182281962,-1.04525470248,0.761802358559
2019-01-03,0.0815465970147,-1.2235659694,0.753581410823
2019-01-04,0.083847009363,-0.956251803976,0.753967896542
2019-01-07,0.0836992891331,-0.9960787344,0.753481812705
2019-01-08,0.0837378197696,-0.984773629193,0.753641567612
2019-01-09,0.0840360192553,-0.885421072679,0.755375168061
2019-01-10,0.0835702758884,-0.686035075543,0.753087243015
2019-01-11,0.0831899866081,-0.82322616984,0.751876467359
2019-01-14,0.0833034984746,-0.918555012179,0.751992851556
2019-01-15,0.0836116751735,-0.761030636129,0.751559005308
2019-01-16,0.0836953406621,-0.70546268289,0.752643829202
2019-01-17,0.083799799865,-0.64329220307,0.752452689287
2019-01-18,0.0840628350465,-0.490208378187,0.750839165217
2019-01-22,0.0845779464994,-0.661210890349,0.752202133381
2019-01-23,0.0845928174305,-0.571096728106,0.752357943122
2019-01-24,0.0844776542014,-0.616093338348,0.752061653155
2019-01-25,0.0846620268619,-0.585335670264,0.753265692051
2019-01-28,0.084673879781,-0.59213364993,0.752272374002
2019-01-29,0.0846944553192,-0.50427246175,0.753117018126
2019-01-30,0.0856842555969,-0.2251368767,0.755892088791
2019-01-31,0.0858652091852,-0.182590777604,0.755644369765
2019-02-01,0.0858451886645,-0.173463497943,0.755471649567
2019-02-04,0.0858957803734,-0.111064588337,0.75682315398
2019-02-05,0.0859637277872,-0.0933621552818,0.757276520752
2019-02-06,0.0860723842989,-0.152476785814,0.758593345673
2019-02-07,0.0862294137438,-0.290866767302,0.758334581019
2019-02-08,0.0862339423924,-0.271693882792,0.758149132844
2019-02-11,0.0862509436457,-0.298081932352,0.758168284095
2019-02-12,0.0863641401489,-0.0356178529725,0.756921994869
2019-02-13,0.0861536696224,0.0616980782338,0.755734370307
2019-02-14,0.0861011277704,0.0298429325153,0.755686292044
2019-02-15,0.0860110929367,0.326579815414,0.754346293754
2019-02-19,0.0859657123861,0.31097605835,0.75459162625
2019-02-20,0.0858019917995,0.240749063341,0.753760537627
2019-02-21,0.0858697942051,0.0970766988252,0.754041001464
2019-02-22,0.0860684264934,0.16071031665,0.754590678203
2019-02-25,0.0860600748293,0.148865894178,0.754616388456
2019-02-26,0.0859194966355,0.247641465943,0.754136377563
2019-02-27,0.0856254529744,0.0435539277159,0.752648548558
2019-02-28,0.0854470186047,-0.129542385807,0.751983130782
2019-03-01,0.0854286432885,-0.0932530561915,0.750810425925
2019-03-04,0.0853258457187,-0.190381569772,0.750345114534
2019-03-05,0.0851056655087,-0.0719477017153,0.7492615456
2019-03-06,0.0851603026848,-0.110001358286,0.749258597102
2019-03-07,0.0851242171739,-0.0984209324193,0.749263188517
2019-03-08,0.0850768680128,-0.0407925290153,0.748971736336
2019-03-11,0.0856089940751,0.128738444081,0.749348146854
2019-03-12,0.085487122882,0.295496943573,0.748666445987
2019-03-13,0.0856515523787,0.364869903187,0.749351572286
2019-03-14,0.0857144378298,0.302823001821,0.749731181962
2019-03-15,0.0859328382765,0.366271998468,0.750808745863
2019-03-18,0.0858508577591,0.329329570689,0.750646559956
2019-03-19,0.0858241848253,0.369062273316,0.750528076618
2019-03-20,0.0858248606053,0.434816053666,0.751071227728
2019-03-21,0.0859542947402,0.477897869369,0.749685675599
2019-03-22,0.0868223573322,0.262274697302,0.75183128476
2019-03-25,0.0864903675382,0.163857213625,0.750577913101
2019-03-26,0.0865823648579,0.24661235678,0.750236446223
2019-03-27,0.0864897071255,0.279379252544,0.749707627684
2019-03-28,0.0864883500776,0.276655406333,0.74942355901
2019-03-29,0.0865597513094,0.366773756361,0.749382022675
2019-04-01,0.0867247287661,0.454128082751,0.749764326398
2019-04-02,0.0867338275242,0.489599578591,0.749812199539
2019-04-03,0.0867371600916,0.500251476633,0.750143344355
2019-04-04,0.0867483695034,0.531510286866,0.750069965501
2019-04-05,0.0866604891095,0.671283197718,0.749492951111
2019-04-08,0.0860830567481,0.832405630007,0.747083112747
2019-04-09,0.0859953263121,0.862999266776,0.746910795379
2019-04-10,0.0860753466842,0.972713546387,0.74728566938
2019-04-11,0.0861933784534,0.91297636409,0.747631146544
2019-04-12,0.0835086535163,1.35866107491,0.745451714301
2019-04-15,0.0829030825572,1.50843845347,0.749843207227
2019-04-16,0.0827193641667,1.33912054176,0.751689593321
2019-04-17,0.082703766347,1.35109456856,0.752532529536
2019-04-18,0.0813761009802,1.14039284629,0.75032571024
2019-04-22,0.0813043066979,1.16898529801,0.750040908168
2019-04-23,0.0806239369078,1.47816542021,0.747302068571
2019-04-24,0.0806462451474,1.42472580467,0.747775373408
2019-04-25,0.080544075459,1.47814412054,0.747444255549
2019-04-26,0.0806079722136,1.62798636793,0.747936674319
2019-04-29,0.0785410150774,1.96124844216,0.748558064364
2019-04-30,0.0779740745162,1.82495395592,0.749058062173
2019-05-01,0.0776474224928,1.887324239,0.751162822738
2019-05-02,0.0775583468993,1.9192156129,0.750999156933
2019-05-03,0.0775881108137,1.92346438381,0.752372249869
2019-05-06,0.0777013944259,1.75649699509,0.755124504106
2019-05-07,0.0778648753597,1.3101851444,0.753489724128
2019-05-08,0.0777453069662,1.36101544576,0.754234694601
2019-05-09,0.077757905902,1.24958998946,0.754679286192
2019-05-10,0.0778455365793,1.28223716886,0.755788895153
2019-05-13,0.0781931882617,0.748710163247,0.755540189357
2019-05-14,0.0782040565142,0.974724788001,0.754834229113
2019-05-15,0.077915647324,1.2050568773,0.753551484162
2019-05-16,0.0768465165032,1.51723379239,0.75008972579
2019-05-17,0.0771668122731,1.37882831891,0.751987997886
2019-05-20,0.0774196406364,1.28238242258,0.754999673469
2019-05-21,0.0773894142815,1.27554792605,0.755926746665
2019-05-22,0.0773162736426,1.16796293669,0.755461456944
2019-05-23,0.0768495121362,1.26175740687,0.756057762455
2019-05-24,0.0754511470262,1.62008380759,0.752265005059
2019-05-28,0.0755246336156,1.39179347187,0.751843489742
2019-05-29,0.0754573120272,1.41164424195,0.751351137417
2019-05-30,0.0750332081593,1.33322687325,0.752653314684
2019-05-31,0.0750721097817,1.28518569837,0.748743999531
2019-06-03,0.0735215630701,1.07796843715,0.746760589762
2019-06-04,0.0742116072537,1.29331340562,0.741470423134
2019-06-05,0.0743077574503,1.33726035746,0.741719909454
2019-06-06,0.0734841304572,1.20072039712,0.73799743251
2019-06-07,0.0713772779076,1.80899935594,0.740505437504
2019-06-10,0.0713754555638,1.8098270939,0.740029342663
2019-06-11,0.0701740058413,2.11521055049,0.743360394668
2019-06-12,0.070124109807,2.14283051564,0.744064175033
2019-06-13,0.0701908745296,2.21728967873,0.744205124977
2019-06-14,0.070189310437,2.06253223083,0.744153919953
2019-06-17,0.0701811266872,2.08374339631,0.744043678457
2019-06-18,0.0697249759161,2.55775732955,0.746157324074
2019-06-19,0.0687617117556,2.94159407984,0.746721223247
2019-06-20,0.069631836668,3.09948596554,0.75207534774
2019-06-21,0.0688285818646,3.27519905631,0.750057187462
2019-06-24,0.0684224238418,3.47600842633,0.757451728038
2019-06-25,0.0670754369736,3.70355632624,0.753524498351
2019-06-26,0.0656292717498,3.99789987991,0.761872088479
2019-06-27,0.060903778172,3.80850891047,0.786898217437
2019-06-28,0.0608476268649,3.78670991272,0.787959377054
2019-07-01,0.0607994485256,3.75638126566,0.783496114623
2019-07-02,0.0609116013245,3.78458494514,0.786694275043
2019-07-03,0.061104938382,3.93294598245,0.786950983294
2019-07-05,0.06082276661,3.99261241179,0.812472780101
2019-07-08,0.0581491323062,3.56487330809,0.821437306836
2019-07-09,0.0580748198211,3.46430796628,0.821912996459
2019-07-10,0.0580687085871,3.4630491907,0.823576140326
2019-07-11,0.0579586448928,3.22451921305,0.822356169954
2019-07-12,0.0579906886305,3.24637634213,0.822110257461
2019-07-15,0.0579750665066,3.28457867918,0.822011757059
2019-07-16,0.0579567782615,3.29460836086,0.824239605074
2019-07-17,0.057663089699,3.14316370905,0.821864053793
2019-07-18,0.0577870843721,3.18697534135,0.82288692087
2019-07-19,0.0583037018321,2.88982202285,0.828463598296
2019-07-22,0.0580205796398,2.77249221265,0.83411308137
2019-07-23,0.0571060293084,3.15005841368,0.832499738484
2019-07-24,0.0571426768641,3.17297359777,0.831971178891
2019-07-25,0.0576774338009,2.92503649753,0.836013054278
2019-07-26,0.057132087978,2.81938970529,0.829984335002
2019-07-29,0.0569016948114,2.94518597142,0.832240282707
2019-07-30,0.057000202189,2.80253897125,0.833615748074
2019-07-31,0.0564061560039,2.29335860144,0.832479436093
2019-08-01,0.0560356670673,2.16877397699,0.828977754447
2019-08-02,0.0562542391512,2.09682695839,0.828403323566
2019-08-05,0.0590290289957,1.50943392975,0.821112416715
2019-08-06,0.0597992065164,1.62140279116,0.821078968948
2019-08-07,0.0596915133647,1.82408539693,0.819157401252
2019-08-08,0.0607165601495,2.24642601291,0.818976793711
2019-08-09,0.0611386704623,2.0652357948,0.820893095766
2019-08-12,0.0612910585286,2.00366090708,0.816114059676
2019-08-13,0.0611538216472,1.98172837806,0.811162945547
2019-08-14,0.063989886987,1.49825805355,0.808932457309
2019-08-15,0.0642238979374,1.59631243538,0.811203233771
2019-08-16,0.064168178095,1.58781041447,0.807249453712
2019-08-19,0.064073931993,1.55587285037,0.801985630492
2019-08-20,0.0641081819747,1.49175876712,0.799768715102
2019-08-21,0.0640011045628,1.70947047721,0.79797886494
2019-08-22,0.0638293066874,1.51061327355,0.797506833165
2019-08-23,0.0646974666555,1.25202175168,0.779957150857
2019-08-26,0.0650137184528,1.36865416973,0.779880577662
2019-08-27,0.0648515759821,1.49092396604,0.778047993251
2019-08-28,0.0647466440591,1.64673736071,0.77572477003
2019-08-29,0.0650282904999,1.77665608628,0.77547170403
2019-08-30,0.0649960037912,1.82978095505,0.775596649642
2019-09-03,0.0650121817052,1.78658528391,0.773088824744
2019-09-04,0.0657444556679,2.07594295588,0.777617040173
2019-09-05,0.0653608762376,2.24686981031,0.768692581671
2019-09-06,0.0653620569589,2.24241178866,0.769005158477
2019-09-09,0.0648499093212,1.9963378278,0.769443466484
2019-09-10,0.0649591021392,1.80852227067,0.770262707955
2019-09-11,0.0649550743227,1.80749152409,0.769827231346
2019-09-12,0.0648780676559,1.93978615516,0.769341341719
2019-09-13,0.0647610344868,1.70233250012,0.768325504352
2019-09-16,0.0647401922603,1.64652942768,0.768070669788
2019-09-17,0.064819435788,1.71803814936,0.768670024164
2019-09-18,0.0648443089309,1.63330485437,0.76884268061
2019-09-19,0.0646500688294,1.55079252421,0.771401144673
2019-09-20,0.0633923453302,1.87727813379,0.76620173862
2019-09-23,0.0633802438131,1.85702208306,0.766195992493
2019-09-24,0.0633919358252,1.69368878418,0.76609806526
2019-09-25,0.0633600163529,1.70687480551,0.763798437408
2019-09-26,0.0633601140192,1.70772167154,0.764201739714
2019-09-27,0.0635076876844,1.50427971166,0.765770850884
2019-09-30,0.0633112051355,1.4111011559,0.764825721133
2019-10-01,0.0637001668492,1.21841666826,0.764137271975
2019-10-02,0.0645650458031,0.957807574235,0.76175916305
2019-10-03,0.0651387333775,1.10872904233,0.764765204788
2019-10-04,0.0656115653257,1.21318555276,0.763619916257
2019-10-07,0.065884591149,1.08676336175,0.76509945161
2019-10-08,0.0663491139803,0.967887671733,0.761608853621
2019-10-09,0.0664163692756,0.986257103251,0.760457135503
2019-10-10,0.0662708322911,1.11135537879,0.759120060678
2019-10-11,0.0664187438341,1.15634153289,0.759630827409
2019-10-14,0.0664014812441,1.18151218856,0.759499896666
2019-10-15,0.0664240573165,1.33296159583,0.758395583431
2019-10-16,0.0663964178025,1.39235838546,0.75820521164
2019-10-17,0.0664134304796,1.40572122399,0.758389460661
2019-10-18,0.0664091905841,1.41356939495,0.757717901215
2019-10-21,0.0662325312458,1.35183372112,0.758423048172
2019-10-22,0.0662192575143,1.36309538177,0.758088602406
2019-10-23,0.0662510515097,1.4453216218,0.758234688868
2019-10-24,0.0660695829184,1.37106738512,0.757230223492
2019-10-25,0.0660542602882,1.42184505894,0.756826325816
2019-10-28,0.0660386224867,1.39314262106,0.755789329451
2019-10-29,0.0657210513777,1.51072339031,0.754319083261
2019-10-30,0.0657711519194,1.68565778445,0.754793822357
2019-10-31,0.0651836950361,1.52240507156,0.751738093431
2019-11-01,0.065284397808,1.7734000778,0.751117559429
2019-11-04,0.0640181100457,2.08964256592,0.746413201563
2019-11-05,0.0643034844659,1.98853288712,0.748290876612
2019-11-06,0.0642142898862,2.08336710574,0.747763534174
2019-11-07,0.0641663695281,1.9093248211,0.74699943846
2019-11-08,0.0622326766515,2.27734447246,0.746396001986
2019-11-11,0.0619862370465,2.09650735992,0.745834538074
2019-11-12,0.0618403242705,2.00019037629,0.745064547083
2019-11-13,0.061781835016,1.94767265391,0.747192214644
2019-11-14,0.0614188150444,2.17723629808,0.744884753676
2019-11-15,0.0611671696957,2.42720487289,0.743214484347
2019-11-18,0.0609472256196,2.33889029508,0.742797577717
2019-11-19,0.060904471176,2.38453620807,0.742595015728
2019-11-20,0.0606741952192,2.46973124222,0.744829775471
2019-11-21,0.0607729559642,2.29575118909,0.745575067575
2019-11-22,0.0604144666164,2.46415980642,0.744241250687
2019-11-25,0.0603528570386,2.69637826792,0.743652257878
2019-11-26,0.0602590945552,2.65834669429,0.742967834238
2019-11-27,0.0601968723182,2.73696975936,0.750146134027
2019-11-29,0.0603435772748,2.53856474143,0.753064987268
2019-12-02,0.0600012340011,2.13830092389,0.763339078924
2019-12-03,0.0598668583877,2.05009903483,0.761834973499
2019-12-04,0.059862150965,2.04827555861,0.762423416116
2019-12-05,0.0591424294944,1.8417414263,0.758621820129
2019-12-06,0.0592156029888,1.9388722768,0.757456218981
2019-12-09,0.0592917672906,1.83951969932,0.758248936836
2019-12-10,0.0592591260944,1.86720237512,0.757815316702
2019-12-11,0.0593307934091,1.89065933352,0.758793404011
2019-12-12,0.0592359813211,2.01502506124,0.756701779538
2019-12-13,0.0593381700432,2.09169742599,0.757564027397
2019-12-16,0.0585803733139,1.96550903291,0.752901599594
2019-12-17,0.058391780716,1.8192782801,0.751453735563
2019-12-18,0.057215579847,1.54639948558,0.742494314329
2019-12-19,0.0571495514021,1.71682849875,0.741796073969
2019-12-20,0.0571504240646,1.72098896708,0.742251040909
2019-12-23,0.05665389723,1.91942557393,0.741142576486
2019-12-24,0.0565095455617,2.05865669704,0.739948624996
2019-12-26,0.0566103843234,2.08549196728,0.740787209241
2019-12-27,0.0565218121118,2.02312547181,0.740237173097
2019-12-30,0.0566780272977,1.84167920168,0.745840479402
2019-12-31,0.0563402614626,1.72745046977,0.7436216419
2020-01-02,0.0567204906341,1.78649003323,0.746501822288
2020-01-03,0.0563485544917,1.89905759381,0.742162177091
2020-01-06,0.0561268288048,2.10969937074,0.74097579562
2020-01-07,0.056217095723,2.04390206931,0.741348318325
2020-01-08,0.0559232927197,1.92263220951,0.738003990441
2020-01-09,0.0558577225396,2.09790505647,0.736119737588
2020-01-10,0.0557874876752,2.03090676121,0.735254840984
2020-01-13,0.0559122610865,2.10390878732,0.735513506649
2020-01-14,0.0556697553151,2.21383971489,0.73369508796
2020-01-15,0.0556974625456,2.2764818618,0.73715431947
2020-01-16,0.0556468381741,2.26267896583,0.735112030703
2020-01-17,0.0550791909646,2.52195639412,0.731017968534
2020-01-21,0.0551444958284,2.42978794306,0.731779459046
2020-01-22,0.0550704188368,2.3554044148,0.732232061452
2020-01-23,0.0549965794233,2.29325926888,0.732190543282
2020-01-24,0.0546253345808,2.39704166185,0.726466465169
2020-01-27,0.0557696393159,1.96458239246,0.733047005011
2020-01-28,0.0559236011853,2.07385011285,0.731509533629
2020-01-29,0.0558269325076,2.2002516558,0.7306876795
2020-01-30,0.0550718858759,2.45022120717,0.726333760092
2020-01-31,0.0562383183039,2.09036182625,0.731285072136
2020-02-03,0.0559555081474,2.31088907203,0.728683635016
2020-02-04,0.0534051746926,3.10548925992,0.725206024274
2020-02-05,0.0526214772952,3.01283544114,0.719987299062
2020-02-06,0.0525872586008,2.99797499891,0.721253506866
2020-02-07,0.0511766583939,2.61290400396,0.717709474957
2020-02-10,0.050919218844,2.96314944943,0.715755115574
2020-02-11,0.050669832666,3.16378879646,0.718861120982
2020-02-12,0.0503485734641,3.090752447,0.722977082016
2020-02-13,0.0465982667407,3.85219635907,0.713546841584
2020-02-14,0.0463372555522,3.75927885609,0.711179245117
2020-02-18,0.0457766169234,3.52857510645,0.71135181273
2020-02-19,0.0457597450123,3.52404122604,0.717251928159
2020-02-20,0.0457697015292,3.51800163602,0.720619492872
2020-02-21,0.0457075348454,3.30829278235,0.71214390958
2020-02-24,0.0511553947766,2.40992278703,0.734196360349
2020-02-25,0.0544437671189,1.9870239391,0.767961957499
2020-02-26,0.0541178399763,1.78144002293,0.766672324198
2020-02-27,0.0618493716317,0.857495353281,0.772681733537
2020-02-28,0.0621397189864,0.637605653308,0.773263262371
2020-03-02,0.0666024127158,0.981669693135,0.76535727303
2020-03-03,0.0668788423517,0.838494765835,0.737046648294
2020-03-04,0.0717626315495,1.32135805411,0.742315011047
2020-03-05,0.0731180559053,0.747244210952,0.731139109649
2020-03-06,0.0736405232864,0.558099684011,0.737268869062
2020-03-09,0.0950838756322,-0.466029359586,0.793726033969
2020-03-10,0.09769613081,-0.0918050102833,0.781726313401
2020-03-11,0.107725095588,-0.624268270805,0.802757334305
2020-03-12,0.141774423099,-1.45549451139,0.843095921915
2020-03-13,0.152279052239,-0.875115449319,0.818410116368
2020-03-16,0.1711497743,-1.39689108417,0.846045483165
2020-03-17,0.172959917222,-1.18650760652,0.84804986631
2020-03-18,0.182842249719,-1.62126988111,0.856664052448
2020-03-19,0.183211301578,-1.5277416407,0.855645826811
2020-03-20,0.183299659529,-1.60306123296,0.846463060637
2020-03-23,0.183302270724,-1.60301834482,0.846186863545
2020-03-24,0.195966254517,-1.01741856729,0.855062537025
2020-03-25,0.197015898321,-0.850971641387,0.856721339431
2020-03-26,0.201404081932,-0.52595758269,0.857614800189
2020-03-27,0.202294857571,-0.666263003542,0.858142640761
2020-03-30,0.203187373878,-0.499412932272,0.85641793851
2020-03-31,0.203610713675,-0.601246981245,0.857079083427
2020-04-01,0.205804350546,-0.763610888852,0.856393598738
2020-04-02,0.206633412625,-0.555167308436,0.858042507224
2020-04-03,0.20667068757,-0.694243852133,0.857935223003
2020-04-06,0.21337378945,-0.380864670612,0.860193126737
2020-04-07,0.213321431475,-0.33254602859,0.860131550801
2020-04-08,0.21422154782,-0.141044136266,0.858568555074
2020-04-09,0.215428796349,-0.0245527137001,0.860744779845
2020-04-13,0.215569358945,-0.0891617157386,0.860601236016
2020-04-14,0.2166212289,0.0164416438738,0.860426573584
2020-04-15,0.217515997299,-0.110911824793,0.861813275753
2020-04-16,0.217478300964,-0.128120866763,0.861749384012
2020-04-17,0.218204412272,-0.0211776830366,0.861000353781
2020-04-20,0.218623415971,-0.128236916002,0.860801565573
2020-04-21,0.219669135735,-0.256311081539,0.860192777964
2020-04-22,0.220529285586,-0.149272500394,0.861124910713
2020-04-23,0.220529726793,-0.138893411158,0.861156659548
2020-04-24,0.220669124291,-0.105046149581,0.860783883579
2020-04-27,0.220899316526,-0.0533869876437,0.860999796143
2020-04-28,0.220901566114,-0.0511380398752,0.860908870854
2020-04-29,0.221930486371,0.0808492145203,0.861437191834
2020-04-30,0.222420294837,-0.00692802261411,0.86238624931
2020-05-01,0.223338218356,-0.171589207816,0.862332162623
2020-05-04,0.223352382327,-0.162925344051,0.862355087593
2020-05-05,0.22330752408,-0.172829252289,0.862243224163
2020-05-06,0.223498746919,-0.23757734169,0.862543705904
2020-05-07,0.223890561021,-0.11239787872,0.863146708487
2020-05-08,0.22419203809,-0.0485043594539,0.863312885097
2020-05-11,0.22420545144,-0.05519680608,0.863383559872
2020-05-12,0.224587085032,-0.128458635972,0.863308061324
2020-05-13,0.224764739203,-0.1758868884,0.862596014303
2020-05-14,0.224857211426,-0.139646800646,0.861959742273
2020-05-15,0.224862439274,-0.134905888296,0.861849582829
2020-05-18,0.22630802305,0.00514486811571,0.863347415615
2020-05-19,0.226358061481,-0.063521234925,0.863285352468
2020-05-20,0.22677905317,0.0111275961036,0.863332370673
2020-05-21,0.226920022609,-0.0411776501266,0.863589912357
2020-05-22,0.226915455873,-0.024367626831,0.863579065961
2020-05-26,0.227239482974,0.0758650405547,0.864139908437
2020-05-27,0.227499010023,0.140254933138,0.864038550477
2020-05-28,0.227437187721,0.112023248997,0.864000609795
2020-05-29,0.227455124127,0.119124923214,0.863955146173
2020-06-01,0.227674273204,0.172875491831,0.864310078026
2020-06-02,0.227724657795,0.242666283418,0.864305513074
2020-06-03,0.227809228458,0.346512636129,0.86450990195
2020-06-04,0.227858043132,0.315149807215,0.864759834811
2020-06-05,0.2283789081,0.390194846305,0.863794372629
2020-06-08,0.228677958178,0.463067757655,0.864209842934
2020-06-09,0.228741023056,0.405133822823,0.864462963543
2020-06-10,0.228721406603,0.422520175075,0.864325321803
2020-06-11,0.233451511503,0.137256785848,0.866049114576
2020-06-12,0.233735601741,0.183099483728,0.866478291942
2020-06-15,0.233794756607,0.204550848829,0.866271119273
2020-06-16,0.234040848918,0.249673775553,0.865911630118
2020-06-17,0.234007445433,0.212578869606,0.865744253155
2020-06-18,0.234008813161,0.210994798215,0.865730159066
2020-06-19,0.234026155025,0.197302761678,0.865632015016
2020-06-22,0.234093789972,0.216234812482,0.865781949658
2020-06-23,0.234118587458,0.226767294149,0.865868392384
2020-06-24,0.234976430845,0.104229504998,0.866085708328
2020-06-25,0.235128930246,0.145916850459,0.866130530293
2020-06-26,0.235499173942,0.0269207112373,0.865254448746
2020-06-29,0.235721005493,0.0805261201178,0.865120172337
2020-06-30,0.235759472193,0.143468741944,0.864583094888
2020-07-01,0.235813450451,0.165274193267,0.864592218651
2020-07-02,0.235728150947,0.150619095444,0.864600938968
2020-07-06,0.236106518078,0.248769630443,0.865174850474
2020-07-07,0.236244890898,0.181462782042,0.865294100557
2020-07-08,0.236328860623,0.24003949234,0.865449447251
2020-07-09,0.236374501479,0.206848061401,0.865620923486
2020-07-10,0.236396708122,0.214796842888,0.865565438933
2020-07-13,0.23647101383,0.175872946118,0.865522257024
2020-07-14,0.236639545603,0.210409298447,0.865515525678
2020-07-15,0.236733189355,0.256519290726,0.865547490766
2020-07-16,0.236797210928,0.207530020124,0.865674191869
2020-07-17,0.236798709591,0.207983169976,0.865866247781
2020-07-20,0.23686167954,0.231005208461,0.86581569679
2020-07-21,0.236887845306,0.27126363044,0.865860619923
2020-07-22,0.236957974508,0.304396747578,0.865966488276
2020-07-23,0.237045162787,0.261984723878,0.865643024331
2020-07-24,0.2370461118,0.261638161446,0.865735252819
2020-07-27,0.236969091173,0.387854310894,0.865981951678
2020-07-28,0.236937666803,0.351079043897,0.866014392812
2020-07-29,0.237203498068,0.409035017612,0.866318569244
2020-07-30,0.237306621738,0.369268781768,0.866573578592
2020-07-31,0.237039569532,0.435055824227,0.866293358215
2020-08-03,0.237098825535,0.454936217718,0.866528595316
2020-08-04,0.237132642992,0.460686443209,0.866999842566
2020-08-05,0.237094535896,0.449454330989,0.867222784979
2020-08-06,0.237138471208,0.464472247421,0.867223972114
2020-08-07,0.237154800405,0.459268061841,0.867221260505
2020-08-10,0.237095824747,0.430864683484,0.867231541684
2020-08-11,0.237486173311,0.338829206088,0.867949038487
2020-08-12,0.237657451817,0.374802322568,0.868079800471
2020-08-13,0.237657965348,0.374389371366,0.867961056101
2020-08-14,0.23766665653,0.347293728466,0.867974367279
2020-08-17,0.237784263069,0.398133555111,0.868191498274
2020-08-18,0.237781817886,0.396755177926,0.868224181925
2020-08-19,0.238022625449,0.345271590558,0.868683441533
2020-08-20,0.238018949183,0.37498402765,0.869201830751
2020-08-21,0.236898103855,0.513537367445,0.869406955493
2020-08-24,0.235991994449,0.681536050923,0.869645056262
2020-08-25,0.235980860184,0.70278217697,0.869766477182
2020-08-26,0.234060226112,0.928084072462,0.871470105594
2020-08-27,0.2339955933,0.942448558916,0.871498834696
2020-08-28,0.232892887392,0.848968002787,0.874368224174
2020-08-31,0.232848954696,0.858463644438,0.87843532836
2020-09-01,0.231533935791,0.745117046934,0.880291750618
2020-09-02,0.23093057181,0.905643620078,0.882438528028
2020-09-03,0.231981394074,0.813940639547,0.881034869307
2020-09-04,0.223806927561,1.18755322003,0.878327776664
2020-09-08,0.223484359196,0.945714464183,0.881078583646
2020-09-09,0.218839159638,1.3550981689,0.878835475679
2020-09-10,0.197555351109,2.08085583314,0.871436927365
2020-09-11,0.190413139991,1.77399965519,0.893782991092
2020-09-14,0.172296081334,2.69652069718,0.875256967506
2020-09-15,0.171001143121,2.55978404184,0.874189474923
2020-09-16,0.158771236173,3.28509467823,0.863248677411
2020-09-17,0.158838906447,3.14510994075,0.864658325334
2020-09-18,0.15889151293,3.13755527064,0.879778577437
2020-09-21,0.159920408129,2.96864442503,0.883840457119
2020-09-22,0.145880226392,2.63483048571,0.874888757146
2020-09-23,0.146336188653,2.2584674787,0.873557025071
2020-09-24,0.140936411543,1.94926393216,0.874171915422
2020-09-25,0.139483450415,2.25589808551,0.871560954363
2020-09-28,0.138986632453,2.21631258965,0.876366262795
2020-09-29,0.138148110258,2.35311954104,0.874481518289
2020-09-30,0.134077633817,2.7741310308,0.877347879635
2020-10-01,0.132987482297,2.66531897957,0.876051725544
2020-10-02,0.132488599233,2.74552069096,0.874093634295
2020-10-05,0.122427193811,2.48038134431,0.871342803814
2020-10-06,0.122959287504,2.33936669632,0.871041626202
2020-10-07,0.121694586812,2.23143353217,0.876913139731
2020-10-08,0.119903110118,2.08872090612,0.871336033421
2020-10-09,0.119700469822,2.28338708195,0.872570823784
2020-10-12,0.118169436635,2.15844035423,0.870944410066
2020-10-13,0.1166899133,2.3193913129,0.867034440403
2020-10-14,0.116812514788,2.25098696334,0.867313699473
2020-10-15,0.115750415269,2.01772362629,0.870927083058
2020-10-16,0.114758571865,2.20056643665,0.871478526269
2020-10-19,0.112943163134,2.38450806988,0.872087404099
2020-10-20,0.111526228806,2.22047977529,0.869346298508
2020-10-21,0.111553767233,2.19614310275,0.869137566961
2020-10-22,0.111344742578,2.0947153421,0.870198805841
2020-10-23,0.111017415785,2.02194447286,0.869641961704
2020-10-26,0.111963942223,1.81554046673,0.870537774906
2020-10-27,0.110162157446,1.53877002988,0.869662233057
2020-10-28,0.112607527911,1.34933807824,0.867504128322
2020-10-29,0.110515671562,1.70533331965,0.866304305263
2020-10-30,0.110841482556,1.57186499185,0.865251410419
2020-11-02,0.111314169165,1.64893431194,0.867519275355
2020-11-03,0.111629135326,1.95100416544,0.867556287231
2020-11-04,0.112022876809,1.98258654287,0.86133474884
2020-11-05,0.11288237126,2.05463985486,0.864513932672
2020-11-06,0.112792629084,2.09163925018,0.864009547787
2020-11-09,0.111911922365,2.34430572569,0.86364377556
2020-11-10,0.111398281608,2.48195821139,0.866138388972
2020-11-11,0.111369271942,2.47324003633,0.868750229167
2020-11-12,0.111638679919,2.36629159381,0.869547239058
2020-11-13,0.10956496147,2.2464351163,0.865324913587
2020-11-16,0.10958344299,2.45398824347,0.865783297074
2020-11-17,0.108927104001,2.26107466307,0.865488472836
2020-11-18,0.109007728337,2.2478710964,0.864051138166
2020-11-19,0.109039166069,2.28752657969,0.864052080364
2020-11-20,0.108473994872,2.12131847153,0.860193136389
2020-11-23,0.108043709542,1.98089997992,0.859776398231
2020-11-24,0.1083514652,2.08745927103,0.858572243546
2020-11-25,0.108344868797,2.01202224493,0.858715526354
2020-11-27,0.107978292749,1.92271634128,0.857840271337
2020-11-30,0.108364357415,1.69745317712,0.859822347488
2020-12-01,0.108662766894,1.73324816607,0.8618457636
2020-12-02,0.108529336476,1.80536834907,0.861535497578
2020-12-03,0.107497587069,1.66174574839,0.865881355648
2020-12-04,0.106992637356,1.57993345233,0.864161562032
2020-12-07,0.106790679926,1.65577279539,0.8637260845
2020-12-08,0.106796427379,1.68472342236,0.86438016012
2020-12-09,0.0960684848959,2.43453705381,0.853962330793
2020-12-10,0.0953851782317,2.29024231418,0.851050231852
2020-12-11,0.095298974788,2.1928658604,0.85303239009
2020-12-14,0.0948241176085,1.97433606887,0.854763272111
2020-12-15,0.0954346937486,2.16603547296,0.857575534341
2020-12-16,0.0954150409767,2.21638631265,0.857487676901
2020-12-17,0.0954759024524,2.34834541588,0.858893497312
2020-12-18,0.0955375449128,2.17228436751,0.859133683028
2020-12-21,0.0957291938369,2.01423247586,0.860133928434
2020-12-22,0.0934507603739,2.33227826985,0.858474337315
2020-12-23,0.0931694001369,2.25869927992,0.857871306178
2020-12-24,0.0918992991665,2.5594606576,0.863254350607
2020-12-28,0.0915275215922,2.48645382038,0.863327349451
2020-12-29,0.0913936770773,2.4167333656,0.866060031247
2020-12-30,0.0913282993733,2.39137283486,0.866081875191
2020-12-31,0.0911574414615,2.32186578736,0.864479419174
2021-01-04,0.0903754307301,2.06611904077,0.851859673425
2021-01-05,0.0900640393778,2.30861978704,0.851354247462
2021-01-06,0.0898743905014,2.1921667842,0.850171217885
2021-01-07,0.0898413994684,2.35886065356,0.84487404999
2021-01-08,0.089766087034,2.29691853349,0.845363200658
2021-01-11,0.0900594474405,2.24023800187,0.848485640307
2021-01-12,0.0896303182883,2.14147979958,0.84838432467
2021-01-13,0.0894452408279,2.07744414358,0.847951856561
2021-01-14,0.0891964942335,2.17635611767,0.844644019994
2021-01-15,0.0895424285881,1.96828271522,0.846233329651
2021-01-19,0.089652753624,1.99135833549,0.84731167034
2021-01-20,0.0903238724553,2.10159364825,0.84961143807
2021-01-21,0.0901864313241,2.00756485496,0.848970144705
2021-01-22,0.0900742955708,2.03509366642,0.852099007125
2021-01-25,0.0900032156449,2.15204691871,0.853005785313
2021-01-26,0.0895676768632,1.98521430995,0.850613860046
2021-01-27,0.0918820895891,1.65497082175,0.855940536191
2021-01-28,0.0913513495787,1.57019126717,0.853533411611
2021-01-29,0.0927023212468,1.39385060908,0.854293246364
2021-02-01,0.0938006231842,1.5981974938,0.860716961453
2021-02-02,0.0938624610501,1.6136171199,0.85817003256
2021-02-03,0.0934829340287,1.47962834509,0.856418665503
2021-02-04,0.0934238850742,1.44797434804,0.851653204387
2021-02-05,0.0933591092479,1.42896218621,0.851744711094
2021-02-08,0.0934247921636,1.59488526296,0.851983069915
2021-02-09,0.0934409005095,1.61941915372,0.851645868531
2021-02-10,0.0923695624722,1.85372587664,0.846360021109
2021-02-11,0.0919043503762,1.72522325827,0.845383377711
2021-02-12,0.0918805164591,1.76935476314,0.84600272672
2021-02-16,0.0919631725017,1.73554930591,0.846292245081
2021-02-17,0.0917333572777,1.58492656543,0.845127204439
2021-02-18,0.091898091105,1.45934687532,0.84576976299
2021-02-19,0.0912120138471,1.62841263075,0.841377854252
2021-02-22,0.0913571164367,1.50718806445,0.839370252045
2021-02-23,0.0913573554745,1.52086543419,0.840053155236
2021-02-24,0.0912411416289,1.49438206411,0.83796387417
2021-02-25,0.0947978919543,1.03662796456,0.845496313434
2021-02-26,0.0948386108671,0.836432709145,0.846028840426
2021-03-01,0.0959991875194,1.11987453021,0.843750631802
2021-03-02,0.0957343027813,0.942439827065,0.840815414057
2021-03-03,0.0963195897245,0.836722860099,0.840009562796
2021-03-04,0.0970176553303,0.539367211264,0.843418443678
2021-03-05,0.0971762066438,0.562645788027,0.843432495242
2021-03-08,0.0947107826777,0.796652577418,0.849938692681
2021-03-09,0.0957444133077,1.10531443742,0.856971922684
2021-03-10,0.0944263231153,1.45058510464,0.864437171673
2021-03-11,0.0937185181353,1.36952255973,0.864403169942
2021-03-12,0.0929151204857,1.52691139973,0.865774491656
2021-03-15,0.093005201724,1.56275472497,0.86598342806
2021-03-16,0.0924853061327,1.40916959449,0.864570825858
2021-03-17,0.0924375508913,1.3891509048,0.86439367414
2021-03-18,0.0934994111266,1.19133608368,0.866157309608
2021-03-19,0.0932888313796,1.28479185797,0.866481685184
2021-03-22,0.0928797348677,1.49785619066,0.865501420595
2021-03-23,0.0918263033194,1.63949759038,0.859833316976
2021-03-24,0.0919054054652,1.51883676903,0.862966257386
2021-03-25,0.0898057901639,1.90647877374,0.860700565331
2021-03-26,0.090532725336,2.06179798521,0.86247780126
2021-03-29,0.0904094142551,1.84949549627,0.867147402809
2021-03-30,0.0895400205381,1.5906752484,0.865208508953
2021-03-31,0.0895251251909,1.66384964208,0.866448418543
2021-04-01,0.0903143949613,1.81958551936,0.870943397772
2021-04-05,0.0903806392156,1.82825749033,0.868657694013
2021-04-06,0.0902022667841,1.92319343285,0.871662895035
2021-04-07,0.0896938471059,1.75073013237,0.872579856644
2021-04-08,0.089223612597,2.0163666933,0.874258867795
2021-04-09,0.0888252662619,1.89091094486,0.876770807661
2021-04-12,0.0885595015181,1.72605537239,0.876032091643
2021-04-13,0.0884047417764,1.69230788142,0.875809707746
2021-04-14,0.0880551339592,1.51472888214,0.880978066851
2021-04-15,0.0883353421409,1.8511433781,0.881437348432
2021-04-16,0.088222221738,1.95802331329,0.882009152185
2021-04-19,0.0882543817235,1.94438794764,0.881213258713
2021-04-20,0.0884671301832,1.86382256974,0.881601669165
2021-04-21,0.0881687840688,2.1663041771,0.887012911174
2021-04-22,0.0884052270102,1.9977522394,0.885854508566
2021-04-23,0.0886223829627,2.13271915127,0.885868255094
2021-04-26,0.0886163779374,2.15406064201,0.88670231651
2021-04-27,0.0886386766045,2.05497892374,0.886802628523
2021-04-28,0.0874606586979,2.32821565058,0.886965783401
2021-04-29,0.0873879734615,2.4087891245,0.885671617685
2021-04-30,0.0830114519522,2.8826423479,0.885394421644
2021-05-03,0.0830295546767,2.88645313342,0.886834799478
2021-05-04,0.0829640176359,2.89938644213,0.891703652331
2021-05-05,0.0822688189542,2.76798198315,0.888105449398
2021-05-06,0.0814842484844,2.68750676978,0.886906391738
2021-05-07,0.08023032823,2.57622150033,0.898190908164
2021-05-10,0.078707125391,2.16388813782,0.888770984528
2021-05-11,0.0792494517746,2.01756415515,0.88968844812
2021-05-12,0.0817078285398,1.52376203456,0.896271827357
2021-05-13,0.0821222842608,1.65617635613,0.895823558662
2021-05-14,0.0830856320533,1.78495571749,0.898919570392
2021-05-17,0.0827858624243,1.8955737386,0.897161901925
2021-05-18,0.0819762686316,1.65826749914,0.88828061303
2021-05-19,0.0816616721974,1.41753251113,0.889188400929
2021-05-20,0.082227408484,1.62777609437,0.891212211588
2021-05-21,0.0816711220419,1.77623939404,0.891716558469
2021-05-24,0.0819114607197,1.83451590842,0.891469894695
2021-05-25,0.0819004211244,1.89650065318,0.894124048232
2021-05-26,0.0818927059405,1.91860636054,0.89656902627
2021-05-27,0.0814487899625,1.76560711201,0.900794570202
2021-05-28,0.0814349649312,1.83823043685,0.90086899757
2021-06-01,0.08144151509,1.83990200459,0.899748033786
2021-06-02,0.0807818505768,2.08513639662,0.895945097764
2021-06-03,0.0803514827799,1.72963113093,0.893206153796
2021-06-04,0.0809076831752,1.87798839926,0.894780394906
2021-06-07,0.0808468685665,1.81795623015,0.894334282774
2021-06-08,0.0807220109058,1.74085046777,0.894229794185
2021-06-09,0.0807338311278,1.72926776422,0.894533993445
2021-06-10,0.0808627354752,1.78307828775,0.895116341886
2021-06-11,0.0804066678574,1.90488210199,0.894408721793
2021-06-14,0.0804095208623,1.86617979063,0.89445240903
2021-06-15,0.0804518244988,1.84181235814,0.894689554579
2021-06-16,0.0810824371665,1.71536236275,0.899186637705
2021-06-17,0.0804035857635,1.44466496737,0.896147515809
2021-06-18,0.081200376273,1.20170080839,0.89871626448
2021-06-21,0.0816632590691,1.27245770559,0.899635479494
2021-06-22,0.0814646781813,1.40311075579,0.897201769347
2021-06-23,0.0812521691043,1.47542235534,0.895784526956
2021-06-24,0.0812926594275,1.58609746908,0.895454629103
2021-06-25,0.0812735791246,1.57533361098,0.895874297628
2021-06-28,0.0812301432579,1.52722004677,0.895191704964
2021-06-29,0.0811374606977,1.42288689724,0.896487211104
2021-06-30,0.0811468355928,1.38299727241,0.897466757391
2021-07-01,0.0811238667977,1.37180540263,0.896948346259
2021-07-02,0.0813174407973,1.44408708151,0.8977263383
2021-07-06,0.0812078564436,1.50356851634,0.912445124844
2021-07-07,0.0810406153396,1.4558047688,0.911324864302
2021-07-08,0.0814577168147,1.32465541513,0.913351679198
2021-07-09,0.0817314338008,1.37433251425,0.923271927441
2021-07-12,0.0817552703067,1.40274592173,0.924679345708
2021-07-13,0.0813732434552,1.48554891379,0.922455680405
2021-07-14,0.0814609178102,1.51936374955,0.923358742778
2021-07-15,0.0814693279495,1.44393017158,0.923664678685
2021-07-16,0.0818513075495,1.30746672802,0.927145180738
2021-07-19,0.0821009185095,1.26323859943,0.926321381536
2021-07-20,0.0822118864543,1.28548389677,0.923216163454
2021-07-21,0.0814206067606,1.15680975669,0.920482818725
2021-07-22,0.0814325718749,1.19372040193,0.920357691486
2021-07-23,0.0813709790127,1.35080985353,0.916660104979
2021-07-26,0.0813076425998,1.27537805684,0.916628087778
2021-07-27,0.0813413423759,1.2549507107,0.91664291197
2021-07-28,0.0788054713411,1.71153397483,0.916155842208
2021-07-29,0.0787189195658,1.68389008053,0.916969094984
2021-07-30,0.0769359479605,1.95033498267,0.917757021102
2021-08-02,0.0755948325415,1.72990303884,0.91308738689
2021-08-03,0.075433903141,1.69302776933,0.916272388151
2021-08-04,0.0755228547385,1.63520432087,0.915342286705
2021-08-05,0.0755249756574,1.6370290591,0.923445919625
2021-08-06,0.075770105878,1.4219218313,0.924561869782
2021-08-09,0.0756519727317,1.21560915099,0.924735176946
2021-08-10,0.0756251239153,1.16643272252,0.9253855434
2021-08-11,0.0757825657778,1.24721309736,0.926492101034
2021-08-12,0.0757802238908,1.22949521867,0.925985466956
2021-08-13,0.0759702742978,1.30884447083,0.92762460597
2021-08-16,0.0758261747366,1.39406559753,0.926783903379
2021-08-17,0.0761874499975,1.29240793146,0.928564291043
2021-08-18,0.0762481782797,1.27722055533,0.922546484278
2021-08-19,0.0762899536299,1.24180704151,0.923702069702
2021-08-20,0.0761895226078,1.40985774185,0.927165253093
2021-08-23,0.0766093153144,1.53594291988,0.929248646529
2021-08-24,0.0764893391038,1.47994353214,0.933522883244
2021-08-25,0.0720209415662,2.04112763632,0.931245876906
2021-08-26,0.0718348660664,2.08818317256,0.929189344401
2021-08-27,0.0709954451213,2.0232542219,0.944738023352
2021-08-30,0.0708836352032,2.14385341316,0.948385449362
2021-08-31,0.0698775061087,2.39415623956,0.952604481021
2021-09-01,0.0685274169314,2.79432395583,0.948551329908
2021-09-02,0.0679034262104,2.6549950509,0.959878829299
2021-09-03,0.0672950014428,2.88785033547,0.955222366498
2021-09-07,0.0660792033964,2.45550618309,0.950742263393
2021-09-08,0.0659589860216,2.28944127546,0.951074540575
2021-09-09,0.0655337867742,2.094159526,0.94945731567
2021-09-10,0.0659373539078,1.97721956013,0.948288080541
2021-09-13,0.0658744680422,1.95735788918,0.948908576566
2021-09-14,0.0659242235638,1.91678797428,0.948230680167
2021-09-15,0.065918639687,1.91381416057,0.944233707095
2021-09-16,0.0647397500129,2.10570760234,0.949753335434
2021-09-17,0.0654539523208,1.88263170807,0.951424516538
2021-09-20,0.0663850725267,1.51331227647,0.950632741501
2021-09-21,0.0659267141448,1.74410245577,0.946284167809
2021-09-22,0.0660099467612,1.96450483773,0.943728744862
2021-09-23,0.0659929449116,1.95601074126,0.938787593805
2021-09-24,0.0651081089477,1.62285976412,0.937461352714
2021-09-27,0.0649331292733,1.68497979145,0.934522248771
2021-09-28,0.067398149184,1.32277118157,0.931549190151
2021-09-29,0.0673619963905,1.25661093494,0.931283516814
2021-09-30,0.0663480894337,0.919550209808,0.910855963236
2021-10-01,0.0663742045757,0.928203843841,0.909701425522
2021-10-04,0.0669195584598,0.719801637686,0.903946929822
2021-10-05,0.0670069450211,0.825670941416,0.900103297267
2021-10-06,0.0667238700836,0.713649217363,0.896763585157
2021-10-07,0.0668705848877,0.792841260639,0.900636215609
2021-10-08,0.0668690551215,0.797057695575,0.900014879289
2021-10-11,0.0668573985754,0.570601631264,0.895947463398
2021-10-12,0.0668279312374,0.661964429852,0.896390068197
2021-10-13,0.0662402652732,0.589614375967,0.894743364043
2021-10-14,0.0671759641871,0.76983274852,0.888437393551
2021-10-15,0.0670694489229,0.891085898337,0.886598779282
2021-10-18,0.0668287038235,0.995328656137,0.885538659363
2021-10-19,0.0664321531791,0.912418508414,0.88367867305
2021-10-20,0.0662471700752,1.14236308124,0.886346924755
2021-10-21,0.0658773565501,0.955294622503,0.886758401593
2021-10-22,0.0659022316421,0.979936601507,0.886463276227
2021-10-25,0.065951391196,1.11488751082,0.885836600169
2021-10-26,0.0659382718577,1.08402978122,0.885818901025
2021-10-27,0.0659468409435,0.996106845526,0.887744735532
2021-10-28,0.0657929049056,1.2708147695,0.883998358262
2021-10-29,0.0657574001343,1.07730084221,0.882006640583
2021-11-01,0.0654298795904,1.31497727203,0.879113847974
2021-11-02,0.0653935967741,1.28720488628,0.877374200077
2021-11-03,0.0649238288158,1.16422909284,0.873194844146
2021-11-04,0.0645675579302,1.08890070551,0.869128174661
2021-11-05,0.0643870769679,1.38494718749,0.874015276302
2021-11-08,0.0637420020283,1.59903303277,0.872500990548
2021-11-09,0.0604180597635,2.15533090621,0.861655355181
2021-11-10,0.0605472196896,1.74391991402,0.860715399653
2021-11-11,0.0589845479968,1.4951139314,0.85208091922
2021-11-12,0.0591581279443,1.61396272973,0.854237950887
2021-11-15,0.0591418936828,1.61971698202,0.865634822769
2021-11-16,0.0589190009826,1.72059201115,0.861863049071
2021-11-17,0.0580298119484,1.50887349776,0.857033650788
2021-11-18,0.0580118162824,1.54622168442,0.855570944796
2021-11-19,0.0576614331412,1.28492838345,0.855866569186
2021-11-22,0.058505594419,0.970148427874,0.865139180485
2021-11-23,0.0585688059088,0.888683488337,0.865704987825
2021-11-24,0.0585895529288,0.935004566329,0.86527837582
2021-11-26,0.0606318405525,0.47932410286,0.872773091968
2021-11-29,0.060862963634,0.551926968665,0.868415759612
2021-11-30,0.0618467316261,0.210922742153,0.857199474672
2021-12-01,0.0616736506738,0.245001423261,0.848640274215
2021-12-02,0.061869853481,0.26981782639,0.846505423185
2021-12-03,0.0619373432199,0.194071077821,0.844864121427
2021-12-06,0.0622506394,0.317031495979,0.844713348006
2021-12-07,0.0640063018271,0.65765917565,0.848984161968
2021-12-08,0.0637827495608,0.559379783714,0.847442343879
2021-12-09,0.0641713923427,0.437853228588,0.850007467296
2021-12-10,0.0643793195608,0.563329146186,0.848108311747
2021-12-13,0.0645002065064,0.512110864964,0.84672238095
2021-12-14,0.0641341156058,0.571810368488,0.842517449621
2021-12-15,0.064770642106,0.877796766238,0.842552557861
2021-12-16,0.0638071702039,1.10540832299,0.830434527093
2021-12-17,0.0633796984498,0.706637701427,0.825700845576
2021-12-20,0.0639396264931,0.464893050622,0.827128908487
2021-12-21,0.0648898265159,0.750798417013,0.825846896968
2021-12-22,0.0654060064825,0.853434554327,0.829021440979
2021-12-23,0.0654498212659,0.873519086046,0.82881141162
2021-12-27,0.0661495223757,1.0599451002,0.829165784649
2021-12-28,0.0661476253003,1.06158608897,0.829200414206
2021-12-29,0.0661484769048,1.06061715372,0.829331404184
2021-12-30,0.0661083831783,1.03381892721,0.828451732919
2021-12-31,0.0658365099297,0.886932396528,0.827243295344
2022-01-03,0.0658780920986,0.850613171885,0.826942062532
2022-01-04,0.0657846609134,0.787398658774,0.826209156024
2022-01-05,0.0672276293503,0.602584660296,0.825181974648
2022-01-06,0.066731946463,0.327797877204,0.821783173639
2022-01-07,0.0667101075106,0.239146564403,0.819037674427
2022-01-10,0.0666009967277,0.277658418964,0.818708160214
2022-01-11,0.0672702799241,0.393366503559,0.823008082614
2022-01-12,0.0673825396518,0.520470960684,0.823890842218
2022-01-13,0.0674719952803,0.50377356746,0.82053928513
2022-01-14,0.0668559744713,0.631258620339,0.818198946651
2022-01-18,0.0681902477856,0.103145764159,0.820731299056
2022-01-19,0.0680768990673,-0.0288152032724,0.814751536634
2022-01-20,0.0683301593116,-0.200638810929,0.813125467214
2022-01-21,0.0689561104748,-0.505931773456,0.813541598849
2022-01-24,0.0689613863974,-0.51917155627,0.812518299993
2022-01-25,0.0692237687462,-0.603291546993,0.808805562697
2022-01-26,0.0697326140027,-0.863759110896,0.812677787902
2022-01-27,0.0697665753129,-1.052498293,0.812709993883
2022-01-28,0.071033768881,-0.682746253548,0.80261355991
2022-01-31,0.0725867081692,-0.409509030654,0.809307553776
2022-02-01,0.072524183876,-0.427658886485,0.809718115698
2022-02-02,0.0728895732623,-0.218067016094,0.811099832673
2022-02-03,0.0748397243841,-0.582291634578,0.808326116818
2022-02-04,0.0745725004612,-0.483757806992,0.807466817834
2022-02-07,0.0744636209067,-0.40192492473,0.806165951989
2022-02-08,0.0745656901521,-0.329457703156,0.805962729843
2022-02-09,0.0755384156702,-0.180576245042,0.809740409661
2022-02-10,0.0774777528047,-0.496088468762,0.811565323963
2022-02-11,0.0774793520802,-0.724499755231,0.803394109216
2022-02-14,0.0776792276714,-0.83480607412,0.804469237045
2022-02-15,0.0780196440962,-0.521418660832,0.802493795136
2022-02-16,0.0779490367074,-0.335969375572,0.805111853779
2022-02-17,0.0786162400632,-0.48504200687,0.799855745257
2022-02-18,0.0785728198198,-0.626219536912,0.801025711123
2022-02-22,0.0784236130194,-0.926441973296,0.798808334358
2022-02-23,0.0793034852502,-1.17270249849,0.795658230408
2022-02-24,0.0793871783196,-1.09546468954,0.784238326621
2022-02-25,0.0811612006815,-0.701954231808,0.7883728143
2022-02-28,0.0802977188868,-0.904855939742,0.783770586251
2022-03-01,0.0804066621106,-1.04330907269,0.782113896437
2022-03-02,0.0805519692042,-0.962005657917,0.780114975324
2022-03-03,0.0804859770704,-1.10156393341,0.780063032821
2022-03-04,0.0805430270638,-1.22593445045,0.780379546295
2022-03-07,0.0834175336627,-1.59475640342,0.780688285119
2022-03-08,0.0832130893162,-1.47703422029,0.774214984661
2022-03-09,0.0846761650043,-1.16503749808,0.771638886182
2022-03-10,0.0849335600626,-1.26087006526,0.772634619
2022-03-11,0.085214512553,-1.30605626885,0.773402599001
2022-03-14,0.0857668869503,-1.55855368267,0.775101930373
2022-03-15,0.0862883336521,-1.37250181064,0.763862339313
2022-03-16,0.0894154536493,-1.00988692028,0.779092703784
2022-03-17,0.0898028820456,-0.753967009963,0.779171754516
2022-03-18,0.0897030433365,-0.502575100128,0.776867800638
2022-03-21,0.0892638228464,-0.434377476219,0.776837537021
2022-03-22,0.0893931977937,-0.392057826306,0.776132457288
2022-03-23,0.0892757155874,-0.574428296046,0.774406415567
2022-03-24,0.0896257135834,-0.490811333276,0.775151724053
2022-03-25,0.0895535390877,-0.45453353576,0.775322409193
2022-03-28,0.0895486543265,-0.390958758884,0.772893733072
2022-03-29,0.088972663277,0.122665133511,0.773359031769
2022-03-30,0.0889880889696,0.102094250857,0.773011944748
2022-03-31,0.089769848717,-0.0320258991614,0.778546523064
2022-04-01,0.0894092401375,-0.117811339709,0.779155695655
2022-04-04,0.0892386534834,0.108800084127,0.779978538046
2022-04-05,0.0905002504284,-0.197239343094,0.78456472711
2022-04-06,0.090857860028,-0.34015032025,0.78537779002
2022-04-07,0.0907257195229,-0.406653515336,0.784754715706
2022-04-08,0.0907267384582,-0.407396229355,0.783971496233
2022-04-11,0.091439200485,-0.521162214744,0.783153755309
2022-04-12,0.0914134803428,-0.562712039932,0.783080686601
2022-04-13,0.0915095354447,-0.548269885915,0.782379481874
2022-04-14,0.0913959009624,-0.90677384199,0.782004473339
2022-04-18,0.0913845055739,-0.973100715554,0.783032289352
2022-04-19,0.0914751534192,-0.908079277992,0.779775730627
2022-04-20,0.0915547884749,-0.887521615441,0.780385446838
2022-04-21,0.0922999733453,-1.15322870272,0.78058658849
2022-04-22,0.0941754460633,-1.39854147849,0.781765048668
2022-04-25,0.0941257775085,-1.43444557313,0.777143886645
2022-04-26,0.0956004304356,-1.74046767247,0.777727454654
2022-04-27,0.0955928051088,-1.75639119875,0.777864603666
2022-04-28,0.0971949007932,-1.45902145424,0.779021166154
2022-04-29,0.0998128652112,-1.85319669791,0.773419190467
2022-05-02,0.0999314656479,-1.89218353036,0.772889721825
2022-05-03,0.100085556868,-1.85224607875,0.773536342906
2022-05-04,0.102819381781,-1.51388142401,0.774242070665
2022-05-05,0.107395489697,-1.90350053919,0.782378531221
2022-05-06,0.107469842422,-2.07257447255,0.78302375779
2022-05-09,0.109814966521,-2.43200375936,0.789556819575
2022-05-10,0.109816554056,-2.4289170499,0.78895689577
2022-05-11,0.109838143794,-2.49166815455,0.786437593996
2022-05-12,0.109619496202,-2.42105065072,0.786316570764
2022-05-13,0.111001277631,-2.20798774139,0.789356666182
2022-05-16,0.110829159756,-2.27125649647,0.789062093305
2022-05-17,0.111533422135,-2.09189859577,0.789395592207
2022-05-18,0.113620069205,-2.33005997881,0.78641457689
2022-05-19,0.113698490451,-2.29802404079,0.785662041625
2022-05-20,0.113796848242,-2.25749549222,0.786569787845
2022-05-23,0.114462165834,-2.06899821099,0.787204243473
2022-05-24,0.114159988088,-1.94986230223,0.786085670034
2022-05-25,0.114327073239,-1.85399634647,0.784721487749
2022-05-26,0.114969131606,-1.72782749157,0.783893308907
2022-05-27,0.115359978233,-1.3313355676,0.781086667209
2022-05-31,0.115391974032,-1.51193685982,0.782986581387
2022-06-01,0.115138183003,-1.47387983187,0.784031563493
2022-06-02,0.116439589701,-1.16911243231,0.78814828351
2022-06-03,0.116565232892,-1.47842387545,0.788832895422
2022-06-06,0.116552379694,-1.46682884361,0.789114806679
2022-06-07,0.116712790271,-1.43604906812,0.789398169013
2022-06-08,0.11600296686,-1.75918767248,0.788409833668
2022-06-09,0.117309569167,-1.9785905504,0.790360024752
2022-06-10,0.118863755612,-2.12147686181,0.787633805692
2022-06-13,0.125118307351,-2.54150437399,0.802859676569
2022-06-14,0.125233487317,-2.57466962301,0.803397036722
2022-06-15,0.127024205301,-2.22861173075,0.808064830471
2022-06-16,0.127744131134,-2.547973332,0.806532752726
2022-06-17,0.127751330774,-2.53864711202,0.807225663903
2022-06-21,0.12843228913,-2.30836458884,0.805442918627
2022-06-22,0.128308658217,-2.19207729871,0.805285264118
2022-06-23,0.127874380201,-2.25812509669,0.804298621866
2022-06-24,0.129386997972,-2.10599553718,0.804091976893
2022-06-27,0.129320635336,-2.20377885096,0.804041079822
2022-06-28,0.12915532906,-2.43584883692,0.802414186869
2022-06-29,0.129170471197,-2.41914500974,0.802114105937
2022-06-30,0.129179920163,-2.44830819267,0.802129611008
2022-07-01,0.129719571792,-2.34270328929,0.801975353453
2022-07-05,0.129814288719,-2.41022981702,0.800515201611
2022-07-06,0.129860940087,-2.44191030135,0.800704593168
2022-07-07,0.130355111519,-2.3350024192,0.801162272898
2022-07-08,0.129598507049,-2.20426161757,0.800597479705
2022-07-11,0.129774873778,-2.25524050345,0.801239067983
2022-07-12,0.129806008809,-2.28465363999,0.801326031393
2022-07-13,0.129807488066,-2.2599257332,0.801268609523
2022-07-14,0.129415227169,-2.48599181246,0.799999452732
2022-07-15,0.130284252887,-2.36109800511,0.799626557659
2022-07-18,0.130148250001,-2.31993925567,0.79888195794
2022-07-19,0.13175111219,-2.04296666979,0.8003573862
2022-07-20,0.130962460153,-1.88756134914,0.798788291466
2022-07-21,0.131907573052,-1.69877420263,0.802290514389
2022-07-22,0.131812806068,-1.6385586271,0.802401604188
2022-07-25,0.131492618756,-1.52554141404,0.803003722273
2022-07-26,0.131723332953,-1.60533674697,0.803531680733
2022-07-27,0.133434885652,-1.29420373753,0.806229602394
2022-07-28,0.134102356709,-1.02960354978,0.80742029537
2022-07-29,0.13445627435,-0.865884776046,0.807287151635
2022-08-01,0.133700561367,-1.01376774162,0.809758507075
2022-08-02,0.133436780169,-1.3191734777,0.80983234823
2022-08-03,0.133891852834,-1.24166924982,0.80895172009
2022-08-04,0.133737208431,-1.27322318475,0.808910083
2022-08-05,0.133015278958,-1.19903465095,0.810695905805
2022-08-08,0.133128427773,-1.13697670145,0.811061392103
2022-08-09,0.133154262774,-1.1754832766,0.8111421117
2022-08-10,0.134163231542,-1.03585633457,0.811803433132
2022-08-11,0.133444827916,-1.2116222942,0.810193945063
2022-08-12,0.133273961638,-0.877913201647,0.810509050237
2022-08-15,0.13314251554,-0.820816720505,0.812055739607
2022-08-16,0.13303625158,-0.757085386441,0.811892950648
2022-08-17,0.132906999414,-0.960605135717,0.81240552175
2022-08-18,0.132811476632,-1.00414373095,0.811755566137
2022-08-19,0.13321204222,-1.04793949232,0.815388805029
2022-08-22,0.134226836055,-1.18643738661,0.815751950527
2022-08-23,0.13404061397,-1.10837253755,0.815772822049
2022-08-24,0.133542546993,-0.968370732952,0.817356079031
2022-08-25,0.134290557098,-0.849789297772,0.822732854888
2022-08-26,0.135426182466,-1.2861242371,0.821833348215
2022-08-29,0.135541717403,-1.36056765917,0.821756173163
2022-08-30,0.135723228339,-1.39838969909,0.823268532857
2022-08-31,0.135820503225,-1.53262982041,0.824316749581
2022-09-01,0.135879168574,-1.55446601482,0.823997074679
2022-09-02,0.135866104831,-1.54902809804,0.82336439762
2022-09-06,0.134371782799,-1.41932935318,0.825216105742
2022-09-07,0.135434893851,-1.24557658363,0.828117297524
2022-09-08,0.134477481874,-1.40953145691,0.829598195259
2022-09-09,0.135224370916,-1.17548059016,0.831614614797
2022-09-12,0.13524709393,-0.980223080806,0.832192806701
2022-09-13,0.139269306259,-1.19464869234,0.833691368672
2022-09-14,0.138956749146,-1.2658510642,0.839410367896
2022-09-15,0.137359304875,-1.65423956257,0.835024498495
2022-09-16,0.136966994956,-1.81310533735,0.834581454832
2022-09-19,0.136773054523,-1.85898712226,0.834882312043
2022-09-20,0.137208587637,-1.92185139719,0.835822338533
2022-09-21,0.137304600194,-2.08183177311,0.835846294848
2022-09-22,0.137639944175,-2.14574311295,0.836882821573
2022-09-23,0.138491613259,-2.42263853309,0.840997079419
2022-09-26,0.139593669807,-2.58258235181,0.844183175321
2022-09-27,0.139590149876,-2.65562809141,0.845810083245
2022-09-28,0.141600228687,-2.49520690922,0.849551235792
2022-09-29,0.142500288051,-2.64158469186,0.849752772278
2022-09-30,0.142269109486,-2.60699125829,0.847769749004
2022-10-03,0.144980085283,-2.33481067467,0.851830839109
2022-10-04,0.147875163908,-2.07579295971,0.857108739444
2022-10-05,0.14740466302,-2.02001213278,0.857113791915
2022-10-06,0.147683583728,-2.06034682879,0.85834275773
2022-10-07,0.149083478215,-2.25658056572,0.857448213085
2022-10-10,0.149366847432,-2.33828028494,0.858525528698
2022-10-11,0.149020900784,-2.27167228058,0.859940532084
2022-10-12,0.149018214255,-2.27570604699,0.859898232106
2022-10-13,0.149443539829,-2.22670008269,0.85733985617
2022-10-14,0.150267910676,-2.29698026014,0.858579441229
2022-10-17,0.152184865352,-2.0409561279,0.861015818203
2022-10-18,0.152410805658,-1.99601824691,0.862510190835
2022-10-19,0.152768190646,-2.18115605328,0.8634468126
2022-10-20,0.152429627928,-2.12889527794,0.863135627927
2022-10-21,0.152862005017,-1.76509136618,0.865495223109
2022-10-24,0.152877219191,-1.75562056152,0.865250878726
2022-10-25,0.153442121635,-1.39674204934,0.869296482813
2022-10-26,0.153481810994,-1.36779736091,0.868559851491
2022-10-27,0.152425146972,-1.54689346832,0.869190724468
2022-10-28,0.151036331622,-1.236204593,0.872024565644
2022-10-31,0.151099700803,-1.24962861276,0.872774289489
2022-11-01,0.150961606832,-1.2851529075,0.871840088368
2022-11-02,0.150024587125,-1.67915972677,0.873457565184
2022-11-03,0.146994961681,-1.48847278781,0.872768411219
2022-11-04,0.148663928082,-1.18225610051,0.878206492249
2022-11-07,0.146709169277,-0.929564768166,0.874550291662
2022-11-08,0.147161523213,-0.829551068279,0.876331177484
2022-11-09,0.147707983052,-0.916971192123,0.877870108103
2022-11-10,0.158616124079,-0.321450615448,0.88972642717
2022-11-11,0.158074713573,-0.379247077477,0.889905769945
2022-11-14,0.158338153287,-0.468132900805,0.890505255663
2022-11-15,0.158348482705,-0.466852957741,0.891556405374
2022-11-16,0.15673601433,-0.294928966607,0.897685630782
2022-11-17,0.156776181551,-0.373646968485,0.898646507692
2022-11-18,0.156725508496,-0.404510604253,0.898267495173
2022-11-21,0.156354734368,-0.545420083721,0.898705229333
2022-11-22,0.156855609579,-0.436971947596,0.898634405506
2022-11-23,0.157056446546,-0.398930962574,0.900291325457
2022-11-25,0.156622454911,-0.493914443613,0.901882896619
2022-11-28,0.156260413687,-0.76782224325,0.904081193606
2022-11-29,0.156069297908,-0.679115718785,0.903377853216
2022-11-30,0.15832902552,-0.35691195091,0.902802343233
2022-12-01,0.157570391666,-0.439771750773,0.902118310454
2022-12-02,0.156955244225,-0.30487197938,0.901864048445
2022-12-05,0.158152777918,-0.463503438259,0.903014574183
2022-12-06,0.157995995762,-0.595309686085,0.90194383751
2022-12-07,0.157729706696,-0.46129861727,0.902074612064
2022-12-08,0.156699752947,-0.258598956655,0.90228466433
2022-12-09,0.15539970884,-0.128624189811,0.906750893098
2022-12-12,0.149891575897,0.305896249918,0.898816108585
2022-12-13,0.150234413088,0.503690439217,0.899872452004
2022-12-14,0.148927464861,0.289588061885,0.896915146625
2022-12-15,0.148937984618,0.288830809257,0.902527950382
2022-12-16,0.149212090779,0.207766094236,0.901828765811
2022-12-19,0.148929813849,0.00958761355058,0.9037780151
2022-12-20,0.148913900827,-0.00760240854743,0.90349028672
2022-12-21,0.149159413648,0.0337109441356,0.90372789908
2022-12-22,0.148065120357,-0.271730714666,0.905577968711
2022-12-23,0.148011655561,-0.20036298058,0.905690137842
2022-12-27,0.147608942,-0.12031700326,0.907219426805
2022-12-28,0.148045248617,-0.232143631238,0.907883366646
2022-12-29,0.148916308956,-0.0425875334087,0.908551683128
2022-12-30,0.148654513443,-0.201160307617,0.909744410718
2023-01-03,0.148574112094,-0.0946033578774,0.910593952867
2023-01-04,0.149125159831,0.0862429316257,0.912355536015
2023-01-05,0.149254142856,-0.11731325782,0.913622343129
2023-01-06,0.151632194223,0.156556801697,0.916964544326
2023-01-09,0.151386098662,0.262210299005,0.916375012874
2023-01-10,0.151325820655,0.32596499454,0.916656018055
2023-01-11,0.151819404214,0.44638322278,0.916530081752
2023-01-12,0.151891364752,0.636768301876,0.916770199257
2023-01-13,0.151252920773,0.523641525943,0.918605093706
2023-01-17,0.151220371426,0.535643041093,0.920153665866
2023-01-18,0.150143491778,0.317765696787,0.920676280112
2023-01-19,0.150151892442,0.308273610445,0.920191661478
2023-01-20,0.149716007474,0.254890687104,0.91711236873
2023-01-23,0.149817957381,0.313029107126,0.91667338335
2023-01-24,0.149835122554,0.333180803687,0.916798235604
2023-01-25,0.149562970325,0.441476977946,0.916995687121
2023-01-26,0.148189486653,0.287962268913,0.917192506163
2023-01-27,0.147441521852,0.145528955354,0.916332544625
2023-01-30,0.14754768771,-0.06131695761,0.917338130446
2023-01-31,0.148006308509,0.0499181526188,0.916026049136
2023-02-01,0.147856833585,0.306184589763,0.914657561538
2023-02-02,0.147502435173,0.241073434337,0.912814595624
2023-02-03,0.148524508464,0.0235919583927,0.915436718583
2023-02-06,0.148486648502,0.0278164595975,0.915132616228
2023-02-07,0.148576981152,0.0513318404013,0.913968584354
2023-02-08,0.148615129472,0.0390165192685,0.913078065435
2023-02-09,0.147902467333,-0.185450336135,0.913741931267
2023-02-10,0.147887110821,-0.176151732315,0.913726831883
2023-02-13,0.147435941892,-0.232591109533,0.913617076953
2023-02-14,0.147454772928,-0.247707820403,0.914531541431
2023-02-15,0.147467506837,-0.268288847246,0.914264329798
2023-02-16,0.147502184928,-0.273436275589,0.912265301946
2023-02-17,0.147500982697,-0.278009132709,0.912758969791
2023-02-21,0.147916309434,-0.314522022343,0.910685054186
2023-02-22,0.146914028742,-0.172587618285,0.91139322328
2023-02-23,0.147037622926,-0.110213434,0.911480896299
2023-02-24,0.147735871071,-0.259723723805,0.91311045626
2023-02-27,0.147175075561,-0.339990793777,0.913476718473
2023-02-28,0.144961504881,-0.121039138388,0.915953359386
2023-03-01,0.144820551197,-0.07460479823,0.915232129692
2023-03-02,0.144557412448,0.0508023855013,0.914307892442
2023-03-03,0.145284690015,0.300401011325,0.914639086929
2023-03-06,0.145186759043,0.32858892807,0.914754044179
2023-03-07,0.146089544681,0.207282634366,0.917807025552
2023-03-08,0.145848937992,0.311345131592,0.917622024886
2023-03-09,0.145326064982,0.0632361789031,0.917411124363
2023-03-10,0.145329117065,0.0513406141761,0.91701872365
2023-03-13,0.144765874356,-0.0243215389953,0.916279686292
2023-03-14,0.144604308967,-0.054448320347,0.914103725128
2023-03-15,0.140125672013,0.271136548613,0.916565470189
2023-03-16,0.140334718766,0.331241305714,0.915005523976
2023-03-17,0.139682249745,0.453055373793,0.912184879693
2023-03-20,0.13969132287,0.567610698097,0.912700842032
2023-03-21,0.13969603607,0.571510581896,0.911074650516
2023-03-22,0.139011922367,0.688487900537,0.907190588546
2023-03-23,0.138662630729,0.84664976315,0.908285513226
2023-03-24,0.13809889169,0.992001212705,0.907206761677
2023-03-27,0.136610464394,1.1592442059,0.902824348016
2023-03-28,0.135072406437,1.38545417353,0.897982645732
2023-03-29,0.135166114322,1.54351290668,0.896189262396
2023-03-30,0.132860991768,1.37364577363,0.892577034406
2023-03-31,0.131754657946,1.68303797132,0.890262848231
2023-04-03,0.131473714444,1.84129866909,0.893503236244
2023-04-04,0.129057211959,1.6141620238,0.889654835488
2023-04-05,0.126177151177,1.30962136221,0.885012821925
2023-04-06,0.125780812412,1.43826591773,0.883440178739
2023-04-10,0.125117093801,1.54033471476,0.881706691151
2023-04-11,0.122900989025,1.85672128012,0.883564683096
2023-04-12,0.122274977016,1.99589602481,0.881089837615
2023-04-13,0.122433249133,2.17196578926,0.880997688106
2023-04-14,0.122821468877,2.07961894144,0.88272398032
2023-04-17,0.122137163987,1.92091418019,0.887183241023
2023-04-18,0.120183897652,2.21306575621,0.886397187345
2023-04-19,0.118439766089,1.94956443614,0.884723384378
2023-04-20,0.118251453916,1.8528231047,0.885620979167
2023-04-21,0.117205036956,2.02284700621,0.881821679512
2023-04-24,0.116905955138,2.14672352164,0.883219497534
2023-04-25,0.115856707137,1.83459248876,0.882859423825
2023-04-26,0.116005561288,1.7615100871,0.887209889832
2023-04-27,0.114895243117,1.67082301222,0.882185181469
2023-04-28,0.115066192612,1.73157680072,0.88297884876
2023-05-01,0.115337875027,1.65673355973,0.88376176784
2023-05-02,0.114996365808,1.52239557256,0.891695371794
2023-05-03,0.114625682797,1.64075588376,0.890042693645
2023-05-04,0.114643386962,1.58746774855,0.889276216569
2023-05-05,0.113227240446,1.94457370952,0.887894089663
2023-05-08,0.112861787804,2.02192846272,0.888520923892
2023-05-09,0.110961551319,1.73613657666,0.879917405464
2023-05-10,0.111022941771,1.76704729009,0.880136143839
2023-05-11,0.110645189021,1.60203488436,0.87840811084
2023-05-12,0.109784383295,1.73067535097,0.879727123003
2023-05-15,0.0941895656367,1.21021262597,0.851055146229
2023-05-16,0.0943690528904,0.902884745742,0.85208893644
2023-05-17,0.0939791818703,1.14001658609,0.848507890633
2023-05-18,0.0933858834267,0.954785457206,0.844155563992
2023-05-19,0.0933028744407,1.01402171666,0.843167409398
2023-05-22,0.09311344689,1.09749646741,0.842520734107
2023-05-23,0.0935717613797,0.957234639788,0.844102498272
2023-05-24,0.0941044475556,0.861384320964,0.846636259668
2023-05-25,0.0933801703848,0.675895775848,0.844487810474
2023-05-26,0.0935107436214,0.694196810864,0.843866774535
2023-05-30,0.0935184900248,0.702888079676,0.843382266275
2023-05-31,0.0924988844655,0.878797406069,0.841492350196
2023-06-01,0.0930782550812,1.02055757191,0.845287753406
2023-06-02,0.0893859417189,0.744180074603,0.841963232011
2023-06-05,0.0890611974219,0.581601791549,0.840290777399
2023-06-06,0.0891605537683,0.638230597279,0.84084104551
2023-06-07,0.0871560850278,0.86268118833,0.835410601476
2023-06-08,0.0873420745792,1.10892746378,0.840488009807
2023-06-09,0.0872808674367,1.01776436904,0.840155220765
2023-06-12,0.0873584300075,1.03966544438,0.838697698657
2023-06-13,0.0870659278972,1.18871278646,0.840245726322
2023-06-14,0.0869517676074,1.14634830829,0.846137011841
2023-06-15,0.0868717525498,1.13840960936,0.842098097253
2023-06-16,0.0869499278133,1.11082991431,0.842721949823
2023-06-20,0.0849181956925,1.33334467629,0.837977281751
2023-06-21,0.0844318240504,1.45187784575,0.838624626475
2023-06-22,0.0841296336327,1.5170669658,0.839838191592
2023-06-23,0.0844751014527,1.38869199236,0.842925742148
2023-06-26,0.0838947151531,1.24532730908,0.842734203216
2023-06-27,0.0832418316606,1.54597503806,0.84089222324
2023-06-28,0.0832261342776,1.52571398839,0.840790749022
2023-06-29,0.0832146238732,1.53502731482,0.845108913874
2023-06-30,0.08290088231,1.91926719473,0.844132908223
2023-07-03,0.0814410551926,1.6917475293,0.839972742806
2023-07-05,0.0814318059402,1.69236932145,0.840266752834
2023-07-06,0.0824771830594,1.37901630867,0.846589390627
2023-07-07,0.0814211038768,1.1951023567,0.838760124942
2023-07-10,0.0805440914716,1.47347866406,0.835008872443
2023-07-11,0.076462845354,1.19858777659,0.81805672107
2023-07-12,0.0778875217845,1.41374167588,0.826944397954
2023-07-13,0.0785800407361,1.55991799041,0.830665399645
2023-07-14,0.0778772304481,1.25369859492,0.830268116111
2023-07-17,0.0771387309879,1.08796177008,0.825208478755
2023-07-18,0.0772984279418,1.15202767847,0.825425031223
2023-07-19,0.077281445693,1.25849799537,0.825497484459
2023-07-20,0.0776056904542,1.1876851509,0.829282293426
2023-07-21,0.0775797409827,1.2211720678,0.835012203905
2023-07-24,0.0771573180847,1.09735002132,0.838763606278
2023-07-25,0.0769829474097,1.02932066893,0.840253242403
2023-07-26,0.0769999638015,1.03912476161,0.840376050745
2023-07-27,0.0781096341128,0.747412369766,0.846063793617
2023-07-28,0.0786671510113,0.852602833414,0.851167500999
2023-07-31,0.0786863023179,0.888746719912,0.851290275515
2023-08-01,0.0784082804022,0.931058073928,0.853865848604
2023-08-02,0.078869259894,0.470612915283,0.8596177587
2023-08-03,0.0780835178241,0.138336804992,0.856386107425
2023-08-04,0.0780258983285,0.116514003858,0.868104090665
2023-08-07,0.0760928659774,0.549273533439,0.856352609746
2023-08-08,0.0756537597197,0.645205481631,0.854968994617
2023-08-09,0.0754264921346,0.460163807777,0.855688321067
2023-08-10,0.0753146857756,0.498628268759,0.859224647652
2023-08-11,0.075060586407,0.559814257439,0.861947380385
2023-08-14,0.0750308949478,0.585704681168,0.859698044892
2023-08-15,0.0754079770542,0.214768914286,0.863524134801
2023-08-16,0.0758440615394,0.105197985374,0.865367391382
2023-08-17,0.0760362718851,0.03757624962,0.865362141114
2023-08-18,0.0753924831522,0.242644839786,0.871579136202
2023-08-21,0.0753941325751,0.253647051706,0.871396855425
2023-08-22,0.0729994367006,0.60972857365,0.875847688803
2023-08-23,0.0744801339355,0.939657799429,0.881919458779
2023-08-24,0.0750882838137,0.619540207486,0.879177686589
2023-08-25,0.0736743417066,0.981147249288,0.871282643342
2023-08-28,0.0738220532687,1.01218774559,0.871899603547
2023-08-29,0.0751873349445,1.32641376034,0.875749416497
2023-08-30,0.0751457320163,1.39973426387,0.880022123631
2023-08-31,0.0751385330679,1.29431439305,0.8810428273
2023-09-01,0.073282282121,0.98253722633,0.876573003758
2023-09-05,0.0737823247264,0.861495484225,0.879329857515
2023-09-06,0.0720567860689,1.09518629451,0.869098789246
2023-09-07,0.0720467208783,1.03887575434,0.869027705565
2023-09-08,0.0713193102235,1.25175462278,0.875415909198
2023-09-11,0.0714784109429,1.37297763691,0.881417165803
2023-09-12,0.0713386083766,1.16351247208,0.879394925694
2023-09-13,0.0711623328872,1.04621975154,0.884514284132
2023-09-14,0.0714015480252,1.25072054721,0.886212604503
2023-09-15,0.0713468215515,0.959439498146,0.882891526208
2023-09-18,0.0713253229749,0.986479394264,0.888484556057
2023-09-19,0.0711743580648,0.801920623843,0.887104548019
2023-09-20,0.0713175399045,0.631956751745,0.890550825386
2023-09-21,0.073707370925,0.300608716154,0.9077138418
2023-09-22,0.073557986593,0.240256797025,0.906525441682
2023-09-25,0.0736503936327,0.118516681079,0.910912538706
2023-09-26,0.0746630882192,-0.037503454579,0.912570655643
2023-09-27,0.0747832708271,-0.134628877161,0.915379462523
2023-09-28,0.074388993769,-0.207133713333,0.919650493162
2023-09-29,0.0739621072436,-0.434152772362,0.916500182831
2023-10-02,0.073941830929,-0.818900711925,0.929710932599
2023-10-03,0.0751026948195,-1.20033508719,0.928204789662
2023-10-04,0.0754098921777,-1.1099286278,0.9268713914
2023-10-05,0.0754441839998,-1.02190993987,0.926796918047
2023-10-06,0.0757543503048,-0.928300363349,0.926890101693
2023-10-09,0.0764746156739,-0.640186087283,0.927878006986
2023-10-10,0.0766263686168,-0.591120611718,0.929145362975
2023-10-11,0.0770089924497,-0.451394892194,0.932829906785
2023-10-12,0.0770097388222,-0.844567684613,0.933542341526
2023-10-13,0.0766142195441,-0.642644650776,0.92901863485
2023-10-16,0.0767352770941,-0.563577139426,0.928183263785
2023-10-17,0.0767912241401,-0.671401714635,0.927754148546
2023-10-18,0.0776471124708,-0.83242179702,0.924334983554
2023-10-19,0.0779706875137,-0.959434340986,0.922185790293
2023-10-20,0.0781668672855,-1.0333397938,0.919418185529
2023-10-23,0.078094618867,-1.09215402279,0.919148142406
2023-10-24,0.0781070808203,-0.820525876447,0.921691136519
2023-10-25,0.0790394891055,-0.963187831665,0.916769901906
2023-10-26,0.0781727176028,-1.21401638895,0.917063710698
2023-10-27,0.0777634163467,-1.38612126237,0.918099269583
2023-10-30,0.0778027188768,-1.13446442626,0.915880258993
2023-10-31,0.0778487137996,-1.07053553873,0.916143126367
2023-11-01,0.0788718576134,-0.852348490193,0.915077113255
2023-11-02,0.0813455961339,-0.458300178001,0.925511597878
2023-11-03,0.0819599376609,-0.377876801677,0.937329613161
2023-11-06,0.0820121816788,-0.399872073739,0.937996513572
2023-11-07,0.0819680580622,-0.333604370153,0.936070403761
2023-11-08,0.0817941837068,-0.4245246371,0.937062426434
2023-11-09,0.082247296409,-0.535148384287,0.933821643598
2023-11-10,0.0825451084664,-0.308972193322,0.9235251471
2023-11-13,0.0824661253308,-0.369925960928,0.922947832192
2023-11-14,0.0862046843545,0.262077877205,0.936779154775
2023-11-15,0.0860392706566,0.131200048535,0.939768479997
2023-11-16,0.0860881749409,0.210803060546,0.943943411977
2023-11-17,0.0861772916779,0.269308995872,0.945711037541
2023-11-20,0.086382881636,0.365964886302,0.945198810344
2023-11-21,0.08593077403,0.493091020089,0.945261653264
2023-11-22,0.0852437628812,0.704179751769,0.94125330812
2023-11-24,0.0852380587326,0.721085946096,0.943520014803
2023-11-27,0.0846439971471,0.585207737291,0.943719130345
2023-11-28,0.0848042940309,0.653958202803,0.945592494614
2023-11-29,0.0847799019762,0.747522215061,0.945806818584
2023-11-30,0.0841187133139,0.570121477299,0.943291524072
2023-12-01,0.0848512210062,0.669644590724,0.950469821067
2023-12-04,0.0853691839328,0.543919581516,0.953230715243
2023-12-05,0.0852647193809,0.488029138596,0.95171033384
2023-12-06,0.0849555128412,0.609098834119,0.949983750104
2023-12-07,0.084595310642,0.535608916461,0.947028989422
2023-12-08,0.0846258257184,0.516075764917,0.946870717023
2023-12-11,0.0844576135647,0.440624877697,0.948862504805
2023-12-12,0.0844763709015,0.451780174863,0.947524524655
2023-12-13,0.087286341154,0.756197860332,0.958834494467
2023-12-14,0.0870716703094,0.732054175341,0.964562823134
2023-12-15,0.0872200843329,0.695182974276,0.966492245293
2023-12-18,0.0868572136848,0.864725893975,0.963696715267
2023-12-19,0.08707742002,1.01425780405,0.965757027641
2023-12-20,0.0874634992484,0.939345960902,0.965024724183
2023-12-21,0.0876716011606,1.21153545241,0.966024556416
2023-12-22,0.0876684468109,1.20864350322,0.968292044777
2023-12-26,0.0876266854173,1.19426284654,0.970605257348
2023-12-27,0.0878200011374,1.27619130749,0.97167438483
2023-12-28,0.0877962961472,1.28944270416,0.971490220052
2023-12-29,0.0872854262683,1.06986830921,0.971698160471
2024-01-02,0.0876362664533,0.924126634007,0.971749399023
2024-01-03,0.0877839236467,0.8956479314,0.971574129669
2024-01-04,0.0868468114339,1.05867511035,0.966392513941
2024-01-05,0.0868406512248,1.01083247448,0.967969403378
2024-01-08,0.0872927742481,1.10692938917,0.961298842095
2024-01-09,0.0871248572817,0.917275369198,0.96088034477
2024-01-10,0.0858224382286,0.714768675891,0.953584969825
2024-01-11,0.0851482899228,0.570647225406,0.951338679392
2024-01-12,0.0850656349109,0.72725241438,0.950836312095
2024-01-16,0.0860025828236,0.486487051865,0.957122126414
2024-01-17,0.086429060149,0.227904927937,0.960965762395
2024-01-18,0.086596657626,0.279203133605,0.96079757692
2024-01-19,0.0865356560779,0.542697127058,0.958308035917
2024-01-22,0.0865469224586,0.561797422917,0.958100356647
2024-01-23,0.0865360830492,0.536904992901,0.958231392603
2024-01-24,0.0865278962164,0.494992292168,0.958172948338
2024-01-25,0.0867072939234,0.549326885581,0.957837751373
2024-01-26,0.0857004805177,0.756575875271,0.953652550823
2024-01-29,0.0854689324063,0.720202907147,0.952694878675
2024-01-30,0.0854616154805,0.668597454929,0.952680794276
2024-01-31,0.0851818798547,0.718129688076,0.941973283611
2024-02-01,0.0849874370521,1.17410507605,0.940173317866
2024-02-02,0.0849222017788,1.19027017722,0.937183974804
2024-02-05,0.0854398213776,0.976307255017,0.939122450961
2024-02-06,0.0856559202453,1.02357090973,0.942416033615
2024-02-07,0.0855457982349,1.1354151454,0.939681898253
2024-02-08,0.0854960563154,1.16045317322,0.941470856362
2024-02-09,0.0854461469535,1.252228039,0.940987939391
2024-02-12,0.0853095377707,1.32806793919,0.940046299139
2024-02-13,0.0875557420184,0.995818186258,0.948297540835
2024-02-14,0.0872776597298,1.34150064373,0.948946048346
2024-02-15,0.0872214803257,1.6314294218,0.95008893468
2024-02-16,0.0870793012768,1.67061278364,0.948962915858
2024-02-20,0.0870868445389,1.64305482775,0.946139049787
2024-02-21,0.0870959626284,1.62742833106,0.946266608789
2024-02-22,0.0878068509068,1.82366763641,0.935771783345
2024-02-23,0.0866236248543,1.64944132645,0.932927436287
2024-02-26,0.0860048545209,1.76289537312,0.936040592491
2024-02-27,0.0859570341735,1.71106130096,0.936738190798
2024-02-28,0.0857030251065,1.58144623226,0.935634417477
2024-02-29,0.084567725427,1.42429727704,0.935010748646
2024-03-01,0.0854429924138,1.59505419958,0.939431883533
2024-03-04,0.0853933085042,1.63651738044,0.937795962694
2024-03-05,0.0854463406143,1.60563946208,0.935727727337
2024-03-06,0.0851864309912,1.88921855923,0.934970823309
2024-03-07,0.0852595833286,2.12149881618,0.934868506651
2024-03-08,0.0852627122088,2.11904448528,0.932190795488
2024-03-11,0.0853160806736,2.07299765399,0.932473116878
2024-03-12,0.0852316278943,2.04335308417,0.928903384793
2024-03-13,0.0851179665575,2.0892483909,0.928680112138
2024-03-14,0.0855434663648,1.96128142085,0.931092970547
2024-03-15,0.0854620936067,1.77025042213,0.928861855556
2024-03-18,0.085137257287,1.92401863754,0.935374726371
2024-03-19,0.0851667506319,1.97859757599,0.933902627003
2024-03-20,0.0855448180155,2.19070183608,0.935905471018
2024-03-21,0.085322486921,2.31746559767,0.939106546567
2024-03-22,0.0830740772853,2.655055732,0.935275715157
2024-03-25,0.08316187994,2.57094479493,0.934975504111
2024-03-26,0.082999647187,2.64796555718,0.933449433436
2024-03-27,0.0821418886797,3.06486799013,0.933440116063
2024-03-28,0.0819369303523,3.17390319657,0.931230455136
2024-04-01,0.0820605929391,2.98232437938,0.930858619081
2024-04-02,0.0820491107922,2.98619390654,0.927834303782
2024-04-03,0.0812399473258,3.25292834589,0.922363800902
2024-04-04,0.0799881801288,3.44419581288,0.919233855964
2024-04-05,0.0799080929787,3.42318845625,0.922422687084
2024-04-08,0.0799106688672,3.42407382849,0.922251223781
2024-04-09,0.0797883043664,3.38787261121,0.922994061695
2024-04-10,0.0817186472657,2.80337576491,0.933399111329
2024-04-11,0.0818105261817,2.82625277675,0.933421447421
2024-04-12,0.0827205730053,2.45629498319,0.936390146954
2024-04-15,0.0823070049583,2.52059263673,0.922065182243
2024-04-16,0.0826382123458,2.35794742013,0.926075434563
2024-04-17,0.082624581909,2.26671581116,0.926507844835
2024-04-18,0.0825247185481,2.30481597413,0.925588905777
2024-04-19,0.081538820861,2.49913888392,0.923309954795
2024-04-22,0.0811096179566,2.70133431918,0.921943892673
2024-04-23,0.0811012514001,2.9589239633,0.922230339751
2024-04-24,0.0811605733264,2.92740332807,0.92226835655
2024-04-25,0.081081878799,2.74795702484,0.921721883156
2024-04-26,0.0800353266008,3.1564196082,0.926599798289
2024-04-29,0.0800505293181,3.28143106339,0.93183377923
2024-04-30,0.082092040755,2.93681401111,0.939282045233
2024-05-01,0.0819232095375,2.85581371418,0.939946646925
2024-05-02,0.0825427668785,2.99118961757,0.943326086377
2024-05-03,0.0823495998469,2.97136206104,0.944250083787
2024-05-06,0.0805421707972,2.82798932163,0.94004029277
2024-05-07,0.0796415011562,2.64576702605,0.935627156344
2024-05-08,0.0795449722276,2.68238041786,0.934914366134
2024-05-09,0.0799318896777,2.81495749647,0.940108183733
2024-05-10,0.0799245882822,2.82476841122,0.940397756713
2024-05-13,0.0792584127881,2.99815771872,0.943900802975
2024-05-14,0.0791433017203,2.97623670097,0.957189030946
2024-05-15,0.0801409418188,3.19074662014,0.958274375702
2024-05-16,0.075989118609,2.80210370896,0.941329521075
2024-05-17,0.0759292892314,2.89414216679,0.939986823274
2024-05-20,0.075909230696,2.82867678134,0.940272618312
2024-05-21,0.0758561819453,2.77339466441,0.939329120983
2024-05-22,0.0761725715991,2.51512347817,0.943633078469
2024-05-23,0.0770761433917,2.30626392837,0.949007802344
2024-05-24,0.0772022679128,2.36889149197,0.949437441025
2024-05-28,0.0772337436206,2.33396722002,0.950399426787
2024-05-29,0.0782485884234,2.05707178575,0.956207947164
2024-05-30,0.0781146476903,2.00043611573,0.951219756242
2024-05-31,0.0783660998378,2.07784216319,0.948826511445
2024-06-03,0.0784894551891,2.1707613876,0.949738763766
2024-06-04,0.0775154083234,1.95578010918,0.942912603947
2024-06-05,0.0774168475735,2.32227539052,0.93808550917
2024-06-06,0.0774216924948,2.33581627772,0.938577428688
2024-06-07,0.0788794168206,2.03683098866,0.949685909699
2024-06-10,0.0788111910549,2.00183387101,0.951100367667
2024-06-11,0.0787368022982,2.05698680992,0.949429018045
2024-06-12,0.0792323406407,2.20236543331,0.95119362176
2024-06-13,0.0792221469946,2.14279789686,0.950258241553
2024-06-14,0.0762457077319,1.83108582072,0.935797929536
2024-06-17,0.0755323547847,1.66849680558,0.929126475019
2024-06-18,0.0752995979242,1.89339033401,0.927429978988
2024-06-20,0.0752985040911,1.83668057578,0.925770102032
2024-06-21,0.0751940941342,1.62314868283,0.925230078932
2024-06-24,0.0745130876205,1.8450784659,0.922521366064
2024-06-25,0.0739194682928,1.67172121441,0.917766849741
2024-06-26,0.0741335083121,1.54854651431,0.919251728779
2024-06-27,0.0740674687238,1.53165337278,0.918990213318
2024-06-28,0.0739367193605,1.34918628648,0.914108913829
2024-07-01,0.073952946232,1.33621123448,0.914242028195
2024-07-02,0.0740095587058,1.50069686015,0.91295253944
2024-07-03,0.074110279645,1.82704672434,0.916293384646
2024-07-05,0.0739895667927,2.13545585984,0.916004072001
2024-07-08,0.0739187187734,2.16196354567,0.917743382219
2024-07-09,0.0739117737529,2.16856270226,0.917729660758
2024-07-10,0.0738012028073,2.15599782023,0.926092250985
2024-07-11,0.0737173106901,2.32769288617,0.915310219767
2024-07-12,0.0739247568518,2.40370741892,0.916245598435
2024-07-15,0.0739692394382,2.32359082274,0.916696936
2024-07-16,0.0744274940082,2.4149630732,0.920132403736
2024-07-17,0.0737703386389,2.52417683597,0.905261056308
2024-07-18,0.0736195792381,2.54944771314,0.902190506192
2024-07-19,0.0740797994277,2.24769232901,0.905894032929
2024-07-22,0.0740223485642,2.23485718933,0.908522093381
2024-07-23,0.0740808387356,2.16406992739,0.909121174849
2024-07-24,0.0759868394392,1.81214831045,0.898083765481
2024-07-25,0.076191079013,1.72866374254,0.899473685413
2024-07-26,0.0769322034532,1.82828137903,0.903828305521
2024-07-29,0.0769221478175,1.83822587902,0.904129231812
2024-07-30,0.0765494569886,1.70941434979,0.900923862429
2024-07-31,0.0781091857963,1.99192475926,0.904136429822
2024-08-01,0.0785794830166,1.90978928357,0.914907265323
2024-08-02,0.0779316835942,1.55195564901,0.911378903657
2024-08-05,0.0812187684999,1.17490462834,0.915931115433
2024-08-06,0.0806270814984,1.37028589582,0.911908883698
2024-08-07,0.080358429915,1.1663820843,0.905957721595
2024-08-08,0.0819217487793,1.38715966949,0.907953328592
2024-08-09,0.0820120851275,1.5006085233,0.907724105019
2024-08-12,0.0820386446486,1.51352491503,0.908999129642
2024-08-13,0.0829659538967,1.71475971446,0.905598285313
2024-08-14,0.0805079077397,2.12403038833,0.895113739317
2024-08-15,0.0803655591416,2.10396301511,0.890589455596
2024-08-16,0.0801403117241,2.06592974293,0.889335858154
2024-08-19,0.0803284193583,2.26249559907,0.891285528161
2024-08-20,0.0803226676535,2.27356029349,0.893933859022
2024-08-21,0.0803931221098,2.36266508969,0.894467546588
2024-08-22,0.0802804677202,1.98972488469,0.907364196137
2024-08-23,0.0814943557988,2.16707563545,0.914043279277
2024-08-26,0.0813916488649,2.20268492671,0.913805937568
2024-08-27,0.0813949114981,2.2268164447,0.913831597372
2024-08-28,0.0816548958272,2.13390268987,0.914471251301
2024-08-29,0.0815854550027,2.0674824569,0.914000681366
2024-08-30,0.0807216216105,1.91860081383,0.906980763584
2024-09-03,0.0817718984103,1.6731756582,0.904439341151
2024-09-04,0.0817009458701,1.73481331347,0.906386972773
2024-09-05,0.0813979845141,1.62624659938,0.904163838238
2024-09-06,0.0821219691509,1.24818980519,0.905481494776
2024-09-09,0.0825893639659,1.41646050216,0.908046766289
2024-09-10,0.0826126091131,1.52271024115,0.90723764726
2024-09-11,0.0826968793316,1.55336824556,0.908040195995
2024-09-12,0.0829985579171,1.70986409544,0.910037684903
2024-09-13,0.0827372209971,1.95273766202,0.908360681503
2024-09-16,0.0826220711621,2.0949124029,0.90959117798
2024-09-17,0.0826928551937,2.00911247775,0.91082227446
2024-09-18,0.0828919775456,1.85753532255,0.913507267132
2024-09-19,0.0835865030532,1.92526161062,0.914608018951
2024-09-20,0.0836157926768,1.86003704359,0.91482979433
2024-09-23,0.083584284593,1.95162518031,0.914745743555
2024-09-24,0.0837824363253,2.12502676502,0.916422491326
2024-09-25,0.0840435002083,2.0234477945,0.918029394698
2024-09-26,0.0839464669567,2.0089900267,0.918588969957
2024-09-27,0.0839837495636,1.95462094358,0.919256884918
2024-09-30,0.0838161763436,2.01836708154,0.918912702009
2024-10-01,0.0837796603174,2.03300418998,0.917590834387
2024-10-02,0.0837533089373,1.97654816121,0.917351384004
2024-10-03,0.0837333750938,1.98055715952,0.921145884396
2024-10-04,0.0836129906614,1.91853915866,0.920249918727
2024-10-07,0.0839815617132,1.74481633455,0.918186317744
2024-10-08,0.0839012630729,1.69209191081,0.909985970223
2024-10-09,0.0816086825185,2.06718700551,0.897798768234
2024-10-10,0.0813972125749,1.93872678241,0.896485872327
2024-10-11,0.080468122267,2.29363126168,0.892771312014
2024-10-14,0.0800035472078,2.50053393572,0.901576990614
2024-10-15,0.0798614834071,2.53493406672,0.899786412752
2024-10-16,0.0799265034592,2.65294919719,0.90078327681
2024-10-17,0.0799483948057,2.64296260918,0.901594734843
2024-10-18,0.0800155782418,2.79128141762,0.907037232467
2024-10-21,0.0805861035462,2.55767427143,0.914451745833
2024-10-22,0.0802371272901,2.4202824484,0.916518054788
2024-10-23,0.0808028659352,2.28429637959,0.916956973899
2024-10-24,0.0807246274526,2.4092776039,0.91826809323
2024-10-25,0.0805011993712,2.2345097895,0.919227020068
2024-10-28,0.0803984549036,2.18520991172,0.918775495631
2024-10-29,0.0783367600198,2.56992320453,0.912171160915
2024-10-30,0.0784059181898,2.50346297523,0.912279386829
2024-10-31,0.0791439641416,2.02643711781,0.904967436253
2024-11-01,0.0785591925943,1.82320055122,0.907477213825
2024-11-04,0.0782691103622,1.73603988401,0.908057323078
2024-11-05,0.0788518448946,1.88839129376,0.90800935449
2024-11-06,0.0788566606845,1.88623296591,0.866665062873
2024-11-07,0.0796175807996,1.96518464045,0.871315892293
2024-11-08,0.0796579679615,1.92597229883,0.868512672046
2024-11-11,0.0798607517029,1.84237500479,0.86953994394
2024-11-12,0.0805192532172,1.51460082939,0.873976049705
2024-11-13,0.0794549284493,1.2380949248,0.870656184387
2024-11-14,0.0795166447095,1.21715516731,0.869253345576
2024-11-15,0.0798029844102,1.04868272261,0.864306313906
2024-11-18,0.0801064213999,1.17709045989,0.866152607552
2024-11-19,0.0801685970022,1.22476165561,0.866902081662
2024-11-20,0.0797767361555,1.35376773159,0.864291617655
2024-11-21,0.0789966788932,1.63042823283,0.859380051634
2024-11-22,0.0789600088482,1.61961898609,0.859946923802
2024-11-25,0.0789926858117,1.70993011845,0.857347550088
2024-11-26,0.0780046519072,1.94603348878,0.850176758913
2024-11-27,0.0780023045645,1.94379819305,0.852377974143
2024-11-29,0.0780688681665,1.95437612914,0.854953141113
2024-12-02,0.0779550852795,1.83944619706,0.853966665484
2024-12-03,0.0779518645339,1.84591626259,0.85438383746
2024-12-04,0.0774401712597,1.75101719577,0.852339523978
2024-12-05,0.0774444361619,1.7048361361,0.852376777783
2024-12-06,0.0759915677414,2.03060737786,0.842527943515
2024-12-09,0.0759885870461,1.96227505948,0.837740519003
2024-12-10,0.0761476889914,1.87428083147,0.839822028956
2024-12-11,0.0757218388847,1.79298174028,0.837886633238
2024-12-12,0.0763298784635,1.62235776345,0.843955271562
2024-12-13,0.0765102170213,1.51664519085,0.845165358589
2024-12-16,0.0765032253937,1.4999571651,0.845211926873
2024-12-17,0.0764784978913,1.3415971609,0.844601353424
2024-12-18,0.0819830448833,0.766121284161,0.861045752566
2024-12-19,0.081915032299,0.790545097319,0.860732327717
2024-12-20,0.0823967507729,0.919651921303,0.861530402857
2024-12-23,0.0824108164327,0.946183333105,0.862077543592
2024-12-24,0.0824934985109,1.15117968549,0.85927718919
2024-12-26,0.0824247123512,1.11351652091,0.858719563736
2024-12-27,0.0828002233288,1.02409742354,0.859665274807
2024-12-30,0.0829838877108,0.961620580812,0.858357741687
2024-12-31,0.0828443080815,0.854764070256,0.857841457768
2025-01-02,0.0823232746472,0.690019685528,0.854132382968
2025-01-03,0.0821257368993,0.652248574183,0.849458841273
2025-01-06,0.082133998601,0.736326826166,0.849330539523
2025-01-07,0.0825270013139,0.608052639874,0.845828539243
2025-01-08,0.0820739171367,0.482905897293,0.844234124602
2025-01-10,0.0832138134957,0.153848608876,0.850228331088
2025-01-13,0.0829651212628,0.0103694928406,0.849305942451
2025-01-14,0.0830244956396,0.10629290637,0.849667272404
2025-01-15,0.0841523976197,0.223214246251,0.84604792935
2025-01-16,0.0837988130819,0.415180414965,0.848393881072
2025-01-17,0.0834329238669,0.655163668953,0.84461795244
2025-01-21,0.0839736125915,1.02308872955,0.847940637922
2025-01-22,0.083692529157,0.908180825998,0.846799608809
2025-01-23,0.0837109483563,1.00353381314,0.846803792081
2025-01-24,0.0820573209032,1.33789557464,0.850848178731
2025-01-27,0.0820965461183,1.32508986829,0.846737036616
2025-01-28,0.0812462510089,1.18660419265,0.840780301191
2025-01-29,0.0813655928718,1.1197805574,0.840985151758
2025-01-30,0.0818531595004,1.263872486,0.846169316947
2025-01-31,0.0805237603342,0.896719251647,0.841773543414
2025-02-03,0.0799608457837,0.997703014365,0.83904044105
2025-02-04,0.0800373372053,1.27913174635,0.843066753871
2025-02-05,0.0768024817935,1.90120381702,0.838363238374
2025-02-06,0.0768074325277,1.91056393143,0.839281124651
2025-02-07,0.0771019772648,1.83657141094,0.841083378422
2025-02-10,0.0757387484588,1.69452202093,0.839657444312
2025-02-11,0.0756187801732,1.59306428898,0.839349466752
2025-02-12,0.0757124124651,1.45294020854,0.838399146712
2025-02-13,0.075663817411,1.44833590424,0.84364133042
2025-02-14,0.075666940165,1.41842059383,0.84405274877
2025-02-18,0.0752902095494,1.32532695431,0.846359215625
2025-02-19,0.0750245227624,1.19441347493,0.843786713193
2025-02-20,0.0746387826753,1.069310329,0.841117378682
2025-02-21,0.0750791884796,0.918108625267,0.835950331359
2025-02-24,0.074971192567,0.802159463819,0.834594455354
2025-02-25,0.0743469597578,1.01312751315,0.831661602533
2025-02-26,0.0728848756295,0.779007766807,0.822156196136
2025-02-27,0.074070601146,0.565281924732,0.825028284902
2025-02-28,0.074441885415,0.675228859776,0.813694002017
2025-03-03,0.0742678127328,0.726643013451,0.796310124722
2025-03-04,0.0745431887038,0.600371073323,0.791335664656
2025-03-05,0.0751929410503,0.733834069,0.798147069229
2025-03-06,0.0753185743416,0.723623911239,0.799036618095
2025-03-07,0.0754430875609,0.793683445384,0.799760605947
2025-03-10,0.0774522499939,0.434604938146,0.80377946848
2025-03-11,0.0765044063332,0.591946425404,0.79688470922
2025-03-12,0.075988499153,0.47788834503,0.795477098087
2025-03-13,0.0760464314841,0.315221720524,0.792251439614
2025-03-14,0.0771161656571,0.46848905073,0.796359142138
2025-03-17,0.077227814708,0.483688059742,0.796987227662
2025-03-18,0.0770589070293,0.311534190663,0.791825856976
2025-03-19,0.0773437325904,0.382975077458,0.789991358643
2025-03-20,0.0773745917847,0.369522743706,0.790436431962
2025-03-21,0.0772932632749,0.393562044314,0.789522868424
2025-03-24,0.0760744072677,0.231537290266,0.776148675275
2025-03-25,0.0760898690948,0.308005107385,0.776247277092
2025-03-26,0.0765851138334,0.0816788596625,0.776218177896
2025-03-27,0.0762005158571,-0.0390798660875,0.773003203686
2025-03-28,0.0764110047271,-0.0821315517825,0.767430611859
2025-03-31,0.0760840316429,-0.153197372407,0.764483712302
2025-04-01,0.0761432351782,-0.0606608882871,0.764537053773
2025-04-02,0.0762067642981,0.0304383960524,0.765191181753
2025-04-03,0.0807291803227,-0.398089891103,0.754126830771
2025-04-04,0.0936182046082,-1.06093393353,0.799831208035
2025-04-07,0.0953091777688,-1.2313025503,0.807636255821
2025-04-08,0.0959519983531,-1.42350324779,0.807177634817
2025-04-09,0.120006824318,-0.207266160622,0.815766909541
2025-04-10,0.122701494711,-0.514265996395,0.802732701853
2025-04-11,0.123987543919,-0.314124730339,0.807624335953
2025-04-14,0.124465984336,-0.184870426705,0.808346543295
2025-04-15,0.124308956902,-0.234337677772,0.807687167949
2025-04-16,0.12432657821,-0.315619052657,0.801467171204
2025-04-17,0.124278355143,-0.23210098905,0.80126392975
2025-04-21,0.124563295742,-0.411214917342,0.792601729073
2025-04-22,0.12554856202,-0.205701697979,0.789886027816
2025-04-23,0.125495392696,-0.218940769601,0.785013701462
2025-04-24,0.126414537806,0.0749125329607,0.784712645222
2025-04-25,0.126448341115,0.105954020388,0.783379869579
2025-04-28,0.126247915964,0.270609215975,0.782957683474
2025-04-29,0.126245506332,0.269632313021,0.782249025534
2025-04-30,0.126223949193,0.285836996817,0.782166252015
2025-05-01,0.126236991831,0.232912588514,0.780899030546
2025-05-02,0.126644825686,0.334524901588,0.78199740995
2025-05-05,0.126629080554,0.375547077902,0.780479972906
2025-05-06,0.125811946936,0.543008753841,0.778554411321
2025-05-07,0.125809576207,0.544914423388,0.777765077797
2025-05-08,0.125865554651,0.473396208654,0.776912005472
2025-05-09,0.125496487859,0.394690971136,0.776275413067
2025-05-12,0.125878255912,0.53808633528,0.776041239333
2025-05-13,0.125091709832,0.408017213272,0.772999778731
2025-05-14,0.125180749491,0.372354956462,0.774205304151
2025-05-15,0.125465680161,0.545371894192,0.775434559626
2025-05-16,0.124951132124,0.704264923098,0.77315837478
2025-05-19,0.124959799391,0.778357174379,0.773245863274
2025-05-20,0.124862577882,0.835894474873,0.772610175414
2025-05-21,0.12537445448,0.762478943226,0.772609744042
2025-05-22,0.125183595821,0.676314795978,0.771803080054
2025-05-23,0.125150730052,0.657173116956,0.770535512793
2025-05-27,0.125713812932,0.795909162999,0.767301289209
2025-05-28,0.125866989272,0.678595656514,0.767854176308
2025-05-29,0.125913953391,0.691660199549,0.767921040079
2025-05-30,0.125877415166,0.64257905978,0.768772732787
2025-06-02,0.126087879188,0.724108079799,0.769849033534
2025-06-03,0.126083643411,0.689424380951,0.769124808255
2025-06-04,0.125955359982,0.662973083325,0.768886162251
2025-06-05,0.126029431702,0.630095975198,0.769102155361
2025-06-06,0.126029654186,0.635298576121,0.768122577323
2025-06-09,0.125975702412,0.608636599995,0.768539921502
2025-06-10,0.126049809773,0.670427034566,0.768491087247
2025-06-11,0.126044612819,0.66143168023,0.768623762474
2025-06-12,0.126214164997,0.752959149427,0.770053986298
2025-06-13,0.126492488426,0.696180134847,0.770046176694
2025-06-16,0.12643476835,0.669693649162,0.769076501227
2025-06-17,0.126224439029,0.709149665002,0.768281649108
2025-06-18,0.126122079284,0.761169316977,0.76795886497
2025-06-20,0.126174861453,0.718046833533,0.768591567583
2025-06-23,0.126387590931,0.853623878058,0.768833488987
2025-06-24,0.123065095638,1.3088239151,0.759925870125
2025-06-25,0.123037644556,1.32051512616,0.759730978347
2025-06-26,0.122912779548,1.29822955147,0.759926567688
2025-06-27,0.122913867226,1.27404955246,0.759789597767
2025-06-30,0.122894812628,1.26809016188,0.760573702818
2025-07-01,0.122889541228,1.25771696894,0.760515485079
2025-07-02,0.12256543149,1.38978253379,0.760067384077
2025-07-03,0.122390236437,1.47824696746,0.759278751277
2025-07-07,0.122768871252,1.38037054665,0.760742016393
2025-07-08,0.122771990044,1.37790325891,0.760866028722
2025-07-09,0.122807673248,1.38678749106,0.761920449412
2025-07-10,0.122795711284,1.37701190337,0.762041140996
2025-07-11,0.122589082014,1.42153722579,0.762517338709
2025-07-14,0.122588053135,1.41364379213,0.762514575213
2025-07-15,0.121876690423,1.50989531425,0.761562842324
2025-07-16,0.121912693263,1.58894061492,0.761783480736
2025-07-17,0.121903513827,1.58355027397,0.761428305188
2025-07-18,0.120860634429,1.40560069778,0.760621043285
2025-07-21,0.120960410611,1.4394050337,0.761133208226
2025-07-22,0.120941433948,1.43271734376,0.761879273581
2025-07-23,0.120367840691,1.34885086227,0.759762851172
2025-07-24,0.120437884448,1.30804426704,0.760255875304
2025-07-25,0.120407918531,1.27602009054,0.75966697778
2025-07-28,0.120640084014,1.16657819248,0.760434998999
2025-07-29,0.120490799092,1.27042968368,0.760890145272
2025-07-30,0.120755779861,1.12887585863,0.76229733707
2025-07-31,0.120754479608,1.1292812709,0.762384716908
2025-08-01,0.12045182486,1.00806790073,0.758835142521
2025-08-04,0.120816757978,1.21218740604,0.759276255495
2025-08-05,0.120697212884,1.2576030882,0.75860073105
2025-08-06,0.120467216073,1.20239496351,0.757364425245
2025-08-07,0.120274663092,1.1441549847,0.756417216069
2025-08-08,0.120284452623,1.15358838451,0.756005565457
2025-08-11,0.120120025998,1.18903452145,0.756210694872
2025-08-12,0.120149079035,1.19649736831,0.755876281988
2025-08-13,0.120254905175,1.27179030088,0.756241063716
2025-08-14,0.120255213888,1.2716989974,0.756547220204
2025-08-15,0.119658201592,1.12355252783,0.754626505517
2025-08-18,0.119669327472,1.11135241772,0.754828686412
2025-08-19,0.119663709986,1.05050810262,0.754783859523
2025-08-20,0.119660855842,1.06981802338,0.754783649008
2025-08-21,0.119784197755,1.00123643131,0.75552085781
2025-08-22,0.120577767671,1.28305497862,0.759312685355
2025-08-25,0.120789339792,1.21918977013,0.760240277948
2025-08-26,0.120812845905,1.24044054396,0.760314194972
2025-08-27,0.120809720115,1.23564180754,0.760247353334
2025-08-28,0.120025806252,1.44697440453,0.758647755189
2025-08-29,0.119884169898,1.3232258115,0.761137564598
2025-09-02,0.119940800861,1.30425155533,0.765270294385
2025-09-03,0.119828491546,1.44442510531,0.766749908943
2025-09-04,0.119560739316,1.39696819767,0.7649067836
2025-09-05,0.118823741269,1.62458503298,0.763811722426
2025-09-08,0.11888976732,1.64273201515,0.764026962036
2025-09-09,0.117468531169,1.86048606309,0.761682899127
2025-09-10,0.117341261787,1.95284407826,0.762740000935
2025-09-11,0.117556852934,2.01660487104,0.76339369717
2025-09-12,0.117450540846,2.05000207607,0.76473899676
2025-09-15,0.11688258232,1.96832573861,0.764084565621
2025-09-16,0.116624834827,1.85973701156,0.763118062584
2025-09-17,0.11661733731,1.86230635417,0.764886465094
2025-09-18,0.116432779244,1.77527026909,0.76510301927
2025-09-19,0.116341939213,1.84163946975,0.764551575204
2025-09-22,0.116284485791,1.95063065284,0.764423620018
2025-09-23,0.116200545289,1.86996752306,0.766182948886
2025-09-24,0.116425290014,1.76207624609,0.767015903152
2025-09-25,0.116098126028,1.82524833808,0.766963694627
2025-09-26,0.116164540848,1.87174101959,0.767687631291
2025-09-29,0.115891665037,2.04725080003,0.769711157988
2025-09-30,0.115867309429,2.03854828941,0.769963894589
2025-10-01,0.115908700673,2.05821448593,0.770231270452
2025-10-02,0.115892729118,2.0244614448,0.770306356958
2025-10-03,0.112401666401,2.45771261357,0.776788322301
2025-10-06,0.100906349976,3.44304670998,0.743657488566
2025-10-07,0.0986719086943,3.76878875669,0.734433142796
2025-10-08,0.0977056717225,4.06075734423,0.733704393539
2025-10-09,0.0687836628335,4.14599512208,0.657613519541
2025-10-10,0.0652918682718,4.5948041995,0.671186760755
2025-10-13,0.0647847757344,4.58115642971,0.667008036437
2025-10-14,0.0641420174646,4.4350550317,0.662998429478
2025-10-15,0.0644191786989,4.53477088768,0.665359766519
2025-10-16,0.0641764079505,4.71625865807,0.679817260608
2025-10-17,0.0642248090524,4.63203580566,0.67923130942
2025-10-20,0.0642430762352,5.16993895865,0.710386966411
2025-10-21,0.0642772324206,4.55539856206,0.716659502837
2025-10-22,0.0642838207716,4.40561054071,0.728591940268
2025-10-23,0.0623172402571,4.22876764893,0.721179740018
2025-10-24,0.0623710381919,4.25877771718,0.724000953548
2025-10-27,0.0622420537679,4.20867769395,0.716105931286
2025-10-28,0.0622574840572,4.10088725366,0.716947265973
2025-10-29,0.0626353906527,3.96580468266,0.72002935134
2025-10-30,0.0627705341014,3.91804803949,0.716283947987
2025-10-31,0.0621223356081,3.72796185505,0.710832005596
2025-11-03,0.0621217642842,3.7144628845,0.719224710135
2025-11-04,0.0633141953146,3.38366547006,0.73501389379
2025-11-05,0.0632981228955,3.48648191187,0.737700810145
2025-11-06,0.0633398228889,3.47340466128,0.738742956928
2025-11-07,0.0633285139997,3.46519895898,0.739681658056
2025-11-10,0.0638427336358,3.50438118842,0.7984524851
2025-11-11,0.0639470860658,3.55300252562,0.800851697686
2025-11-12,0.0636751401796,3.74317888136,0.798504180953
2025-11-13,0.0647809728344,3.15521649642,0.797968862027
2025-11-14,0.0649326183581,3.00970794299,0.801323367643
2025-11-17,0.0657341737333,2.67805785326,0.808086456265
2025-11-18,0.0659400230019,2.56416926956,0.810053091711
2025-11-19,0.0644797093584,2.90555755287,0.816729649976
2025-11-20,0.0653645483928,2.66377524297,0.817093081798
2025-11-21,0.0658573621906,2.79580980747,0.826895796551
2025-11-24,0.0656351910284,2.77702068942,0.845813957932
2025-11-25,0.0655289297077,3.08773690061,0.843747987033
2025-11-26,0.0656633545827,3.11469652999,0.844680174874
2025-11-28,0.0657283359618,3.22775346591,0.845187477086
2025-12-01,0.0657350706856,2.94006375823,0.843594287886
2025-12-02,0.065707779148,2.97198512995,0.846544597106
2025-12-03,0.0655894128757,2.92950108571,0.845273391964
2025-12-04,0.065398611409,3.0185217166,0.845947551349
2025-12-05,0.0654032181205,3.00768855366,0.850279930625
2025-12-08,0.0655813068138,2.86486103139,0.851329747005
2025-12-09,0.0654959758084,2.74264716395,0.851723604358
2025-12-10,0.0658856888539,2.88277235862,0.854547555595
2025-12-11,0.0656436542899,2.81380424721,0.85260129889
2025-12-12,0.0653722508187,2.86745426636,0.849027292277
2025-12-15,0.0653538093509,2.83320397169,0.852695781193
2025-12-16,0.0651200000308,2.90842856178,0.852210484786
2025-12-17,0.0654207701894,2.78028599853,0.846097512733
2025-12-18,0.0654689649634,2.97536303111,0.84377002191
2025-12-19,0.0651019621895,2.90506152766,0.841125124045
2025-12-22,0.0649599706389,2.87988802707,0.846786261447
2025-12-23,0.0650359752431,3.03785814524,0.847706105206
2025-12-24,0.0647593511583,2.95264304611,0.846781423473
2025-12-26,0.064765211014,3.0164609752,0.847274086666
2025-12-29,0.065178097617,2.67351758892,0.850963095415
2025-12-30,0.0651877866253,2.64739098658,0.851182022591
2025-12-31,0.0656641921742,2.40955339957,0.852721335
