Date,SPY,AGG
2015-01-02,0.6,0.4
2015-01-05,0.595095259014,0.404904740986
2015-01-06,0.592202776818,0.407797223182
2015-01-07,0.595233518613,0.404766481387
2015-01-08,0.599832362415,0.400167637585
2015-01-09,0.597314069357,0.402685930643
2015-01-12,0.595225799884,0.404774200116
2015-01-13,0.594481969751,0.405518030249
2015-01-14,0.592435587904,0.407564412096
2015-01-15,0.589106609179,0.410893390821
2015-01-16,0.593185944244,0.406814055756
2015-01-20,0.593289149985,0.406710850015
2015-01-21,0.59493555972,0.40506444028
2015-01-22,0.598617192742,0.401382807258
2015-01-23,0.596691527699,0.403308472301
2015-01-26,0.597362128051,0.402637871949
2015-01-27,0.594294020225,0.405705979775
2015-01-28,0.590162035195,0.409837964805
2015-01-29,0.592579514849,0.407420485151
2015-01-30,0.588657721295,0.411342278705
2015-02-02,0.6,0.4
2015-02-03,0.604359301383,0.395640698617
2015-02-04,0.603082915135,0.396917084865
2015-02-05,0.605976039881,0.394023960119
2015-02-06,0.606707981284,0.393292018716
2015-02-09,0.605680046488,0.394319953512
2015-02-10,0.608465839763,0.391534160237
2015-02-11,0.608711393269,0.391288606731
2015-02-12,0.610945709145,0.389054290855
2015-02-13,0.612200157343,0.387799842657
2015-02-17,0.613539074527,0.386460925473
2015-02-18,0.61289607425,0.38710392575
2015-02-19,0.612919581634,0.387080418366
2015-02-20,0.614295224721,0.385704775279
2015-02-23,0.613833330676,0.386166669324
2015-02-24,0.613459085494,0.386540914506
2015-02-25,0.613086987327,0.386913012673
2015-02-26,0.613660463144,0.386339536856
2015-02-27,0.612252719565,0.387747280435
2015-03-02,0.6,0.4
2015-03-03,0.599317263918,0.400682736082
2015-03-04,0.598171701052,0.401828298948
2015-03-05,0.598325674401,0.401674325599
2015-03-06,0.596492507514,0.403507492486
2015-03-09,0.596874359713,0.403125640287
2015-03-10,0.592362666399,0.407637333601
2015-03-11,0.591314877726,0.408685122274
2015-03-12,0.594167943506,0.405832056494
2015-03-13,0.593142813125,0.406857186875
2015-03-16,0.595818563263,0.404181436737
2015-03-17,0.595144992456,0.404855007544
2015-03-18,0.596265130104,0.403734869896
2015-03-19,0.596008961989,0.403991038011
2015-03-20,0.597387650898,0.402612349102
2015-03-23,0.596875230601,0.403124769399
2015-03-24,0.594870271395,0.405129728605
2015-03-25,0.591762854529,0.408237145471
2015-03-26,0.592055239512,0.407944760488
2015-03-27,0.592260036307,0.407739963693
2015-03-30,0.595076655987,0.404923344013
2015-03-31,0.592547823451,0.407452176549
2015-04-01,0.6,0.4
2015-04-02,0.601184239368,0.398815760632
2015-04-06,0.602641638719,0.397358361281
2015-04-07,0.60196381965,0.39803618035
2015-04-08,0.602749922525,0.397250077475
2015-04-09,0.604407566778,0.395592433222
2015-04-10,0.605708073467,0.394291926533
2015-04-13,0.604367062184,0.395632937816
2015-04-14,0.604566747091,0.395433252909
2015-04-15,0.605315211373,0.394684788627
2015-04-16,0.605375503192,0.394624496808
2015-04-17,0.602415042978,0.397584957022
2015-04-20,0.604762926985,0.395237073015
2015-04-21,0.604734872763,0.395265127237
2015-04-22,0.606613804394,0.393386195606
2015-04-23,0.606848740034,0.393151259966
2015-04-24,0.606994880339,0.393005119661
2015-04-27,0.605914892034,0.394085107966
2015-04-28,0.607593724378,0.392406275622
2015-04-29,0.607147642229,0.392852357771
2015-04-30,0.604742958877,0.395257041123
2015-05-01,0.6,0.4
2015-05-04,0.601139360597,0.398860639403
2015-05-05,0.598592587551,0.401407412449
2015-05-06,0.598410874316,0.401589125684
2015-05-07,0.598776600976,0.401223399024
2015-05-08,0.601131260748,0.398868739252
2015-05-11,0.601510931514,0.398489068486
2015-05-12,0.600814293022,0.399185706978
2015-05-13,0.600882060036,0.399117939964
2015-05-14,0.602996078118,0.397003921882
2015-05-15,0.602253685752,0.397746314248
2015-05-18,0.603910422335,0.396089577665
2015-05-19,0.60466094816,0.39533905184
2015-05-20,0.604121381057,0.395878618943
2015-05-21,0.604075813192,0.395924186808
2015-05-22,0.60376509605,0.39623490395
2015-05-26,0.60058708506,0.39941291494
2015-05-27,0.602611949235,0.397388050765
2015-05-28,0.602428574229,0.397571425771
2015-05-29,0.600847729272,0.399152270728
2015-06-01,0.6,0.4
2015-06-02,0.600704211211,0.399295788789
2015-06-03,0.602283930081,0.397716069919
2015-06-04,0.599743550171,0.400256449829
2015-06-05,0.600391025014,0.399608974986
2015-06-08,0.598556254272,0.401443745728
2015-06-09,0.599207735688,0.400792264312
2015-06-10,0.602664728054,0.397335271946
2015-06-11,0.602154340988,0.397845659012
2015-06-12,0.600599075178,0.399400924822
2015-06-15,0.599281132265,0.400718867735
2015-06-16,0.60018899139,0.39981100861
2015-06-17,0.600554632392,0.399445367608
2015-06-18,0.603099901832,0.396900098168
2015-06-19,0.601287009921,0.398712990079
2015-06-22,0.603697883743,0.396302116257
2015-06-23,0.604418224833,0.395581775167
2015-06-24,0.602298713488,0.397701286512
2015-06-25,0.601834205725,0.398165794275
2015-06-26,0.602363505152,0.397636494848
2015-06-29,0.595857044382,0.404142955618
2015-06-30,0.596515377787,0.403484622213
2015-07-01,0.6,0.4
2015-07-02,0.599447696446,0.400552303554
2015-07-06,0.597900293978,0.402099706022
2015-07-07,0.599075764663,0.400924235337
2015-07-08,0.594430898879,0.405569101121
2015-07-09,0.595750379601,0.404249620399
2015-07-10,0.599777449608,0.400222550392
2015-07-13,0.602763218064,0.397236781936
2015-07-14,0.603401639816,0.396598360184
2015-07-15,0.602682366404,0.397317633596
2015-07-16,0.604396764199,0.395603235801
2015-07-17,0.604577400441,0.395422599559
2015-07-20,0.605118851069,0.394881148931
2015-07-21,0.603776347122,0.396223652878
2015-07-22,0.603236535338,0.396763464662
2015-07-23,0.601202625422,0.398797374578
2015-07-24,0.598744494984,0.401255505016
2015-07-27,0.597033436017,0.402966563983
2015-07-28,0.6002087891,0.3997912109
2015-07-29,0.602050423766,0.397949576234
2015-07-30,0.602085182131,0.397914817869
2015-07-31,0.600777777289,0.399222222711
2015-08-03,0.6,0.4
2015-08-04,0.600233568687,0.399766431313
2015-08-05,0.601462674806,0.398537325194
2015-08-06,0.599203791439,0.400796208561
2015-08-07,0.598323882199,0.401676117801
2015-08-10,0.601636655653,0.398363344347
2015-08-11,0.598670756201,0.401329243799
2015-08-12,0.599112114919,0.400887885081
2015-08-13,0.599318661394,0.400681338606
2015-08-14,0.600301418717,0.399698581283
2015-08-17,0.601220139053,0.398779860947
2015-08-18,0.600963977116,0.399036022884
2015-08-19,0.598311227637,0.401688772363
2015-08-20,0.5928545718,0.4071454282
2015-08-21,0.585035832411,0.414964167589
2015-08-24,0.574644587719,0.425355412281
2015-08-25,0.572329330185,0.427670669815
2015-08-26,0.582660970894,0.417339029106
2015-08-27,0.588257066193,0.411742933807
2015-08-28,0.588491443705,0.411508556295
2015-08-31,0.586703569905,0.413296430095
2015-09-01,0.6,0.4
2015-09-02,0.604811337577,0.395188662423
2015-09-03,0.604631627926,0.395368372074
2015-09-04,0.600474382601,0.399525617399
2015-09-08,0.606982069008,0.393017930992
2015-09-09,0.603678255041,0.396321744959
2015-09-10,0.605239154458,0.394760845542
2015-09-11,0.60603727884,0.39396272116
2015-09-14,0.605083557149,0.394916442851
2015-09-15,0.609120148336,0.390879851664
2015-09-16,0.611369867871,0.388630132129
2015-09-17,0.609349190434,0.390650809566
2015-09-18,0.605223108814,0.394776891186
2015-09-21,0.607087877076,0.392912122924
2015-09-22,0.603397263215,0.396602736785
2015-09-23,0.603211578655,0.396788421345
2015-09-24,0.6020371315,0.3979628685
2015-09-25,0.602391749533,0.397608250467
2015-09-28,0.595715467675,0.404284532325
2015-09-29,0.595482103797,0.404517896203
2015-09-30,0.59983960951,0.40016039049
2015-10-01,0.6,0.4
2015-10-02,0.602832844447,0.397167155553
2015-10-05,0.607940359202,0.392059640798
2015-10-06,0.606533596558,0.393466403442
2015-10-07,0.60865260144,0.39134739856
2015-10-08,0.611116588654,0.388883411346
2015-10-09,0.611453707002,0.388546292998
2015-10-12,0.611069967189,0.388930032811
2015-10-13,0.609544848502,0.390455151498
2015-10-14,0.607510639076,0.392489360924
2015-10-15,0.611462295047,0.388537704953
2015-10-16,0.612777031074,0.387222968926
2015-10-19,0.612656107666,0.387343892334
2015-10-20,0.61282807358,0.38717192642
2015-10-21,0.61078771427,0.38921228573
2015-10-22,0.614719640194,0.385280359806
2015-10-23,0.617706909738,0.382293090262
2015-10-26,0.617018068899,0.382981931101
2015-10-27,0.616216673014,0.383783326986
2015-10-28,0.619596607458,0.380403392542
2015-10-29,0.620473386054,0.379526613946
2015-10-30,0.618830272246,0.381169727754
2015-11-02,0.6,0.4
2015-11-03,0.601135097746,0.398864902254
2015-11-04,0.60040652355,0.39959347645
2015-11-05,0.60027700658,0.39972299342
2015-11-06,0.601301012234,0.398698987766
2015-11-09,0.599206584238,0.400793415762
2015-11-10,0.59931630838,0.40068369162
2015-11-11,0.598680588198,0.401319411802
2015-11-12,0.595075775519,0.404924224481
2015-11-13,0.591884200958,0.408115799042
2015-11-16,0.595325243365,0.404674756635
2015-11-17,0.594972137107,0.405027862893
2015-11-18,0.59893647398,0.40106352602
2015-11-19,0.598618648438,0.401381351562
2015-11-20,0.59964705138,0.40035294862
2015-11-23,0.599305330937,0.400694669063
2015-11-24,0.599405802048,0.400594197952
2015-11-25,0.599260948737,0.400739051263
2015-11-27,0.59960223664,0.40039776336
2015-11-30,0.598514768043,0.401485231957
2015-12-01,0.6,0.4
2015-12-02,0.597823160418,0.402176839582
2015-12-03,0.596207734472,0.403792265528
2015-12-04,0.600072100496,0.399927899504
2015-12-07,0.598257874459,0.401742125541
2015-12-08,0.596547306969,0.403452693031
2015-12-09,0.594666227363,0.405333772637
2015-12-10,0.595332082538,0.404667917462
2015-12-11,0.590006868734,0.409993131266
2015-12-14,0.592361729303,0.407638270697
2015-12-15,0.594858611121,0.405141388879
2015-12-16,0.598776797109,0.401223202891
2015-12-17,0.594747772499,0.405252227501
2015-12-18,0.589894219053,0.410105780947
2015-12-21,0.592102992322,0.407897007678
2015-12-22,0.594461087888,0.405538912112
2015-12-23,0.597469153712,0.402530846288
2015-12-24,0.596956054132,0.403043945868
2015-12-28,0.596405518792,0.403594481208
2015-12-29,0.599559039906,0.400440960094
2015-12-30,0.597894623005,0.402105376995
2015-12-31,0.594827577816,0.405172422184
2016-01-04,0.6,0.4
2016-01-05,0.600294243098,0.399705756902
2016-01-06,0.59633299955,0.40366700045
2016-01-07,0.590496135013,0.409503864987
2016-01-08,0.587288659216,0.412711340784
2016-01-11,0.588220824787,0.411779175213
2016-01-12,0.589630605729,0.410369394271
2016-01-13,0.582946686539,0.417053313461
2016-01-14,0.586989240639,0.413010759361
2016-01-15,0.581428280214,0.418571719786
2016-01-19,0.581997711446,0.418002288554
2016-01-20,0.578655095095,0.421344904905
2016-01-21,0.580352381635,0.419647618365
2016-01-22,0.585111317531,0.414888682469
2016-01-25,0.581543244185,0.418456755815
2016-01-26,0.58452483381,0.41547516619
2016-01-27,0.581820097446,0.418179902554
2016-01-28,0.582883075379,0.417116924621
2016-01-29,0.588017016962,0.411982983038
2016-02-01,0.6,0.4
2016-02-02,0.594899073704,0.405100926296
2016-02-03,0.596360576533,0.403639423467
2016-02-04,0.596495774729,0.403504225271
2016-02-05,0.592078732889,0.407921267111
2016-02-08,0.587872686985,0.412127313015
2016-02-09,0.587907642874,0.412092357126
2016-02-10,0.58710304182,0.41289695818
2016-02-11,0.583770948357,0.416229051643
2016-02-12,0.589381572544,0.410618427456
2016-02-16,0.594019996402,0.405980003598
2016-02-17,0.598053408466,0.401946591534
2016-02-18,0.596341647255,0.403658352745
2016-02-19,0.596185297268,0.403814702732
2016-02-22,0.599575431765,0.400424568235
2016-02-23,0.596476420211,0.403523579789
2016-02-24,0.597487040501,0.402512959499
2016-02-25,0.599768347496,0.400231652504
2016-02-26,0.599651434698,0.400348565302
2016-02-29,0.597475580403,0.402524419597
2016-03-01,0.6,0.4
2016-03-02,0.601338128255,0.398661871745
2016-03-03,0.601991042513,0.398008957487
2016-03-04,0.603141000099,0.396858999901
2016-03-07,0.603397473226,0.396602526774
2016-03-08,0.60017583536,0.39982416464
2016-03-09,0.601467173701,0.398532826299
2016-03-10,0.601549954694,0.398450045306
2016-03-11,0.605816826823,0.394183173177
2016-03-14,0.605379403582,0.394620596418
2016-03-15,0.605208114517,0.394791885483
2016-03-16,0.605562278336,0.394437721664
2016-03-17,0.60657285898,0.39342714102
2016-03-18,0.60731347542,0.39268652458
2016-03-21,0.608171379788,0.391828620212
2016-03-22,0.608195080608,0.391804919392
2016-03-23,0.606095243907,0.393904756093
2016-03-24,0.60596767898,0.39403232102
2016-03-28,0.605935353574,0.394064646426
2016-03-29,0.607418860333,0.392581139667
2016-03-30,0.608548770971,0.391451229029
2016-03-31,0.607215551572,0.392784448428
2016-04-01,0.6,0.4
2016-04-04,0.598982421859,0.401017578141
2016-04-05,0.596242763487,0.403757236513
2016-04-06,0.59889837199,0.40110162801
2016-04-07,0.595481716997,0.404518283003
2016-04-08,0.596369020052,0.403630979948
2016-04-11,0.595629538415,0.404370461585
2016-04-12,0.598250469428,0.401749530572
2016-04-13,0.600555359512,0.399444640488
2016-04-14,0.600978491647,0.399021508353
2016-04-15,0.600041788212,0.399958211788
2016-04-18,0.601742775698,0.398257224302
2016-04-19,0.602518771565,0.397481228435
2016-04-20,0.603330195355,0.396669804645
2016-04-21,0.60236367968,0.39763632032
2016-04-22,0.602342071679,0.397657928321
2016-04-25,0.602189364152,0.397810635848
2016-04-26,0.602653495785,0.397346504215
2016-04-27,0.602430650188,0.397569349812
2016-04-28,0.599768528714,0.400231471286
2016-04-29,0.598489936808,0.401510063192
2016-05-02,0.6,0.4
2016-05-03,0.597465968875,0.402534031125
2016-05-04,0.596011187677,0.403988812323
2016-05-05,0.595356757016,0.404643242984
2016-05-06,0.596604816256,0.403395183744
2016-05-09,0.596651816908,0.403348183092
2016-05-10,0.599514017173,0.400485982827
2016-05-11,0.597255325294,0.402744674706
2016-05-12,0.597541707332,0.402458292668
2016-05-13,0.594979824301,0.405020175699
2016-05-16,0.597754502978,0.402245497022
2016-05-17,0.595823175484,0.404176824516
2016-05-18,0.596894655359,0.403105344641
2016-05-19,0.595906753067,0.404093246933
2016-05-20,0.597269880767,0.402730119233
2016-05-23,0.596985302948,0.403014697052
2016-05-24,0.600210346793,0.399789653207
2016-05-25,0.601787927639,0.398212072361
2016-05-26,0.601488250603,0.398511749397
2016-05-27,0.602559432373,0.397440567627
2016-05-31,0.60195162825,0.39804837175
2016-06-01,0.6,0.4
2016-06-02,0.600121553526,0.399878446474
2016-06-03,0.598104757253,0.401895242747
2016-06-06,0.599648162463,0.400351837537
2016-06-07,0.599806692876,0.400193307124
2016-06-08,0.600501387162,0.399498612838
2016-06-09,0.60000102729,0.39999897271
2016-06-10,0.597389704153,0.402610295847
2016-06-13,0.595332026064,0.404667973936
2016-06-14,0.594965627904,0.405034372096
2016-06-15,0.594111283727,0.405888716273
2016-06-16,0.594678824479,0.405321175521
2016-06-17,0.59395172914,0.40604827086
2016-06-20,0.596167743267,0.403832256733
2016-06-21,0.597022768171,0.402977231829
2016-06-22,0.596478606594,0.403521393406
2016-06-23,0.5999985336,0.4000014664
2016-06-24,0.589890246666,0.410109753334
2016-06-27,0.584536625568,0.415463374432
2016-06-28,0.588569538333,0.411430461667
2016-06-29,0.59282376742,0.40717623258
2016-06-30,0.595598836863,0.404401163137
2016-07-01,0.6,0.4
2016-07-05,0.597626689142,0.402373310858
2016-07-06,0.598617675574,0.401382324426
2016-07-07,0.59863863944,0.40136136056
2016-07-08,0.60182466819,0.39817533181
2016-07-11,0.603303043194,0.396696956806
2016-07-12,0.605754117914,0.394245882086
2016-07-13,0.605381527787,0.394618472213
2016-07-14,0.606922745549,0.393077254451
2016-07-15,0.607471805291,0.392528194709
2016-07-18,0.608069198452,0.391930801548
2016-07-19,0.607338779268,0.392661220732
2016-07-20,0.608540811919,0.391459188081
2016-07-21,0.607427009286,0.392572990714
2016-07-22,0.608451370397,0.391548629603
2016-07-25,0.608078643667,0.391921356333
2016-07-26,0.608188701236,0.391811298764
2016-07-27,0.607236537789,0.392763462211
2016-07-28,0.607532964588,0.392467035412
2016-07-29,0.607283885638,0.392716114362
2016-08-01,0.6,0.4
2016-08-02,0.599161744621,0.400838255379
2016-08-03,0.599605919658,0.400394080342
2016-08-04,0.599412854996,0.400587145004
2016-08-05,0.602177627838,0.397822372162
2016-08-08,0.601885315082,0.398114684918
2016-08-09,0.601409778764,0.398590221236
2016-08-10,0.600538649857,0.399461350143
2016-08-11,0.602287603075,0.397712396925
2016-08-12,0.601504297562,0.398495702438
2016-08-15,0.602619988479,0.397380011521
2016-08-16,0.601530297342,0.398469702658
2016-08-17,0.601533273881,0.398466726119
2016-08-18,0.601729857145,0.398270142855
2016-08-19,0.601911340442,0.398088659558
2016-08-22,0.60153839826,0.39846160174
2016-08-23,0.601956643171,0.398043356829
2016-08-24,0.600812515819,0.399187484181
2016-08-25,0.60090309253,0.39909690747
2016-08-26,0.60083489355,0.39916510645
2016-08-29,0.601351882523,0.398648117477
2016-08-30,0.601084068607,0.398915931393
2016-08-31,0.600443627814,0.399556372186
2016-09-01,0.6,0.4
2016-09-02,0.601399128504,0.398600871496
2016-09-06,0.601610740554,0.398389259446
2016-09-07,0.601461262007,0.398538737993
2016-09-08,0.601744808585,0.398255191415
2016-09-09,0.596978425856,0.403021574144
2016-09-12,0.60020773979,0.39979226021
2016-09-13,0.597396168926,0.402603831074
2016-09-14,0.597003936531,0.402996063469
2016-09-15,0.599243498363,0.400756501637
2016-09-16,0.598140816115,0.401859183885
2016-09-19,0.598379473962,0.401620526038
2016-09-20,0.598304825562,0.401695174438
2016-09-21,0.600389079078,0.399610920922
2016-09-22,0.601403722488,0.398596277512
2016-09-23,0.600150090696,0.399849909304
2016-09-26,0.597896522945,0.402103477055
2016-09-27,0.599084619292,0.400915380708
2016-09-28,0.600209235719,0.399790764281
2016-09-29,0.598026441096,0.401973558904
2016-09-30,0.600088352827,0.399911647173
2016-10-03,0.6,0.4
2016-10-04,0.599588430529,0.400411569471
2016-10-05,0.600970285986,0.399029714014
2016-10-06,0.601136991282,0.398863008718
2016-10-07,0.600269995736,0.399730004264
2016-10-10,0.601623431543,0.398376568457
2016-10-11,0.598939680086,0.401060319914
2016-10-12,0.599168222241,0.400831777759
2016-10-13,0.598035129945,0.401964870055
2016-10-14,0.598568807965,0.401431192035
2016-10-17,0.597322984278,0.402677015722
2016-10-18,0.598436210889,0.401563789111
2016-10-19,0.598947081292,0.401052918708
2016-10-20,0.598584195701,0.401415804299
2016-10-21,0.598546199507,0.401453800493
2016-10-24,0.599930697074,0.400069302926
2016-10-25,0.599124909712,0.400875090288
2016-10-26,0.599115854085,0.400884145915
2016-10-27,0.599078725429,0.400921274571
2016-10-28,0.598367600826,0.401632399174
2016-10-31,0.598076388956,0.401923611044
2016-11-01,0.6,0.4
2016-11-02,0.598269103473,0.401730896527
2016-11-03,0.597490849228,0.402509150772
2016-11-04,0.596727762343,0.403272237657
2016-11-07,0.602246820151,0.397753179849
2016-11-08,0.603710736534,0.396289263466
2016-11-09,0.608455743676,0.391544256324
2016-11-10,0.610025848601,0.389974151399
2016-11-11,0.609912010931,0.390087989069
2016-11-14,0.61105829941,0.38894170059
2016-11-15,0.612729569112,0.387270430888
2016-11-16,0.611760605199,0.388239394801
2016-11-17,0.613870323164,0.386129676836
2016-11-18,0.614103676466,0.385896323534
2016-11-21,0.615688505776,0.384311494224
2016-11-22,0.615932181147,0.384067818853
2016-11-23,0.616889788007,0.383110211993
2016-11-25,0.617787873699,0.382212126301
2016-11-28,0.615846656918,0.384153343082
2016-11-29,0.616046191406,0.383953808594
2016-11-30,0.616415757238,0.383584242762
2016-12-01,0.6,0.4
2016-12-02,0.599363498204,0.400636501796
2016-12-05,0.600601406453,0.399398593547
2016-12-06,0.601404069832,0.398595930168
2016-12-07,0.603896622114,0.396103377886
2016-12-08,0.604923163399,0.395076836601
2016-12-09,0.607090483804,0.392909516196
2016-12-12,0.607037684857,0.392962315143
2016-12-13,0.60831400905,0.39168599095
2016-12-14,0.607645555772,0.392354444228
2016-12-15,0.608913570062,0.391086429938
2016-12-16,0.608291605037,0.391708394963
2016-12-19,0.608188414274,0.391811585726
2016-12-20,0.609327124775,0.390672875225
2016-12-21,0.60815391897,0.39184608103
2016-12-22,0.607744120093,0.392255879907
2016-12-23,0.608026377579,0.391973622421
2016-12-27,0.608794107951,0.391205892049
2016-12-28,0.606438165537,0.393561834463
2016-12-29,0.60565337421,0.39434662579
2016-12-30,0.604291190208,0.395708809792
2017-01-03,0.6,0.4
2017-01-04,0.601356149545,0.398643850455
2017-01-05,0.600170093551,0.399829906449
2017-01-06,0.601822502207,0.398177497793
2017-01-09,0.60063157393,0.39936842607
2017-01-10,0.600697863554,0.399302136446
2017-01-11,0.601087452079,0.398912547921
2017-01-12,0.600396303001,0.399603696999
2017-01-13,0.601365971841,0.398634028159
2017-01-17,0.599702020972,0.400297979028
2017-01-18,0.601270186503,0.398729813497
2017-01-19,0.60100095913,0.39899904087
2017-01-20,0.601791383675,0.398208616325
2017-01-23,0.600502076711,0.399497923289
2017-01-24,0.602410486754,0.397589513246
2017-01-25,0.605113935095,0.394886064905
2017-01-26,0.604709189096,0.395290810904
2017-01-27,0.604134428828,0.395865571172
2017-01-30,0.60275642578,0.39724357422
2017-01-31,0.602159671473,0.397840328527
2017-02-01,0.6,0.4
2017-02-02,0.600024700939,0.399975299061
2017-02-03,0.60160580398,0.39839419602
2017-02-06,0.60048938861,0.39951061139
2017-02-07,0.60025640344,0.39974359656
2017-02-08,0.599885550009,0.400114449991
2017-02-09,0.601878091306,0.398121908694
2017-02-10,0.602865592534,0.397134407466
2017-02-13,0.604517475276,0.395482524724
2017-02-14,0.606000071957,0.393999928043
2017-02-15,0.607618081108,0.392381918892
2017-02-16,0.60690713303,0.39309286697
2017-02-17,0.60675403809,0.39324596191
2017-02-21,0.608191751771,0.391808248229
2017-02-22,0.607826040963,0.392173959037
2017-02-23,0.607591933026,0.392408066974
2017-02-24,0.607017471318,0.392982528682
2017-02-27,0.607827847713,0.392172152287
2017-02-28,0.607249157432,0.392750842568
2017-03-01,0.6,0.4
2017-03-02,0.598928296169,0.401071703831
2017-03-03,0.598901136256,0.401098863744
2017-03-06,0.598296029411,0.401703970589
2017-03-07,0.597888957754,0.402111042246
2017-03-08,0.59802328362,0.40197671638
2017-03-09,0.599066868589,0.400933131411
2017-03-10,0.59954843075,0.40045156925
2017-03-13,0.600072594074,0.399927405926
2017-03-14,0.599062457625,0.400937542375
2017-03-15,0.599746217546,0.400253782454
2017-03-16,0.599540984222,0.400459015778
2017-03-17,0.598606211851,0.401393788149
2017-03-20,0.597986362738,0.402013637262
2017-03-21,0.594385530678,0.405614469322
2017-03-22,0.59461821764,0.40538178236
2017-03-23,0.594294303424,0.405705696576
2017-03-24,0.594319144034,0.405680855966
2017-03-27,0.593493457131,0.406506542869
2017-03-28,0.595796674065,0.404203325935
2017-03-29,0.595488934034,0.404511065966
2017-03-30,0.596698094507,0.403301905493
2017-03-31,0.595959530646,0.404040469354
2017-04-03,0.6,0.4
2017-04-04,0.600373842958,0.399626157042
2017-04-05,0.599394188332,0.400605811668
2017-04-06,0.60009003412,0.39990996588
2017-04-07,0.600375832283,0.399624167717
2017-04-10,0.600209032204,0.399790967796
2017-04-11,0.599238925781,0.400761074219
2017-04-12,0.597654589295,0.402345410705
2017-04-13,0.595777859207,0.404222140793
2017-04-17,0.598032526627,0.401967473373
2017-04-18,0.596346263604,0.403653736396
2017-04-19,0.596276671729,0.403723328271
2017-04-20,0.598600128624,0.401399871376
2017-04-21,0.597766860283,0.402233139717
2017-04-24,0.600745174301,0.399254825699
2017-04-25,0.602926935729,0.397073064271
2017-04-26,0.602468528873,0.397531471127
2017-04-27,0.602449660805,0.397550339195
2017-04-28,0.601509940434,0.398490059566
2017-05-01,0.6,0.4
2017-05-02,0.599759649839,0.400240350161
2017-05-03,0.599710646729,0.400289353271
2017-05-04,0.600190964785,0.399809035215
2017-05-05,0.601089327979,0.398910672021
2017-05-08,0.601513036904,0.398486963096
2017-05-09,0.601270599335,0.398729400665
2017-05-10,0.601634513901,0.398365486099
2017-05-11,0.601166399803,0.398833600197
2017-05-12,0.599882512461,0.400117487539
2017-05-15,0.601292009953,0.398707990047
2017-05-16,0.600764294863,0.399235705137
2017-05-17,0.595228670672,0.404771329328
2017-05-18,0.596328901776,0.403671098224
2017-05-19,0.597888601784,0.402111398216
2017-05-22,0.599258921722,0.400741078278
2017-05-23,0.60025069167,0.39974930833
2017-05-24,0.60039268941,0.39960731059
2017-05-25,0.601426772332,0.398573227668
2017-05-26,0.601464647131,0.398535352869
2017-05-30,0.600796688341,0.399203311659
2017-05-31,0.60049645815,0.39950354185
2017-06-01,0.6,0.4
2017-06-02,0.600009682223,0.399990317777
2017-06-05,0.600204328682,0.399795671318
2017-06-06,0.598954429255,0.401045570745
2017-06-07,0.599682524007,0.400317475993
2017-06-08,0.600041515701,0.399958484299
2017-06-09,0.599873998937,0.400126001063
2017-06-12,0.599824672666,0.400175327334
2017-06-13,0.600929270526,0.399070729474
2017-06-14,0.599860101321,0.400139898679
2017-06-15,0.599550465615,0.400449534385
2017-06-16,0.599450100962,0.400549899038
2017-06-19,0.601766242457,0.398233757543
2017-06-20,0.599772063974,0.400227936026
2017-06-21,0.599669269848,0.400330730152
2017-06-22,0.599451286918,0.400548713082
2017-06-23,0.599694349035,0.400305650965
2017-06-26,0.599634118407,0.400365881593
2017-06-27,0.598411957545,0.401588042455
2017-06-28,0.600463991999,0.399536008001
2017-06-29,0.598804195868,0.401195804132
2017-06-30,0.599558258424,0.400441741576
2017-07-03,0.6,0.4
2017-07-05,0.600422203345,0.399577796655
2017-07-06,0.59867902511,0.40132097489
2017-07-07,0.6003192527,0.3996807473
2017-07-10,0.600466625764,0.399533374236
2017-07-11,0.600068155771,0.399931844229
2017-07-12,0.601139371987,0.398860628013
2017-07-13,0.601804806358,0.398195193642
2017-07-14,0.602678413407,0.397321586593
2017-07-17,0.602539799527,0.397460200473
2017-07-18,0.602119989653,0.397880010347
2017-07-19,0.60334733449,0.39665266551
2017-07-20,0.603388326805,0.396611673195
2017-07-21,0.602761074339,0.397238925661
2017-07-24,0.602920803936,0.397079196064
2017-07-25,0.604352802573,0.395647197427
2017-07-26,0.603904046234,0.396095953766
2017-07-27,0.604030929066,0.395969070934
2017-07-28,0.603269777216,0.396730222784
2017-07-31,0.603243153342,0.396756846658
2017-08-01,0.6,0.4
2017-08-02,0.600291397623,0.399708602377
2017-08-03,0.599344253186,0.400655746814
2017-08-04,0.600174803669,0.399825196331
2017-08-07,0.600642348821,0.399357651179
2017-08-08,0.600269999544,0.399730000456
2017-08-09,0.600041456183,0.399958543817
2017-08-10,0.596383723565,0.403616276435
2017-08-11,0.596541731292,0.403458268708
2017-08-14,0.599022913889,0.400977086111
2017-08-15,0.59934372954,0.40065627046
2017-08-16,0.599324777235,0.400675222765
2017-08-17,0.595194904302,0.404805095698
2017-08-18,0.594971297122,0.405028702878
2017-08-21,0.594984673652,0.405015326348
2017-08-22,0.597707632133,0.402292367867
2017-08-23,0.596296852509,0.403703147491
2017-08-24,0.596041194061,0.403958805939
2017-08-25,0.596427964599,0.403572035401
2017-08-28,0.596350366742,0.403649633258
2017-08-29,0.596276542712,0.403723457288
2017-08-30,0.597457423301,0.402542576699
2017-08-31,0.598572681769,0.401427318231
2017-09-01,0.6,0.4
2017-09-05,0.597286905588,0.402713094412
2017-09-06,0.598367646636,0.401632353364
2017-09-07,0.597750911825,0.402249088175
2017-09-08,0.597751019509,0.402248980491
2017-09-11,0.600951859206,0.399048140794
2017-09-12,0.602106872336,0.397893127664
2017-09-13,0.602461550733,0.397538449267
2017-09-14,0.602254159791,0.397745840209
2017-09-15,0.602619787368,0.397380212632
2017-09-18,0.603237520581,0.396762479419
2017-09-19,0.603607754033,0.396392245967
2017-09-20,0.603889949434,0.396110050566
2017-09-21,0.603291737781,0.396708262219
2017-09-22,0.603165073494,0.396834926506
2017-09-25,0.602108592959,0.397891407041
2017-09-26,0.602339922803,0.397660077197
2017-09-27,0.603967556562,0.396032443438
2017-09-28,0.604232553951,0.395767446049
2017-09-29,0.605267643439,0.394732356561
2017-10-02,0.6,0.4
2017-10-03,0.600315884503,0.399684115497
2017-10-04,0.60066596241,0.39933403759
2017-10-05,0.602191520374,0.397808479626
2017-10-06,0.60226921512,0.39773078488
2017-10-09,0.601544410898,0.398455589102
2017-10-10,0.602153954961,0.397846045039
2017-10-11,0.602486215491,0.397513784509
2017-10-12,0.601844765426,0.398155234574
2017-10-13,0.601546485334,0.398453514666
2017-10-16,0.60210583251,0.39789416749
2017-10-17,0.602362039234,0.397637960766
2017-10-18,0.602967623337,0.397032376663
2017-10-19,0.602858390594,0.397141609406
2017-10-20,0.604789024511,0.395210975489
2017-10-23,0.603594756024,0.396405243976
2017-10-24,0.604517763123,0.395482236877
2017-10-25,0.603484248543,0.396515751457
2017-10-26,0.604056538662,0.395943461338
2017-10-27,0.605477130717,0.394522869283
2017-10-30,0.60392949528,0.39607050472
2017-10-31,0.604454629897,0.395545370103
2017-11-01,0.6,0.4
2017-11-02,0.599961657703,0.400038342297
2017-11-03,0.600541859689,0.399458140311
2017-11-06,0.600693936538,0.399306063462
2017-11-07,0.600461363657,0.399538636343
2017-11-08,0.601022255859,0.398977744141
2017-11-09,0.600325761679,0.399674238321
2017-11-10,0.601217732281,0.398782267719
2017-11-13,0.60144050927,0.39855949073
2017-11-14,0.600641154904,0.399358845096
2017-11-15,0.59897512235,0.40102487765
2017-11-16,0.601270088873,0.398729911127
2017-11-17,0.600300788982,0.399699211018
2017-11-20,0.600841497806,0.399158502194
2017-11-21,0.602163352405,0.397836647595
2017-11-22,0.601535386307,0.398464613693
2017-11-24,0.602131947178,0.397868052822
2017-11-27,0.602012292177,0.397987707823
2017-11-28,0.604428248931,0.395571751069
2017-11-29,0.604872576186,0.395127423814
2017-11-30,0.607347380503,0.392652619497
2017-12-01,0.6,0.4
2017-12-04,0.599731407593,0.400268592407
2017-12-05,0.598624194589,0.401375805411
2017-12-06,0.598427931169,0.401572068831
2017-12-07,0.59949189813,0.40050810187
2017-12-08,0.600884824352,0.399115175648
2017-12-11,0.601693846919,0.398306153081
2017-12-12,0.602226102033,0.397773897967
2017-12-13,0.601519265479,0.398480734521
2017-12-14,0.60047176082,0.39952823918
2017-12-15,0.602393806564,0.397606193436
2017-12-18,0.604213066455,0.395786933545
2017-12-19,0.603993619737,0.396006380263
2017-12-20,0.604417418113,0.395582581887
2017-12-21,0.604698293947,0.395301706053
2017-12-22,0.604526068752,0.395473931248
2017-12-26,0.604042212976,0.395957787024
2017-12-27,0.603413179541,0.396586820459
2017-12-28,0.604080088366,0.395919911634
2017-12-29,0.602935300499,0.397064699501
2018-01-02,0.6,0.4
2018-01-03,0.601490312646,0.398509687354
2018-01-04,0.602651538412,0.397348461588
2018-01-05,0.604394479003,0.395605520997
2018-01-08,0.60489698498,0.39510301502
2018-01-09,0.606095459908,0.393904540092
2018-01-10,0.605729815806,0.394270184194
2018-01-11,0.607354986996,0.392645013004
2018-01-12,0.608947248617,0.391052751383
2018-01-16,0.608065874465,0.391934125535
2018-01-17,0.610586804551,0.389413195449
2018-01-18,0.610712599086,0.389287400914
2018-01-19,0.612295605891,0.387704394109
2018-01-22,0.614303922423,0.385696077577
2018-01-23,0.614237250148,0.385762749852
2018-01-24,0.614385537312,0.385614462688
2018-01-25,0.613874136443,0.386125863557
2018-01-26,0.617034874779,0.382965125221
2018-01-29,0.615877140498,0.384122859502
2018-01-30,0.613807890037,0.386192109963
2018-01-31,0.613728293916,0.386271706084
2018-02-01,0.6,0.4
2018-02-02,0.595424318968,0.404575681032
2018-02-05,0.584120126313,0.415879873687
2018-02-06,0.589549784536,0.410450215464
2018-02-07,0.588775218534,0.411224781466
2018-02-08,0.579898334215,0.420101665785
2018-02-09,0.583844511577,0.416155488423
2018-02-12,0.587314140501,0.412685859499
2018-02-13,0.587848125181,0.412151874819
2018-02-14,0.591907958555,0.408092041445
2018-02-15,0.594673016319,0.405326983681
2018-02-16,0.594269090515,0.405730909485
2018-02-20,0.593002655373,0.406997344627
2018-02-21,0.592569269048,0.407430730952
2018-02-22,0.592859244661,0.407140755339
2018-02-23,0.5960602862,0.4039397138
2018-02-26,0.598656956901,0.401343043099
2018-02-27,0.596153876065,0.403846123935
2018-02-28,0.593043865199,0.406956134801
2018-03-01,0.6,0.4
2018-03-02,0.601615808041,0.398384191959
2018-03-05,0.604501711373,0.395498288627
2018-03-06,0.605061931944,0.394938068056
2018-03-07,0.605019214182,0.394980785818
2018-03-08,0.605790992466,0.394209007534
2018-03-09,0.6103504544,0.3896495456
2018-03-12,0.609917412606,0.390082587394
2018-03-13,0.608060519735,0.391939480265
2018-03-14,0.606431151272,0.393568848728
2018-03-15,0.606148513871,0.393851486129
2018-03-16,0.606541263511,0.393458736489
2018-03-19,0.603532442236,0.396467557764
2018-03-20,0.604320727808,0.395679272192
2018-03-21,0.603883711676,0.396116288324
2018-03-22,0.597361112726,0.402638887274
2018-03-23,0.592168342993,0.407831657007
2018-03-26,0.598760344886,0.401239655114
2018-03-27,0.59393106789,0.40606893211
2018-03-28,0.593081826128,0.406918173872
2018-03-29,0.595445078629,0.404554921371
2018-04-02,0.6,0.4
2018-04-03,0.603321495429,0.396678504571
2018-04-04,0.605776190118,0.394223809882
2018-04-05,0.607986873687,0.392013126313
2018-04-06,0.602064039402,0.397935960598
2018-04-09,0.603039909382,0.396960090618
2018-04-10,0.60698848848,0.39301151152
2018-04-11,0.605532900073,0.394467099927
2018-04-12,0.608023644631,0.391976355369
2018-04-13,0.60725636861,0.39274363139
2018-04-16,0.609162764175,0.390837235825
2018-04-17,0.611626846725,0.388373153275
2018-04-18,0.612470019451,0.387529980549
2018-04-19,0.611729302226,0.388270697774
2018-04-20,0.610354796358,0.389645203642
2018-04-23,0.610431223912,0.389568776088
2018-04-24,0.607517425462,0.392482574538
2018-04-25,0.608421232498,0.391578767502
2018-04-26,0.610423777093,0.389576222907
2018-04-27,0.610355115682,0.389644884318
2018-04-30,0.608472541102,0.391527458898
2018-05-01,0.6,0.4
2018-05-02,0.598381303622,0.401618696378
2018-05-03,0.597578152285,0.402421847715
2018-05-04,0.60050882248,0.39949117752
2018-05-07,0.601432192488,0.398567807512
2018-05-08,0.601704049587,0.398295950413
2018-05-09,0.604278827613,0.395721172387
2018-05-10,0.60596023596,0.39403976404
2018-05-11,0.606574685379,0.393425314621
2018-05-14,0.606913916267,0.393086083733
2018-05-15,0.606327721636,0.393672278364
2018-05-16,0.607600721347,0.392399278653
2018-05-17,0.60771677542,0.39228322458
2018-05-18,0.606507262513,0.393492737487
2018-05-21,0.608270785717,0.391729214283
2018-05-22,0.6076071561,0.3923928439
2018-05-23,0.607606695199,0.392393304801
2018-05-24,0.606463286603,0.393536713397
2018-05-25,0.605375613596,0.394624386404
2018-05-29,0.60103342168,0.39896657832
2018-05-30,0.604812775139,0.395187224861
2018-05-31,0.603545533303,0.396454466697
2018-06-01,0.6,0.4
2018-06-04,0.601702735366,0.398297264634
2018-06-05,0.601695891704,0.398304108296
2018-06-06,0.604232225699,0.395767774301
2018-06-07,0.603686280208,0.396313719792
2018-06-08,0.604731236062,0.395268763938
2018-06-11,0.605297523446,0.394702476554
2018-06-12,0.605538234832,0.394461765168
2018-06-13,0.605000910869,0.394999089131
2018-06-14,0.604991285703,0.395008714297
2018-06-15,0.604595948816,0.395404051184
2018-06-18,0.604058384754,0.395941615246
2018-06-19,0.602891021387,0.397108978613
2018-06-20,0.603751080533,0.396248919467
2018-06-21,0.602177488369,0.397822511631
2018-06-22,0.602387738889,0.397612261111
2018-06-25,0.599236446636,0.400763553364
2018-06-26,0.599382075004,0.400617924996
2018-06-27,0.596952426264,0.403047573736
2018-06-28,0.598346057508,0.401653942492
2018-06-29,0.598488253161,0.401511746839
2018-07-02,0.6,0.4
2018-07-03,0.598652731114,0.401347268886
2018-07-05,0.600377390377,0.399622609623
2018-07-06,0.60214887307,0.39785112693
2018-07-09,0.604519097808,0.395480902192
2018-07-10,0.605557218513,0.394442781487
2018-07-11,0.603712444838,0.396287555162
2018-07-12,0.605577540367,0.394422459633
2018-07-13,0.605541273349,0.394458726651
2018-07-16,0.605596738437,0.394403261563
2018-07-17,0.606650337293,0.393349662707
2018-07-18,0.607218978049,0.392781021951
2018-07-19,0.605958411611,0.394041588389
2018-07-20,0.606156736492,0.393843263508
2018-07-23,0.607432219671,0.392567780329
2018-07-24,0.608291235913,0.391708764087
2018-07-25,0.610289028417,0.389710971583
2018-07-26,0.609861811619,0.390138188381
2018-07-27,0.608062956779,0.391937043221
2018-07-30,0.607061709612,0.392938290388
2018-07-31,0.608031729775,0.391968270225
2018-08-01,0.6,0.4
2018-08-02,0.601212693652,0.398787306348
2018-08-03,0.601716555307,0.398283444693
2018-08-06,0.602435404135,0.397564595865
2018-08-07,0.603653928952,0.396346071048
2018-08-08,0.603553276769,0.396446723231
2018-08-09,0.602887215589,0.397112784411
2018-08-10,0.600756883457,0.399243116543
2018-08-13,0.599721344487,0.400278655513
2018-08-14,0.60147284964,0.39852715036
2018-08-15,0.599335927129,0.400664072871
2018-08-16,0.601134347983,0.398865652017
2018-08-17,0.601841508767,0.398158491233
2018-08-20,0.601881680513,0.398118319487
2018-08-21,0.602644991726,0.397355008274
2018-08-22,0.602300636359,0.397699363641
2018-08-23,0.602116955286,0.397883044714
2018-08-24,0.603284489758,0.396715510242
2018-08-27,0.605478673802,0.394521326198
2018-08-28,0.60604246282,0.39395753718
2018-08-29,0.607367841374,0.392632158626
2018-08-30,0.606287977648,0.393712022352
2018-08-31,0.606318581719,0.393681418281
2018-09-04,0.6,0.4
2018-09-05,0.599466062363,0.400533937637
2018-09-06,0.598334321236,0.401665678764
2018-09-07,0.598728492941,0.401271507059
2018-09-10,0.598918710957,0.401081289043
2018-09-11,0.600117615777,0.399882384223
2018-09-12,0.600016845729,0.399983154271
2018-09-13,0.601272665928,0.398727334072
2018-09-14,0.601767114788,0.398232885212
2018-09-17,0.600494403912,0.399505596088
2018-09-18,0.602313904488,0.397686095512
2018-09-19,0.603023570531,0.396976429469
2018-09-20,0.604636529631,0.395363470369
2018-09-21,0.604236409964,0.395763590036
2018-09-24,0.603667297574,0.396332702426
2018-09-25,0.603558779295,0.396441220705
2018-09-26,0.602273725379,0.397726274621
2018-09-27,0.602783369151,0.397216630849
2018-09-28,0.603057231011,0.396942768989
2018-10-01,0.6,0.4
2018-10-02,0.599586526795,0.400413473205
2018-10-03,0.600859720854,0.399140279146
2018-10-04,0.599664557518,0.400335442482
2018-10-05,0.598845340218,0.401154659782
2018-10-08,0.5989374523,0.4010625477
2018-10-09,0.598241205433,0.401758794567
2018-10-10,0.590553491234,0.409446508766
2018-10-11,0.584437479639,0.415562520361
2018-10-12,0.587714021484,0.412285978516
2018-10-15,0.586510684492,0.413489315508
2018-10-16,0.591607757341,0.408392242659
2018-10-17,0.592135666471,0.407864333529
2018-10-18,0.588780170042,0.411219829958
2018-10-19,0.588857459403,0.411142540597
2018-10-22,0.587814205936,0.412185794064
2018-10-23,0.586275207044,0.413724792956
2018-10-24,0.578163783813,0.421836216187
2018-10-25,0.582703403645,0.417296596355
2018-10-26,0.577823921833,0.422176078167
2018-10-29,0.57672416035,0.42327583965
2018-10-30,0.580659770361,0.419340229639
2018-10-31,0.583360679058,0.416639320942
2018-11-01,0.6,0.4
2018-11-02,0.599288242832,0.400711757168
2018-11-05,0.600447246459,0.399552753541
2018-11-06,0.601936609819,0.398063390181
2018-11-07,0.606795131743,0.393204868257
2018-11-08,0.606797003715,0.393202996285
2018-11-09,0.604153779457,0.395846220543
2018-11-12,0.599242480457,0.400757519543
2018-11-13,0.598700450636,0.401299549364
2018-11-14,0.597028166104,0.402971833896
2018-11-15,0.599224626905,0.400775373095
2018-11-16,0.599457909526,0.400542090474
2018-11-19,0.595378018121,0.404621981879
2018-11-20,0.590962587115,0.409037412885
2018-11-21,0.591623073539,0.408376926461
2018-11-23,0.590072326798,0.409927673202
2018-11-26,0.593986645674,0.406013354326
2018-11-27,0.594727324738,0.405272675262
2018-11-28,0.599743878651,0.400256121349
2018-11-29,0.599104153185,0.400895846815
2018-11-30,0.600631465762,0.399368534238
2018-12-03,0.6,0.4
2018-12-04,0.591424619602,0.408575380398
2018-12-06,0.590460183998,0.409539816002
2018-12-07,0.584440710794,0.415559289206
2018-12-10,0.584739882964,0.415260117036
2018-12-11,0.58472600811,0.41527399189
2018-12-12,0.586128842615,0.413871157385
2018-12-13,0.585977772863,0.414022227137
2018-12-14,0.581379893066,0.418620106934
2018-12-17,0.576134262015,0.423865737985
2018-12-18,0.575149626734,0.424850373266
2018-12-19,0.57122721076,0.42877278924
2018-12-20,0.567434627996,0.432565372004
2018-12-21,0.562462603783,0.437537396217
2018-12-24,0.555698558777,0.444301441223
2018-12-26,0.568296174713,0.431703825287
2018-12-27,0.569777671218,0.430222328782
2018-12-28,0.568559098399,0.431440901601
2018-12-31,0.570074805394,0.429925194606
2019-01-02,0.6,0.4
2019-01-03,0.593195893741,0.406804106259
2019-01-04,0.601839416812,0.398160583188
2019-01-07,0.604123554401,0.395876445599
2019-01-08,0.606537250762,0.393462749238
2019-01-09,0.607447869489,0.392552130511
2019-01-10,0.608555831647,0.391444168353
2019-01-11,0.608312098854,0.391687901146
2019-01-14,0.607189250306,0.392810749694
2019-01-15,0.609859022966,0.390140977034
2019-01-16,0.610232909725,0.389767090275
2019-01-17,0.612207541004,0.387792458996
2019-01-18,0.615519824231,0.384480175769
2019-01-22,0.61209499009,0.38790500991
2019-01-23,0.612345857869,0.387654142131
2019-01-24,0.612071424638,0.387928575362
2019-01-25,0.614181202318,0.385818797682
2019-01-28,0.612505210128,0.387494789872
2019-01-29,0.611567173087,0.388432826913
2019-01-30,0.614760813337,0.385239186663
2019-01-31,0.616124359866,0.383875640134
2019-02-01,0.6,0.4
2019-02-04,0.601883125051,0.398116874949
2019-02-05,0.602370329782,0.397629670218
2019-02-06,0.602188364532,0.397811635468
2019-02-07,0.599779616449,0.400220383551
2019-02-08,0.599535190857,0.400464809143
2019-02-11,0.599914454207,0.400085545793
2019-02-12,0.602932596197,0.397067403803
2019-02-13,0.604132606795,0.395867393205
2019-02-14,0.603244023718,0.396755976282
2019-02-15,0.60565700058,0.39434299942
2019-02-19,0.605936317216,0.394063682784
2019-02-20,0.606394979321,0.393605020679
2019-02-21,0.606078751948,0.393921248052
2019-02-22,0.606953087543,0.393046912457
2019-02-25,0.607344284547,0.392655715453
2019-02-26,0.606907125035,0.393092874965
2019-02-27,0.607315311476,0.392684688524
2019-02-28,0.607293480471,0.392706519529
2019-03-01,0.6,0.4
2019-03-04,0.598832570943,0.401167429057
2019-03-05,0.598348125975,0.401651874025
2019-03-06,0.596526943007,0.403473056993
2019-03-07,0.593828329318,0.406171670682
2019-03-08,0.593030604422,0.406969395578
2019-03-11,0.596478199209,0.403521800791
2019-03-12,0.596936492998,0.403063507002
2019-03-13,0.598634291519,0.401365708481
2019-03-14,0.59883816238,0.40116183762
2019-03-15,0.599418993097,0.400581006903
2019-03-18,0.600332283701,0.399667716299
2019-03-19,0.600525566284,0.399474433716
2019-03-20,0.598822201037,0.401177798963
2019-03-21,0.60147306596,0.39852693404
2019-03-22,0.595605665552,0.404394334448
2019-03-25,0.594981428763,0.405018571237
2019-03-26,0.596725450744,0.403274549256
2019-03-27,0.594954686292,0.405045313708
2019-03-28,0.595843828394,0.404156171606
2019-03-29,0.597378781748,0.402621218252
2019-04-01,0.6,0.4
2019-04-02,0.599851795606,0.400148204394
2019-04-03,0.600672019761,0.399327980239
2019-04-04,0.601130303805,0.398869696195
2019-04-05,0.60211066299,0.39788933701
2019-04-08,0.602403745575,0.397596254425
2019-04-09,0.601039665225,0.398960334775
2019-04-10,0.601392142142,0.398607857858
2019-04-11,0.601612697576,0.398387302424
2019-04-12,0.603691389121,0.396308610879
2019-04-15,0.603578869863,0.396421130137
2019-04-16,0.604155663133,0.395844336867
2019-04-17,0.603591850296,0.396408149704
2019-04-18,0.603752646246,0.396247353754
2019-04-22,0.604246286075,0.395753713925
2019-04-23,0.605965680217,0.394034319783
2019-04-24,0.604883786162,0.395116213838
2019-04-25,0.604758583775,0.395241416225
2019-04-26,0.605384776732,0.394615223268
2019-04-29,0.606176546001,0.393823453999
2019-04-30,0.606144416216,0.393855583784
2019-05-01,0.6,0.4
2019-05-02,0.600013071071,0.399986928929
2019-05-03,0.601950218731,0.398049781269
2019-05-06,0.600651996285,0.399348003715
2019-05-07,0.596317315144,0.403682684856
2019-05-08,0.596027072238,0.403972927762
2019-05-09,0.595163949778,0.404836050222
2019-05-10,0.596326464416,0.403673535584
2019-05-13,0.589784718614,0.410215281386
2019-05-14,0.591761524859,0.408238475141
2019-05-15,0.592751043403,0.407248956597
2019-05-16,0.595261849032,0.404738150968
2019-05-17,0.593631660969,0.406368339031
2019-05-20,0.592362956469,0.407637043531
2019-05-21,0.594550372605,0.405449627395
2019-05-22,0.593410227847,0.406589772153
2019-05-23,0.589731798391,0.410268201609
2019-05-24,0.590191537756,0.409808462244
2019-05-28,0.587575488117,0.412424511883
2019-05-29,0.585876395425,0.414123604575
2019-05-30,0.585896979214,0.414103020786
2019-05-31,0.581475215861,0.418524784139
2019-06-03,0.6,0.4
2019-06-04,0.605359211519,0.394640788481
2019-06-05,0.607547540289,0.392452459711
2019-06-06,0.60913487803,0.39086512197
2019-06-07,0.61083569696,0.38916430304
2019-06-10,0.612547295173,0.387452704827
2019-06-11,0.612532732919,0.387467267081
2019-06-12,0.611812008882,0.388187991118
2019-06-13,0.612273867422,0.387726132578
2019-06-14,0.612075805391,0.387924194609
2019-06-17,0.612230526307,0.387769473693
2019-06-18,0.614058267825,0.385941732175
2019-06-19,0.613781673929,0.386218326071
2019-06-20,0.615629450338,0.384370549662
2019-06-21,0.615902012757,0.384097987243
2019-06-24,0.615186602553,0.384813397447
2019-06-25,0.612807938203,0.387192061797
2019-06-26,0.613104493161,0.386895506839
2019-06-27,0.613283194276,0.386716805724
2019-06-28,0.614606042402,0.385393957598
2019-07-01,0.6,0.4
2019-07-02,0.600192865059,0.399807134941
2019-07-03,0.601715276043,0.398284723957
2019-07-05,0.602453858784,0.397546141216
2019-07-08,0.601263173646,0.398736826354
2019-07-09,0.601626418738,0.398373581262
2019-07-10,0.60259583643,0.39740416357
2019-07-11,0.604041287547,0.395958712453
2019-07-12,0.604850046364,0.395149953636
2019-07-15,0.60458474014,0.39541525986
2019-07-16,0.604070905662,0.395929094338
2019-07-17,0.601810624941,0.398189375059
2019-07-18,0.602298312044,0.397701687956
2019-07-19,0.601243512057,0.398756487943
2019-07-22,0.601529888637,0.398470111363
2019-07-23,0.603473017119,0.396526982881
2019-07-24,0.604250670483,0.395749329517
2019-07-25,0.603470513332,0.396529486668
2019-07-26,0.605024399815,0.394975600185
2019-07-29,0.604481288865,0.395518711135
2019-07-30,0.603915173156,0.396084826844
2019-07-31,0.601172975056,0.398827024944
2019-08-01,0.6,0.4
2019-08-02,0.598098982207,0.401901017793
2019-08-05,0.589681306944,0.410318693056
2019-08-06,0.592403155272,0.407596844728
2019-08-07,0.592674310035,0.407325689965
2019-08-08,0.597121720874,0.402878279126
2019-08-09,0.595796937709,0.404203062291
2019-08-12,0.591966579811,0.408033420189
2019-08-13,0.596029643195,0.403970356805
2019-08-14,0.588033159457,0.411966840543
2019-08-15,0.587562121913,0.412437878087
2019-08-16,0.591298484537,0.408701515463
2019-08-19,0.594826465836,0.405173534164
2019-08-20,0.592312178915,0.407687821085
2019-08-21,0.594394347585,0.405605652415
2019-08-22,0.594957459751,0.405042540249
2019-08-23,0.587689938262,0.412310061738
2019-08-26,0.590458294833,0.409541705167
2019-08-27,0.588742557602,0.411257442398
2019-08-28,0.590419102785,0.409580897215
2019-08-29,0.593633033793,0.406366966207
2019-08-30,0.593314201468,0.406685798532
2019-09-03,0.6,0.4
2019-09-04,0.602285258882,0.397714741118
2019-09-05,0.60636915949,0.39363084051
2019-09-06,0.60630132141,0.39369867859
2019-09-09,0.607431032702,0.392568967298
2019-09-10,0.608662970519,0.391337029481
2019-09-11,0.610307067296,0.389692932704
2019-09-12,0.611509422563,0.388490577437
2019-09-13,0.612770883979,0.387229116021
2019-09-16,0.611399830509,0.388600169491
2019-09-17,0.611640505796,0.388359494204
2019-09-18,0.611507480803,0.388492519197
2019-09-19,0.611153554156,0.388846445844
2019-09-20,0.609161684222,0.390838315778
2019-09-23,0.60900045439,0.39099954561
2019-09-24,0.606469197247,0.393530802753
2019-09-25,0.608866377481,0.391133622519
2019-09-26,0.607968647974,0.392031352026
2019-09-27,0.606384957941,0.393615042059
2019-09-30,0.607425465145,0.392574534855
2019-10-01,0.6,0.4
2019-10-02,0.595544727347,0.404455272653
2019-10-03,0.596575196032,0.403424803968
2019-10-04,0.599426027326,0.400573972674
2019-10-07,0.599042698422,0.400957301578
2019-10-08,0.595193725638,0.404806274362
2019-10-09,0.597596114326,0.402403885674
2019-10-10,0.600042446942,0.399957553058
2019-10-11,0.603299465556,0.396700534444
2019-10-14,0.602629609338,0.397370390662
2019-10-15,0.60577022843,0.39422977157
2019-10-16,0.604962276475,0.395037723525
2019-10-17,0.605729391,0.394270609
2019-10-18,0.604511546128,0.395488453872
2019-10-21,0.606782524245,0.393217475755
2019-10-22,0.605640928879,0.394359071121
2019-10-23,0.606143997388,0.393856002612
2019-10-24,0.606470194654,0.393529805346
2019-10-25,0.607783559399,0.392216440601
2019-10-28,0.609630568785,0.390369431215
2019-10-29,0.609538743313,0.390461256687
2019-10-30,0.609590885209,0.390409114791
2019-10-31,0.608027890227,0.391972109773
2019-11-01,0.6,0.4
2019-11-04,0.601557138923,0.398442861077
2019-11-05,0.602186953639,0.397813046361
2019-11-06,0.601878918891,0.398121081109
2019-11-07,0.603851046017,0.396148953983
2019-11-08,0.604568452719,0.395431547281
2019-11-11,0.604068551502,0.395931448498
2019-11-12,0.604315658432,0.395684341568
2019-11-13,0.603966182245,0.396033817755
2019-11-14,0.603632572917,0.396367427083
2019-11-15,0.605483907159,0.394516092841
2019-11-18,0.605214111939,0.394785888061
2019-11-19,0.60497550761,0.39502449239
2019-11-20,0.603512257355,0.396487742645
2019-11-21,0.603466240194,0.396533759806
2019-11-22,0.603870411491,0.396129588509
2019-11-25,0.605483011637,0.394516988363
2019-11-26,0.605685627716,0.394314372284
2019-11-27,0.607042697027,0.392957302973
2019-11-29,0.606451817725,0.393548182275
2019-12-02,0.6,0.4
2019-12-03,0.597296413544,0.402703586456
2019-12-04,0.599179319786,0.400820680214
2019-12-05,0.599887456618,0.400112543382
2019-12-06,0.602408288188,0.397591711812
2019-12-09,0.601526018526,0.398473981474
2019-12-10,0.601343793465,0.398656206535
2019-12-11,0.601385198446,0.398614801554
2019-12-12,0.604460171719,0.395539828281
2019-12-13,0.603647565356,0.396352434644
2019-12-16,0.605771918006,0.394228081994
2019-12-17,0.605803144926,0.394196855074
2019-12-18,0.606284962326,0.393715037674
2019-12-19,0.607003706302,0.392996293698
2019-12-20,0.608004466297,0.391995533703
2019-12-23,0.608537954289,0.391462045711
2019-12-24,0.608248430642,0.391751569358
2019-12-26,0.60930097115,0.39069902885
2019-12-27,0.608924667057,0.391075332943
2019-12-30,0.607607363407,0.392392636593
2019-12-31,0.608736354722,0.391263645278
2020-01-02,0.6,0.4
2020-01-03,0.597471197601,0.402528802399
2020-01-06,0.598578113905,0.401421886095
2020-01-07,0.598156825312,0.401843174688
2020-01-08,0.59971070149,0.40028929851
2020-01-09,0.601076707093,0.398923292907
2020-01-10,0.599981557746,0.400018442254
2020-01-13,0.601773849694,0.398226150306
2020-01-14,0.601196004692,0.398803995308
2020-01-15,0.601376859028,0.398623140972
2020-01-16,0.603361092648,0.396638907352
2020-01-17,0.604379316382,0.395620683618
2020-01-21,0.603234118878,0.396765881122
2020-01-22,0.603136476732,0.396863523268
2020-01-23,0.603094470319,0.396905529681
2020-01-24,0.600511292186,0.399488707814
2020-01-27,0.595889089319,0.404110910681
2020-01-28,0.598607458318,0.401392541682
2020-01-29,0.597861439315,0.402138560685
2020-01-30,0.598619252273,0.401380747727
2020-01-31,0.593491988108,0.406508011892
2020-02-03,0.6,0.4
2020-02-04,0.604420737705,0.395579262295
2020-02-05,0.607518553896,0.392481446104
2020-02-06,0.608172909596,0.391827090404
2020-02-07,0.606208201443,0.393791798557
2020-02-10,0.607711148036,0.392288851964
2020-02-11,0.608415728489,0.391584271511
2020-02-12,0.610194927312,0.389805072688
2020-02-13,0.609774031545,0.390225968455
2020-02-14,0.609904965017,0.390095034983
2020-02-18,0.608978614898,0.391021385102
2020-02-19,0.610176163242,0.389823836758
2020-02-20,0.608656082532,0.391343917468
2020-02-21,0.605709116509,0.394290883491
2020-02-24,0.596852664629,0.403147335371
2020-02-25,0.589007311842,0.410992688158
2020-02-26,0.588366920885,0.411633079115
2020-02-27,0.577152179178,0.422847820822
2020-02-28,0.574330664049,0.425669335951
2020-03-02,0.6,0.4
2020-03-03,0.591368154337,0.408631845663
2020-03-04,0.60146404036,0.39853595964
2020-03-05,0.592589491731,0.407410508269
2020-03-06,0.586784316396,0.413215683604
2020-03-09,0.567252035447,0.432747964553
2020-03-10,0.582358461442,0.417641538558
2020-03-11,0.573672738132,0.426327261868
2020-03-12,0.559002752169,0.440997247831
2020-03-13,0.575311864626,0.424688135374
2020-03-16,0.542668846697,0.457331153303
2020-03-17,0.562143902305,0.437856097695
2020-03-18,0.558910640567,0.441089359433
2020-03-19,0.553983353943,0.446016646057
2020-03-20,0.54062625455,0.45937374545
2020-03-23,0.52834926893,0.47165073107
2020-03-24,0.547859926813,0.452140073187
2020-03-25,0.549023180885,0.450976819115
2020-03-26,0.562281742092,0.437718257908
2020-03-27,0.553776242534,0.446223757466
2020-03-30,0.561425208718,0.438574791282
2020-03-31,0.558385985184,0.441614014816
2020-04-01,0.6,0.4
2020-04-02,0.605108716192,0.394891283808
2020-04-03,0.601457550087,0.398542449913
2020-04-06,0.615783651542,0.384216348458
2020-04-07,0.615697304226,0.384302695774
2020-04-08,0.623256176254,0.376743823746
2020-04-09,0.623900521512,0.376099478488
2020-04-13,0.622851182039,0.377148817961
2020-04-14,0.629534389685,0.370465610315
2020-04-15,0.623549052319,0.376450947681
2020-04-16,0.624378294809,0.375621705191
2020-04-17,0.630887018907,0.369112981093
2020-04-20,0.627077735905,0.372922264095
2020-04-21,0.619718646778,0.380281353222
2020-04-22,0.624878156616,0.375121843384
2020-04-23,0.624301552831,0.375698447169
2020-04-24,0.627662171249,0.372337828751
2020-04-27,0.63207470266,0.36792529734
2020-04-28,0.630086702133,0.369913297867
2020-04-29,0.635931399823,0.364068600177
2020-04-30,0.634277558757,0.365722441243
2020-05-01,0.6,0.4
2020-05-04,0.600455648288,0.399544351712
2020-05-05,0.602844436187,0.397155563813
2020-05-06,0.602180416592,0.397819583408
2020-05-07,0.604312213388,0.395687786612
2020-05-08,0.60886287455,0.39113712545
2020-05-11,0.6096281859,0.3903718141
2020-05-12,0.604209640856,0.395790359144
2020-05-13,0.599542995413,0.400457004587
2020-05-14,0.601657230336,0.398342769664
2020-05-15,0.602612536092,0.397387463908
2020-05-18,0.610121277083,0.389878722917
2020-05-19,0.607397463347,0.392602536653
2020-05-20,0.610798523282,0.389201476718
2020-05-21,0.608967790788,0.391032209212
2020-05-22,0.609297673875,0.390702326125
2020-05-26,0.612593115938,0.387406884062
2020-05-27,0.615749630673,0.384250369327
2020-05-28,0.61547387224,0.38452612776
2020-05-29,0.615901590436,0.384098409564
2020-06-01,0.6,0.4
2020-06-02,0.601773270335,0.398226729665
2020-06-03,0.605527766184,0.394472233816
2020-06-04,0.605614138719,0.394385861281
2020-06-05,0.611499707865,0.388500292135
2020-06-08,0.614086856597,0.385913143403
2020-06-09,0.612007433334,0.387992566666
2020-06-10,0.609705619818,0.390294380182
2020-06-11,0.595897156288,0.404102843712
2020-06-12,0.598515308035,0.401484691965
2020-06-15,0.599951481668,0.400048518332
2020-06-16,0.604985011782,0.395014988218
2020-06-17,0.604192892565,0.395807107435
2020-06-18,0.604041148267,0.395958851733
2020-06-19,0.602588285911,0.397411714089
2020-06-22,0.604179529895,0.395820470105
2020-06-23,0.605318019534,0.394681980466
2020-06-24,0.599168958694,0.400831041306
2020-06-25,0.601442393757,0.398557606243
2020-06-26,0.595380542527,0.404619457473
2020-06-29,0.598687048116,0.401312951884
2020-06-30,0.601538472373,0.398461527627
2020-07-01,0.6,0.4
2020-07-02,0.601033193024,0.398966806976
2020-07-06,0.604721133586,0.395278866414
2020-07-07,0.601875750731,0.398124249269
2020-07-08,0.603781037186,0.396218962814
2020-07-09,0.601787475109,0.398212524891
2020-07-10,0.604501814271,0.395498185729
2020-07-13,0.602440820119,0.397559179881
2020-07-14,0.605137674869,0.394862325131
2020-07-15,0.607300815842,0.392699184158
2020-07-16,0.606352830085,0.393647169915
2020-07-17,0.606802878116,0.393197121884
2020-07-20,0.608461201567,0.391538798433
2020-07-21,0.608827311205,0.391172688795
2020-07-22,0.609978675633,0.390021324367
2020-07-23,0.606839078216,0.393160921784
2020-07-24,0.605376654372,0.394623345628
2020-07-27,0.607271126823,0.392728873177
2020-07-28,0.605592404487,0.394407595513
2020-07-29,0.608228594831,0.391771405169
2020-07-30,0.607197063306,0.392802936694
2020-07-31,0.608973224871,0.391026775129
2020-08-03,0.6,0.4
2020-08-04,0.600463258693,0.399536741307
2020-08-05,0.602408792517,0.397591207483
2020-08-06,0.603663050728,0.396336949272
2020-08-07,0.604114981703,0.395885018297
2020-08-10,0.605048663563,0.394951336437
2020-08-11,0.603729099049,0.396270900951
2020-08-12,0.607518288601,0.392481711399
2020-08-13,0.607971899332,0.392028100668
2020-08-14,0.608200628018,0.391799371982
2020-08-17,0.608633911249,0.391366088751
2020-08-18,0.608806096672,0.391193903328
2020-08-19,0.60817420399,0.39182579601
2020-08-20,0.608492495301,0.391507504699
2020-08-21,0.609094986397,0.390905013603
2020-08-24,0.61159292237,0.38840707763
2020-08-25,0.612922925344,0.387077074656
2020-08-26,0.615327004227,0.384672995773
2020-08-27,0.616664462684,0.383335537316
2020-08-28,0.617865428076,0.382134571924
2020-08-31,0.616488300246,0.383511699754
2020-09-01,0.6,0.4
2020-09-02,0.602956885192,0.397043114808
2020-09-03,0.594482620748,0.405517379252
2020-09-04,0.593707409039,0.406292590961
2020-09-08,0.586741162536,0.413258837464
2020-09-09,0.591495031793,0.408504968207
2020-09-10,0.587235351648,0.412764648352
2020-09-11,0.587071869709,0.412928130291
2020-09-14,0.590219886898,0.409780113102
2020-09-15,0.591417754391,0.408582245609
2020-09-16,0.590579238165,0.409420761835
2020-09-17,0.588379976498,0.411620023502
2020-09-18,0.585860011551,0.414139988449
2020-09-21,0.583100736149,0.416899263851
2020-09-22,0.585377326238,0.414622673762
2020-09-23,0.580186318279,0.419813681721
2020-09-24,0.580814041781,0.419185958219
2020-09-25,0.584631217722,0.415368782278
2020-09-28,0.588420893995,0.411579106005
2020-09-29,0.587056823366,0.412943176634
2020-09-30,0.589275881621,0.410724118379
2020-10-01,0.6,0.4
2020-10-02,0.597952866803,0.402047133197
2020-10-05,0.602944244713,0.397055755287
2020-10-06,0.599307300649,0.400692699351
2020-10-07,0.603606960717,0.396393039283
2020-10-08,0.605411618414,0.394588381586
2020-10-09,0.607472590657,0.392527409343
2020-10-12,0.610807645899,0.389192354101
2020-10-13,0.609189559538,0.390810440462
2020-10-14,0.607546383503,0.392453616497
2020-10-15,0.607453635216,0.392546364784
2020-10-16,0.607430795706,0.392569204294
2020-10-19,0.604055827131,0.395944172869
2020-10-20,0.605214660592,0.394785339408
2020-10-21,0.605046448137,0.394953551863
2020-10-22,0.606779726644,0.393220273356
2020-10-23,0.607242784989,0.392757215011
2020-10-26,0.602459467563,0.397540532437
2020-10-27,0.601082362318,0.398917637682
2020-10-28,0.593063230705,0.406936769295
2020-10-29,0.595931364802,0.404068635198
2020-10-30,0.594063136959,0.405936863041
2020-11-02,0.6,0.4
2020-11-03,0.604294927459,0.395705072541
2020-11-04,0.607987681151,0.392012318849
2020-11-05,0.612360187254,0.387639812746
2020-11-06,0.61282923693,0.38717076307
2020-11-09,0.616894653598,0.383105346402
2020-11-10,0.616930936953,0.383069063047
2020-11-11,0.61853761558,0.38146238442
2020-11-12,0.615247024271,0.384752975729
2020-11-13,0.618456524743,0.381543475257
2020-11-16,0.621399443776,0.378600556224
2020-11-17,0.619649603701,0.380350396299
2020-11-18,0.616631552304,0.383368447696
2020-11-19,0.617183905385,0.382816094615
2020-11-20,0.615319003855,0.384680996145
2020-11-23,0.616792618167,0.383207381833
2020-11-24,0.620882506635,0.379117493365
2020-11-25,0.620598949237,0.379401050763
2020-11-27,0.620855253292,0.379144746708
2020-11-30,0.619491652134,0.380508347866
2020-12-01,0.6,0.4
2020-12-02,0.600768978517,0.399231021483
2020-12-03,0.600296206788,0.399703793212
2020-12-04,0.603004280984,0.396995719016
2020-12-07,0.602145259692,0.397854740308
2020-12-08,0.602824751471,0.397175248529
2020-12-09,0.601011962607,0.398988037393
2020-12-10,0.600342823529,0.399657176471
2020-12-11,0.59979687645,0.40020312355
2020-12-14,0.598861722239,0.401138277761
2020-12-15,0.60194120741,0.39805879259
2020-12-16,0.602418426439,0.397581573561
2020-12-17,0.603763363419,0.396236636581
2020-12-18,0.602927719921,0.397072280079
2020-12-21,0.602069950485,0.397930049515
2020-12-22,0.601320000262,0.398679999738
2020-12-23,0.601697960401,0.398302039599
2020-12-24,0.602404749274,0.397595250726
2020-12-28,0.604411309595,0.395588690405
2020-12-29,0.603914058836,0.396085941164
2020-12-30,0.604113273246,0.395886726754
2020-12-31,0.605142691478,0.394857308522
2021-01-04,0.6,0.4
2021-01-05,0.601889883338,0.398110116662
2021-01-06,0.604496803513,0.395503196487
2021-01-07,0.608261261583,0.391738738417
2021-01-08,0.609898421495,0.390101578505
2021-01-11,0.608674890982,0.391325109018
2021-01-12,0.608521559438,0.391478440562
2021-01-13,0.608409970073,0.391590029927
2021-01-14,0.608041563629,0.391958436371
2021-01-15,0.606051285306,0.393948714694
2021-01-19,0.607591991866,0.392408008134
2021-01-20,0.610843633123,0.389156366877
2021-01-21,0.611404584001,0.388595415999
2021-01-22,0.610561814137,0.389438185863
2021-01-25,0.61089000216,0.38910999784
2021-01-26,0.610599724899,0.389400275101
2021-01-27,0.604680091526,0.395319908474
2021-01-28,0.60688781322,0.39311218678
2021-01-29,0.602318146727,0.397681853273
2021-02-01,0.6,0.4
2021-02-02,0.603732848892,0.396267151108
2021-02-03,0.604207024001,0.395792975999
2021-02-04,0.607008648513,0.392991351487
2021-02-05,0.60825140372,0.39174859628
2021-02-08,0.609720215154,0.390279784846
2021-02-09,0.609459899784,0.390540100216
2021-02-10,0.609132210929,0.390867789071
2021-02-11,0.609801297719,0.390198702281
2021-02-12,0.611522775708,0.388477224292
2021-02-16,0.612440109837,0.387559890163
2021-02-17,0.612024302111,0.387975697889
2021-02-18,0.61113385313,0.38886614687
2021-02-19,0.611451128906,0.388548871094
2021-02-22,0.610355618156,0.389644381844
2021-02-23,0.610582524053,0.389417475947
2021-02-24,0.613267117471,0.386732882529
2021-02-25,0.609663582169,0.390336417831
2021-02-26,0.606503122462,0.393496877538
2021-03-01,0.6,0.4
2021-03-02,0.598076714374,0.401923285626
2021-03-03,0.595747900253,0.404252099747
2021-03-04,0.593440871152,0.406559128848
2021-03-05,0.597999697871,0.402000302129
2021-03-08,0.597748292718,0.402251707282
2021-03-09,0.600247704558,0.399752295442
2021-03-10,0.601337600128,0.398662399872
2021-03-11,0.603774517511,0.396225482489
2021-03-12,0.605457961826,0.394542038174
2021-03-15,0.606625821902,0.393374178098
2021-03-16,0.606408496522,0.393591503478
2021-03-17,0.60724160679,0.39275839321
2021-03-18,0.604666379496,0.395333620504
2021-03-19,0.604033978864,0.395966021136
2021-03-22,0.605472206662,0.394527793338
2021-03-23,0.602973437397,0.397026562603
2021-03-24,0.601458728595,0.398541271405
2021-03-25,0.602928562912,0.397071437088
2021-03-26,0.607146999671,0.392853000329
2021-03-29,0.607424645111,0.392575354889
2021-03-30,0.606602185334,0.393397814666
2021-03-31,0.607525220435,0.392474779565
2021-04-01,0.6,0.4
2021-04-05,0.603898424317,0.396101575683
2021-04-06,0.60291744593,0.39708255407
2021-04-07,0.603571843733,0.396428156267
2021-04-08,0.604117899671,0.395882100329
2021-04-09,0.60612071901,0.39387928099
2021-04-12,0.606270513892,0.393729486108
2021-04-13,0.606287886737,0.393712113263
2021-04-14,0.605658758151,0.394341241849
2021-04-15,0.607271820104,0.392728179896
2021-04-16,0.608690673943,0.391309326057
2021-04-19,0.607704356879,0.392295643121
2021-04-20,0.605575783513,0.394424216487
2021-04-21,0.60759436476,0.39240563524
2021-04-22,0.605342110463,0.394657889537
2021-04-23,0.607957069995,0.392042930005
2021-04-26,0.608661694277,0.391338305723
2021-04-27,0.609192694527,0.390807305473
2021-04-28,0.608999351868,0.391000648132
2021-04-29,0.610635767231,0.389364232769
2021-04-30,0.608817454306,0.391182545694
2021-05-03,0.6,0.4
2021-05-04,0.598219859868,0.401780140132
2021-05-05,0.598106325619,0.401893674381
2021-05-06,0.599974737312,0.400025262688
2021-05-07,0.60177680815,0.39822319185
2021-05-10,0.599766822423,0.400233177577
2021-05-11,0.598138745894,0.401861254106
2021-05-12,0.593813035721,0.406186964279
2021-05-13,0.596140518987,0.403859481013
2021-05-14,0.599257069598,0.400742930402
2021-05-17,0.59885547736,0.40114452264
2021-05-18,0.597070159892,0.402929840108
2021-05-19,0.596776252436,0.403223747564
2021-05-20,0.598527358096,0.401472641904
2021-05-21,0.598225438982,0.401774561018
2021-05-24,0.600430054202,0.399569945798
2021-05-25,0.599310425205,0.400689574795
2021-05-26,0.599870126638,0.400129873362
2021-05-27,0.600289226193,0.399710773807
2021-05-28,0.60071799925,0.39928200075
2021-06-01,0.6,0.4
2021-06-02,0.600062461235,0.399937538765
2021-06-03,0.599736777508,0.400263222492
2021-06-04,0.600935790531,0.399064209469
2021-06-07,0.600870362144,0.399129637856
2021-06-08,0.600482418972,0.399517581028
2021-06-09,0.599643722087,0.400356277913
2021-06-10,0.600256689194,0.399743310806
2021-06-11,0.600756839731,0.399243160269
2021-06-14,0.601897100418,0.398102899582
2021-06-15,0.601352821724,0.398647178276
2021-06-16,0.600783163336,0.399216836664
2021-06-17,0.599951081183,0.400048918817
2021-06-18,0.596038717213,0.403961282787
2021-06-21,0.600081932847,0.399918067153
2021-06-22,0.601110761714,0.398889238286
2021-06-23,0.600946614253,0.399053385747
2021-06-24,0.602277029763,0.397722970237
2021-06-25,0.603604755776,0.396395244224
2021-06-28,0.603400123187,0.396599876813
2021-06-29,0.603404283416,0.396595716584
2021-06-30,0.603439602931,0.396560397069
2021-07-01,0.6,0.4
2021-07-02,0.601306107568,0.398693892432
2021-07-06,0.600100678726,0.399899321274
2021-07-07,0.600532802725,0.399467197275
2021-07-08,0.598299377813,0.401700622187
2021-07-09,0.601634964418,0.398365035582
2021-07-12,0.602636434574,0.397363565426
2021-07-13,0.602337002906,0.397662997094
2021-07-14,0.601885728274,0.398114271726
2021-07-15,0.60054812474,0.39945187526
2021-07-16,0.598864831826,0.401135168174
2021-07-19,0.594020281814,0.405979718186
2021-07-20,0.597674198431,0.402325801569
2021-07-21,0.600396477355,0.399603522645
2021-07-22,0.600340632644,0.399659367356
2021-07-23,0.602958719894,0.397041280106
2021-07-26,0.603751460913,0.396248539087
2021-07-27,0.602101738881,0.397898261119
2021-07-28,0.601777118498,0.398222881502
2021-07-29,0.603159366879,0.396840633121
2021-07-30,0.601663974606,0.398336025394
2021-08-02,0.6,0.4
2021-08-03,0.601860648687,0.398139351313
2021-08-04,0.600699093218,0.399300906782
2021-08-05,0.602747105622,0.397252894378
2021-08-06,0.604214327221,0.395785672779
2021-08-09,0.604453856421,0.395546143579
2021-08-10,0.605061432131,0.394938567869
2021-08-11,0.605426846057,0.394573153943
2021-08-12,0.606120733224,0.393879266776
2021-08-13,0.605688522125,0.394311477875
2021-08-16,0.606126690174,0.393873309826
2021-08-17,0.604740893726,0.395259106274
2021-08-18,0.602086586015,0.397913413985
2021-08-19,0.602044434794,0.397955565206
2021-08-20,0.60392115272,0.39607884728
2021-08-23,0.606014160921,0.393985839079
2021-08-24,0.606742412231,0.393257587769
2021-08-25,0.607695048015,0.392304951985
2021-08-26,0.606262064273,0.393737935727
2021-08-27,0.607727057612,0.392272942388
2021-08-30,0.608506022061,0.391493977939
2021-08-31,0.608501609089,0.391498390911
2021-09-01,0.6,0.4
2021-09-02,0.600488978001,0.399511021999
2021-09-03,0.600844409353,0.399155590647
2021-09-07,0.600627957318,0.399372042682
2021-09-08,0.599941328643,0.400058671357
2021-09-09,0.598144323842,0.401855676158
2021-09-10,0.596717434787,0.403282565213
2021-09-13,0.597021106439,0.402978893561
2021-09-14,0.595179417374,0.404820582626
2021-09-15,0.59740956562,0.40259043438
2021-09-16,0.597442405042,0.402557594958
2021-09-17,0.595293795635,0.404706204365
2021-09-20,0.590777840465,0.409222159535
2021-09-21,0.590445231894,0.409554768106
2021-09-22,0.592707561753,0.407292438247
2021-09-23,0.59680367702,0.40319632298
2021-09-24,0.597616098134,0.402383901866
2021-09-27,0.597260743946,0.402739256054
2021-09-28,0.593361685412,0.406638314588
2021-09-29,0.593599232533,0.406400767467
2021-09-30,0.59067131929,0.40932868071
2021-10-01,0.6,0.4
2021-10-04,0.597048242969,0.402951757031
2021-10-05,0.600100620909,0.399899379091
2021-10-06,0.600990991321,0.399009008679
2021-10-07,0.603722111073,0.396277888927
2021-10-08,0.60380885106,0.39619114894
2021-10-11,0.602447448615,0.397552551385
2021-10-12,0.600975058291,0.399024941709
2021-10-13,0.601291731215,0.398708268785
2021-10-14,0.604825561781,0.395174438219
2021-10-15,0.607219888988,0.392780111012
2021-10-18,0.60809124811,0.39190875189
2021-10-19,0.610607801835,0.389392198165
2021-10-20,0.61170593168,0.38829406832
2021-10-21,0.612824272733,0.387175727267
2021-10-22,0.61212003042,0.38787996958
2021-10-25,0.613160427293,0.386839572707
2021-10-26,0.612937998281,0.387062001719
2021-10-27,0.611096085794,0.388903914206
2021-10-28,0.613561828891,0.386438171109
2021-10-29,0.614104326184,0.385895673816
2021-11-01,0.6,0.4
2021-11-02,0.600486245433,0.399513754567
2021-11-03,0.602426721497,0.397573278503
2021-11-04,0.602758275728,0.397241724272
2021-11-05,0.602650684721,0.397349315279
2021-11-08,0.603291612994,0.396708387006
2021-11-09,0.601833449359,0.398166550641
2021-11-10,0.601523916782,0.398476083218
2021-11-11,0.602041204061,0.397958795939
2021-11-12,0.603883019442,0.396116980558
2021-11-15,0.604845010925,0.395154989075
2021-11-16,0.605872493752,0.394127506248
2021-11-17,0.604725482446,0.395274517554
2021-11-18,0.605326489925,0.394673510075
2021-11-19,0.604438911319,0.395561088681
2021-11-22,0.604916587817,0.395083412183
2021-11-23,0.606178612942,0.393821387058
2021-11-24,0.606268634111,0.393731365889
2021-11-26,0.599168141623,0.400831858377
2021-11-29,0.601967335512,0.398032664488
2021-11-30,0.596851195292,0.403148804708
2021-12-01,0.6,0.4
2021-12-02,0.603684238863,0.396315761137
2021-12-03,0.60063090583,0.39936909417
2021-12-06,0.604284728851,0.395715271149
2021-12-07,0.609543863803,0.390456136197
2021-12-08,0.61079707702,0.38920292298
2021-12-09,0.609164435979,0.390835564021
2021-12-10,0.611330464789,0.388669535211
2021-12-13,0.608381808561,0.391618191439
2021-12-14,0.607194051009,0.392805948991
2021-12-15,0.611072625745,0.388927374255
2021-12-16,0.608638285539,0.391361714461
2021-12-17,0.60579452669,0.39420547331
2021-12-20,0.603594274809,0.396405725191
2021-12-21,0.607986124391,0.392013875609
2021-12-22,0.610146596302,0.389853403698
2021-12-23,0.611912062322,0.388087937678
2021-12-27,0.615119628145,0.384880371855
2021-12-28,0.615029817226,0.384970182774
2021-12-29,0.616037881734,0.383962118266
2021-12-30,0.614863669498,0.385136330502
2021-12-31,0.614348989746,0.385651010254
2022-01-03,0.6,0.4
2022-01-04,0.599940848056,0.400059151944
2022-01-05,0.596023665158,0.403976334842
2022-01-06,0.596053356486,0.403946643514
2022-01-07,0.595804768138,0.404195231862
2022-01-10,0.595719103879,0.404280896121
2022-01-11,0.597452043545,0.402547956455
2022-01-12,0.598101216054,0.401898783946
2022-01-13,0.594333782795,0.405666217205
2022-01-14,0.595781883475,0.404218116525
2022-01-18,0.592939962752,0.407060037248
2022-01-19,0.589898153366,0.410101846634
2022-01-20,0.58707293897,0.41292706103
2022-01-21,0.581302803902,0.418697196098
2022-01-24,0.582615644582,0.417384355418
2022-01-25,0.579864714217,0.420135285783
2022-01-26,0.580626846818,0.419373153182
2022-01-27,0.578612544452,0.421387455548
2022-01-28,0.584408306513,0.415591693487
2022-01-31,0.58875884851,0.41124115149
2022-02-01,0.6,0.4
2022-02-02,0.602060459676,0.397939540324
2022-02-03,0.597319339515,0.402680660485
2022-02-04,0.599962751009,0.400037248991
2022-02-07,0.598973900333,0.401026099667
2022-02-08,0.601678240712,0.398321759288
2022-02-09,0.605003810199,0.394996189801
2022-02-10,0.602887660297,0.397112339703
2022-02-11,0.596531881686,0.403468118314
2022-02-14,0.59714658886,0.40285341114
2022-02-15,0.601383845025,0.398616154975
2022-02-16,0.601367240529,0.398632759471
2022-02-17,0.595674062322,0.404325937678
2022-02-18,0.593603173803,0.406396826197
2022-02-22,0.591261754654,0.408738245346
2022-02-23,0.588013850757,0.411986149243
2022-02-24,0.591185567465,0.408814432535
2022-02-25,0.596207795865,0.403792204135
2022-02-28,0.593859305974,0.406140694026
2022-03-01,0.6,0.4
2022-03-02,0.607250164724,0.392749835276
2022-03-03,0.605253442267,0.394746557733
2022-03-04,0.602345688261,0.397654311739
2022-03-07,0.59655829847,0.40344170153
2022-03-08,0.595583894613,0.404416105387
2022-03-09,0.602444729727,0.397555270273
2022-03-10,0.602704398451,0.397295601549
2022-03-11,0.599680575469,0.400319424531
2022-03-14,0.600255967913,0.399744032087
2022-03-15,0.60493028228,0.39506971772
2022-03-16,0.609982883512,0.390017116488
2022-03-17,0.61254023168,0.38745976832
2022-03-18,0.61459609439,0.38540390561
2022-03-21,0.616858468372,0.383141531628
2022-03-22,0.620243358283,0.379756641717
2022-03-23,0.616213268396,0.383786731604
2022-03-24,0.620273515359,0.379726484641
2022-03-25,0.623295805853,0.376704194147
2022-03-28,0.624384654369,0.375615345631
2022-03-29,0.626166460631,0.373833539369
2022-03-30,0.624079875583,0.375920124417
2022-03-31,0.620543976572,0.379456023428
2022-04-01,0.6,0.4
2022-04-04,0.601843532386,0.398156467614
2022-04-05,0.60123191154,0.39876808846
2022-04-06,0.59943400196,0.40056599804
2022-04-07,0.601163641037,0.398836358963
2022-04-08,0.601731815823,0.398268184177
2022-04-11,0.598628248836,0.401371751164
2022-04-12,0.596975961822,0.403024038178
2022-04-13,0.599231454763,0.400768545237
2022-04-14,0.598177263041,0.401822736959
2022-04-18,0.599016642523,0.400983357477
2022-04-19,0.604315783905,0.395684216095
2022-04-20,0.602771781215,0.397228218785
2022-04-21,0.600482932044,0.399517067956
2022-04-22,0.594024115382,0.405975884618
2022-04-25,0.593807235498,0.406192764502
2022-04-26,0.585951740182,0.414048259818
2022-04-27,0.587614198943,0.412385801057
2022-04-28,0.593738829704,0.406261170296
2022-04-29,0.586083165623,0.413916834377
2022-05-02,0.6,0.4
2022-05-03,0.600557673437,0.399442326563
2022-05-04,0.606198459105,0.393801540895
2022-05-05,0.59991734738,0.40008265262
2022-05-06,0.599494417187,0.400505582813
2022-05-09,0.590469620624,0.409530379376
2022-05-10,0.590294393841,0.409705606159
2022-05-11,0.585517247389,0.414482752611
2022-05-12,0.584815175362,0.415184824638
2022-05-13,0.591575419867,0.408424580133
2022-05-16,0.590050624938,0.409949375062
2022-05-17,0.596283145114,0.403716854886
2022-05-18,0.585368407576,0.414631592424
2022-05-19,0.58326138088,0.41673861912
2022-05-20,0.582635872993,0.417364127007
2022-05-23,0.587936582294,0.412063417706
2022-05-24,0.584220786115,0.415779213885
2022-05-25,0.585350951906,0.414649048094
2022-05-26,0.590330699347,0.409669300653
2022-05-27,0.59578948835,0.40421051165
2022-05-31,0.595965608168,0.404034391832
2022-06-01,0.6,0.4
2022-06-02,0.604216846671,0.395783153329
2022-06-03,0.600649183921,0.399350816079
2022-06-06,0.602850643705,0.397149356295
2022-06-07,0.604223474558,0.395776525442
2022-06-08,0.602589249584,0.397410750416
2022-06-09,0.597070272739,0.402929727261
2022-06-10,0.591850292109,0.408149707891
2022-06-13,0.586482034347,0.413517965653
2022-06-14,0.587190957842,0.412809042158
2022-06-15,0.587943802054,0.412056197946
2022-06-16,0.579183117819,0.420816882181
2022-06-17,0.57973219674,0.42026780326
2022-06-21,0.586746234269,0.413253765731
2022-06-22,0.584250487182,0.415749512818
2022-06-23,0.585609122341,0.414390877659
2022-06-24,0.59356535968,0.40643464032
2022-06-27,0.593718822393,0.406281177607
2022-06-28,0.588633229013,0.411366770987
2022-06-29,0.587043642941,0.412956357059
2022-06-30,0.58396348399,0.41603651601
2022-07-01,0.6,0.4
2022-07-05,0.600007757791,0.399992242209
2022-07-06,0.602434984577,0.397565015423
2022-07-07,0.606529697277,0.393470302723
2022-07-08,0.607227293618,0.392772706382
2022-07-11,0.603375760544,0.396624239456
2022-07-12,0.600916789944,0.399083210056
2022-07-13,0.598782517742,0.401217482258
2022-07-14,0.599045941271,0.400954058729
2022-07-15,0.602644675942,0.397355324058
2022-07-18,0.60143276041,0.39856723959
2022-07-19,0.608133532454,0.391866467546
2022-07-20,0.609810147272,0.390189852728
2022-07-21,0.6102406622,0.3897593378
2022-07-22,0.606167906268,0.393832093732
2022-07-25,0.607336334922,0.392663665078
2022-07-26,0.60454098426,0.39545901574
2022-07-27,0.60982268318,0.39017731682
2022-07-28,0.611089648005,0.388910351995
2022-07-29,0.614501117802,0.385498882198
2022-08-01,0.6,0.4
2022-08-02,0.600887558141,0.399112441859
2022-08-03,0.603543946999,0.396456053001
2022-08-04,0.602805326379,0.397194673621
2022-08-05,0.605087019727,0.394912980273
2022-08-08,0.603717701671,0.396282298329
2022-08-09,0.603299670003,0.396700329997
2022-08-10,0.607662478871,0.392337521129
2022-08-11,0.608935518572,0.391064481428
2022-08-12,0.611864488655,0.388135511345
2022-08-15,0.612541724626,0.387458275374
2022-08-16,0.613350933873,0.386649066127
2022-08-17,0.613068826038,0.386931173962
2022-08-18,0.613248554707,0.386751445293
2022-08-19,0.611707146737,0.388292853263
2022-08-22,0.607728591066,0.392271408934
2022-08-23,0.607245059741,0.392754940259
2022-08-24,0.608641593025,0.391358406975
2022-08-25,0.61066510752,0.38933489248
2022-08-26,0.60289478359,0.39710521641
2022-08-29,0.602463776869,0.397536223131
2022-08-30,0.599508684961,0.400491315039
2022-08-31,0.598958610812,0.401041389188
2022-09-01,0.6,0.4
2022-09-02,0.596756982423,0.403243017577
2022-09-06,0.598111097383,0.401888902617
2022-09-07,0.600725747154,0.399274252846
2022-09-08,0.603054005072,0.396945994928
2022-09-09,0.606762189936,0.393237810064
2022-09-12,0.609668000725,0.390331999275
2022-09-13,0.600391873782,0.399608126218
2022-09-14,0.600990853595,0.399009146405
2022-09-15,0.59897724741,0.40102275259
2022-09-16,0.597306708559,0.402693291441
2022-09-19,0.59952815949,0.40047184051
2022-09-20,0.597828105895,0.402171894105
2022-09-21,0.592829498119,0.407170501881
2022-09-22,0.593378899437,0.406621100563
2022-09-23,0.590041314235,0.409958685765
2022-09-26,0.59076723275,0.40923276725
2022-09-27,0.59118449528,0.40881550472
2022-09-28,0.592028775504,0.407971224496
2022-09-29,0.588196778472,0.411803221528
2022-09-30,0.584995900016,0.415004099984
2022-10-03,0.6,0.4
2022-10-04,0.606661947672,0.393338052328
2022-10-05,0.60736124698,0.39263875302
2022-10-06,0.605826648821,0.394173351179
2022-10-07,0.600326083262,0.399673916738
2022-10-10,0.599566473977,0.400433526023
2022-10-11,0.597889012981,0.402110987019
2022-10-12,0.596892850747,0.403107149253
2022-10-13,0.603897298132,0.396102701868
2022-10-14,0.599685931083,0.400314068917
2022-10-17,0.605257047205,0.394742952795
2022-10-18,0.607642837374,0.392357162626
2022-10-19,0.608013500242,0.391986499758
2022-10-20,0.607452958742,0.392547041258
2022-10-21,0.612809006633,0.387190993367
2022-10-24,0.616018952459,0.383981047541
2022-10-25,0.617452707305,0.382547292695
2022-10-26,0.614615648973,0.385384351027
2022-10-27,0.612150468815,0.387849531185
2022-10-28,0.618312064699,0.381687935301
2022-10-31,0.617395209222,0.382604790778
2022-11-01,0.6,0.4
2022-11-02,0.594291924179,0.405708075821
2022-11-03,0.592688129437,0.407311870563
2022-11-04,0.596158939451,0.403841060549
2022-11-07,0.599213895374,0.400786104626
2022-11-08,0.599486821924,0.400513178076
2022-11-09,0.594197727926,0.405802272074
2022-11-10,0.60195094564,0.39804905436
2022-11-11,0.604429840392,0.395570159608
2022-11-14,0.603056304563,0.396943695437
2022-11-15,0.603329783551,0.396670216449
2022-11-16,0.600015794853,0.399984205147
2022-11-17,0.600291071221,0.399708928779
2022-11-18,0.601723237058,0.398276762942
2022-11-21,0.600998361014,0.399001638986
2022-11-22,0.602968464649,0.397031535351
2022-11-23,0.60305157231,0.39694842769
2022-11-25,0.602949125959,0.397050874041
2022-11-28,0.599484141582,0.400515858418
2022-11-29,0.599931456452,0.400068543548
2022-11-30,0.605499182899,0.394500817101
2022-12-01,0.6,0.4
2022-12-02,0.598729219971,0.401270780029
2022-12-05,0.596260194929,0.403739805071
2022-12-06,0.59205019936,0.40794980064
2022-12-07,0.589494825314,0.410505174686
2022-12-08,0.592109923996,0.407890076004
2022-12-09,0.591737147329,0.408262852671
2022-12-12,0.595141795069,0.404858204931
2022-12-13,0.595354868179,0.404645131821
2022-12-14,0.593275675757,0.406724324243
2022-12-15,0.586930649866,0.413069350134
2022-12-16,0.584683170887,0.415316829113
2022-12-19,0.58411067602,0.41588932398
2022-12-20,0.586095496323,0.413904503677
2022-12-21,0.589025892094,0.410974107906
2022-12-22,0.585617188213,0.414382811787
2022-12-23,0.587847979059,0.412152020941
2022-12-27,0.588652681761,0.411347318239
2022-12-28,0.5860456817,0.4139543183
2022-12-29,0.589471569097,0.410528430903
2022-12-30,0.589978254225,0.410021745775
2023-01-03,0.6,0.4
2023-01-04,0.600520851927,0.399479148073
2023-01-05,0.597960031767,0.402039968233
2023-01-06,0.600797426436,0.399202573564
2023-01-09,0.600056847318,0.399943152682
2023-01-10,0.602650903872,0.397349096128
2023-01-11,0.604188012129,0.395811987871
2023-01-12,0.603333750506,0.396666249494
2023-01-13,0.605143584632,0.394856415368
2023-01-17,0.605136306445,0.394863693555
2023-01-18,0.598957127493,0.401042872507
2023-01-19,0.597750704902,0.402249295098
2023-01-20,0.603159443682,0.396840556318
2023-01-23,0.606607811314,0.393392188686
2023-01-24,0.605301392374,0.394698607626
2023-01-25,0.605105211715,0.394894788285
2023-01-26,0.608117900308,0.391882099692
2023-01-27,0.609021477163,0.390978522837
2023-01-30,0.606655600821,0.393344399179
2023-01-31,0.609157702135,0.390842297865
2023-02-01,0.6,0.4
2023-02-02,0.603202057118,0.396797942882
2023-02-03,0.602958969819,0.397041030181
2023-02-06,0.602814218188,0.397185781812
2023-02-07,0.606330233703,0.393669766297
2023-02-08,0.603364988623,0.396635011377
2023-02-09,0.602223066025,0.397776933975
2023-02-10,0.603824681641,0.396175318359
2023-02-13,0.60588664898,0.39411335102
2023-02-14,0.60662451211,0.39337548789
2023-02-15,0.607858829393,0.392141170607
2023-02-16,0.605549194584,0.394450805416
2023-02-17,0.604389811573,0.395610188427
2023-02-21,0.601796805886,0.398203194114
2023-02-22,0.600824983182,0.399175016818
2023-02-23,0.60123644252,0.39876355748
2023-02-24,0.600039199591,0.399960800409
2023-02-27,0.600386228261,0.399613771739
2023-02-28,0.599522203203,0.400477796797
2023-03-01,0.6,0.4
2023-03-02,0.602354683793,0.397645316207
2023-03-03,0.604281623579,0.395718376421
2023-03-06,0.605038778153,0.394961221847
2023-03-07,0.601663477405,0.398336522595
2023-03-08,0.60230207422,0.39769792578
2023-03-09,0.596963320966,0.403036679034
2023-03-10,0.590662922211,0.409337077789
2023-03-13,0.588401165065,0.411598834935
2023-03-14,0.593785935867,0.406214064133
2023-03-15,0.589873787187,0.410126212813
2023-03-16,0.595023703094,0.404976296906
2023-03-17,0.590675972799,0.409324027201
2023-03-20,0.593959545998,0.406040454002
2023-03-21,0.597830894653,0.402169105347
2023-03-22,0.591379719131,0.408620280869
2023-03-23,0.591451430441,0.408548569559
2023-03-24,0.592620890727,0.407379109273
2023-03-27,0.595685571806,0.404314428194
2023-03-28,0.595509222502,0.404490777498
2023-03-29,0.598689140775,0.401310859225
2023-03-30,0.599824532331,0.400175467669
2023-03-31,0.602023029157,0.397976970843
2023-04-03,0.6,0.4
2023-04-04,0.597774752092,0.402225247908
2023-04-05,0.596328914973,0.403671085027
2023-04-06,0.597481171098,0.402518828902
2023-04-10,0.599384384184,0.400615615816
2023-04-11,0.599304375385,0.400695624615
2023-04-12,0.598034389068,0.401965610932
2023-04-13,0.601298214987,0.398701785013
2023-04-14,0.601890647939,0.398109352061
2023-04-17,0.603955542723,0.396044457277
2023-04-18,0.603773059974,0.396226940026
2023-04-19,0.60409519435,0.39590480565
2023-04-20,0.601698189398,0.398301810602
2023-04-21,0.602294662416,0.397705337584
2023-04-24,0.601604038909,0.398395961091
2023-04-25,0.596269181959,0.403730818041
2023-04-26,0.59613801552,0.40386198448
2023-04-27,0.601741079361,0.398258920639
2023-04-28,0.602551774853,0.397448225147
2023-05-01,0.6,0.4
2023-05-02,0.594953499352,0.405046500648
2023-05-03,0.59222908764,0.40777091236
2023-05-04,0.590801491077,0.409198508923
2023-05-05,0.596000728232,0.403999271768
2023-05-08,0.59739679644,0.40260320356
2023-05-09,0.596557907853,0.403442092147
2023-05-10,0.596129023045,0.403870976955
2023-05-11,0.594984605194,0.405015394806
2023-05-12,0.596022103522,0.403977896478
2023-05-15,0.597457007057,0.402542992943
2023-05-16,0.596402601498,0.403597398502
2023-05-17,0.599667859337,0.400332140663
2023-05-18,0.603085258058,0.396914741942
2023-05-19,0.603273034596,0.396726965404
2023-05-22,0.603589900024,0.396410099976
2023-05-23,0.600617208194,0.399382791806
2023-05-24,0.599484565963,0.400515434037
2023-05-25,0.602436186614,0.397563813386
2023-05-26,0.605318110219,0.394681889781
2023-05-30,0.603821810639,0.396178189361
2023-05-31,0.601638553462,0.398361446538
2023-06-01,0.6,0.4
2023-06-02,0.60470534677,0.39529465323
2023-06-05,0.604271021722,0.395728978278
2023-06-06,0.604498802898,0.395501197102
2023-06-07,0.604940035812,0.395059964188
2023-06-08,0.605112259446,0.394887740554
2023-06-09,0.606100450344,0.393899549656
2023-06-12,0.60784132999,0.39215867001
2023-06-13,0.610524397289,0.389475602711
2023-06-14,0.610588396779,0.389411603221
2023-06-15,0.611869251776,0.388130748224
2023-06-16,0.611807975053,0.388192024947
2023-06-20,0.610135965678,0.389864034322
2023-06-21,0.60852609639,0.39147390361
2023-06-22,0.610619322245,0.389380677755
2023-06-23,0.60810937298,0.39189062702
2023-06-26,0.606842139311,0.393157860689
2023-06-27,0.609900572506,0.390099427494
2023-06-28,0.609318703736,0.390681296264
2023-06-29,0.612095807638,0.387904192362
2023-06-30,0.614320730833,0.385679269167
2023-07-03,0.6,0.4
2023-07-05,0.600727252031,0.399272747969
2023-07-06,0.600402195553,0.399597804447
2023-07-07,0.599745810273,0.400254189727
2023-07-10,0.599682113521,0.400317886479
2023-07-11,0.60068554042,0.39931445958
2023-07-12,0.600662254795,0.399337745205
2023-07-13,0.601067070372,0.398932929628
2023-07-14,0.602065190839,0.397934809161
2023-07-17,0.602626527213,0.397373472787
2023-07-18,0.604202942189,0.395797057811
2023-07-19,0.604004206275,0.395995793725
2023-07-20,0.603654460003,0.396345539997
2023-07-21,0.60348355289,0.39651644711
2023-07-24,0.604989059117,0.395010940883
2023-07-25,0.60590925825,0.39409074175
2023-07-26,0.605164710851,0.394835289149
2023-07-27,0.605631682499,0.394368317501
2023-07-28,0.607025703633,0.392974296367
2023-07-31,0.607186279049,0.392813720951
2023-08-01,0.6,0.4
2023-08-02,0.597205912954,0.402794087046
2023-08-03,0.598140336082,0.401859663918
2023-08-04,0.595074693741,0.404925306259
2023-08-07,0.597117390117,0.402882609883
2023-08-08,0.595496332306,0.404503667694
2023-08-09,0.593705455894,0.406294544106
2023-08-10,0.595362726801,0.404637273199
2023-08-11,0.595973153753,0.404026846247
2023-08-14,0.597473271987,0.402526728013
2023-08-15,0.595305571121,0.404694428879
2023-08-16,0.594110192064,0.405889807936
2023-08-17,0.592517215093,0.407482784907
2023-08-18,0.592102469086,0.407897530914
2023-08-21,0.594881256188,0.405118743812
2023-08-22,0.593974107652,0.406025892348
2023-08-23,0.594351867536,0.405648132464
2023-08-24,0.591536262763,0.408463737237
2023-08-25,0.593383591349,0.406616408651
2023-08-28,0.59438052188,0.40561947812
2023-08-29,0.596288355505,0.403711644495
2023-08-30,0.597376892983,0.402623107017
2023-08-31,0.596676324698,0.403323675302
2023-09-01,0.6,0.4
2023-09-05,0.600263371861,0.399736628139
2023-09-06,0.598870346738,0.401129653262
2023-09-07,0.597376723999,0.402623276001
2023-09-08,0.59761313568,0.40238686432
2023-09-11,0.599464355663,0.400535644337
2023-09-12,0.598067536087,0.401932463913
2023-09-13,0.597996247686,0.402003752314
2023-09-14,0.600384069646,0.399615930354
2023-09-15,0.598025676208,0.401974323792
2023-09-18,0.59781445986,0.40218554014
2023-09-19,0.598020264418,0.401979735582
2023-09-20,0.595924349377,0.404075650623
2023-09-21,0.593556901287,0.406443098713
2023-09-22,0.591995495763,0.408004504237
2023-09-25,0.594919214791,0.405080785209
2023-09-26,0.591655228972,0.408344771028
2023-09-27,0.592599372606,0.407400627394
2023-09-28,0.593275557621,0.406724442379
2023-09-29,0.592919985447,0.407080014553
2023-10-02,0.6,0.4
2023-10-03,0.598653502765,0.401346497235
2023-10-04,0.598712547644,0.401287452356
2023-10-05,0.59846708202,0.40153291798
2023-10-06,0.602228474931,0.397771525069
2023-10-09,0.601290093146,0.398709906854
2023-10-10,0.602764058612,0.397235941388
2023-10-11,0.602645703014,0.397354296986
2023-10-12,0.603252469813,0.396747530187
2023-10-13,0.601030671691,0.398969328309
2023-10-16,0.604869532877,0.395130467123
2023-10-17,0.606583176184,0.393416823816
2023-10-18,0.60449240299,0.39550759701
2023-10-19,0.603292930927,0.396707069073
2023-10-20,0.599467558993,0.400532441007
2023-10-23,0.598112559235,0.401887440765
2023-10-24,0.599060402108,0.400939597892
2023-10-25,0.597381721666,0.402618278334
2023-10-26,0.592860713678,0.407139286322
2023-10-27,0.591841886618,0.408158113382
2023-10-30,0.595282880936,0.404717119064
2023-10-31,0.596946694831,0.403053305169
2023-11-01,0.6,0.4
2023-11-02,0.603111838734,0.396888161266
2023-11-03,0.603832403041,0.396167596959
2023-11-06,0.605577530604,0.394422469396
2023-11-07,0.604985246546,0.395014753454
2023-11-08,0.604349679781,0.395650320219
2023-11-09,0.604484211045,0.395515788955
2023-11-10,0.607621421019,0.392378578981
2023-11-13,0.607419335774,0.392580664226
2023-11-14,0.609023924309,0.390976075691
2023-11-15,0.611007067711,0.388992932289
2023-11-16,0.609993417846,0.390006582154
2023-11-17,0.60981410079,0.39018589921
2023-11-20,0.61126324448,0.38873675552
2023-11-21,0.610495522732,0.389504477268
2023-11-22,0.611187624891,0.388812375109
2023-11-24,0.61242945521,0.38757054479
2023-11-27,0.610656947529,0.389343052471
2023-11-28,0.60985056724,0.39014943276
2023-11-29,0.608521640877,0.391478359123
2023-11-30,0.610247118606,0.389752881394
2023-12-01,0.6,0.4
2023-12-04,0.599655683818,0.400344316182
2023-12-05,0.598019732324,0.401980267676
2023-12-06,0.596429793626,0.403570206374
2023-12-07,0.598184088956,0.401815911044
2023-12-08,0.600425624292,0.399574375708
2023-12-11,0.601331947794,0.398668052206
2023-12-12,0.601707871355,0.398292128645
2023-12-13,0.602000499845,0.397999500155
2023-12-14,0.600841568768,0.399158431232
2023-12-15,0.601004703575,0.398995296425
2023-12-18,0.602834915761,0.397165084239
2023-12-19,0.603994204437,0.396005795563
2023-12-20,0.599777321726,0.400222678274
2023-12-21,0.60206486796,0.39793513204
2023-12-22,0.602860457053,0.397139542947
2023-12-26,0.603385160082,0.396614839918
2023-12-27,0.602299352887,0.397700647113
2023-12-28,0.602918975103,0.397081024897
2023-12-29,0.602682765003,0.397317234997
2024-01-02,0.6,0.4
2024-01-03,0.597908688785,0.402091311215
2024-01-04,0.598108069462,0.401891930538
2024-01-05,0.598999009105,0.401000990895
2024-01-08,0.601497945791,0.398502054209
2024-01-09,0.601182593101,0.398817406899
2024-01-10,0.602996036918,0.397003963082
2024-01-11,0.60153042948,0.39846957052
2024-01-12,0.601260755386,0.398739244614
2024-01-16,0.602175531282,0.397824468718
2024-01-17,0.601498644336,0.398501355664
2024-01-18,0.603838347658,0.396161652342
2024-01-19,0.606749492095,0.393250507905
2024-01-22,0.606815708822,0.393184291178
2024-01-23,0.608093686609,0.391906313391
2024-01-24,0.608889498447,0.391110501553
2024-01-25,0.609111644306,0.390888355694
2024-01-26,0.609075842493,0.390924157507
2024-01-29,0.610008646872,0.389991353128
2024-01-30,0.60936583517,0.39063416483
2024-01-31,0.604354882882,0.395645117118
2024-02-01,0.6,0.4
2024-02-02,0.604711868705,0.395288131295
2024-02-05,0.605814061616,0.394185938384
2024-02-06,0.605262211614,0.394737788386
2024-02-07,0.607731297488,0.392268702512
2024-02-08,0.608567419758,0.391432580242
2024-02-09,0.610012374368,0.389987625632
2024-02-12,0.609859273011,0.390140726989
2024-02-13,0.608761884758,0.391238115242
2024-02-14,0.609859755253,0.390140244747
2024-02-15,0.610932872111,0.389067127889
2024-02-16,0.610503823883,0.389496176117
2024-02-20,0.608969636105,0.391030363895
2024-02-21,0.609896453062,0.390103546938
2024-02-22,0.614563459755,0.385436540245
2024-02-23,0.613848856986,0.386151143014
2024-02-26,0.613491010885,0.386508989115
2024-02-27,0.614248440973,0.385751559027
2024-02-28,0.613471083147,0.386528916853
2024-02-29,0.613931775917,0.386068224083
2024-03-01,0.6,0.4
2024-03-04,0.600333747777,0.399666252223
2024-03-05,0.596614542795,0.403385457205
2024-03-06,0.597461913183,0.402538086817
2024-03-07,0.59932110436,0.40067889564
2024-03-08,0.597654301793,0.402345698207
2024-03-11,0.597716711195,0.402283288805
2024-03-12,0.600898465699,0.399101534301
2024-03-13,0.600963584047,0.399036415953
2024-03-14,0.602014797894,0.397985202106
2024-03-15,0.600387522023,0.399612477977
2024-03-18,0.602055231814,0.397944768186
2024-03-19,0.60279067449,0.39720932551
2024-03-20,0.604501874891,0.395498125109
2024-03-21,0.605118729876,0.394881270124
2024-03-22,0.603906278212,0.396093721788
2024-03-25,0.603684924795,0.396315075205
2024-03-26,0.602997536508,0.397002463492
2024-03-27,0.604217923092,0.395782076908
2024-03-28,0.604464944041,0.395535055959
2024-04-01,0.6,0.4
2024-04-02,0.598641779153,0.401358220847
2024-04-03,0.598756794362,0.401243205638
2024-04-04,0.595231854389,0.404768145611
2024-04-05,0.598923563837,0.401076436163
2024-04-08,0.599281567158,0.400718432842
2024-04-09,0.598740000732,0.401259999268
2024-04-10,0.599214958617,0.400785041383
2024-04-11,0.600969105242,0.399030894758
2024-04-12,0.597179795788,0.402820204212
2024-04-15,0.595604468055,0.404395531945
2024-04-16,0.595847574102,0.404152425898
2024-04-17,0.593304040699,0.406695959301
2024-04-18,0.593489843653,0.406510156347
2024-04-19,0.591119536644,0.408880463356
2024-04-22,0.593181590775,0.406818409225
2024-04-23,0.595521017398,0.404478982602
2024-04-24,0.596037107994,0.403962892006
2024-04-25,0.595803130523,0.404196869477
2024-04-26,0.597541584415,0.402458415585
2024-04-29,0.597661301283,0.402338698717
2024-04-30,0.594801095971,0.405198904029
2024-05-01,0.6,0.4
2024-05-02,0.601152970242,0.398847029758
2024-05-03,0.602880917514,0.397119082486
2024-05-06,0.605164280881,0.394835719119
2024-05-07,0.604931794206,0.395068205794
2024-05-08,0.605450804038,0.394549195962
2024-05-09,0.60637649992,0.39362350008
2024-05-10,0.607179125525,0.392820874475
2024-05-13,0.607087211702,0.392912788298
2024-05-14,0.607535785533,0.392464214467
2024-05-15,0.608894018188,0.391105981812
2024-05-16,0.608673309301,0.391326690699
2024-05-17,0.609776743002,0.390223256998
2024-05-20,0.610271995413,0.389728004587
2024-05-21,0.610412225716,0.389587774284
2024-05-22,0.610021237608,0.389978762392
2024-05-23,0.608941526265,0.391058473735
2024-05-24,0.610239738483,0.389760261517
2024-05-28,0.611515964558,0.388484035442
2024-05-29,0.610762429297,0.389237570703
2024-05-30,0.60806225249,0.39193774751
2024-05-31,0.609455534646,0.390544465354
2024-06-03,0.6,0.4
2024-06-04,0.599401747306,0.400598252694
2024-06-05,0.601496582139,0.398503417861
2024-06-06,0.601418320782,0.398581679218
2024-06-07,0.603249520781,0.396750479219
2024-06-10,0.604185831378,0.395814168622
2024-06-11,0.603944843103,0.396055156897
2024-06-12,0.604767926045,0.395232073955
2024-06-13,0.604048151406,0.395951848594
2024-06-14,0.603949311028,0.396050688972
2024-06-17,0.606698669925,0.393301330075
2024-06-18,0.606449714013,0.393550285987
2024-06-20,0.60621511991,0.39378488009
2024-06-21,0.605870425551,0.394129574449
2024-06-24,0.604897063675,0.395102936325
2024-06-25,0.605839735628,0.394160264372
2024-06-26,0.607213208006,0.392786791994
2024-06-27,0.607197471461,0.392802528539
2024-06-28,0.607433453432,0.392566546568
2024-07-01,0.6,0.4
2024-07-02,0.600812755372,0.399187244628
2024-07-03,0.600592795701,0.399407204299
2024-07-05,0.600764355224,0.399235644776
2024-07-08,0.600967223688,0.399032776312
2024-07-09,0.601421441884,0.398578558116
2024-07-10,0.603534269499,0.396465730501
2024-07-11,0.600235030582,0.399764969418
2024-07-12,0.60108412473,0.39891587527
2024-07-15,0.602571692433,0.397428307567
2024-07-16,0.603012587307,0.396987412693
2024-07-17,0.599456864954,0.400543135046
2024-07-18,0.598262840898,0.401737159102
2024-07-19,0.59715070565,0.40284929435
2024-07-22,0.599713682642,0.400286317358
2024-07-23,0.599361202608,0.400638797392
2024-07-24,0.594583703641,0.405416296359
2024-07-25,0.592657751767,0.407342248233
2024-07-26,0.594484284661,0.405515715339
2024-07-29,0.594233936491,0.405766063509
2024-07-30,0.592763572653,0.407236427347
2024-07-31,0.595358867856,0.404641132144
2024-08-01,0.6,0.4
2024-08-02,0.592798421945,0.407201578055
2024-08-05,0.5858383953,0.4141616047
2024-08-06,0.589516655352,0.410483344648
2024-08-07,0.588623190455,0.411376809545
2024-08-08,0.594510107217,0.405489892783
2024-08-09,0.594721762351,0.405278237649
2024-08-12,0.594437092553,0.405562907447
2024-08-13,0.597401000736,0.402598999264
2024-08-14,0.597726557246,0.402273442754
2024-08-15,0.602811258163,0.397188741837
2024-08-16,0.602772802551,0.397227197449
2024-08-19,0.604786594508,0.395213405492
2024-08-20,0.603682695241,0.396317304759
2024-08-21,0.604051604123,0.395948395877
2024-08-22,0.603142423755,0.396857576245
2024-08-23,0.604576194497,0.395423805503
2024-08-26,0.604219186452,0.395780813548
2024-08-27,0.604476032371,0.395523967629
2024-08-28,0.603297126187,0.396702873813
2024-08-29,0.6036279529,0.3963720471
2024-08-30,0.606469708337,0.393530291663
2024-09-03,0.6,0.4
2024-09-04,0.598457372666,0.401542627334
2024-09-05,0.597252590209,0.402747409791
2024-09-06,0.592852849984,0.407147150016
2024-09-09,0.5951807172,0.4048192828
2024-09-10,0.595491913381,0.404508086619
2024-09-11,0.59801907499,0.40198092501
2024-09-12,0.600246417918,0.399753582082
2024-09-13,0.601000391872,0.398999608128
2024-09-16,0.600789146372,0.399210853628
2024-09-17,0.601122424882,0.398877575118
2024-09-18,0.601164578239,0.398835421761
2024-09-19,0.605190958405,0.394809041595
2024-09-20,0.604989401938,0.395010598062
2024-09-23,0.605679751086,0.394320248914
2024-09-24,0.606032669574,0.393967330426
2024-09-25,0.60642394152,0.39357605848
2024-09-26,0.607320781419,0.392679218581
2024-09-27,0.606291848802,0.393708151198
2024-09-30,0.607786991622,0.392213008378
2024-10-01,0.6,0.4
2024-10-02,0.600599491848,0.399400508152
2024-10-03,0.601136032315,0.398863967685
2024-10-04,0.604853213977,0.395146786023
2024-10-07,0.603496190035,0.396503809965
2024-10-08,0.605339240637,0.394660759363
2024-10-09,0.607609232792,0.392390767208
2024-10-10,0.607335334502,0.392664665498
2024-10-11,0.608686394889,0.391313605111
2024-10-14,0.610839867224,0.389160132776
2024-10-15,0.608027453555,0.391972546445
2024-10-16,0.608750693112,0.391249306888
2024-10-17,0.609941066191,0.390058933809
2024-10-18,0.610686867528,0.389313132472
2024-10-21,0.611949415391,0.388050584609
2024-10-22,0.611775152308,0.388224847692
2024-10-23,0.610195251388,0.389804748612
2024-10-24,0.610251203713,0.389748796287
2024-10-25,0.610651000792,0.389348999208
2024-10-28,0.611770505062,0.388229494938
2024-10-29,0.611889211956,0.388110788044
2024-10-30,0.611410726397,0.388589273603
2024-10-31,0.606745253916,0.393254746084
2024-11-01,0.6,0.4
2024-11-04,0.598476643011,0.401523356989
2024-11-05,0.600800123482,0.399199876518
2024-11-06,0.608549869646,0.391450130354
2024-11-07,0.608585183395,0.391414816605
2024-11-08,0.609203084436,0.390796915564
2024-11-11,0.60996195266,0.39003804734
2024-11-12,0.610605421776,0.389394578224
2024-11-13,0.610769571166,0.389230428834
2024-11-14,0.609332386515,0.390667613485
2024-11-15,0.606234880861,0.393765119139
2024-11-18,0.606990820471,0.393009179529
2024-11-19,0.607519741651,0.392480258349
2024-11-20,0.607844090941,0.392155909059
2024-11-21,0.609241383324,0.390758616676
2024-11-22,0.609807612885,0.390192387115
2024-11-25,0.608481179857,0.391518820143
2024-11-26,0.610083147718,0.389916852282
2024-11-27,0.608709516036,0.391290483964
2024-11-29,0.609246144569,0.390753855431
2024-12-02,0.6,0.4
2024-12-03,0.600572762824,0.399427237176
2024-12-04,0.601281085493,0.398718914507
2024-12-05,0.600837710646,0.399162289354
2024-12-06,0.600614898391,0.399385101609
2024-12-09,0.60007764388,0.39992235612
2024-12-10,0.599621258466,0.400378741534
2024-12-11,0.602026419436,0.397973580564
2024-12-12,0.601761775622,0.398238224378
2024-12-13,0.602617677204,0.397382322796
2024-12-16,0.603417791126,0.396582208874
2024-12-17,0.602429390056,0.397570609944
2024-12-18,0.597001339048,0.402998660952
2024-12-19,0.597548498168,0.402451501832
2024-12-20,0.599772018268,0.400227981732
2024-12-23,0.601947038592,0.398052961408
2024-12-24,0.604320686897,0.395679313103
2024-12-26,0.604163606936,0.395836393064
2024-12-27,0.602125561552,0.397874438448
2024-12-30,0.598429939299,0.401570060701
2024-12-31,0.59785143122,0.40214856878
2025-01-02,0.6,0.4
2025-01-03,0.603225638013,0.396774361987
2025-01-06,0.604846616308,0.395153383692
2025-01-07,0.602969721011,0.397030278989
2025-01-08,0.6030461,0.3969539
2025-01-10,0.600704389804,0.399295610196
2025-01-13,0.601301039628,0.398698960372
2025-01-14,0.60155561418,0.39844438582
2025-01-15,0.603808211088,0.396191788912
2025-01-16,0.602828370995,0.397171629005
2025-01-17,0.605217751916,0.394782248084
2025-01-21,0.606606399838,0.393393600162
2025-01-22,0.608507598246,0.391492401754
2025-01-23,0.61019623727,0.38980376273
2025-01-24,0.609107713724,0.390892286276
2025-01-27,0.604383980582,0.395616019418
2025-01-28,0.606501262642,0.393498737358
2025-01-29,0.605575441684,0.394424558316
2025-01-30,0.606510691012,0.393489308988
2025-01-31,0.605726556276,0.394273443724
2025-02-03,0.6,0.4
2025-02-04,0.60115992606,0.39884007394
2025-02-05,0.600852631156,0.399147368844
2025-02-06,0.601929472682,0.398070527318
2025-02-07,0.600486169119,0.399513830881
2025-02-10,0.602035037706,0.397964962294
2025-02-11,0.602758214096,0.397241785904
2025-02-12,0.603244215345,0.396755784655
2025-02-13,0.604326972418,0.395673027582
2025-02-14,0.603432175242,0.396567824758
2025-02-18,0.605089602712,0.394910397288
2025-02-19,0.605308217828,0.394691782172
2025-02-20,0.60394387298,0.39605612702
2025-02-21,0.598778743048,0.401221256952
2025-02-24,0.597265850869,0.402734149131
2025-02-25,0.594573963087,0.405426036913
2025-02-26,0.594305558223,0.405694441777
2025-02-27,0.59078692247,0.40921307753
2025-02-28,0.593453697374,0.406546302626
2025-03-03,0.6,0.4
2025-03-04,0.597745975383,0.402254024617
2025-03-05,0.601139677606,0.398860322394
2025-03-06,0.59708179386,0.40291820614
2025-03-07,0.598718687389,0.401281312611
2025-03-10,0.591063785063,0.408936214937
2025-03-11,0.589903234336,0.410096765664
2025-03-12,0.591895622806,0.408104377194
2025-03-13,0.587910995366,0.412089004634
2025-03-14,0.593345900865,0.406654099135
2025-03-17,0.59487951488,0.40512048512
2025-03-18,0.592012592858,0.407987407142
2025-03-19,0.59391746777,0.40608253223
2025-03-20,0.59307231571,0.40692768429
2025-03-21,0.593444992568,0.406555007432
2025-03-24,0.598647144349,0.401352855651
2025-03-25,0.599004184799,0.400995815201
2025-03-26,0.596703431417,0.403296568583
2025-03-27,0.59618597035,0.40381402965
2025-03-28,0.589878760382,0.410121239618
2025-03-31,0.591031673106,0.408968326894
2025-04-01,0.6,0.4
2025-04-02,0.601779622319,0.398220377681
2025-04-03,0.588338811651,0.411661188349
2025-04-04,0.573432773985,0.426567226015
2025-04-07,0.576113056094,0.423886943906
2025-04-08,0.573527340588,0.426472659412
2025-04-09,0.597214160862,0.402785839138
2025-04-10,0.588303918972,0.411696081028
2025-04-11,0.592829206964,0.407170793036
2025-04-14,0.593745657617,0.406254342383
2025-04-15,0.592574871801,0.407425128199
2025-04-16,0.586369428742,0.413630571258
2025-04-17,0.58733363106,0.41266636894
2025-04-21,0.582953582719,0.417046417281
2025-04-22,0.588736910085,0.411263089915
2025-04-23,0.591860862563,0.408139137437
2025-04-24,0.595555980587,0.404444019413
2025-04-25,0.596408746161,0.403591253839
2025-04-28,0.595842039974,0.404157960026
2025-04-29,0.596770139127,0.403229860873
2025-04-30,0.597084175632,0.402915824368
2025-05-01,0.6,0.4
2025-05-02,0.604700319618,0.395299680382
2025-05-05,0.60374046828,0.39625953172
2025-05-06,0.601143071803,0.398856928197
2025-05-07,0.601782556139,0.398217443861
2025-05-08,0.60469104142,0.39530895858
2025-05-09,0.604141431764,0.395858568236
2025-05-12,0.61269290959,0.38730709041
2025-05-13,0.614496990838,0.385503009162
2025-05-14,0.615481518475,0.384518481525
2025-05-15,0.615297240626,0.384702759374
2025-05-16,0.6166455129,0.3833544871
2025-05-19,0.616976483706,0.383023516294
2025-05-20,0.616592371462,0.383407628538
2025-05-21,0.614129371395,0.385870628605
2025-05-22,0.61353841424,0.38646158576
2025-05-23,0.611570902522,0.388429097478
2025-05-27,0.615379720922,0.384620279078
2025-05-28,0.614442535614,0.385557464386
2025-05-29,0.614502741559,0.385497258441
2025-05-30,0.613657082992,0.386342917008
2025-06-02,0.6,0.4
2025-06-03,0.601536055455,0.398463944545
2025-06-04,0.600048446515,0.399951553485
2025-06-05,0.599498431727,0.400501568273
2025-06-06,0.603176722099,0.396823277901
2025-06-09,0.603097296211,0.396902703789
2025-06-10,0.603910197529,0.396089802471
2025-06-11,0.602418781471,0.397581218529
2025-06-12,0.602490116119,0.397509883881
2025-06-13,0.600650181959,0.399349818041
2025-06-16,0.603408592075,0.396591407925
2025-06-17,0.600618354569,0.399381645431
2025-06-18,0.600410985891,0.399589014109
2025-06-20,0.599626701385,0.400373298615
2025-06-23,0.601496588609,0.398503411391
2025-06-24,0.603156682232,0.396843317768
2025-06-25,0.603314936713,0.396685063287
2025-06-26,0.604526431691,0.395473568309
2025-06-27,0.606386338468,0.393613661532
2025-06-30,0.606560451027,0.393439548973
2025-07-01,0.6,0.4
2025-07-02,0.601376485884,0.398623514116
2025-07-03,0.603742413516,0.396257586484
2025-07-07,0.602804390398,0.397195609602
2025-07-08,0.602770881553,0.397229118447
2025-07-09,0.603203463808,0.396796536192
2025-07-10,0.603950196093,0.396049803907
2025-07-11,0.604105953231,0.395894046769
2025-07-14,0.604586256925,0.395413743075
2025-07-15,0.60427064812,0.39572935188
2025-07-16,0.604726440232,0.395273559768
2025-07-17,0.60608623384,0.39391376616
2025-07-18,0.605472806803,0.394527193197
2025-07-21,0.605268836325,0.394731163675
2025-07-22,0.604841935768,0.395158064232
2025-07-23,0.607397815435,0.392602184565
2025-07-24,0.607622216331,0.392377783669
2025-07-25,0.608239332487,0.391760667513
2025-07-28,0.608494311126,0.391505688874
2025-07-29,0.606582762986,0.393417237014
2025-07-30,0.606958922018,0.393041077982
2025-07-31,0.605940847581,0.394059152419
2025-08-01,0.6,0.4
2025-08-04,0.603422006423,0.396577993577
2025-08-05,0.60213257617,0.39786742383
2025-08-06,0.604055603027,0.395944396973
2025-08-07,0.604048102192,0.395951897808
2025-08-08,0.606362377686,0.393637622314
2025-08-11,0.605720840619,0.394279159381
2025-08-12,0.608247050756,0.391752949244
2025-08-13,0.608196590952,0.391803409048
2025-08-14,0.608890899962,0.391109100038
2025-08-15,0.608693513549,0.391306486451
2025-08-18,0.608906566677,0.391093433323
2025-08-19,0.607152341249,0.392847658751
2025-08-20,0.606373035763,0.393626964237
2025-08-21,0.605968134459,0.394031865541
2025-08-22,0.608279757102,0.391720242898
2025-08-25,0.607588422303,0.392411577697
2025-08-26,0.608296302166,0.391703697834
2025-08-27,0.608598892719,0.391401107281
2025-08-28,0.609153640109,0.390846359891
2025-08-29,0.60803995213,0.39196004787
2025-09-02,0.6,0.4
2025-09-03,0.600424807301,0.399575192699
2025-09-04,0.601455967697,0.398544032303
2025-09-05,0.599631213302,0.400368786698
2025-09-08,0.599406118036,0.400593881964
2025-09-09,0.600438795927,0.399561204073
2025-09-10,0.6006531061,0.3993468939
2025-09-11,0.602183962104,0.397816037896
2025-09-12,0.602318072269,0.397681927731
2025-09-15,0.603184967054,0.396815032946
2025-09-16,0.602760074887,0.397239925113
2025-09-17,0.602890540284,0.397109459716
2025-09-18,0.604672668982,0.395327331018
2025-09-19,0.605853100157,0.394146899843
2025-09-22,0.607265236437,0.392734763563
2025-09-23,0.605581498226,0.394418501774
2025-09-24,0.605273057443,0.394726942557
2025-09-25,0.604502257304,0.395497742696
2025-09-26,0.60570012198,0.39429987802
2025-09-29,0.605917381036,0.394082618964
2025-09-30,0.606838552348,0.393161447652
2025-10-01,0.6,0.4
2025-10-02,0.60001287425,0.39998712575
2025-10-03,0.600272685457,0.399727314543
2025-10-06,0.601658349961,0.398341650039
2025-10-07,0.60036013569,0.39963986431
2025-10-08,0.601761816673,0.398238183327
2025-10-09,0.601353844005,0.398646155995
2025-10-10,0.593781155998,0.406218844002
2025-10-13,0.596994137058,0.403005862942
2025-10-14,0.596317607813,0.403682392187
2025-10-15,0.59747897294,0.40252102706
2025-10-16,0.594975085769,0.405024914231
2025-10-17,0.596671930881,0.403328069119
2025-10-20,0.598755257398,0.401244742602
2025-10-21,0.598514165761,0.401485834239
2025-10-22,0.597284782952,0.402715217048
2025-10-23,0.599133654987,0.400866345013
2025-10-24,0.600849689369,0.399150310631
2025-10-27,0.6034936937,0.3965063063
2025-10-28,0.603986487678,0.396013512322
2025-10-29,0.605237066594,0.394762933406
2025-10-30,0.603043516153,0.396956483847
2025-10-31,0.603969838757,0.396030161243
2025-11-03,0.6,0.4
2025-11-04,0.597014608802,0.402985391198
2025-11-05,0.598495539088,0.401504460912
2025-11-06,0.595009903222,0.404990096778
2025-11-07,0.595343142646,0.404656857354
2025-11-10,0.599163667512,0.400836332488
2025-11-11,0.598994587028,0.401005412972
2025-11-12,0.599223854978,0.400776145022
2025-11-13,0.595919326977,0.404080673023
2025-11-14,0.596168637714,0.403831362286
2025-11-17,0.593864926408,0.406135073592
2025-11-18,0.59168453111,0.40831546889
2025-11-19,0.592615737104,0.407384262896
2025-11-20,0.588612217743,0.411387782257
2025-11-21,0.590431840812,0.409568159188
2025-11-24,0.593480580884,0.406519419116
2025-11-25,0.595354668794,0.404645331206
2025-11-26,0.596629340951,0.403370659049
2025-11-28,0.598272260978,0.401727739022
2025-12-01,0.6,0.4
2025-12-02,0.600132470298,0.399867529702
2025-12-03,0.600507335879,0.399492664121
2025-12-04,0.601256656554,0.398743343446
2025-12-05,0.601974921732,0.398025078268
2025-12-08,0.601637471604,0.398362528396
2025-12-09,0.601646656278,0.398353343722
2025-12-10,0.602463269991,0.397536730009
2025-12-11,0.60297193698,0.39702806302
2025-12-12,0.601124976389,0.398875023611
2025-12-15,0.600522136454,0.399477863546
2025-12-16,0.599409506511,0.400590493489
2025-12-17,0.59682193863,0.40317806137
2025-12-18,0.598031151014,0.401968848986
2025-12-19,0.600548757025,0.399451242975
2025-12-22,0.602133655481,0.397866344519
2025-12-23,0.603225562107,0.396774437893
2025-12-24,0.603538952779,0.396461047221
2025-12-26,0.603466869364,0.396533130636
2025-12-29,0.602325137531,0.397674862469
2025-12-30,0.602128136681,0.397871863319
2025-12-31,0.600920912471,0.399079087529
