Date,annual_volatility,sharpe,beta
2015-01-05,,,
2015-01-06,,,
2015-01-07,,,
2015-01-08,,,
2015-01-09,,,
2015-01-12,,,
2015-01-13,,,
2015-01-14,,,
2015-01-15,,,
2015-01-16,,,
2015-01-20,,,
2015-01-21,,,
2015-01-22,,,
2015-01-23,,,
2015-01-26,,,
2015-01-27,,,
2015-01-28,,,
2015-01-29,,,
2015-01-30,,,
2015-02-02,,,
2015-02-03,,,
2015-02-04,,,
2015-02-05,,,
2015-02-06,,,
2015-02-09,,,
2015-02-10,,,
2015-02-11,,,
2015-02-12,,,
2015-02-13,,,
2015-02-17,,,
2015-02-18,,,
2015-02-19,,,
2015-02-20,,,
2015-02-23,,,
2015-02-24,,,
2015-02-25,,,
2015-02-26,,,
2015-02-27,,,
2015-03-02,,,
2015-03-03,,,
2015-03-04,,,
2015-03-05,,,
2015-03-06,,,
2015-03-09,,,
2015-03-10,,,
2015-03-11,,,
2015-03-12,,,
2015-03-13,,,
2015-03-16,,,
2015-03-17,,,
2015-03-18,,,
2015-03-19,,,
2015-03-20,,,
2015-03-23,,,
2015-03-24,,,
2015-03-25,,,
2015-03-26,,,
2015-03-27,,,
2015-03-30,,,
2015-03-31,,,
2015-04-01,,,
2015-04-02,,,
2015-04-06,,,
2015-04-07,,,
2015-04-08,,,
2015-04-09,,,
2015-04-10,,,
2015-04-13,,,
2015-04-14,,,
2015-04-15,,,
2015-04-16,,,
2015-04-17,,,
2015-04-20,,,
2015-04-21,,,
2015-04-22,,,
2015-04-23,,,
2015-04-24,,,
2015-04-27,,,
2015-04-28,,,
2015-04-29,,,
2015-04-30,,,
2015-05-01,,,
2015-05-04,,,
2015-05-05,,,
2015-05-06,,,
2015-05-07,,,
2015-05-08,,,
2015-05-11,,,
2015-05-12,,,
2015-05-13,,,
2015-05-14,,,
2015-05-15,,,
2015-05-18,,,
2015-05-19,,,
2015-05-20,,,
2015-05-21,,,
2015-05-22,,,
2015-05-26,,,
2015-05-27,,,
2015-05-28,,,
2015-05-29,,,
2015-06-01,,,
2015-06-02,,,
2015-06-03,,,
2015-06-04,,,
2015-06-05,,,
2015-06-08,,,
2015-06-09,,,
2015-06-10,,,
2015-06-11,,,
2015-06-12,,,
2015-06-15,,,
2015-06-16,,,
2015-06-17,,,
2015-06-18,,,
2015-06-19,,,
2015-06-22,,,
2015-06-23,,,
2015-06-24,,,
2015-06-25,,,
2015-06-26,,,
2015-06-29,,,
2015-06-30,,,
2015-07-01,,,
2015-07-02,,,
2015-07-06,0.0713152317997,-0.000803337399493,1
2015-07-07,0.070109275248,0.409605991944,1
2015-07-08,0.0710135460566,0.277302453356,1
2015-07-09,0.0702821351413,0.0606354735324,1
2015-07-10,0.0693490150791,-0.0582130646112,1
2015-07-13,0.0696342258884,0.222165934762,1
2015-07-14,0.069477316432,0.445477772367,1
2015-07-15,0.0694376626661,0.515605659582,1
2015-07-16,0.0696693603651,0.736943292948,1
2015-07-17,0.0694543347094,0.857573841995,1
2015-07-20,0.0689609881633,0.671327921481,1
2015-07-21,0.0689758698143,0.568694351453,1
2015-07-22,0.0689331451461,0.477135662981,1
2015-07-23,0.0679652882251,0.163261525114,1
2015-07-24,0.0684896782292,0.0441282865354,1
2015-07-27,0.0686065424403,-0.0779775406286,1
2015-07-28,0.0682964791256,0.361669099318,1
2015-07-29,0.0679309108569,0.649499214977,1
2015-07-30,0.0675748172891,0.506529136114,1
2015-07-31,0.0669945983856,0.709442255004,1
2015-08-03,0.0662974754762,0.448851772448,1
2015-08-04,0.0656476626435,0.164421200917,1
2015-08-05,0.0656150905813,0.254222122726,1
2015-08-06,0.0655235986947,-0.0420391004586,1
2015-08-07,0.065275210512,0.0655022508026,1
2015-08-10,0.0658737056317,0.362790749755,1
2015-08-11,0.0656177309669,0.0551268571318,1
2015-08-12,0.0656196896929,0.0637707341115,1
2015-08-13,0.0651325482211,-0.166517578892,1
2015-08-14,0.0651288551901,-0.168364917657,1
2015-08-17,0.0653688009138,-0.0233723175535,1
2015-08-18,0.0654491745771,-0.13390703744,1
2015-08-19,0.0656323142697,-0.217516200818,1
2015-08-20,0.0675331994949,-0.674255818187,1
2015-08-21,0.0716928636087,-1.12770343616,1
2015-08-24,0.079459953832,-1.73014123983,1
2015-08-25,0.0801272063145,-1.90371121457,1
2015-08-26,0.0851788125444,-1.27178642919,1
2015-08-27,0.0878886659229,-0.866124722637,1
2015-08-28,0.0878375529105,-0.914853940381,1
2015-08-31,0.0880175862649,-0.962733854184,1
2015-09-01,0.0908560666885,-1.24084945862,1
2015-09-02,0.0922236037865,-1.00475753518,1
2015-09-03,0.0909591854415,-0.753835828553,1
2015-09-04,0.0915250919009,-1.00497674499,1
2015-09-08,0.0929759246228,-0.501274558689,1
2015-09-09,0.0936372512359,-0.655779571955,1
2015-09-10,0.0930392109776,-0.767552018691,1
2015-09-11,0.0929694332653,-0.603829948606,1
2015-09-14,0.0921293021287,-0.846858533458,1
2015-09-15,0.0924916670851,-0.678484467806,1
2015-09-16,0.0916173785702,-0.797710016415,1
2015-09-17,0.0914635080825,-0.68547321319,1
2015-09-18,0.091936645577,-1.03294146766,1
2015-09-21,0.0919908821448,-0.963449569896,1
2015-09-22,0.092431689602,-1.06002598987,1
2015-09-23,0.0915150725905,-0.891671282742,1
2015-09-24,0.0914611975353,-0.865889034668,1
2015-09-25,0.0914122906136,-0.927430265179,1
2015-09-28,0.0928465049009,-1.37733688994,1
2015-09-29,0.0926845096031,-1.26137910031,1
2015-09-30,0.0941336996507,-0.986231536152,1
2015-10-01,0.0941448170399,-0.980704502192,1
2015-10-02,0.0950827341906,-0.844053662229,1
2015-10-05,0.0960049222995,-0.614187782822,1
2015-10-06,0.0959617486227,-0.680776693154,1
2015-10-07,0.0961730898396,-0.616684124903,1
2015-10-08,0.0963218902187,-0.581278955252,1
2015-10-09,0.0962725119749,-0.530365107726,1
2015-10-12,0.0962721505256,-0.532850121725,1
2015-10-13,0.0962916129246,-0.679338915198,1
2015-10-14,0.0963082370574,-0.701585171777,1
2015-10-15,0.0966961029194,-0.379567876754,1
2015-10-16,0.0964667760178,-0.436782265718,1
2015-10-19,0.096461220982,-0.401046479223,1
2015-10-20,0.0964464436268,-0.470749543724,1
2015-10-21,0.0964731855885,-0.574460309352,1
2015-10-22,0.097568476805,-0.397768348198,1
2015-10-23,0.0978977134194,-0.221592107405,1
2015-10-26,0.0979140295233,-0.259498397978,1
2015-10-27,0.0978009839824,-0.203627729046,1
2015-10-28,0.0977617499117,0.0404224711908,1
2015-10-29,0.0975082835312,-0.111418750401,1
2015-10-30,0.0975290103288,-0.162717854671,1
2015-11-02,0.0974099605522,0.117904983157,1
2015-11-03,0.0972555152256,0.217146117567,1
2015-11-04,0.0971870169332,0.110371705425,1
2015-11-05,0.0963289203497,-0.0957364099429,1
2015-11-06,0.0960715688444,-0.0276668552267,1
2015-11-09,0.096401292338,-0.113445251673,1
2015-11-10,0.0964465300429,-0.0710046293263,1
2015-11-11,0.0960390325407,-0.274430961573,1
2015-11-12,0.0966356108966,-0.485911904631,1
2015-11-13,0.0969790218429,-0.610842276469,1
2015-11-16,0.0978818238671,-0.384699410879,1
2015-11-17,0.0978811617149,-0.391334297306,1
2015-11-18,0.0986530834519,-0.263548501402,1
2015-11-19,0.098618880061,-0.23234419026,1
2015-11-20,0.0983426899133,-0.0784469978141,1
2015-11-23,0.0979666600489,-0.217253998023,1
2015-11-24,0.0979737460544,-0.176499936562,1
2015-11-25,0.0978387463112,-0.101186045834,1
2015-11-27,0.0978416522107,-0.090703142376,1
2015-11-30,0.0978500735503,-0.0965475477338,1
2015-12-01,0.0983600484874,0.0481733573936,1
2015-12-02,0.0986256568077,0.000308134554134,1
2015-12-03,0.0998583556397,-0.170733430888,1
2015-12-04,0.101414628883,0.150296756496,1
2015-12-07,0.101496336661,0.112312715072,1
2015-12-08,0.101281276001,-0.0860602882766,1
2015-12-09,0.101331938463,-0.257994775242,1
2015-12-10,0.101095643828,-0.129130661101,1
2015-12-11,0.102150823242,-0.290812086883,1
2015-12-14,0.102006326166,-0.3496936148,1
2015-12-15,0.102386835549,-0.24585660925,1
2015-12-16,0.10264527322,-0.209064580767,1
2015-12-17,0.10333837126,-0.345631179731,1
2015-12-18,0.10422409926,-0.548668440986,1
2015-12-21,0.104428924658,-0.454484140809,1
2015-12-22,0.104552823944,-0.284815732897,1
2015-12-23,0.10501438767,-0.10155120282,1
2015-12-24,0.105009243865,-0.096281317139,1
2015-12-28,0.103995302962,0.0731981207311,1
2015-12-29,0.104252949141,0.156831056339,1
2015-12-30,0.104314237959,0.00170433960161,1
2015-12-31,0.104551497252,-0.092113512671,1
2016-01-04,0.105241985204,-0.24745532199,1
2016-01-05,0.105075149147,-0.307121011838,1
2016-01-06,0.104634747796,-0.250326787512,1
2016-01-07,0.106575537047,-0.507260339869,1
2016-01-08,0.106513061521,-0.721027828375,1
2016-01-11,0.106140083298,-0.848323999146,1
2016-01-12,0.106354228399,-0.801805066875,1
2016-01-13,0.108040364792,-1.05999419142,1
2016-01-14,0.108645558569,-0.975815626124,1
2016-01-15,0.109903202374,-1.19499954612,1
2016-01-19,0.109908905647,-1.18268884958,1
2016-01-20,0.110299328911,-1.27601189978,1
2016-01-21,0.110386938587,-1.21042586382,1
2016-01-22,0.111797697008,-0.936035327517,1
2016-01-25,0.112163290391,-0.984082050148,1
2016-01-26,0.112791845473,-0.773850338903,1
2016-01-27,0.112640210355,-1.00950483118,1
2016-01-28,0.11261021071,-1.01728747458,1
2016-01-29,0.114806749532,-0.732080331766,1
2016-02-01,0.114801267598,-0.758002785059,1
2016-02-02,0.115543820844,-0.889548360976,1
2016-02-03,0.11563589743,-0.787276639229,1
2016-02-04,0.115638552915,-0.785586578622,1
2016-02-05,0.1166222905,-0.903882984572,1
2016-02-08,0.116937058859,-1.00498624326,1
2016-02-09,0.116460608135,-1.12781850522,1
2016-02-10,0.116350248656,-1.04946982453,1
2016-02-11,0.116759473409,-1.17998575597,1
2016-02-12,0.117848734501,-0.9571412938,1
2016-02-16,0.118536367001,-0.83746219446,1
2016-02-17,0.119186384696,-0.739905013125,1
2016-02-18,0.119153217731,-0.719399068956,1
2016-02-19,0.119063365001,-0.664499596015,1
2016-02-22,0.118570154026,-0.321517082911,1
2016-02-23,0.116538716684,-0.161690920231,1
2016-02-24,0.111115245881,0.330272427357,1
2016-02-25,0.11110296996,0.618889926187,1
2016-02-26,0.107570742713,0.228547523744,1
2016-02-29,0.10565286959,-0.133165385239,1
2016-03-01,0.107193165138,0.114756195942,1
2016-03-02,0.10697872472,0.253769486183,1
2016-03-03,0.104422770851,0.626554473239,1
2016-03-04,0.103348332006,0.448568830554,1
2016-03-07,0.103342918087,0.434084644127,1
2016-03-08,0.102959925927,0.488332529768,1
2016-03-09,0.101113778371,0.275681566755,1
2016-03-10,0.100443836183,0.449424074826,1
2016-03-11,0.101134615011,0.567554565008,1
2016-03-14,0.101056263616,0.49102862353,1
2016-03-15,0.10102425413,0.509043693013,1
2016-03-16,0.100962855784,0.497671852352,1
2016-03-17,0.100936810527,0.49210334895,1
2016-03-18,0.100989352717,0.524393093814,1
2016-03-21,0.099994795989,0.720182994126,1
2016-03-22,0.0999735445968,0.669369087014,1
2016-03-23,0.0995598299129,0.748134375151,1
2016-03-24,0.0995353685738,0.76958077812,1
2016-03-28,0.0994928663856,0.81317252772,1
2016-03-29,0.0998844842001,0.962718999676,1
2016-03-30,0.0977208023928,1.32806450057,1
2016-03-31,0.0977263013395,1.30316474244,1
2016-04-01,0.096645790334,1.16302952636,1
2016-04-04,0.0966704815699,1.08971243004,1
2016-04-05,0.096040696484,0.771982861935,1
2016-04-06,0.0955993564227,0.718996772667,1
2016-04-07,0.0960395707018,0.607835503048,1
2016-04-08,0.0958463699895,0.53657240114,1
2016-04-11,0.095633575678,0.408659316709,1
2016-04-12,0.0958594392877,0.508763708919,1
2016-04-13,0.096211620842,0.605798130393,1
2016-04-14,0.0960420517203,0.672627445156,1
2016-04-15,0.0960079747969,0.712742910499,1
2016-04-18,0.09541005304,0.618356431039,1
2016-04-19,0.0953897704134,0.607401954837,1
2016-04-20,0.0953933777987,0.586959733355,1
2016-04-21,0.0955325512014,0.539566703394,1
2016-04-22,0.095426591746,0.601320144244,1
2016-04-25,0.0943685498266,0.354527530668,1
2016-04-26,0.0940013096247,0.241950142053,1
2016-04-27,0.0940302080169,0.324416359523,1
2016-04-28,0.0942760607304,0.237830245289,1
2016-04-29,0.0940493230628,0.0442580079545,1
2016-05-02,0.0942055631025,0.179244468393,1
2016-05-03,0.0944004241672,0.118869543464,1
2016-05-04,0.0940657282619,-0.0846184204114,1
2016-05-05,0.0940637515284,-0.086780562604,1
2016-05-06,0.094049829536,-0.014865625964,1
2016-05-09,0.0940466333043,0.015360665903,1
2016-05-10,0.0945848589129,0.222983231359,1
2016-05-11,0.0945520868227,0.230894742339,1
2016-05-12,0.0945121274364,0.182070038507,1
2016-05-13,0.0946394640632,0.148618450955,1
2016-05-16,0.0941920981032,0.426540026765,1
2016-05-17,0.0942222852333,0.421612039678,1
2016-05-18,0.0933545195228,0.195558470998,1
2016-05-19,0.0933950512645,0.159574097551,1
2016-05-20,0.0926778973908,0.0503259725316,1
2016-05-23,0.0926864038103,0.0360058331953,1
2016-05-24,0.0932453182692,0.155796720096,1
2016-05-25,0.0934112558261,0.258902487311,1
2016-05-26,0.0934045476949,0.250651976907,1
2016-05-27,0.0934631630666,0.302173522238,1
2016-05-31,0.0934741027606,0.268321481344,1
2016-06-01,0.0934119557369,0.342531743743,1
2016-06-02,0.0929693323311,0.252259870777,1
2016-06-03,0.0924668108428,0.404461135105,1
2016-06-06,0.0910391972051,0.712214057891,1
2016-06-07,0.0892623315175,0.465667350385,1
2016-06-08,0.0891765703348,0.583905897191,1
2016-06-09,0.0889875504863,0.660166559527,1
2016-06-10,0.0890472926529,0.648344086715,1
2016-06-13,0.0892675786121,0.515635723261,1
2016-06-14,0.0879644714083,0.73185239182,1
2016-06-15,0.0879593975451,0.711271196563,1
2016-06-16,0.087587260634,0.617770601978,1
2016-06-17,0.0869832273462,0.380821719531,1
2016-06-20,0.0861464500115,0.643482042279,1
2016-06-21,0.0849630676671,0.914429140599,1
2016-06-22,0.0847755350904,0.796116772055,1
2016-06-23,0.0850482325305,0.840751473879,1
2016-06-24,0.088947623717,0.204421050167,1
2016-06-27,0.0898584730835,0.0191850917671,1
2016-06-28,0.0911624627063,0.294937319253,1
2016-06-29,0.0918695189748,0.387817385371,1
2016-06-30,0.0924567769047,0.671725220735,1
2016-07-01,0.0921896215088,0.825766482381,1
2016-07-05,0.0914714199488,0.946532013128,1
2016-07-06,0.0916322361504,1.01319818285,1
2016-07-07,0.0911767844677,1.13662556394,1
2016-07-08,0.0895809432787,1.68908787102,1
2016-07-11,0.0891374709741,1.84393240251,1
2016-07-12,0.0891843765501,1.93022775525,1
2016-07-13,0.0889115505326,1.81970488199,1
2016-07-14,0.0865372200276,2.25712290268,1
2016-07-15,0.0857792586187,2.00551711569,1
2016-07-18,0.0838030584392,2.37930609705,1
2016-07-19,0.0838054735848,2.3792131394,1
2016-07-20,0.0830479286704,2.62430956321,1
2016-07-21,0.0831117149552,2.5114896626,1
2016-07-22,0.0815815188978,2.32792407927,1
2016-07-25,0.0804630811122,2.53378042607,1
2016-07-26,0.0797370733547,2.35163281117,1
2016-07-27,0.0790924532639,2.54224289272,1
2016-07-28,0.0790126255626,2.47630655105,1
2016-07-29,0.0762523804753,2.21463141982,1
2016-08-01,0.0762862577345,2.19515908538,1
2016-08-02,0.0753019668249,2.34543236663,1
2016-08-03,0.0752267708571,2.3119429297,1
2016-08-04,0.0752274863242,2.31311202979,1
2016-08-05,0.0731842831481,2.79458554164,1
2016-08-08,0.0724575196023,2.99672747166,1
2016-08-09,0.0724476240453,3.03552506808,1
2016-08-10,0.0724990964597,2.99110970032,1
2016-08-11,0.0715310904578,3.28545463531,1
2016-08-12,0.0701317145257,3.05291246151,1
2016-08-15,0.0691964310898,2.86585656687,1
2016-08-16,0.0683506722375,2.52640992809,1
2016-08-17,0.0683086921514,2.6189555195,1
2016-08-18,0.0683123422093,2.68082272961,1
2016-08-19,0.0674618632761,2.40597502927,1
2016-08-22,0.0664367249814,2.68218675577,1
2016-08-23,0.0663743749589,2.63782482199,1
2016-08-24,0.0657461248633,2.31448486494,1
2016-08-25,0.0656620644641,2.35597599527,1
2016-08-26,0.0653818873063,2.44503911516,1
2016-08-29,0.0632442435254,2.24752620867,1
2016-08-30,0.063255515711,2.13788723932,1
2016-08-31,0.0632660189876,1.99201840055,1
2016-09-01,0.0632572938837,1.96184244363,1
2016-09-02,0.0632970588519,2.02079188392,1
2016-09-06,0.0627442509191,2.29716165846,1
2016-09-07,0.0626742534057,2.21610604098,1
2016-09-08,0.0628565763279,2.10110953599,1
2016-09-09,0.0660651299529,1.23954817843,1
2016-09-12,0.0671303613444,1.50186480267,1
2016-09-13,0.0686221684667,1.22483063715,1
2016-09-14,0.0682820802666,1.08693732676,1
2016-09-15,0.0685135338209,1.12851888582,1
2016-09-16,0.0685174883313,0.990303974599,1
2016-09-19,0.0685203669398,0.983894754471,1
2016-09-20,0.0685082358719,1.00589815835,1
2016-09-21,0.0691125649395,1.31220198512,1
2016-09-22,0.0693559378873,1.44699378039,1
2016-09-23,0.0695719191485,1.33091316636,1
2016-09-26,0.0693095907199,1.01100788004,1
2016-09-27,0.069457082992,1.05747621618,1
2016-09-28,0.0695570873466,1.1512992082,1
2016-09-29,0.0698725702457,0.882616264761,1
2016-09-30,0.0700225907222,1.04460518739,1
2016-10-03,0.0696083400518,1.14935308937,1
2016-10-04,0.0694006682799,0.840175344558,1
2016-10-05,0.0688034172534,1.09189213887,1
2016-10-06,0.0687933036325,1.06918384648,1
2016-10-07,0.068842766691,1.04604368095,1
2016-10-10,0.0686396201425,0.989492070828,1
2016-10-11,0.0691803303003,0.564637437362,1
2016-10-12,0.0691756093117,0.610532752393,1
2016-10-13,0.0692134066104,0.557017207294,1
2016-10-14,0.0689888364131,0.429811581264,1
2016-10-17,0.068983834832,0.332295342358,1
2016-10-18,0.0692364736654,0.469238180135,1
2016-10-19,0.0690383722912,0.632622769605,1
2016-10-20,0.0690709115679,0.594763220828,1
2016-10-21,0.069028981273,0.656265188119,1
2016-10-24,0.0690668630425,0.688149089783,1
2016-10-25,0.0690719712229,0.559581676229,1
2016-10-26,0.068791129253,0.63990955219,1
2016-10-27,0.0687284442698,0.659964741423,1
2016-10-28,0.068521975033,0.48248185411,1
2016-10-31,0.0681939172244,0.629173933076,1
2016-11-01,0.0683634772736,0.586598389419,1
2016-11-02,0.0685232540853,0.46714397183,1
2016-11-03,0.0686720475802,0.325191636001,1
2016-11-04,0.0686670592648,0.311716697869,1
2016-11-07,0.0701403121213,0.447455086208,1
2016-11-08,0.0696969979401,0.670641924769,1
2016-11-09,0.0697803736914,0.75326082095,1
2016-11-10,0.0694559544737,0.882371757523,1
2016-11-11,0.0691933804542,0.677772224662,1
2016-11-14,0.0686207639001,0.826838857567,1
2016-11-15,0.068898838381,1.01377345603,1
2016-11-16,0.0688360056718,1.05871556815,1
2016-11-17,0.0686651477965,0.993371242292,1
2016-11-18,0.0687713959238,0.944745606484,1
2016-11-21,0.0683259459338,0.872965651583,1
2016-11-22,0.0681312894187,0.799506906131,1
2016-11-23,0.0681524658356,0.746596157236,1
2016-11-25,0.0681364149048,0.737653557716,1
2016-11-28,0.068165842322,0.719482216973,1
2016-11-29,0.068184891717,0.737420110854,1
2016-11-30,0.0682422780792,0.565659255009,1
2016-12-01,0.0684505757976,0.449342420075,1
2016-12-02,0.0683997978369,0.425355678694,1
2016-12-05,0.0685872127119,0.498087219893,1
2016-12-06,0.0685732686435,0.490286010941,1
2016-12-07,0.0696558254839,0.753567898758,1
2016-12-08,0.0692263231723,0.928597791082,1
2016-12-09,0.0689756884819,1.13054178884,1
2016-12-12,0.0689621029694,1.13599828461,1
2016-12-13,0.0692120664372,1.26250738804,1
2016-12-14,0.0699989533829,0.985678607964,1
2016-12-15,0.0699195180628,1.11642121697,1
2016-12-16,0.0698661898477,1.01621339449,1
2016-12-19,0.0699074308062,1.03964255656,1
2016-12-20,0.0699271972066,1.11663489185,1
2016-12-21,0.0692940325978,0.897681065703,1
2016-12-22,0.0633772877394,1.5602473607,1
2016-12-23,0.0619523942723,1.92069282875,1
2016-12-27,0.0601223031529,1.64638798564,1
2016-12-28,0.0590486010122,1.19710310897,1
2016-12-29,0.0577832940215,0.951400393262,1
2016-12-30,0.0577744298639,0.829314191078,1
2017-01-03,0.0579425066913,1.11359931513,1
2017-01-04,0.05785909122,1.09263882772,1
2017-01-05,0.0578544057107,1.15628332696,1
2017-01-06,0.0563622901269,0.877881654557,1
2017-01-09,0.0563959317136,0.792181832586,1
2017-01-10,0.0562428714693,0.676821461072,1
2017-01-11,0.0563092868392,0.736542143598,1
2017-01-12,0.0562134375428,0.58120456797,1
2017-01-13,0.0561082823288,0.686752659403,1
2017-01-17,0.0560860973487,0.597010604228,1
2017-01-18,0.0560928417285,0.575904627077,1
2017-01-19,0.05623421186,0.380652818196,1
2017-01-20,0.0562376260396,0.534103542415,1
2017-01-23,0.0561229200954,0.415055410971,1
2017-01-24,0.0561930115439,0.608551407364,1
2017-01-25,0.0564678797969,0.742863337796,1
2017-01-26,0.056473462104,0.711485034861,1
2017-01-27,0.0564830715379,0.665753111098,1
2017-01-30,0.0567283335527,0.448487160859,1
2017-01-31,0.0566909532521,0.53503112923,1
2017-02-01,0.0562068986167,0.706990562499,1
2017-02-02,0.0561413796777,0.652060567639,1
2017-02-03,0.0564059398723,0.75060057981,1
2017-02-06,0.0562094365188,0.625242248007,1
2017-02-07,0.0562082694436,0.64846873767,1
2017-02-08,0.0562361348609,0.667469519589,1
2017-02-09,0.056307087355,0.79580322772,1
2017-02-10,0.0563434084118,0.815863384563,1
2017-02-13,0.0564480895423,0.890955623023,1
2017-02-14,0.0564664120964,0.912640343858,1
2017-02-15,0.0563162490909,1.12494172278,1
2017-02-16,0.0562730781858,1.07037902528,1
2017-02-17,0.056268216452,1.06736633951,1
2017-02-21,0.0563770077047,1.2496819088,1
2017-02-22,0.056383529769,1.22277925306,1
2017-02-23,0.0563758946899,1.21389796833,1
2017-02-24,0.0562058283249,1.41138922302,1
2017-02-27,0.0561789250515,1.44620277917,1
2017-02-28,0.0561772521851,1.44701522424,1
2017-03-01,0.0566332444635,1.53012743722,1
2017-03-02,0.057017973326,1.40331340168,1
2017-03-03,0.0569347145325,1.49172858516,1
2017-03-06,0.0570345108473,1.40271956908,1
2017-03-07,0.0571053812224,1.24388203485,1
2017-03-08,0.0571134366158,1.08260714065,1
2017-03-09,0.0571241864803,1.06018424545,1
2017-03-10,0.0570533768445,1.25284706974,1
2017-03-13,0.0519912245329,1.97838367768,1
2017-03-14,0.0507226795859,1.59557655719,1
2017-03-15,0.0496251972977,2.32588583961,1
2017-03-16,0.0497181515959,2.24481901943,1
2017-03-17,0.0490596117474,2.01348779223,1
2017-03-20,0.0489362914249,2.09443400924,1
2017-03-21,0.0500183114322,1.78764261084,1
2017-03-22,0.0500634310088,1.85753054157,1
2017-03-23,0.0489906659826,1.56105741055,1
2017-03-24,0.048645202747,1.35114722878,1
2017-03-27,0.0483520053381,1.51073406961,1
2017-03-28,0.0480636498826,1.84769684182,1
2017-03-29,0.0477834829896,1.74292376084,1
2017-03-30,0.0476436830875,1.66699306351,1
2017-03-31,0.0469648180869,1.8761311851,1
2017-04-03,0.0466747864692,1.72767752164,1
2017-04-04,0.0465635310121,1.81903421963,1
2017-04-05,0.0461219321178,1.96987009321,1
2017-04-06,0.0460924022752,1.95083582028,1
2017-04-07,0.0461731129973,1.86446653147,1
2017-04-10,0.0460492661158,1.98935681257,1
2017-04-11,0.0459105821449,1.88972466865,1
2017-04-12,0.0443450215329,2.24847991696,1
2017-04-13,0.044670831508,2.03952778397,1
2017-04-17,0.0450673789081,2.3021260332,1
2017-04-18,0.0450601983136,2.31185759232,1
2017-04-19,0.045090322257,2.30100330401,1
2017-04-20,0.0450622904195,2.29514743791,1
2017-04-21,0.0451376167939,2.13110129005,1
2017-04-24,0.0457400721682,2.41687182239,1
2017-04-25,0.0458003972803,2.48574617745,1
2017-04-26,0.0457598911379,2.4134081226,1
2017-04-27,0.0456204216,2.54731908467,1
2017-04-28,0.0455080468213,2.61404602864,1
2017-05-01,0.0452854636745,2.7588461357,1
2017-05-02,0.0451626775691,2.87940434909,1
2017-05-03,0.0452286683447,2.80621481653,1
2017-05-04,0.0446337912525,3.06487643614,1
2017-05-05,0.0443821579994,3.33404398782,1
2017-05-08,0.0440801832264,3.46085396965,1
2017-05-09,0.0441070579967,3.42739429578,1
2017-05-10,0.0406563523294,3.15395228466,1
2017-05-11,0.0406848812979,2.98786094307,1
2017-05-12,0.0405683086788,2.88527325481,1
2017-05-15,0.0407271903964,3.02934118697,1
2017-05-16,0.0405563357524,3.14479488185,1
2017-05-17,0.0425284401112,2.65036828088,1
2017-05-18,0.0421032944456,2.54043655281,1
2017-05-19,0.0423567925581,2.72252113059,1
2017-05-22,0.0424447381298,2.7640048878,1
2017-05-23,0.0422048629887,2.93030994881,1
2017-05-24,0.0417969999809,2.82562053226,1
2017-05-25,0.0419231220069,2.88843294376,1
2017-05-26,0.0418803883882,2.92671573304,1
2017-05-30,0.0418131600887,2.82935786461,1
2017-05-31,0.0417075805647,2.92931373508,1
2017-06-01,0.0420690002433,3.04500588944,1
2017-06-02,0.0419314660698,3.35599557311,1
2017-06-05,0.0415775562598,3.49815830329,1
2017-06-06,0.0416323809893,3.36484080631,1
2017-06-07,0.0413657274751,3.23092013628,1
2017-06-08,0.0413412092654,3.13931442098,1
2017-06-09,0.0396879574866,2.75968908998,1
2017-06-12,0.0396966865238,2.70947197479,1
2017-06-13,0.039764121214,2.73473772851,1
2017-06-14,0.0397009645601,2.82446141101,1
2017-06-15,0.0393731283106,2.54468597511,1
2017-06-16,0.0378377618549,3.04759031879,1
2017-06-19,0.0381826804194,3.14271481831,1
2017-06-20,0.0385426720134,2.98311061711,1
2017-06-21,0.0384652101762,2.86795874773,1
2017-06-22,0.0384175937506,2.76365704576,1
2017-06-23,0.0383707623497,2.85297719962,1
2017-06-26,0.0383071701442,2.94681922246,1
2017-06-27,0.0394065906782,2.50722094741,1
2017-06-28,0.0400311937083,2.68996018704,1
2017-06-29,0.0404982649641,2.57828763749,1
2017-06-30,0.0404901417266,2.55564393468,1
2017-07-03,0.0404006844504,2.6406233926,1
2017-07-05,0.0399168128329,2.50502734098,1
2017-07-06,0.0407735456089,1.96457513493,1
2017-07-07,0.0410318708407,2.0767493933,1
2017-07-10,0.0410319828994,2.07182454186,1
2017-07-11,0.0409631645992,2.14196575953,1
2017-07-12,0.0416333523265,2.38750770064,1
2017-07-13,0.0415627648884,2.31439779047,1
2017-07-14,0.0416612696818,2.52829935827,1
2017-07-17,0.0416640390666,2.4953667457,1
2017-07-18,0.041638550285,2.60073388836,1
2017-07-19,0.0418135506279,2.77028422934,1
2017-07-20,0.0414629452445,2.96910591934,1
2017-07-21,0.0413882952082,2.86788215623,1
2017-07-24,0.0413906656774,2.86542354599,1
2017-07-25,0.0412199509053,2.72363300132,1
2017-07-26,0.0408966264752,2.5806234132,1
2017-07-27,0.0409436419704,2.54039496249,1
2017-07-28,0.0409172210803,2.57657872991,1
2017-07-31,0.0404553329244,2.77583149921,1
2017-08-01,0.0405417375275,2.84521565121,1
2017-08-02,0.0405305024368,2.86197628184,1
2017-08-03,0.0405503051303,2.81221622261,1
2017-08-04,0.0402027075149,2.64692487466,1
2017-08-07,0.0402062605297,2.69739459872,1
2017-08-08,0.0403432810804,2.57535786084,1
2017-08-09,0.0402915090615,2.49973237608,1
2017-08-10,0.0419487770379,1.89113133721,1
2017-08-11,0.0418770204973,1.84225154109,1
2017-08-14,0.0424309755993,1.96204930811,1
2017-08-15,0.0424266064705,1.85854937478,1
2017-08-16,0.0423619208392,1.82510733638,1
2017-08-17,0.0442920104643,1.33435073363,1
2017-08-18,0.0442892347094,1.19786976772,1
2017-08-21,0.0440460265156,1.07824331819,1
2017-08-22,0.0447412652616,1.33639047046,1
2017-08-23,0.0447813137119,1.23271222032,1
2017-08-24,0.0448041527943,1.04785696937,1
2017-08-25,0.0448492406133,1.11683471356,1
2017-08-28,0.0447566709343,1.20021011145,1
2017-08-29,0.0438551263931,0.979434998792,1
2017-08-30,0.0434654792969,1.32350698291,1
2017-08-31,0.0438000523531,1.47191215154,1
2017-09-01,0.043680880167,1.56869762606,1
2017-09-05,0.0437284893523,1.54203468187,1
2017-09-06,0.0436266242604,1.71462608234,1
2017-09-07,0.0436161811993,1.77869669902,1
2017-09-08,0.0435460498612,1.60347119711,1
2017-09-11,0.0440868576476,1.84156333754,1
2017-09-12,0.0439610744453,2.01055731578,1
2017-09-13,0.0427936670419,1.7093054969,1
2017-09-14,0.0427022323077,1.79041441204,1
2017-09-15,0.0426972050018,1.83451867838,1
2017-09-18,0.0427041558711,1.88903150003,1
2017-09-19,0.0414324598807,2.29773525255,1
2017-09-20,0.0413841375437,2.20032831719,1
2017-09-21,0.0414716984857,2.13923245194,1
2017-09-22,0.0414365611766,2.19804597194,1
2017-09-25,0.0414493735989,2.16543676037,1
2017-09-26,0.0412364618163,2.02292914825,1
2017-09-27,0.0412247178233,2.01072441758,1
2017-09-28,0.0412141781564,1.99223947975,1
2017-09-29,0.0412055720202,2.1331873789,1
2017-10-02,0.0413493399928,2.24286612586,1
2017-10-03,0.0413775562605,2.31872697915,1
2017-10-04,0.0412982553725,2.41759962437,1
2017-10-05,0.0414693587349,2.49105342658,1
2017-10-06,0.0414487156984,2.5032769354,1
2017-10-09,0.0414661343836,2.43798071949,1
2017-10-10,0.0414976653285,2.49384881759,1
2017-10-11,0.0413820505276,2.63445987459,1
2017-10-12,0.0410343975654,2.8003416202,1
2017-10-13,0.0405611090892,2.67383517664,1
2017-10-16,0.0405501024796,2.69718199952,1
2017-10-17,0.0404264835171,2.8045191715,1
2017-10-18,0.0400879664495,2.61605303818,1
2017-10-19,0.0399548238507,2.73759558653,1
2017-10-20,0.0392413653839,2.58538955988,1
2017-10-23,0.0393113066555,2.36599473774,1
2017-10-24,0.0393099937682,2.3709444355,1
2017-10-25,0.0396502747108,2.14294841274,1
2017-10-26,0.0396229628886,2.19311509269,1
2017-10-27,0.0403491833687,2.42280850274,1
2017-10-30,0.0404128532949,2.31660245343,1
2017-10-31,0.0403511401501,2.41034574902,1
2017-11-01,0.0403572353163,2.43947223555,1
2017-11-02,0.0402595591878,2.34688014727,1
2017-11-03,0.0403055544554,2.51074388106,1
2017-11-06,0.0402968804205,2.59592857086,1
2017-11-07,0.040300325844,2.52137378029,1
2017-11-08,0.0402251965303,2.62706344834,1
2017-11-09,0.04044368217,2.46766492579,1
2017-11-10,0.0403860570646,2.23021045023,1
2017-11-13,0.0403808100259,2.25470762361,1
2017-11-14,0.0383246107689,2.77297019963,1
2017-11-15,0.0384434747533,2.53495686255,1
2017-11-16,0.0385971230327,2.56487315832,1
2017-11-17,0.038538945944,2.36053634038,1
2017-11-20,0.038542091377,2.36769869235,1
2017-11-21,0.0388644102835,2.46307251434,1
2017-11-22,0.0386900392641,2.32474670721,1
2017-11-24,0.0386968610664,2.40360440254,1
2017-11-27,0.0387102694365,2.37742306058,1
2017-11-28,0.0395291307527,2.62411198689,1
2017-11-29,0.0391772103206,2.34512170548,1
2017-11-30,0.0394185283012,2.3982854187,1
2017-12-01,0.0393688301672,2.45388051077,1
2017-12-04,0.0393434129191,2.46750336718,1
2017-12-05,0.0394671872996,2.33888015337,1
2017-12-06,0.0394595216988,2.3709279583,1
2017-12-07,0.0394071505878,2.50650322198,1
2017-12-08,0.0395756645008,2.66539092091,1
2017-12-11,0.0394445968585,2.59935745064,1
2017-12-12,0.0394485371094,2.6176886319,1
2017-12-13,0.0393637922145,2.74877280014,1
2017-12-14,0.0395701788974,2.59634177673,1
2017-12-15,0.0397153974276,2.62436984776,1
2017-12-18,0.0395151915046,2.97455185856,1
2017-12-19,0.0399137883655,2.77454624343,1
2017-12-20,0.0399808250929,2.71315096958,1
2017-12-21,0.0400084481751,2.75151441378,1
2017-12-22,0.0400129162919,2.71984902354,1
2017-12-26,0.038935540588,3.07515756066,1
2017-12-27,0.0383179918976,2.91772666916,1
2017-12-28,0.0371621155098,3.38408992363,1
2017-12-29,0.0373241094814,3.23661557437,1
2018-01-02,0.0375905605921,3.39535132817,1
2018-01-03,0.0378433188066,3.49261844657,1
2018-01-04,0.0366291760935,4.0737758283,1
2018-01-05,0.0366335695123,4.07469966214,1
2018-01-08,0.0366358077105,4.08374124484,1
2018-01-09,0.036624459283,4.10464189681,1
2018-01-10,0.0359793861853,3.80965110687,1
2018-01-11,0.0364166434496,3.98462023764,1
2018-01-12,0.0365251893914,4.0098815829,1
2018-01-16,0.0367066947977,3.8717585076,1
2018-01-17,0.0373007908637,4.03128744205,1
2018-01-18,0.0372762683474,3.75275229429,1
2018-01-19,0.0373209374138,3.83244594578,1
2018-01-22,0.0377806846636,4.03000092949,1
2018-01-23,0.0378050997688,4.17847111631,1
2018-01-24,0.0378412805453,4.13830461236,1
2018-01-25,0.0378493243236,4.16240906461,1
2018-01-26,0.0386022846003,4.4706035984,1
2018-01-29,0.0393750437131,4.12841111809,1
2018-01-30,0.0407976707338,3.67771740671,1
2018-01-31,0.0407208992763,3.59631088313,1
2018-02-01,0.0408740507092,3.48902973671,1
2018-02-02,0.0459666444183,2.498941686,1
2018-02-05,0.0569841242723,1.17776124472,1
2018-02-06,0.0586934312853,1.46122905218,1
2018-02-07,0.0589576197797,1.37767904933,1
2018-02-08,0.0674565101523,0.519753271905,1
2018-02-09,0.0673418596106,1.00218626062,1
2018-02-12,0.0683583675847,1.20315114345,1
2018-02-13,0.0679574396197,1.09103300736,1
2018-02-14,0.0684984079019,1.29247602712,1
2018-02-15,0.0693168903816,1.45806475358,1
2018-02-16,0.0680563987017,1.77064859891,1
2018-02-20,0.0683363251191,1.67186920129,1
2018-02-21,0.0686689384322,1.52135050067,1
2018-02-22,0.068244445503,1.38312176325,1
2018-02-23,0.0696575376014,1.69081479089,1
2018-02-26,0.0702042221615,1.93470411779,1
2018-02-27,0.0713201648243,1.62374837532,1
2018-02-28,0.071738401763,1.47506611475,1
2018-03-01,0.0727929414916,1.19191117817,1
2018-03-02,0.0727750177182,1.18405862243,1
2018-03-05,0.0731327915067,1.2463156893,1
2018-03-06,0.0731476555402,1.29171939125,1
2018-03-07,0.0730199194427,1.36372499809,1
2018-03-08,0.0731332570353,1.41511578239,1
2018-03-09,0.0743081179266,1.63188956639,1
2018-03-12,0.0742838311782,1.64634556081,1
2018-03-13,0.074189989876,1.41644388377,1
2018-03-14,0.0742945868917,1.30944863791,1
2018-03-15,0.0743061867578,1.29538634191,1
2018-03-16,0.0743035934583,1.30650318578,1
2018-03-19,0.0754026473452,1.03640676811,1
2018-03-20,0.0753958370506,1.02061887639,1
2018-03-21,0.0754289893271,0.978216096818,1
2018-03-22,0.0782484102658,0.5792547412,1
2018-03-23,0.0803333885055,0.289492279683,1
2018-03-26,0.0834124368992,0.651271546229,1
2018-03-27,0.0844429453759,0.439266484805,1
2018-03-28,0.0844793277387,0.397763778608,1
2018-03-29,0.0853296436855,0.571191978983,1
2018-04-02,0.0874473884104,0.232701305266,1
2018-04-03,0.0879899318449,0.354901166815,1
2018-04-04,0.0883760526553,0.440394498782,1
2018-04-05,0.0885354949287,0.498615716666,1
2018-04-06,0.0903996814552,0.19493284112,1
2018-04-09,0.0903943943509,0.190918832581,1
2018-04-10,0.0912899672348,0.420267479627,1
2018-04-11,0.0913892927813,0.369627274142,1
2018-04-12,0.0915330777448,0.423063624285,1
2018-04-13,0.0915656487332,0.364153383035,1
2018-04-16,0.0918176240891,0.480416918112,1
2018-04-17,0.0922369295617,0.58471004144,1
2018-04-18,0.0922461945538,0.564448263683,1
2018-04-19,0.0924782190243,0.463100541649,1
2018-04-20,0.0929328540091,0.32703355667,1
2018-04-23,0.0929345477023,0.30899065893,1
2018-04-24,0.0937525253465,0.0783709127621,1
2018-04-25,0.0937157978779,0.14261647426,1
2018-04-26,0.0941963754363,0.28250017316,1
2018-04-27,0.0940768071566,0.374191168776,1
2018-04-30,0.0943251483282,0.26564569205,1
2018-05-01,0.0939868078362,0.158716236796,1
2018-05-02,0.0941539822935,0.100048907259,1
2018-05-03,0.0941605515771,0.0671195909546,1
2018-05-04,0.094813931158,0.214990314941,1
2018-05-07,0.0948429613124,0.241960176088,1
2018-05-08,0.0947950514557,0.182582463209,1
2018-05-09,0.0950684933659,0.26991388388,1
2018-05-10,0.0954911042742,0.412305093686,1
2018-05-11,0.0955221932903,0.438735218935,1
2018-05-14,0.0954449073387,0.486853987252,1
2018-05-15,0.0958029325123,0.398777820375,1
2018-05-16,0.0958383655192,0.433055115875,1
2018-05-17,0.0958394545025,0.432192317942,1
2018-05-18,0.0957804138834,0.468496977689,1
2018-05-21,0.0957754447492,0.465177112949,1
2018-05-22,0.095788908066,0.457550020427,1
2018-05-23,0.095851051729,0.5001210866,1
2018-05-24,0.0956775541974,0.406997994367,1
2018-05-25,0.0956846066137,0.39131584806,1
2018-05-29,0.095890855116,0.269822951434,1
2018-05-30,0.096372994646,0.422411369552,1
2018-05-31,0.0961958461323,0.212339185677,1
2018-06-01,0.096459046143,0.352139316786,1
2018-06-04,0.0962831248157,0.2937262029,1
2018-06-05,0.0962849953517,0.312069557229,1
2018-06-06,0.0964347918883,0.415223462582,1
2018-06-07,0.0963960310207,0.468264968736,1
2018-06-08,0.0964050264051,0.482854932236,1
2018-06-11,0.0963922646928,0.460350022874,1
2018-06-12,0.0963101696282,0.414498173983,1
2018-06-13,0.0963553109926,0.334177169472,1
2018-06-14,0.0964069660825,0.368297573036,1
2018-06-15,0.0964067420132,0.333349870288,1
2018-06-18,0.0963581168988,0.355736358862,1
2018-06-19,0.0961502927087,0.210679626267,1
2018-06-20,0.0960455575197,0.150052223153,1
2018-06-21,0.0960606870732,0.145986259134,1
2018-06-22,0.096059495238,0.202151902329,1
2018-06-25,0.0967994088276,-0.00856488846638,1
2018-06-26,0.0968363942309,0.0316233223849,1
2018-06-27,0.0970285503463,-0.0444328110638,1
2018-06-28,0.0971199210056,-0.00639752440032,1
2018-06-29,0.0971251091534,-0.00124908885695,1
2018-07-02,0.0970916492151,0.0536638233597,1
2018-07-03,0.0969727914104,-0.0463478424656,1
2018-07-05,0.0971059256051,-0.0179635568212,1
2018-07-06,0.0973590306919,0.0480175983744,1
2018-07-09,0.0974736367614,0.0721409769098,1
2018-07-10,0.097497795469,0.0924051790293,1
2018-07-11,0.0976953563919,-0.00113513234348,1
2018-07-12,0.0980371488904,0.139261903291,1
2018-07-13,0.0978357794446,0.0628645196618,1
2018-07-16,0.0976984587221,-0.0389714964281,1
2018-07-17,0.097705737908,0.0518226404076,1
2018-07-18,0.0974296406046,-0.0341750328975,1
2018-07-19,0.0974224271556,-0.0303289167964,1
2018-07-20,0.0974090805922,-0.100560571613,1
2018-07-23,0.0971694735607,-0.20530179912,1
2018-07-24,0.0972530911586,-0.176718175278,1
2018-07-25,0.0975270573745,-0.0563015527617,1
2018-07-26,0.0975419165385,-0.116084968349,1
2018-07-27,0.0972695005658,-0.326741972839,1
2018-07-30,0.0971684865515,-0.302818221449,1
2018-07-31,0.0967851766334,-0.0923626798416,1
2018-08-01,0.0968037821667,-0.134758743159,1
2018-08-02,0.0968817651574,-0.0244445599669,1
2018-08-03,0.09481856183,0.348029914401,1
2018-08-06,0.0887579576657,0.952064186415,1
2018-08-07,0.0876396020821,0.758137542898,1
2018-08-08,0.08741341508,0.848436739927,1
2018-08-09,0.0809540419227,1.47194114388,1
2018-08-10,0.0803915074645,1.20035499081,1
2018-08-13,0.0796045711837,0.942855781958,1
2018-08-14,0.0797055172788,0.988619281009,1
2018-08-15,0.07945122107,0.728349698856,1
2018-08-16,0.0789766387536,0.657425674673,1
2018-08-17,0.0790243856248,0.691639677651,1
2018-08-20,0.0788097032366,0.852677663371,1
2018-08-21,0.0785435958087,0.991015884423,1
2018-08-22,0.0785434134248,0.969926012105,1
2018-08-23,0.077234424437,0.688550699228,1
2018-08-24,0.0767910550596,0.61310499834,1
2018-08-27,0.0760066086665,0.947565303905,1
2018-08-28,0.0756393687377,1.0708314807,1
2018-08-29,0.0747216853136,1.39037508777,1
2018-08-30,0.0747703436645,1.26307824888,1
2018-08-31,0.0742354969598,1.09326203978,1
2018-09-04,0.0742630231605,1.00510687769,1
2018-09-05,0.0743210391201,0.963810101249,1
2018-09-06,0.0742100367517,0.839159597872,1
2018-09-07,0.073081283522,0.513000585245,1
2018-09-10,0.0730922488563,0.566741742572,1
2018-09-11,0.0729189438666,0.697482397,1
2018-09-12,0.0728145294853,0.777184776307,1
2018-09-13,0.0729709017582,0.89703999228,1
2018-09-14,0.0729841235414,0.86714913459,1
2018-09-17,0.0720411298386,1.02921218481,1
2018-09-18,0.0720975231698,1.08368622414,1
2018-09-19,0.0720657543892,1.1142279724,1
2018-09-20,0.0692782812325,1.72892532658,1
2018-09-21,0.0666513622972,2.17081677474,1
2018-09-24,0.0630692099378,1.70869700379,1
2018-09-25,0.0616188035609,2.01644359472,1
2018-09-26,0.0615804155182,2.03914442427,1
2018-09-27,0.0605002389254,1.85088545026,1
2018-09-28,0.0572343498657,2.41482860027,1
2018-10-01,0.0564874841912,2.25737174356,1
2018-10-02,0.0558352766125,2.05140743279,1
2018-10-03,0.0556637259183,1.84974362835,1
2018-10-04,0.0531931320811,2.19177284004,1
2018-10-05,0.0534719538205,1.90257841265,1
2018-10-08,0.051982080836,1.59001255764,1
2018-10-09,0.0517845176869,1.69452393618,1
2018-10-10,0.058405997582,0.710844619805,1
2018-10-11,0.0607800362529,0.350368144796,1
2018-10-12,0.0614571665251,0.453009750135,1
2018-10-15,0.0609941561383,0.118542546315,1
2018-10-16,0.0636750823236,0.543431132432,1
2018-10-17,0.0633572998795,0.660610150503,1
2018-10-18,0.0639913929283,0.573605860975,1
2018-10-19,0.0640001380324,0.564485950112,1
2018-10-22,0.0628583932635,0.762260541034,1
2018-10-23,0.062969596804,0.651135235363,1
2018-10-24,0.0666811622321,-0.0905842791696,1
2018-10-25,0.068139084402,0.174106798734,1
2018-10-26,0.0691081783626,0.0397454629866,1
2018-10-29,0.0693026626887,-0.0899140403098,1
2018-10-30,0.069945389099,0.252952965675,1
2018-10-31,0.0704174551719,0.446046974161,1
2018-11-01,0.0702564481625,0.425550484148,1
2018-11-02,0.070561923413,0.240281159667,1
2018-11-05,0.0707230256854,0.350514966768,1
2018-11-06,0.0705300803075,0.308245668227,1
2018-11-07,0.0723587428851,0.484987559528,1
2018-11-08,0.0723687753496,0.378499734936,1
2018-11-09,0.0728036024137,0.232270809963,1
2018-11-12,0.0738936672369,0.0983162458306,1
2018-11-13,0.0738541288163,0.0153543180423,1
2018-11-14,0.0740693559197,-0.0661338596369,1
2018-11-15,0.074663138099,0.128253609844,1
2018-11-16,0.0744502693226,0.0674505503755,1
2018-11-19,0.0758160804257,-0.160199089277,1
2018-11-20,0.0773500147981,-0.51665208876,1
2018-11-21,0.0774223414069,-0.452844378617,1
2018-11-23,0.0776261924987,-0.542514567983,1
2018-11-26,0.0785454064125,-0.183759628978,1
2018-11-27,0.0779698363434,-0.310641486396,1
2018-11-28,0.0804009121489,0.158743801762,1
2018-11-29,0.0800630362883,-0.00407001364086,1
2018-11-30,0.0801712393447,0.0392428167059,1
2018-12-03,0.0810659652782,0.230027087302,1
2018-12-04,0.0849913553268,-0.309795371025,1
2018-12-06,0.0849835182,-0.327151371413,1
2018-12-07,0.0869711689494,-0.650730743054,1
2018-12-10,0.0869948627434,-0.627780783769,1
2018-12-11,0.0869842204051,-0.642646742059,1
2018-12-12,0.087016937081,-0.528990011741,1
2018-12-13,0.0869356636372,-0.589629939065,1
2018-12-14,0.0882112502467,-0.809616648229,1
2018-12-17,0.0894405211568,-1.01119000219,1
2018-12-18,0.0894192713012,-0.955136558622,1
2018-12-19,0.0901194672185,-1.13614176393,1
2018-12-20,0.0909701951606,-1.25810241744,1
2018-12-21,0.0923599999484,-1.52730608407,1
2018-12-24,0.0938233436295,-1.63429911906,1
2018-12-26,0.10165844677,-1.01272713478,1
2018-12-27,0.101787124319,-0.828604636091,1
2018-12-28,0.101668091704,-0.87924245641,1
2018-12-31,0.102043981643,-0.782686669037,1
2019-01-02,0.102043752253,-0.781818457375,1
2019-01-03,0.103537616956,-0.99034894176,1
2019-01-04,0.106679272606,-0.709047293805,1
2019-01-07,0.106544973465,-0.738650072811,1
2019-01-08,0.10657898167,-0.730109454903,1
2019-01-09,0.106645993091,-0.705462010934,1
2019-01-10,0.10652219862,-0.593977176417,1
2019-01-11,0.106172687438,-0.693337118253,1
2019-01-14,0.106315602079,-0.790524234709,1
2019-01-15,0.106807936709,-0.63472012647,1
2019-01-16,0.106786931694,-0.644122920095,1
2019-01-17,0.106962373222,-0.583772278091,1
2019-01-18,0.107538997927,-0.402948737407,1
2019-01-22,0.108101219949,-0.524377490693,1
2019-01-23,0.108131970295,-0.486608993047,1
2019-01-24,0.108012286514,-0.535881200059,1
2019-01-25,0.107990312378,-0.540133259708,1
2019-01-28,0.108177202493,-0.600747807365,1
2019-01-29,0.108052449798,-0.526634753967,1
2019-01-30,0.108991363889,-0.260857447093,1
2019-01-31,0.109286622213,-0.201194245858,1
2019-02-01,0.109270355786,-0.184536994907,1
2019-02-04,0.109301668117,-0.17797767086,1
2019-02-05,0.10929767098,-0.179146847888,1
2019-02-06,0.109250193176,-0.241028399448,1
2019-02-07,0.109512905137,-0.365164159736,1
2019-02-08,0.109539249928,-0.330703033842,1
2019-02-11,0.109538888623,-0.329313055801,1
2019-02-12,0.11000721236,-0.128625803283,1
2019-02-13,0.109981904894,-0.0671193127792,1
2019-02-14,0.109880473539,-0.143555570955,1
2019-02-15,0.110159729884,0.0527632540877,1
2019-02-19,0.109944583839,-0.0193108601128,1
2019-02-20,0.109910167437,-0.0390258116415,1
2019-02-21,0.109959308659,-0.129915025928,1
2019-02-22,0.11015288729,-0.0629975268805,1
2019-02-25,0.110156832738,-0.0515641521566,1
2019-02-26,0.110146083934,-0.032915095564,1
2019-02-27,0.110009708983,-0.126964669558,1
2019-02-28,0.109875367758,-0.235561532017,1
2019-03-01,0.109964897941,-0.170032930309,1
2019-03-04,0.109896832751,-0.260899618255,1
2019-03-05,0.109852993303,-0.229648358305,1
2019-03-06,0.10993503593,-0.284145817151,1
2019-03-07,0.110048923337,-0.323981897677,1
2019-03-08,0.110024309798,-0.303238757539,1
2019-03-11,0.110696809865,-0.127086299067,1
2019-03-12,0.110712484096,-0.0259292871362,1
2019-03-13,0.110819743641,0.0183313181011,1
2019-03-14,0.110816507932,-0.0226806095838,1
2019-03-15,0.11095265119,0.0414391234751,1
2019-03-18,0.11086334163,0.00860253489413,1
2019-03-19,0.110858650842,0.0189871321981,1
2019-03-20,0.110761109417,0.0753185291204,1
2019-03-21,0.11112353137,0.155109292722,1
2019-03-22,0.111972359175,-0.0151832746475,1
2019-03-25,0.11171370736,-0.108760828332,1
2019-03-26,0.111892102767,-0.0235069080344,1
2019-03-27,0.111887161921,-0.0195254300068,1
2019-03-28,0.111924933701,0.0348013577362,1
2019-03-29,0.112033444261,0.116578992831,1
2019-04-01,0.112237711848,0.173124391578,1
2019-04-02,0.112238329457,0.192511202196,1
2019-04-03,0.112208371944,0.162775543283,1
2019-04-04,0.11223523215,0.19448671228,1
2019-04-05,0.112289417436,0.279423206394,1
2019-04-08,0.111958617214,0.387479923342,1
2019-04-09,0.111864610518,0.412285893298,1
2019-04-10,0.111921451706,0.467190548785,1
2019-04-11,0.111926174958,0.460975625908,1
2019-04-12,0.108552238773,0.886967465912,1
2019-04-15,0.107147478925,1.1077453128,1
2019-04-16,0.106591855029,0.953477122098,1
2019-04-17,0.106473350424,0.995345065065,1
2019-04-18,0.104972893716,0.793277120058,1
2019-04-22,0.104962021154,0.804680244511,1
2019-04-23,0.104437171373,1.09487748777,1
2019-04-24,0.10443214605,1.09950241257,1
2019-04-25,0.104337843974,1.14694739291,1
2019-04-26,0.104336731984,1.26373180502,1
2019-04-29,0.101383433957,1.63249626875,1
2019-04-30,0.100518118615,1.45875249178,1
2019-05-01,0.0997672658894,1.56956690435,1
2019-05-02,0.0996601635732,1.60291252541,1
2019-05-03,0.099474808686,1.57774104899,1
2019-05-06,0.0992569435264,1.41859241759,1
2019-05-07,0.0998440339642,1.07404020331,1
2019-05-08,0.0995844661791,1.15388805498,1
2019-05-09,0.099534192756,1.05304908217,1
2019-05-10,0.0994878063987,1.03799306818,1
2019-05-13,0.100001932909,0.479723615288,1
2019-05-14,0.100247296931,0.627889959712,1
2019-05-15,0.100054257926,0.821092954345,1
2019-05-16,0.099012256777,1.14792207619,1
2019-05-17,0.0991740820542,1.09025030069,1
2019-05-20,0.099215779262,1.07883677176,1
2019-05-21,0.0990553428823,1.05174296877,1
2019-05-22,0.099052154154,0.983874235274,1
2019-05-23,0.0983282008732,1.0772961832,1
2019-05-24,0.0969182362569,1.35399879179,1
2019-05-28,0.0971975025797,1.1989899909,1
2019-05-29,0.0971753116842,1.20533739005,1
2019-05-30,0.0963942870135,1.07715385059,1
2019-05-31,0.0967975925756,0.905733113571,1
2019-06-03,0.0947129120933,0.607348141854,1
2019-06-04,0.096286067744,0.883423411253,1
2019-06-05,0.0964065230093,0.913237477636,1
2019-06-06,0.0958290222148,0.822362662511,1
2019-06-07,0.0924993221783,1.40393196144,1
2019-06-10,0.0925118864352,1.43862695226,1
2019-06-11,0.0904105664889,1.75811781177,1
2019-06-12,0.0904240437144,1.71664571431,1
2019-06-13,0.0905005971415,1.7839750381,1
2019-06-14,0.0904841234138,1.70902708518,1
2019-06-17,0.0904810036942,1.71126586838,1
2019-06-18,0.089509723594,2.13487147361,1
2019-06-19,0.0880232393799,2.47789084687,1
2019-06-20,0.0883744203536,2.60156000596,1
2019-06-21,0.0874952059875,2.77170412312,1
2019-06-24,0.0861602175996,3.03517978469,1
2019-06-25,0.0847709606477,3.22280100968,1
2019-06-26,0.0818421588072,3.66127818416,1
2019-06-27,0.073057829082,3.44505681508,1
2019-06-28,0.0728888003859,3.39625675705,1
2019-07-01,0.0732013467155,3.51563020144,1
2019-07-02,0.0728775518272,3.42964758066,1
2019-07-03,0.0731386762494,3.54319693431,1
2019-07-05,0.0706352214365,3.95712689348,1
2019-07-08,0.0664194977297,3.53777638006,1
2019-07-09,0.0662780089128,3.44487371418,1
2019-07-10,0.0660556941766,3.38955618159,1
2019-07-11,0.0659966961859,3.29532712861,1
2019-07-12,0.0660608921776,3.33535634064,1
2019-07-15,0.0660609737823,3.33158424583,1
2019-07-16,0.065814105625,3.40525666635,1
2019-07-17,0.0654886166,3.11455948508,1
2019-07-18,0.0655345617663,3.14407389791,1
2019-07-19,0.0656854700332,2.88968975646,1
2019-07-22,0.0649402146857,2.73912348756,1
2019-07-23,0.0638690921107,3.16342841458,1
2019-07-24,0.0639591889771,3.21276504998,1
2019-07-25,0.0642590410064,3.05907148133,1
2019-07-26,0.064156540082,3.03651230426,1
2019-07-29,0.0636852591778,3.18359832054,1
2019-07-30,0.0637689444241,3.1255086349,1
2019-07-31,0.0630892558136,2.62207911752,1
2019-08-01,0.0626678859828,2.36383761241,1
2019-08-02,0.0630512482509,2.22731494947,1
2019-08-05,0.0672385389987,1.49019138861,1
2019-08-06,0.068283746177,1.64230914192,1
2019-08-07,0.0682507912221,1.67671585198,1
2019-08-08,0.0696044987162,2.14812289947,1
2019-08-09,0.0699888708836,1.95871843541,1
2019-08-12,0.0705664710026,1.78104479063,1
2019-08-13,0.070749219937,1.80013913942,1
2019-08-14,0.0746938319107,1.23453194502,1
2019-08-15,0.0747941786896,1.34479160954,1
2019-08-16,0.0750764089598,1.37890681459,1
2019-08-19,0.075479128366,1.49956668496,1
2019-08-20,0.0756807047694,1.37141638495,1
2019-08-21,0.0757342415403,1.57179408584,1
2019-08-22,0.0755387970626,1.41719178948,1
2019-08-23,0.0781403216765,1.0061261452,1
2019-08-26,0.0785863948123,1.15831487341,1
2019-08-27,0.078583258132,1.160431121,1
2019-08-28,0.0786931679067,1.31129373458,1
2019-08-29,0.0791919485066,1.40753068415,1
2019-08-30,0.0791314680709,1.45655379828,1
2019-09-03,0.0793302616774,1.37245167897,1
2019-09-04,0.079782109518,1.62832606704,1
2019-09-05,0.0798954005873,1.87318485321,1
2019-09-06,0.0798733805061,1.91223702144,1
2019-09-09,0.0791143464373,1.67777690471,1
2019-09-10,0.0791430155711,1.54457377574,1
2019-09-11,0.0791996924261,1.55943135684,1
2019-09-12,0.0791793256798,1.62211405888,1
2019-09-13,0.0791690157139,1.45373396242,1
2019-09-16,0.0791615779413,1.37929693146,1
2019-09-17,0.0791903420637,1.4345318194,1
2019-09-18,0.079184969369,1.45957389991,1
2019-09-19,0.0786740997625,1.30858502988,1
2019-09-20,0.0774065483483,1.5390994104,1
2019-09-23,0.0774092372677,1.53216465975,1
2019-09-24,0.077433948827,1.31998756665,1
2019-09-25,0.0773615450282,1.43013305706,1
2019-09-26,0.0773362193187,1.35572282622,1
2019-09-27,0.0773369535165,1.1877418009,1
2019-09-30,0.07711588467,1.13090139813,1
2019-10-01,0.0777364704256,0.935683981684,1
2019-10-02,0.0791911364983,0.653334507646,1
2019-10-03,0.079639139492,0.764038934639,1
2019-10-04,0.0804183172648,0.893371682441,1
2019-10-07,0.0806211024588,0.793157815226,1
2019-10-08,0.0816094617981,0.629683341799,1
2019-10-09,0.0818569944454,0.691557895683,1
2019-10-10,0.0819131993303,0.771582886844,1
2019-10-11,0.0820627012698,0.80941551601,1
2019-10-14,0.0820560680291,0.820815975659,1
2019-10-15,0.0822773009522,0.939050109178,1
2019-10-16,0.0822381828023,0.969660187674,1
2019-10-17,0.0822374462514,0.969105944146,1
2019-10-18,0.0823291702249,0.913406251853,1
2019-10-21,0.0820074212319,0.838527721437,1
2019-10-22,0.0820369160976,0.815028270638,1
2019-10-23,0.0820662685271,0.87522068762,1
2019-10-24,0.0819420570433,0.815096441731,1
2019-10-25,0.0819724741132,0.858004014798,1
2019-10-28,0.0820328591697,0.904116889379,1
2019-10-29,0.0817651142754,1.00861055072,1
2019-10-30,0.0817618180903,1.13469848612,1
2019-10-31,0.0813023514628,0.978114032472,1
2019-11-01,0.0815802185833,1.16577675506,1
2019-11-04,0.0803330142345,1.45374904399,1
2019-11-05,0.0803976359419,1.42160079408,1
2019-11-06,0.0803416701472,1.48022526359,1
2019-11-07,0.080262781115,1.41143587857,1
2019-11-08,0.0774277771418,1.86860676214,1
2019-11-11,0.0771334950563,1.6979273765,1
2019-11-12,0.0769810645239,1.6369759222,1
2019-11-13,0.0767237623182,1.5357212472,1
2019-11-14,0.0765071261194,1.68998847329,1
2019-11-15,0.0763270912027,1.92313084508,1
2019-11-18,0.0760437270923,1.81932435582,1
2019-11-19,0.0760050065773,1.85338144848,1
2019-11-20,0.0754561025748,1.99260932259,1
2019-11-21,0.0755114062023,1.91131156948,1
2019-11-22,0.0751069321295,2.09781817314,1
2019-11-25,0.0750783303195,2.33269616998,1
2019-11-26,0.0750466045248,2.31331469938,1
2019-11-27,0.0744549301938,2.55115920393,1
2019-11-29,0.0746024200535,2.4879155392,1
2019-12-02,0.0732113361855,2.0338453276,1
2019-12-03,0.0730579548645,1.84026918707,1
2019-12-04,0.0729897738664,1.81815768213,1
2019-12-05,0.0723827340391,1.65185766814,1
2019-12-06,0.0726247509453,1.73530863465,1
2019-12-09,0.0726865684059,1.69048903141,1
2019-12-10,0.0726943962869,1.68418396846,1
2019-12-11,0.0726527251607,1.66868502416,1
2019-12-12,0.0727446262633,1.78375435919,1
2019-12-13,0.0727666207946,1.83614699202,1
2019-12-16,0.0722149263734,1.73330515954,1
2019-12-17,0.0721529306181,1.66446018998,1
2019-12-18,0.0716708766201,1.47345800737,1
2019-12-19,0.071669602105,1.60737634878,1
2019-12-20,0.0717314886847,1.68682378152,1
2019-12-23,0.071126300491,1.88379038506,1
2019-12-24,0.071064039605,1.94128806429,1
2019-12-26,0.0710904075156,1.94851854914,1
2019-12-27,0.0710119874454,1.87721385237,1
2019-12-30,0.0708356629577,1.62175332101,1
2019-12-31,0.0707918916764,1.57448279541,1
2020-01-02,0.0710008189973,1.60559595997,1
2020-01-03,0.0710980814081,1.57667267227,1
2020-01-06,0.0708912037568,1.73612256526,1
2020-01-07,0.0709920897513,1.65626637949,1
2020-01-08,0.0709623198106,1.64466828562,1
2020-01-09,0.0711763500219,1.76730282803,1
2020-01-10,0.0711197535239,1.65102048074,1
2020-01-13,0.0712752765802,1.73469266245,1
2020-01-14,0.071170208512,1.78811940361,1
2020-01-15,0.0710043593921,1.9338472506,1
2020-01-16,0.0712055269105,1.98881663536,1
2020-01-17,0.0709301047562,2.14382807408,1
2020-01-21,0.0709136351269,2.08505675938,1
2020-01-22,0.0707647823742,1.98718360912,1
2020-01-23,0.0706596897769,1.92824287289,1
2020-01-24,0.0708114514907,1.89200561761,1
2020-01-27,0.0717676488038,1.51509546287,1
2020-01-28,0.0721389166002,1.69902351351,1
2020-01-29,0.0720780336239,1.754182992,1
2020-01-30,0.0714069821934,2.00556752094,1
2020-01-31,0.0727841416033,1.76028879785,1
2020-02-03,0.0726226609213,1.99920790287,1
2020-02-04,0.0692348457444,2.79504762222,1
2020-02-05,0.0686224988569,2.73344241856,1
2020-02-06,0.0686463499544,2.79509518695,1
2020-02-07,0.066891004763,2.44649489865,1
2020-02-10,0.066722971623,2.73655712953,1
2020-02-11,0.0660603840518,2.96029305965,1
2020-02-12,0.065237429601,2.84085915658,1
2020-02-13,0.0604921350008,3.5914546831,1
2020-02-14,0.0603902997012,3.52946106476,1
2020-02-18,0.0595195871765,3.25961228304,1
2020-02-19,0.0591248242411,3.1747406398,1
2020-02-20,0.0589144209952,3.24802202506,1
2020-02-21,0.0593405354833,2.88546629235,1
2020-02-24,0.0654287224997,2.07571976529,1
2020-02-25,0.0672642298139,1.90800877359,1
2020-02-26,0.0669141252863,1.65490110771,1
2020-02-27,0.076930373883,0.782212813075,1
2020-02-28,0.0767350749632,0.693302791338,1
2020-03-02,0.0835849583237,1.05108298495,1
2020-03-03,0.0861937926536,0.681830186939,1
2020-03-04,0.0925728090577,1.24578559871,1
2020-03-05,0.0959765617132,0.65412279921,1
2020-03-06,0.0961545528954,0.385924482498,1
2020-03-09,0.116544181133,-0.493912609917,1
2020-03-10,0.121614468376,-0.047091845418,1
2020-03-11,0.130953149818,-0.533657628015,1
2020-03-12,0.165500245138,-1.34488947603,1
2020-03-13,0.183162272167,-0.634025848419,1
2020-03-16,0.199237292503,-1.11700443615,1
2020-03-17,0.200907649413,-0.924205608384,1
2020-03-18,0.210479062494,-1.33138071477,1
2020-03-19,0.211155530124,-1.23030393558,1
2020-03-20,0.212757873242,-1.40869734776,1
2020-03-23,0.21277278835,-1.42328525925,1
2020-03-24,0.225533801536,-0.883118671196,1
2020-03-25,0.226301108581,-0.734107298484,1
2020-03-26,0.231334776577,-0.446059039022,1
2020-03-27,0.232248469696,-0.567200349411,1
2020-03-30,0.233746998382,-0.383184410964,1
2020-03-31,0.234067910098,-0.488174424569,1
2020-04-01,0.23685505938,-0.652671701197,1
2020-04-02,0.237380717864,-0.442702022449,1
2020-04-03,0.237458337241,-0.568223912185,1
2020-04-06,0.244726606616,-0.277524012542,1
2020-04-07,0.244683252208,-0.237154850173,1
2020-04-08,0.246163602109,0.00955282574288,1
2020-04-09,0.246854828418,0.080254363986,1
2020-04-13,0.247062835794,-0.00304154666155,1
2020-04-14,0.248352382249,0.106895003365,1
2020-04-15,0.248935290463,0.0123214407394,1
2020-04-16,0.248897341343,0.00288935158662,1
2020-04-17,0.249966588781,0.136413175036,1
2020-04-20,0.250519283172,0.0288502218581,1
2020-04-21,0.251927973744,-0.102096969261,1
2020-04-22,0.252645827334,-0.0159198765745,1
2020-04-23,0.252639746928,0.00180772429557,1
2020-04-24,0.252905881594,0.0526687868109,1
2020-04-27,0.253107752235,0.101079258711,1
2020-04-28,0.253105988707,0.0743516021625,1
2020-04-29,0.25417021618,0.186271095894,1
2020-04-30,0.254362133125,0.134396039708,1
2020-05-01,0.255464349718,-0.0210237376788,1
2020-05-04,0.255478947741,-0.0054649760962,1
2020-05-05,0.255458032155,-0.00929847744405,1
2020-05-06,0.255579899439,-0.0640155283716,1
2020-05-07,0.255841518312,0.019274534942,1
2020-05-08,0.256146171246,0.0833332716229,1
2020-05-11,0.256151900107,0.0724143107911,1
2020-05-12,0.256643752207,-0.0244867809908,1
2020-05-13,0.257036127244,-0.0932839943073,1
2020-05-14,0.257301568655,-0.0410149695455,1
2020-05-15,0.257332978299,-0.0246800128999,1
2020-05-18,0.258538031827,0.0965699392539,1
2020-05-19,0.258614188869,0.019296038125,1
2020-05-20,0.259097116717,0.0983698508311,1
2020-05-21,0.25916193817,0.0672960022306,1
2020-05-22,0.259159196868,0.0878195775559,1
2020-05-26,0.259320580241,0.151348173617,1
2020-05-27,0.259657989342,0.213714820311,1
2020-05-28,0.259579730318,0.16481508759,1
2020-05-29,0.259616461194,0.178870460227,1
2020-06-01,0.25961713863,0.178376903876,1
2020-06-02,0.259678955042,0.240725839796,1
2020-06-03,0.259712220577,0.338670228057,1
2020-06-04,0.25972486001,0.334353642604,1
2020-06-05,0.260605002407,0.431057292057,1
2020-06-08,0.260809334494,0.485167581841,1
2020-06-09,0.260818593431,0.416176950677,1
2020-06-10,0.260821101534,0.415908532434,1
2020-06-11,0.265827452768,0.144766173589,1
2020-06-12,0.266005299852,0.180599345166,1
2020-06-15,0.266133236991,0.205491643701,1
2020-06-16,0.266535525094,0.271368023952,1
2020-06-17,0.266540084242,0.225752725268,1
2020-06-18,0.266540375636,0.229267689474,1
2020-06-19,0.266586056514,0.209833396844,1
2020-06-22,0.266605664703,0.2154206583,1
2020-06-23,0.266605350915,0.215292003621,1
2020-06-24,0.267541151379,0.0945699578814,1
2020-06-25,0.267709629806,0.14226521134,1
2020-06-26,0.268399734864,0.0126607230513,1
2020-06-29,0.268701316673,0.0767737669211,1
2020-06-30,0.268881968824,0.16207102439,1
2020-07-01,0.268946370785,0.190683124393,1
2020-07-02,0.268834549074,0.168972697925,1
2020-07-06,0.26908303955,0.261390727265,1
2020-07-07,0.269206279391,0.205658158787,1
2020-07-08,0.269248403605,0.254494121011,1
2020-07-09,0.26925482591,0.216427244404,1
2020-07-10,0.269297016098,0.225169442089,1
2020-07-13,0.26940620732,0.193016276408,1
2020-07-14,0.269606272657,0.227547744389,1
2020-07-15,0.269706050401,0.273123662442,1
2020-07-16,0.269712815917,0.245725446195,1
2020-07-17,0.269643674518,0.224672038518,1
2020-07-20,0.269732669879,0.25280093901,1
2020-07-21,0.269737111152,0.265780475118,1
2020-07-22,0.26978071445,0.291766978589,1
2020-07-23,0.269970450327,0.232026275402,1
2020-07-24,0.26994991624,0.236411755119,1
2020-07-27,0.269715101756,0.329669006815,1
2020-07-28,0.269661417341,0.25943249898,1
2020-07-29,0.269873021445,0.314741233074,1
2020-07-30,0.269883086902,0.28619555635,1
2020-07-31,0.269576809455,0.395125102533,1
2020-08-03,0.269579802881,0.395897552097,1
2020-08-04,0.269404059521,0.36105579797,1
2020-08-05,0.269295634419,0.335736697817,1
2020-08-06,0.269347327472,0.352805029221,1
2020-08-07,0.269323525852,0.368249809766,1
2020-08-10,0.269250808968,0.342104645639,1
2020-08-11,0.269409042846,0.29246576141,1
2020-08-12,0.269567547653,0.322783301706,1
2020-08-13,0.269598124321,0.30661222276,1
2020-08-14,0.269596558716,0.293754188138,1
2020-08-17,0.269604323151,0.320281112549,1
2020-08-18,0.26959089399,0.313380819764,1
2020-08-19,0.269622270401,0.302156270422,1
2020-08-20,0.269508754075,0.362188855408,1
2020-08-21,0.268117067582,0.524344093685,1
2020-08-24,0.266985876364,0.701014676962,1
2020-08-25,0.266942359381,0.730463059379,1
2020-08-26,0.264205285985,0.983548413439,1
2020-08-27,0.264209187114,0.978404792574,1
2020-08-28,0.262107206855,0.832858568229,1
2020-08-31,0.26120978522,0.934848912439,1
2020-09-01,0.259180083836,0.803599754061,1
2020-09-02,0.257934604677,1.02653054724,1
2020-09-03,0.259531539914,0.913504595763,1
2020-09-04,0.250865648272,1.26085263568,1
2020-09-08,0.249837937569,0.942534173316,1
2020-09-09,0.245130028728,1.33509411989,1
2020-09-10,0.222399265813,2.02641340021,1
2020-09-11,0.209252955471,1.63840081143,1
2020-09-14,0.192835592626,2.43849820112,1
2020-09-15,0.19156741643,2.30366956299,1
2020-09-16,0.179611104218,2.93137446764,1
2020-09-17,0.179453336168,2.7542031618,1
2020-09-18,0.177325563189,2.92478016909,1
2020-09-21,0.17759819952,2.88052851255,1
2020-09-22,0.163008220813,2.58017838965,1
2020-09-23,0.163833801581,2.23419400602,1
2020-09-24,0.157395621135,1.92083776126,1
2020-09-25,0.156123830733,2.24938947744,1
2020-09-28,0.154738248115,2.161469802,1
2020-09-29,0.154088146722,2.25380378057,1
2020-09-30,0.148806194504,2.7434692858,1
2020-10-01,0.14774458951,2.62646570923,1
2020-10-02,0.147456229725,2.66373576659,1
2020-10-05,0.136031661493,2.40104304666,1
2020-10-06,0.136708411342,2.25173113581,1
2020-10-07,0.13438927005,2.12879191875,1
2020-10-08,0.133283238857,2.02171155785,1
2020-10-09,0.132855871198,2.22625926308,1
2020-10-12,0.13122236519,2.1302788754,1
2020-10-13,0.130105293842,2.27110111213,1
2020-10-14,0.130245147152,2.15981150702,1
2020-10-15,0.128459879017,1.91725109636,1
2020-10-16,0.12720019586,2.11268578878,1
2020-10-19,0.124939561021,2.29542363006,1
2020-10-20,0.123661853527,2.13034307748,1
2020-10-21,0.123721945008,2.08940353607,1
2020-10-22,0.123290488571,2.00101559134,1
2020-10-23,0.122986423884,1.93098170395,1
2020-10-26,0.124049054634,1.76349613858,1
2020-10-27,0.122018948967,1.49916312112,1
2020-10-28,0.125458600308,1.22845556228,1
2020-10-29,0.123119153333,1.6110454796,1
2020-10-30,0.123649354558,1.45520539453,1
2020-11-02,0.12384257679,1.48605628203,1
2020-11-03,0.124234777707,1.74077842488,1
2020-11-04,0.125634812032,1.84306436541,1
2020-11-05,0.126137065077,1.88765981575,1
2020-11-06,0.126135204879,1.89036625284,1
2020-11-09,0.12511973159,2.17654262221,1
2020-11-10,0.124159252018,2.33060584308,1
2020-11-11,0.123843235111,2.27841794181,1
2020-11-12,0.124068256545,2.15480682384,1
2020-11-13,0.122250106601,2.037686371,1
2020-11-16,0.122207408069,2.25815071463,1
2020-11-17,0.121457704765,2.04324629339,1
2020-11-18,0.121817004074,1.98332755009,1
2020-11-19,0.121858727687,2.01474060073,1
2020-11-20,0.121768359904,1.84266007025,1
2020-11-23,0.121193588777,1.74923130077,1
2020-11-24,0.121741289234,1.91913355599,1
2020-11-25,0.121713090637,1.839956518,1
2020-11-27,0.12171565236,1.84268059442,1
2020-11-30,0.121640604969,1.71786245839,1
2020-12-01,0.121508717921,1.69541794176,1
2020-12-02,0.121396515479,1.75614507325,1
2020-12-03,0.11954113048,1.52831869756,1
2020-12-04,0.119215120456,1.4714772736,1
2020-12-07,0.119031359999,1.52993361711,1
2020-12-08,0.118980483184,1.5914727165,1
2020-12-09,0.107372785514,2.31953302494,1
2020-12-10,0.106974757977,2.20174324286,1
2020-12-11,0.106656921773,2.07540695119,1
2020-12-14,0.105872092106,1.82996724926,1
2020-12-15,0.106265751629,2.03365628025,1
2020-12-16,0.106265142731,2.03630197612,1
2020-12-17,0.106145444196,2.16426156934,1
2020-12-18,0.106192397259,2.04513181465,1
2020-12-21,0.106251539874,1.95017241956,1
2020-12-22,0.10366606454,2.28949631159,1
2020-12-23,0.103331350981,2.16861417494,1
2020-12-24,0.101187095164,2.54113744438,1
2020-12-28,0.100719079465,2.47532793667,1
2020-12-29,0.100275755546,2.30493144171,1
2020-12-30,0.100156789067,2.24126008311,1
2020-12-31,0.10013538153,2.23359665343,1
2021-01-04,0.100367868385,1.86895917921,1
2021-01-05,0.100026115042,2.06238643469,1
2021-01-06,0.0999023922329,2.00834972731,1
2021-01-07,0.100381995696,2.21727729547,1
2021-01-08,0.100199879367,2.16792574754,1
2021-01-11,0.100137241077,2.17974762728,1
2021-01-12,0.0995666650276,2.03203211245,1
2021-01-13,0.0993814888857,1.98119911441,1
2021-01-14,0.0994562610307,1.9563489116,1
2021-01-15,0.0996773518684,1.82792150478,1
2021-01-19,0.099673896663,1.82622450249,1
2021-01-20,0.100253467629,1.95358028825,1
2021-01-21,0.100172976842,1.87931355974,1
2021-01-22,0.0996716997204,1.98213188243,1
2021-01-25,0.0994893107121,2.13325787784,1
2021-01-26,0.0994223561128,2.03146555804,1
2021-01-27,0.10170499164,1.76376354945,1
2021-01-28,0.10137116106,1.71080776563,1
2021-01-29,0.1030514003,1.47515813801,1
2021-02-01,0.103791010754,1.56760000904,1
2021-02-02,0.104155669354,1.63112554426,1
2021-02-03,0.104107634205,1.57258806676,1
2021-02-04,0.104402904836,1.63969733849,1
2021-02-05,0.104272530224,1.58982034348,1
2021-02-08,0.104424201418,1.67796797019,1
2021-02-09,0.104429621312,1.64777093348,1
2021-02-10,0.103977226467,1.77394725349,1
2021-02-11,0.103523961195,1.64455440225,1
2021-02-12,0.10343369022,1.73613231063,1
2021-02-16,0.103517658036,1.69247676463,1
2021-02-17,0.103489923414,1.66495583949,1
2021-02-18,0.103600068914,1.57283588482,1
2021-02-19,0.103543544227,1.59001474022,1
2021-02-22,0.10393332559,1.41826747919,1
2021-02-23,0.103898768218,1.38579292876,1
2021-02-24,0.103962989869,1.39814733728,1
2021-02-25,0.107367334009,0.987968095558,1
2021-02-26,0.107073999168,0.877737361127,1
2021-03-01,0.108894659006,1.12705637145,1
2021-03-02,0.108993402368,0.958785555454,1
2021-03-03,0.109855544026,0.807776047367,1
2021-03-04,0.110228730872,0.530692656847,1
2021-03-05,0.110432440224,0.55043507876,1
2021-03-08,0.106548827967,0.870437688217,1
2021-03-09,0.106893100206,1.184230322,1
2021-03-10,0.104449326017,1.60203901397,1
2021-03-11,0.103589061044,1.5093615206,1
2021-03-12,0.102457807232,1.69781188091,1
2021-03-15,0.102561377075,1.7572668805,1
2021-03-16,0.102104980038,1.59716135707,1
2021-03-17,0.102069954197,1.57843759274,1
2021-03-18,0.103163948088,1.4104863921,1
2021-03-19,0.102860315554,1.49798113784,1
2021-03-22,0.102462554008,1.75271115225,1
2021-03-23,0.102149339758,1.81317303006,1
2021-03-24,0.101964234851,1.64316777583,1
2021-03-25,0.0996905951101,2.03436250766,1
2021-03-26,0.10035420774,2.16983664392,1
2021-03-29,0.0996382087049,1.97252602804,1
2021-03-30,0.0988148310495,1.76080258443,1
2021-03-31,0.0986882710133,1.87782326128,1
2021-04-01,0.0991043472494,1.95232724124,1
2021-04-05,0.099471202534,2.01200498781,1
2021-04-06,0.098972833656,2.16640947265,1
2021-04-07,0.0982561158745,1.99605881692,1
2021-04-08,0.0974846332491,2.25950405269,1
2021-04-09,0.0966941920137,2.14940519523,1
2021-04-12,0.0964419834709,2.0337675265,1
2021-04-13,0.0962604649702,1.98417743566,1
2021-04-14,0.0953651966707,1.7337427912,1
2021-04-15,0.095693566185,1.9773751705,1
2021-04-16,0.0954855566567,2.07800220275,1
2021-04-19,0.0956280006005,2.02612663178,1
2021-04-20,0.0958367413909,1.95359260599,1
2021-04-21,0.0949406055251,2.30780047344,1
2021-04-22,0.0953554697354,2.13985450768,1
2021-04-23,0.0956155553486,2.30362676809,1
2021-04-26,0.0955862691258,2.26680806497,1
2021-04-27,0.0955982940177,2.18877387188,1
2021-04-28,0.0941680390238,2.45259119445,1
2021-04-29,0.0941930487395,2.55470453455,1
2021-04-30,0.0890023493816,3.09736200224,1
2021-05-03,0.0888094252745,3.01730854967,1
2021-05-04,0.0882095984094,3.13079200771,1
2021-05-05,0.087767957857,2.99161029723,1
2021-05-06,0.0869267230942,2.89234135202,1
2021-05-07,0.0843625047201,2.69884601077,1
2021-05-10,0.0834988089338,2.27323959483,1
2021-05-11,0.0840557970838,2.13366198019,1
2021-05-12,0.086339358312,1.61597588238,1
2021-05-13,0.0869188239897,1.82577308757,1
2021-05-14,0.0877345071845,1.92873194362,1
2021-05-17,0.0875075473435,1.9888925491,1
2021-05-18,0.0872606213667,1.66835719326,1
2021-05-19,0.086769344097,1.45373445763,1
2021-05-20,0.0872486473829,1.68339169567,1
2021-05-21,0.086538488088,1.85625799214,1
2021-05-24,0.0868461828928,1.9205591571,1
2021-05-25,0.0866153077938,2.00607676331,1
2021-05-26,0.0865229298793,1.95184626677,1
2021-05-27,0.0856438783169,1.74792114463,1
2021-05-28,0.0856089142234,1.79907310878,1
2021-06-01,0.085598009971,1.72453474198,1
2021-06-02,0.0855051409819,1.8157026369,1
2021-06-03,0.0853963783552,1.61387143146,1
2021-06-04,0.0858904678458,1.75150917689,1
2021-06-07,0.0859177251945,1.71632484094,1
2021-06-08,0.0857796001063,1.64383071193,1
2021-06-09,0.0857669392071,1.65916174264,1
2021-06-10,0.0858552697716,1.69999888389,1
2021-06-11,0.0853323121397,1.86971120373,1
2021-06-14,0.0853338605302,1.85664380631,1
2021-06-15,0.0853544068423,1.84056068286,1
2021-06-16,0.0855358894699,1.7992395469,1
2021-06-17,0.084841031547,1.64241556298,1
2021-06-18,0.0855270159242,1.44705916072,1
2021-06-21,0.0859959375206,1.53299156634,1
2021-06-22,0.085978211869,1.67842173233,1
2021-06-23,0.0859150590172,1.71079865881,1
2021-06-24,0.086006994789,1.80511279382,1
2021-06-25,0.0860097155844,1.83004448024,1
2021-06-28,0.0859943964826,1.81963884719,1
2021-06-29,0.0857504991909,1.71837035536,1
2021-06-30,0.0857143566697,1.76271139578,1
2021-07-01,0.0857817742955,1.8083986595,1
2021-07-02,0.085963322243,1.8530553078,1
2021-07-06,0.0849049788655,2.08721862157,1
2021-07-07,0.0848508909226,2.06699949673,1
2021-07-08,0.0851615613034,1.9164993718,1
2021-07-09,0.0846528899813,1.84520091223,1
2021-07-12,0.0846073773237,1.81805887973,1
2021-07-13,0.0844096980679,1.86860754983,1
2021-07-14,0.0844369858538,1.91017537848,1
2021-07-15,0.0844234977641,1.81395249132,1
2021-07-16,0.0846628357429,1.75783758959,1
2021-07-19,0.0850503608727,1.68334755482,1
2021-07-20,0.0854559414852,1.74511973574,1
2021-07-21,0.0848351213738,1.64198974006,1
2021-07-22,0.0848586293874,1.69325129685,1
2021-07-23,0.0850860438821,1.87831890611,1
2021-07-26,0.0850017958554,1.82673486736,1
2021-07-27,0.0850397086874,1.80842364274,1
2021-07-28,0.0820945482424,2.23924437832,1
2021-07-29,0.0818978453515,2.16930581584,1
2021-07-30,0.0797844189262,2.48249343076,1
2021-08-02,0.0786362137713,2.24286405493,1
2021-08-03,0.0782200957459,2.18193356059,1
2021-08-04,0.0783928778457,2.10074087001,1
2021-08-05,0.0779938967958,2.01448773528,1
2021-08-06,0.0780034555484,1.9459407251,1
2021-08-09,0.0778268889122,1.79571214852,1
2021-08-10,0.0778190369828,1.8081547752,1
2021-08-11,0.0778350282898,1.85343718615,1
2021-08-12,0.0778531914279,1.88722001147,1
2021-08-13,0.0778714081024,1.89765993317,1
2021-08-16,0.077763136884,2.00472943344,1
2021-08-17,0.0780799712037,1.86376343973,1
2021-08-18,0.0785989369583,1.75529480636,1
2021-08-19,0.0785014515788,1.85686972404,1
2021-08-20,0.0781583315653,2.14292260251,1
2021-08-23,0.078425168951,2.24718473271,1
2021-08-24,0.0779871127939,2.10062398285,1
2021-08-25,0.0731053254303,2.75679123825,1
2021-08-26,0.0733642935463,2.64935037411,1
2021-08-27,0.0712113930777,2.507173746,1
2021-08-30,0.0708680389218,2.73432872493,1
2021-08-31,0.0694329783723,3.0186072428,1
2021-09-01,0.0681193532378,3.34003184914,1
2021-09-02,0.0667428279685,3.15831143845,1
2021-09-03,0.066333449157,3.29418171741,1
2021-09-07,0.0653061420223,2.93403931646,1
2021-09-08,0.0651204410135,2.80507451203,1
2021-09-09,0.0647523999056,2.59416947241,1
2021-09-10,0.0652834949739,2.44830662446,1
2021-09-13,0.0651408141604,2.3927403883,1
2021-09-14,0.0652415808838,2.34568558447,1
2021-09-15,0.0654477338496,2.41631806513,1
2021-09-16,0.0636139724945,2.75968412358,1
2021-09-17,0.0643303505752,2.56240410177,1
2021-09-20,0.0654562720556,2.06642944974,1
2021-09-21,0.0651748391405,2.17886293532,1
2021-09-22,0.0654328735063,2.42906380591,1
2021-09-23,0.0656494947247,2.48277403198,1
2021-09-24,0.064568914073,2.25304523205,1
2021-09-27,0.0646611918654,2.20936048575,1
2021-09-28,0.0677245043291,1.74340923456,1
2021-09-29,0.0676739317241,1.70792537713,1
2021-09-30,0.0677664760988,1.25748290786,1
2021-10-01,0.067869877014,1.27314813836,1
2021-10-04,0.0689036923318,0.9881022249,1
2021-10-05,0.0692523006957,1.13291983831,1
2021-10-06,0.0691545032638,1.10072089767,1
2021-10-07,0.0691694362465,1.10455694835,1
2021-10-08,0.0692482386556,1.04633113945,1
2021-10-11,0.0695624911648,0.810554005721,1
2021-10-12,0.0694590159588,0.879683963413,1
2021-10-13,0.0686928874715,0.744455765339,1
2021-10-14,0.0703032323458,1.0079642686,1
2021-10-15,0.0702604800056,1.20910761787,1
2021-10-18,0.0700156883987,1.36304895957,1
2021-10-19,0.0696931117038,1.29636274561,1
2021-10-20,0.0692255218302,1.52350632002,1
2021-10-21,0.0686970502752,1.3690615627,1
2021-10-22,0.0686953258094,1.34855203512,1
2021-10-25,0.0688095174482,1.48104272853,1
2021-10-26,0.0688152655714,1.51670175635,1
2021-10-27,0.0687178316419,1.37048951705,1
2021-10-28,0.0688540532637,1.63443791057,1
2021-10-29,0.0688441482961,1.62585742666,1
2021-11-01,0.0686390247409,1.74442837946,1
2021-11-02,0.0687432401779,1.82099307441,1
2021-11-03,0.0685518423015,1.76834560386,1
2021-11-04,0.0685408936979,1.76565821862,1
2021-11-05,0.067915857325,2.08651915024,1
2021-11-08,0.067218813716,2.28350241948,1
2021-11-09,0.0638656300631,2.81629200109,1
2021-11-10,0.06409524806,2.32069128508,1
2021-11-11,0.0626974533942,2.03452017114,1
2021-11-12,0.0628380542022,2.23542916923,1
2021-11-15,0.0622558962165,2.3936958758,1
2021-11-16,0.06216705822,2.53788814915,1
2021-11-17,0.0613614892964,2.29996985417,1
2021-11-18,0.0613965691138,2.3868891192,1
2021-11-19,0.060846893033,2.18793546536,1
2021-11-22,0.0611230316612,2.06800068561,1
2021-11-23,0.0611485367063,2.0081472671,1
2021-11-24,0.0612015482385,2.09424383672,1
2021-11-26,0.0632499153606,1.65245042929,1
2021-11-29,0.0640090800404,1.89341401188,1
2021-11-30,0.0660668878737,1.45625452113,1
2021-12-01,0.0666136526478,1.34278083108,1
2021-12-02,0.0670743930811,1.39275438157,1
2021-12-03,0.0673012596191,1.30827810362,1
2021-12-06,0.0677148472395,1.44096047765,1
2021-12-07,0.0696057560247,1.74544642687,1
2021-12-08,0.069468796998,1.66173209544,1
2021-12-09,0.0697747135498,1.51396335459,1
2021-12-10,0.0701816016932,1.66473433361,1
2021-12-13,0.0704521970933,1.56639666608,1
2021-12-14,0.0704972195731,1.55699269833,1
2021-12-15,0.0715511302501,1.76082744434,1
2021-12-16,0.0711529863788,1.83129422996,1
2021-12-17,0.0710767582662,1.45714514205,1
2021-12-20,0.0717224948652,1.14411263505,1
2021-12-21,0.0730765323996,1.43273852166,1
2021-12-22,0.0734184686811,1.5002658297,1
2021-12-23,0.073516440612,1.55187898985,1
2021-12-27,0.0744127400833,1.70706411682,1
2021-12-28,0.0744338594633,1.67432384902,1
2021-12-29,0.0744449003174,1.643439097,1
2021-12-30,0.0743825033048,1.53808469918,1
2021-12-31,0.0741148309343,1.35125419711,1
2022-01-03,0.0741160890789,1.37213194738,1
2022-01-04,0.0740482475117,1.2911767382,1
2022-01-05,0.0760629874835,1.03878655272,1
2022-01-06,0.0757936783492,0.882726156128,1
2022-01-07,0.0759579474534,0.740228715311,1
2022-01-10,0.0758465108621,0.786160563567,1
2022-01-11,0.0762517790263,0.88516812651,1
2022-01-12,0.0762408298415,0.958943586823,1
2022-01-13,0.0766742584353,0.889126819735,1
2022-01-14,0.076084317298,1.02279650407,1
2022-01-18,0.0776024082961,0.454139742692,1
2022-01-19,0.077844724955,0.226769606684,1
2022-01-20,0.0783219158443,0.00868363424024,1
2022-01-21,0.0791381591336,-0.390357822495,1
2022-01-24,0.0791726477853,-0.36886387967,1
2022-01-25,0.0798389767031,-0.508292281482,1
2022-01-26,0.0800128124291,-0.605793532127,1
2022-01-27,0.0799865757933,-0.688953759993,1
2022-01-28,0.0826158093344,-0.254461977774,1
2022-01-31,0.083935289397,0.00917921228227,1
2022-02-01,0.083810629467,-0.0192737372956,1
2022-02-02,0.0841489778592,0.200590305218,1
2022-02-03,0.0870038239092,-0.234891221586,1
2022-02-04,0.086997618908,-0.210649426181,1
2022-02-07,0.0870090458882,-0.218768092235,1
2022-02-08,0.0871652110001,-0.139068467667,1
2022-02-09,0.0880590135548,0.0253132477293,1
2022-02-10,0.0904097390733,-0.337265537859,1
2022-02-11,0.0912693739614,-0.592799367021,1
2022-02-14,0.0914227461862,-0.721309051425,1
2022-02-15,0.0921429467799,-0.428256077734,1
2022-02-16,0.0916899816602,-0.261761881154,1
2022-02-17,0.0932124823398,-0.549753115853,1
2022-02-18,0.0930319995849,-0.719178825936,1
2022-02-22,0.0931673638965,-0.979192663038,1
2022-02-23,0.0947016849276,-1.2314197483,1
2022-02-24,0.0957418975242,-1.02854096352,1
2022-02-25,0.0975848156092,-0.660729197047,1
2022-02-28,0.0971451546459,-0.771382503863,1
2022-03-01,0.0974665925643,-0.969166385968,1
2022-03-02,0.097887952285,-0.807523938315,1
2022-03-03,0.0979048581371,-0.850991172461,1
2022-03-04,0.0979352729426,-0.964965963954,1
2022-03-07,0.101845800293,-1.30704517856,1
2022-03-08,0.10206952103,-1.35480636932,1
2022-03-09,0.104422344433,-1.03353129182,1
2022-03-10,0.104616374236,-1.1014594442,1
2022-03-11,0.104883362211,-1.14105295811,1
2022-03-14,0.105410617488,-1.33057664262,1
2022-03-15,0.107370229457,-1.00085503381,1
2022-03-16,0.108978017423,-0.818900539221,1
2022-03-17,0.10962934107,-0.633171857374,1
2022-03-18,0.109842617942,-0.382051404859,1
2022-03-21,0.10922156806,-0.289152613902,1
2022-03-22,0.10957469692,-0.168573703279,1
2022-03-23,0.109623873329,-0.393105468047,1
2022-03-24,0.110032369869,-0.333052023364,1
2022-03-25,0.11003128014,-0.338039623184,1
2022-03-28,0.110252286334,-0.199223103845,1
2022-03-29,0.109317166315,0.223163000954,1
2022-03-30,0.109389089908,0.147514180041,1
2022-03-31,0.109781380324,0.102309711742,1
2022-04-01,0.109175828648,-0.0288694960436,1
2022-04-04,0.108829284736,0.218803723175,1
2022-04-05,0.109852897438,-0.0905469097204,1
2022-04-06,0.110240424493,-0.266060760506,1
2022-04-07,0.110128488519,-0.301459103549,1
2022-04-08,0.11021088916,-0.331135242897,1
2022-04-11,0.111281521826,-0.453634197065,1
2022-04-12,0.111287535659,-0.470316490221,1
2022-04-13,0.111740127269,-0.386539025566,1
2022-04-14,0.111637669642,-0.773466689168,1
2022-04-18,0.111502967901,-0.860364246594,1
2022-04-19,0.111982548697,-0.752825063504,1
2022-04-20,0.111889839413,-0.784593183826,1
2022-04-21,0.112896962995,-1.01353499898,1
2022-04-22,0.115265667913,-1.29875423868,1
2022-04-25,0.115649323033,-1.19182949238,1
2022-04-26,0.117546207659,-1.50410330629,1
2022-04-27,0.117518637705,-1.52638474429,1
2022-04-28,0.119491305825,-1.23155958418,1
2022-04-29,0.123845039896,-1.67220036301,1
2022-05-02,0.123848838352,-1.67201095729,1
2022-05-03,0.123985849061,-1.62248005294,1
2022-05-04,0.127574542202,-1.30044100151,1
2022-05-05,0.132230702482,-1.68284410746,1
2022-05-06,0.132189292104,-1.82601501169,1
2022-05-09,0.134030486627,-2.11362693513,1
2022-05-10,0.134125091753,-2.06848459279,1
2022-05-11,0.134472631561,-2.16675511537,1
2022-05-12,0.134167686472,-2.05704908857,1
2022-05-13,0.135463810986,-1.84925581169,1
2022-05-16,0.135247775485,-1.94189246865,1
2022-05-17,0.136116993691,-1.76407849877,1
2022-05-18,0.139405678893,-2.07644315066,1
2022-05-19,0.139418892914,-2.10489866112,1
2022-05-20,0.139379729942,-2.11825017912,1
2022-05-23,0.140183006448,-1.96739967983,1
2022-05-24,0.140135237835,-1.93402794138,1
2022-05-25,0.140577910054,-1.81915487212,1
2022-05-26,0.141571449065,-1.68127442201,1
2022-05-27,0.142667574616,-1.30490167841,1
2022-05-31,0.142373999476,-1.49723462338,1
2022-06-01,0.141854309537,-1.43831677223,1
2022-06-02,0.142730522779,-1.17046431465,1
2022-06-03,0.142747764438,-1.44612792786,1
2022-06-06,0.142687075108,-1.40560041848,1
2022-06-07,0.14284748067,-1.38039350017,1
2022-06-08,0.142101212438,-1.67001651363,1
2022-06-09,0.143436405582,-1.86849295658,1
2022-06-10,0.145988623653,-2.059722282,1
2022-06-13,0.150935599328,-2.45683796825,1
2022-06-14,0.150941548747,-2.45752030978,1
2022-06-15,0.152210868635,-2.20194869135,1
2022-06-16,0.153408912527,-2.54519161954,1
2022-06-17,0.153378935067,-2.46666455226,1
2022-06-21,0.154569855962,-2.2054659985,1
2022-06-22,0.15443970319,-2.08329293584,1
2022-06-23,0.154049000896,-2.12683760706,1
2022-06-24,0.15605507057,-1.95159470861,1
2022-06-27,0.155980520735,-2.04869786059,1
2022-06-28,0.156056409203,-2.31232754652,1
2022-06-29,0.15612107699,-2.27854009671,1
2022-06-30,0.156130317521,-2.31085904732,1
2022-07-01,0.156899865914,-2.16584347657,1
2022-07-05,0.156961687385,-2.12178812023,1
2022-07-06,0.156934145872,-2.14072418005,1
2022-07-07,0.157488018598,-2.02702481927,1
2022-07-08,0.156627168929,-1.90044941938,1
2022-07-11,0.156729694366,-1.95313827992,1
2022-07-12,0.15677854451,-1.96854371266,1
2022-07-13,0.156780534726,-1.97485427036,1
2022-07-14,0.156449392889,-2.09468813453,1
2022-07-15,0.157692667953,-1.93356903492,1
2022-07-18,0.157599124383,-1.91990824031,1
2022-07-19,0.159378293883,-1.67611720322,1
2022-07-20,0.1585815947,-1.47331989371,1
2022-07-21,0.159121750631,-1.28295440629,1
2022-07-22,0.158946565681,-1.23798416583,1
2022-07-25,0.15840497966,-1.12760592187,1
2022-07-26,0.158636932021,-1.24109077405,1
2022-07-27,0.160311487807,-0.921297633171,1
2022-07-28,0.160985045374,-0.740341257599,1
2022-07-29,0.161517766166,-0.608934844151,1
2022-08-01,0.16009927857,-0.805078355484,1
2022-08-02,0.159697431491,-1.03791462138,1
2022-08-03,0.160444690726,-0.941333152315,1
2022-08-04,0.160161265566,-1.01426196945,1
2022-08-05,0.158849189405,-0.893010439868,1
2022-08-08,0.158861512622,-0.883885325939,1
2022-08-09,0.158903721715,-0.903895371161,1
2022-08-10,0.160056070117,-0.772784173674,1
2022-08-11,0.159501696697,-0.915204234207,1
2022-08-12,0.159221462075,-0.583111117308,1
2022-08-15,0.158771201456,-0.43148403314,1
2022-08-16,0.158667423841,-0.368273878883,1
2022-08-17,0.158393815916,-0.565889007063,1
2022-08-18,0.158433901526,-0.547275780669,1
2022-08-19,0.158283067797,-0.534459105181,1
2022-08-22,0.159499600916,-0.674585554458,1
2022-08-23,0.159244083441,-0.608539327355,1
2022-08-24,0.158329380087,-0.445249540435,1
2022-08-25,0.158481811967,-0.430264891463,1
2022-08-26,0.160087606309,-0.861142768628,1
2022-08-29,0.160249026831,-0.951130068215,1
2022-08-30,0.16019962416,-0.943133806976,1
2022-08-31,0.160143802645,-1.10492957147,1
2022-09-01,0.160140070483,-1.08205229356,1
2022-09-02,0.160223823232,-1.10432920026,1
2022-09-06,0.158004929352,-0.943024200001,1
2022-09-07,0.159051928016,-0.69182220937,1
2022-09-08,0.15757692067,-0.856451718474,1
2022-09-09,0.158049672798,-0.673354295278,1
2022-09-12,0.157942664521,-0.502234162964,1
2022-09-13,0.162613956205,-0.737879633259,1
2022-09-14,0.161365214531,-0.883326889001,1
2022-09-15,0.160435882391,-1.15935756669,1
2022-09-16,0.160034765748,-1.3264077612,1
2022-09-19,0.159740480138,-1.3747080753,1
2022-09-20,0.160067115842,-1.42941565345,1
2022-09-21,0.160182845895,-1.61990455021,1
2022-09-22,0.16043435012,-1.65345968168,1
2022-09-23,0.160515600576,-1.89713942652,1
2022-09-26,0.161125482954,-2.02918770695,1
2022-09-27,0.160877176522,-2.13794119936,1
2022-09-28,0.162521950543,-2.00885653548,1
2022-09-29,0.163591124267,-2.1382687709,1
2022-09-30,0.163622507403,-2.14147150674,1
2022-10-03,0.166047651466,-1.89810805564,1
2022-10-04,0.168388676882,-1.7018190883,1
2022-10-05,0.167750737578,-1.61111890885,1
2022-10-06,0.167810834209,-1.61982388201,1
2022-10-07,0.169663135253,-1.85129111423,1
2022-10-10,0.169788421354,-1.88367263757,1
2022-10-11,0.169123370835,-1.78999428073,1
2022-10-12,0.169124729028,-1.79810491563,1
2022-10-13,0.170113770769,-1.7072381301,1
2022-10-14,0.170867542106,-1.76075345528,1
2022-10-17,0.172624650801,-1.54257412737,1
2022-10-18,0.172678660323,-1.53577397595,1
2022-10-19,0.172892277775,-1.64390806038,1
2022-10-20,0.172531053359,-1.60411939345,1
2022-10-21,0.172581582788,-1.23029018395,1
2022-10-24,0.172649769442,-1.22057730184,1
2022-10-25,0.172468227725,-0.879151856536,1
2022-10-26,0.172500872826,-0.912927462501,1
2022-10-27,0.171131709969,-1.1074345688,1
2022-10-28,0.168939293047,-0.672363449689,1
2022-10-31,0.169093401134,-0.754648896073,1
2022-11-01,0.169007506137,-0.821975847816,1
2022-11-02,0.167611670201,-1.2654902688,1
2022-11-03,0.164180513937,-1.0747758701,1
2022-11-04,0.16454784884,-0.905201050595,1
2022-11-07,0.162955944571,-0.648581482562,1
2022-11-08,0.163074207516,-0.619538356524,1
2022-11-09,0.163548081567,-0.666993302734,1
2022-11-10,0.173865937165,-0.153382137556,1
2022-11-11,0.173174279155,-0.231010625056,1
2022-11-14,0.173383104155,-0.285682651473,1
2022-11-15,0.173188986516,-0.307144506387,1
2022-11-16,0.170278904477,-0.074351909862,1
2022-11-17,0.170314381287,-0.0858730473971,1
2022-11-18,0.170328043332,-0.0783685277743,1
2022-11-21,0.169822271284,-0.219410093707,1
2022-11-22,0.17042510423,-0.0840876801036,1
2022-11-23,0.170369337941,-0.0926174357985,1
2022-11-25,0.16959773211,-0.228447367692,1
2022-11-28,0.168803146321,-0.532028974163,1
2022-11-29,0.168641858206,-0.489814392508,1
2022-11-30,0.171312991678,-0.149520351564,1
2022-12-01,0.170514313301,-0.256910162456,1
2022-12-02,0.169864987612,-0.122100822477,1
2022-12-05,0.171000266336,-0.276840667933,1
2022-12-06,0.170980539799,-0.448827245081,1
2022-12-07,0.170648877062,-0.322971160878,1
2022-12-08,0.169440120172,-0.111206532376,1
2022-12-09,0.167211464004,0.0497596765336,1
2022-12-12,0.16234212515,0.516563057935,1
2022-12-13,0.162489591226,0.656695853269,1
2022-12-14,0.161584511273,0.464010532842,1
2022-12-15,0.160639071935,0.523437842167,1
2022-12-16,0.161075123752,0.407641551319,1
2022-12-19,0.160448190735,0.155309152408,1
2022-12-20,0.160445102452,0.0995701371455,1
2022-12-21,0.160706751701,0.129800701505,1
2022-12-22,0.159149889914,-0.201734708402,1
2022-12-23,0.159070278571,-0.124904399878,1
2022-12-27,0.158336909245,-0.0433722854927,1
2022-12-28,0.158726101437,-0.168293189817,1
2022-12-29,0.159591890148,0.020238450861,1
2022-12-30,0.159088977969,-0.144567051587,1
2023-01-03,0.159066217008,-0.169246095569,1
2023-01-04,0.159360045601,-0.0746988968568,1
2023-01-05,0.159262760607,-0.266869861906,1
2023-01-06,0.161301599415,-0.0147182175152,1
2023-01-09,0.161134285647,0.0569773105867,1
2023-01-10,0.161021882615,0.149784956012,1
2023-01-11,0.161605018522,0.29493815255,1
2023-01-12,0.161683977524,0.392831717252,1
2023-01-13,0.160671579403,0.244230119551,1
2023-01-17,0.160432438664,0.29923331574,1
2023-01-18,0.159126864812,0.0336129126235,1
2023-01-19,0.159228069156,-0.0779399473206,1
2023-01-20,0.159230906649,-0.0776408666745,1
2023-01-23,0.159426968253,0.0323039531011,1
2023-01-24,0.159428745775,0.0561611872386,1
2023-01-25,0.159083382418,0.156337909417,1
2023-01-26,0.157472171142,0.0170202574863,1
2023-01-27,0.156783070509,-0.105749881359,1
2023-01-30,0.156741726402,-0.332195992395,1
2023-01-31,0.157464085455,-0.189217156007,1
2023-02-01,0.157585476361,0.0302245187514,1
2023-02-02,0.157324797517,0.00463347194082,1
2023-02-03,0.157997354056,-0.131787611519,1
2023-02-06,0.15802754043,-0.138418001612,1
2023-02-07,0.158349131656,-0.0597600238628,1
2023-02-08,0.158516445012,-0.0949254329791,1
2023-02-09,0.157601868362,-0.355064937635,1
2023-02-10,0.157577668151,-0.332715005442,1
2023-02-13,0.157079637286,-0.383102239462,1
2023-02-14,0.157028804539,-0.441512149141,1
2023-02-15,0.157037028785,-0.434191829776,1
2023-02-16,0.157387470006,-0.475989942422,1
2023-02-17,0.157336473663,-0.516775187689,1
2023-02-21,0.15815656527,-0.577817206707,1
2023-02-22,0.1568697982,-0.394527358487,1
2023-02-23,0.15700198859,-0.314529409779,1
2023-02-24,0.157463877469,-0.435592615012,1
2023-02-27,0.156749788737,-0.540143219512,1
2023-02-28,0.153856103904,-0.30160543062,1
2023-03-01,0.153767840449,-0.283377501175,1
2023-03-02,0.153627257602,-0.154267986187,1
2023-03-03,0.154389750634,0.0989470422289,1
2023-03-06,0.154392920315,0.0884963158304,1
2023-03-07,0.154852561355,0.0283638084298,1
2023-03-08,0.154607277316,0.115846785596,1
2023-03-09,0.154039285134,-0.184935660033,1
2023-03-10,0.154088519696,-0.270090360938,1
2023-03-13,0.153546031646,-0.362526355948,1
2023-03-14,0.153668545283,-0.342829829495,1
2023-03-15,0.148172112727,0.0363201994579,1
2023-03-16,0.148626971997,0.115877010437,1
2023-03-17,0.148313797925,0.164808168848,1
2023-03-20,0.148238805807,0.283291673526,1
2023-03-21,0.14841337424,0.318741755061,1
2023-03-22,0.148165764222,0.350893839278,1
2023-03-23,0.147586254892,0.511296299629,1
2023-03-24,0.147053030901,0.701998402859,1
2023-03-27,0.146209388815,0.812642845443,1
2023-03-28,0.145307732405,0.945269576352,1
2023-03-29,0.145698094142,1.11288650495,1
2023-03-30,0.143625613196,0.930336811143,1
2023-03-31,0.142655030377,1.28553155737,1
2023-04-03,0.141877874134,1.48966706077,1
2023-04-04,0.139617102953,1.21946685314,1
2023-04-05,0.136994674069,0.953026002699,1
2023-04-06,0.136884523423,1.03323240866,1
2023-04-10,0.136413568687,1.11721466421,1
2023-04-11,0.133501415154,1.43169764954,1
2023-04-12,0.133165711975,1.5033288743,1
2023-04-13,0.133371269389,1.67069125089,1
2023-04-14,0.133465568619,1.64272220519,1
2023-04-17,0.132066905762,1.44168738184,1
2023-04-18,0.129887232587,1.72546354436,1
2023-04-19,0.128065165623,1.4868405384,1
2023-04-20,0.127722773908,1.34581296578,1
2023-04-21,0.127161506702,1.46919529751,1
2023-04-24,0.1266244152,1.62613650412,1
2023-04-25,0.125429963653,1.28462709808,1
2023-04-26,0.125289386843,1.11266821644,1
2023-04-27,0.124701829933,1.06667063864,1
2023-04-28,0.124941527646,1.22658739687,1
2023-05-01,0.125140384402,1.16937915081,1
2023-05-02,0.123870082231,0.916261850215,1
2023-05-03,0.123613119588,0.975805306288,1
2023-05-04,0.123782974108,0.931265067702,1
2023-05-05,0.122249357237,1.35724295005,1
2023-05-08,0.12173545518,1.45212810704,1
2023-05-09,0.121352190402,1.26790835024,1
2023-05-10,0.121420510172,1.28497514613,1
2023-05-11,0.121272047162,1.20813878446,1
2023-05-12,0.120067133673,1.36717506694,1
2023-05-15,0.10517373426,0.792718385811,1
2023-05-16,0.105186635876,0.59398264234,1
2023-05-17,0.105139766342,0.840949005516,1
2023-05-18,0.1046938949,0.765178884785,1
2023-05-19,0.104676567254,0.772591133508,1
2023-05-22,0.104530393496,0.836494814711,1
2023-05-23,0.104935717552,0.67193484307,1
2023-05-24,0.105175093302,0.616778264234,1
2023-05-25,0.104356207953,0.498593179005,1
2023-05-26,0.1046160347,0.534879205165,1
2023-05-30,0.104677216013,0.588131815842,1
2023-05-31,0.103635178728,0.756868137822,1
2023-06-01,0.103963418857,0.934742812661,1
2023-06-02,0.0997163570187,0.66503568224,1
2023-06-05,0.0996763430307,0.582295548617,1
2023-06-06,0.0996943682098,0.598891999222,1
2023-06-07,0.0978238281577,0.811616110245,1
2023-06-08,0.0974788493369,1.08434625995,1
2023-06-09,0.097432719914,1.03431185151,1
2023-06-12,0.0976809786604,1.08685442478,1
2023-06-13,0.0971446165387,1.27820026727,1
2023-06-14,0.0964694863784,1.13328497092,1
2023-06-15,0.0969951032856,1.19034804031,1
2023-06-16,0.0970250032666,1.1818569888,1
2023-06-20,0.0949152478911,1.4454510846,1
2023-06-21,0.0942218161019,1.57293885808,1
2023-06-22,0.0935013685953,1.7516131016,1
2023-06-23,0.0936090572911,1.71886562647,1
2023-06-26,0.0927648025496,1.47570039658,1
2023-06-27,0.0921361307496,1.79825517307,1
2023-06-28,0.0921261311703,1.78814317456,1
2023-06-29,0.0917441462234,1.9016449126,1
2023-06-30,0.0914645407032,2.26042274753,1
2023-07-03,0.0900681253013,2.03037604698,1
2023-07-05,0.089998667417,2.04826797412,1
2023-07-06,0.0907181096552,1.87711294013,1
2023-07-07,0.0903523807231,1.70172966222,1
2023-07-10,0.0896928125737,1.93043647443,1
2023-07-11,0.086413032119,1.69361725632,1
2023-07-12,0.0870484419747,1.85393030554,1
2023-07-13,0.0874959053488,1.9489750024,1
2023-07-14,0.0865838495413,1.68465024539,1
2023-07-17,0.0863984328872,1.62749747492,1
2023-07-18,0.0865983240305,1.71424501998,1
2023-07-19,0.0865657061885,1.81972909729,1
2023-07-20,0.0866304170041,1.80858922336,1
2023-07-21,0.0862128834086,1.94609354721,1
2023-07-24,0.0853255370606,1.78767294451,1
2023-07-25,0.0849603172888,1.67917471055,1
2023-07-26,0.0849645145502,1.6861793476,1
2023-07-27,0.0857225822017,1.48271712381,1
2023-07-28,0.0859373295098,1.51363920133,1
2023-07-31,0.0859494990814,1.53020207635,1
2023-08-01,0.0852179189949,1.64823860299,1
2023-08-02,0.0851892087183,1.18371857614,1
2023-08-03,0.0845497109793,0.870220088669,1
2023-08-04,0.0836149387026,0.675220506317,1
2023-08-07,0.0825459476104,1.05690562674,1
2023-08-08,0.0821106303219,1.16843269965,1
2023-08-09,0.0817511882232,0.907244280504,1
2023-08-10,0.0813329069669,1.0015676738,1
2023-08-11,0.0807371262328,1.13725209471,1
2023-08-14,0.0808099684398,1.21576599615,1
2023-08-15,0.0809248352653,0.812740421416,1
2023-08-16,0.0812740603975,0.719133126421,1
2023-08-17,0.081603133355,0.565291071135,1
2023-08-18,0.0802881454817,0.853100737032,1
2023-08-21,0.0803031350943,0.90975483885,1
2023-08-22,0.0769442391248,1.33541049999,1
2023-08-23,0.0782340893141,1.57556939409,1
2023-08-24,0.0792161074603,1.20775160813,1
2023-08-25,0.0782774146009,1.54472383688,1
2023-08-28,0.0784266951267,1.58848351426,1
2023-08-29,0.0797479985165,1.89983943459,1
2023-08-30,0.0794238992055,2.08083363655,1
2023-08-31,0.079313188443,1.97967836204,1
2023-09-01,0.0774481973835,1.67174882811,1
2023-09-05,0.0778009524596,1.55445664225,1
2023-09-06,0.076719068181,1.71689666914,1
2023-09-07,0.0767371761175,1.68659957024,1
2023-09-08,0.0753318771565,2.00413154212,1
2023-09-11,0.0751475594742,2.20278234706,1
2023-09-12,0.0753103148295,2.05279041823,1
2023-09-13,0.0747223753798,1.90774747459,1
2023-09-14,0.0749310764334,2.01645057705,1
2023-09-15,0.0750756069717,1.56284597598,1
2023-09-18,0.074743296191,1.71022901183,1
2023-09-19,0.0747002680864,1.54125513439,1
2023-09-20,0.0747189195775,1.21233772146,1
2023-09-21,0.0763748252041,1.02157596013,1
2023-09-22,0.0763107859883,0.964813698159,1
2023-09-25,0.0760899794015,0.82528083045,1
2023-09-26,0.0771231928118,0.662275867774,1
2023-09-27,0.077086559994,0.682176509862,1
2023-09-28,0.076303223336,0.571332887329,1
2023-09-29,0.0761759829688,0.420496806704,1
2023-10-02,0.0749161830966,0.0649740072426,1
2023-10-03,0.0763779470609,-0.331343878762,1
2023-10-04,0.0770078417356,-0.0940252603464,1
2023-10-05,0.0770070208727,-0.0879671200422,1
2023-10-06,0.0773531351272,0.00523527843211,1
2023-10-09,0.078085842338,0.266070214406,1
2023-10-10,0.0781708146416,0.325805469917,1
2023-10-11,0.0783258495357,0.484936354765,1
2023-10-12,0.0782594670125,0.104901587441,1
2023-10-13,0.0781236205717,0.159444946393,1
2023-10-16,0.078326168026,0.260011533552,1
2023-10-17,0.07843459132,0.162038701155,1
2023-10-18,0.07970260138,-0.0718499505494,1
2023-10-19,0.0802644855866,-0.204045508083,1
2023-10-20,0.0807111752895,-0.34605995673,1
2023-10-23,0.0806529909464,-0.387594830548,1
2023-10-24,0.080468045033,-0.0647355154715,1
2023-10-25,0.0819382278762,-0.248397137479,1
2023-10-26,0.0808172253291,-0.619752162681,1
2023-10-27,0.0802316773012,-0.873807191312,1
2023-10-30,0.0804667615854,-0.602979963255,1
2023-10-31,0.0805302287985,-0.445118934119,1
2023-11-01,0.0819207088666,-0.117017140416,1
2023-11-02,0.0839527995258,0.329112201468,1
2023-11-03,0.0835995794733,0.289600961877,1
2023-11-06,0.0835455696278,0.325337175753,1
2023-11-07,0.083579782297,0.488383080245,1
2023-11-08,0.0832862945796,0.403336090051,1
2023-11-09,0.0840959014282,0.204346903412,1
2023-11-10,0.0851998290105,0.516749007766,1
2023-11-13,0.0852012661539,0.477695661915,1
2023-11-14,0.0880066245976,0.954532738576,1
2023-11-15,0.0875849416333,0.781774921802,1
2023-11-16,0.0875128551341,0.758979812231,1
2023-11-17,0.0874771773842,0.834868522401,1
2023-11-20,0.0877526027838,0.956156274839,1
2023-11-21,0.0872471689372,1.08565606823,1
2023-11-22,0.0869082962107,1.27622852672,1
2023-11-24,0.0868303450169,1.15784602725,1
2023-11-27,0.0861480513367,1.00120022261,1
2023-11-28,0.0861203470391,0.992508923465,1
2023-11-29,0.0860675927003,1.072517256,1
2023-11-30,0.0855768729989,0.942554969783,1
2023-12-01,0.0856462584234,0.952550656441,1
2023-12-04,0.0859182650925,0.868409837305,1
2023-12-05,0.0859492948823,0.88527964288,1
2023-12-06,0.0857400576431,0.953013096734,1
2023-12-07,0.0856167536458,0.92898361676,1
2023-12-08,0.085616388455,0.938076705907,1
2023-12-11,0.0852664523417,0.852541058782,1
2023-12-12,0.0853785911157,0.892904578463,1
2023-12-13,0.0873067158951,1.15296131119,1
2023-12-14,0.0864424864609,1.04569607643,1
2023-12-15,0.0863435096104,1.07907057137,1
2023-12-18,0.0862949598793,1.19786618023,1
2023-12-19,0.0863438032954,1.35107002448,1
2023-12-20,0.0869856444473,1.17794594131,1
2023-12-21,0.0871061295255,1.38555263808,1
2023-12-22,0.0870296435851,1.45127527692,1
2023-12-26,0.0867904025808,1.39304773469,1
2023-12-27,0.0868889654755,1.44107149223,1
2023-12-28,0.0868899984652,1.44020472494,1
2023-12-29,0.0863243548578,1.20302485149,1
2024-01-02,0.0867056220683,1.069399886,1
2024-01-03,0.0868978550225,1.02224409659,1
2024-01-04,0.0863871311231,1.11491805436,1
2024-01-05,0.0863490647015,1.14583862613,1
2024-01-08,0.087357176881,1.3029086068,1
2024-01-09,0.0871813251256,1.17515727622,1
2024-01-10,0.0865617494726,1.05749433985,1
2024-01-11,0.0860446219997,0.941438105193,1
2024-01-12,0.0859658748472,1.02195192944,1
2024-01-16,0.0862767200418,0.837604712358,1
2024-01-17,0.0863085685308,0.623041845387,1
2024-01-18,0.0865051257447,0.677834733193,1
2024-01-19,0.0866354031,0.992462766791,1
2024-01-22,0.0866641492637,1.02942464155,1
2024-01-23,0.086638282664,1.00543034824,1
2024-01-24,0.0866357181512,0.972606772917,1
2024-01-25,0.0868757478716,1.05485223456,1
2024-01-26,0.0861883927396,1.20682013463,1
2024-01-29,0.0860236073119,1.18139367586,1
2024-01-30,0.0860082375539,1.15248460656,1
2024-01-31,0.0866062071931,1.05638079729,1
2024-02-01,0.0865661818177,1.50649698196,1
2024-02-02,0.0863170875047,1.67485431219,1
2024-02-05,0.0867479667901,1.52402995979,1
2024-02-06,0.0866138569593,1.49498135206,1
2024-02-07,0.0867078635019,1.62901288477,1
2024-02-08,0.0865179113644,1.69628986324,1
2024-02-09,0.0864909898263,1.83142389112,1
2024-02-12,0.0864377162079,1.86281306841,1
2024-02-13,0.0882229920614,1.48771272772,1
2024-02-14,0.0878546533881,1.84262844081,1
2024-02-15,0.0876459814329,2.08585944649,1
2024-02-16,0.0875621851243,2.10318352932,1
2024-02-20,0.0877259026077,1.9999255045,1
2024-02-21,0.0877354668367,1.94699389228,1
2024-02-22,0.0893652099291,2.22748734518,1
2024-02-23,0.0883182445476,2.05837333025,1
2024-02-26,0.0873480175918,2.21768631439,1
2024-02-27,0.0872390878124,2.14504665266,1
2024-02-28,0.0870762813101,2.04324165484,1
2024-02-29,0.0858524878356,1.87760898459,1
2024-03-01,0.0863755581981,1.9891542019,1
2024-03-04,0.0864290602745,1.95437129382,1
2024-03-05,0.0866371495003,1.88406885919,1
2024-03-06,0.0863787462247,2.08828871794,1
2024-03-07,0.0864706329128,2.345019991,1
2024-03-08,0.0866421827416,2.27920791925,1
2024-03-11,0.086679883144,2.22778475253,1
2024-03-12,0.086841144738,2.27054506832,1
2024-03-13,0.086727587347,2.30778023758,1
2024-03-14,0.0869681394596,2.18641946662,1
2024-03-15,0.087086338465,1.98186947288,1
2024-03-18,0.0862163552809,2.26158046503,1
2024-03-19,0.0863564095222,2.33886078878,1
2024-03-20,0.0865766183091,2.53621117556,1
2024-03-21,0.0860736184845,2.73646577949,1
2024-03-22,0.0838676526218,3.11114065671,1
2024-03-25,0.0840086089137,3.03691944879,1
2024-03-26,0.0840077003494,3.04020311914,1
2024-03-27,0.0830275452377,3.45176315546,1
2024-03-28,0.0829969707002,3.46734272767,1
2024-04-01,0.083169582334,3.24937458197,1
2024-04-02,0.0833959598038,3.18611247372,1
2024-04-03,0.0831804483046,3.2929602373,1
2024-04-04,0.082012403915,3.45688002578,1
2024-04-05,0.081683346761,3.39834727253,1
2024-04-08,0.0816854364712,3.3937212805,1
2024-04-09,0.0814576405534,3.31765338278,1
2024-04-10,0.0826069154147,2.81989211622,1
2024-04-11,0.0827277362656,2.86065068003,1
2024-04-12,0.0834739286947,2.55194517868,1
2024-04-15,0.0841130998569,2.46222996725,1
2024-04-16,0.0841724017468,2.43848025414,1
2024-04-17,0.0841236272793,2.30543274209,1
2024-04-18,0.0840819545644,2.31846059221,1
2024-04-19,0.0830605703896,2.47088102776,1
2024-04-22,0.0826031319752,2.7847421645,1
2024-04-23,0.082570661166,3.12122431363,1
2024-04-24,0.0826391738402,3.07620633806,1
2024-04-25,0.0825897285784,2.85203884885,1
2024-04-26,0.0809775217721,3.35517528437,1
2024-04-29,0.0806398726638,3.55923431436,1
2024-04-30,0.0823118550092,3.2861920072,1
2024-05-01,0.0820408029266,3.13826762018,1
2024-05-02,0.0824590302943,3.21777872467,1
2024-05-03,0.0821664472016,3.19706942541,1
2024-05-06,0.080496221453,3.07789239205,1
2024-05-07,0.0799037768162,2.9400388777,1
2024-05-08,0.0799111302623,2.93832870661,1
2024-05-09,0.0799414218474,2.94716730045,1
2024-05-10,0.0799475310183,2.90150479401,1
2024-05-13,0.0789144838066,3.14660060387,1
2024-05-14,0.0778988963923,3.02064321869,1
2024-05-15,0.0789195775474,3.2563147861,1
2024-05-16,0.0758095680398,2.90495831879,1
2024-05-17,0.075774911482,2.92632596682,1
2024-05-20,0.0757299461408,2.85799298039,1
2024-05-21,0.0757470254089,2.8753789555,1
2024-05-22,0.0756225926565,2.68328566265,1
2024-05-23,0.0761260211478,2.54447480212,1
2024-05-24,0.076253150671,2.58607506972,1
2024-05-28,0.076251725756,2.58368004472,1
2024-05-29,0.0768267512464,2.38862509028,1
2024-05-30,0.0769153494275,2.26815816263,1
2024-05-31,0.0773807872347,2.3918390702,1
2024-06-03,0.0774334268472,2.43276477557,1
2024-06-04,0.0769507358947,2.3206030296,1
2024-06-05,0.0772916433329,2.6504559808,1
2024-06-06,0.0772636979713,2.58871642373,1
2024-06-07,0.0775385507802,2.50559753145,1
2024-06-10,0.0773532770546,2.42780867484,1
2024-06-11,0.0774029302125,2.48449733908,1
2024-06-12,0.0778374370112,2.58780534693,1
2024-06-13,0.0777862688867,2.57071212196,1
2024-06-14,0.075743283505,2.30979370844,1
2024-06-17,0.0755797565604,2.26582868285,1
2024-06-18,0.0755456899979,2.39554915553,1
2024-06-20,0.0756318031813,2.26454689819,1
2024-06-21,0.0755072896869,2.13811867828,1
2024-06-24,0.0747955999311,2.29616745204,1
2024-06-25,0.0745037706639,2.21518139327,1
2024-06-26,0.0745449775592,2.1683353282,1
2024-06-27,0.0744617769716,2.12796220538,1
2024-06-28,0.0746830437215,1.90953002151,1
2024-07-01,0.074691146811,1.90058675261,1
2024-07-02,0.0748517170828,2.10644613451,1
2024-07-03,0.0745905516253,2.38892412409,1
2024-07-05,0.0744704639212,2.66433896236,1
2024-07-08,0.0742034429392,2.78851325869,1
2024-07-09,0.0741956333894,2.79784979887,1
2024-07-10,0.0734555057153,2.72732778386,1
2024-07-11,0.0736318152792,2.66173297339,1
2024-07-12,0.0738101426942,2.71628625545,1
2024-07-15,0.0737976692668,2.66723859083,1
2024-07-16,0.0740507729824,2.76735237096,1
2024-07-17,0.074663344321,2.67016940895,1
2024-07-18,0.0748658462934,2.62923781209,1
2024-07-19,0.0750565362521,2.36258980234,1
2024-07-22,0.0747946040554,2.32528229033,1
2024-07-23,0.0748144657132,2.24772890578,1
2024-07-24,0.0779816853522,1.75650412646,1
2024-07-25,0.0780596499101,1.70964745781,1
2024-07-26,0.0785233802277,1.77641337296,1
2024-07-29,0.0784810210623,1.83116424393,1
2024-07-30,0.0781864031182,1.61112430817,1
2024-07-31,0.0797856351377,1.86788466274,1
2024-08-01,0.0794940600358,1.91032602201,1
2024-08-02,0.0790156734483,1.4958048963,1
2024-08-05,0.0830129704288,0.933454548225,1
2024-08-06,0.0826692030658,1.14252643623,1
2024-08-07,0.0829095197316,0.922524592603,1
2024-08-08,0.0846342570159,1.1101166635,1
2024-08-09,0.0847633512974,1.22590976279,1
2024-08-12,0.0846654909647,1.16833910214,1
2024-08-13,0.0860584679605,1.42103595135,1
2024-08-14,0.0842202399213,1.79828801302,1
2024-08-15,0.0844431914043,1.82405207926,1
2024-08-16,0.0842379425134,1.76151064646,1
2024-08-19,0.084300606069,2.00621492605,1
2024-08-20,0.0841348415376,2.09032896281,1
2024-08-21,0.084160699382,2.17129903803,1
2024-08-22,0.0829650628777,1.7379669513,1
2024-08-23,0.0836384796071,1.8762262883,1
2024-08-26,0.0835408804761,1.90926298545,1
2024-08-27,0.0835414451242,1.91702497166,1
2024-08-28,0.0837852758336,1.82070717371,1
2024-08-29,0.083743921908,1.74287254038,1
2024-08-30,0.0833699986634,1.68391133214,1
2024-09-03,0.0848729261141,1.43582512504,1
2024-09-04,0.0846424317905,1.54232271197,1
2024-09-05,0.0845427550481,1.44819472414,1
2024-09-06,0.0852678798975,1.05343420336,1
2024-09-09,0.085645462783,1.29074341242,1
2024-09-10,0.0857465065127,1.40352670727,1
2024-09-11,0.0858171009446,1.41598217366,1
2024-09-12,0.0859538258964,1.56146754499,1
2024-09-13,0.0858598893743,1.74187332581,1
2024-09-16,0.0855959336997,1.88485639699,1
2024-09-17,0.085533830794,1.8115051391,1
2024-09-18,0.0855368838464,1.6394452658,1
2024-09-19,0.0862421306743,1.7165065435,1
2024-09-20,0.0862601083691,1.63098976669,1
2024-09-23,0.0862627257691,1.6573593837,1
2024-09-24,0.0861833794986,1.76989273078,1
2024-09-25,0.0863062049934,1.71784502178,1
2024-09-26,0.0859631554952,1.63440725983,1
2024-09-27,0.0859469686323,1.65433157664,1
2024-09-30,0.0857075580723,1.78813184426,1
2024-10-01,0.0857434688875,1.78018639513,1
2024-10-02,0.0857613739666,1.74527240793,1
2024-10-03,0.0853134651787,1.83960794332,1
2024-10-04,0.0852234621291,1.81030247761,1
2024-10-07,0.0858762014952,1.63863072767,1
2024-10-08,0.0862375448547,1.73188950348,1
2024-10-09,0.0847415802092,2.09150647317,1
2024-10-10,0.0846158334507,1.95520979205,1
2024-10-11,0.0838924571055,2.24105618737,1
2024-10-14,0.0826502348594,2.62716480593,1
2024-10-15,0.0827345330488,2.60157253035,1
2024-10-16,0.0827106599615,2.71847470816,1
2024-10-17,0.082672668689,2.73190173064,1
2024-10-18,0.0822994326932,2.923226833,1
2024-10-21,0.0822987080951,2.6942536757,1
2024-10-22,0.0817193819258,2.51447100437,1
2024-10-23,0.0823403638332,2.36865346009,1
2024-10-24,0.0821331355059,2.50781994068,1
2024-10-25,0.0817804814757,2.33457810437,1
2024-10-28,0.0817049143301,2.28562805669,1
2024-10-29,0.0799190298226,2.64972749713,1
2024-10-30,0.0800192556133,2.60308647881,1
2024-10-31,0.0815515701137,2.07721373203,1
2024-11-01,0.0805948290108,1.89106412481,1
2024-11-04,0.0801657692844,1.74809400722,1
2024-11-05,0.08086447,1.89822750124,1
2024-11-06,0.0823521122229,2.16892895736,1
2024-11-07,0.0827854716422,2.24074521469,1
2024-11-08,0.082851519452,2.31964846057,1
2024-11-11,0.0828633715327,2.30535139586,1
2024-11-12,0.0830502112682,2.10775291668,1
2024-11-13,0.0819762669021,1.89396792236,1
2024-11-14,0.0821863339973,1.83102940416,1
2024-11-15,0.083036893353,1.63455493663,1
2024-11-18,0.0830956744119,1.69380643012,1
2024-11-19,0.0831209376687,1.70672950451,1
2024-11-20,0.0830282511039,1.75783519757,1
2024-11-21,0.0826233248504,1.97448620422,1
2024-11-22,0.0824765929597,1.9221331543,1
2024-11-25,0.0827077621596,2.08688448535,1
2024-11-26,0.0822185054711,2.30237008912,1
2024-11-27,0.0821358225086,2.33975716121,1
2024-11-29,0.0819462780206,2.30804968359,1
2024-12-02,0.0818968061445,2.26733627456,1
2024-12-03,0.0818962868543,2.20376473404,1
2024-12-04,0.0814093090815,2.13505799029,1
2024-12-05,0.0814386984677,2.10925986657,1
2024-12-06,0.0811517233594,2.27705658106,1
2024-12-09,0.0814607426558,2.12595362563,1
2024-12-10,0.081526683831,1.99787688508,1
2024-12-11,0.081172223184,1.92941008501,1
2024-12-12,0.0814516602535,1.72852113063,1
2024-12-13,0.0815138366941,1.6686131462,1
2024-12-16,0.0814852827867,1.65806675737,1
2024-12-17,0.0815337359285,1.52383784116,1
2024-12-18,0.0869585079596,1.00156423681,1
2024-12-19,0.0869733109427,0.991055455097,1
2024-12-20,0.0876245215632,1.21218023901,1
2024-12-23,0.0876272211972,1.21120025712,1
2024-12-24,0.0881012779403,1.3897981935,1
2024-12-26,0.0880894335806,1.3597999156,1
2024-12-27,0.0884995987631,1.28903281298,1
2024-12-30,0.0888630630573,1.18370988429,1
2024-12-31,0.0887018378941,1.00467821963,1
2025-01-02,0.0885176527204,0.8641527726,1
2025-01-03,0.0887335912529,0.899479972896,1
2025-01-06,0.0888120718429,0.949356295542,1
2025-01-07,0.0896484101799,0.752274207126,1
2025-01-08,0.0892495786992,0.643070849591,1
2025-01-10,0.0906509980953,0.449823991247,1
2025-01-13,0.0904101672938,0.352905216842,1
2025-01-14,0.0904162773504,0.370259047234,1
2025-01-15,0.0923528453565,0.56155778237,1
2025-01-16,0.0915671674942,0.738190665159,1
2025-01-17,0.0915102705882,0.995397034123,1
2025-01-21,0.091648504978,1.24430314908,1
2025-01-22,0.09136081468,1.17357769816,1
2025-01-23,0.0913872495123,1.25321086674,1
2025-01-24,0.0887674889497,1.59787528123,1
2025-01-27,0.0892560364124,1.48653712284,1
2025-01-28,0.0888465068583,1.42544877741,1
2025-01-29,0.0889854257825,1.33651942721,1
2025-01-30,0.0889901074494,1.48045600045,1
2025-01-31,0.0877762525844,1.13998396135,1
2025-02-03,0.0873766782739,1.21201697961,1
2025-02-04,0.0869760752633,1.48080564385,1
2025-02-05,0.0832015393495,2.08332913409,1
2025-02-06,0.083155225881,2.05465926223,1
2025-02-07,0.0834150351926,2.010050981,1
2025-02-10,0.0817240418591,1.83441622219,1
2025-02-11,0.0815966558087,1.72728014149,1
2025-02-12,0.0818608601901,1.6015819829,1
2025-02-13,0.0812381774906,1.54853447215,1
2025-02-14,0.0811959796439,1.52042697458,1
2025-02-18,0.0803940541528,1.3234021725,1
2025-02-19,0.0803811318218,1.31584104354,1
2025-02-20,0.0800393814418,1.12142792903,1
2025-02-21,0.0810584841269,0.889771465553,1
2025-02-24,0.0810523642977,0.767439001,1
2025-02-25,0.0804999263758,0.918792813803,1
2025-02-26,0.0797226477216,0.745449863998,1
2025-02-27,0.0810210371438,0.531299965999,1
2025-02-28,0.082441335033,0.766906048257,1
2025-03-03,0.0834062561481,0.619442486873,1
2025-03-04,0.0842417405927,0.431780711163,1
2025-03-05,0.0842671848254,0.437013238995,1
2025-03-06,0.084335658721,0.434663580159,1
2025-03-07,0.0844167528048,0.489436681,1
2025-03-10,0.0867929862733,0.159895176106,1
2025-03-11,0.0861944613415,0.234571009364,1
2025-03-12,0.085640031725,0.11444600791,1
2025-03-13,0.0860048358172,-0.129472467607,1
2025-03-14,0.0870691294431,-0.00582034549027,1
2025-03-17,0.0871173313156,0.00161102970947,1
2025-03-18,0.087363870498,-0.226779315283,1
2025-03-19,0.0879946709989,-0.0904561337826,1
2025-03-20,0.0880204927978,-0.120522850253,1
2025-03-21,0.0879129100539,-0.0584196447088,1
2025-03-24,0.0876399920031,-0.089255823559,1
2025-03-25,0.0876505588125,-0.0161901217548,1
2025-03-26,0.0883941578428,-0.228171461722,1
2025-03-27,0.088369970411,-0.320273481223,1
2025-03-28,0.089327567696,-0.469363474488,1
2025-03-31,0.0895163567647,-0.420198483719,1
2025-04-01,0.0896328555258,-0.354271869096,1
2025-04-02,0.0897341878768,-0.310985825571,1
2025-04-03,0.0976363598593,-0.760076567918,1
2025-04-04,0.108744217334,-1.29866252918,1
2025-04-07,0.109023940273,-1.36519479356,1
2025-04-08,0.109960055475,-1.61034907628,1
2025-04-09,0.140153985613,-0.291240408003,1
2025-04-10,0.14582084633,-0.769920527281,1
2025-04-11,0.146483891381,-0.672090074104,1
2025-04-14,0.146963383826,-0.542890735649,1
2025-04-15,0.146855331583,-0.605760650855,1
2025-04-16,0.147598796384,-0.824903900585,1
2025-04-17,0.147545904671,-0.785024470626,1
2025-04-21,0.149198590189,-1.04136229272,1
2025-04-22,0.150992617365,-0.793139051499,1
2025-04-23,0.151667692368,-0.690511354346,1
2025-04-24,0.153073113164,-0.442166421136,1
2025-04-25,0.153306047897,-0.362809450143,1
2025-04-28,0.15304493895,-0.261563832066,1
2025-04-29,0.153166669464,-0.226576521168,1
2025-04-30,0.153160818018,-0.215221858732,1
2025-05-01,0.153216078406,-0.189230471161,1
2025-05-02,0.153521732547,-0.116798609041,1
2025-05-05,0.153601915603,-0.142990096694,1
2025-05-06,0.152750677839,-0.0391840657768,1
2025-05-07,0.152807368354,-0.0110378269173,1
2025-05-08,0.152834295436,0.0131218261762,1
2025-05-09,0.152399548941,-0.0989295170183,1
2025-05-12,0.153761470044,-0.0108442297135,1
2025-05-13,0.153465472018,-0.0633187420508,1
2025-05-14,0.153395368363,-0.110759838119,1
2025-05-15,0.153568889938,-0.037886195224,1
2025-05-16,0.153557890287,0.0700841262806,1
2025-05-19,0.153559065104,0.0730975628386,1
2025-05-20,0.153496444841,0.0906561380894,1
2025-05-21,0.154200831471,0.0235401006494,1
2025-05-22,0.154161635386,0.00564113173108,1
2025-05-23,0.154202056079,-0.0775200765348,1
2025-05-27,0.15554777629,0.109653544432,1
2025-05-28,0.155616428232,0.0153727160298,1
2025-05-29,0.155679805764,0.0369595892669,1
2025-05-30,0.155484282665,-0.0300438885235,1
2025-06-02,0.155479317706,-0.0334570402269,1
2025-06-03,0.155535214388,0.0168987630446,1
2025-06-04,0.155386161878,-0.0224940786044,1
2025-06-05,0.155480578112,-0.0860455870326,1
2025-06-06,0.155585743245,-0.0268707472331,1
2025-06-09,0.155431487644,-0.0796515655077,1
2025-06-10,0.155543360309,-0.0124068020433,1
2025-06-11,0.155513134857,-0.0465017279948,1
2025-06-12,0.155483079046,0.0592684096443,1
2025-06-13,0.155884491567,-0.0153157814567,1
2025-06-16,0.155949801278,-0.00137432225425,1
2025-06-17,0.155905575148,0.00857744379924,1
2025-06-18,0.155886700074,0.0318454234425,1
2025-06-20,0.155842254475,-0.0185571941189,1
2025-06-23,0.156083207017,0.0982943730944,1
2025-06-24,0.153563363176,0.480841893375,1
2025-06-25,0.153546552669,0.500694910861,1
2025-06-26,0.153331876028,0.469373516165,1
2025-06-27,0.153321089967,0.464715691744,1
2025-06-30,0.153130451369,0.429272245172,1
2025-07-01,0.153135821041,0.418321178034,1
2025-07-02,0.152783108536,0.542489980691,1
2025-07-03,0.152644866203,0.66548064693,1
2025-07-07,0.152848045358,0.620097028612,1
2025-07-08,0.152830452393,0.633158374182,1
2025-07-09,0.152693403854,0.60996862543,1
2025-07-10,0.15265656823,0.592067997265,1
2025-07-11,0.152276387222,0.652042948873,1
2025-07-14,0.152274183604,0.647718977406,1
2025-07-15,0.151449535904,0.753354404338,1
2025-07-16,0.151477397617,0.781453142616,1
2025-07-17,0.151548907891,0.819486612853,1
2025-07-18,0.150263231006,0.638683098949,1
2025-07-21,0.150280110677,0.670914644272,1
2025-07-22,0.150071165687,0.602502709472,1
2025-07-23,0.149893467107,0.570916287748,1
2025-07-24,0.149865961446,0.537421141284,1
2025-07-25,0.149884064435,0.544425571308,1
2025-07-28,0.149875840949,0.549238749409,1
2025-07-29,0.149557735638,0.644775574226,1
2025-07-30,0.149448761903,0.552242334872,1
2025-07-31,0.149413840542,0.564200892199,1
2025-08-01,0.149654429884,0.425095529424,1
2025-08-04,0.150074950353,0.602112772948,1
2025-08-05,0.150036157106,0.613965516882,1
2025-08-06,0.15001855766,0.609845755251,1
2025-08-07,0.149913365693,0.538318237093,1
2025-08-08,0.149986873722,0.568337019661,1
2025-08-11,0.149649371572,0.646371702627,1
2025-08-12,0.149796210521,0.677169454335,1
2025-08-13,0.149851242912,0.729597310895,1
2025-08-14,0.149728608727,0.769964597293,1
2025-08-15,0.149311860871,0.627918299051,1
2025-08-18,0.149312124409,0.599652910282,1
2025-08-19,0.14937151244,0.564903964976,1
2025-08-20,0.149375636981,0.519786686328,1
2025-08-21,0.149433930598,0.500368168257,1
2025-08-22,0.149700145869,0.768342282561,1
2025-08-25,0.149753177536,0.751511140264,1
2025-08-26,0.149787737594,0.797891143701,1
2025-08-27,0.149796746633,0.80884007933,1
2025-08-28,0.149050300826,0.983680407709,1
2025-08-29,0.148463874079,0.783013877984,1
2025-09-02,0.148026015341,0.838336374,1
2025-09-03,0.147619864905,1.01430630817,1
2025-09-04,0.147731562316,1.03502080352,1
2025-09-05,0.146779931442,1.19451031807,1
2025-09-08,0.14677928999,1.19275496859,1
2025-09-09,0.145254922898,1.40822163869,1
2025-09-10,0.144903901401,1.53439512193,1
2025-09-11,0.145055931102,1.58551237366,1
2025-09-12,0.144665001079,1.67392691826,1
2025-09-15,0.143981998939,1.57724718624,1
2025-09-16,0.143879668655,1.49938582663,1
2025-09-17,0.143579680144,1.56602181924,1
2025-09-18,0.143268180665,1.4865550234,1
2025-09-19,0.143256901807,1.54901411937,1
2025-09-22,0.14325986904,1.58508120592,1
2025-09-23,0.142886200704,1.42628608763,1
2025-09-24,0.142968556468,1.36280105544,1
2025-09-25,0.14252209566,1.43420364318,1
2025-09-26,0.142527053543,1.51173997255,1
2025-09-29,0.141738999503,1.68952278762,1
2025-09-30,0.141650711681,1.65666526243,1
2025-10-01,0.141647410297,1.65515171355,1
2025-10-02,0.141608151436,1.62423255193,1
2025-10-03,0.135652938882,2.0951764559,1
2025-10-06,0.125987760731,2.81495685026,1
2025-10-07,0.125558578009,2.90417892661,1
2025-10-08,0.124267887772,3.17310242681,1
2025-10-09,0.0908821176524,2.94430553948,1
2025-10-10,0.0829710471786,3.57970518869,1
2025-10-13,0.0829300158035,3.57517328114,1
2025-10-14,0.0823669339792,3.40175203783,1
2025-10-15,0.0823364580032,3.4835471361,1
2025-10-16,0.0803862865488,3.79804749291,1
2025-10-17,0.0803860974178,3.87346257869,1
2025-10-20,0.0766700964049,4.67674859045,1
2025-10-21,0.0738687933239,4.43357826231,1
2025-10-22,0.0730780737416,4.11800586671,1
2025-10-23,0.0705597890623,3.92838450171,1
2025-10-24,0.0704983941759,3.91785138293,1
2025-10-27,0.0710401393431,4.05883730282,1
2025-10-28,0.0708691475346,3.98686270264,1
2025-10-29,0.0709540676745,3.9409605739,1
2025-10-30,0.0719283569092,3.59422600713,1
2025-10-31,0.0714492427816,3.47232560344,1
2025-11-03,0.0710645274681,3.62708200389,1
2025-11-04,0.0715924785212,3.52081170263,1
2025-11-05,0.0715321716167,3.463438685,1
2025-11-06,0.0720151191488,3.24382547065,1
2025-11-07,0.0719935203838,3.26677268533,1
2025-11-10,0.068473589677,3.1562468169,1
2025-11-11,0.0684044448732,3.12794227541,1
2025-11-12,0.0683897532356,3.14317810685,1
2025-11-13,0.0702145408203,2.59544550822,1
2025-11-14,0.0700797136194,2.46567030171,1
2025-11-17,0.0706320543004,2.27465702859,1
2025-11-18,0.0708858219089,2.20990869203,1
2025-11-19,0.0682125539586,2.7430504546,1
2025-11-20,0.0694805677902,2.40734158277,1
2025-11-21,0.0697315382911,2.69959402983,1
2025-11-24,0.0681065339546,2.61839163306,1
2025-11-25,0.068154333133,2.92482320935,1
2025-11-26,0.068245911661,2.94737625641,1
2025-11-28,0.0682886458786,3.01553560349,1
2025-12-01,0.0686718202515,2.79686259125,1
2025-12-02,0.0686033988438,2.75580871117,1
2025-12-03,0.0686345644168,2.77281755785,1
2025-12-04,0.068327547799,2.884979531,1
2025-12-05,0.0681706488761,2.79172349825,1
2025-12-08,0.0683272959307,2.68301459305,1
2025-12-09,0.0681839161218,2.53625562367,1
2025-12-10,0.0684600700117,2.69115140989,1
2025-12-11,0.0683292555114,2.62680468804,1
2025-12-12,0.0682162928915,2.64402798539,1
2025-12-15,0.0679883635293,2.49312700073,1
2025-12-16,0.0677000692558,2.59412485017,1
2025-12-17,0.0685197820892,2.36127731304,1
2025-12-18,0.068806586551,2.54375220271,1
2025-12-19,0.068525747941,2.50106514626,1
2025-12-22,0.0678076118362,2.38658085918,1
2025-12-23,0.0678656472587,2.45687576935,1
2025-12-24,0.0675586708164,2.38493714475,1
2025-12-26,0.0675451334494,2.32844816573,1
2025-12-29,0.0674103153298,2.14943481137,1
2025-12-30,0.0674239148385,2.13923308319,1
2025-12-31,0.0679275309836,1.89809946524,1
