Date,SPY,VEA,VWO,AGG,IEF,TIP,GLD,VNQ,Trading costs
2015-01-02,0,0,0,0,0,0,0,0,0
2015-01-05,-0.0054177939051,-0.0033431049874,-0.000796279427282,0.000434686801885,0.000610142252267,3.99214119557e-05,0.00150771493083,0.000273650998415,-0
2015-01-06,-0.00279341247309,-0.00164266705121,-0.000241749420968,0.000510512097481,0.000680450217711,4.45044908191e-06,0.00116487672517,0.000502015972042,-0
2015-01-07,0.00366743596663,0.0015654234494,0.00113450595839,-3.65148872011e-05,-1.89858880455e-05,4.02398867689e-05,-0.000610022639313,0.000785059528635,-0
2015-01-08,0.00525325714802,0.00223316453753,0.000848534928692,-0.000308546447164,-0.000413807840296,-7.99625547099e-05,-0.000430391833244,0.000195004168588,-0
2015-01-09,-0.0023969417431,-0.00071259637718,-0.000251459891437,0.000486444886748,0.000494919210605,0.000149999330044,0.00115102834039,2.4175054209e-05,-0
2015-01-12,-0.00232673199085,-0.000158476878407,-0.000453112889768,0.000162364031282,0.000355192554757,-1.32204937089e-05,0.0011347813363,0.000393634441408,-0
2015-01-13,-0.000829624475468,0.000713995126632,0.000352733540444,5.41385264028e-05,9.35156686563e-05,-7.95902761693e-05,-0.000349475864582,-7.87746857148e-05,-0
2015-01-14,-0.00177612929139,-0.000396760228532,-0.000188964234985,0.000487402345615,0.000467878634797,0.000296236424744,-0.000166026136656,0.000448576530997,-0
2015-01-15,-0.0026807818946,0.000833801295274,0.000151283968072,0.000921537090874,0.000871033546158,0.000398255584605,0.00259736844698,0.000121349391697,-0
2015-01-16,0.00379048706414,0.00162274254856,0.000502787291454,-0.000774490157275,-0.000756245721583,-0.00028230620359,0.00137733285598,0.000453566598847,-0
2015-01-20,0.000620802609914,0.000668919341744,-0.00017492610434,0.000340206270732,0.000232108221788,0.000118385868084,0.00145587249773,-0.00041482387192,-0
2015-01-21,0.00146839495205,0.00109846388721,0.00112136078062,-0.000357076461981,-0.000481262211899,-0.000205502336343,2.59294627846e-05,-3.59648205441e-05,-0
2015-01-22,0.00433625648627,0.000547867841362,0.00108113587056,-0.000106809412225,-0.000249202498727,1.30898347551e-05,0.000861860391787,0.000920768530959,-0
2015-01-23,-0.00161060666652,-0.000893389904365,-0.000444091108246,0.000495029767999,0.000650441595843,0.000298698298387,-0.000855525255464,-0.000148381508192,-0
2015-01-26,0.000685886770765,0.00198592628699,6.18304873791e-05,-8.87008716409e-05,-0.000229555623695,-8.24510863899e-05,-0.00106352314602,0.000440326358128,-0
2015-01-27,-0.00386561734273,0.000116683174536,-0.000271587187094,-0.000106221888902,0.000137501947164,0.000155957426096,0.0012072624184,1.78104111397e-05,-0
2015-01-28,-0.00371846065463,-0.00198777349531,-0.000606507323681,0.000833639824634,0.00077223912738,0.000191099888483,-0.000841285135626,-0.000351374266746,-0
2015-01-29,0.00266102567085,0.00203832481807,4.98078078544e-05,-0.000160420979117,-0.000360649104687,-5.67689759447e-05,-0.0022965868848,0.0001856919105,-0
2015-01-30,-0.00364599409702,-0.00246447344329,-0.00136656678116,0.000711970807495,0.000885863944176,0.000361841172061,0.00231771175581,-0.00108788634204,-0
2015-02-02,0.0035608350387,0.00196438608496,0.000885857150307,-7.14032737689e-06,-0.000128174643648,-3.50215488466e-05,-0.000891272991841,-0.000138073453077,-0
2015-02-03,0.00418757230353,0.00214955065638,0.000893661650246,-0.000765989212766,-0.000858642452788,-0.000230842398706,-0.00117933083115,0.000447907517008,-0
2015-02-04,-0.00111347506905,-0.00108924974114,-0.000345935887093,0.000301442282361,0.000165388773121,0.000104059631601,0.00045412912564,-0.00021400310758,-0
2015-02-05,0.00294573860192,0.00159771882217,0.000383628465058,-0.000408565682044,-0.000368274289785,-0.000217166355725,0.000180250797124,0.000619304924343,-0
2015-02-06,-0.000811224627065,-0.0018228914654,-0.000837597987711,-0.00114909281804,-0.00111791928476,-0.000389058169882,-0.00269103934635,-0.00151132062303,-0
2015-02-09,-0.00132297500576,-0.00070548748643,-6.221004869e-05,-3.56339008559e-05,-4.63072184934e-05,-8.73184382828e-05,0.00045750285712,-0.000359310654859,-0
2015-02-10,0.00314177668202,0.00129613940259,-8.73242788292e-05,-0.000214948247842,-0.000250541560218,-0.000166349680443,-0.000605556870415,0.000162045915073,-0
2015-02-11,0.000172434855802,-0.000822141524697,-0.00022379210127,-8.91561530038e-05,-3.6969824304e-05,-9.16255052735e-05,-0.001207166579,-0.000149567897663,-0
2015-02-12,0.0028655975215,0.00235469188322,0.0011715552887,3.57575443326e-05,3.70605479595e-05,-7.8713092386e-05,0.00023337885696,0.000605665177141,-0
2015-02-13,0.00122962943986,0.0010909264084,0.000519673235938,-0.000230756821573,-0.000331381579871,-9.98883691641e-05,0.000549239024201,-0.000339333253374,-0
2015-02-17,0.000470574387313,0.000349912140401,-0.000160465927857,-0.00079735781073,-0.000698000990901,-0.00024691249245,-0.00168658113957,-0.000124740554132,-0
2015-02-18,2.86088447571e-05,0.00105245757763,4.95101165033e-05,0.000550773872787,0.000469760585478,0.000204181806776,0.000283338465342,0.00047056805339,-0
2015-02-19,-0.000213954089111,7.78037642862e-05,-0.000160422994312,-0.000159303725289,-0.00024788827294,-3.8963974373e-05,-0.000342376840238,-0.00109261129081,-0
2015-02-20,0.00180074503041,0.00155781570594,0.00025973781555,3.54676580442e-05,-5.52472408389e-05,4.31238505031e-06,-0.000566166491782,0.000482031673655,-0
2015-02-23,-4.26705463284e-05,-0.000620985235201,-0.000493003809859,0.000353713607959,0.0004492871714,9.08434385584e-05,0.000128223617649,0.000403255343882,-0
2015-02-24,0.000854025397902,0.000931264203604,0.000702325211823,0.000866529247633,0.000650877807964,0.000294019584087,-0.000145278025615,-0.00099599972646,-0
2015-02-25,-0.00025528022428,0.000154661420102,-0.000171930652057,0.000141114066713,9.13635930581e-05,8.19226167375e-05,0.000374829706188,1.18017832053e-05,-0
2015-02-26,-0.000354633153303,-0.000425256365213,-3.68480540875e-05,-0.000704932651684,-0.000584529325377,-3.44727543662e-05,0.00031506876239,-0.000537569168791,-0
2015-02-27,-0.00102394398294,0.000116278381241,3.69353386719e-05,0.000494614259834,0.000347906066356,0.000285035266173,7.68227022906e-05,0.000384895239805,-0
2015-03-02,0.00188995215997,0.00023230642679,-7.38046378269e-05,-0.000997087251401,-0.000733103621796,-0.000401369143321,-0.000409411704065,0.000284033986125,-0
2015-03-03,-0.00123653418099,-0.000890839563731,-0.000467417419068,-0.000247619900509,-0.000210742767227,6.90599741608e-05,-0.000179152937455,-9.47037291157e-05,-0
2015-03-04,-0.00126909429549,-0.00069941622007,-0.000592373137666,0.000106408133477,7.35040529481e-05,4.76581354102e-05,-0.000308125037117,-0.000475033932319,-0
2015-03-05,0.00032901313094,0.000506670558888,-9.90418653599e-05,8.89819774761e-05,5.53416610293e-05,-8.68767389016e-05,-9.44440118219e-05,0.000142960038168,-0
2015-03-06,-0.00423024467299,-0.00210316195995,-0.000816350284631,-0.00128031805076,-0.00100455916842,-0.00056862501002,-0.00269366207128,-0.00164257138919,-0
2015-03-09,0.00124696923804,7.89832208279e-05,-0.00020079959762,0.00050516086177,0.000458178524576,-7.48710615095e-05,9.5737324503e-05,0.000386428938019,-0
2015-03-10,-0.00488865121283,-0.00327156818694,-0.00103894074685,0.000468064871907,0.000419666363367,5.71207768614e-05,-0.000477494896745,-3.612551885e-05,-0
2015-03-11,-0.000700472172763,0.00039768493625,0.000391459399472,0.000399223444706,0.000178815755928,8.41699294966e-05,-0.000586815944605,4.25266248867e-05,-0
2015-03-12,0.00379297455427,0.00190831156772,0.000277784585438,0.000163451348059,9.4025179636e-05,-0.000110751575202,-2.62689165151e-05,0.00085656994513,-0
2015-03-13,-0.00183977563098,-0.000947559122551,-0.000601882338305,-0.000378472678562,-0.00014944749489,-0.000158408343879,0.000139135276578,-3.01805037628e-05,-0
2015-03-16,0.00399981936907,0.0017441472235,0.000579098885158,0.000434251826799,0.00034702435597,7.06949319512e-05,-6.11153470759e-05,0.000514854299159,-0
2015-03-17,-0.000894959513531,-0.000157339142075,0.000312312337056,-3.58631011318e-05,0.000204849670533,4.82050890586e-05,-0.00051988073026,-1.80383913628e-05,-0
2015-03-18,0.00361259397032,0.00322921109416,0.00128819279535,0.00145617168704,0.00114617248555,0.000750524346072,0.00187356587885,0.00104704159916,-0
2015-03-19,-0.00136747989459,-0.00190228207379,-0.000887700811256,-0.000691171462664,-0.00046854421692,-3.02948632977e-05,-6.84074938881e-05,-2.37276570445e-05,-0
2015-03-20,0.00264864709144,0.00335698413061,0.000619810332865,0.000605923387191,0.000406421173871,0.000147884561049,0.00110047998768,0.00127042818462,-0
2015-03-23,-0.000583924853345,0.000734174253765,0.000147270118251,3.52830897586e-05,0.000128016040572,-2.15200030198e-05,0.000612797704711,-6.49500789945e-05,-0
2015-03-24,-0.00167898430202,-0.000154417681595,0.000196163273203,0.000528761639049,0.000301483066816,0.000236626953298,0.000238073761888,-0.000436504697061,-0
2015-03-25,-0.00435714059875,-0.000849799967478,-0.000871391252234,-0.000370540847718,-0.000429703216421,-1.29100991986e-05,0.000136150528773,-0.000877714478515,-0
2015-03-26,-0.000703284619127,-0.00129042276047,-0.000284853128906,-0.000710784740906,-0.000561861940667,-0.000264662990154,0.00064309980955,-0.000263302424697,-0
2015-03-27,0.0006767750011,0.000353147874163,0.000111855856587,0.000285203790562,0.000388160072414,2.17693120905e-05,-0.000361382602158,6.6056192883e-05,-0
2015-03-30,0.00360848738663,0.000117506782859,0.00101748937968,8.91112251214e-05,-9.18790673845e-06,-0.000147795235536,-0.00112541695672,0.000719483763718,-0
2015-03-31,-0.00260545694034,-0.00222360703925,-3.70663610329e-05,0.000336823494421,0.00025729181889,0.000112535627413,-7.69870104229e-05,-0.000447756076152,-0
2015-04-01,-0.00104987705725,0.00109744473662,0.000682767743211,0.000644460749387,0.000476362694902,0.000382690835111,0.00166737120777,-7.19981231967e-05,-0
2015-04-02,0.00106034755357,0.00117131392752,0.000791472532277,-0.000266748259274,-0.000285609169845,-0.000181925053377,-0.000273981638782,0.000382415789885,-0
2015-04-06,0.00198671062568,0.00151918854713,0.000629173633141,0.000124193539036,0.000128655705826,0.000194458087982,0.00120434871474,0.000524583524606,-0
2015-04-07,-0.000781194839413,0,-0.000122599485718,3.53542138065e-05,8.21885220235e-05,0.000107374811218,-0.000492299078325,-0.000894458285172,-0
2015-04-08,0.000996305981084,0.000736921855479,0.00105649846422,1.76113056087e-05,-9.15005180422e-05,-0.000120510527261,-0.000544348761557,7.71741637822e-05,-0
2015-04-09,0.00130673376014,0.000232210875902,0.000686506870848,-0.000493574101124,-0.000401868811962,-0.000176065472758,-0.000678994193695,-0.00103659369386,-0
2015-04-10,0.00162003009874,0.000309895687932,-0.000110405480572,0,-2.73918301606e-05,-4.72723372593e-05,0.00110398399274,-3.55587735889e-05,-0
2015-04-13,-0.00134633353269,-0.000849659423887,-0.000183475709918,0.000211062163559,0.000200487831054,1.2852597522e-05,-0.000702873836905,-0.000130015207779,-0
2015-04-14,0.000568496596451,0.00120054600655,0.000147199341586,0.000211503543051,0.000292422408656,0.000128903390821,-0.000594438539557,0.00017186917165,-0
2015-04-15,0.00133287980784,0.000734185661684,0.000318233075206,0.000264064175998,5.46664542388e-05,0.000150087724054,0.000838923812531,-0.000366673587163,-0
2015-04-16,-8.47892755665e-05,0.000385122640103,0.000487943172164,-0.000105223723991,7.27221528681e-05,5.55560093465e-05,-0.000337837369495,0.000123788388254,-0
2015-04-17,-0.00341829619521,-0.00192456686397,-0.00110943469856,0.000157685944266,0.000199801160788,0.000311776605951,0.000481128787762,-0.000223856874158,-0
2015-04-20,0.00269878996236,0.000270895017987,-0.000171624432735,-0.000141080345118,-0.000182656573858,-0.000133119276662,-0.000746920706954,7.10735233385e-05,-0
2015-04-21,-0.000354545196972,0.00135254404122,0.000416123520358,-0.00021095338116,-0.000209703108829,-0.000175820956356,0.000559257547738,8.27943411683e-05,-0
2015-04-22,0.00145837678051,0.000347229856411,0.000623288381942,-0.000579933688722,-0.000573634931637,-0.000226896279047,-0.00131149750461,0.000100384863904,-0
2015-04-23,0.000750546453438,0.000694676085155,0.000268909958173,0.000298775385858,0.000300535094295,0.000124176691753,0.000702403652714,0.000129938931619,-0
2015-04-24,0.000691681046977,0.000884747425043,0.000268027071396,0.000332806657636,0.000344931840979,0.000209146496181,-0.00135805056902,0.00010009172943,-0
2015-04-27,-0.00124027863372,0.000614586628988,0.000231140580672,6.99808852526e-05,-0.000154079377761,8.51323102565e-06,0.00192037085003,-6.46872795928e-05,-0
2015-04-28,0.000942921585564,0.000268476867039,0.000133640834307,-0.000751124749911,-0.000452549200383,-0.000280883848806,0.000841102980011,-9.39020890835e-05,-0
2015-04-29,-0.00122375434477,-0.00141837686972,-0.000582763918953,-0.000436399708154,-0.000361844635789,-8.93363730194e-05,-0.000689285320382,-0.000973818266899,-0
2015-04-30,-0.00298526344306,-0.00161928656505,-0.000720497693314,0,-2.7316322533e-05,8.12961874585e-05,-0.00172477033829,-0.000772997367532,-0
2015-05-01,0.00322246750169,0.00136001076176,0.00031998017377,-0.000556605915992,-0.000539023839059,-0.000202630988558,-0.000332316554491,0.000356807437229,-0
2015-05-04,0.000852596041848,0.000154916134837,0.000269773032962,-0.000371104127331,-0.000201285187658,-0.000189026239617,0.000865991689679,4.74087556955e-05,-0
2015-05-05,-0.00343329448149,-0.0024357554868,-0.000563308112167,-0.000176213080974,-0.000164430599923,-2.1450007674e-05,0.000271296546354,-0.00102952677047,-0
2015-05-06,-0.00122938608763,0.000350584814661,-0.000715618091185,-0.000657769097694,-0.000478764501701,-0.000393332865707,-5.1253180093e-05,-8.94171152885e-05,-0
2015-05-07,0.00119031360548,-0.000547240587872,-7.4265421824e-05,0.00048150663853,0.000415648638186,0.000125740978163,-0.000805631599651,0.000717759560119,-0
2015-05-08,0.00393815986852,0.00347331930852,0.000815777744699,0.000641007366056,0.000378086305604,0.000203517559168,0.000470673768332,0.000662932279445,-0
2015-05-11,-0.00143124433076,-0.00142880606278,-0.00051369285858,-0.00123346540998,-0.000958161465312,-0.000441315264066,-0.000372595658131,-0.000715098948684,-0
2015-05-12,-0.00089915627292,0,-0.000147825956801,-1.75844332342e-05,7.34337020476e-05,4.7465745119e-05,0.00082726950478,0.00014285513941,-0
2015-05-13,5.71479166492e-05,0.00116675633712,0.000135530347837,-1.78639674982e-05,-0.000128594418419,-7.33789832663e-05,0.00174830722388,-0.000452356052075,-0
2015-05-14,0.00311775560286,0.00193981382243,0.000503759431488,0.000300957122132,0.000330035461224,9.04124006695e-05,0.000535976121054,0.000902506818522,-0
2015-05-15,0.000324951904155,0.000192553870008,0.000548764117445,0.000808106239358,0.000691481229592,0.0003331981924,0.000295483023219,0.000483132085982,-0
2015-05-18,0.00092903587444,-0.000537023209243,-0.000522436241157,-0.000735146964678,-0.000652685220434,-0.000255361632479,-8.41327115059e-06,-0.000123287337776,-0
2015-05-19,-9.8748993238e-05,-0.000614919767698,0.000121740530022,-0.00066627091964,-0.000426856977478,-0.000230281249962,-0.00137368530239,-0.00016468389733,-0
2015-05-20,-0.000212245159938,0.000308458291965,-7.33051985691e-05,0.00029904702271,0.000209600820091,0.000128367898248,0.000160680095876,-4.1300297834e-05,-0
2015-05-21,0.000876657689559,0.000886409604654,-0.000158675276729,0.000597831762686,0.000573746002879,0.000183865411984,-0.000329555461098,-0.000224096204486,-0
2015-05-22,-0.000719366751803,-0.00099954372509,0.000133949807879,-0.000210472339078,-0.000218022518055,8.1047944879e-05,-7.58721693266e-05,-5.88286967139e-05,-0
2015-05-26,-0.0032370537734,-0.0027350830954,-0.00079304703736,0.000474566807927,0.000600846721286,3.84396388618e-05,-0.00142759455466,-0.000359622225249,-0
2015-05-27,0.00284829597972,0.00135837514489,0.000135197541812,0.000194773746838,-5.50301325096e-05,-4.30741042355e-05,-1.70249116815e-05,0.000463283970796,-0
2015-05-28,-0.000340199876926,-0.000347649950961,-0.000746183258301,-7.05533033151e-05,9.12831118685e-05,-2.99611034119e-05,0.000110098146403,-9.4570101953e-05,-0
2015-05-29,-0.00187348674895,-0.00154709557871,-0.000575758049453,7.06541788536e-05,5.47684335954e-05,0.000154477614706,6.78525632975e-05,-0.000544546634212,-0
2015-06-01,0.000612927100446,-0.000388410321735,-3.69141687739e-05,-0.000539762269507,-0.000432912789538,-0.000301647523357,-8.51695962823e-05,0.00057655649747,-0
2015-06-02,-0.000299468332021,0.000544100452266,0.00018463858141,-0.000763716619219,-0.000680777413749,-0.000198352931876,0.000392018723028,-0.000440115788561,-0
2015-06-03,0.000799529615411,0.000933930871342,-0.000258827713065,-0.000764905518115,-0.000829045338047,-0.000297914345088,-0.000699699908005,-0.000678884973666,-0
2015-06-04,-0.00256050781641,-0.00187118034647,-0.000765494460829,0.000409812387277,0.000470656107902,0.000134086633852,-0.000683865011311,-8.94879580778e-05,-0
2015-06-05,-0.000517440405339,-0.00176295307232,-0.000248166969552,-0.000859602972615,-0.000704732154531,-0.000134754474395,-0.00051545005799,-0.000521597897659,-0
2015-06-08,-0.00186436328088,-0.000157520144445,-2.49473827875e-05,0.000288025620754,0.000139819283401,6.55377460019e-05,0.000285000266234,-8.43837927819e-05,-0
2015-06-09,-4.34358754351e-05,-0.00090701798512,-0.000374714376951,-0.000558887239938,-0.000317364121883,-0.000109405178302,0.000216200577594,-0.00033799606171,-0
2015-06-10,0.00362678020593,0.00332075696759,0.000751272789314,-0.000487823282025,-0.000374294746909,-0.000175444680122,0.000832233935346,0.000326726472289,-0
2015-06-11,0.000978855678979,0.000470715783032,-0.000211193031525,0.00103994084439,0.000761382020244,0.000239373143603,-0.000447292977424,0.000282142412948,-0
2015-06-12,-0.00232460602779,-0.00129046313407,1.23559203533e-05,-0.000232342994093,-5.5520508851e-05,2.60339485643e-05,-2.57243768923e-05,-4.19110602072e-05,-0
2015-06-15,-0.00129658440794,-0.00102073016051,-0.000522256802496,0.000233260214833,0.00023227629072,0.000156838675244,0.000430449665848,-0.000252332120329,-0
2015-06-16,0.00164564627337,-3.93804090634e-05,0.000112149756807,0.000323764867684,0.000372430914575,0.000288086798037,-0.000353693086723,0.000373272477606,-0
2015-06-17,0.000489383496403,-0.000431556550086,0.000323090385545,1.78701057132e-05,5.57938583207e-05,5.65858721162e-05,0.00045596661003,0.000396259079218,-0
2015-06-18,0.00314864487228,0.00152802764459,0.000459128512605,-5.37629825826e-05,-7.42323888358e-05,-0.000117377863507,0.00126294418097,0.000647573673953,-0
2015-06-19,-0.00134893912936,-0.000350220557671,-0.000468352153781,0.0006048243288,0.00051579753797,0.000112254221904,-0.000170665687612,-0.000363272619527,-0
2015-06-22,0.00155196112409,0.00276698756135,0.000666544935783,-0.000961918210126,-0.000820971270804,-0.00021620079835,-0.00126480568477,-0.000483109864275,-0
2015-06-23,0.000215404223175,0.000583898883536,0.000468480303559,-0.00044491484469,-0.000294837176163,-0.000107962138364,-0.000640154549353,-0.000387182208767,-0
2015-06-24,-0.0022116853444,-0.00132427078695,-0.00027140171954,0.000302722191314,0.000285791081483,8.64012705743e-05,-0.000256220018629,-0.000250355705588,-0
2015-06-25,-0.000922411030618,-3.90254892955e-05,-0.000185706888043,-0.000214465597467,-0.000240531010977,-5.20246231543e-05,-0.00012857136702,-0.000466604710733,-0
2015-06-26,-5.78071626888e-05,-0.000146777830648,-0.000480908614508,-0.000465644680748,-0.00046366951253,-0.000217365464102,0.000103088975847,0.000328256613799,-0
2015-06-29,-0.00636529262896,-0.0048861107799,-0.00114126706668,0.00114780872684,0.00112364231707,0.00035696550011,0.000438762441383,-0.000715648839812,-0
2015-06-30,0.000628376101698,-0.000240758979171,0.00068410513818,-0.000126834859222,-0.000272058486365,-9.23320953681e-05,-0.000608326098496,-1.83701955902e-05,-0
2015-07-01,0.00241127712921,0.00104338311592,0,-0.000497395189795,-0.000514874579363,-0.00018031299858,-0.000338941146673,0.000753553360812,-0
2015-07-02,-0.00027684902588,0.000400198142884,0.000240084473651,0.000271691174295,0.000346735269695,0.000214907124301,-0.000190688516048,0.000116096560467,-0
2015-07-06,-0.000859051595005,-0.00327814305932,-0.00143882288301,0.00070527171594,0.000692600714073,0.000192756526707,0.000259732918247,0.000292969348551,-0
2015-07-07,0.00189912507572,-4.01264459784e-05,-0.000772526334037,0.000272169300725,0.000262961298553,0.000162644937999,-0.00112939939716,0.000734935229812,-0
2015-07-08,-0.0050913867357,-0.003805598468,-0.00183382700695,0.000471120577998,0.000393913058054,6.1442556665e-05,0.000286291781575,-0.000183477897754,-0
2015-07-09,0.000545046507028,0.00250798692414,0.000983376498365,-0.000731973722955,-0.000700802153309,-0.00032357464311,0.000236541364119,-0.000228528659016,-0
2015-07-10,0.00379208090638,0.00476232952805,0.00138884138607,-0.000839849104839,-0.000689901046858,-0.000234419960176,0.000113626093383,0.00039437190854,-0
2015-07-13,0.00333681061964,0.000680215386932,0.000315799873407,-0.00028956354439,-0.000262210990938,-0.000170971362815,-0.00043326882867,6.71901241774e-05,-0
2015-07-14,0.00132172128159,0.00111673207467,0.000125913466763,0.000324698552434,0.000308085871366,7.86363050401e-05,-0.000215933924408,9.74259927933e-05,-0
2015-07-15,-0.000101393785416,-0.000636113674223,-0.00061501545418,0.000521632897965,0.00037236634226,0.000135080389112,-0.000499384998316,7.89115204795e-05,-0
2015-07-16,0.00244874032378,0.00135277025679,0.000590356444052,0.000161968221202,-3.72293727148e-05,6.10149737013e-05,-0.000344664605783,0.000382678329186,-0
2015-07-17,0.000259559649061,-0.000237669271484,-1.24925673409e-05,1.78908405369e-05,9.24625369782e-06,-1.73384005089e-05,-0.000952046858041,-0.000169303060389,-0
2015-07-20,0.000158890462176,0.000356886773805,-0.000312936845777,-0.000340676912022,-0.000194945177708,-0.00013033695166,-0.00253300892211,5.44839239936e-05,-0
2015-07-21,-0.00121644928574,-0.000437417573204,1.25334060385e-05,0.000323718596029,0.000269965269108,0.000113289815833,-0.000284184090354,-0.000133574648404,-0
2015-07-22,-0.000551009990009,-0.0013537853123,-0.000666250817901,9.01085952406e-05,0.000121276172159,2.18133514686e-05,-0.000491536406434,0.000206695541801,-0
2015-07-23,-0.00173022525461,-0.00051905140939,-0.00041592675731,0.000559805513621,0.000401911316802,8.31317256544e-05,-0.000406368998277,-0.000597327772343,-0
2015-07-24,-0.00317776857923,-0.00172118628523,-0.000707655957981,-3.63737051469e-05,9.37123652054e-05,-5.26601210957e-05,0.000884222239598,0.000201680948717,-0
2015-07-27,-0.00177190450479,-0.00100523899381,-0.00109171150988,0.000254703625026,0.000329499832943,0.000101364658612,-0.00042669996439,8.59409826849e-05,-0
2015-07-28,0.00373266785361,0.00197725679585,0.00045858992674,-0.000200726815317,-0.00028343924337,-0.000119412294656,0.000139820487072,3.08078039991e-05,-0
2015-07-29,0.00210400768722,0.000561757319105,0.000443331957332,-0.000163408557012,-0.000140888206124,-4.36814960061e-06,0.000130338724255,0.000312391157416,-0
2015-07-30,7.2680485874e-05,-8.00913750612e-05,-0.000303004823383,1.8085174062e-05,0.00011232955146,7.011185539e-05,-0.000779497679028,-0.000238126701475,-0
2015-07-31,-0.000466509449074,0.000760678308016,0.000404480086723,0.000778862935645,0.000581254519473,0.000193058717946,0.000572279086314,0.000378987242605,-0
2015-08-03,-0.0010318488385,-0.000478868344589,-0.000793781744589,0.000204333404825,0.000303112400954,-4.37494411404e-05,-0.000717384053215,0.000298541466136,-0
2015-08-04,-0.000597270589269,0.000160065418977,0.000151541461621,-0.000580183135983,-0.000515895366016,-0.000276141899297,0.000181916684073,-0.000354178234027,-0
2015-08-05,0.00100692403524,0.000841454858,5.06020290823e-05,-0.000363196208222,-0.000385247949479,-0.000153702691001,-0.000329785181936,-0.000318133419392,-0
2015-08-06,-0.0025090849168,-0.000721066611616,-0.000341464392842,0.00023609013793,0.000347573623883,8.78040946006e-05,0.000399076488254,6.72693416911e-05,-0
2015-08-07,-0.00058504716348,-0.00016060907492,-5.0704478779e-05,0.000345624309537,0.000395465685603,0.000136406387553,0.000226117599385,0.000177797446832,-0
2015-08-10,0.00382961779049,0.00196675684788,0.000810981007973,-0.000254626184115,-0.000414071318896,-7.03666256615e-05,0.000930101832139,-0.000153198214974,-0
2015-08-11,-0.00275887111841,-0.00255184974467,-0.00103220287894,0.000650555008493,0.000654450266984,0.000200969148206,0.00046629946508,0.000316536679681,-0
2015-08-12,0.000364458872222,-0.00104085828126,-0.000733093000202,-0.000127034921761,-3.75541516561e-05,-0.000114068901028,0.00129187449596,0.000152802744613,-0
2015-08-13,-0.000379183046549,-4.0034610947e-05,-8.84837047617e-05,-0.000417396350615,-0.000262906018224,-0.000131641845016,-0.000771845078811,5.50330542447e-05,-0
2015-08-14,0.00111062030463,0.000280888451838,0.00013935320936,-9.09383847743e-05,-0.000103505218724,-5.27429022164e-05,-8.69197603328e-06,0.000263420586319,-0
2015-08-17,0.00170709901695,-0.000320554078593,-0.00049329442723,0.00034509583183,0.000178464144477,-4.39426642927e-06,0.000242948535635,0.000415939869939,-0
2015-08-18,-0.000888209567867,-0.00123941423633,-0.000530152978499,-0.000362500923613,-0.000159278271492,-0.00011830772865,-1.73147655979e-05,0.000134282469666,-0
2015-08-19,-0.00242465023212,-0.00128355359767,-0.00062046840931,0.000618143907599,0.000611285355753,0.000167029939394,0.00125085335485,-0.00029392516072,-0
2015-08-20,-0.00636643208308,-0.00385809062066,-0.00068512151712,0.000309607465563,0.000273291556727,0.0001365238794,0.00164499104049,-0.00036200852605,-0
2015-08-21,-0.00906702513463,-0.00389272149208,-0.00143382548681,0.000349257092135,0.000408841083485,1.77853171799e-05,0.00060594526227,-0.000916240912976,-0
2015-08-24,-0.0124749802128,-0.00514031633272,-0.00216810271822,-7.47561696421e-05,0.000173605042431,-0.000175779095343,-0.000534354019853,-0.00229783411157,-0
2015-08-25,-0.00341702261929,0.00151485085323,0.0005845159188,-0.000495671921724,-0.00058214386413,-0.000124470338083,-0.00124843728472,-0.00131692127099,-0
2015-08-26,0.0110739427589,0.00397538347415,0.00150875828007,-0.000977566052262,-0.000654550432059,-0.00031051532609,-0.00136473941076,0.00126552598019,-0
2015-08-27,0.007302164225,0.0020427098614,0.00178989094762,0.000283370573786,-5.86373772207e-05,0.000246690596828,5.41740945328e-05,0.000916495481925,-0
2015-08-28,1.50466398644e-05,-0.000411682089702,-0.000662864187149,-0.000186664862557,1.9347476102e-05,0.000144343146091,0.000864855850744,-6.91266745712e-05,-0
2015-08-31,-0.0024145364897,-0.00115303612151,-9.10163827645e-05,-0.000149257596432,-0.00017382466312,-4.51439185819e-05,0.000107026321384,-0.00108770555256,-0
2015-09-01,-0.008892952464,-0.00504943668365,-0.00176398551588,0.00060525377769,0.000463649826107,-9.18448824809e-05,0.00034061209093,-0.000890957875733,-0
2015-09-02,0.00557161786113,0.00235378539189,0.000663442120326,-0.000267196395418,-0.000286246877527,-0.000161643468623,-0.000527947024706,0.000481265163003,-0
2015-09-03,0.000212665171999,0.000208426967863,0.00019752405455,0.000302978793339,0.000254591783138,4.59818335993e-06,-0.000704496506249,0.00012735056585,-0
2015-09-04,-0.00449279341604,-0.00341769048054,-0.00139479924438,0.000435326071331,0.000323074688611,8.24529888003e-05,-0.000315925546706,-0.000871767109785,-0
2015-09-08,0.00741796182764,0.0043769434354,0.00146152605538,-0.000496764262999,-0.000464590864411,-0.000231267231341,2.73422595929e-05,0.000700355199376,-0
2015-09-09,-0.00399510109308,-0.000581799727289,-0.000249273088894,7.54812366605e-05,3.91331412694e-05,0.000114175565078,-0.00125090802416,-0.000532904472795,-0
2015-09-10,0.00161441719866,0.00100374148221,0.00033009096581,-0.000227997092264,-0.000235803575392,1.37558746236e-05,0.000226428440739,0.0001021495053,-0
2015-09-11,0.00135167927467,-4.17368505315e-05,0.000171166213049,0.000246153997249,0.000274228992184,0.000142052780396,-0.000198689571148,0.000884994645655,-0
2015-09-14,-0.0011055771826,-0.00112277988349,0,5.67127086545e-05,9.7656369706e-05,-9.59597680955e-05,5.40345288597e-05,2.54125043747e-05,-0
2015-09-15,0.00371799948102,0.00112513197269,0.000460469772381,-0.000927260390881,-0.000822064748182,-0.000343416296136,-0.000288799341025,0.000464429398925,-0
2015-09-16,0.00260146347821,0.00220118058048,0.00104893783945,-0.000169800993143,-2.93005209276e-05,-1.37086830195e-05,0.00126822489875,0.000507247187555,-0
2015-09-17,-0.000675548681839,8.24319312909e-05,0,0.00127297768163,0.000852046715888,0.000389638332828,0.000982121893603,0.00054129787672,-0
2015-09-18,-0.00488337706799,-0.00369759316583,-0.00111547922826,0.000168050552946,0.000482507046905,0.000157989830088,0.000711810255842,-8.15502460853e-05,-0
2015-09-21,0.00153160677762,0,0.000104646434312,-0.000545562010465,-0.000593556935871,-0.000318663188238,-0.000610080275602,0.000411104748156,-0
2015-09-22,-0.00386701688579,-0.00356270030238,-0.000876296411442,0.000489134590542,0.000515694434952,0.000122891643244,-0.000663922286985,-0.000613501949037,-0
2015-09-23,-0.000474179881504,-0.000710275638797,-0.000672728673237,-0.000170799325895,-0.000117798492571,-3.67034038957e-05,0.000389084052488,0.000304073308022,-0
2015-09-24,-0.00107217249394,-0.000502104533215,-7.92453352809e-05,0.000266161261614,0.000157282789932,4.59416537925e-06,0.00205706100189,-0.000458080802389,-0
2015-09-25,-7.66310129965e-05,0.00136958802712,-8.03304911058e-05,-0.000360915459963,-0.000275067111021,-0.000271157165012,-0.000615983226809,0.000193499560472,-0
2015-09-28,-0.00741157795763,-0.00289920406607,-0.000977332905546,0.000493795990686,0.000599360457266,1.37644887473e-05,-0.00125928839905,-0.000754728189921,-0
2015-09-29,0.000170395277392,-0.00029772457634,0.000352386327753,0.000326991622641,0.000368008905598,0.000144262538155,-0.000403540400963,0.000515889411626,-0
2015-09-30,0.00543513340607,0.0030164717349,0.00117777075943,7.69148294025e-05,1.97901656249e-05,0.000102241285527,-0.00102600111478,0.000410896408521,-0
2015-10-01,0.000767063010086,0.000420955385215,0.000147557196829,0.000162120790097,8.27924299467e-05,0.000185267125101,-0.000117999452386,0.000239130977095,-0
2015-10-02,0.00439517104311,0.00247908542393,0.00116481052062,0.000628066094268,0.000511761665526,0.000294377315616,0.00204754995427,0.000354802935022,-0
2015-10-05,0.00525148691016,0.00303136241729,0.000899755500004,-0.000771380843522,-0.000583480889392,-0.000154573103452,-0.000196981336048,0.000822348633423,-0
2015-10-06,-0.00102061300631,0.000164686548596,-0.000118113047354,0.000503924944186,0.000212187250937,0.000144268763387,0.000967918809788,-0.000113788792783,-0
2015-10-07,0.00242973859886,0.00181073191861,0.00112771766758,-0.000149276864787,-0.000260257294174,-9.01603270049e-06,-0.000141977429863,0.000562301818615,-0
2015-10-08,0.00268535318555,0.00126889306732,0.000599965964171,-0.000278143162737,-0.000268372437177,-1.79263508035e-05,-0.00049425334295,0.000414748248721,-0
2015-10-09,0.000178337092212,0.000326214426389,5.19843476439e-05,-0.000166162748149,5.72414424661e-05,-0.000138348289003,0.00152095208521,-8.13893451181e-05,-0
2015-10-12,0.000281835755148,-0.000284884368747,-0.000259391068933,0.000516347103777,0.000343214761068,8.91033994425e-05,0.000386151120239,0.000349923048875,-0
2015-10-13,-0.00188125646419,-0.0018290293488,-0.00082887451876,1.82996843056e-05,9.51598926608e-05,-2.66953878212e-05,0.00048201170487,-0.000386868127371,-0
2015-10-14,-0.00142838004885,0.000244951455618,0.000351204367697,0.000758232927182,0.000563997288002,0.000169812260115,0.00171641729685,-0.000369761932464,-0
2015-10-15,0.00454367322285,0.00281112387837,0.00105152337033,-0.000276951852027,-0.000352989095491,-9.36641941209e-05,-0.00045679249856,0.00066923686187,-0
2015-10-16,0.00135527732123,-8.08415726547e-05,0.000141673005866,-0.000201374828235,-8.52140392293e-05,-0.000132726020323,-0.00069725992921,0.00037235530575,-0
2015-10-19,0.000147200989419,-0.000646298340335,-0.000476231291317,0.000201239617501,-4.72266285788e-05,-8.40135761753e-05,-0.000409364661981,0.000694551040106,-0
2015-10-20,-0.000383019215981,-0.000525533745024,-0.000103029323018,-0.000402786212002,-0.00035028053705,-5.75135132216e-05,0.000618789915879,-1.86247046277e-05,-0
2015-10-21,-0.00185829402731,-0.000121356523897,-0.000670548192559,0.000476734433601,0.000350709102639,3.10270796133e-05,-0.000872593158011,-0.000186383004231,-0
2015-10-22,0.00504378970444,0.00182631094365,0.000995751916158,3.67369381437e-05,0.000104453278586,0.000168785755629,-3.50043121462e-05,0.000442377948972,-0
2015-10-23,0.00329978153676,0.0014083839375,0.000307729553312,-0.000346277739578,-0.000574804472101,-7.04762644449e-05,-0.000164853839761,-0.000488027193403,-0
2015-10-26,-0.000745413796298,-0.000561488099823,-0.000523928747467,9.08115576996e-05,0.000263002197934,-1.31563707885e-05,-6.05305040774e-05,-1.23292845318e-05,-0
2015-10-27,-0.000585593328985,-0.00136563531245,-0.000422373556185,0.000291040534436,0.000253938535073,0.000109907987188,0.000216519741692,-1.84973349043e-05,-0
2015-10-28,0.00344545332417,0.000844777105003,-0.000499893836712,-0.000601345510255,-0.000527574604219,-0.000246595638076,-0.000780659534907,4.32310547398e-05,-0
2015-10-29,-0.000175629549686,-0.00112448679973,-0.000499086415182,-0.000855000001645,-0.0006206902573,-0.000131910760257,-0.000917900097102,-6.7819188916e-05,-0
2015-10-30,-0.00132308674325,-0.000121016451792,-6.42594935588e-05,0.000529864908828,0.000198315518515,0.000150158436019,-0.000365300106111,-0.000458241730141,-0
2015-11-02,0.00362179642938,0.00149469116252,0.000849548333988,-0.000394130803247,-0.000290847530528,-2.20748398439e-05,-0.000618438604606,0.00105428571672,-0
2015-11-03,0.00089300049876,0,0.000563157364436,-0.000364733558647,-0.000263799641746,-8.35791210207e-05,-0.00139441453567,-0.000505672861651,-0
2015-11-04,-0.000937986700421,-0.00100537478576,-0.000256267276642,0,-0.000103713168454,-6.60273182291e-05,-0.000875775041184,-0.000222255829584,-0
2015-11-05,-0.000308873371132,-0.000201836239249,6.42955387541e-05,-9.14732449156e-05,-6.62373825609e-05,-0.000154607524714,-0.000287140935395,0.000198260770832,-0
2015-11-06,-0.000161848743117,-0.000726967297412,-0.000514803979321,-0.000953402070056,-0.000682028287412,-0.000203364083028,-0.00134112114426,-0.00155632385606,-0
2015-11-09,-0.0029028900256,-0.00162549748769,-0.00107472709912,-0.000129055055931,-0.000171565109695,-1.77971379418e-05,0.000262873876753,-0.000836003539861,-0
2015-11-10,0.000715514733047,-4.08651111856e-05,-0.000117324397277,0.000371318408748,0.00019181542447,-1.7927570241e-05,-0.000194033466631,0.000552598142927,-0
2015-11-11,-0.00122070828688,0.000735187346611,5.20572885837e-05,-0.000259630410523,-4.78933024382e-05,-4.45542148945e-06,-0.000308236184724,5.64459989203e-05,-0
2015-11-12,-0.00432121173757,-0.00183985692304,-0.000468973206935,0.000185640927955,5.75387517594e-05,0,1.76281960976e-05,-0.000332677427376,-0
2015-11-13,-0.00345043782411,-0.00119361688458,-0.000590198838098,0.00039235779402,0.000386135570921,6.76140763609e-05,-0.000257377481889,-0.000556073203938,-0
2015-11-16,0.00464466765865,0.00182051000258,0.00096243430553,0.000168968418986,0.000135876031291,-2.71993991643e-05,0.000133823312598,0.000558980796656,-0
2015-11-17,-0.000224227565724,0.000205157422744,-5.23195585396e-05,0.000148971286124,-2.88204696797e-05,8.98279329718e-05,-0.00121206395165,0,-0
2015-11-18,0.00488016163956,0.0014787359601,0.000353393125267,-0.000149131374913,-4.82497532124e-05,7.19357985158e-05,7.97135599568e-05,0.000428821597181,-0
2015-11-19,-0.000267464470264,0.000815648493265,0.000337879860511,9.26442664972e-05,0.000220090116278,0.000174146782175,0.000993750444053,0.000150266794315,-0
2015-11-20,0.00112687414994,-0.000325450992251,0.000388921137526,-0.000129295695927,-0.000133574502301,4.00487312886e-05,-0.000412294179973,0.00061208771461,-0
2015-11-23,-0.000355444351908,-0.000934573961839,-0.000375488706523,5.52902985512e-05,0.000133418760399,5.78496728701e-05,-0.000727238083039,0.000106048880437,-0
2015-11-24,0.000415519277661,0.000203532762808,0.000116755130896,0.000184812283942,9.54470326098e-05,5.34793713043e-05,0.000597031970842,-0.000262553093415,-0
2015-11-25,-4.44690957416e-05,0.000244031826595,-0.000349814385067,9.2324559129e-05,5.72441306529e-05,-2.67395473672e-05,-0.000420846212079,0.000199769483278,-0
2015-11-27,0.000355787080095,-4.06981498533e-05,-0.000984945328943,-5.53010120268e-05,0.000104931494998,2.67461937761e-05,-0.00106113862971,0.000430827916244,-0
2015-11-30,-0.00129112560416,-0.000203643550568,6.48815135738e-05,7.39339344378e-05,3.82096304013e-05,-2.2299438979e-05,0.00058829141387,-0.000368848299266,-0
2015-12-01,0.00295668655666,0.00167152283294,0.000259803809468,0.000705536498107,0.000541113630978,0.000182944444552,0.000316452896124,0.000688468751201,-0
2015-12-02,-0.00317133035104,-0.00161890682379,-0.000438451880473,-0.000239670475709,-0.00028521377501,-0.000168319121831,-0.00138750134968,-0.00101896213175,-0
2015-12-03,-0.00434317166531,-0.000734555353385,-0.000130057396526,-0.00148686848338,-0.0010737650317,-0.00030824154832,0.000941570945586,-0.000776908470861,-0
2015-12-04,0.00601202338219,0.00111063108942,0.000170409822349,0.000655601796383,0.000376870791639,0.00012607108526,0.00200459471347,0.000934663578826,-0
2015-12-07,-0.00188253563654,-0.00126084503532,-0.000622085610543,0.000296438480859,0.000324867353517,-1.78033111586e-05,-0.0011839502335,-0.000137381182816,-0
2015-12-08,-0.00208485222002,-0.00232882684485,-0.000520750491207,7.45446028553e-05,5.75744278897e-05,1.34079247197e-05,0.000149760010413,-4.38916739427e-05,-0
2015-12-09,-0.00240860551416,-0.000328394739058,-0.000313923766805,0,0.000154225815886,-9.43583441578e-05,-0.000177016430836,-0.000277283434746,-0
2015-12-10,0.00079580727684,-4.11844800564e-05,-0.000433109576256,-3.76160163828e-05,-0.000222492773605,-0.000108206878782,-7.99307580026e-05,-0.000354124920157,-0
2015-12-11,-0.00599293241196,-0.00271985242788,-0.00120808416247,0.000506728259149,0.000822822781264,0.000162393135967,0.00049760428532,-8.85850532617e-05,-0
2015-12-14,0.00154445544584,0.000332310299698,0.000688335699787,-0.000965007178772,-0.000770903643216,-0.000359253622082,-0.00118241206233,0.000229599411764,-0
2015-12-15,0.00322663063901,0.000581914291664,0.000622483103119,1.9007775605e-05,-0.000263631832847,-2.72800223735e-05,-0.000241977740954,0.000542379801643,-0
2015-12-16,0.00452415923798,0.0030620911915,0.000725161154888,-0.000358118738339,-0.000272156044915,-0.000144950448094,0.00109743456947,0.000978297087148,-0
2015-12-17,-0.00473513664183,-0.00176238177071,-0.000378729068199,0.000280007189997,0.000423627783574,0.000170470803234,-0.00198838459266,-0.000251665259761,-0
2015-12-18,-0.00549678583471,-0.00161174974016,-0.000223848259035,0.000432882600262,0.000368864992921,0.000135723910908,0.00137224994384,-0.000590054232315,-0
2015-12-21,0.00251397128847,0.000965896576083,0.000304740884357,-0.000189213316098,4.88564359096e-05,-9.10076431618e-05,0.00099467201323,0.000197796169422,-0
2015-12-22,0.00277516115882,0.00112365581557,0.0003311032626,-0.000150741576964,-0.000291477698344,-6.78941568691e-05,-0.000481609467226,0.000203201272998,-0
2015-12-23,0.00380847023797,0.00248841298654,0.000646759471555,-3.76047838246e-05,-0.000232456508126,4.51028050117e-05,-0.000266645449982,0.000518463627612,-0
2015-12-24,-0.000510288174951,-0.000411882565061,-0.000131089578715,9.70994964927e-05,0.000186826159627,8.51298576147e-05,0.000653170707029,0,-0
2015-12-28,-0.000705395422223,-0.000453138795651,-0.00022284104024,0,1.93046801066e-05,1.34672084052e-05,-0.000688499144694,0.000280395730376,-0
2015-12-29,0.00329270968011,0.00160921878221,-2.625004617e-05,-0.000505217786237,-0.000540339143526,-0.000188571344068,-6.18963414634e-05,0.000542624943428,-0
2015-12-30,-0.00220116098365,-0.000945184156625,-0.000601550915555,-3.72384923633e-05,3.8462069639e-05,5.36764384997e-05,-0.000686872538014,-0.000178010120865,-0
2015-12-31,-0.00309860107743,-0.00194001283598,1.31411007913e-05,0.000542856453939,0.000115820017209,8.08173599575e-05,3.53863808965e-05,-0.000447053642631,-0
2016-01-04,-0.00430712321846,-0.00228106112674,-0.00122751807778,-7.51905776472e-05,0.000436370251803,0.000194034610248,0.00127100516533,-0.000616032783189,-0
2016-01-05,0.000517127096073,-0.000166907252461,9.30193803519e-05,9.47649637601e-05,-2.92229740534e-05,-3.17854308176e-05,0.000259470990713,0.000981838018652,-0
2016-01-06,-0.00385755367179,-0.00275078952152,-0.000756058193321,0.00077502030583,0.000623709153654,0.000158706859224,0.00133085112781,-0.000141862783492,-0
2016-01-07,-0.00727799997501,-0.00280533700132,-0.00134587669226,-1.89336266781e-05,0.000225156316609,-4.1000489945e-05,0.00132805707132,-0.00101058070137,-0
2016-01-08,-0.00328575593679,-0.00182039595134,-0.000363784257369,0.000461024911758,0.000267352224228,4.14542697345e-05,-0.000426415759049,-0.000687765942449,-0
2016-01-11,0.00029471876851,0.000638785151935,-0.000176165706718,-0.000598986428402,-0.000338589543827,-0.000268705627777,-0.0008578191242,0.000289878245065,-0
2016-01-12,0.0024076383617,0.000596696255593,0.000149219308198,0.000464093177203,0.000478462617562,0.000139115906604,-0.000484153932632,-0.000342941900022,-0
2016-01-13,-0.00747678230751,-0.00220895847613,-0.000459675034918,0.000481825757954,0.000417241317767,0.000106306034019,0.000464304587093,-0.000729561210185,-0
2016-01-14,0.00484425837904,0.0017153432658,0.000518637492405,-7.78683348422e-05,-0.000220646433076,-4.66516203706e-05,-0.0015623742391,-0.000119428200478,-0
2016-01-15,-0.00640584179434,-0.00512019996354,-0.0017109938382,0.000251544989808,0.000498924860164,0,0.000969292277725,-0.000343261105209,-0
2016-01-19,0.000393276016008,0.00125225416826,0.000549700238208,-0.000215451942413,-0.000141375357367,-5.16658108521e-05,-9.25383795136e-05,0.000267232528578,-0
2016-01-20,-0.00378475650324,-0.00331841498245,-0.000836662912148,0.000175933779924,0.000534080756814,2.81333378513e-05,0.00128378448258,-0.00136022648262,-0
2016-01-21,0.00164542805813,0.0010853089709,6.90940897126e-05,-0.00029537272721,-0.000274087497726,-0.000188948813616,0.000111638372432,0.000275360028786,-0
2016-01-22,0.00604409471024,0.00415746038279,0.00133690159669,0.000157272378779,-0.000243011168897,7.53825922854e-05,-0.000454768879522,0.00138701447789,-0
2016-01-25,-0.00448911110097,-0.00209591206896,-0.000667027479008,-0.000116592909884,0.000360064925722,9.77403085751e-05,0.000990017838866,-0.000317683290241,-0
2016-01-26,0.00401522542994,0.00262555884788,0.000575321496334,0.000273333970434,8.05189219711e-05,0.000131143431874,0.00111614702042,0.00105886306402,-0
2016-01-27,-0.00321492125752,-0.000937662952833,-0.000257722619637,3.87658052668e-05,7.97217258262e-05,0.00012981713269,0.000365367497934,-0.000989159323749,-0
2016-01-28,0.0015293936852,0.000556715063452,0.000640589739099,0.000174712470229,0.000140225586954,0.000107166445602,-0.00105548025432,-0.000384312433976,-0
2016-01-29,0.00718203766496,0.00252246129288,0.0014286678154,0.000620668171451,0.00057985674037,0.000209322122048,0.00037565551624,0.00102528515939,-0
2016-02-01,-0.000107556268498,-0.000295216630796,-0.000415990330903,-0.000253049363995,-0.000247853697882,-9.1759075608e-05,0.000994011161408,8.48206785837e-05,-0
2016-02-02,-0.00536412478448,-0.00328994921866,-0.00122156495672,0.000632695389109,0.000760535864577,0.000156024997509,3.615161672e-05,-0.000456823606924,-0
2016-02-03,0.00176755481169,0.00127657895683,0.00106983353802,-1.93012463844e-05,-0.000119596143696,6.48119344154e-05,0.00105782908355,0.000335762623844,-0
2016-02-04,0.000462823759095,0.000296211067443,0.000282856143623,0.000211622940824,0.000257735943486,9.23503214229e-06,0.00119722736166,2.61962809175e-05,-0
2016-02-05,-0.00561375330412,-0.0021524184257,-0.000429843055576,-0.000191899445981,0.000138377344543,-0.000142380406488,0.00158289030538,-0.000953382025811,-0
2016-02-08,-0.00392153031307,-0.00259470554591,-0.000568553494312,0.000812131305701,0.000816744664583,3.70252978665e-05,0.00137649505623,-0.00142153412788,-0
2016-02-09,1.55248079303e-05,-0.0015397312251,-0.000517245460758,-1.93199313532e-05,2.00756653618e-05,-0.000116313491321,-0.000229148259476,-0.000893333216072,-0
2016-02-10,-0.000250065364183,-0.000300399422518,0.00012290655306,0.000526575002017,0.000331660438412,0.000191398607034,0.000809253294844,0.000331949059181,-0
2016-02-11,-0.00376171080622,-0.00184181436184,-0.000586185033521,0.00013628956542,0.000511562280387,0.000181778233562,0.00422275358812,-0.000682606322548,-0
2016-02-12,0.00589527362719,0.0021885611976,0.000655546699139,-0.000585223483405,-0.000854177963056,-0.000196096999331,-0.000643761952525,0.000544440363271,-0
2016-02-16,0.00489153079815,0.00268461507814,0.000949349258001,-0.000522903557631,-0.000329304877051,-0.000213282220619,-0.00327863182071,0.000876893092811,-0
2016-02-17,0.0047897072468,0.00254403060016,0.000850119421415,-0.000115812652684,-0.000268106157346,-8.76533593635e-05,0.000645162233766,0.000413293433379,-0
2016-02-18,-0.00121015112768,-0.000672503149229,-0.000200652482515,0.000630554110222,0.000501946943061,0.000141758334763,0.00253116202956,0.000487711961614,-0
2016-02-19,-0.000137368984325,-0.00025164496819,-0.000173507617603,3.79677966057e-05,0,4.10811110476e-05,-0.000638135839342,0.000279042083741,-0
2016-02-22,0.00425198322956,0.00172094710662,0.00101523291404,5.7393501415e-05,-0.000108102631066,0.000123308938436,-0.00188004625493,0.000467562038528,-0
2016-02-23,-0.00374143897685,-0.0023790954786,-0.000903265478482,3.78842781203e-05,0.000215019603946,0.000154355338037,0.00154747005966,-0.00012914971269,-0
2016-02-24,0.00134544759274,-0.000419563471286,0,7.64400063747e-05,0,0.000114159207154,0.000350673286091,-5.84263601453e-05,-0
2016-02-25,0.00357259114293,0.0016759368778,6.66663914481e-05,0.000533128485061,0.000323782640184,0.000209683621276,0.000278346430296,0.00100475529181,-0
2016-02-26,-0.000681856218913,-0.000498969677362,-0.000357273054244,-0.000377979081831,-0.000525777794624,-0.000131206125628,-0.000721763582216,-0.000257315366748,-0
2016-02-29,-0.00232651477266,-0.000625848117175,0.000252313768965,0.000246562226961,0.000175817150041,0.000172537983664,0.00136819425109,-0.000193682961632,-0
2016-03-01,0.00692493462032,0.003633556159,0.00148871748706,-0.000625805632418,-0.000845219094879,-0.000140905475663,-0.00077872057959,0.00139578235733,-0
2016-03-02,0.00133971553341,0.000991428354976,0.000644167698485,-0.00022582142379,-0.000184073841205,0.000107895915389,0.000805620539087,0.000364315756328,-0
2016-03-03,0.00116962344441,0.00152260211134,0.000458395639678,0.0002437000464,0.000125477951453,0.000102931977291,0.00180790661992,0.000267399212733,-0
2016-03-04,0.000969181908059,0.00110474336951,0.000937599352654,-0.000316944050278,-0.000355066508082,-0.000155776380895,-0.000166614604431,6.3327753124e-06,-0
2016-03-07,0.000238053282985,-0.000122501387129,-9.09696099632e-05,-5.56831463091e-05,-0.000210657400891,-0.000199945382457,0.000525080805824,0.000132668107215,-0
2016-03-08,-0.00325811783619,-0.0015922061153,-0.000753613960743,0.00050201675574,0.000603183879052,0.000191021380073,-0.00048996867312,-0.000517942679242,-0
2016-03-09,0.0014658468659,0.000615679421608,0.000274318054853,-9.35505880639e-05,-0.000413926443252,-3.12723799201e-05,-0.000879623624923,0.00027940133953,-0
2016-03-10,0.000238955837299,-0.000123033447238,-0.000104368888705,9.34368872717e-05,-0.000374938304397,-0.000173922488372,0.00168682310032,-0.000183936152981,-0
2016-03-11,0.00480514431869,0.00372657271687,0.000938359731816,-0.000373025604688,-0.000297634221079,-1.78393458028e-05,-0.00183423327937,0.00112781232407,-0
2016-03-14,-0.000384812109146,-0.000324928856051,-0.000245634111162,0.000111074131124,7.61518493612e-05,-5.74473776845e-05,-0.00134071698313,6.26517743308e-06,-0
2016-03-15,-0.000489707663187,-0.00148433219989,-0.000730695978618,-0.000185562486674,-1.91094697787e-05,-9.74412424398e-05,7.85199620374e-05,2.52142133406e-05,-0
2016-03-16,0.00174087422255,0.00151734314958,0.000898136359327,0.000874167796067,0.000545766191085,0.000528628974878,0.00230129968891,0.000619062030879,-0
2016-03-17,0.00190214863648,0.00134117356504,0.000877194558446,0.000423826247232,0.000113897253481,0.000110044761901,-0.000398908053836,0.000726270220314,-0
2016-03-18,0.00117957819488,-0.000242601968656,0.000295200046139,0.000164996039063,0.000179414591441,0.000166488573147,-0.000284717888432,-0.000224274941066,-0
2016-03-21,0.000427181051723,-0.000282693789042,0.000179461227021,-0.000439491133531,-0.000292373593943,1.30879028305e-05,-0.000723859298414,-0.000466151011373,-0
2016-03-22,-0.000162271197139,-0.000161830370687,-0.000192596846404,-0.000128423810222,-0.000217203018478,-0.000127069604193,0.000302084056116,0,-0
2016-03-23,-0.0019927199965,-0.00157865965193,-0.000680939606817,0.000440604942688,0.00047257584589,5.26225581834e-05,-0.00233197303448,-0.000277431280173,-0
2016-03-24,-0.000133700236917,-0.000936498879889,-6.46064686007e-05,1.85220942299e-05,-0.000104595925181,-0.000114678647048,-0.000243267746868,1.90426821975e-05,-0
2016-03-28,0.000178473884769,0.00089723917774,0.000116498512631,0.000147893990246,0.000152323110912,6.1840448039e-05,0.00023494418115,0.000463718186705,-0
2016-03-29,0.00278964490501,0.00170892770493,0.000426205421721,0.000608926537113,0.0007030870253,0.000524543143196,0.00187535495857,0.0011218550429,-0
2016-03-30,0.00132274432775,0.00108803630563,0.00049881993717,-7.31336064919e-05,-0.000141123308699,3.0541123635e-05,-0.00142731721159,-0.000100419578027,-0
2016-03-31,-0.000733999152395,-0.00128797976395,-5.1110784403e-05,0.000638824304861,0.000375884582187,5.22922498405e-05,0.000463752127802,0.000319746642297,-0
2016-04-01,0.00205535308096,-0.00161033314866,0.000127790682234,-0.000179215212176,-3.00840693602e-05,3.92622272476e-05,-0.000609882101535,-6.89718714833e-05,-0
2016-04-04,-0.000983863430159,-0.000322113586336,-0.000600740823805,0.000201306062511,0.000122370771535,6.10716139182e-05,-0.00067019616624,-7.52828960864e-05,-0
2016-04-05,-0.00303202637534,-0.00266381038993,-0.000819872569638,0.000275031013836,0.000415331587458,5.24830957449e-05,0.00130038345823,-0.00034577482161,-0
2016-04-06,0.00329811550723,0.00227108292986,0.000553527171553,-3.69531513439e-05,-0.000227643017259,-0.000131833775953,-0.000623052590989,0.00012634240983,-0
2016-04-07,-0.0036341323976,-0.00201718244622,-0.000909194498017,0.000440056885636,0.000537754412328,0.000174818059118,0.00143761371235,-0.000326795117489,-0
2016-04-08,0.000812729856241,0.00267425259771,0.000745930392473,-0.000202537145933,-0.000161048953484,-0.000100921731487,-0.00015562152403,0.000290353932057,-0
2016-04-11,-0.000706480673513,0.000121076676454,0.000576476027278,0.00014672704667,-1.88440434155e-05,-0.000126803651584,0.00137792055803,-0.000106879155894,-0
2016-04-12,0.00279306188723,0.00217675675483,0.000678123666997,-0.000329700529851,-0.000414799481261,-0.000209608590204,1.72059683948e-05,0.000376748912596,-0
2016-04-13,0.0030422261384,0.00228606019698,0.000827448312983,9.11625462989e-05,7.50462928314e-05,4.34622160487e-05,-0.00109537924385,-0.0002311716714,-0
2016-04-14,1.45531368524e-05,0.000159649619298,-0.000227995312209,-0.000344576512741,-0.00024265034266,-0.000116710223754,-0.00141343734383,-0.000285928344431,-0
2016-04-15,-0.000335572951534,-0.000400018520795,-0.000266634538689,0.000563527610053,0.000308690527518,0.000177657952463,0.000691387681295,0.000386364239294,-0
2016-04-18,0.00212759717067,0.00131858552138,0.000152178323756,-1.82138603192e-05,-0.000102781172369,-8.65860364424e-06,-0.000153469715408,0.000248964327712,-0
2016-04-19,0.000958269817408,0.00254825601314,0.000682454508076,-1.8074791144e-05,-0.000167616454092,8.62559008293e-05,0.00156323058847,2.48065801681e-05,-0
2016-04-20,0.000288803071632,3.96067106918e-05,-0.000289024159662,-0.000485708004923,-0.000518441167216,-0.000205854455021,-0.000515318561021,-0.000875747378508,-0
2016-04-21,-0.00163578045182,-0.000873202678473,-0.000491350966952,-0.000270506077612,-0.000167080125407,-6.0185686997e-05,0.000381126403761,-0.000908903530381,-0
2016-04-22,0,-0.00011960681649,-0.000164464053896,1.80545175651e-05,-0.000111843049962,-3.02371262257e-05,-0.00130107550478,0.000546299609611,-0
2016-04-25,-0.000523744204583,-0.000638396083763,-0.000354591774343,-0.000217577289981,-0.000111964164457,-5.61785876382e-05,0.0002894681088,0.000422638270549,-0
2016-04-26,0.000451551129685,0.000559251876332,0.000519866122027,-9.07839029641e-05,-0.000214869669282,-2.1661182586e-05,0.000400613835339,0.000199135766658,-0
2016-04-27,0.000625327016487,0.000239273228403,0.000265797749545,0.000598065534369,0.000559479197612,0.000298070936722,0.00028929146398,-3.10706120356e-05,-0
2016-04-28,-0.00275510544764,-0.00190861177602,-0.000454361437541,0.000397424793574,0.000353363593225,0.000258418700035,0.00190897688957,-0.000105298285696,-0
2016-04-29,-0.00162786567653,-0.00047827099727,-8.8536977609e-05,-1.80735060367e-05,-3.72515055916e-05,-2.15699303571e-05,0.00200693153091,-0.000471816292687,-0
2016-05-02,0.00238524560598,0.00123645785403,-0.000113947258631,-0.00013623794685,-0.000297995275293,-0.000164193685391,-0.000348921822473,0.00078901135188,-0
2016-05-03,-0.00262373047538,-0.00246460872213,-0.00122386210817,0.000361921322426,0.000605102036232,2.15453866581e-05,-0.000237489455025,8.05046430813e-05,-0
2016-05-04,-0.00167633141367,-0.00175868811322,-0.000608963949303,9.10396196185e-05,0.000187188144783,5.62812930179e-05,-0.000639640869004,0.000740885087542,-0
2016-05-05,-5.8491920014e-05,-0.000120358330057,0,0.000511252174994,0.00028185845547,0.000160785633333,-0.000119831487933,0.000149975851298,-0
2016-05-06,0.00109636226187,0.000320634639249,0.000101767088842,-0.000310166076362,-0.000244066785493,-0.000173663994576,0.000949332782369,0.000580642914062,-0
2016-05-09,0.000247848423482,-0.000479838329527,-0.000647328013265,0.000127409834598,0.000196679323684,3.03083332323e-05,-0.0021587821122,0.000585536051016,-0
2016-05-10,0.0037412129984,0.00212385420601,0.000839493388269,9.120104774e-05,-1.87555222055e-05,0.000151946811451,0.000282174021832,-6.25431536798e-06,-0
2016-05-11,-0.00282933565605,-0.0010344193573,-0.000126277859661,0,0.000158394919351,-8.63051097824e-06,0.000967804148295,-0.0011465288457,-0
2016-05-12,8.73329271529e-05,-0.000119784042797,-7.61010281215e-05,-0.000181828078212,-0.000280647834092,-3.45887203976e-05,-0.000818281293012,0.000304897262199,-0
2016-05-13,-0.00262516063156,-0.00159975757439,-0.0007616189738,0.000382218159287,0.00039335806402,0.000121273392853,0.000469328715216,-0.00047342452903,-0
2016-05-16,0.00295824540857,0.00176687480291,0.000484364867802,-0.000347274562429,-0.000376144003988,-5.65442872063e-05,7.71189773106e-05,0.000500407199029,-0
2016-05-17,-0.00281238590005,-0.00083905380568,-0.000177569363125,-0.000272748124511,-0.000140405909879,3.46056623352e-05,0.000358078213387,-0.000983392059531,-0
2016-05-18,8.78827150167e-05,-0.000120466369517,-0.000331355439477,-0.000840838338558,-0.000836842504221,-0.000434926978391,-0.00181623023892,-0.000819305191903,-0
2016-05-19,-0.00104497469215,-0.000968567233002,-0.000512370516596,0.000128448465301,0.000103944478554,-2.18555671229e-05,-0.000198052391261,-0.000578347568338,-0
2016-05-20,0.00190450428876,0.00133594325355,0.000462575125768,0.000129073707012,6.63365290136e-05,-2.63116989815e-05,-0.000138208599271,0.000409873690945,-0
2016-05-23,-0.000411674883116,-0.000483765109333,-8.95729864708e-05,-3.66399448364e-05,6.61546860134e-05,2.62031188567e-05,-0.000292471449046,6.29199451417e-06,-0
2016-05-24,0.0039154316451,0.00177598157497,0.000499651191072,-0.000110336370625,-0.000170188927252,-4.80806952287e-05,-0.00178282088881,0.000641312514323,-0
2016-05-25,0.00206587361421,0.00144630719008,0.000484579459329,3.67185512667e-05,-4.70021966056e-05,3.9172166957e-05,-0.000274309935846,0,-0
2016-05-26,8.75798484246e-05,0.00032018071189,0.000279486724292,0.000309642107519,0.000318688691985,0.000143073259286,-0.000341607569078,9.97659707405e-05,-0
2016-05-27,0.00131212746461,-0.000199891883384,-1.26967746115e-05,-3.63688354186e-05,-0.000196611044952,-6.49654122244e-05,-0.000818857862188,0.000280209900111,-0
2016-05-31,-0.000583081694563,-0.00051954685722,0.000114166207749,0.000127369451735,0.000121685678103,-7.35993325962e-05,0.000375207127143,-6.23020007375e-06,-0
2016-06-01,0.000627006385216,-7.99441480305e-05,-3.8071224369e-05,-0.000113047655593,-3.47372062631e-05,-7.53766253192e-05,-0.000102371715298,4.35948282684e-05,-0
2016-06-02,0.000932980649709,3.99682099313e-05,0.00034257623784,0.000510540545158,0.000318769783352,0.00016892867897,-0.000230297087625,0.000267741145973,-0
2016-06-03,-0.000916326884147,0.00115650477392,0.000670885390684,0.00109141730068,0.000954038867336,0.000319772499883,0.00273151003177,0.000211218053023,-0
2016-06-06,0.00154669810444,0.000990917176624,0.000364814002968,-0.000271209574065,-0.000269506370941,5.58257616516e-05,3.38279204341e-05,-0.0004012861079,-0
2016-06-07,0.00047588080837,0.00110744820196,0.000426840910332,0.00018043647334,0.000148399532293,0.00013287447003,-8.43935614476e-05,0.000314206938093,-0
2016-06-08,0.000992613975876,0.000473335958074,0.000363089892507,7.1976436605e-05,0.000120230632802,0.000115394420264,0.00148134899762,0.000331804559946,-0
2016-06-09,-0.000415518404614,-0.00184667117067,-0.000498849924486,0.000143423225749,0.000156679147187,1.70412747349e-05,0.000561701797273,0.000116277320547,-0
2016-06-10,-0.00288511721324,-0.00393605555747,-0.00111188381476,0.000269339128899,0.000360016089069,0,0.000411522883698,-0.000245237839736,-0
2016-06-13,-0.00234211349525,-0.00206142479297,-0.000541069378922,0.000162687439185,0.000204564698684,-6.44251076962e-05,0.000761296625574,1.23528905747e-05,-0
2016-06-14,-0.000595065515364,-0.00200918216085,-0.000123349886316,-9.07948321743e-05,-2.79890736879e-05,-0.000125063595868,0.000110389559704,-0.00013639155665,-0
2016-06-15,-0.000422191694108,0.000930723037904,0.000395369627518,0.000436976316172,0.000318278444607,0.00023355277681,0.000775069583897,0.000497428763085,-0
2016-06-16,0.00089968657597,4.03141886386e-05,-0.000101696524607,0.000127036899263,0.000112011147561,-9.91723610338e-05,-0.00110374681911,0.00029750196585,-0
2016-06-17,-0.00112578329674,0.00133093799898,0.000190676907776,-0.000145130871978,-0.000354559365309,-0.000125004226697,0.00133275400763,-8.67558941098e-05,-0
2016-06-20,0.00193770452875,0.00330383610494,0.000622222806018,-0.000562003266386,-0.000447476146589,-0.00014212392109,-0.000627537066787,7.4305011047e-05,-0
2016-06-21,0.000856048736393,0.00112337490005,0.000328802913327,-0.000144456864298,-0.0002320328173,-0.000150098191061,-0.00200149870187,0.000201538993367,-0
2016-06-22,-0.000493300087381,-0.000240715076057,6.32379330727e-05,0.000126510670878,0.000204227990648,0.000132961324993,5.0676104253e-05,-8.08803892844e-05,-0
2016-06-23,0.00393279516593,0.00381273051756,0.00108784182008,-0.000343290636275,-0.000492081184065,1.71436839514e-05,-0.000667336804051,0.000267559451036,-0
2016-06-24,-0.0109029231738,-0.0121084694914,-0.00252331159952,0.00107533873292,0.00140984861309,0.000306535337415,0.00493785067371,-0.000469309561602,-0
2016-06-27,-0.0053401968045,-0.00267773936756,-0.000447551874367,0.000821568210307,0.000910483784747,0.000147432535777,0.000580686476469,3.77538854761e-05,-0
2016-06-28,0.00531323195088,0.00363258619694,0.0012220942452,0.000257041531522,-1.88801687771e-05,0.000174513397195,-0.00116834512627,0.00113265467587,-0
2016-06-29,0.00505332098851,0.00250413984209,0.00101839962311,-0.000145433254592,-0.000429812516753,-3.02186755129e-05,0.000442055679513,0.000657528553474,-0
2016-06-30,0.00408161192683,0.00172115027653,0.000441542221901,0.000414251709411,0.000231471805055,9.41302154778e-05,0.000530761073814,0.000564673462203,-0
2016-07-01,0.000631818545821,0.000317639470029,0.000325378999184,0.000433211301822,0.000274136286559,0.000384478022732,0.00162129708555,1.84756942524e-05,-0
2016-07-05,-0.00215948744448,-0.00276832062279,-0.000872523692911,0.000534803026819,0.000568104552002,8.06801689783e-05,0.000882325221866,0.000600846874835,-0
2016-07-06,0.00179320355301,3.96580544558e-05,0,0.000375505999474,1.83867251059e-05,0.000119281834514,0.000634595973169,-0.000239879061781,-0
2016-07-07,-0.000185949112099,-0.000593468668329,-0.000187019516456,-0.000142712722991,-0.000137501278083,-0.000101971621975,-0.000408023913928,-0.000564262423631,-0
2016-07-08,0.00447380425097,0.00190351355198,0.000962369034088,0.000303974590396,0.000202090124003,0.000110689572863,0.000651030365567,0.000879128555647,-0
2016-07-11,0.00106536049134,0.00188556477767,0.00035904403118,-0.000531241001075,-0.000546050921692,-0.000240358576436,-0.00101698782695,0.000365429285618,-0
2016-07-12,0.00219876299013,0.00196150343758,0.000680055943447,-0.000601393489911,-0.000608952476101,-0.000164273621894,-0.00176700171259,-6.0812894435e-06,-0
2016-07-13,-4.24447587228e-05,-0.000117521345255,-7.40787778922e-05,0.000282597347279,0.000263154330393,0.000105125328324,0.00096444709499,0.000303571515015,-0
2016-07-14,0.00169658488796,0.00121201958114,0.000616157301209,-0.000176373540133,-0.000425745939359,-0.000125922430451,-0.000814698457312,-0.000490966567656,-0
2016-07-15,-0.000409413424522,-0.000702693228524,-0.000159960006387,-0.000721403827345,-0.000388915698651,-5.4483395858e-05,-0.000402636519909,1.8141486874e-05,-0
2016-07-18,0.000821143594525,0.00031321409855,0.000394856202632,3.52424868937e-05,-2.72130855882e-05,-3.36092669228e-05,0.000164808340216,0.00014567792806,-0
2016-07-19,-0.000310961995405,-0.00113327977231,-0.000394141183111,0.000405202811265,0.00027162928371,4.15248582874e-06,0.00013982870799,0.000266582751181,-0
2016-07-20,0.00127271777919,0.0010167856986,0.000234198088539,-0.000176241738977,-0.000208450480057,-8.81663673505e-05,-0.00149813064691,6.06593230864e-06,-0
2016-07-21,-0.0011589335153,-0.0003517603761,-0.00012319892296,0.000176143313922,0.00022640574259,2.09811034039e-05,0.0015713392784,0.00010905994488,-0
2016-07-22,0.00137042589993,7.81300152308e-05,0.00029551845076,3.52049124356e-05,-8.1433686388e-05,-4.19424923026e-05,-0.000781191264599,0.000484567833113,-0
2016-07-25,-0.000832479280424,-0.000234081907915,-0.000368906015648,-0.000228593202425,-8.13670138389e-05,-0.000104709522187,-0.000722641785349,-0.000102816183769,-0
2016-07-26,0.000141570148372,0.000665002991575,0.000271261452559,0,6.34454610387e-05,8.40046247781e-05,0.000436395412222,-0.000272928792901,-0
2016-07-27,-0.000324934003269,0.000625058534126,6.15663982229e-05,0.000581256094434,0.000434436185236,0.000188715440692,0.00166916156195,-0.000430022556463,-0
2016-07-28,0.00035212963554,0,-2.45539205007e-05,-1.76597211122e-05,5.4192034153e-05,6.69384851754e-05,-0.000303376542458,0.000507325129675,-0
2016-07-29,0.000492693928194,0.00163515294373,0.000245402119314,0.000526460206248,0.00038783211857,0.000108656918645,0.00108163725663,0.000700145611595,-0
2016-08-01,-0.000252082338112,-0.000813394758796,-0.000170889751379,-0.000460048413141,-0.000352275516971,-0.000287621018299,0.00019565391053,0.000120106779231,-0
2016-08-02,-0.0019506316767,-0.000698582845414,-0.000244644718012,-0.000578374783919,-0.00024306704352,-0.00023842581465,0.000857701785157,-0.000890492591796,-0
2016-08-03,0.000887600334887,-0.000545492436527,0.000245623902042,0.000211119098681,5.42476428521e-05,0.000138605493476,-0.000508486577114,-0.000320151348941,-0
2016-08-04,0.000324093328393,0.000818160341824,0.000221025470075,0.000369510360437,0.000244026407531,0.000201520734665,0.000180399285494,-0.000223499342884,-0
2016-08-05,0.00248808852413,0.000505369170574,0.00050234771816,-0.00066720460879,-0.000631321148503,-0.000117302202249,-0.00189832203661,3.61822199634e-05,-0
2016-08-08,-0.000182626875819,0.000466395327174,0.000294005549056,0.000122958506483,-5.41551466269e-05,3.34970356663e-05,-8.99878527939e-05,9.63902251897e-05,-0
2016-08-09,0.000182501592716,0.00116524336835,0.000306028686457,0.000508584846732,0.000360431442541,0.000117222323505,0.000425100194328,0.000295048316172,-0
2016-08-10,-0.000755765218058,0.00050315191927,-0.000109803984353,0.000227341490481,0.000269431350767,1.2526461699e-05,0.00048885949682,-5.99970882119e-05,-0
2016-08-11,0.00141285914447,0.00108328336287,0.000536524029761,-0.000524145868867,-0.000484681709418,-0.000129281785171,-0.000724725677019,-0.000617792486386,-0
2016-08-12,-0.000265573110401,-0.0003866045744,-0.000182797322521,0.000471449635501,0.000358871777688,0.000125032450406,-0.000219736712639,0.000227791695857,-0
2016-08-15,0.000880669641557,0.000618575360373,0.000511778555946,-0.000349222623372,-0.00029603641267,-0.000125016394071,0.000358043702676,-5.39422929825e-05,-0
2016-08-16,-0.00157726562982,-0.000347429310018,-0.00024332463114,-0.000121978032111,-0.000170142843258,-6.65503547194e-05,0.000511872735093,-0.000646339875406,-0
2016-08-17,0.000573847695319,0,-0.000170796616957,0.00036701748972,0.000161562159595,0.000145997982593,2.44387467871e-05,0.000215997465268,-0
2016-08-18,0.00068483930121,0.000734376901972,0.000377688704926,0.000279437273033,0.000179403735279,8.3316362725e-05,0.000496287763005,-0.000197767897653,-0
2016-08-19,-0.000446137496014,-0.00107939787525,-0.000279473119835,-0.000435370021068,-0.000339856825475,-7.89531307812e-05,-0.000925047293452,-0.000340678092095,-0
2016-08-22,-1.39990889407e-05,0.000116063538168,-0.000585543770673,0.000297185361432,0.00022449601232,0.000100131237094,-0.000154784126885,0.000288039296876,-0
2016-08-23,0.000615616787876,0.000619159143347,-0.000231718172917,5.23903899172e-05,-9.04074848308e-06,6.67389247104e-05,-1.6285698923e-05,3.00046684939e-05,-0
2016-08-24,-0.00156525614973,-0.000425177248677,0.000134000972148,-6.98167729467e-05,-3.58267745836e-05,-7.49816163522e-05,-0.00115518172275,-0.000233714028947,-0
2016-08-25,-0.000210287971175,-0.000465398865094,-1.22379211206e-05,-0.000210241820945,-0.000161914261931,-2.50957336418e-05,-8.97874402554e-05,0.000240529508812,-0
2016-08-26,-0.000575568399336,-0.0010093006853,-0.000367038984945,-0.000315541448275,-0.000387351430998,-0.000188291792115,-0.000147071956262,-0.000529608901413,-0
2016-08-29,0.00150725816759,0.000545326066865,0.00034379703186,0.00054546168567,0.000415789492677,0.000176350728229,0.000204987770144,0.00052544067659,-0
2016-08-30,-0.000505021564403,-0.000310273161224,-7.33648518714e-05,-0.000105187192859,-8.99369318392e-06,-4.17884408324e-05,-0.00103691952387,-0.00010224622359,-0
2016-08-31,-0.000871490389646,-0.000505376067767,-0.000441099500785,-3.51033145644e-05,-0.000117252576386,8.37075059021e-06,-0.000204564055722,5.42413183209e-05,-0
2016-09-01,1.40909465759e-05,0.00120769698632,0.000245579551636,0.000172854924368,0.000158422787602,4.13091722564e-05,0.000418195765631,-0.000132858647958,-0
2016-09-02,0.00137765597085,0.0014772728157,0.000698399768119,-0.000263935272885,-0.000262006393159,-5.46817560108e-05,0.0010473580341,0.000464062186842,-0
2016-09-06,0.000923560602331,0.0013932703335,0.000805069127481,0.000420265055871,0.000467591465421,0.000230265753449,0.00174324220994,0.000414029074958,-0
2016-09-07,-2.77187340215e-05,0,-6.05996373809e-05,0.000104331960219,5.36085726514e-05,6.23935028259e-05,-0.000356146074103,0.000321943044638,-0
2016-09-08,-0.00069529763756,-0.000307593261937,-9.69635042475e-05,-0.000678436851791,-0.00049134511901,-0.000170551421565,-0.000550357105574,-0.000661708795686,-0
2016-09-09,-0.00729869191722,-0.00308750557233,-0.0014839667971,-0.000855679610066,-0.000475215833637,-0.000333961133739,-0.000682334055548,-0.00212411290707,-0
2016-09-12,0.00434127324671,0.00113782567487,0.000383334119723,0.000159800973182,9.11765765367e-05,1.69574301681e-05,-0.00013213114984,0.00062045748819,-0
2016-09-13,-0.00438319092276,-0.00307401570662,-0.00115626195146,-0.000546728619712,-0.00037123979032,-0.000214990965819,-0.000689108636138,-0.00132155386494,-0
2016-09-14,-0.000114096320371,-7.92490135625e-05,0.000163553039894,0.000249943298985,0.00022903023612,7.67660334736e-05,0.000356956551035,0.000166232666544,-0
2016-09-15,0.00303451885796,0.00126667558268,0.000728922247944,0.000124659167353,2.74569508615e-05,-1.27713617552e-05,-0.000671699318202,0.000196833435731,-0
2016-09-16,-0.00118002307036,-0.00177296640232,-0.000312714494141,0.000142088390914,0.000109296978458,8.0595251012e-05,-0.000255873961699,2.44653036391e-05,-0
2016-09-19,5.72215037209e-05,0.000948585150632,0.000389017515936,-0.000160209739223,-0.000173577960521,-5.95977431819e-05,0.000215283540482,0.000472871985333,-0
2016-09-20,1.42302419668e-05,0.000631333517619,1.25089910861e-05,7.09414937113e-05,0.000155092045578,-8.48702533487e-06,9.91954917491e-05,-7.97006869376e-05,-0
2016-09-21,0.00342244648679,0.00275956226627,0.00112646685732,0.000497194786782,0.000164059423567,0.000229191043024,0.00151133901252,0.00067377044828,-0
2016-09-22,0.001919434493,0.00144363772968,0.000210578082674,0.000404116164808,0.000297709189163,0.000239467538228,0.000245217453767,0.000939674516895,-0
2016-09-23,-0.00166997086175,-0.00139669571991,-0.0006158546179,-5.24430019788e-05,4.4902590566e-05,0.000133658444609,6.50215404268e-05,0.000162745440262,-0
2016-09-26,-0.00246408727699,-0.00128456204772,-0.000568478630869,0.000245491864506,0.000288010497352,2.09575439088e-05,-8.15452596378e-05,0.000127006349711,-0
2016-09-27,0.00187967636889,0.000703344453595,0.000483754708439,0.000246210744424,0.000171656567803,4.20671173666e-05,-0.000761212319221,-0.000570624433208,-0
2016-09-28,0.00150894421208,0.00128648119023,0.000457964309595,5.27166798996e-05,-4.5008175761e-05,5.87936879343e-05,-0.000326687252462,0.000436124207587,-0
2016-09-29,-0.00275453261729,-0.00178717099031,-0.000777109664274,0,6.28117505309e-05,-8.39144636487e-06,-0.000122089812436,-0.000712333021473,-0
2016-09-30,0.00229064371559,0.000977217325346,0.000335111603644,-0.000211274247125,-0.000253007449834,0,-0.000352135090842,-0.000364407492383,-0
2016-10-03,-0.000733583830394,-0.000272918985897,0.000309514334574,-0.000223351993896,-0.000234843507593,-4.61934425701e-05,-0.000261420386234,-0.000981560354028,-0
2016-10-04,-0.00155532678828,-0.000430049343145,-0.000471618077996,-0.000670156314838,-0.000461624496067,-0.000239893476882,-0.00356239328299,-0.000704599169406,-0
2016-10-05,0.00135423580721,0.000788239194194,0.000713200950074,-0.000266748193207,-0.000228113517701,-8.06317971338e-05,-0.000156870813945,-0.00104097943687,-0
2016-10-06,0.000213554010704,-0.000787386979917,0,0,-0.000209653399632,2.54471636752e-05,-0.000923696506629,1.83370573364e-05,-0
2016-10-07,-0.00105553145807,-0.000946378131904,-0.000162763344005,3.56028391345e-05,0.000146083090971,-1.27403821867e-05,6.60837510886e-05,-8.57781657561e-05,-0
2016-10-10,0.00160098755153,0.000592665666539,0.000326174625336,-8.91777878512e-05,-0.000265321922412,-6.80888656489e-05,0.000347670333383,0.00031310316912,-0
2016-10-11,-0.00389142237486,-0.00212782288824,-0.00088824582895,-0.000302229603616,-2.7376470251e-05,-3.81710167675e-05,-0.000503554494398,-0.000489783054975,-0
2016-10-12,0.000402461096176,-0.000198644288213,-5.04518762708e-05,7.18011364223e-05,0,-1.71014166986e-05,0.000158148066919,0.000580317329975,-0
2016-10-13,-0.00100512431928,-0.000396953520449,-0.000289878614299,0.000286477910375,0.000211415346338,7.6927887742e-05,0.000241162976893,0.000400888510024,-0
2016-10-14,0.000158013280991,0.000119134528222,0.000126090915604,-0.000340371287637,-0.000312726982941,-4.70355549884e-05,-0.000557431181138,-0.000228297641164,-0
2016-10-17,-0.00106409678257,-0.000238557814826,-8.83646952922e-05,0.000340740181108,0.00022099974457,0.000222596523613,0.000266524807839,0.000111173844586,-0
2016-10-18,0.00191304223697,0.00155086391474,0.000833278824625,0.000322912092064,0.000202518980377,2.99681964201e-05,0.000616478590518,0.000327493894767,-0
2016-10-19,0.000815241443562,0.000513995587014,0.000251067163454,0.000107143938548,4.5822519736e-05,6.8117198807e-05,0.000571515502962,0.000110572408547,-0
2016-10-20,-0.000570680194962,0,-6.25947710716e-05,-7.12161702089e-05,-9.13032470511e-05,-7.6449156708e-05,-0.000305706810057,-0.00011641844253,-0
2016-10-21,0.000142906002711,-0.000315864239305,1.25225716858e-05,0.000124635905718,0.000109682914999,5.52557125465e-05,7.44602208371e-05,-0.000190236455602,-0
2016-10-24,0.0012998427675,-0.000197519886841,0.000238221959084,-0.000302921139848,-0.000137170312895,-7.65031595351e-05,-0.000223371365889,0.000116592168265,-0
2016-10-25,-0.00102774361378,-0.000118356309063,-3.76032826007e-05,0,-1.82480037519e-05,7.64483330054e-05,0.000752295825263,-9.19661835556e-05,-0
2016-10-26,-0.000614085482646,-0.000710640102373,-0.000350958197831,-0.000391821121921,-0.000219387236588,-5.09995513181e-05,-0.000562414732473,-0.000668655068328,-0
2016-10-27,-0.000816924588517,-0.000158491285021,-0.000364798309154,-0.000500505564694,-0.00034867454179,-0.000213286502809,0.000182610364884,-0.00132974766679,-0
2016-10-28,-0.000906184657396,-7.95635671211e-05,-0.000265103289392,0,1.84405566511e-05,5.5649738643e-05,0.000474809463186,0.000117393560384,-0
2016-10-31,1.43229085814e-05,-0.000119308248757,0.000378931424785,0.000251245585207,8.28885599961e-05,9.42360032179e-05,0.000300055729973,0.000809831938468,-0
2016-11-01,-0.0022122360793,-0.000397147537782,-0.000353052813053,-0.000107604168852,3.71559341119e-06,4.2799354254e-06,0.000657264179674,-0.00109837854618,-0
2016-11-02,-0.0018308340459,-0.00107602821391,-0.000544065896882,0.000234166034214,0.000304991530422,2.14526763979e-05,0.000759759155944,-0.000724489063917,-0
2016-11-03,-0.00138786772691,-7.99431007164e-05,-0.000114201936911,-0.000270994800973,-6.49105001066e-05,-0.000142006437849,0.000552617321822,-0.000378821805364,-0
2016-11-04,-0.000333187653091,-0.00120129980765,-0.000495821940742,0.000416266510085,0.000315665370964,0.000129337466002,7.54958179817e-05,0.000385751305457,-0
2016-11-07,0.00666769599003,0.00196349192837,0.0015775693765,-0.000235446920271,-0.00042739183647,-2.58795563379e-05,-0.00188041263616,0.000859193642473,-0
2016-11-08,0.00137980037047,0.0003576090261,0.000227080447245,-0.000323265942808,-0.000359286012738,-8.55441243076e-05,-0.000424523911989,0.000259314760579,-0
2016-11-09,0.00325929977729,-0.000238150272201,-0.00126023313653,-0.00184795976605,-0.00153705098518,-0.000367569749069,-6.65246322485e-05,-0.000752418145925,-0
2016-11-10,0.000777509033304,-0.000477632824693,-0.00135222328568,-0.000809580459886,-0.000599899986662,-8.56879821644e-05,-0.00150932544636,-0.000822559329059,-0
2016-11-11,-0.000723488840883,-0.00115995875345,-0.000838179363434,-0.000361655262014,-0.000204083699188,-0.000137828356013,-0.002220625448,0.00029210388827,-0
2016-11-14,0.000247364817589,-0.000643465946569,-0.000217050519659,-0.000799710237827,-0.000578119599913,-0.00038101651459,-0.000834055175114,0.00116221679334,-0
2016-11-15,0.00246345182078,0.000886510664511,0.000844413524322,0.000145697967858,0,3.03774068979e-05,0.00085265108976,-0.000419514449568,-0
2016-11-16,-0.000594826160207,-0.00132347046537,-0.00036925948463,0.000435004322022,9.30055977336e-05,0.000103618047638,-0.00029406510996,-0.000143318458909,-0
2016-11-17,0.0016281899109,0.000964581398397,1.27633354096e-05,-0.000744790305445,-0.000438018983044,-8.22065804547e-05,-0.000505158999469,-0.000505809820447,-0
2016-11-18,-0.000712103282724,-0.00128560943673,-0.000102050598787,-0.000635615451522,-0.000437856696713,-7.3546953152e-05,-0.000858486742484,0.000143589515415,-0
2016-11-21,0.00240745917806,0.00125035229468,0.000448204122336,0.000164145848211,8.423255602e-05,0.000117263882565,0.000363352009923,-0.000150408982977,-0
2016-11-22,0.000624494118511,0.000441594710568,0.000497124467824,0.000181439771304,9.30235380249e-05,4.32129656678e-05,-3.36433310265e-05,0.000860845636218,-0
2016-11-23,0.000173771236672,-0.000520447218557,-0.000444918986679,-0.000687649413114,-0.000352744453559,-0.000163799724897,-0.00192083558855,-0.000211532495945,-0
2016-11-25,0.00119262321307,0.00028142226989,0.000242523053406,-1.82695342608e-05,-8.3887975835e-05,-8.22483301577e-05,-0.000539051977819,0.000287345632326,-0
2016-11-28,-0.0015106204486,-0.000522008225883,0.000229486452999,0.000689745763714,0.000446845370003,7.35377619683e-05,0.00100102101973,0.000230862010796,-0
2016-11-29,0.000624216602692,0.000802557877747,2.54750976218e-05,0.000217691848757,0.000102373172221,4.75120599566e-05,-0.000445552717278,0.000480084890703,-0
2016-11-30,-0.000767953764266,-0.0002002783507,7.62806383866e-05,-0.00077851913688,-0.000659361801312,2.58412963346e-05,-0.00127542819203,-0.000578764722608,-0
2016-12-01,-0.00117851192753,-0.000361952796641,-0.000523548990472,-0.000648484100061,-0.000374548518839,-0.000141475403734,-0.000176945868328,-0.000737429083652,-0
2016-12-02,0.000160773157387,0.000403861228029,-5.12871390867e-05,0.000621847026436,0.000440814578163,2.61517721493e-05,0.00050766374059,0.000495754848821,-0
2016-12-05,0.00192345695213,0.00112791185087,0.000306948843624,0.000164191823592,-3.74272698568e-05,6.95418428887e-05,-0.000506344420095,0.000369277349075,-0
2016-12-06,0.0010164580111,0.00100367123477,0.000191194432202,-3.63750722603e-05,3.729979568e-05,9.52820433606e-05,-9.25143883183e-05,0.000324369669755,-0
2016-12-07,0.00420078067192,0.00192213034364,0.000686552049503,0.000507777484374,0.00032542776456,4.32360571027e-05,0.000335563249668,0.00100795203101,-0
2016-12-08,0.000789556268251,0.000119070181118,0.000214182276545,-0.000359509747292,-0.000368643863354,-4.71039626535e-05,-0.000216165225797,0.000351472011229,-0
2016-12-09,0.00195137683834,0.000436308896147,-0.000214078906845,-0.000592752009045,-0.000497346014152,-0.000222572649497,-0.000972264535844,-5.54710085152e-05,-0
2016-12-12,-0.000373063009994,-0.00047610997198,-0.000377903534828,-0.000179516175514,1.83992869473e-05,-8.56004206823e-06,0.000349075288668,0.000339055387499,-0
2016-12-13,0.0021684765486,0.00154836831836,0.00046638713653,0.000251606451923,5.5308093134e-05,-1.71366536412e-05,-0.000307740402003,-2.46812206234e-05,-0
2016-12-14,-0.00268881350983,-0.00241178469837,-0.00133060905986,-0.00105639259774,-0.000798678125686,-0.000379690717955,-0.00134183387754,-0.00112422266657,-0
2016-12-15,0.00134514727586,-0.000239901953925,0.000203115838868,-0.000235422690311,-0.000269273751944,-0.000301992358325,-0.00124805752807,-0.000298192586464,-0
2016-12-16,-0.000642324789081,4.00391257754e-05,-0.000279576317645,0.000126891560702,0.000120842559004,-2.5916464213e-05,0.000595337283703,0.00075869852982,-0
2016-12-19,0.000713176277246,-0.000119982896191,-0.000304768061786,0.000507250920676,0.000445775177524,0.000198522374101,0.000452467816915,0.000553106815856,-0
2016-12-20,0.00126303948182,0.000319177238352,7.63723643353e-05,-0.000180758290195,-0.000203777228306,4.73751202167e-05,-0.000668691871991,0.000117790998904,-0
2016-12-21,-0.000913992350526,0,-0.000139917744478,0.000415259440138,0.000157333249812,0.000120430436699,5.01115243518e-05,-0.000786712149512,-0
2016-12-22,-0.000566204094433,-0.000402434719192,-0.000420169814937,-1.75693178792e-06,-4.17818660474e-05,0.000150756874073,-0.000217399152179,-8.54921810648e-05,-0
2016-12-23,0.000479979319498,0.000322428014464,0.000216799651663,5.43496864182e-05,9.30019067034e-05,5.60599370127e-05,0.000284743351111,0.000133182421768,-0
2016-12-27,0.000813160675295,-0.00020117596189,0.000216454121101,-0.000144847621652,-0.000139211843289,-2.15279120579e-05,0.000526740083014,0.00010762836281,-0
2016-12-28,-0.00271245249468,-0.000281353442149,0.000279785080353,0.000307657910238,0.000352267116745,0.000124717564288,0.000250542323498,-0.000309879663695,-0
2016-12-29,-7.26218061201e-05,0.000523553276601,0.000700869257561,0.000598226281122,0.000297278992096,6.03551928383e-05,0.00119661958448,0.000633658739435,-0
2016-12-30,-0.00118714368494,0.000280818465023,-0.00024118025268,0.000397350462212,0.000286886939702,0.000158840721641,-0.000566790049313,0.000650105885433,-0
2017-01-03,0.00247607572709,0.000922822015067,0.000495137442998,0.000198573187341,-4.62915152899e-05,4.72298812936e-05,0.000716981429309,0.000170473848153,-0
2017-01-04,0.00193074338563,0.00179656951789,0.000416890075086,5.40183112989e-05,0.000110462132528,0.000106842762318,0.000323530495541,0.000760098790895,-0
2017-01-05,-0.000257945420916,0.00131026141674,0.000477437778459,0.000804398563477,0.000622831341344,0.000165699005787,0.00141905209945,0.000168687307323,-0
2017-01-06,0.00115538838753,-0.000592725495149,-0.000187586939076,-0.000640537763771,-0.000437547287322,-0.000198795170702,-0.000681565703547,6.206982111e-06,-0
2017-01-09,-0.00107144887358,-0.000356253340627,-7.51533046409e-05,0.000320738792341,0.000365198717336,7.62624144712e-05,0.000756660625299,-0.000473321350277,-0
2017-01-10,0,0.000158331315573,0.000250611001079,-5.3435897897e-05,-4.56619343501e-05,3.81442713566e-05,0.000394963626652,-0.00044240161423,-0
2017-01-11,0.000914424862185,0.00102938694949,0.000400862764953,0.000231630021587,0.000109532864913,0.000152540003173,0.000287904511525,-0.0003176604302,-0
2017-01-12,-0.000812128680771,0.000118400362616,0.000112419368072,7.10987857767e-05,5.46787752966e-05,4.22283098367e-05,0.000336319459312,0.000260863922955,-0
2017-01-13,0.000740677205697,0.00055256034491,-4.99563665695e-05,-0.000337549438313,-0.000209377966212,-8.44672975723e-05,0.00024603621505,-7.45114421756e-05,-0
2017-01-17,-0.00113865223352,-0.000394379861456,-4.99141386552e-05,0.000656920514701,0.000482168595534,0.000151939574426,0.00134396512099,0.000397146580423,-0
2017-01-18,0.000710574160514,-0.00066949355751,-0.000174454472318,-0.00083327017944,-0.000681289559615,-0.000236024889716,-0.000801935745931,8.67885614928e-05,-0
2017-01-19,-0.0011968936198,-0.000276362713193,-0.00012494979259,-0.000497730891901,-0.000364362649043,-3.80025518803e-05,-8.20487829064e-05,-0.000528130828686,-0
2017-01-20,0.00118643232877,0.000712911729294,7.51961194612e-05,7.12978220221e-05,4.56972415554e-05,8.4455350956e-06,0.000230444160403,0.000373927026027,-0
2017-01-23,-0.00084115427018,0.000315990639349,0.000637452526,0.000533453142497,0.000501121003453,0.000194488321382,0.000607372748263,0.000435087172315,-0
2017-01-24,0.00206226526153,0.000630528349884,0.000336676707654,-0.000301632160983,-0.000363576172604,-8.0142039446e-05,-0.000425792202327,1.23924306385e-05,-0
2017-01-25,0.00279642808328,0.00145534363571,0.00041072021183,-0.000513301979472,-0.000471865154027,-0.00015574992616,-0.000776428230298,-0.000340389669317,-0
2017-01-26,-0.000339936063013,-0.000470843553989,-0.000198659439089,0.000123458013251,0.00012675595213,7.13771337708e-05,-0.000864252915851,-9.87719038888e-05,-0
2017-01-27,-0.000510495313704,-0.000353761500199,4.97244275476e-05,0.000159305753592,0.000117847350754,7.99237553337e-05,0.000187833613909,-0.0005009456436,-0
2017-01-30,-0.00201589467145,-0.00106202305028,-0.00023647359469,-8.85694590337e-05,-2.72097975031e-05,-1.2626523093e-05,0.000392312912609,-0.000346581673229,-0
2017-01-31,-2.84387049265e-05,0.000513075921143,2.50021299621e-05,0.000462001835353,0.000327779507442,0.000101365234065,0.00129575757647,0.000366411721399,-0
2017-02-01,0.000127785182588,0.000511479228931,9.95847657354e-05,-0.00026968324492,-0.000182777283814,-0.000101055704966,-0.000286163074341,-0.000612948311751,-0
2017-02-02,0.000213043289759,0.000236282854404,0.000161974343765,0.000106517698304,3.6399744008e-05,4.2176559871e-06,0.00052363375618,0.000600979347318,-0
2017-02-03,0.00222698058962,0.000628856802197,0.000298474230115,5.3069376164e-05,7.26452104812e-05,-5.04732574176e-05,0.00023682656516,0.000278292541327,-0
2017-02-06,-0.00057937342134,-0.0010963291677,-0.000111496318249,0.000547661412116,0.000452325666568,0.000117315679286,0.00127734249953,-8.6261468579e-05,-0
2017-02-07,1.41744850599e-05,-0.000117453027656,-0.000173378318913,0.000194182010664,0.000171788308891,-2.09375424224e-05,-0.00019515913364,-0.000178562513645,-0
2017-02-08,0.000423833624949,0.000234947995351,0.000371614540475,0.000547436494143,0.000388881776715,0.00011313624846,0.000593798358779,0.000400362395522,-0
2017-02-09,0.00191547918374,0.000546317313153,0.000247002333194,-0.000457650759427,-0.000568058098068,-9.19097791838e-05,-0.000729834523382,0.000122814323987,-0
2017-02-10,0.0012804044293,0.000545879140997,0.000431770450676,-3.51979362926e-05,-6.30295431628e-05,3.75638603275e-05,0.000251137881081,0.000361960549768,-0
2017-02-13,0.00176801212614,0.000544250567992,0.000184541699902,-0.000280670545203,-0.000143701986019,-7.4899958303e-05,-0.000646282782747,1.83396924449e-05,-0
2017-02-14,0.00130307043809,-7.76381096834e-05,7.36935895284e-05,-0.000420297565995,-0.000340899768974,-0.000112170497259,0.000104875697703,-0.000268794419605,-0
2017-02-15,0.00170904532086,0.000543472291144,0.000356199992937,-0.000297725524559,-0.000179298223162,6.22877448221e-05,0.000419399130651,-0.000171030932739,-0
2017-02-16,-0.000279451317611,0.000309734370436,-0.000134780313797,0.000401729459689,0.000375697441299,0,0.000506887399623,0.000298562195507,-0
2017-02-17,0.000516288687761,-0.00050260234338,-0.000159049575135,0.000418509862554,0.000250063752364,0.000107591304802,-0.00032135691555,9.73281668259e-05,-0
2017-02-21,0.00195270031393,0.000656973675032,0.000391335453967,-1.73839477588e-05,-4.45990067463e-05,-4.12690444002e-06,5.62141341296e-05,0.000650686191404,-0
2017-02-22,-0.000291836044673,-0.000115493996694,0.000121856773995,0.000121648891246,0.000151255664707,8.65465309977e-05,0.000128026702879,-0.000169668436588,-0
2017-02-23,0.000222313519957,0.000269519632693,2.43717861016e-05,0.000312676227354,0.000249072658501,0.000111252860809,0.000824125410684,0.000266598759647,-0
2017-02-24,0.000416006637517,-0.00126784437859,-0.00051059157222,0.000693350617609,0.000434885643179,0.000135678217726,0.000606705614663,0.000241798353346,-0
2017-02-27,0.000512561546139,7.67672941401e-05,-0.000194366750487,-0.000346441690971,-0.000336982370157,-0.00012735231072,-0.000462663904486,0.000271849535201,-0
2017-02-28,-0.000887202983289,-0.000345662512414,-0.000413276251044,-5.19576145803e-05,-4.43624356793e-05,0,8.78012294201e-05,-0.000356605646522,-0
2017-03-01,0.00459803861798,0.00142421398186,0.000755135705822,-0.000887300283908,-0.000654472594796,-0.000284245936031,-0.000135970156547,-0.000157489457686,-0
2017-03-02,-0.002087896706,-0.000919575536195,-0.000848606079183,-0.000346576551802,-0.000265908266595,-0.000147609122034,-0.00117820840723,-0.000277303103428,-0
2017-03-03,0.000208631902669,0.000732395549744,0.000402504062007,0.000139530077216,8.91176443363e-05,0.000107256401942,-5.60664087425e-05,-0.00020013695107,-0
2017-03-06,-0.000986181726538,-0.000500365591,7.30749477402e-05,-8.70407826305e-05,-1.77657256717e-05,-4.94204780904e-05,-0.000631853687405,-0.00023016148536,-0
2017-03-07,-0.000988880530138,-0.000385925988808,6.10405458157e-05,-0.000244121771955,-0.000133922968006,-8.25965447388e-05,-0.000753658162103,-0.000242863029851,-0
2017-03-08,-0.000614279700988,-0.000773859168862,-0.000477496181117,-0.000454792155,-0.000313335167026,-0.000202918470099,-0.000578873578286,-0.000937559600469,-0
2017-03-09,0.000420677492946,0.000621841423931,-0.000405793921796,-0.000579812981525,-0.000260705626643,-0.000124780116006,-0.000476424921239,-0.000752132786099,-0
2017-03-10,0.00116596566056,0.00116768212629,0.000394132387745,0.000281622633289,0.000198111049708,8.75214958773e-05,0.000202191057718,-0.000153101013227,-0
2017-03-13,0.000168011497,0.000698307638175,0.000601461584166,-0.000315634961084,-0.000233372024852,-0.00010795872159,1.61186668065e-05,0.000122071905299,-0
2017-03-14,-0.0012728792161,-0.00112393752655,-0.000269795146987,7.00648088491e-05,9.86446786938e-05,-3.3193171666e-05,-0.000499284794548,-1.21945989083e-05,-0
2017-03-15,0.00287622629126,0.00233247045497,0.00111938851283,0.00108948683301,0.00081837999089,0.000424366874018,0.00172053100025,0.000997018858262,-0
2017-03-16,-0.0006521075796,0.000614934301769,0.00032837049095,-0.000208568921742,-0.000257871891131,-3.29071544738e-05,0.000383366612373,-9.6753670413e-05,-0
2017-03-17,-0.000580802038067,0.000230661535468,-4.8618082876e-05,0.000399677666954,0.000248994941372,0.000102826258105,0.000207634784042,0.000229802222444,-0
2017-03-20,-0.000362046874784,-7.67842310437e-05,0.000473930979263,0.000277623467351,0.000222129810209,6.98792270736e-05,0.000414953866818,-4.2289628632e-05,-0
2017-03-21,-0.00422752783542,-0.000882463199399,-0.000594882390073,0.000381627806982,0.000310621863605,3.28337526112e-05,0.000821117566826,-0.000217348169621,-0
2017-03-22,0.00076819082602,0.000192679608629,0.000233310056793,0.000261396206636,0.00017833457518,7.83602154253e-05,0.000232205581407,-2.74684251343e-05,-0
2017-03-23,-0.000348460240792,0.000423095798107,2.43763915162e-05,5.20567679694e-05,-9.79364791057e-05,-5.35091647846e-05,-0.000127870822575,0.000365763784701,-0
2017-03-24,-0.000236984450734,0.000385994584744,0.00013407788964,-0.000156360564283,5.34724001553e-05,0.00013580688483,0.000151809020427,-5.48658468527e-05,-0
2017-03-27,-0.000334386148771,0.000347210752969,-0.000146208902324,0.000451756860839,0.000231114643954,9.04892093934e-05,0.00053509723578,-0.000450809214308,-0
2017-03-28,0.00236673326758,0.000694026164849,0.00012174496942,-0.000434136418337,-0.000319855935217,-0.000156184491392,-0.000391055904957,0.000213080662634,-0
2017-03-29,0.000305558308772,0.000153917594486,7.29155548766e-05,0.000415762559149,0.000265989536879,0.000123057005411,0.00023095927944,0.000279444592803,-0
2017-03-30,0.00104008720103,-0.000576070688603,-0.000278931059663,-0.000345815342946,-0.00026549899975,-0.000114651270874,-0.000683648936263,9.09422269515e-05,-0
2017-03-31,-0.000763597853602,-0.000230678116228,-0.00036423957385,0.000138500539085,0.000186094226798,0.000139366801399,0.000198960553917,0.000297460243316,-0
2017-04-03,-0.000569389453102,-0.0001538596298,0.000376526859122,0.000697692701459,0.000460750921209,0.0001129234219,0.000501578104912,0.000145743463155,-0
2017-04-04,0.000208038904465,-7.67896528659e-05,0.000109132618304,-0.000173275126226,-0.000132990711841,-5.32955814184e-05,0.000214628994121,0,-0
2017-04-05,-0.000970526691941,-0.000806447429155,-8.48660948877e-05,0.000207896388798,0.000177298364141,9.01747976741e-05,0,7.27587877845e-05,-0
2017-04-06,0.000916212810987,0.000115402767633,-8.49959244122e-05,-1.73155518692e-05,-6.21420086244e-05,-2.46162301515e-05,-0.000350188840132,0.000267139864544,-0
2017-04-07,-0.000332897602662,-0.000192140164352,-1.21378211826e-05,-0.000416075979846,-0.000283751702468,-0.000184549374767,0.000222676113877,7.2779102108e-05,-0
2017-04-10,0.000194392816473,0,-0.000230772427842,0.000242959925084,0.000168639597728,2.45998395156e-05,0,0.000315781972213,-0
2017-04-11,-0.000388556707409,0.000614988779581,4.85833867942e-05,0.000537622862376,0.00043472378138,9.02704903064e-05,0.00137639505625,0.000351987501301,-0
2017-04-12,-0.0014250922356,-0.000114932499431,0.000169371001864,0.00041495750295,0.000291822567177,0.000175917284723,0.000658327050125,-9.07464892811e-05,-0
2017-04-13,-0.00210307751986,-0.000957898028543,-0.000254090665091,0.000242076883249,0.000283029083459,6.95537646817e-05,0.000460003808689,-0.000114959570171,-0
2017-04-17,0.00285691503407,0.00122901060781,0.000412359208859,-0.000104039004468,-0.000150731807354,-0.000110738987813,-0.00028619901442,0.000618559121914,-0
2017-04-18,-0.000966458381624,-0.000879405590166,-0.000567470751494,0.000759214688499,0.000538373839578,0.000102061565024,0.000459049368573,0.000138837742844,-0
2017-04-19,-0.000593918062149,-0.000688540715861,-0.000350315930376,-0.000293354920898,-0.000247232009219,-8.57648465456e-05,-0.000863049459034,-7.24602526002e-05,-0
2017-04-20,0.00263268652133,0.00134308922228,0.000496855589995,-0.000294486334106,-0.000212566845678,-4.9157693933e-05,0.000182692217864,6.05435975277e-06,-0
2017-04-21,-0.00103503836288,7.64294867276e-05,-4.82741402541e-05,5.17720072892e-05,4.41111019535e-05,-6.5268603268e-05,0.00027687722184,-0.000187067813677,-0
2017-04-24,0.00356356987298,0.00328963531029,0.000555625561705,-0.00027607351588,-0.00019423905832,-1.22532011534e-05,-0.000657175389335,-0.000567709634683,-0
2017-04-25,0.00189524342742,0.000988942608548,0.00034829943375,-0.000617893854123,-0.000482815323872,-7.71441023828e-05,-0.000968374809158,0.000210191912986,-0
2017-04-26,-0.000205706350858,-0.000569753001113,-0.000179925958753,0.000239922608981,0.000245492846315,9.73185720354e-05,0.000463899416799,-0.000377868824249,-0
2017-04-27,0.000274410387762,0.00022792234517,-0.000155990726199,0.00017145931418,6.13592959014e-05,4.05645209673e-05,-0.00035392282734,-0.000131966092315,-0
2017-04-28,-0.000713337567089,-0.000113969938411,0.000203970024581,0.000325643040157,9.64292524577e-05,6.89399880114e-05,0.00029882803795,-0.000521862794579,-0
2017-05-01,0.000823267987169,0.000418083173906,0.00019200300764,-0.000482826923252,-0.00020207164154,-0.000156986182105,-0.000865341090876,0.000294020503583,-0
2017-05-02,0.000123556878495,0.000912103686589,0.000240018404892,0.000257774552515,0.000193318200657,0,-1.57305384374e-05,-8.40155295241e-05,-0
2017-05-03,-0.000397327549582,-0.000493236038302,-0.000347449988133,-0.000188818142712,-0.000193004177908,-0.000101524188692,-0.00131158504021,-0.000664950324155,-0
2017-05-04,0.000385085698327,0.00110442706547,-0.000517114757941,-0.000154976268653,-0.000211238849109,-0.000175247568531,-0.000938074356751,-0.000240534462862,-0
2017-05-05,0.00129363331598,0.00156256744938,0.000276800777919,3.45167403446e-05,1.76157063671e-05,3.67091226185e-05,0.000173555880941,0.00046335701317,-0
2017-05-08,-5.48660283485e-05,-0.000721315613646,-0.000299715840634,-0.000360645622573,-0.00022813230444,-0.000178797424715,-0.000204323607865,-0.000347667780001,-0
2017-05-09,-0.000302329784767,-0.000266407247188,0.000540786942929,1.73453846696e-05,-0.000105549193148,-4.07081836951e-05,-0.000551416000492,-0.000264391472971,-0
2017-05-10,0.000591479364359,0.000228523232604,0.000384927675416,5.16208318273e-05,-3.52566336431e-05,1.63092049213e-05,-7.88675978491e-06,0.000384935079664,-0
2017-05-11,-0.000672884726681,-0.000304260950218,-2.40122612267e-05,-1.7179205504e-05,7.03491307767e-05,0.000138396381689,0.000362128033498,-0.000246191503081,-0
2017-05-12,-0.000549739916173,0.000685083987439,0.000264402257397,0.00068845562313,0.0004750515796,7.33029970415e-05,0.000259969790186,-0.00019832001746,-0
2017-05-15,0.00181095212266,0.00091187751381,0.000455901493845,-6.87340106406e-05,-6.14643794147e-05,-0.000122007817849,0.000243796749801,0.00014398550715,-0
2017-05-16,-0.000300860560313,0.000795206828119,4.7817901021e-05,0.000239679989187,0.000122522681028,3.24382384606e-05,0.000399764870702,-0.000328844450111,-0
2017-05-17,-0.00581914071693,-0.00189152643699,-0.000740640150393,0.000958063313667,0.0007433061528,0.000267205316137,0.00167574855234,0.000197081644701,-0
2017-05-18,0.00130369141225,0.000304038932448,-0.000900097925184,-0.000103209901525,-2.63583046987e-05,7.32177694443e-05,-0.000770955748011,0.000270047177196,-0
2017-05-19,0.00211311128261,0.00178602502447,0.000851954840296,0,-2.63963607461e-05,8.1332933579e-05,0.000464078573914,0.000264004735392,-0
2017-05-22,0.00165108125434,0.000415668701596,-1.19358841028e-05,-0.000119456899576,-0.000104778683303,-7.27955250782e-05,0.000391119782218,0.00019092275364,-0
2017-05-23,0.000721563208041,-0.000150769077604,-2.38011763776e-05,-0.000358149067408,-0.000244004599309,-6.85943019564e-05,-0.000593115952186,4.16676812214e-05,-0
2017-05-24,0.000762840618656,0.000339538331699,0.000166777335735,0.000324239037898,0.000191837899841,2.82921739297e-05,0.000367043141876,0.000399107972839,-0
2017-05-25,0.0015626087446,-3.76516117087e-05,0.000249551993163,8.49728143319e-05,5.21969123431e-05,-7.25084096876e-05,-0.000101258947233,5.94684749682e-06,-0
2017-05-26,-6.78181109438e-05,-0.000413218769208,0.000118629388039,-6.78394900607e-05,6.07710032184e-05,0.000108527728684,0.000824228083064,-0.000355875189123,-0
2017-05-30,-0.00028476740811,-0.000262848481364,-8.30091352622e-05,0.000356602454751,0.000234403670921,0.000100506746836,-0.000310966872189,-0.000308368414531,-0
2017-05-31,-8.14007219268e-05,0.000300594620684,-0.000356013181213,0.00018702422969,4.3431418483e-05,1.20541276215e-05,0.000373369940354,2.96929023702e-05,-0
2017-06-01,0.0026038823335,0.00105162692038,0.00035583215042,-8.51859097984e-05,-4.86922148809e-05,-2.09452998978e-05,7.77441207596e-05,0.000254996537322,-0
2017-06-02,0.0010939599603,0.00149615002713,0.000153541229496,0.00061013250737,0.00040701215609,0.000184546627251,0.000689046165703,0.000501948171801,-0
2017-06-05,-0.000241912747129,-0.000669886803143,0,-0.000286639730962,-0.000155093057403,-0.000119758049344,9.24325265456e-05,-0.000211487195934,-0
2017-06-06,-0.0010496907207,-0.000372651314472,3.52946362e-05,0.000371611646879,0.000293354839043,5.1979564865e-05,0.0010569264226,-0.000235394137348,-0
2017-06-07,0.000605464327668,-0.000111763391203,-3.52892923094e-05,-0.000219519383626,-0.00017256608436,-0.000107923833068,-0.000501388480103,0.000341254707638,-0
2017-06-08,0.000161524642122,-0.000223684979851,9.41609997168e-05,-0.000185891166831,-0.000146709531424,-4.79639569334e-05,-0.000617213045587,-0.00011771437024,-0
2017-06-09,-0.000498443457954,-0.000559705790073,-0.00032992979333,-0.000152113279924,-8.63321690971e-05,-4.0024286385e-05,-0.000857317367945,0.000341726327875,-0
2017-06-12,-6.75342177092e-05,-0.000486089375975,-0.000177142429981,0,-1.73422360912e-05,-9.62667095157e-05,-0.00013932863186,0.000442805616599,-0
2017-06-13,0.00160767292458,0.00134698661947,0.000224495549232,5.09049685627e-05,3.46618706085e-05,7.62458596619e-05,9.29379930491e-05,0.000112241134311,-0
2017-06-14,-0.000417325053473,-0.000186451301087,-3.53059360131e-05,0.000591201514467,0.00048338653888,7.98930014039e-06,-0.000509343890447,7.06307702145e-05,-0
2017-06-15,-0.000632674898247,-0.00167778029773,-0.00042383973705,-0.000118138389131,-0.000164030392986,-0.000223941806669,-0.000385862597472,0.0002531406145,-0
2017-06-16,7.1859676083e-05,0.00138414551072,0.000153560600522,0.000118538233708,5.19965945168e-05,4.01516111297e-05,1.54841432582e-05,-0.00012994152562,-0
2017-06-19,0.00273717892081,0.000560203653199,0.00031841695218,-0.000253778568135,-0.000259408105565,-5.2095447126e-05,-0.000703443788068,5.88541957476e-06,-0
2017-06-20,-0.00223055637602,-0.001415775782,-0.000576483871433,0.000287094721686,0.000232877223351,4.7960689107e-05,-0.000192800977651,-0.000117633539302,-0
2017-06-21,-8.1432749896e-05,-0.000143822898912,0.000181846486256,3.3792681406e-05,-8.66125802119e-06,7.22150685856e-05,0.000263250376807,-0.000100413650188,-0
2017-06-22,-0.000149264999293,0.000302666175007,0.000178259116541,8.4836151248e-05,8.66103502406e-05,0.000148422281156,0.000309643720234,4.72442006251e-05,-0
2017-06-23,0.000393113880218,0.00034021428854,0.00017807659182,3.37343957697e-05,2.59437099383e-05,3.60674601558e-05,0.000394398173127,0.000173283392541,-0
2017-06-26,0.000216531316818,0.000301895281171,0.000509668267345,0.000169116559195,7.76840035846e-05,7.2009163294e-05,-0.000826158071766,0.000356734599799,-0
2017-06-27,-0.0026504092448,-3.7666131349e-05,-0.000509221435151,-0.000557357287301,-0.000457296678222,-0.000215870961228,0.00034714278791,-0.000451471355765,-0
2017-06-28,0.00293416989527,0.00140143074196,0.000285493769743,6.78984199301e-05,-8.66214777514e-05,3.61636179321e-05,6.9748198243e-05,0.000119363423319,-0
2017-06-29,-0.00289297209591,-0.00158319345864,-0.000544602917119,-0.000354640134683,-0.000345010752488,-0.000179842575073,-0.000447310537455,-0.00057013455746,-0
2017-06-30,0.000612492354996,0.000303658136473,0.000381520662339,-0.000237971692559,-0.00021713067677,-6.44001148209e-05,-0.0002329808357,0,-0
2017-07-03,0.00055789670548,-0.000303492675958,0.000226382928719,-0.00033197649933,-0.000339976915356,-8.38663198536e-05,-0.00149801166873,0.000633561177776,-0
2017-07-05,0.00076278683134,7.59858276372e-05,-8.35246252157e-05,0.00010228669199,6.96553478783e-05,6.86262047428e-05,0.000334134820237,-0.000712074831775,-0
2017-07-06,-0.00302204624981,-0.000948975457918,-0.000536463680142,-0.000357799354332,-0.000173939572506,-0.000117002754085,-3.88253121754e-05,-0.000932917623206,-0
2017-07-07,0.00213666694966,0.000267362903793,0.000131972628078,-6.85806119936e-05,-0.000148823681344,-0.000142078735604,-0.000929826883322,0.000276799942353,-0
2017-07-10,0.000355581485724,0.000266956198024,0.000347296706708,8.55868229097e-05,0.000122365416668,-2.0229288128e-05,0.000148235521824,-0.00045059573132,-0
2017-07-11,-0.000245926303566,0.000495290958029,0.000347035591513,0.000171078569062,0.000122177575568,0.000145743111348,0.000116927734004,-5.40277816055e-05,-0
2017-07-12,0.00248411906995,0.00140816722987,0.000932369354314,0.000563580294203,0.000270392568623,0.000133508298441,0.000319245502113,0.000599618010594,-0
2017-07-13,0.000555926857164,0.000453693623807,0.000142478420424,-0.000203509015555,-9.52650981182e-05,-1.6068080151e-05,-0.000162426811865,7.74279664304e-05,-0
2017-07-14,0.00154441842567,0.00113325872744,0.000510181075204,0.000186490057239,0.000129834074679,-3.99650803443e-06,0.000734236466294,0.00047019089796,-0
2017-07-17,-4.03935698754e-05,-0.000263212640706,-0.000259816290707,8.43391292738e-05,0.000112007473506,9.19112125126e-05,0.000400020506636,0.000396900131873,-0
2017-07-18,0.000175176822265,0.000338231723268,8.26291711927e-05,0.000421627197534,0.000335896478066,0.000127792160091,0.000630467200587,-0.000106579598994,-0
2017-07-19,0.00178893301584,0.000750134374316,0.000482954713735,5.05195395258e-05,0,3.59100973552e-05,-2.30187850084e-05,0.000372246517926,-0
2017-07-20,0.000147423804541,0.000523269765455,-0.000105649574808,5.041240981e-05,2.56699762113e-05,-0.00011125615959,0.000122345772318,-0.000229642596642,-0
2017-07-21,-0.000294746648573,-0.000410965532456,-0.000105599124735,0.000318541449558,0.000162692951776,6.75086567374e-05,0.000779647447187,-3.53065320374e-05,-0
2017-07-24,-8.03745965124e-05,-0.000298719736626,0.000187659487923,-0.000167621948653,-5.9937710583e-05,0,3.81959513202e-05,-9.41225825047e-05,-0
2017-07-25,0.000803986373668,0.000112045115853,-8.21502283416e-05,-0.000653842147282,-0.000513628422592,-0.000174703187105,-0.000298096805128,6.47287501405e-05,-0
2017-07-26,1.33806129638e-05,0.00100945350149,0.000364031548387,0.000352310839734,0.000291251699924,0.000131132787219,0.000734321817187,0.00034164206639,-0
2017-07-27,-0.000307419590607,-0.000596199395092,-0.000257515206286,-0.000267648486246,-0.000145172196374,-3.16785657836e-05,-6.86177830175e-05,5.87178161182e-05,-0
2017-07-28,-0.000388259615621,0.000149263046604,0.000187573084943,0.000368557848821,0.000153949906502,0.000107097314515,0.000687317299424,-0.000135271440094,-0
2017-07-31,-0.000187238678204,0.000335499979335,8.19800246371e-05,-8.36996991889e-05,2.56646678588e-05,0,4.57674834787e-05,6.46249335786e-05,-0
2017-08-01,0.000735285317815,0.000894575324807,0.000210726297959,0.000503024439749,0.00022669619439,3.85037127063e-05,-7.62595282445e-05,0.000223146387925,-0
2017-08-02,0.000160040901631,-7.43399799303e-05,0.000116750373709,-0.000133683548883,-8.53005249187e-05,-2.37572069986e-05,-0.000190127794914,-0.000450943018141,-0
2017-08-03,-0.000640318338727,-0.000223116221388,-0.000186926803546,0.000367992855433,0.000315887303438,0.000122814400469,0.000144591697726,-9.96194840563e-05,-0
2017-08-04,0.000600406000499,0.000223160562185,0.000128551854759,-0.000301157016199,-0.000247620284854,-6.33813225957e-05,-0.000715506151529,0.0001641219457,-0
2017-08-07,0.00061387449111,0.000111678279461,0.000397362835682,-1.67641085317e-05,5.12622514897e-05,5.14990922847e-05,-0.000106587404712,-5.27621178542e-05,-0
2017-08-08,-0.000813214286232,-0.000817811893461,-7.00520592867e-05,-0.000167132386818,-7.68452604e-05,3.16762798572e-05,0.000266189129435,-0.00023428056676,-0
2017-08-09,-1.33761660285e-05,-0.000409648817403,-0.000280724822424,0.000167447434317,0.000111174475143,8.32902358935e-05,0.00110486479413,-0.000164287233037,-0
2017-08-10,-0.00465874571347,-0.00227056719659,-0.00116904293306,0.000184131964689,0.000341663456378,0.000114957396517,0.000685370395496,-0.000351842123065,-0
2017-08-11,0.000484020700936,-3.7448942056e-05,0.000153061125998,0.000151726762062,0.000103300863207,-2.79458874401e-05,0.000444852955019,-0.00030123928909,-0
2017-08-14,0.00325042110816,0.00108611784803,0.000435220398724,-8.42258412276e-05,-0.000223511517031,-0.000179472734621,-0.000666632580078,0.000808393243498,-0
2017-08-15,-4.01752593982e-05,-0.000149158818137,-3.51155081355e-05,-0.000268278186855,-0.000273866912967,-0.000135034114589,-0.000717089375272,-0.000146874327045,-0
2017-08-16,0.000576109420165,0.000971200467496,0.000610032644676,0.000335978503995,0.000171464462875,7.95749577499e-05,0.000680150473574,0.000194218951763,-0
2017-08-17,-0.00513885047439,-0.00178651338799,-0.000642912849931,0.000267916991367,0.000324632218078,0.000110969998811,0.000472100877323,-0.000304933536261,-0
2017-08-18,-0.000510734969794,0.00044970071951,0.0003648107257,-0.00011802395147,1.71261054851e-05,7.99737030269e-06,-0.000145648759976,-0.000495879735596,-0
2017-08-21,0.00025544201572,3.73990819832e-05,0.000129521704557,0.000134827523322,6.02744661722e-05,1.59607904215e-05,0.000352784167885,0.000519717643072,-0
2017-08-22,0.00340954506002,0.000786051948972,0.000446698451128,-0.00016833126837,-0.000180428777098,-5.58113916329e-05,-0.000421176076643,-0.000141513085324,-0
2017-08-23,-0.00117693591352,7.45986285839e-05,0.000245974898115,0.000419395823505,0.000316772741076,0.000123102580114,0.000350963894842,0.000499403635273,-0
2017-08-24,-0.000761675010682,-0.000186300325136,0.000117015830843,-0.00023463072891,-0.000145431595414,-0.000115065179243,-0.000289678001854,-0.000152627126595,-0
2017-08-25,0.00076302433692,0.000933133146553,0.00043375175637,0.000134321770337,0.000154207351472,7.55161739246e-05,0.000343647595797,0.000235226442442,-0
2017-08-28,1.32707986553e-05,0,-1.16718995614e-05,6.69218158928e-05,8.54327081083e-05,3.56821501578e-05,0.00148459128201,-0.00037519780598,-0
2017-08-29,0.000373281855322,-0.000668945824234,-0.000105061447896,0.00026740654989,0.000213276248793,7.12312255937e-05,-0.000205294879072,-5.27310826056e-05,-0
2017-08-30,0.00154626003175,-0.00022301195947,5.83653380939e-05,-3.34210682647e-05,-7.68328252393e-05,-1.18812384308e-05,-4.56233803288e-05,0.000275233758299,-0
2017-08-31,0.00196980930412,0.00133610076247,0.000174841454092,0.000250301934173,0.000144797505987,0.000114624592292,0.00110856265181,0.000280663001678,-0
2017-09-01,0.000463342693758,0.00029527538036,0.000370991564136,-0.000415885385929,-0.000269801515446,-0.000103594668785,0.000181252882909,0.000168658166755,-0
2017-09-05,-0.00235483777274,-0.00114353886162,-0.000393910960138,0.000748222708579,0.00063591888655,0.000291310254122,0.00105658974759,-0.000133668367351,-0
2017-09-06,0.00111263921161,0.00114502041999,0.000371221747721,-0.000199756992595,-0.000220738572599,-5.51929642545e-05,-0.000491195707774,0.000128011689769,-0
2017-09-07,-3.95397762241e-05,0.00129046517081,0.000254756416135,0.000448612996477,0.000398368369367,0.000188851282683,0.000995725964513,0.000313684037773,-0
2017-09-08,-0.000382080755912,-3.67174531035e-05,-0.00033451870902,-0.000215148315939,-6.75757893718e-05,7.85529117368e-06,-0.00012023314033,4.05133238862e-05,-0
2017-09-11,0.00346814013989,0.00117657413067,0.000600512100382,-0.00049719625189,-0.000524030010383,-0.00017265955043,-0.00133904569065,0.000451836623871,-0
2017-09-12,0.00110419345888,0.000329908379363,-9.2088043343e-05,-0.000264326189849,-0.000219033210093,-7.43106592425e-05,0.000277459557319,-0.000583241342858,-0
2017-09-13,0.000157686290566,-0.000732750565859,-0.000345193536423,-0.000181661939576,-0.00018526993352,-8.21025806023e-05,-0.000712062507615,-0.000126977553746,-0
2017-09-14,-0.000105333680935,0.000440616041221,0.000103758637769,9.93106244213e-05,1.68865645471e-05,7.05231065067e-05,0.000413162727258,0.00040492834763,-0
2017-09-15,0.000442619884074,7.3324020182e-05,0.000345481597119,-3.29682486892e-05,0.00010957235951,-2.34684832729e-05,-0.000472577833364,9.24294638843e-05,-0
2017-09-18,0.000700051137916,0.000256524470322,-4.60327535821e-05,-8.26555631947e-05,-0.000353789278569,-1.95512813479e-05,-0.000877167602482,-0.000265585270271,-0
2017-09-19,0.0003303843124,0.000770085071607,4.60644554232e-05,-9.92155733661e-05,-0.000101148829373,-5.08635451065e-05,0.000195062283576,-0.000323526134325,-0
2017-09-20,0.000118878669701,-0.000408410739113,-0.000149014973113,-0.000148545239494,-0.000176872813994,-0.000125147171625,-0.000749658518424,-0.000132758574354,-0
2017-09-21,-0.000886406900016,-0.000258042161549,4.66258582067e-05,-3.31873506937e-05,-0.000118124470297,-0.000101833534665,-0.000705931415769,-9.25557965414e-05,-0
2017-09-22,6.6267309073e-05,0.000369362681677,-0.000315591731523,0.000132738843708,0.000160658255169,0.000113840096153,0.000421457865283,-0.000343109461875,-0
2017-09-25,-0.000675684519394,-0.000701360656994,-0.00095788811764,0.000430736790868,0.000270414323049,0.000125523224375,0.000970275596419,0.000280892223495,-0
2017-09-26,0.000198755904328,-0.000590814916249,-1.17061688918e-05,-6.62639723749e-05,-7.60891601244e-05,-3.53132366001e-05,-0.00104575841308,8.1945192949e-05,-0
2017-09-27,0.00128755475333,0.000221831747444,-0.000280866117502,-0.000531130111305,-0.00046563022927,-0.000137539114046,-0.000874067297569,-0.000439669917773,-0
2017-09-28,0.000398682953501,0.000518485168792,2.34369623341e-05,1.65788640695e-05,-1.69268890547e-05,-3.14778485539e-05,0.000173515425205,0.000328692077351,-0
2017-09-29,0.00116789039338,0.000924356735397,0.000514823527807,-0.000149477737096,-0.00011002268635,-9.8248231154e-05,-0.000474618458593,9.96193355021e-05,-0
2017-10-02,0.001443931601,-0.000184558555163,4.67260401668e-05,0.000111376005133,-0.000102409498816,-5.96419442237e-05,-0.000609088672473,-7.01866714319e-05,-0
2017-10-03,0.000714953753529,0.000627038615044,0.000700315224834,0.000149227325511,0.000126848173586,4.31268640219e-05,4.50953100241e-05,-7.01715883453e-05,-0
2017-10-04,0.00039624496778,-0.000294424732945,5.82221382943e-05,-4.95772601959e-05,-2.53137026825e-05,3.9129370012e-05,0.0002549196414,0.000244988579079,-0
2017-10-05,0.00197989648274,-0.000147038156008,0.000325865710268,-8.270842832e-05,-9.27536735696e-05,-4.69060018397e-05,-0.000487048756071,0.000174880878299,-0
2017-10-06,-0.000382177136431,-0.000183609318208,-0.000197531511762,-0.000264358966685,-0.000109459844759,-3.51413791068e-05,0.000426410491661,-0.000157135363124,-0
2017-10-09,-0.000553975083182,7.34844964045e-05,-0.000174426210758,0.000248077943825,0.000101142870639,1.56107975615e-05,0.000741281581449,0.000116504454167,-0
2017-10-10,0.000883326843783,0.00146916686822,0.000499751027383,1.65105824925e-05,3.37004916888e-05,7.81173012218e-05,0.000239468663189,0.000145559763892,-0
2017-10-11,0.000525526159887,0.000549073614955,0.000150606761528,3.28940770824e-05,0.000100690632174,5.44812140495e-05,0.000290873291246,0.000162465008518,-0
2017-10-12,-0.000498387436142,0,0,0.000213519053998,8.38002490152e-05,8.15794734575e-05,7.4442917916e-05,0.000312766251452,-0
2017-10-13,0.00040652478511,0.000803554856663,0.000462369814089,0.00044375120404,0.00030144430099,6.21293393869e-05,0.000692144626604,0.000127365258226,-0
2017-10-16,0.000444184863972,-0.000145564423083,-4.60945430322e-05,-0.000180141304098,-0.000150281988549,-0.000100645951942,-0.000630523683858,-0.000242378691874,-0
2017-10-17,0.000235533579287,-0.00036449365667,-0.000253750051104,-6.55660117235e-05,-3.33853089269e-05,-8.13710487679e-05,-0.000623765675396,5.77565454355e-05,-0
2017-10-18,0.000327404167507,0.0002919281528,4.61952162774e-05,-0.000279011198456,-0.000225843835482,-5.42928468651e-05,-0.000341969770068,-5.20459103719e-05,-0
2017-10-19,9.16536588093e-05,-0.000292012146013,-0.000381119610491,0.000131285463295,9.19954339465e-05,5.81893413931e-05,0.000535413008279,-0.000144618095029,-0
2017-10-20,0.00172903440823,-0.000218902938583,0.000207876914162,-0.00052524065575,-0.000368099272595,-0.000100893550033,-0.000579976213494,-0.000277674619554,-0
2017-10-23,-0.00131002699276,-0.000401527194052,-0.000461991661818,0.00019695296022,8.37044365431e-05,3.88896122433e-06,0.000141297209859,-0.000185150598925,-0
2017-10-24,0.000590641150496,0.000365642263005,0.000138860228414,-0.000378229661747,-0.000268317197039,-6.22010361979e-05,-0.000350197974811,-0.000289837069203,-0
2017-10-25,-0.00166743136979,-0.000658399525516,-0.000115765144593,-0.000115200738547,-0.000142573453819,-4.6658643699e-05,1.49032815834e-05,-0.000139147542784,-0
2017-10-26,0.000434533817969,-0.000183412165357,-0.000267000642114,-0.000198001700246,-0.000117725105453,-1.94957366566e-05,-0.000762380695898,-0.000395418779623,-0
2017-10-27,0.00275610628071,0.000624605917664,0.000627815908636,0.000396667371171,0.000286399862123,0.000140614912821,0.000426681265067,0.00021547330436,-0
2017-10-30,-0.00125911789009,0.00036536026491,-0.000416250024224,0.000492996105657,0.000318343706655,0.000116549034804,0.000171229156371,-4.05525967191e-05,-0
2017-10-31,0.000524712709706,0.000730922503506,0.000289137739524,-0.000115073308785,-5.86850667409e-05,1.94237761056e-05,-0.000342550124309,-5.77944539632e-06,-0
2017-11-01,0.000445629859964,0.000365144408689,0.000127084537949,7.90183295925e-05,5.36485663953e-05,4.58982429374e-05,0.000327318009855,0.000231498198605,-0
2017-11-02,0.000130851098916,0.000328027736458,0.000161481681674,9.84411052313e-05,0.000117139139468,6.60112496616e-05,5.94138648469e-05,0.00040443100761,-0
2017-11-03,0.00112356493287,-0.000145589243742,-0.000299494395687,0.000164228910277,0.00014212165344,3.09917782956e-05,-0.000422736499309,-0.000121171004197,-0
2017-11-06,0.000522421086793,0.000291059251312,0.000495073371037,0.000163891839628,0.000108631863695,7.36511874655e-05,0.000763531451531,0.000322978591894,-0
2017-11-07,-0.000234507254403,-0.000544223874005,-0.00032147818527,4.90282860636e-05,3.33076873108e-05,6.18164468646e-05,-0.000325279303572,0.000391101018411,-0
2017-11-08,0.000573527522405,0.000689997010405,0.000183880001587,-0.000114566048685,-0.00010841561043,-2.70505689318e-05,0.000310767460357,0.000241765162361,-0
2017-11-09,-0.00122307741837,-0.00108758672218,-0.000195057246122,-0.000130678502246,-3.32949134124e-05,-7.7214142334e-06,0.000369316606291,5.17112090688e-05,-0
2017-11-10,-0.000104353824746,-0.000399642643252,-0.00019543631593,-0.000720575917066,-0.000450517602911,-0.000193511327314,-0.000740303625094,5.18437493707e-05,-0
2017-11-13,0.00031378813811,-0.000619382070165,-0.000103791457274,0,-4.18536699774e-05,-3.89000122043e-06,0.000133622674518,0.000248336404294,-0
2017-11-14,-0.000784539201279,-0.000145756157519,-0.000345898787335,0.000180646287405,0.000125514674474,5.43295817693e-05,0.000185600313666,-0.000103956270286,-0
2017-11-15,-0.00168858108162,-0.000765804139538,-0.000415429563346,0.000345119627334,0.000318216354661,0.00012429630275,-0.000111448611722,-0.000497151959218,-0
2017-11-16,0.00286117664307,0.00153575882597,0.000902535350181,-0.000197738640802,-0.000226715523481,-9.34628339565e-05,-7.45184835558e-06,0.000405749554633,-0
2017-11-17,-0.000992394910186,-0.00061841380932,0.000287811206563,0.000196719662159,0.000116954811003,7.74849954448e-05,0.00108213153136,-0.000213349676754,-0
2017-11-20,0.000574632406925,0.000291089877697,0.000218720037098,-9.83498096798e-05,-0.000141987611636,-6.58847544604e-05,-0.00114891369804,-0.000144167991388,-0
2017-11-21,0.00220782761771,0.00123748842031,0.000645021054947,0.00018050367073,1.66710817585e-05,-3.85062165982e-06,0.000148326397555,0.00036347411216,-0
2017-11-22,-0.00029900330376,0.000543382838147,0.000171947315534,0.000310189743509,0.000282820715218,0.000131192461072,0.000826641068402,-0.000109097442425,-0
2017-11-24,0.000778612391297,0.00101237705938,-0.000194509212428,-3.25884494477e-05,-7.47043948703e-05,-5.39285453785e-05,-0.000228377292366,6.30394713708e-05,-0
2017-11-27,-0.000168500143139,-0.00101109305105,-0.000537095205691,0,5.80227374249e-05,-7.70326272978e-06,0.000375245481624,-0.000228962583232,-0
2017-11-28,0.00342714942156,0.000795620405918,0.000309007927974,0,1.66121610002e-05,-3.81825302326e-06,-1.47409985896e-05,-0.000183462585849,-0
2017-11-29,-0.000206846949814,-0.000684158836401,-0.000717896385022,-0.000438158669018,-0.000281145410256,-0.00011892809526,-0.000564949283207,1.71416079317e-05,-0
2017-11-30,0.00298172685612,0.000325046847874,-0.000331445268394,-0.000293106737411,-0.000273655662698,-4.61810414734e-05,-0.000691754909621,7.44310860207e-05,-0
2017-12-01,-0.000711864778357,-0.000468728115167,-0.000490625774351,0.000506467725124,0.000323372293847,0.000166273541134,0.000359964974857,0.000114292028167,-0
2017-12-04,-0.00041413831073,-0.000649127490609,0.000171166762299,-1.62755826486e-05,-4.14894634922e-05,1.54521227272e-05,-0.000301254088,-0.000240084694066,-0
2017-12-05,-0.00123149238075,-0.000216689626235,-7.99962501858e-05,0.000179424856232,6.64655273013e-05,4.63504243669e-05,-0.000632839294767,-0.000400748040343,-0
2017-12-06,6.48945610371e-05,-0.00072396578316,-0.000630006223994,0.000179897563653,0.000183105348962,4.64676399377e-05,-0.000184383243047,-4.59039562056e-05,-0
2017-12-07,0.00107962664443,0.000471124081537,6.87957246528e-05,-0.000229210532339,-0.00015832541475,-5.81540042295e-05,-0.00116659824703,0.00012064577281,-0
2017-12-08,0.00187279139056,0.000905801798506,0.000573303142802,-6.54918903736e-05,-6.66585433642e-05,-1.9386120495e-05,-7.37852501802e-06,0.00024696233048,-0
2017-12-11,0.00103683756869,0.000325021095918,0.000331375235666,-6.51868569255e-05,-5.81370826801e-05,-3.47761751063e-05,-0.000345792672266,-5.72549542919e-06,-0
2017-12-12,0.000608435253414,0.00010815243825,-0.000365207315709,-8.14354932529e-05,-7.46267829152e-05,3.47350621443e-05,0.000102879586132,0.000234396579692,-0
2017-12-13,-3.88142722961e-05,0.000684900043028,0.000547517149377,0.000504716657988,0.000356420383907,7.71317884799e-05,0.000749127069565,8.00167773056e-05,-0
2017-12-14,-0.00140602066834,-0.000754708140368,-0.000318453251309,4.86445430911e-05,-3.30551354692e-05,0,-0.000175743823811,-1.14126475038e-05,-0
2017-12-15,0.00286128508788,-0.000108094312197,0.000136837905158,4.89023939172e-05,-1.65989503402e-05,0,0.000183554669999,0.000302751737777,-0
2017-12-18,0.00218953499366,0.00179562463517,0.000522771755033,-0.000227233057165,-0.000198182403137,-7.68465274897e-05,0.000402450705673,0.000318787812614,-0
2017-12-19,-0.00132814412145,-0.000500444382355,-0.000135725919196,-0.000516440745463,-0.000394546727305,-0.000130029524833,6.55427105991e-05,-0.00103119450783,-0
2017-12-20,-0.000181277889045,-0.000107647756422,6.81390881201e-05,-0.00040530294706,-0.000255838055642,-0.000145912921628,0.000233979136606,-0.000551799916177,-0
2017-12-21,0.000713032402718,0.000515280394441,0.000505003530781,0.000155897329676,6.12745366612e-05,0.000113981267934,0.00012446768737,-0.000182786773903,-0
2017-12-22,-9.04891887861e-05,0.000398227678702,0.000421889543872,8.0959323023e-05,3.3046828802e-05,2.68885731778e-05,0.000460347622902,0.000323294181994,-0
2017-12-26,-0.000413348252286,3.62156410958e-05,5.69313195882e-05,0.000145620247364,3.29766660651e-05,3.83704561981e-05,0.000605479225696,0.000236271014701,-0
2017-12-27,0.000167749609428,0.00039736568469,-1.13756393769e-05,0.00054962986582,0.000370785756951,0.000180177390039,0.00033532639779,0.000155503753937,-0
2017-12-28,0.000708453093633,0.000504689502959,0.000249700645195,-0.000129025368688,-0.000106883314832,1.5281559148e-05,0.000450984076491,0.000252858362056,-0
2017-12-29,-0.00129840217748,3.59526272192e-05,0.000249248848072,0.000177033521955,0.000139501402002,0.000110722062588,0.000580791485924,1.72151996298e-05,-0
2018-01-02,0.00245519805757,0.00140318201009,0.000894988230117,-0.000257546424134,-0.000287236786333,-0.000106904903876,0.00108896674581,-0.000177796485964,-0
2018-01-03,0.00217434063042,0.00100234627293,0.000507255862901,1.60321746948e-05,8.98270101606e-05,4.17993150307e-05,-0.000238379054832,-0.000136972138648,-0
2018-01-04,0.00145302929414,0.00146262076405,0.000325768371704,-0.000111681116764,-4.06555642537e-05,1.1354972223e-05,0.000460715540021,-0.00080758870678,-0
2018-01-05,0.00230074435794,0.000782735078668,0.000470517273189,-0.00011150014495,-0.000105532321239,-7.54664561434e-06,-9.33239826187e-05,2.26885964103e-05,-0
2018-01-08,0.000633607753808,-7.09424929293e-05,1.11719855702e-05,-4.75343489987e-05,-4.04581001901e-05,-4.51709017758e-05,-1.43142592455e-05,0.000237433831589,-0
2018-01-09,0.000784948587295,0.000141773395472,-1.11645745986e-05,-0.000475857707874,-0.000404152180307,-0.000139128070876,-0.000414745404892,-0.000593192329239,-0
2018-01-10,-0.000532472839557,-0.000425758483686,-0.000234591497094,0,-2.42995187989e-05,-1.5066264318e-05,0.000214761067383,-0.000509016779794,-0
2018-01-11,0.00253911264595,0.00106601467627,0.000346836355289,7.95323294074e-05,5.67855571883e-05,-4.52258923079e-05,0.000293962609907,-0.000152929121287,-0
2018-01-12,0.00227552333806,0.00155687017573,0.000568231264806,-3.16928803582e-05,-5.6548951334e-05,4.12922519476e-05,0.00108525963856,-0.000361013431381,-0
2018-01-16,-0.00119483666909,-0.00017603782776,-0.000266062464696,4.72680418298e-05,4.01728567883e-05,7.09657331395e-05,0.000149179343388,8.41688565475e-05,-0
2018-01-17,0.00332477686311,0.000881199614823,0.000754762717399,-0.000189214481623,-0.000184943459584,-2.99193556957e-05,-0.000732603708234,0.000309068838085,-0
2018-01-18,-0.00058949469106,-0.00038617689318,8.84307558753e-05,-0.000377010842291,-0.00026421372208,-3.72499704347e-05,-0.000198334034147,-0.00057079313449,-0
2018-01-19,0.00159651056863,0.000738913833404,0.000509650608044,-0.00036219747327,-0.000216678020581,-7.09273454876e-05,0.000397596393264,0.000235584802819,-0
2018-01-22,0.00285831829556,0.000877197212302,0.000441922368005,-6.27761439645e-05,-3.20197145428e-05,-2.23579545285e-05,0.000162841025754,0.000402713341055,-0
2018-01-23,0.000748647727723,0.000523915535505,0.00019794589329,0.000406343465796,0.000238985617908,6.30045613024e-05,0.000443980572654,0.000612442739016,-0
2018-01-24,-0.000136967313094,0.000522105860634,0.000504257765479,-0.000171250745952,-0.000158839973598,-2.9548970536e-05,0.00108881745362,-0.000233072712348,-0
2018-01-25,0.000149113780378,-0.000590982402471,-0.000197050594789,0.000435503285683,0.000182401244151,7.74666667897e-05,-0.00060328146307,-7.75883382485e-05,-0
2018-01-26,0.00407651139116,0.00139147618023,0.000733899121321,-0.000311329591576,-0.000246005934601,-2.58258961672e-05,7.01970714032e-05,-0.000155288419522,-0
2018-01-29,-0.00234832967266,-0.00152218344324,-0.000871470747445,-0.000294184367176,-0.000205123532544,-9.91180202014e-05,-0.000502613003428,-0.000590105679093,-0
2018-01-30,-0.00363261221199,-0.00125348353697,-0.000701672462104,-0.000264810174825,-0.000190575384881,-9.97448217056e-05,-0.000386418453532,-0.000316376551469,-0
2018-01-31,0.00017538777496,-0.000315509307879,0.000331183340102,0.000141137189125,2.39672291314e-05,0.000104158206801,0.000601312454678,0.000782451238049,-0
2018-02-01,-0.00040019200396,0.000419921987468,-0.000517901897338,-0.000530465615049,-0.00042535007879,-0.000215036290354,0.000296576816748,-0.000953951469268,-0
2018-02-02,-0.00768195117999,-0.0035776858942,-0.00122596790741,-0.000503337454363,-0.000304549387844,-5.21308413681e-05,-0.00118906272617,-0.000369047318942,-0
2018-02-05,-0.0146553447723,-0.0066939465446,-0.00173783733395,0.00068661166136,0.000683393985633,0.000158724184756,0.000229913420805,-0.00129986147791,-0
2018-02-06,0.00676836183252,0.003133010365,0.00133069320599,-0.000506386478128,-0.000374607537368,-0.000177866137019,-0.000977703700587,5.80745253681e-06,-0
2018-02-07,-0.0018829844893,-0.00220200379495,-0.00154590260458,-0.000388667319629,-0.000247412100638,-9.57697679426e-05,-0.00042976053431,-0.000184156390556,-0
2018-02-08,-0.0130400845693,-0.00399871190381,-0.00177425017823,-0.000293412006057,7.47505871185e-05,-8.87315808435e-05,0.000139372451374,-0.00124016507571,-0
2018-02-09,0.00513009498447,0.00111304539098,0.000794446492209,-0.00023285552615,-0.000152594663506,-0.000137823816097,-0.000157225474027,0.00107057760001,-0
2018-02-12,0.00505288217205,0.00213614556126,0.000730603789843,4.94646588853e-05,-2.52330231527e-05,3.12763138898e-05,0.000445893897772,1.76221675575e-05,-0
2018-02-13,0.0008611964251,-0.000620930040248,0.000413989511345,4.91152558346e-05,0.000141848347834,3.10106680201e-05,0.000523219792999,0.000302742735834,-0
2018-02-14,0.00467638551333,0.00317193405303,0.00110212034178,-0.000588606964807,-0.000516439074272,-3.86955056144e-05,0.00158170314635,-0.00031385519189,-0
2018-02-15,0.0044406912972,0.00104773770335,0.0010125461715,0.000210624199046,2.47469253152e-05,2.30155000769e-05,0.000109365984218,0.000414700042173,-0
2018-02-16,0.000102495036425,0.000573943936829,-0.000203309446983,0.000337850801735,0.000196714016988,6.85009881466e-05,-0.000303996159738,0.000234452875119,-0
2018-02-20,-0.00218924725288,-0.00164834330457,-0.000485178727378,-0.000176858573292,-9.00847288737e-05,-3.42314526445e-05,-0.00124366840952,-0.000508413791605,-0
2018-02-21,-0.00173953009211,-0.000613101392021,-6.81361012118e-05,-0.000549828580521,-0.000247202095747,-0.000122462277704,-0.000422063152235,-0.000845121406148,-0
2018-02-22,0.000453146144432,0.000688401694756,6.84514876832e-05,1.62895810145e-05,0.000115920993874,3.84492789696e-05,0.000467884823081,0.000479403969937,-0
2018-02-23,0.00556601122148,0.00162664396435,0.000887791466343,0.000437663718756,0.000322034168112,0.000157277467296,-0.00011670231766,0.000679945324644,-0
2018-02-26,0.00408079583033,0.00128884681811,0.000518601037719,0.000128387403651,9.81924107182e-05,5.32015430354e-05,0.000223962553674,0.000119858014999,-0
2018-02-27,-0.00441013143859,-0.00249004588505,-0.00147855673733,-0.000366928001998,-0.000260055216148,-0.000105680285962,-0.000947484420504,-0.00099239707133,-0
2018-02-28,-0.0035727842019,-0.00169062741346,-0.000702233534848,0.000467840444289,0.000197201569225,6.1050865387e-05,-9.435363808e-05,-2.86667724936e-05,-0
2018-03-01,-0.00510362733702,-0.00209743648833,-1.13764718373e-05,0.000154466319026,0.000363316503286,0.000130493262332,-0.000204322321478,4.03480157892e-05,-0
2018-03-02,0.00179503172298,0.000473368510307,0.000137559951763,-0.000278205356597,-0.000316617322306,-3.47730920576e-05,0.000492226691092,-1.74025047945e-05,-0
2018-03-05,0.00403657931275,0.000653881231914,0.000160145685292,-9.79978911311e-05,-0.000107990926746,-2.69893272724e-05,-0.000153933223963,0.0004806472877,-0
2018-03-06,0.000891161558946,0.00133746833845,0.000159368881888,3.25052466493e-05,-8.3230736911e-06,-1.15016217853e-05,0.000984705201751,0.000201699460071,-0
2018-03-07,-0.000128775737164,-0.000180107833465,-1.13530890013e-05,-3.2389064355e-05,0,0,-0.000588710254925,0.000264135340575,-0
2018-03-08,0.00169992358139,0.000468565717663,3.40490965205e-05,0.000275477692502,0.000173205507096,4.20658461757e-05,-0.000218191469788,8.04428269138e-05,-0
2018-03-09,0.00612708854884,0.00118638233703,0.000962270822837,-0.000323252209644,-0.000181010789698,-6.48482997427e-05,8.70552246786e-05,0.000234982277091,-0
2018-03-12,-0.000446121231744,0.00024958268555,0.00019089828918,9.62442337096e-05,0.000195862096729,3.02764940127e-05,0,0.000187615338399,-0
2018-03-13,-0.00229243934485,-0.000998073510045,-0.000527561219153,0.000224320224333,0.000138701258435,3.40381396581e-05,0.000172631149567,3.9786866019e-05,-0
2018-03-14,-0.00181426121474,0.000250436154288,6.75554364058e-05,0.000289279170336,0.000163618853587,7.21113775113e-05,-5.77307805808e-05,3.99179773865e-05,-0
2018-03-15,-0.000383838574861,-3.58775623802e-05,-0.000214172204849,1.60316401768e-05,-3.27067769426e-05,3.81589711544e-06,-0.000577862837823,-1.14190367515e-05,-0
2018-03-16,0.000381881515684,-0.000215072372576,-0.000169287059395,-9.65621594707e-05,-9.84503909871e-05,-7.22798048524e-05,-0.00021697019008,0.000302826603851,-0
2018-03-19,-0.00477081517996,-0.00132631741562,-0.000507954598074,-0.000177279571316,-8.20145773113e-05,-2.66298398327e-05,0.00019531019488,-0.000377168904512,-0
2018-03-20,0.000595787241718,0.000144364225967,0.000466109362981,-0.0002758740455,-0.00016525206027,-6.51264957282e-05,-0.000407970677929,-0.000149646864518,-0
2018-03-21,-0.000673345087813,0.000397047427347,0.000295537434587,-1.61824340059e-05,5.78467188432e-05,9.19329362195e-05,0.00158065088556,-0.000322256742569,-0
2018-03-22,-0.00874119523977,-0.00295579048426,-0.00172533825586,0.000323956779889,0.000346427992295,0.000126227711312,-0.000363691047868,-0.000252864605528,-0
2018-03-23,-0.00736473652129,-0.00197275471678,-0.000782194057647,0,0.000117025682787,2.33020259239e-05,0.00120154195783,-0.000774551022855,-0
2018-03-26,0.00934087094574,0.00285811654951,0.00160469497011,-6.62028958364e-05,-0.000236316624359,-7.83009962393e-05,0.000498648096537,0.00049039699262,-0
2018-03-27,-0.00588222139386,-0.00131381668037,-0.000803004263664,0.000506537899497,0.000482552261501,0.000165934309691,-0.000579607245863,0.000163873895544,-0
2018-03-28,-0.00101162084838,0.000772015629767,-0.000369754740214,9.87387998641e-05,-1.67159464914e-05,0,-0.00130071423727,0.00109068148636,-0
2018-03-29,0.00436505834777,0.00176584991176,0.000971353412239,0.000510796713417,0.000176125018711,9.33480663317e-05,4.43735846505e-05,-5.30963191666e-05,-0
2018-04-02,-0.00740966937828,-0.0024091355398,-0.000791681408115,-0.000175311842287,8.75195817013e-05,4.33414265466e-05,0.00107870445238,-0.000597104577829,-0
2018-04-03,0.00434916762599,0.00125386108812,0.000521635565954,-0.00019863019245,-0.000277930463625,-2.73633488424e-05,-0.000711699149208,0.000372598274712,-0
2018-04-04,0.00365771127209,0.000366847248952,0.000172938760038,6.58729646587e-05,-5.02687502886e-05,-2.33277065035e-05,0.00011061434815,0.000464735598482,-0
2018-04-05,0.00271395845496,0.00120474167035,0.000114755050134,-0.000245775793855,-0.00021673021928,-0.000123859573502,-0.000477070545446,-1.75651166334e-05,-0
2018-04-06,-0.00770158382147,-0.0013103996363,-0.000949692633278,0.000392077254208,0.000374052672112,0.0001736544363,0.000431759891524,-0.000332764022939,-0
2018-04-09,0.00168019709568,0.00139572804761,-4.61530640493e-05,0.000148348665638,1.67800232918e-05,-7.78571402102e-06,0.000317507728209,-0.000141353135373,-0
2018-04-10,0.00542928164669,0.00179371661299,0.000989533883732,-0.000131421678276,-0.000150506127878,-1.94029598454e-05,0.000220776584668,-4.69628740887e-05,-0
2018-04-11,-0.00180396949086,-0.000762580490463,6.84747605485e-05,0.000146681586241,8.29326466812e-05,0.000127045693227,0.000722710619807,9.31662959126e-05,-0
2018-04-12,0.00281989240053,0.000618221277802,-1.14294644623e-05,-0.000391702069542,-0.000307187004953,-6.93956455008e-05,-0.001089160495,-0.00048981384403,-0
2018-04-13,-0.00101243565648,0.000145214635709,-0.000559412065626,4.89219508042e-05,7.4675806536e-05,6.16059759511e-05,0.000606056003608,0.000227177149407,-0
2018-04-16,0.00283082555971,0.000290726341165,4.56649466778e-05,3.2649270968e-05,-4.15520631491e-05,-3.85199447307e-05,0.000131488646307,0.000268051145211,-0
2018-04-17,0.00370117504088,0.000832840261926,4.55380800532e-05,4.87224913901e-05,4.96036136636e-05,6.5248827467e-05,8.73535290374e-05,0.000511004733844,-0
2018-04-18,0.000257361262338,0.00097249905444,0.000373585498639,-0.000484889806251,-0.0003289956503,-8.78099299738e-05,7.24050799381e-05,-9.24190845215e-05,-0
2018-04-19,-0.00192944138905,-0.000755902310384,-0.000294152595929,-0.000420022275975,-0.000230104499095,-6.86765101873e-05,-0.000180892141161,-0.000634923187226,-0
2018-04-20,-0.00294614748894,-0.000795414171108,-0.000625028733508,-0.000470640758514,-0.000280740088139,-0.000149502877966,-0.000705045045316,-0.000400079969474,-0
2018-04-23,-5.1929600399e-05,-0.00018197109271,-0.000354570308598,-8.15450190665e-05,-8.30873055819e-05,-1.15658869453e-05,-0.000738822370038,-3.50037059977e-05,-0
2018-04-24,-0.00467575723628,-0.00072884484863,-0.000240557312033,-0.000229040283804,-9.98881432954e-05,-0.000119758144203,0.000446909893357,0.000163632169196,-0
2018-04-25,0.000851264964343,-0.000366494673821,-0.000391613369185,-0.000230141862913,-0.000184073669087,-6.60173130968e-05,-0.000604075624476,-8.22811480772e-05,-0
2018-04-26,0.00351349228561,0.00121064377769,0.000541941682749,0.000296230788984,0.000242924434799,0.000112763967691,-0.000324488375558,0.000570642832403,-0
2018-04-27,0.000325781269022,0.000182275633843,0.000275035319286,0.000212678315177,0.000141536687701,0.000139122440764,0.000388463381764,0.000754263624316,-0
2018-04-30,-0.00266467973067,-0.000872897320801,-0.000354399863158,3.26481641039e-05,9.13541922156e-05,3.4724903548e-05,-0.000665378861638,-0.000174983027453,-0
2018-05-01,0.000613749027591,-0.000146169272083,-0.000298602489458,-0.000147865083957,-0.000132912885869,-0.000124892438527,-0.000646395057017,0.000404301764356,-0
2018-05-02,-0.00232541899569,-0.000219367911449,-0.000344696898262,0,1.67712516366e-05,5.44885483383e-05,-4.40918450682e-05,-0.000164132842051,-0
2018-05-03,-0.000760065166106,0.000330032739841,-0.00016136857853,0.000197884303797,0.000218050200545,5.46696575068e-05,0.000464386635931,-2.93961904437e-05,-0
2018-05-04,0.00445388057529,0.000623113354077,0.00025348189987,0.00011545136119,8.4478050012e-06,1.16980728729e-05,0.000191593840175,0.000493769187453,-0
2018-05-07,0.00117183879756,-3.63591116467e-05,-0.000137417539263,-8.20114608661e-05,-4.17225600069e-05,7.76533605364e-06,2.19707487384e-05,0.000303792850721,-0
2018-05-08,0,0,0.000263065870951,-0.000196327472205,-0.000141515190292,-7.74934557954e-05,1.46276351739e-05,-0.000227566684194,-0
2018-05-09,0.00335628486063,0.000509582518769,6.86342235296e-05,-0.000196495300404,-0.000191565250112,-2.71499599825e-05,-0.00019025664544,0.000303543376114,-0
2018-05-10,0.00326628321651,0.00116062061906,0.00102600933173,0.000391472445299,0.000174271288902,8.49874332875e-05,0.000619753601008,0.000354801912567,-0
2018-05-11,0.00106837696523,0.000324067275586,-0.00018112456158,8.10720194827e-05,8.26130208885e-06,0,-0.000130319966381,-0.00015594624817,-0
2018-05-14,0.000167220079111,0.000287868024679,0.000158328901345,-0.000161853083264,-0.000181124003968,-0.000107268033393,-0.000368866651901,-0.00038655725028,-0
2018-05-15,-0.00241869310705,-0.00136798451713,-0.000995743282211,-0.000761163458074,-0.000461216320967,-0.000138004929668,-0.00145462000852,-0.000727407958925,-0
2018-05-16,0.00147888839845,0.000508205479847,0.000730261248963,-0.000195909519295,-0.000174417784445,-6.18188967723e-05,-0.000138657839893,-0.000133894548134,-0
2018-05-17,-0.000297740581909,0.000217400454597,-0.000728794436076,-0.000228115298976,-4.97380025827e-05,-8.10249909376e-05,5.09809810148e-05,-0.000220767936788,-0
2018-05-18,-0.000881773640503,-0.000580433945036,-0.000478902659771,0.000440560188586,0.000323706727719,0.000115872865908,3.64661522122e-05,5.81788562814e-05,-0
2018-05-21,0.00264740669077,0.00105307529688,0.000330985563887,1.64091650605e-05,5.81824041173e-05,1.54680284422e-05,5.10986526537e-05,0.000524091567806,-0
2018-05-22,-0.000981747987333,-0.000108495056452,0.000204494781056,0,-3.30927748352e-05,-1.92417469436e-05,-5.08597786479e-05,6.37487760745e-05,-0
2018-05-23,0.000969733636053,-0.00155551723117,-0.000227415138697,0.000471851351469,0.000380705660385,0.000123272064869,9.45397584289e-05,0.000446715957605,-0
2018-05-24,-0.000723431128435,-0.00054229387962,-0.000181808571591,0.000471630801725,0.000215053734654,5.00288125154e-05,0.000763066049064,-9.27599964421e-05,-0
2018-05-25,-0.000839896627364,-0.000903770972761,0.000125003994944,0.00037394759156,0.000330836036774,6.16067844622e-05,-0.000276167633433,0.000156538453274,-0
2018-05-29,-0.00404769799582,-0.0032568829207,-0.00113743293341,0.00113943009867,0.000910728888458,0.000254310323874,-1.45469421755e-05,0.000214703801803,-0
2018-05-30,0.00467027160972,0.00229344220924,0.000446257092715,-0.000442060006723,-0.000366436139273,-8.1396151624e-05,0.000131726793217,0.000618811180578,-0
2018-05-31,-0.00215676047567,-0.000867363018635,5.67884085151e-05,-0.000146363929423,-4.13811854677e-05,2.69284696368e-05,-0.000196166728406,-0.000156494983581,-0
2018-06-01,0.00344762914502,0.00119678327361,0.000569978795239,-0.000214105195169,-0.000314274442594,-6.35417710272e-05,-0.000444732960497,0.000203576902479,-0
2018-06-04,0.00167750710112,0.000722219379925,0.000533409700179,-0.000407054243746,-0.000297974171324,-8.86925779256e-05,-8.71031774471e-05,0.000399551391994,-0
2018-06-05,0.000257402111082,-0.000180113231939,-0.00045286698494,0.000129932426181,0.000214712023388,9.61879601116e-05,0.000347571587925,-0.000121309153358,-0
2018-06-06,0.00295990927593,0.00136834490594,0.000735693693804,-0.000389667834562,-0.000338452055968,-9.23010404628e-05,5.06729814064e-05,0.000109717087954,-0
2018-06-07,-3.84676231937e-05,-0.000932118913018,-0.000788813767563,0.000371789722344,0.000353392960143,0.00013018167922,-4.32419720232e-05,0,-0
2018-06-08,0.00105171827319,0.000287042511597,-3.38560275849e-05,-0.000242694598505,-0.000115191108478,-7.28130441884e-05,0.000108212936508,0.000166884832921,-0
2018-06-11,0.000473857032133,0.00103949743846,-6.75794158845e-05,-0.000177798011893,-8.21849077739e-05,0,0.000158529374611,-6.89707598665e-05,-0
2018-06-12,0.000460620053786,-0.00100235795049,-3.37576364958e-05,4.84371953879e-05,-4.92173799603e-05,-3.44117550558e-05,-0.000295065794414,0.000275549833294,-0
2018-06-13,-0.00113934610323,7.16408889086e-05,-0.000371551703523,-0.000161543371214,-9.85276084147e-05,-2.67943591765e-05,0.000266446401326,-0.000901877152394,-0
2018-06-14,0.000898215126587,-0.000394939967126,-0.000270871069106,0.000437194832488,0.000263413646815,0.000111205914924,0.000137142946409,0.00043186643804,-0
2018-06-15,-0.000455632358146,-0.00111130481626,-0.000270396357162,6.45461056752e-05,6.57396465984e-05,1.53203940247e-05,-0.0014701513407,-2.87578818756e-05,-0
2018-06-18,-0.000735877550406,-0.00111491492497,-0.000576529913132,3.24871235576e-05,4.11705164429e-05,3.45658224378e-05,-0.000166279741883,1.28059457421e-05,-0
2018-06-19,-0.00137183155903,-0.00173044412275,-0.000566593619841,0.000178828598212,0.000223189336938,6.93184399922e-05,-0.000224674095061,-4.66725074301e-05,-0
2018-06-20,0.000610533840456,0.000325555492006,0.000159203108875,-0.000326300762236,-0.000273720122223,-0.000119793016862,-0.00039273387076,0.000515276624789,-0
2018-06-21,-0.00224585247872,-0.00108476319523,-0.000693303241931,4.90050776792e-05,0.000223846997902,7.7251841988e-05,-0.00015265288945,0.000222398259782,-0
2018-06-22,0.000651510737593,0.00169036999679,0.000396085493707,0.000163595134497,1.66337293395e-05,6.20063675354e-05,0.000211564904383,0.000370032098476,-0
2018-06-25,-0.00485501558638,-0.00223365548428,-0.000640646215318,-9.79041754983e-05,0.000116015088388,1.9310153535e-05,-0.00032713056981,-0.000122895034635,-0
2018-06-26,0.000785179788181,0.000184597940714,-0.000196075249757,0.00027955191664,4.18160317166e-05,6.22973889899e-05,-0.000461743385537,0.000153413736982,-0
2018-06-27,-0.00294222010477,-0.00143853154918,-0.00107174324542,0.000312013156712,0.000325677105723,0.00014394123227,-0.000497969287533,-0.000182765361,-0
2018-06-28,0.00202478400071,0.00055626515385,0.0004518608736,-1.65016190054e-05,-8.39556452008e-05,-5.86625898405e-05,-0.000265049566678,0.000426784406841,-0
2018-06-29,0.000511112429957,0.00118313753057,0.000785467622677,0.000148145446152,-6.69659590197e-05,1.55887185713e-05,0.000315628571933,0.000118190386194,-0
2018-07-02,0.000757887868546,-0.00169570828005,-0.000529735287918,-0.000166121377455,-5.85473873991e-05,1.60251822779e-05,-0.000870863330429,-0.000265127162687,-0
2018-07-03,-0.00125802193728,0.000332775579222,4.61731778333e-05,0.000362832104152,0.000218031307996,9.39249337865e-05,0.00087331926995,0.000360419128538,-0
2018-07-05,0.00289321389519,0.000997031394363,-4.61256935736e-05,0.000164894119458,8.35761356702e-06,5.08241731954e-05,0.00029325132472,0.000572538885249,-0
2018-07-06,0.00300930208752,0.00106558619169,0.000585483363237,0.000180275820304,7.50128986473e-05,6.22373414647e-05,-0.000138611729443,0.000258435726019,-0
2018-07-09,0.00321434040942,0.00142581721512,0.000879497774434,-0.000163093446306,-0.00021554538231,-8.90327105077e-05,0.00021049020022,-0.000385678287171,-0
2018-07-10,0.0012897203121,0.000181921705817,-4.54778303806e-05,-0.000129844708271,-6.60668688007e-05,-6.5471529489e-05,-0.000158907642641,9.88412772597e-05,-0
2018-07-11,-0.0026283255532,-0.00276200341005,-0.000908305518515,6.47480632306e-05,0.000173113708238,4.61725616045e-05,-0.000930743916565,-0.000156832148685,-0
2018-07-12,0.00325698537186,0.00131770006453,0.000674683188344,0.000212413570423,-3.31670164085e-05,-3.48780921273e-05,0.000356065434155,0.000146261269429,-0
2018-07-13,0.000283941770168,0.000436699968798,3.4078903644e-05,0.000162388661276,0.000140249357797,8.476252299e-05,-0.000375649712026,-0.000145403958415,-0
2018-07-16,-0.000322454757901,3.6299992367e-05,-0.000272665555186,-0.000194713839203,-0.000140162307541,-0.000115521206297,-4.33158116231e-05,-0.00025575833291,-0
2018-07-17,0.00145869025242,0.000182108621139,0.000375412476269,-6.5016009864e-05,-4.96010953943e-05,-5.78227958468e-05,-0.000918092872255,-0.000314263329004,-0
2018-07-18,0.000761174141112,7.27742269622e-05,-4.5476904226e-05,-4.87203519092e-05,-6.60352044989e-05,-6.93488038202e-05,2.16730265725e-05,-0.000209418410076,-0
2018-07-19,-0.00136695840916,-0.000654748212718,-0.000556853198366,0.000259702053009,0.0002310539698,6.16168552827e-05,-0.000361081373758,0.000552348102395,-0
2018-07-20,-0.000413336851019,0.000947427059953,0.000626191910095,-0.000341463769304,-0.000297607760551,-0.000104176810235,0.000542617720861,-0.000460157719356,-0
2018-07-23,0.000671476489669,-0.000254917913522,-0.000147923683368,-0.000601469485669,-0.000413086674616,-0.000204371733041,-0.000404950528306,-9.89694929599e-05,-0
2018-07-24,0.00182347786589,0.000984833350937,0.000729333762971,0.000244260492812,5.79211542704e-05,2.31584018055e-05,2.89679514565e-05,-0.000239065127637,-0
2018-07-25,0.00309223175795,0.00119940025943,0.000783501359554,1.61563288909e-05,-5.77103448527e-05,7.69649486239e-06,0.000461789308605,0.000371778812552,-0
2018-07-26,-0.000858255722605,-0.000650386187884,-0.000485400339778,-9.67643252287e-05,-9.01295538907e-05,-4.20815777974e-05,-0.000652774990522,0.000155958073591,-0
2018-07-27,-0.00246619531717,0.000398525597855,6.79018690568e-05,0.000129365720054,0.000131520740624,6.52250690423e-05,4.31610484853e-05,-0.000503838794398,-0
2018-07-30,-0.00189208668113,-0.00010897570722,-6.80471043097e-05,-0.000178252411392,-0.000107065098883,-2.30779802845e-05,-0.000129749097902,2.90195834291e-05,-0
2018-07-31,0.00178074761189,0.0001456325031,0.000227427578545,0.000146208088585,0.000115538035481,6.55115773297e-05,0.00024568744521,0.000785423585545,-0
2018-08-01,-0.000604316221511,-0.000544038993691,-0.00037394434855,-0.000176761669227,-0.000197823718478,-0.000104894964806,-0.000612074412838,0.000336258126314,-0
2018-08-02,0.00197192911493,-0.00119969208993,-0.000567894402685,6.48947444771e-05,9.91337992389e-05,2.32184332278e-05,-0.000447476226993,-0.000191766822079,-0
2018-08-03,0.00155967094692,0.000218208728572,0.000306735861957,0.000374169477706,0.000214884240999,8.50233521825e-05,0.000288765676186,0.000517298251683,-0
2018-08-06,0.00133604031573,-0.000760859535263,-0.000373564663757,0.000113442357594,4.12102133625e-05,7.70368137135e-06,-0.000424412177785,-6.37180663754e-05,-0
2018-08-07,0.00120758185747,0.000978397066926,0.000441543322574,-0.000307977950562,-0.000172978328824,-5.77713753563e-05,0.000187049528366,-8.68817007349e-05,-0
2018-08-08,-0.000153967809297,-3.61818145493e-05,-0.000112982276059,0,7.39519260711e-05,3.81905610483e-06,0.000229722084421,-0.000277428106405,-0
2018-08-09,-0.000499933919396,-0.000289323059602,-6.77859958608e-05,0.000242667419081,0.000230102256535,9.99955909166e-05,-0.000122074561094,2.31326351466e-05,-0
2018-08-10,-0.00244998814972,-0.0029669966073,-0.000972170625485,0.000372237930408,0.000361813400768,0.000138482912077,-3.59135338458e-05,-0.000364353074395,-0
2018-08-13,-0.00136776430507,-0.000764312866387,-0.000773255205868,9.77770526677e-05,-2.47518836157e-05,-7.71555730221e-06,-0.00125012128438,-9.30895747234e-05,-0
2018-08-14,0.00233229397905,0.000219249401126,0.000285487441062,-0.000163529851004,-8.30802906239e-05,-5.4417405273e-05,7.98216800541e-05,0.000233687806662,-0
2018-08-15,-0.00273932622853,-0.00236900387962,-0.0014005716547,0.000244486927916,0.000207071907916,8.52359576136e-05,-0.00136033921073,0.000367018662407,-0
2018-08-16,0.00296670863729,0.00106441193479,0.000332528970529,9.84998701398e-05,-2.50836482312e-05,-2.73139379586e-05,-6.55823970352e-05,0.00039305487453,-0
2018-08-17,0.00129507227616,0.00102278739573,0.000399434516784,9.80989486686e-05,3.32329366115e-05,1.94030718324e-05,0.000746981507296,0.000449616378853,-0
2018-08-20,0.000786840177819,0.000654881037941,0.00020459407758,0.000341656017347,0.000264602022484,8.51140696258e-05,0.000404486026987,3.48880766121e-05,-0
2018-08-21,0.000861749470124,0.00101584356219,0.000510074190237,-0.000146036522865,-0.000115473575793,-2.70039603552e-05,0.000237691357541,-0.000295778990388,-0
2018-08-22,-0.000218197544962,0.000760339567601,0.000282802210906,0.000145739059893,0.000156364754863,9.2403528884e-05,0.000179705583389,-0.000272007244522,-0
2018-08-23,-0.000487251708901,-0.00115731990929,-0.000745732746036,-9.69661660582e-05,-8.2083455918e-06,3.46118321108e-05,-0.000768273717881,-0.000121382225933,-0
2018-08-24,0.00221278397736,0.001161210572,0.000702896535178,0.000194726208487,2.47155180377e-05,4.2424251193e-05,0.00141204142737,0.000284215785236,-0
2018-08-27,0.00290272916738,0.00212814629929,0.000777565504533,-0.00022584649879,-0.000188519821281,-6.51880820215e-05,0.000307919959799,-0.000172964828065,-0
2018-08-28,0.0001779586335,-0.000358778335058,-0.000235365085103,-0.000320911316475,-0.000187472548054,-8.39115409023e-05,-0.000648111645352,0.000642205129297,-0
2018-08-29,0.0019861249207,0.000861844805955,0.000269252491564,-3.20987500913e-05,-2.44814139451e-05,0,0.000370724793682,1.14867813053e-05,-0
2018-08-30,-0.00149720725381,-0.00139567528591,-0.00127459368994,7.99171160456e-05,0.000154468899434,3.80479649609e-05,-0.000397873103457,-0.000308890387331,-0
2018-08-31,1.28162780588e-05,-0.000970715799208,0.00031450462866,-1.6013571467e-05,1.63731852806e-05,-4.96917831035e-05,-9.27888465163e-05,0.000189652563082,-0
2018-09-04,-0.000637560320873,-0.00154688233466,-0.00105648746807,-0.00019035465439,-0.000191696507465,-5.90967086947e-05,-0.000414237890262,-0.000575032431502,-0
2018-09-05,-0.000999514370506,-0.00115661339514,-0.000496823844229,-8.09156528851e-05,-8.20308593082e-06,-4.24346118477e-05,0.000279845210233,0.000277298406328,-0
2018-09-06,-0.00111734018653,-0.000543350854135,-2.26480104057e-05,0.000292274028361,0.000173179521966,3.86536361263e-05,0.000158214925426,0.000138979924878,-0
2018-09-07,-0.000719761745419,-0.00123265323189,-0.000203883150854,-0.000617707707497,-0.000379740935852,-0.000123775533877,-0.00022313303194,-0.000527365937163,-0
2018-09-10,0.00064532628538,0.0008372400425,-0.000545893672346,0.000163308656801,4.9687432629e-05,1.16498038916e-05,-5.78173790235e-05,0.000215300044247,-0
2018-09-11,0.00122442267523,0.000218124318609,5.67802658272e-05,-0.000293391491654,-0.000306283739546,-8.92052164818e-05,5.05221994654e-05,-5.82958437252e-06,-0
2018-09-12,8.99934170044e-05,0.000653849090354,0.000283708215147,0.000113944838804,9.92439386853e-05,3.87560797749e-05,0.000685073374707,2.32254926137e-05,-0
2018-09-13,0.0021976780524,0.000978687260301,0.000577637085909,0.000113813305466,-8.26609599527e-06,-6.18821103915e-05,-0.000295074786751,0.000237585988786,-0
2018-09-14,6.40629647699e-05,0.00032511274578,-5.64437410277e-05,-0.000323783084072,-0.000156202470052,-7.70624941607e-05,-0.000530598578691,-0.000305979819676,-0
2018-09-17,-0.00197375556583,0.000144605143203,-0.000361462788636,0,1.64574056586e-05,7.69837939886e-06,0.000423493799274,0.000156034523905,-0
2018-09-18,0.0020154413869,0.00159327266799,0.000362037316189,-0.000373359695625,-0.000346308463309,-8.88520192778e-05,-0.000122215449529,-0.000231506792415,-0
2018-09-19,0.000396836897064,0.000541723928978,0.000620511834361,-0.000323748617367,-0.000139840447081,-4.62257523535e-05,0.000315436112168,-0.000559874269785,-0
2018-09-20,0.00301890093954,0.00169579395998,0.000383253966137,0.000226341442016,8.21974380211e-06,5.7735723595e-05,0.000279369116755,0.000444078592559,-0
2018-09-21,-0.000341083151532,3.59199521094e-05,0.00019045441571,0.000128674482337,3.26563640302e-05,3.81428472461e-06,-0.000555343036408,-1.72070304426e-05,-0
2018-09-24,-0.00123955573573,-0.000681791383719,-0.00058290302134,-0.000160814084449,-8.98538167152e-05,-4.20928552932e-05,-1.42446345728e-05,-0.00085257112469,-0
2018-09-25,-0.000346354336714,0.000756230669376,0.000292547780841,-8.07496704952e-05,-8.20412244593e-05,-1.53631255278e-05,0.00012869496644,5.84412405677e-06,-0
2018-09-26,-0.00111491378683,6.50768444091e-05,8.52854580083e-05,0.000403341784755,0.000270511991845,7.29448749675e-05,-0.000428698972382,-0.000559989185538,-0
2018-09-27,0.00103941247185,-0.000433944389306,0.00013665426411,0.000112970652358,0,1.53867939195e-05,-0.000715363147796,0.000221939362195,-0
2018-09-28,3.84315879135e-05,-0.00112066016824,-0.000295976273212,-0.000177429331378,4.09741705374e-05,-1.92271950588e-05,0.00050771574273,0.000630502394713,-0
2018-10-01,0.00129615595731,0.000397808754416,0.000113882507087,-4.5377005295e-05,-0.000210485610155,-0.000126593898322,-0.000135923294801,-0.000438039612111,-0
2018-10-02,-0.000217959183778,-0.00101170616323,-0.000500625169137,0.000194135349142,0.000213605595367,6.92077089781e-05,0.000929200576789,-0.00010503489295,-0
2018-10-03,0.000205257278693,-0.000253022034751,-0.000387038328165,-0.00080928894234,-0.00061643777795,-0.000203854747589,-0.000321786973691,-0.000496199183456,-0
2018-10-04,-0.00293297303558,-0.00199398732705,-0.00105026143135,-0.000487005267712,-0.000214269072302,-0.000104137258128,4.3032238041e-05,-0.00038641210391,-0
2018-10-05,-0.00209895127191,-0.000766724024319,-0.000206954934382,-0.000375898676044,-0.000199253872753,-0.0001165509137,0.000231132259448,-2.35944664819e-05,-0
2018-10-08,0,-0.000842760533709,8.07676080586e-05,-6.56208299414e-05,3.33481701901e-05,-1.94784061742e-05,-0.000913334225906,0.000668720564088,-0
2018-10-09,-0.000546712639187,-0.000550232647311,-0.000115512836111,0.000246354709444,0.000158497982427,0.000120974443997,4.35363395811e-05,6.51525112671e-05,-0
2018-10-10,-0.0118518723217,-0.003486845599,-0.00125980224825,-4.93439310516e-05,4.17030861972e-05,-4.29489938825e-05,0.000203294458688,-0.000699434728864,-0
2018-10-11,-0.00812280564129,-0.00212858654375,-0.00039981686556,0.000518313033015,0.000348110616224,7.15033018189e-05,0.00214229013867,-0.00135092484594,-0
2018-10-12,0.00505402861332,0.000753648227455,0.0011390664408,5.06077141095e-05,-0.000102850435081,-6.81498510764e-05,-0.000409950353184,-0.00012170457253,-0
2018-10-15,-0.00205942284884,-0.000262137276206,-0.000448062592406,-0.000117394646301,5.10995794125e-05,2.78877926537e-05,0.000570342635764,0.000308389269638,-0
2018-10-16,0.0079873325021,0.00262612264619,0.0010396267614,0.000100857940768,-8.52380873875e-06,3.9916715033e-06,-0.000148425687133,0.00095124600352,-0
2018-10-17,6.58019239557e-05,-0.000926261989831,-0.000548366835692,-0.000348362049608,-0.000244306235706,-0.000102477378908,-7.33096305976e-06,-0.000179498411071,-0
2018-10-18,-0.00533693563889,-0.00241392380737,-0.00118112042801,-0.000116446260882,0.000152007905462,-3.16294787135e-05,9.54989213456e-05,-8.99692038135e-05,-0
2018-10-19,-0.000199343034083,0.000786945616597,0.000412974536863,-0.00015096483477,-0.000102240380193,-3.98681216837e-05,6.67142079024e-05,0.000405462860046,-0
2018-10-22,-0.00164686217917,-0.000711106501512,0.000471423645341,-3.34956082227e-05,1.69751610865e-05,-2.38887445769e-05,-0.000222111132513,-0.000658856088543,-0
2018-10-23,-0.00186440774675,-0.0015388611023,-0.000449106467004,0.000218440148326,0.000221877549096,1.19839362717e-05,0.000504864625187,0.00020607989141,-0
2018-10-24,-0.0110704445944,-0.00413961203214,-0.00131542233156,0.000454922982214,0.000462044352599,0.00014415931417,0.000201004563467,0.000443665162554,-0
2018-10-25,0.00645208698303,0.00164257827452,0.000842016493829,-0.000153883478137,-0.000208440297129,-0.000186983189262,-0.000196470102039,0.00061693577253,-0
2018-10-26,-0.00638228142727,-0.00124958448492,-0.000345774863168,0.000406876984281,0.000387439292351,0.000221586291578,0.000277145032187,-0.00116189704344,-0
2018-10-29,-0.00199087318999,-0.000610661228123,-0.000877335544339,-0.0001879855873,-8.70348549401e-06,-4.46556818298e-05,-0.000347287538289,0.000604018139355,-0
2018-10-30,0.00531359424193,0.00183831376473,0.000904491666745,-0.000257222851942,-0.000191543185027,-0.000118181796497,-0.000386370992684,0.000661802563842,-0
2018-10-31,0.00385676577993,0.00121612412668,0.00051458316159,-8.50857967505e-05,-0.000216010433132,-0.000101085507886,-0.000488645800475,-0.000570780040857,-0
2018-11-01,0.00386773511075,0.00196800392844,0.00162083495325,0.000447867862526,7.41179619344e-05,-5.60164632428e-05,0.00110803148695,0.000226141150614,-0
2018-11-02,-0.00215557384099,0.000412505379394,0.000165315512419,-0.000523075460959,-0.000478441803185,-0.000131780374071,1.48392773935e-05,-0.00039363472492,-0
2018-11-05,0.00200203938347,-7.52722758627e-05,0.000213208508659,0.000118503015208,5.14293051227e-05,8.01161157533e-05,-0.00020834837169,0.000704689549227,-0
2018-11-06,0.00230253243232,0.000787671804118,-0.000177169468811,1.69057994595e-05,-9.40090897265e-05,-1.59747366582e-05,-0.000244849147028,0.000242296391746,-0
2018-11-07,0.00781724842358,0.00187010697739,0.000824458598852,0.000151384644253,0,3.18675918535e-05,-7.40036513885e-06,0.000573834861149,-0
2018-11-08,-0.000669514574683,-0.00151640476294,-0.001129733908,-0.00031614825914,-0.000117996617917,-5.90863339325e-05,-0.000182909776121,3.58575555527e-05,-0
2018-11-09,-0.00361021678321,-0.00107682028259,-0.000783438516812,0.000217208314154,0.000329976169531,0.000102803515194,-0.000954905030484,-6.03816538976e-06,-0
2018-11-12,-0.00687823382291,-0.0025770524272,-0.000599787741178,0.000285678430802,0.000255311130634,9.14799344034e-05,-0.000605829167717,9.65311835565e-05,-0
2018-11-13,-0.000682703362217,0.000565829322666,0.000534540769692,6.79302290942e-05,6.87574405054e-05,-3.61626738082e-05,2.98441017193e-05,-4.87434814728e-05,-0
2018-11-14,-0.00248838937274,0.000150834993997,0.000356203512436,1.6945513219e-05,0.000180382272236,4.02754415951e-06,0.000701105892188,-0.000121793177082,-0
2018-11-15,0.00377738842814,0.000490750577197,0.00090341750509,0.000220768972404,6.01890669603e-05,3.61880774755e-05,9.70757099276e-05,-0.000335311842204,-0
2018-11-16,0.000946106839593,0.00015015495635,0.000165557173785,0.000287255043139,0.000265269352267,0.000179943900702,0.000631428469955,0.000521574032974,-0
2018-11-19,-0.00615023084812,-0.00123531020412,-0.000577633543198,-1.68567361142e-05,0.000127918466483,-1.99384868825e-05,3.70226629141e-05,6.65015471991e-05,-0
2018-11-20,-0.00666687510829,-0.00275407762256,-0.000974185839921,-6.78895123757e-05,-1.71675363346e-05,-6.42661307302e-05,0,-0.000505726196919,-0
2018-11-21,0.0012182741652,0.00217451000697,0.000864955379993,0.000120084598132,-1.73916120137e-05,-2.03472540856e-05,0.000143386855897,4.31510519864e-05,-0
2018-11-23,-0.00238521671788,-0.000987422741139,-0.000490324640737,-5.12047269924e-05,5.19236714047e-05,-6.87400975679e-05,-6.76161380717e-05,-9.8147182131e-05,-0
2018-11-26,0.00575082867012,0.00202105432203,0.000324236759179,-3.42934195727e-05,-6.95136663739e-05,-4.87281675875e-05,-9.80631264788e-05,9.23690408878e-05,-0
2018-11-27,0.00120820592489,-0.000453998112101,0.000333564835813,5.10595904778e-05,8.61897839082e-05,-0.000116823700753,-0.000516402593444,0.000207749760061,-0
2018-11-28,0.00828990237381,0.0021925483106,0.00103565941027,0.000340174427935,-8.62088129591e-06,5.23319386518e-05,0.000321558098358,0.000439564175792,-0
2018-11-29,-0.00079477053807,-0.0007092496328,-0.000317392849281,8.39841971765e-05,0.000221127034224,0.000254423696616,0.000265845266606,1.20597648662e-05,-0
2018-11-30,0.00221436804997,-0.000523115451101,-5.88306943344e-05,-5.04628008791e-05,0.000170326613001,7.94762338296e-06,-0.000147834776224,0.000464667937644,-0
2018-12-03,0.00482965116652,0.00197634384062,0.000927662925799,0.000287602013364,0.000188990871566,8.15152504647e-05,0.000641760141109,0.000264972834829,-0
2018-12-04,-0.0118657118417,-0.00376891518843,-0.000872657542841,0.000466643165493,0.000396527706849,0.000130046813903,0.000518959312072,-0.000728007469476,-0
2018-12-06,-0.000546164672468,-0.00138896539738,-0.000378287007565,0.000440240316442,0.000222789577806,4.00208646525e-06,1.4849619617e-05,0.00121857935519,-0
2018-12-07,-0.00835558422039,-0.00153978812386,-0.000934257278123,0.00023706535461,0.000257290158541,6.40875311986e-05,0.00070576452703,-0.000661087355313,-0
2018-12-10,0.000673192248418,-0.00125211320622,-0.000537692909742,0.000119765591625,5.19656467447e-05,-0.000109257864749,-0.000307738230702,-0.000324773416801,-0
2018-12-11,8.10002748708e-05,0.000152002667093,0.000466771407397,5.14924103047e-05,-0.00022562918229,-0.00017834547897,-0.000105259441818,2.45539877117e-05,-0
2018-12-12,0.00179317238076,0.00227987307634,0.000693992480409,-0.000137013264128,-0.000242875417852,-6.48297948395e-05,0.000187914013053,-0.000773201721721,-0
2018-12-13,-0.000120877170091,-0.000265003130928,7.15206070673e-05,5.1106725985e-05,5.18058157737e-05,8.06757134336e-06,-0.000194704562155,0.000283975418771,-0
2018-12-14,-0.00658287348835,-0.00200661067993,-0.000584180148408,5.12273075427e-05,0.000138327311346,3.2293910013e-05,-0.000352004128331,-0.0001423320928,-0
2018-12-17,-0.00693039486352,-0.00126127358197,-0.000505496352985,0.000310228742159,0.000261779504865,7.74480687671e-05,0.000612432856421,-0.00187390352647,-0
2018-12-18,-0.000383369563332,0.00015428460335,0.000291569329977,0.000540543155048,0.000223346917558,0.00011705442344,0.000213692205054,0.000498093109083,-0
2018-12-19,-0.00522095510955,-0.00157914597595,-0.000776245959846,0.000174040809454,0.000317277988077,7.8172421101e-05,-0.000548589535631,-0.000535055081562,-0
2018-12-20,-0.00563560513045,-0.000543627650365,0.000354605980038,-0.000175460371669,-0.000115545644258,-0.000128597063732,0.00139033746575,-0.000729769012144,-0
2018-12-21,-0.0070173034327,-0.00285063467192,-0.000381191522999,-8.82566068271e-05,8.04257948413e-05,-2.08518214396e-05,-0.000401674744004,-0.000670082181015,-0
2018-12-24,-0.00896576368617,-0.00158066084368,-0.000364429590456,0.000124943489545,0.000234973183364,6.75134680863e-05,0.00101571776575,-0.00171055917652,-0
2018-12-26,0.0168796446181,0.00367343964641,0.000835894270892,-0.000360890936795,-0.000447796642905,-9.39025303293e-05,-0.00028445086251,0.00156669801435,-0
2018-12-27,0.00263712034469,0.000118517976374,-9.91627019822e-05,0.000300205795637,0.000232467659146,0,0.000703720420385,-6.38951104339e-06,-0
2018-12-28,-0.00044475415245,0.00094449195526,0.000333356805875,0.000686370410374,0.000499019453076,0.000133126721543,0.000377459391836,0.000152741604683,-0
2018-12-31,0.00300786760177,0.00031397295176,-8.61860079728e-05,0.00047390081996,0.000346471723711,3.31885726015e-05,0.000145972851999,0.000126938834991,-0
2019-01-02,0.000358898815588,-0.000195442723984,0.000208433948987,0.000139768003652,0.000194631308541,7.02479254358e-05,6.11959260423e-05,-0.00102377594783,-0
2019-01-03,-0.00824084273492,-0.00117249136632,-0.000735780118231,0.000769051266122,0.000734529657714,0.000264396470763,0.00084158012708,0.000322363449535,-0
2019-01-04,0.0113736879554,0.00444878943103,0.00146989726548,-0.000563460342951,-0.00075763750262,-9.57029683232e-05,-0.000762927727511,0.000547536856701,-0
2019-01-07,0.00272421561218,0.000465122094755,9.72714010325e-05,-0.000311871661525,-0.000254540014132,-2.86884301228e-05,0.000318675085825,0.000457605361519,-0
2019-01-08,0.0032605328516,0.00104305129583,0.000266638915542,-0.00013825934226,-0.000227348330432,3.67432757e-05,-0.000249524749069,0.000968243313191,-0
2019-01-09,0.00162906783769,0.00180655361139,0.00068739205571,0.000154720546433,5.22357347772e-05,5.28254716443e-05,0.000586870651263,-6.83925064047e-05,-0
2019-01-10,0.00122933180837,0.000612021732624,0.000360026587728,-0.000205293352526,-4.33254677586e-05,-0.000105127670262,-0.000539086311873,0.000643323149033,-0
2019-01-11,0.000134822666638,-0.000916239644697,-0.000299441014371,0.000256153585195,0.000267933338375,0.000117024462092,0.000156931957071,0.000135827506863,-0
2019-01-14,-0.00213052512538,-0.000763669629368,-0.00033541116586,-0.000256191242014,-5.18953113101e-05,-8.07315655217e-05,0.000216735471666,-0.000160551309627,-0
2019-01-15,0.00399209722493,0.000919696167208,0.000312563397024,3.43115943571e-05,-8.67319411009e-05,-4.04821293867e-05,-0.00015751041526,0.000458552076532,-0
2019-01-16,0.000848090114945,0.00045730422452,0.000466350227644,0.000153420962568,-5.17834947749e-05,-4.04421705092e-06,0.00029093963174,0.000338969244188,-0
2019-01-17,0.00265831868782,0.000494206623187,0.000226603254569,-0.000136066781151,-0.000163502029943,-3.61685146271e-05,-0.000119059517018,0.000233607717064,-0
2019-01-18,0.00468434574558,0.0015916119693,0.00024968058509,-0.00013554102508,-0.000283081998751,-5.20692914929e-05,-0.000808562632059,0.000165462240845,-0
2019-01-22,-0.00479224603052,-0.00229922914259,-0.000804132692219,0.000151622504763,0.000307177385249,2.78963677283e-05,0.000317256372253,-0.000146280344394,-0
2019-01-23,0.00073751492151,0.000759363117975,0.000464558634334,0.000186871719232,-4.29807486946e-05,-5.21586803643e-05,-0.000126339938223,6.14049507213e-06,-0
2019-01-24,0.000187421318115,0.000189492652996,0.000404212116449,0.000304931522918,0.000283071778344,6.80598122636e-05,-0.000140934373839,0.000165448509557,-0
2019-01-25,0.00297999108662,0.00185406962826,0.000474868500271,-8.46570260389e-05,-0.000205550478247,-6.79604742117e-05,0.00131098498417,0.000605794462947,-0
2019-01-28,-0.0026810400954,-0.000713987460006,-0.000506992954188,-0.000100760278414,2.54959641941e-05,-5.95955247395e-05,0.000316315028446,0.000480087769325,-0
2019-01-29,-0.000466006737601,0.000414711646144,5.91530870711e-05,0.000472082527168,0.000256080262889,0.00012750564016,0.000509226852092,0.000390232458557,-0
2019-01-30,0.00554282801946,0.00165604420084,0.000850184124785,0.000403913918287,0.00020450682169,0.000238704807796,0.00052306236954,0.000401685532765,-0
2019-01-31,0.00309319318063,3.722494678e-05,0.000514492939002,0.000533367476349,0.000405020225984,0.000244250574203,4.37708417929e-05,0.00051834097029,-0
2019-02-01,0.000170274872543,-7.4139426033e-05,-0.00036053996795,-0.000368998784545,-0.000470995782174,-0.000152811558795,-0.000181408200044,-0.000317729806092,-0
2019-02-04,0.00249185380742,0.000519942366974,0.000104867779906,-0.000149860743618,-0.000193779502932,-8.63474997966e-05,-0.000392531799128,0.000372324703692,-0
2019-02-05,0.0014912748891,0.0011851754428,0.000546134902476,0.00038188315956,0.000151251230309,5.8698829135e-05,0.000231992220222,0.000287507378694,-0
2019-02-06,-0.000468964734799,-0.000958838266212,-0.000578501737285,-9.90798329553e-05,6.69044097194e-05,-2.72738123123e-05,-0.000606349634282,-0.000328000963138,-0
2019-02-07,-0.00339632047799,-0.00188638014928,-0.000452576591452,8.2817622271e-05,0.000285286393966,6.64753736045e-05,0.000217202711407,0.000412725914423,-0
2019-02-08,0.000433018026201,-0.000520288084474,-0.000186563789793,0.000399886799414,0.000118116298511,1.9632164418e-05,0.000341887200295,0,-0
2019-02-11,0.000196764322679,-0.00029711609226,-0.000279640281809,-0.000183162549463,-0.000134852863513,-9.02811650483e-05,-0.000443456635694,0.000138136213585,-0
2019-02-12,0.00456946747217,0.00193338228486,0.000466601419976,3.33242600164e-05,-0.000118080728746,7.84817800243e-06,0.000189222603158,-0.000318673174516,-0
2019-02-13,0.00116082534473,3.69116434539e-05,-0.000336012299551,-0.000314580369108,-0.000217838404393,-7.79545660974e-06,-0.000354211777393,0.000256819966703,-0
2019-02-14,-0.000795360666491,0,9.26770259657e-05,0.000264854589441,0.000410452885725,0.00012095452881,0.000498674675006,0.000161201246051,-0
2019-02-15,0.00389605087774,0.00199226984113,-8.10292807424e-05,0.000132382916133,-8.36938532073e-05,0,0.000534415854315,0.000340081866285,-0
2019-02-19,0.000621117201699,0.000732949194669,0.000482898035556,9.85723753992e-05,0.000149675497846,0.0001007370024,0.00136296084338,-1.18540877979e-05,-0
2019-02-20,0.000722292195444,0.000584366028962,0.000206247873988,1.62247963262e-05,-1.66339414211e-05,1.54322490859e-05,-0.000157256204388,-0.00031299902939,-0
2019-02-21,-0.00127543125673,-0.000364858148217,-0.000103009539703,-0.000392422154712,-0.000256500856556,-7.3254254082e-05,-0.00102111531655,4.71993065452e-05,-0
2019-02-22,0.00222365337261,0.000549088524919,0.000539783748749,0.00044310051139,0.000257386108335,0.000112195208117,0.000322436733378,0.000295968488251,-0
2019-02-25,0.00048887866186,0.000473667173793,0.000640101488251,-4.90911354914e-05,-0.000132203737317,-3.07998261266e-05,-9.27072858804e-05,-0.000394710626775,-0
2019-02-26,-0.000257012226922,0.000618766314473,-0.000148459453914,0.000195859859582,0.000256000684524,6.15744243259e-05,0.000149625302719,-0.000153050194647,-0
2019-02-27,-0.000154311144671,-0.000472845540676,-0.000376606676029,-0.00037493323308,-0.000305352406591,-9.99690569446e-05,-0.000633670275963,-0.000247063617182,-0
2019-02-28,-0.000669880933454,-0.000620023474831,-0.000366140598777,-0.000310635850686,-0.000223404215178,-6.93890016995e-05,-0.000499727603008,0.000129754324711,-0
2019-03-01,0.0022471411506,0.000914134155788,5.73601239945e-05,-0.000284367010064,-0.000283421363736,-8.50399914764e-05,-0.00151028357115,-0.000153761539209,-0
2019-03-04,-0.00131593925907,-0.000584495001542,0.000171947132755,0.000213423551919,0.000265715024351,6.17707726689e-05,-0.000228841100496,0.000224524312074,-0
2019-03-05,-0.000490910104178,0.000109730151412,0.000562300596905,0.000115011702104,4.99063594699e-05,-1.54496826329e-05,0.000114559821478,0.000136044013097,-0
2019-03-06,-0.00218189466102,-0.000438683138591,-0.000240862349507,0.000262937039107,0.000240984766153,5.0228030627e-05,-7.87127643415e-05,-0.00023055588716,-0
2019-03-07,-0.00300313383257,-0.00190588886352,-0.000781938374093,0.000494088319828,0.000291609861221,0.000120113147167,-7.17432901303e-05,-0.000106691661752,-0
2019-03-08,-0.000715589302132,-0.000184241469929,-0.000346700926935,0.000231784704768,0.000125590272455,3.89383410424e-05,0.000958956018105,5.36073813715e-05,-0
2019-03-11,0.0051768549084,0.00136271468839,0.000970594036246,1.65522359087e-05,-6.7025035577e-05,-7.78563631032e-06,-0.000432542302255,0.000732566928362,-0
2019-03-12,0.00135529602825,7.31073350694e-05,0.000194945484265,0.000328466907634,0.000240961125182,8.11051039e-05,0.000529370513118,0.000230474325406,-0
2019-03-13,0.00238055236427,0.00109304933147,0.000102867747054,-8.17512832132e-05,-3.31312891537e-05,5.00768637033e-05,0.000613344073775,0.000247491481109,-0
2019-03-14,-0.000230707335786,-0.000145068427239,-0.000250414503377,-0.000260956361116,-0.000123716623263,-1.15146163207e-05,-0.00101542597126,7.62509940295e-05,-0
2019-03-15,0.00178325903929,0.00149023018937,0.000650033740728,0.000441071678311,0.000272685663673,0.000149832657518,0.000398431178295,-0.000158713295319,-0
2019-03-18,0.00130860831459,0.000506365821608,0.000544652963928,-3.24775710844e-05,-0.000115095435165,-3.80766402057e-06,4.9554793721e-05,-0.000251476838708,-0
2019-03-19,8.96509941975e-05,0.000396987015327,1.13267962702e-05,-9.73767990262e-05,-5.74362636105e-05,-3.81546581242e-05,0.000240211227553,-0.000151759815614,-0
2019-03-20,-0.00108798252189,-0.000144314687762,-1.13223415119e-05,0.000713537433987,0.000598674693817,0.000282216877683,0.000564988838268,0.000151700129426,-0
2019-03-21,0.00406551738356,0.00014416079634,0.000113091926984,3.23034777847e-05,-4.0981111067e-05,-3.80576553522e-06,-0.000352740127355,0.00088590834916,-0
2019-03-22,-0.00697217980681,-0.00286938712306,-0.00146291061188,0.00087058685417,0.000635929767471,0.000128891967379,0.000203603774049,-0.000365416600736,-0
2019-03-25,-0.000269766446362,0,0.000218629944837,0.000325476520404,0.000222298188845,-1.14939537764e-05,0.000673595671708,6.44401584641e-05,-0
2019-03-26,0.00266926472947,0.000904492821411,0.000159209644147,3.25202895297e-05,-7.40139143308e-05,-7.64786895287e-05,-0.000439070694307,0.000403689706628,-0
2019-03-27,-0.00187976627023,-0.000216278476847,-0.000521285321024,0.000372572162031,0.000254045925197,1.90448991786e-05,-0.000458678863105,-0.000145740184714,-0
2019-03-28,0.00135900781551,-9.07967411082e-05,0.000409019601583,1.63523897821e-05,8.20888048341e-06,3.43866878057e-05,-0.00123809116197,0.000492130750832,-0
2019-03-29,0.00226707530005,0.000507685931448,0.000567552226017,-1.63362133659e-05,-0.000139533740514,7.63459605462e-05,7.77463190279e-05,-4.70631659732e-05,-0
2019-04-01,0.00427667472349,0.00191564844784,0.000724034867782,-0.000807375782491,-0.000600024556818,-0.000159779961422,-0.000338143488738,-2.93015961276e-05,-0
2019-04-02,0.000177938615449,0.000107840170417,-0.000146344225099,0.000193609322271,0.000146811697185,4.16330290334e-05,0.000315439095191,0.000355777134574,-0
2019-04-03,0.000570893910535,0.0011495406116,0.000236131667706,-0.00032225693256,-0.000268865306415,-0.00013231532722,-0.00012602425874,-5.82491268654e-05,-0
2019-04-04,0.000963180545425,-0.000287049868659,0.000314507016415,0.000128743220973,8.95502844936e-05,3.01948954626e-05,0.00021681229694,-8.14798366119e-05,-0
2019-04-05,0.00175947835562,0.000322455861301,0.000392584852682,0.000128612373645,4.06467695187e-05,4.90556139787e-05,-9.07952865524e-05,0.000354487856785,-0
2019-04-08,0.000277622136561,0.000107219481469,-3.35621549719e-05,-8.01438751284e-05,-0.000137800560047,-4.13679798598e-05,0.000369081169069,-0.000283898617742,-0
2019-04-09,-0.0018673988629,-0.000893087936463,-6.7080589027e-05,9.61921912029e-05,0.000153978110908,4.13606528367e-05,0.000445604583935,-0.00026648734649,-0
2019-04-10,0.00123956259308,0.00060872839664,0.000235373956298,0.000337284747217,0.00020301784763,0.00015450535428,0.000265201119312,0.000464543493399,-0
2019-04-11,-0.000100843789487,-0.000285450973967,-0.00056961350151,-0.000208087127057,-0.00019421637695,-9.76559867029e-05,-0.00109883264223,-3.47292161838e-05,-0
2019-04-12,0.00246392184586,0.00110897715127,0.000302348610475,-0.000337008720322,-0.000397598619912,-7.90613404662e-05,-8.36688056653e-05,0.000243665141236,-0
2019-04-15,-0.000239343968337,7.13861770547e-05,-0.0002567326821,-3.20074890136e-05,0.00011323587205,2.25333361846e-05,-0.00015985907903,-0.000260224745496,-0
2019-04-16,0.00023952145675,0.000249748016986,0.00039095743878,-0.00030403782584,-0.000291366281273,-9.76600713234e-05,-0.00075814121643,-0.00114589422777,-0
2019-04-17,-0.000896536633844,0.00025022860704,0.000123084111932,-1.61346572259e-05,1.62206443053e-05,-7.53579337453e-06,-0.00016025275805,-0.000452186204371,-0
2019-04-18,0.000720494808948,-0.000286285785461,5.60103845116e-05,0.000224800159999,0.000202919294701,0.00012055466536,6.27812159233e-05,0.000377248181447,-0
2019-04-22,0.000315621391752,-0.000142974106823,-0.000290831439631,-0.000208339003941,-0.000121558435214,-4.13792538774e-05,0,-0.000544737901847,-0
2019-04-23,0.00329788084774,0.0003577201374,0.000111976501465,0.000304774310903,0.000154111074637,9.7881785936e-05,-0.000174307396957,0.000649736544436,-0
2019-04-24,-0.000817352774826,-0.0013172250916,-0.000568322057561,0.000399306263775,0.000323015507462,0.000146125024825,0.000242863601499,0.000363731528001,-0
2019-04-25,-0.000226688056473,-0.000106951683417,-8.92861806857e-05,-1.60429805484e-05,-0.000105077551954,0,6.94741485273e-05,-0.000104051889989,-0
2019-04-26,0.00171332641897,0.000570665626188,0.000223297012061,0.000351932679498,0.000226467908573,9.38551920169e-05,0.000556125577008,0.000393327468005,-0
2019-04-29,0.000577104417283,0.000568335951837,-8.89546892536e-05,-0.000302663116578,-0.000177236968456,-0.000119630179525,-0.000373840382791,-0.000489636163853,-0
2019-04-30,0.000188201441521,0.000106566142193,3.33735537025e-05,0.000111555206107,0.000169236092328,7.10386752594e-05,0.000256250248421,0.000472542730849,-0
2019-05-01,-0.00276980434863,-0.000993516627758,-0.000266591755586,0.000111701026053,-3.87193211199e-05,-9.15157984734e-05,-0.000553279292652,4.02828339812e-05,-0
2019-05-02,-0.000793388340509,-0.000285150522417,6.69480487623e-05,-0.000384632110291,-0.000243015588623,-0.000172618910113,-0.000319594593101,5.20245266553e-05,-0
2019-05-03,0.00359600907186,0.00146447777302,0.000626169941474,0.000289063764563,0.000113630694873,0.000116574715426,0.000494315545774,0.000428691586423,-0
2019-05-06,-0.00151586918079,-0.00141869480686,-0.00103249119747,0.000223271243752,0.000217646456735,6.34851758084e-05,0.000110603945976,-0.000161064640853,-0
2019-05-07,-0.0061476488194,-0.00249148567194,-0.000902430921469,0.000208099768408,0.000291206005488,2.24837883193e-05,0.000277492639147,-0.00091202010565,-0
2019-05-08,-0.000507735234181,0.00021561916605,-0.000123746709326,-3.23817005318e-05,-0.000163393981613,-0.000109732263548,-0.000210144306688,-5.24468978273e-05,-0
2019-05-09,-0.00110564004097,-0.00107927759625,-0.000664372480654,9.71180040573e-05,0.000228910953394,7.19623020155e-05,0.000203337969988,0.000128348182196,-0
2019-05-10,0.00183369828381,0.000973450863302,0.000383671046122,3.23747848594e-05,-5.73417892113e-05,9.49037278334e-05,0.000161616697434,0.000537895750178,-0
2019-05-13,-0.00918293893024,-0.0033037290458,-0.00158487302161,0.000290637320183,0.000432547072381,9.07201628582e-05,0.000867873572255,-5.24143349347e-05,-0
2019-05-14,0.0032623081063,0.00138178507252,0.000637388188364,0.000147149520501,-8.26487455063e-05,3.06311112123e-05,-0.000148829970145,0.000188708716421,-0
2019-05-15,0.00212037851852,0.000650979142422,0.000124525314416,0.00030894456738,0.000279446681804,8.75843833783e-05,-4.934272557e-05,0.000346028693171,-0
2019-05-16,0.00335954506792,0.000900670634979,-0.000112771985854,-0.000210651039944,-0.000171950834676,-6.82882842656e-05,-0.000617918871603,0.000204495261319,-0
2019-05-17,-0.00235920220836,-0.000825940995596,-0.000876707830781,4.85304751292e-05,4.08280659851e-05,-4.1568662911e-05,-0.000601901453546,-9.89936530458e-05,-0
2019-05-20,-0.00240836610741,-0.00064939322085,-0.000158121401316,-0.000243386319494,-0.000147594685689,-5.69881363787e-05,-7.0335069369e-06,-0.000743074915042,-0
2019-05-21,0.0032766948942,0.00101465542369,0.000612561616533,-1.62173011495e-05,-9.88125768076e-05,2.2891804279e-05,-0.000197768214935,0.000434897537216,-0
2019-05-22,-0.00112063303842,-0.000576848737577,-0.000191889292377,0.000291783235575,0.000262173998219,1.51758051111e-05,-8.43343200607e-05,0.000152013264006,-0
2019-05-23,-0.00445044573262,-0.00148019525304,-0.000576322818634,0.000519473843844,0.000533305367554,9.1236474598e-05,0.000654395905307,0.00011710729638,-0
2019-05-24,0.000819926817738,0.00152329084369,6.81136901449e-05,6.52008687012e-05,-2.46969543194e-05,7.25563936297e-05,9.19000562672e-05,0.000158797276385,-0
2019-05-28,-0.00335982170164,-0.00126588458039,0.00013586649786,0.000260266880349,0.000386254898899,2.28283908908e-05,-0.000331322982705,-0.000510287845948,-0
2019-05-29,-0.00241296141679,-0.00098111753857,0.000386707814023,4.90324918731e-05,-3.30146563519e-05,7.65114049916e-05,2.83303517577e-05,-0.000683588574239,-0
2019-05-30,0.000978962358143,0.000546991196212,0.000205482528602,0.00047555970267,0.000323234160061,0.000145909932075,0.00058283949774,0.000212904770977,-0
2019-05-31,-0.00482645669255,-0.00112660764006,0.000170612403412,0.000833334499878,0.000594609562266,0.000275465492852,0.00116164589551,0.000294699205502,-0
2019-06-03,-0.000900863082212,0.000583038095727,0.000273743127697,0.000426972959225,0.00043391018836,0.000119207759174,0.00126412581293,0.000124071252884,-0
2019-06-04,0.00765278336219,0.00189032847882,1.13862639304e-05,-0.000163876553407,-0.000331086116591,-8.85155540464e-05,2.8342118388e-05,-0.000229905920575,-0
2019-06-05,0.00309298824151,-7.20894014057e-05,-0.00033840434022,-9.74680882586e-05,0,2.66952424516e-05,0.000224760513942,0.00105778674497,-0
2019-06-06,0.00233281898163,0.000610220528568,-1.12275018317e-05,-3.22663433369e-05,-1.63856079643e-05,-2.65916872705e-05,0.000286854806835,9.8972591146e-05,-0
2019-06-07,0.0036020381254,0.0017175063193,0.000324789691481,0.000499908640004,0.000350324933492,0.000159075323274,0.000495147270705,0.000191487474115,-0
2019-06-10,0.00165607930948,0.000390732437993,0.000422483877347,-0.000464338207374,-0.000436725298432,-0.000233134015976,-0.000872306388863,-0.000167059865679,-0
2019-06-11,-8.78015997962e-05,0.00071018183825,0.000477954171209,-3.19182637498e-05,0,-5.63801170264e-05,-0.000103816805854,0.0001382111414,-0
2019-06-12,-0.000638967727486,-0.00117057510778,-0.000499665167003,0.000223739071285,0.000226169540598,2.2529208702e-05,0.000449399040336,0.000172586243358,-0
2019-06-13,0.00149283771515,7.10133204194e-05,4.44858145026e-05,0.00038426594324,0.000218346220472,1.50254523444e-05,0.000533008937572,0.000218866572463,-0
2019-06-14,-0.000400261022117,-0.000991487663756,-0.000565276108616,-4.79170677494e-05,6.44842516298e-05,-6.7468918078e-05,-2.76073199832e-05,2.8701252349e-05,-0
2019-06-17,0.000137785059311,0.000107659114201,0.000188974648454,-4.80285592912e-05,-1.6166410411e-05,-8.26413346954e-05,-5.53203931767e-05,0.000552399436705,-0
2019-06-18,0.00379432606059,0.00200748714814,0.00102800440092,0.000479500657893,0.000169547773663,0.000176409837516,0.000442247787452,-5.17371991175e-05,-0
2019-06-19,0.000820018770382,0.000817955714979,0.000321465121949,0.000602262685268,0.000240247538632,0.000245741397719,0.000527830743571,0.000279490462547,-0
2019-06-20,0.00346488101797,0.00141699995068,0.000717735160516,0.000300049667699,0.000143567238678,0.000241113933635,0.00219882615807,0.000261361347748,-0
2019-06-21,-0.000527634413871,-0.000526758298313,-0.000186070796183,-0.000454033275293,-0.000355835662774,-0.000191211094618,0.000588939222977,-0.000726608782731,-0
2019-06-24,-0.00044456802975,0.000211189244821,3.29049045545e-05,0.000313886483676,0.000301186856914,8.10847894159e-05,0.00132998190773,-0.000175029348519,-0
2019-06-25,-0.00355310776585,-0.000773139652126,-0.000503899698538,3.12865082112e-05,0.000134566682567,-7.35844281216e-05,0.000176131111162,-0.000749661929556,-0
2019-06-26,-0.000359594988856,0.000176608716723,0.000451524427699,-0.000393691379158,-0.000358019808048,-4.0697154876e-05,-0.00083769971749,-0.00100304052469,-0
2019-06-27,0.00128045777929,0.000354204742685,0.000264933827079,0.000489313476237,0.000263188631693,8.15835963005e-05,-8.87508627541e-05,0.000634845787957,-0
2019-06-28,0.00185865123996,0.000811889672618,-3.30065236664e-05,-7.86222124419e-05,3.97447223708e-05,1.47697368256e-05,0.000244959393566,0.000171466592649,-0
2019-07-01,0.00328606478238,0.000668674878602,0.00066915187963,0.000128958378181,-0.000109538607886,-8.81664866031e-05,-0.00175023762804,-2.27577096572e-05,-0
2019-07-02,0.000948555007963,0.000456220691732,-6.56310463162e-05,0.000313572220967,0.000308774327432,2.21777119973e-05,0.00188745210989,0.000863801736966,-0
2019-07-03,0.00290574888824,0.000768464038161,5.44450550872e-05,0.000280836396442,0.000165435850243,0.000110297858418,0.000148130333467,0.000599556326415,-0
2019-07-05,-0.000414740808546,-0.00100785576393,-0.000324998726017,-0.000729662008276,-0.000548844016761,-0.00012804060064,-0.000998220522601,-0.000180083974054,-0
2019-07-08,-0.0020093243383,-0.000872691486418,-0.000184957906115,-9.3637008686e-05,-8.65833827913e-05,7.33840950246e-06,-0.000571934525855,0.000180867573124,-0
2019-07-09,0.000454857007088,-0.000700687467807,-0.000120121734442,-4.69152126953e-05,-5.53399708577e-05,4.42592398394e-05,0.000310647741014,0.000170202249161,-0
2019-07-10,0.00174615819378,0.000630597687769,0.000305736258748,0.000125174016723,4.73862121887e-05,7.37480170267e-05,0.00140456885895,0.000294981857344,-0
2019-07-11,0.000856904766672,3.48143294274e-05,-9.78095647832e-05,-0.000638743412636,-0.000424769656135,-0.000132151329775,-0.000759546222466,-0.000666300006415,-0
2019-07-12,0.00164307073972,0.000174752305419,0,0.00018733400567,9.45948644816e-05,7.35570086803e-05,0.000558917080405,-6.78783851824e-05,-0
2019-07-15,0.000122413857176,0.000139322059259,0.000217185298527,0.000248987545954,0.000180779597971,0.000106365660977,0,-3.94971109079e-05,-0
2019-07-16,-0.0011851890424,-0.000661360199774,-8.67996763209e-05,-0.000186521946847,-0.00018846726315,-6.96133986188e-05,-0.000758175255388,-0.000118358888624,-0
2019-07-17,-0.00250064535257,-0.000279347250729,-0.000108841035794,0.000452408732818,0.000401718780422,8.82158621626e-05,0.00146744918223,-0.000169649170617,-0
2019-07-18,0.0013369177896,0.000419309323698,0.000294082081512,0.000280989219499,0.000212867730675,8.82731240777e-05,0.00127979089505,0,-0
2019-07-19,-0.00202817692605,-0.000208821248651,-0.000303779661629,-0.000202177636516,-0.000157055501247,-6.59548831835e-05,-0.00134860863389,-0.000817269947315,-0
2019-07-22,0.000896518402589,0.000139987199229,-5.45337128404e-05,0.000218882404194,3.94501983821e-05,1.10509789592e-05,-1.34911290443e-05,-4.53283648868e-05,-0
2019-07-23,0.00261274214384,0.00083862652003,0,-0.00017178050376,-0.000141873141897,-1.10378159666e-05,-0.000511939199891,0.000560224962292,-0
2019-07-24,0.00172420332946,3.47952692536e-05,0.000141154183799,0.00024901430471,0.000125741421816,1.1002882223e-05,0.000456599553474,3.94670650988e-05,-0
2019-07-25,-0.00175602707947,-0.00145891752414,-0.000270698064552,-0.000263785981811,-0.000148894301655,-6.94785215864e-05,-0.000636131552623,-0.000292498712795,-0
2019-07-26,0.00246304439692,0.000418844692284,4.35163976069e-05,3.11655535288e-05,-1.57305277809e-05,-2.93916474149e-05,0.000148040837833,0.00022609129269,-0
2019-07-29,-0.000671755514026,-3.47716691022e-05,-1.08345286984e-05,7.77027706428e-05,7.84882224092e-05,-3.66067426942e-05,0.000596927492961,0.000135248963099,-0
2019-07-30,-0.00090351223377,-0.00153074727219,-0.00045545916974,-1.55590154174e-05,3.92209251744e-05,6.22363135128e-05,0.000301774873634,0.000399990406219,-0
2019-07-31,-0.00402633095643,-0.000906519208032,-0.000467279599924,7.79001141591e-05,0.000220219031667,6.60535574955e-05,-0.00118948220904,-0.000197604808892,-0
2019-08-01,-0.00319004519609,-0.000561377847013,-0.000831226625323,0.00136709057751,0.000986425786884,0.000155487513358,0.00216438957694,0,-0
2019-08-02,-0.00273414192988,-0.00112273643628,-0.000426510988119,6.27054300997e-05,0.000182350313092,2.96086652944e-05,-0.000351684618254,0.000244314468732,-0
2019-08-05,-0.0108825853352,-0.00362877164001,-0.001570339868,0.000773144622248,0.000764333620669,0.000148687753709,0.00129029779248,-0.00100406740763,-0
2019-08-06,0.00499219474022,0.000964863147168,0.000690583815161,0.000480017968701,0.000145342833016,0.000162128482118,0.000771491285534,0.000561293915214,-0
2019-08-07,0.000211508958986,0.00056679429278,0.000187716506078,-9.5160191028e-05,0,2.24144490422e-05,0.00144078871627,0.000493310143454,-0
2019-08-08,0.00700582854247,0.00144826658021,0.00057255081446,0.00017400076783,7.98063958602e-06,0.000111832416578,0.000483442313727,0.000898057411126,-0
2019-08-09,-0.0024537698827,-0.00101355973112,-0.00043576969243,-0.000234828394468,-0.000134255896698,-4.42722210593e-05,-0.000316641195126,-6.22779674697e-05,-0
2019-08-12,-0.0043757086183,-0.00119388308352,-0.000492543312598,0.000644754011704,0.000563378862005,0.00017414665824,0.000927334173379,-0.000136442953459,-0
2019-08-13,0.00554361062712,0.00137483778562,0.000516456475707,-0.000252504046741,-0.000318625172548,-7.0665940477e-05,-0.000577599356336,7.42054014293e-05,-0
2019-08-14,-0.0106368381526,-0.00378347421639,-0.0012120740281,0.000548941745849,0.000593752100199,8.13145605717e-05,0.000655019007976,-0.000782836462458,-0
2019-08-15,0.000935854177073,0.000284426349856,0.000243766797501,0.000827924296217,0.00057837973226,0.000195023802715,0.000650973267977,0.000512320141654,-0
2019-08-16,0.00521886674651,0.00162835438175,0.000573768539247,-0.000142795455145,-0.000239983455685,-0.000126985321322,-0.000627762388763,0.000533088074578,-0
2019-08-19,0.00429489621934,0.000843767715218,0.000142469037571,-0.000472317219985,-0.000429042712514,-0.000163216880272,-0.0011318111755,0.000375771162166,-0
2019-08-20,-0.00275494210125,-0.000385377052979,7.64491464043e-05,0.000486313949016,0.000395877616183,5.54432836622e-05,0.00074293837082,-0.000368789602542,-0
2019-08-21,0.00290756230716,0.00115825953473,0.000339157679836,-9.41992437628e-05,-0.000237960816045,-4.44288734443e-05,-0.000304469348296,0.000215956209132,-0
2019-08-22,-0.000110403651161,-0.000489436480655,-0.000446810156774,-0.000469678861103,-0.000197504464957,-3.68865393085e-05,-0.000242613417228,0.000237784906242,-0
2019-08-23,-0.00923260528693,-0.0017161557317,-0.000622248884907,0.000721442748313,0.000601511317651,0.000247572285232,0.00187005815279,-0.000731607908135,-0
2019-08-26,0.00390700537168,0.00120147299265,0.000275352297622,-7.90614773136e-05,-8.7853550922e-05,-4.8454009482e-05,1.36258411441e-05,0.000400572089033,-0
2019-08-27,-0.0013937146445,-3.51665694688e-05,2.19151811476e-05,0.000566370016798,0.000389122371188,0.000203911541601,0.000934767076629,-0.000147967868275,-0
2019-08-28,0.00249029927017,3.51476165698e-05,0.000164203055033,1.58256898583e-05,3.1753581232e-05,8.52210947551e-05,-0.000277572473762,0.00017060503313,-0
2019-08-29,0.00453680528143,0.00108578414263,0.000502222865478,-0.000109933039441,-0.000174121241394,2.58695847681e-05,-0.000702179015909,0.000402710674619,-0
2019-08-30,-0.000159005505258,0.000696609669924,0.000271436637708,0.000156043368395,2.35940917546e-05,-0.000165374561431,-0.000248425315825,3.94811864843e-05,-0
2019-09-03,-0.00208944400669,-0.000556932456003,-0.000227865760936,-4.21372717204e-05,0.000196988998945,-5.18106328576e-05,0.00134203277572,0.000518611735698,-0
2019-09-04,0.00403603491655,0.00195117139898,0.000716783946037,0.000312767397207,0.000141979713042,0.000106662864565,0.000611183887824,0.000440070280752,-0
2019-09-05,0.00458496448268,0.00114034696359,0.000333908436177,-0.000759956884291,-0.00071961435807,-0.000193326761542,-0.00234463372096,-0.000380501893825,-0
2019-09-06,0.000278604468615,0.000310453969132,0.000139784087549,0.000185838881268,5.46428464791e-05,3.64254739388e-05,-0.000811280870949,0.000117317838533,-0
2019-09-09,0.000181590213598,0.000275925403569,0.000118268083576,-0.00074305107638,-0.00054644991798,-0.000218442241043,-0.00035233067343,-0.000251295403676,-0
2019-09-10,-8.48751843524e-05,0.000414484060472,0,-0.000945707982712,-0.000641081780184,-0.000244278255083,-0.000805621152442,-0.000536942777369,-0
2019-09-11,0.00257757804565,0.000865931879101,0.00033468985726,3.1143410565e-05,-8.62758964779e-05,-4.75471042267e-05,0.000567547255586,5.61019649579e-05,-0
2019-09-12,0.00125919169566,0.000758838589399,0.000279512678765,-0.000278727038869,-0.000195182794689,-3.27637871487e-05,0.000192809165315,0.000273650576085,-0
2019-09-13,-0.000241652515998,0.000653846261303,0.00023598543545,-0.00103480691712,-0.000794543448278,-0.000247011876531,-0.000776119303873,-0.00055167507486,-0
2019-09-16,-0.00112647767614,-0.00103524792433,-0.000365721875151,0.000464643831575,0.000374963287824,0.000251335989517,0.000778264182402,0.000447036103217,-0
2019-09-17,0.000920880467305,0.000552217437968,5.38083042593e-05,0.000263345055228,0.000226563741197,5.4654884339e-05,0.000186287652533,0.000558911772155,-0
2019-09-18,0.000217374322629,-0.000378576053663,-0.000225295404874,0.000200816735093,3.11533532592e-05,-0.000130787747218,-0.000590467633184,-0.000178359926268,-0
2019-09-19,-2.42601497335e-05,0.000585744061545,-0.000279221637382,0.000247400864755,3.90129423096e-05,8.36385653064e-05,0.000378558713896,0.000184116752551,-0
2019-09-20,-0.00171837480353,-0.000309752085767,7.50898566427e-05,0.000633352377613,0.000498522959954,0.000232482305409,0.00110777890077,0,-0
2019-09-23,-8.48453011642e-05,-0.000206394251356,0.000160806753268,7.71725376403e-05,0.000124599724683,5.81080750864e-05,0.000530399803244,8.3529777518e-05,-0
2019-09-24,-0.00283607750317,-0.000605417987067,-0.000543502801765,0.000478207119197,0.000435661838474,9.43334298975e-05,0.000503499958639,-0.000115540641435,-0
2019-09-25,0.00212653377809,-0.000242802244527,4.35165535304e-05,-0.000726906943441,-0.000577207233388,-0.000221893557196,-0.00178011626507,0.000101237327603,-0
2019-09-26,-0.00075430407751,0.000312575991815,-2.17861115419e-05,0.000294241212187,0.000187406876301,2.54970468188e-05,-2.66086440646e-05,0.000439284319089,-0
2019-09-27,-0.00194591503858,-0.000624931817857,-0.000555158227472,0.000216655289526,0.000124933018556,-6.55314024442e-05,-0.000485279761459,-0.000292718906884,-0
2019-09-30,0.00167211252258,0.000522689044227,0.000131107373133,4.66577641675e-05,7.0485261266e-05,3.65357376204e-05,-0.00146115040397,9.03831958785e-05,-0
2019-10-01,-0.00430376748098,-0.0012877880412,-0.000305561445022,0.000318832309887,0.000243762117937,8.2633413667e-05,0.000506510214974,-0.000496635609007,-0
2019-10-02,-0.00634895254521,-0.00283406522845,-0.000208426049925,0.000125084463542,0.000307278227832,0,0.00109203470701,-0.000221245861423,-0
2019-10-03,0.00291615232457,0.000987705121644,0.000530862058807,0.000693589165442,0.000468680854365,0.000137073612463,0.000432273034665,0.000509049525225,-0
2019-10-04,0.00482392638217,0.00108618039817,0.000208742464006,0.00028181677958,0.000173621221288,0.000132505876486,0,0.000318156542876,-0
2019-10-07,-0.00154790494511,-0.000173928886563,-0.000338207150419,-0.000482046355702,-0.000297731226874,-0.000116945584337,-0.000806178493243,-0.0001128394912,-0
2019-10-08,-0.00556767664031,-0.00132741124104,-0.000372375535592,6.24977379016e-05,0.000188759627693,-4.03778289218e-05,0.000822695285991,-0.000277526208651,-0
2019-10-09,0.00337473037285,0.00112514542094,0.000330734287696,-9.43389268858e-05,-0.00022959442256,-8.86311285783e-05,8.75250139134e-05,0.000102623413367,-0
2019-10-10,0.00241529591781,0.000909920741998,0.000471850228787,-0.00060992084389,-0.000559628587631,-0.000136028793752,-0.000830996926015,8.51206399228e-05,-0
2019-10-11,0.00372044649568,0.00241067161389,0.000591538941639,-0.000577654424968,-0.000605813005157,-0.000132100908746,-0.000521809861361,-2.2656652208e-05,-0
2019-10-14,-0.000401792900782,-0.000521528027091,-9.81093565115e-05,0.000295196342082,0.000242730225787,6.93896336714e-05,0.000372818797049,2.25470145943e-05,-0
2019-10-15,0.00356855146587,0.00159934031171,0.000305230322468,-0.000574782447471,-0.000422845759191,-0.000142419468841,-0.000652445127054,6.76479221702e-05,-0
2019-10-16,-0.000582381042672,0.000103969902668,0.000119467015743,0.000309488269157,0.000171579419645,6.54866006085e-05,0.000530623696017,5.60043925131e-06,-0
2019-10-17,0.00106711715157,0.000380715133188,0.000141092136942,-4.63940141039e-05,-3.11228360656e-05,5.81682075082e-05,0.000132557444178,0.000342368275577,-0
2019-10-18,-0.0015853903213,-0.000172718347604,-0.000119126948007,0.000123464946675,7.77649430332e-05,6.53057158129e-05,-9.92127142195e-05,0.000403271615023,-0
2019-10-21,0.00244762557232,0.000899284593723,0.000325342899484,-0.000479125100905,-0.000319335500186,-0.000134418686353,-0.000443756868748,0.000403810397934,-0
2019-10-22,-0.00118422431723,-0.000344957459948,-3.24482123553e-05,0.00026204239971,0.000201947869024,0.000126810685837,0.000270818638765,-0.000156613061091,-0
2019-10-23,0.00105217754652,0.00069055487822,2.16506880575e-05,0.000138853227283,3.11205330166e-05,2.9026948456e-05,0.000218162122858,0.000117561893616,-0
2019-10-24,0.000591341835121,0.000241087429194,5.40126140927e-05,4.62263627246e-05,-1.55245738389e-05,2.53073903078e-05,0.000659577234625,-0.000134038730303,-0
2019-10-25,0.00148199884194,0.000103190118373,0.000204888859197,-0.000245914927536,-0.000185888110977,7.23210905968e-06,0.000217342638424,-0.000451748122701,-0
2019-10-28,0.00204602043763,0.000652788319393,0.000355492364762,-0.000368534826587,-0.000324952472553,-0.000202091593888,-0.000802597674355,-0.000317530062918,-0
2019-10-29,-0.000108390969697,-0.000171621689313,-0.000258261646932,1.52617709564e-05,7.72920388496e-05,-0.000104529933252,-0.000256301257695,0.000317200620101,-0
2019-10-30,0.00111876272413,0.00058374159694,0.000172255386249,0.000491105482169,0.000417544824292,0.00015508242764,0.000506282037659,0.000189295453011,-0
2019-10-31,-0.000970724135854,-0.000342103942615,-0.000354015892113,0.000672697684151,0.000547062516608,0.00012935642642,0.000923718261443,-9.43132963285e-05,-0
2019-11-01,0.00336606061915,0.00129937493657,0.000696942579364,4.74960035689e-05,-0.00016349334216,6.10814414354e-05,8.51258557798e-05,-1.10796210791e-05,-0
2019-11-04,0.00146551481349,0.000782271657214,0.000330586607814,-0.000426544444497,-0.000437246064059,-2.85927967545e-05,-0.00026702914761,-0.00036397225153,-0
2019-11-05,-0.000404691373688,-3.39358838201e-05,0.000223718230974,-0.000639085418213,-0.000459828103903,-7.85230719352e-05,-0.00149636840781,-0.000875981206689,-0
2019-11-06,8.36135196634e-05,-0.000136432005505,-7.48562069351e-05,0.000259664822613,0.000246188871332,0.000132571961996,0.000391828205114,0.000110596574632,-0
2019-11-07,0.00128904198678,0.000647344298552,0.000309774858323,-0.000808721371152,-0.000683924795964,-0.000232658991687,-0.00142221846159,-0.000508244710883,-0
2019-11-08,0.00090842439677,-0.000307082221683,-0.00041720209334,-9.17182135458e-05,-0.00011541642706,-2.50741451953e-05,-0.000574922063607,-0.000121717315719,-0
2019-11-11,-0.000705698291505,-0.000136588026103,-0.000256928405877,3.06098329289e-05,9.24159247917e-05,2.1513613031e-05,-0.000215756449425,0.000110739578703,-0
2019-11-12,0.000778250635123,3.42032180844e-05,-0.000342944587227,0.000183681919707,3.85300019466e-05,-7.18694433062e-06,0.00024216082761,-0.000382401680295,-0
2019-11-13,0.000119755773274,-0.000478264931054,-0.000289190558239,0.000306027266339,0.00023113811762,3.5890788566e-05,0.000359779719937,0.000459740353249,-0
2019-11-14,0.000538036039653,-0.000102445562412,-2.14120347842e-05,0.000489201915349,0.000431168801146,9.68326524052e-05,0.000379120762739,0.000392980607496,-0
2019-11-15,0.00267267523277,0.000885643878014,0.000299014979177,-9.15781140284e-05,-6.91263302414e-05,-5.0095143035e-05,-0.00022827007471,0.000276155160694,-0
2019-11-18,0.000273452875791,0.000169666023906,-1.0620876877e-05,0.000319236936743,0.000145422437333,8.19964822389e-05,0.000266417261678,0.000247628100158,-0
2019-11-19,-0.000106895981002,-0.000271089424393,0.000159357433848,0.00012136917758,0.000160477647973,7.47562319638e-05,4.54240927085e-05,8.78982347035e-05,-0
2019-11-20,-0.00137662291925,-0.000880766012162,-0.000169936148348,0.000409683801079,0.000313265487758,0.000160142555939,4.54018746669e-05,-2.74730472317e-05,-0
2019-11-21,-0.000594118653513,-0.000203560733539,5.3176014755e-05,-0.000243157234834,-0.000214236843953,-9.26640984395e-05,-0.000493740555336,-0.000720657641201,-0
2019-11-22,0.000822107523349,0.000170068575917,-8.53144853193e-05,9.14489541108e-05,-1.53575242696e-05,1.42862701055e-05,-0.000169333746335,-0.000187513635354,-0
2019-11-25,0.00286965121995,0.00112170562803,0.000404998095292,0.000167466014973,3.83031753854e-05,4.64257929174e-05,-0.000429583567318,0.000159838001669,-0
2019-11-26,0.000841791371749,0.000101534422059,-0.000180407744837,0.000242479829792,0.000160285524881,8.88921959715e-05,0.000427710705814,0.000669482838445,-0
2019-11-27,0.00165585672206,0.000405153196263,0.000137637495821,-0.000211684429381,-0.000220792475678,-8.15911454288e-05,-0.000471968496249,0.000240892033982,-0
2019-11-29,-0.00138194097863,-0.00111256207524,-0.000539125431197,-0.000211348931147,-6.8492277195e-05,-9.56233590037e-05,0.000548750423864,-0.000235069597333,-0
2019-12-02,-0.00316309582052,-0.000642605836532,1.05992661421e-05,-0.000188291551702,-0.000305498312624,-5.90474902392e-05,-4.53359487282e-05,-0.000773210606354,-0
2019-12-03,-0.00248887227324,-0.000543921107752,-0.000181197697058,0.00077817881206,0.00076014526886,0.000257380389318,0.000859261124686,0.000325212829684,-0
2019-12-04,0.00227511981324,0.00125813061413,0.000394485285011,-0.000289956037333,-0.000330252212744,-2.85987302094e-05,-0.000123711353779,0.000209514419921,-0
2019-12-05,0.000664751443298,-0.000135583713367,0.000233747514082,-0.000197769036976,-0.000199016291995,-6.05754163719e-05,5.19148344683e-05,2.74835863434e-05,-0
2019-12-06,0.00338211552209,0.00125346072281,0.000169960634952,-0.000243282708469,-0.000260129003976,-2.8498766613e-05,-0.000895168968622,0.000104371202351,-0
2019-12-09,-0.00117077725823,-0.000776475241915,-0.000169370745669,9.09055335315e-05,6.86361596033e-05,1.06404789263e-05,-2.58524401111e-05,9.85236202396e-05,-0
2019-12-10,-0.000414635304448,0.000135298871301,9.54492787273e-05,-6.0726909757e-05,-9.93487628371e-05,-1.06604541644e-05,0.0002525764815,-0.000296136647065,-0
2019-12-11,0.00105503076654,0.000812005797023,0.000604711761324,0.000455619067866,0.000351562535969,0.000145876268003,0.000615494469814,-0.000515719860416,-0
2019-12-12,0.00320054473482,0.00114637097952,0.000623716913286,-0.000726382101016,-0.000670153282004,-0.000202096420226,-0.000316355128222,-0.000677910339277,-0
2019-12-13,0.000224065464365,0.000840909244159,-5.2738970176e-05,0.000679391652419,0.000493794586915,0.000166226604549,0.000399338770213,1.09201817743e-05,-0
2019-12-16,0.0025614517508,0.00147597663127,0.000389157245426,-0.0003463238219,-0.000393943505107,-9.52273375683e-05,-6.42937266644e-06,0.000353506209194,-0
2019-12-17,8.20333791121e-05,-0.000534641797768,0.000345710044921,1.49558711727e-05,7.53967750718e-06,5.62172231577e-05,-1.91929312695e-05,-0.000465914615588,-0
2019-12-18,2.34219327187e-05,-0.000367657258337,0.000251555495302,-0.000330024779114,-0.00022650482127,-4.57025079281e-05,6.40744093663e-06,0.000595531699993,-0
2019-12-19,0.00153406198365,0.000133694604629,3.14632142194e-05,0.000181905330098,6.5046080436e-05,6.65027013396e-05,0.000230464649531,0.000438328651807,-0
2019-12-20,0.0016433787814,0.000233371062158,4.18095731865e-05,2.99336928864e-05,0,-2.10361341112e-05,8.93849160763e-05,0.000273232857333,-0
2019-12-23,0.000573740629537,0.000201649620462,8.34426513815e-05,-0.000119670337226,-7.52525995457e-05,-7.00337323919e-05,0.000273908634478,-0.000250782701013,-0
2019-12-24,1.18629052737e-05,-0.000134350185952,-4.22170672694e-05,0.000209304405912,0.000142869329052,4.89849081663e-05,0.000840336306684,0.000130761767901,-0
2019-12-26,0.00199884269998,0.000670831991268,0.000390115613744,0.000149332772878,0.0001201630469,2.79489086833e-05,0.000705790628212,0.000217684144001,-0
2019-12-27,-9.31736835129e-05,0.00040072477668,6.29868631904e-05,0.000222975081134,0.000119677914393,1.39216320842e-05,-3.16587715959e-05,0.000157145230356,-0
2019-12-30,-0.00207008960603,-0.00106778697696,-0.000262245794587,0,-5.22992770598e-05,1.39165102241e-05,0.000189781161438,4.87335464473e-05,-0
2019-12-31,0.00091008412257,0.000803430521754,0.000115757608809,-0.000387451510697,-0.000299865683625,-4.18666595858e-05,0.000171342652741,0.000358487404851,-0
2020-01-02,0.00350614252433,0.00120321564895,0.00111365625299,0.000461153676911,0.000381687133906,0.000198516031176,0.000665277241756,-0.000591096420077,-0
2020-01-03,-0.00284578882418,-0.00179234847113,-0.000845132696793,0.00048755925493,0.000550003786379,0.000186757078156,0.0012018308199,0.000306990241434,-0
2020-01-06,0.00142683781259,0.000499210744879,-8.37184228974e-05,-0.000133339911909,-8.94302971336e-05,-0.000104038935829,0.000965375410278,5.93905973994e-05,-0
2020-01-07,-0.00105301915792,-0.000232412643993,-2.08561918123e-05,-0.000177290146519,-0.000118938258866,-0.000124545127091,0.000365033463406,-0.000554820494326,-0
2020-01-08,0.00199401912101,0.00019962864139,0.00020911622239,-0.000192481497379,-0.000193693020485,-3.81035434882e-05,-0.00069993837934,0.000151105315009,-0
2020-01-09,0.00254676895128,0.000597830957747,0.000240158090953,0.000177390832154,5.95386449725e-05,-3.46389074196e-06,-0.000522631032593,-2.69443810799e-05,-0
2020-01-10,-0.00108486304957,-0.000496711818489,0.000228981437142,0.000280063381917,0.000177942070229,0.000120754964744,0.000552421494685,0.000376104345912,-0
2020-01-13,0.00258467140184,0.000860811496762,0.000645277599573,-0.000103158056554,-9.6390777383e-05,-6.89549198655e-06,-0.000684137424698,0.000596276932086,-0
2020-01-14,-0.000574672601955,9.89910528014e-05,-0.000217726923207,0.000146795648564,0.000162491004793,5.4985268883e-05,-8.12891001261e-05,-0.000187304061988,-0
2020-01-15,0.000851116784471,-9.90502580836e-05,-0.000300865777234,0.000249685423799,0.000206953513899,3.09525015885e-05,0.000531797838801,0.000449797552323,-0
2020-01-16,0.00313416087989,0.000790532368853,0.000238156715604,0,-0.000169648819348,-6.52215108476e-05,-0.000143621307021,0.000400839896792,-0
2020-01-17,0.00117746242493,0.00036084066604,0.000299042312596,-0.000189777296547,-6.60937814219e-05,-6.49364372957e-05,0.000167902022273,4.79055554619e-05,-0
2020-01-21,-0.000741866401674,-0.00117880673819,-0.00117347715543,0.00046648258491,0.000322621627559,0.000129661502327,9.93261303733e-05,0.000478180020176,-0
2020-01-22,4.5807834115e-05,0.000360732387354,0.000278379591655,8.75612378368e-05,1.47077164136e-05,-2.73399743832e-05,3.10807908384e-05,-0.000340581356869,-0
2020-01-23,0.000434134881774,-0.000360570005291,-0.000422519544571,0.000218899777479,0.000205529818579,8.19763829771e-05,0.000205092088748,0.000425525892181,-0
2020-01-24,-0.00336788304453,-0.000556852646946,-0.0003501299282,0.000306139531798,0.000293379029216,8.87606903024e-05,0.000534058951327,-0.000175388855253,-0
2020-01-27,-0.00603606784965,-0.00305628316834,-0.00153925825131,0.000512030328635,0.000559310488797,9.24454955364e-05,0.000629245539636,-0.000245287473811,-0
2020-01-28,0.00391839197768,0.00122709061404,0.000375313872732,-0.000147590264568,-0.00028220880659,-6.22120448656e-05,-0.000836199515567,0.00020448930327,-0
2020-01-29,-0.000310770362615,3.29875957626e-05,0.00020759807654,0.000382164373055,0.000399289528159,0.000147963892238,0.000500776426884,-0.000187526836492,-0
2020-01-30,0.00121840112413,-0.000329764593311,-0.000611683781879,1.46156225658e-05,8.12299968677e-05,4.46831277241e-05,6.24891616548e-06,3.74761967371e-05,-0
2020-01-31,-0.00683605033741,-0.00243940482238,-0.000787565594585,0.000498986433053,0.000420759025608,0.000175172296395,0.000537454662819,-0.000620465703189,-0
2020-02-03,0.00277094523699,0.000498980999623,0.000313709422514,-5.4966212838e-05,-7.23527019487e-05,-9.81911508115e-05,-0.000611736089636,0.000167333339551,-0
2020-02-04,0.00571090629718,0.00228865948662,0.00105313105429,-0.000562214164602,-0.000490888788431,-0.000176456286619,-0.00121363290396,0.00052203931042,-0
2020-02-05,0.00436186814296,0.00138325371868,0.000248482638823,-0.00024970709008,-0.000361853926396,-0.000120261404488,0.000112391559739,3.20682405018e-05,-0
2020-02-06,0.00127883957314,0.000491382266438,-2.05983024072e-05,0.000102216510454,5.87793401834e-05,7.51771470204e-05,0.000490595852931,0.000170086533861,-0
2020-02-07,-0.00202693080363,-0.00140486973495,-0.000605935124981,0.000480925473367,0.00039556606056,0.000163579733943,0.000241555297692,-1.06108308296e-05,-0
2020-02-10,0.00283171065718,0.000327624913064,0.000278053402112,0.000189981114043,0.000161648877214,6.15101076861e-05,0.000236017960331,0.000568796461399,-0
2020-02-11,0.000659120341522,0.000978305218218,0.000563808576004,-0.000203660530522,-0.00019741273462,-0.000119049322931,-0.000315285701592,0.000386255042413,-0
2020-02-12,0.00245076625838,0.000585968549697,0.000573064322095,-0.000174303302671,-0.000211691908399,-4.07354741412e-05,-7.40623214051e-05,0.000306335571485,-0
2020-02-13,-0.000407121356558,-0.00103813773985,-0.000479316417352,0.000115865016506,7.26959526631e-05,8.45933619819e-05,0.000516634101062,0.000310579259201,-0
2020-02-14,0.000611033856048,-9.74343627651e-05,-9.18730785698e-05,0.000173785950729,0.000203898083896,3.04784688853e-05,0.000381631446029,0.000537361598944,-0
2020-02-18,-0.000982779530393,-0.000972342345904,-0.00015283730554,0.00021686999941,0.000130821303093,8.79119165639e-05,0.00117363004044,-5.78478625909e-05,-0
2020-02-19,0.00181976728378,0.000583730296523,0.000367026920696,-4.3357783781e-05,-1.45824772858e-05,-1.69105155398e-05,0.000541023778211,-0.000705103886194,-0
2020-02-20,-0.001567019035,-0.00103513722318,-0.000610131014735,0.000375127295784,0.000239380835292,7.76082691799e-05,0.000380224144398,0.000614092103479,-0
2020-02-21,-0.00391822867219,-0.000647955068224,-0.000162967090324,0.000332399615416,0.000334188527159,7.43416094672e-05,0.00140649476204,0.000152453378729,-0
2020-02-24,-0.0125187183562,-0.00548851666788,-0.00155179797878,0.000536023781277,0.000648106220219,0.000186324646391,0.000855805006902,-0.000716656001142,-0
2020-02-25,-0.0112620419604,-0.00234824836581,-0.00034309623059,0.000295129601307,0.000237352346302,-6.90040739787e-05,-0.00174933805869,-0.00142745973571,-0
2020-02-26,-0.00134792129478,0.000100946934316,0.000274900212997,-0.000180051173308,-4.52693606441e-05,-2.10459791241e-05,0.000427212015338,-0.000562112411776,-0
2020-02-27,-0.0164218941663,-0.00420996597352,-0.00105873947844,3.00049406202e-05,0.000422902425182,0.000122968586075,1.91540921474e-05,-0.00274877260308,-0
2020-02-28,-0.00150311048302,-0.000759068219479,-0.000119302878919,0.00130825621059,0.00100577212904,6.83834770919e-05,-0.00367599449197,-0.00120920317192,-0
2020-03-02,0.0155038465937,0.00180290756549,0.00085012763439,-6.35758331967e-05,-6.22703866626e-05,0.000101265491619,0.000538982880813,0.00209838468228,-0
2020-03-03,-0.0104768005349,-0.0010868972017,-0.00021354465198,0.00119940197285,0.0010370641179,0.000432263740237,0.00302002566189,-0.000115746576035,-0
2020-03-04,0.0150330116903,0.00372541989639,0.000623156493617,-0.000137482105676,-0.000199479641336,-6.4159499765e-05,0.000174948836472,0.00190216428473,-0
2020-03-05,-0.0121330516316,-0.00358162847168,-0.000841794926648,0.000538642640967,0.000789076789397,0.000132678106834,0.00211317109092,-0.00109710602959,-0
2020-03-06,-0.00591651989242,-0.00196919100408,-0.000821815103246,0.00130517441792,0.00092224428796,0.000286863303133,3.86173168757e-05,-0.000875919674582,-0
2020-03-09,-0.027682648315,-0.010872987773,-0.0032137742644,-0.000229189883998,0.000829039715666,-0.000898817061236,0.000168529837056,-0.0038779391321,-0
2020-03-10,0.0177211566372,0.00480151831764,0.00210638835675,-0.00213035223871,-0.00179390794657,-0.0012857747961,-0.00226207801413,0.00205545918565,-0
2020-03-11,-0.0172278107672,-0.0068204004561,-0.00186775516418,-0.00260860016261,-0.000939239062821,-0.000968182117746,-0.000366575556739,-0.00298943947612,-0
2020-03-12,-0.033289073254,-0.0143725028666,-0.00428932574029,-0.00746544135896,4.90544966545e-05,-0.000102478132094,-0.00423539876697,-0.00490275641174,-0
2020-03-13,0.0288788148182,0.00773514928138,0.00288597543851,0.00302101956856,-0.000675353893329,0.000183393851686,-0.00334017676843,0.00407570026047,-0
2020-03-16,-0.0384798197881,-0.0135245679596,-0.00511127916978,0.0031316009869,0.00260736086649,-0.000308740830095,-0.00116479870101,-0.00863189617643,-0
2020-03-17,0.0180170053901,0.00538897354197,0.00248463599361,-0.00524602716487,-0.00270650727955,-0.00132000443125,0.00145299949864,0.00246742248441,-0
2020-03-18,-0.0174498835703,-0.00723627363971,-0.00335683624335,-0.00737842394865,-0.00143135979928,-0.000550844687992,-0.00212080814853,-0.0042087068142,-0
2020-03-19,0.00072707377226,0.00175883676142,0.000218595628578,0.00435150657205,0.000348966747737,0.00090031034109,-0.00206271100366,0.000147158011114,-0
2020-03-20,-0.0146820918531,-0.00109738335532,0.000178874189812,0.00196213649085,0.0027009292727,0.00209444402775,0.00159500421012,-0.00208029157431,-0
2020-03-23,-0.00841414847243,-0.00205638299985,-0.000777857739344,0.0047866019557,0.00129874119616,0.000932964324217,0.00481449843084,-0.0018583512751,-0
2020-03-24,0.0290909227123,0.0105633343762,0.00248403638381,0.00170764507399,-0.000756273768547,3.00095942354e-05,0.0055293188368,0.00343931573538,-0
2020-03-25,0.0049825987554,0.00443189490631,0.00130349546186,0.00202458215319,6.13393236606e-05,0.000464308603446,-0.00155445821138,0.00213253411845,-0
2020-03-26,0.019455723569,0.00533845409028,0.0016374380449,0.000602515435419,0.000250743095807,0.000245062956583,0.00141641920944,0.00290321737615,-0
2020-03-27,-0.0101800167272,-0.0038990298255,-0.00220990304255,0.000817512936043,0.000745763218389,0.000151842581345,-0.000700504205242,4.27187367966e-05,-0
2020-03-30,0.0109353745016,0.00255071485829,0.000572960547138,0.000186426096441,0.000238256260594,-0.000755145256156,0.000481407288572,0.000948227096118,-0
2020-03-31,-0.00510462675211,-0.0005250038816,0.000188142247163,-0.00051740248154,0.000184380152086,-0.000163565882983,-0.00344694088299,-0.00105617387658,-0
2020-04-01,-0.0153431494777,-0.00560883992182,-0.00141401704244,-0.000660833542636,0.000418953699752,0.000282209101134,0.00100135908534,-0.00283181109686,-0
2020-04-02,0.00769888919565,0.00236898301177,0.00115677458319,0.000294469614659,1.73380603666e-05,0.000731090563088,0.00179576252798,0.000139082519344,-0
2020-04-03,-0.00486473254631,-0.00245070925037,-0.000768391624975,0.000136575724758,7.71449005425e-05,0.000422137264855,0.000542025845112,-0.000592198796959,-0
2020-04-06,0.0224468064069,0.00659740871076,0.0019475886193,0.000963571442263,-0.000474830680212,-3.20919131862e-05,0.00308012897063,0.00300222581473,-0
2020-04-07,0.000350442238799,0.000706503095729,0.000233173980316,0.000265351812284,-0.000449361356493,-3.09459958114e-05,-0.000589537841336,0.000387424202467,-0
2020-04-08,0.0115406175754,0.00118889267095,0.000465981243547,0.000182210766613,-0.000124686247716,-0.000320706227706,-0.000974679920697,0.00288505977686,-0
2020-04-09,0.0053281833419,0.00267251655691,-6.88834532793e-05,0.00235110961039,0.000212992415221,0.000453094194996,0.00279145715078,0.00249718626286,-0
2020-04-13,-0.00319352942333,-0.00100870008117,0.000146841619998,-0.000883727298231,-0.000209589178227,8.24377256951e-05,0.00184936441858,-0.00194706977696,-0
2020-04-14,0.0102750433639,0.00224515596742,0.000794767285652,9.69198227972e-05,0.000129690701909,0.000135573838178,0.000867964290279,0.00124976686368,-0
2020-04-15,-0.00750260059867,-0.00406395453835,-0.000883007954974,0.000763155047638,0.000861492898878,4.81981592765e-05,-0.000558427683326,-0.0017874494153,-0
2020-04-16,0.00168946782469,0.000144485878924,0.000226527643962,0.000241666447119,0.000105064963423,-0.000398231441856,-9.54462367237e-05,-0.000499854652297,-0
2020-04-17,0.00949253201476,0.00346289059647,0.000644652970969,-0.000225202168076,-0.000258320141707,-0.000217612864506,-0.00213770961644,0.00136825455687,-0
2020-04-20,-0.00628142937199,-0.00181759156875,-0.000290518877415,-0.000270234128891,0.000255224401074,-0.000137124186773,0.000760076886343,-0.00164194821354,-0
2020-04-21,-0.0107362944178,-0.00255451037054,-0.00110551502384,9.62954544195e-05,0.000273736630829,0.000228253087295,-0.000740150621533,-0.00077900775882,-0
2020-04-22,0.00772785487993,0.0023019013673,0.00101958734622,0,-0.000310678322067,0.00027739981516,0.00215155587341,0.000654312031788,-0
2020-04-23,-2.51823128553e-05,-0.000216220065313,-0.000158194838757,0.000450023108837,6.45050710668e-05,-2.62327169213e-05,0.00109512343451,-0.000357898022519,-0
2020-04-24,0.00488911618891,0.00133236465657,-5.64530116717e-05,-9.63507546436e-05,2.41367634144e-05,0.000258426224624,-0.000475745437974,0.000181739358224,-0
2020-04-27,0.00509687935498,0.0017181334716,0.000740697320046,-0.000861980203499,-0.000520579638878,-8.93588612246e-05,-0.000729592379888,0.00145091931093,-0
2020-04-28,-0.00163789092525,0.000995399879004,0.000100319388886,0.000729278816808,0.000421614816038,0.00015530226982,-0.000483107317443,0.000358828501847,-0
2020-04-29,0.00927524110836,0.00333971758739,0.00108056117675,0.00012679404164,-4.7642419821e-05,-5.54278500473e-05,0.000596791106573,0.000659361803895,-0
2020-04-30,-0.00333528777029,-0.00252033144785,-0.000702431731653,-0.000405903007519,-0.000227172977955,-0.000331284039991,-0.00193572497603,-0.000507160397907,-0
2020-05-01,-0.00948940567917,-0.0027932165001,-0.00134138566227,9.56688907304e-06,0.000133024404102,-7.49819751897e-07,0.000653959545107,-0.0014792785815,-0
2020-05-04,0.000976311607634,0.000107617019982,0.000494867311913,0.000160241257755,1.61008919252e-05,4.48851120961e-05,0.000379115356056,-0.000210226761287,-0
2020-05-05,0.00327367236242,0.000322191882662,0.000179589478203,-0.000144028387637,-7.21744794825e-05,5.22630627514e-05,0.000459457109059,0.000209813656703,-0
2020-05-06,-0.00241364359745,-0.000748601220042,-0.000100591527688,-0.000748673849704,-0.000359334165222,-0.000219289360258,-0.00139266840903,-0.000766020491523,-0
2020-05-07,0.00429648180077,0.00190217056213,0.00025881335323,0.000577392581263,0.000594921690017,0.00028438427674,0.00165274942415,0.000601786432738,-0
2020-05-08,0.00590228561119,0.00202508875034,0.000891158991527,-0.000492238629555,-0.000318358817601,-1.48261336613e-05,-0.00065042185636,0.00100637150193,-0
2020-05-11,7.3774957598e-05,-3.52549390015e-05,-0.000198858475218,-0.000551026331677,-0.000268333853987,-0.00015429335716,-0.000664985151861,-0.000625210897166,-0
2020-05-12,-0.00718655846649,-0.00169530703813,-0.000121818103972,0.000473489380352,0.000316433083892,4.05289879808e-05,0.000413289438473,-0.00193193412301,-0
2020-05-13,-0.0063110391699,-0.00106997770597,-0.000122997482039,0.000302841867239,0.000199751153884,4.08862033403e-05,0.00103661819414,-0.000992833096602,-0
2020-05-14,0.00422406066068,-0.000933756124164,0.000123854150237,0.000577708456095,0.000152860986424,5.24328904928e-05,0.000969267950478,0.000140306354549,-0
2020-05-15,0.00163322850452,3.57123978177e-05,-0.000504029489615,0.000111788421106,-6.40546163081e-05,7.82090339725e-05,0.00062029518556,-0.000157019598065,-0
2020-05-18,0.0108534259903,0.00495695892542,0.00150947404927,-0.000270945537038,-0.000599118923412,-3.71686495995e-06,-0.000834581148662,0.00236283914078,-0
2020-05-19,-0.00370475308066,-0.00136623154441,-0.000406403141843,0.000203513953589,0.000266801640574,-5.11384355223e-05,0.00103803245988,-0.000558903156315,-0
2020-05-20,0.00609226744351,0.00228749489248,0.00050759514683,0.000471777837907,2.36740351593e-05,0.000132102232078,0.000259042272292,0.000366674167855,-0
2020-05-21,-0.00249261462839,-0.00139356626543,-0.000415104132442,0.000140093812522,6.24267486546e-05,-4.72302400103e-05,-0.00157810178856,3.40352866407e-05,-0
2020-05-22,0.000684703241198,-0.000350357005905,-0.000769046438777,9.40123670174e-05,0.0001805163457,2.55639294987e-05,0.000634859122684,0.000558996208284,-0
2020-05-26,0.00444671779105,0.00374520830599,0.000877971947541,-0.000297166699806,-0.000250856123899,-0.000164204352246,-0.00153261357604,0.00156698516349,-0
2020-05-27,0.00539096312353,0.00135368317713,4.35308932745e-05,0.000263664181395,7.7762012915e-05,4.34271373768e-05,0.00018997735891,0.000858905109392,-0
2020-05-28,-0.000672875472268,0.000860695532786,-0.000259062855076,-0.000123034474834,-8.48545460738e-05,0.000136405891253,0.000350879828587,0.000207381391517,-0
2020-05-29,0.00162143603366,-0.000172073953644,0.000690559705974,0.000476708054152,0.000300618254432,1.79304032267e-05,0.000772903360107,-0.000436981129942,-0
2020-06-01,0.00147242602956,0.00281266791973,0.000914155564133,-0.000101412805033,-3.6914396768e-05,5.36365120282e-05,0.00048553473405,0.000999527729966,-0
2020-06-02,0.00300903858799,0.00143118258135,0.000950899709909,0.000152649197082,-0.000152798118471,-9.591478888e-05,-0.00068172173831,0.000355028011719,-0
2020-06-03,0.00485207851623,0.00305171949403,0.000807981805239,-0.000440247609119,-0.000547420780293,-0.000141417723839,-0.00191986699301,0.00141312365216,-0
2020-06-04,-0.00096354244256,-0.000740767251262,-0.000527842384877,-0.000527617315715,-0.000362407877089,-0.000161476197708,0.00106756677937,-0.000449459050412,-0
2020-06-05,0.00940244716589,0.00263326986606,0.000963241479428,0.000105836173717,-0.000454181449116,-3.52202077972e-06,-0.00208350794112,0.0016982218327,-0
2020-06-08,0.00449298138668,0.00160084333728,0.000334615711283,0.000194105077711,9.72236011803e-05,9.0406313258e-05,0.00107634576222,0.00114014717063,-0
2020-06-09,-0.00278020162468,-0.00175179046641,-0.000227995953125,0.00022195645166,0.00031866683853,4.13721344018e-05,0.00096066102764,-0.000774817394403,-0
2020-06-10,-0.0020730461674,-0.000232278300781,0.000208107189182,0.000713118443436,0.000669712539816,0.000321744087171,0.00144678158695,-0.00117229679018,-0
2020-06-11,-0.0213017978056,-0.00733467910464,-0.00215404246821,-0.000297181507507,0.000319995296016,1.38465110067e-05,-0.000739136806143,-0.0028851559883,-0
2020-06-12,0.00431850493029,0.00223403163252,0.000948330128457,0.000184563364809,-0.000208085060901,-0.00011825317549,0.000149194422044,0.00156108324555,-0
2020-06-15,0.00337609785487,0.000408774872896,-0.000170870823652,0.00059479502619,-7.63964651767e-05,1.77675224519e-05,-0.000186423105326,0.000632130387296,-0
2020-06-16,0.00699363071084,0.00176308732458,0.000159449707858,-0.000349218850621,-0.000190059293307,-2.12303019521e-05,-5.11941493419e-05,0.000888668157922,-0
2020-06-17,-0.00152438508898,0.000302363745326,0.000379234875596,-0.000150320222723,0.000143154729191,-2.80300744574e-05,0.000196564185263,-0.000661809594466,-0
2020-06-18,0.000140882445421,-0.000605571894507,1.05324785863e-05,0.000180707495007,0.000203627619107,0.000192934259826,-0.000203174441734,-0.000492903639278,-0
2020-06-19,-0.00209324098567,-0.00060584145902,7.38906386563e-05,6.02518240701e-05,3.02049635692e-05,8.42279185326e-05,0.00113718251812,-0.000646620324286,-0
2020-06-22,0.00234098681241,0.0015186122078,0.000456665316648,-4.52532275461e-05,-8.31757624853e-05,0.000109010304423,0.000674738771553,-4.39017999794e-05,-0
2020-06-23,0.00168234842888,0.000640979125201,0.000422734814585,-3.0085585154e-05,-3.00888079472e-05,2.44760305046e-05,0.000880461967381,-0.000180318680798,-0
2020-06-24,-0.0093331405574,-0.00326096862585,-0.000642474000093,-2.99004235916e-05,0.000172506904804,-5.92676052441e-05,-0.000366139607329,-0.00123604253062,-0
2020-06-25,0.00387959912471,0.00174017754302,0.00018173502082,0.000212746103044,1.51972778023e-05,3.89319951065e-05,-6.40668737776e-05,0.000546432828132,-0
2020-06-26,-0.00863101707485,-0.00200004781947,-0.000509779801073,0.000211347593028,0.000249544805827,7.38419282673e-05,0.000471046309472,-0.000826213784855,-0
2020-06-29,0.00527196754105,0.00119962612491,0.000279180390149,0.000152706084583,9.17455040423e-05,4.97803886249e-05,5.79325690014e-05,0.00082414647523,-0
2020-06-30,0.00462550908346,-3.39782781489e-05,-0.000213065160613,0.000151435208416,-0.000166861321816,-7.0553597972e-05,0.000472521087359,0.000511747400792,-0
2020-07-01,0.00254818213057,0.000439678353456,0.00056168071966,9.51251541506e-05,-0.000143515187912,2.80726267314e-05,-0.000476398987109,0.00100150243783,-0
2020-07-02,0.00200950822785,0.00131394069665,0.00100270364702,0.000210529496806,0.000112850716955,0.000118817635738,0.000227748534418,-0.000126737416779,-0
2020-07-06,0.00563621514603,0.00221280511075,0.00190118532622,-1.49649514414e-05,-0.000134783476481,8.34713598657e-05,0.00062956815031,-2.19502832297e-05,-0
2020-07-07,-0.00378477156656,-0.00182519454921,-0.000706984160713,0.000266529664371,0.000289038277817,1.03205808287e-05,0.000660542696499,-0.000863094086354,-0
2020-07-08,0.00279450253071,0.00106830270752,0.00118186119081,-5.96048958114e-05,-0.000141644009998,-7.61854032065e-05,0.000658233437612,-6.006066238e-05,-0
2020-07-09,-0.00208466282721,-0.00152751239319,3.12157017012e-05,0.00045943174162,0.0002891510166,0.000110229774366,-0.000286823813853,-0.000266154782143,-0
2020-07-10,0.0037298509728,0.00123265857879,-0.000313125527457,-0.000208213013184,-0.0001785201759,-4.49250755984e-05,-0.000275261347507,0.000130787888897,-0
2020-07-13,-0.00318245849724,-0.000696789160216,-0.000218286340046,-1.47282531595e-05,9.62836827314e-05,9.29462963651e-05,0.000130835732518,-0.00050475859219,-0
2020-07-14,0.00474187521893,0.00183283147948,2.08743499375e-05,0.00028255101894,-7.41422891797e-06,6.89783780312e-06,0.0004943410787,0.00035430320808,-0
2020-07-15,0.00337931171888,0.00148803132451,4.14428060137e-05,1.47055859818e-05,-2.95489519404e-05,-2.40069328388e-05,9.31377889045e-05,0.000411096318607,-0
2020-07-16,-0.00121614671074,-0.000822223162054,-0.000628578572141,0.000117448415809,6.60868572544e-05,8.52985876459e-05,-0.000994376046354,-0.000505729658221,-0
2020-07-17,0.00107116220204,0.000660352730054,0.00019655669287,0.000176726357344,-2.20997047647e-05,7.87775830046e-05,0.00086185758247,0.000545516394535,-0
2020-07-20,0.00298361717229,0.000756738280936,0.000618474976012,0.000190959784255,5.87823820502e-05,5.80094022745e-05,0.000506630645394,-0.000505913738731,-0
2020-07-21,0.000788087387851,0.000524009143281,0.000328327508807,0.000102325072498,9.50603679149e-05,9.51229940687e-05,0.00126682948761,0.000101785398663,-0
2020-07-22,0.002106223853,0.000359071732705,-0.000153402180401,0.000145617151376,2.91354623599e-05,0,0.00161204266128,0.000635390840542,-0
2020-07-23,-0.0044191686223,-0.00110460158381,-0.000295150702124,0.000203015614178,8.70727628945e-05,2.02104863463e-05,0.000945577480329,-0.000175379955693,-0
2020-07-24,-0.0023680051471,-0.000652824805948,-0.000112501058403,-5.8307452208e-05,-4.37338340535e-05,-1.01451935268e-05,0.000931700683332,-0.00030968230101,-0
2020-07-27,0.00267107955297,0.00183275662821,0.000615201769082,-0.000116827486781,-0.000138848193673,0,0.00216943693053,0.000396149596394,-0
2020-07-28,-0.00232284872155,-0.000617254121701,-0.000478363369076,0.000115965981443,0.000210366841726,7.75165452025e-05,0.000927262840609,0.000834313459921,-0
2020-07-29,0.00448117355905,0.00139874564251,0.000774505111201,0.000203318744268,0.00011623325863,9.7849138118e-05,0.000842913870311,0.000830040680307,-0
2020-07-30,-0.00130456442919,-0.00177357231159,-0.000515237971126,0.000129405216973,0.00012238073956,4.34830449171e-05,-0.000829554900544,-0.000279569555749,-0
2020-07-31,0.00289192584053,-0.00255867974599,-0.000253670963465,7.22839888256e-05,2.169679045e-05,0.000124309279478,0.00101567681255,-7.94589231591e-05,-0
2020-08-03,0.0025611521714,0.00223204490249,0.000334446098845,6.79802016021e-05,-4.34049954351e-05,5.70494850177e-05,0.000127566634226,-0.000571479457052,-0
2020-08-04,0.00142599110131,0.00103025377865,0.000494247918916,0.000331011064409,0.000302206636666,9.3503627809e-05,0.0023880093671,0.000631960822443,-0
2020-08-05,0.00228663187742,0.000703609426168,0.000450865264079,-0.000328808970131,-0.000293035654572,1.99079934061e-05,0.0010569525468,-0.000214482310169,-0
2020-08-06,0.00246715952366,0.000286779067197,5.98985045752e-05,0.000242149781173,9.97004667001e-05,4.62624744026e-05,0.00151976696745,6.77545462901e-05,-0
2020-08-07,0.000265506187502,-0.000539137597367,-0.00089414947356,-0.000198466148551,-0.000184243616593,-0.000111830679841,-0.001834088683,0.000601715744782,-0
2020-08-10,0.0011092171759,0.000508895004919,-9.97040952931e-06,-0.000156350241814,-9.24115793458e-05,-4.94990964918e-05,-0.00039416192885,6.76273451368e-05,-0
2020-08-11,-0.00306948483641,0.000540098708933,-0.000159265275283,-0.000468759704043,-0.000298221095196,-9.22700518122e-05,-0.00609153657033,-0.000618455319486,-0
2020-08-12,0.00519505197302,0.00263240010542,0.00053303029901,-0.000344420687357,-0.00025822503762,2.66379366429e-05,-0.000506357006088,0.000430591662642,-0
2020-08-13,-0.000677753446351,-0.000573396835626,-0.000169653599251,-0.000626603226678,-0.000178008334906,-0.000105746210273,0.00253037184948,-0.000526292485104,-0
2020-08-14,1.10768195191e-05,-0.000828535230871,5.98951865644e-05,-0.000156698786757,4.2713729827e-05,-6.94083990787e-05,-0.000472735569531,5.19125324344e-06,-0
2020-08-17,0.00119092168067,0.00102113908211,0.000469887915106,0.000228283957398,0.000142637544371,8.93615942542e-05,0.00237298257723,0.000344524920122,-0
2020-08-18,0.00080782479918,-3.17151461993e-05,0.000159030645373,0.000241102021008,0.00014890360772,0.000184299964321,0.00100084907089,-0.000202389155715,-0
2020-08-19,-0.00155662386648,-0.000728044647381,-0.000505735332289,-0.0002547402972,-0.000113176437162,-0.000124764587166,-0.00353057591288,-0.000740404032272,-0
2020-08-20,0.0011680395236,-0.000414610234454,-0.000119909814853,0.000299439484414,0.000249460276859,-3.96945338324e-05,0.000754608756823,0.000396513756817,-0
2020-08-21,0.00133179458806,-0.000700038930127,0.000279132547838,0.00017064941752,6.39811520251e-05,0.000141919052733,-0.000878366613382,6.76555849938e-05,-0
2020-08-24,0.00381592809039,0.0015902381322,0.000438443453529,-7.10874727806e-05,-0.000120818388711,8.24869236416e-05,-0.0006151596541,0.000270528618195,-0
2020-08-25,0.00132398611047,0.000284749925791,0.000406358358704,-0.000353492623742,-0.000204995789109,-1.31284105121e-05,0.000130689718225,0.000108681476758,-0
2020-08-26,0.00380028926243,0.00097907059272,3.95670923451e-05,-2.82324190984e-05,-3.53430590197e-05,8.18941875974e-05,0.001269111393,-0.000387472117852,-0
2020-08-27,0.000832368992148,-0.00135031903777,-0.000255804522997,-0.000575544511009,-0.000301763286152,-0.000162857014668,-0.00125009883036,0.000611263828095,-0
2020-08-28,0.00247038375558,0.000912915754024,0.000532577390908,0.000225101339082,0.000140711869629,0.000130616658994,0.00186202593911,0.000278061447578,-0
2020-08-31,-0.00138539615706,-0.00090697291003,-0.000930825388677,0.000363553089261,9.08924147855e-05,0.000184921702368,0.000258401312011,-0.000429723206801,-0
2020-09-01,0.00359867506667,0.000188188835598,0.000874443566627,0.000344050092912,0.000279118405679,2.27772658216e-05,0.000129557606534,3.07821520713e-05,-0
2020-09-02,0.00554799913769,0.00159070634238,-0.000117261315798,0.000335179726787,0.000118581924695,1.61720929688e-05,-0.00142323770193,0.000775506544675,-0
2020-09-03,-0.013300420778,-0.00297393754374,-0.000766727209771,4.15840354315e-05,0.000110852300518,-0.000141390457988,-0.00086093066268,-0.000506732090253,-0
2020-09-04,-0.00310402908744,0.000252459780872,-7.9081515941e-05,-0.000833791589138,-0.000479939633578,-0.00012768356876,0.000296307164279,-0.000221969608089,-0
2020-09-08,-0.0103469870952,-0.00161645237757,-0.000814255450388,0.000184566950065,0.00018430643701,3.9463409439e-05,-0.000208313908556,-0.000518462733112,-0
2020-09-09,0.00737037269297,0.00228022452633,0.000563456997225,-1.44274872609e-05,-4.3086245904e-05,2.33126861387e-05,0.00106140927284,0.000420263989618,-0
2020-09-10,-0.00653258855292,-0.00146031832487,-0.000656419951888,1.42611801318e-05,0.0001064771503,3.62309818594e-05,-0.000351707704311,-0.000519279477581,-0
2020-09-11,0.000189994453206,0.00121776813379,0.000321277405414,0.000200885091185,0.000136189984703,-2.32713799696e-05,-6.02340522017e-06,-0.000235878981036,-0
2020-09-14,0.0049088856601,0.000895644180293,0.000721547186713,1.43043579677e-05,-7.86932680086e-05,-2.65562767761e-05,0.000864967849525,0.00102556300135,-0
2020-09-15,0.00189211723421,0.000824807765897,0.000496936726241,1.42644810371e-05,-4.25859636319e-05,2.96108881181e-05,-0.000262114473497,0.000513726790166,-0
2020-09-16,-0.00148854475136,0,-0.000158467478056,-8.5031326111e-05,-4.94855501095e-05,0,0.000308702279068,0.000227541436487,-0
2020-09-17,-0.00328994306395,0.000189945981892,-7.93280015228e-05,4.26077031594e-05,2.82854978299e-05,2.29867750863e-05,-0.00060033421126,-0.000843962304747,-0
2020-09-18,-0.00428799102474,-0.000953934812773,-0.000348679631477,-0.000199409635901,-7.81932944102e-05,-3.62809923418e-05,0.000143297746973,-0.000962253672354,-0
2020-09-21,-0.00412532360425,-0.00327937606079,-0.000368619990397,2.87231509882e-05,0.000157509389394,-7.63664758254e-05,-0.00221219069941,-0.00126200987048,-0
2020-09-22,0.00377500671762,-3.26003736556e-05,-0.000389164951567,0.000130397294632,0,1.34381728087e-05,-0.000528888592549,0.000492491501678,-0
2020-09-23,-0.00865365570937,-0.00136216987908,-0.000683816192364,-0.000361081914199,0,-4.35145689718e-05,-0.00233844296378,-0.0012507158713,-0
2020-09-24,0.000986086575452,-0.000197504045619,-0.000124283883243,1.46016014751e-05,4.39211719635e-05,3.05719467449e-05,0.000399657059567,0.000219595888876,-0
2020-09-25,0.00598831103037,0.000493098286106,-1.03490313873e-05,5.86220079559e-05,7.31256643916e-05,5.76594968193e-05,-0.000307002771056,0.000846246366122,-0
2020-09-28,0.00620700637708,0.00215401317889,0.000431338590115,0.000145360633581,-1.45179835435e-05,8.75493968841e-05,0.00107292165539,0.000850890014808,-0
2020-09-29,-0.00204653637813,-0.000193705358613,-2.03232371002e-05,2.87339162029e-05,6.46403946203e-05,6.99550389895e-05,0.000898507121634,-0.000301732609802,-0
2020-09-30,0.00283793828129,-0.000323322486276,0.000702028142281,-0.000273626949417,-0.000237360192048,-0.000126763737927,-0.000646208306144,0.000127228722596,-0
2020-10-01,0.00241642017466,0.000774361144317,0.000385821166173,0.000233199687363,4.9562489863e-05,-7.68037659881e-06,0.000952247161762,0.000835934145539,-0
2020-10-02,-0.00357625379362,-0.000288767860568,-0.000484629234652,-0.000171761051269,-8.57052692195e-05,6.63516649632e-06,-9.58913732286e-05,0.000731274701105,-0
2020-10-05,0.00664238875575,0.00206158592714,0.000567653860649,-0.000546110357263,-0.000552143721094,-0.000126714216128,0.000523479273485,0.000248247401265,-0
2020-10-06,-0.00537203657698,-0.00137303342684,0.000130618963943,0.000142465255903,0.000199015770638,6.60334942963e-06,-0.00125847516811,-0.000282726899643,-0
2020-10-07,0.00653539742186,0.00125512649511,0.000415208921685,-0.000114863789801,-0.000250741734476,-3.3356586345e-06,-4.80912523757e-05,6.33344150242e-05,-0
2020-10-08,0.00335899629389,0.00098985798242,0.000331590783556,0.000213655790421,0.000156406305577,0.000165283444268,0.000375762380371,0.000717311025912,-0
2020-10-09,0.0033931610001,0.000888456830684,0.000309540969669,4.25125605776e-05,-4.23899911021e-05,1.31462174297e-05,0.00191443238639,-0.000171708066254,-0
2020-10-12,0.00612848374859,0.000662165101564,0.000436576725849,0.000323543080041,9.12426305884e-05,2.61297417737e-05,-0.000306264863475,0.000201644215786,-0
2020-10-13,-0.0025070685056,-0.0014708255701,-0.000196960372219,4.18761330264e-05,0.000188097701824,0,-0.00166010519192,-0.000733787294088,-0
2020-10-14,-0.00241351321734,-0.000283422732042,-0.000198198893628,9.83857999996e-05,2.80445568981e-05,0,0.000323552368418,-0.000516424139534,-0
2020-10-15,-0.000473061695388,-0.00145309376649,-0.00035784558712,-0.000140946493439,-9.14123920894e-05,-1.30961312613e-05,0.000383510154114,0.000217532860883,-0
2020-10-16,-0.000231516382303,0.000411492453066,0.000179270749528,-8.47131780639e-05,-4.93093875384e-05,1.63860528245e-05,-0.000366517035729,-0.000300980806651,-0
2020-10-19,-0.00582318195689,-0.000569928181022,-0.000139496719619,-0.000197769875267,-0.000140977389734,-9.83519075245e-05,5.32250078144e-05,-0.000654165493335,-0
2020-10-20,0.0015225161423,0.000733758056725,0.000451774534084,-0.000142369766544,-0.000184628556133,-3.63175768988e-05,0.000512495497947,0.000298190990713,-0
2020-10-21,-0.00072004614548,-0.00044518627867,9.007341192e-05,-0.000198664715686,-0.000113305106235,-1.31729035746e-05,0.00080197125745,-0.000125155087921,-0
2020-10-22,0.00208408476522,0.000127273646794,1.00154028794e-05,-0.000298193308382,-0.000297523740093,-6.25912676863e-05,-0.00105223248569,-5.22493716528e-06,-0
2020-10-23,0.00129646864078,0.000731609694091,0.000210190007862,0.000241313467425,0.000120363755375,4.93775295044e-05,-0.000112895607556,0.000250374830276,-0
2020-10-26,-0.00706063627808,-0.00247428899654,-0.000588932693487,0.000226389731837,0.000225972803199,3.28415962893e-05,-5.33253963052e-05,-0.000598173621393,-0
2020-10-27,-0.00130634472751,-0.000993584641259,0.000161371867371,0.000386148864119,0.000192617135343,8.29608257194e-05,0.00028138461532,-0.000667465443692,-0
2020-10-28,-0.0129300553235,-0.00382123510068,-0.00113172963126,-0.000243519872904,-7.1646091892e-06,-5.31990071352e-05,-0.00173344042581,-0.000979360339642,-0
2020-10-29,0.00379277221593,0.000623102578153,0.000474744609154,-0.0003073006229,-0.000372317670107,-0.000145997075799,-0.00044721193359,0.000548528082815,-0
2020-10-30,-0.00391360513259,-0.000653203566117,-0.000472774877639,-0.000466369267826,-0.000283554847875,-0.000128464960899,0.000488056364435,-0.000273129966242,-0
2020-11-02,0.00418781521765,0.00157669543047,0.000578851625649,0.000311218903492,0.000150755423766,0.000156138724461,0.00104920425574,0.000985687041319,-0
2020-11-03,0.0066110596186,0.00332063969956,0.000122928382135,-7.26987693354e-05,-0.000195806266557,-3.37919146395e-05,0.000614174296929,0.000806057907177,-0
2020-11-04,0.00842204192086,0.00135222403421,0.00144876496646,0.00112226498903,0.000724313180527,7.01741382788e-05,-6.01322682163e-05,7.38990246241e-05,-0
2020-11-05,0.00741622660617,0.00317771010231,0.000779969404442,0.000156267345611,-1.41738926186e-05,3.2975195343e-05,0.00243956476483,0.000198018598538,-0
2020-11-06,-8.72847176232e-05,0.000282017129707,0.000167627680808,-0.000364092389155,-0.000286128286819,-0.000185362464319,0.000152175202291,-0.000282590041605,-0
2020-11-09,0.00480522127321,0.00363683175393,0.000345310614849,-0.000770667540539,-0.000621524556668,-0.000117151425463,-0.00474938471911,0.00145488397011,-0
2020-11-10,-0.000565782818078,0.000999263611638,-0.000520826503488,-0.000265134583933,-0.000236511703668,3.88996757193e-05,0.000338313434845,0.000619567540913,-0
2020-11-11,0.00285970818463,0.00115495251326,0.000196455423521,9.75902978435e-05,0.000132096291422,7.12688896659e-05,-0.000443130852467,0.00016378935612,-0
2020-11-12,-0.00374625243131,-0.00198934918041,-0.000342337970666,0.000680735666995,0.000470812850707,0.000112919468389,0.000615445443104,-0.000560650373305,-0
2020-11-13,0.00531981523031,0.00193636285381,0.000579851041735,2.78872323642e-05,-0.000111282047249,-3.24959657748e-06,0.000700051813909,0.00113690705344,-0
2020-11-16,0.00481663281989,0.00176333442231,0.000535413829346,-1.38491600138e-05,-6.20149003306e-05,-5.45678083027e-05,-5.78402931045e-06,0.000486968300042,-0
2020-11-17,-0.00208565275165,-6.14040164012e-05,-6.76358779324e-05,0.000329376820731,0.000212002772922,6.6924639369e-05,-0.000372808150816,4.02654565171e-05,-0
2020-11-18,-0.00465087179517,-0.00073839199028,-0.000154906635132,0.000109997181263,-2.74021995269e-05,1.27554103746e-05,-0.000580414183308,-0.00084751752385,-0
2020-11-19,0.00161845015078,0.000836442999916,0.000116966812632,0.000304627978912,8.96939057324e-05,4.18130087391e-05,-0.000190955515054,0.000167636455226,-0
2020-11-20,-0.00263580269854,0.00046329363698,0.00032074110916,0.000165599673282,0.000144489812047,8.97614862537e-05,0.000305771094609,-0.000232968788146,-0
2020-11-23,0.00229473212731,9.28036284273e-05,-9.724312796e-06,-4.14634149751e-05,-0.000165342509251,-3.2110296652e-05,-0.00199893124029,8.11405079089e-05,-0
2020-11-24,0.00620424008485,0.00222641371744,0.000622750984054,-0.000221076687012,-0.000130908101539,1.2838818674e-05,-0.0015248556263,0.000228167270623,-0
2020-11-25,-0.000598828837141,-0.000276271852063,-0.00021248749545,-5.48653646313e-05,2.73940791615e-05,6.69090335191e-05,-4.58685811136e-05,2.51668643872e-05,-0
2020-11-27,0.00108100723728,0.000983291768781,0.000435103738061,0.000274607789023,0.000246381259395,9.88632082189e-05,-0.000987207801785,-0.000191461217671,-0
2020-11-30,-0.0017198144372,-0.00279077203175,-0.00115805847897,0.000219295844303,-5.4630386088e-05,4.45662471285e-05,-0.000641584678223,-0.000447555841464,-0
2020-12-01,0.00425814181968,0.0029943787552,0.000961699917228,-0.000516893268332,-0.000440373686175,-9.20599123975e-05,0.0020239400535,0.000546690724678,-0
2020-12-02,0.000819949846097,0.000214021408362,-1.92417514753e-05,-0.000177915289501,-0.000136266661813,2.85985433662e-05,0.000730967899205,-0.000335891000274,-0
2020-12-03,-0.000106399866483,0.000488602629797,0.000461266064018,0.00027349009246,0.0002177915747,0.000111042725183,0.00077006330006,0.000355534080287,-0
2020-12-04,0.00335291722478,0.00137068079274,0.000316323327489,-0.000436461834079,-0.00031910805594,-8.5452214768e-05,-0.000278783919713,0.000649294492675,-0
2020-12-07,-0.0008027634318,-0.0010309277303,0,0.000244386851363,0.000250070953577,0.000103980605353,0.00145556675796,-0.000372877712522,-0
2020-12-08,0.00114083829735,0.000333569239688,0.00013358864736,1.3539168238e-05,8.11344612128e-05,6.61655867897e-05,0.000345538845888,-0.000149191982366,-0
2020-12-09,-0.00350025541634,0.000181588744911,-0.000552398746871,-0.000230296016169,-0.000114728137901,-5.03292016488e-05,-0.00169603665172,-0.000263035700006,-0
2020-12-10,-0.000127280320032,0.000304590172202,0.000632528736786,0.000395379025812,0.000183302418657,9.17702245917e-05,-0.000187733801986,-0.00018476981056,-0
2020-12-11,-0.000455577280666,-0.00048677723279,-0.000315907907641,0.000177041461366,0.000162778796011,-3.16234535997e-06,0.000181846608208,-3.99078338385e-05,-0
2020-12-14,-0.0017393029304,3.04698937889e-05,-0.000172459674149,-9.53862085072e-05,-4.75271056977e-05,0,-0.000540272931081,-0.000184718947676,-0
2020-12-15,0.00524267367908,0.00155699459507,0.00044191920147,9.56491669966e-05,-8.16561266123e-05,7.29579577354e-05,0.00136865039576,0.000861040711512,-0
2020-12-16,0.00061109934929,0.000483847445829,0.000256938096516,-6.7679288795e-05,-6.7418617107e-05,-3.14048320139e-06,0.000542270055332,4.95992771364e-05,-0
2020-12-17,0.00217648172872,0.000935782107575,0.000379980029226,-6.7507947039e-06,-5.85619207836e-05,2.2901625252e-05,0.0010374935303,0.000410818021611,-0
2020-12-18,-0.00155524760542,-0.00084104610334,-0.000141800636243,-8.07743314756e-05,-6.70170460966e-05,-1.87351879414e-05,-0.000168332690669,-0.000857046017137,-0
2020-12-21,-0.00139214354356,-0.00159703818772,-0.000638599350863,0,5.38071436161e-05,-6.26844394064e-06,-0.000315392871603,-0.000237322297409,-0
2020-12-22,-0.000656701872991,-0.000458156750661,-0.000345067150401,0.000230685246052,0.000135100292213,3.77667520268e-05,-0.000786102159517,0.000292912230966,-0
2020-12-23,0.000350057605163,0.00159083579193,0.000480006844427,-0.000108752494975,-0.000169138967403,1.89036332838e-05,0.000657039555584,-0.000273477464528,-0
2020-12-24,0.00151300671928,0.000366187025724,-0.000268125814083,0.000149111728589,0.000114684325063,1.57145349767e-05,0.000395493546346,0.000366868896282,-0
2020-12-28,0.00334532092069,0.000882600140314,9.5511981708e-05,2.70350043067e-05,6.76086780897e-06,2.82221227181e-05,-0.000360630717087,0.000251315807592,-0
2020-12-29,-0.000746182525797,0.00112122929329,0.000504000364768,2.69076102152e-05,-1.34102084727e-05,-1.87316486419e-05,0.000359095177226,-0.000360340223841,-0
2020-12-30,0.000556424986253,0.000302781490954,0.00065560533296,9.41497480862e-05,5.35341744033e-05,3.11822458439e-05,0.000756801614187,0.000230016660092,-0
2020-12-31,0.00197898722179,-0.000966318774907,-0.000123188215913,0.000120734811377,5.34030068488e-05,8.39833662447e-05,0.000369007339633,0.0004039489147,-0
2021-01-04,-0.00531933638604,0.000813776671668,0.000217521770767,-0.000200822677477,2.00264932227e-05,4.34757835692e-05,0.00221536868137,-0.00137379560059,-0
2021-01-05,0.00266398166176,0.00163340712371,0.00111054441485,-0.000161216364404,-0.000187253124827,-1.24693114702e-05,0.000302414733144,5.99534863707e-05,-0
2021-01-06,0.00231588209518,0.00156444084118,-0.000462594647063,-0.00077515417522,-0.000465563550389,-0.000117763278371,-0.00165435339847,6.95678433211e-05,-0
2021-01-07,0.0057868393093,0.000420979123308,0.000377455864689,-0.000160370424879,-0.000279221123852,-2.47748939781e-05,-0.000233836902687,-7.94717531113e-05,-0
2021-01-08,0.00223915299745,0.0013752631764,0.00097571107309,-0.000185832731895,-0.000224701148069,-0.000153975543425,-0.00339874880823,0.000395008415276,-0
2021-01-11,-0.0026615641938,-0.00191146282392,-0.000571713042284,-0.000252091079427,-0.000151873222149,-8.30696886094e-05,-0.000188010199597,-0.000542567556733,-0
2021-01-12,8.34092047829e-05,0.000691328102917,0.000537637184671,0.000133503430289,-1.32534435941e-05,5.26373804063e-05,0.000623297323886,9.43225121654e-05,-0
2021-01-13,0.0010607957491,-0.000269935106934,0.000160003646669,0.000492986330235,0.000271831102369,8.64902953828e-05,-0.000416470984178,0.000495301470993,-0
2021-01-14,-0.00138048087043,0.00110763919348,0.000488472739957,-0.000305892658753,-0.000178723023183,1.84975733993e-05,-4.98806589073e-05,0.000242242016154,-0
2021-01-15,-0.00286499093712,-0.00236507267604,-0.000573068738427,0.000159609666815,0.000211813987397,4.31782722823e-05,-0.00119170789233,0.000474638108035,-0
2021-01-19,0.00308097138876,0.00102416008975,0.000897959481668,0.000214079532855,4.66366354825e-05,9.30703488362e-05,0.00080864784442,-0.000119390814998,-0
2021-01-20,0.00543986532835,0.00110774263514,0.000873757988664,1.33465762236e-05,3.31074543436e-05,5.86068407931e-05,0.00155768770099,0.000796071055199,-0
2021-01-21,0.000359798303699,0.000326122480347,9.29374906163e-06,-0.000223927092998,-0.000111446465146,9.46723241329e-05,-6.03809152864e-05,-0.000200730640426,-0
2021-01-22,-0.00139780500615,-0.00100781027372,-0.000362749943597,0,0.000117921721468,-6.10705022891e-05,-0.000757358030908,9.78855930264e-05,-0
2021-01-25,0.0015572335509,-8.92101766318e-05,0.00025199563055,0.000396406249177,0.000315619599029,0.00010110598665,8.26047176967e-05,0.000319271494813,-0
2021-01-26,-0.000616889979145,5.92770488414e-05,-0.000316393612663,-5.27932292465e-05,-2.6227596236e-05,-5.80422709957e-05,-0.000236097156222,0.00029875224094,-0
2021-01-27,-0.00965413897025,-0.00338382537513,-0.00127611011437,1.32318873913e-05,9.18690513743e-05,-1.22247101047e-05,-0.000604526640004,-0.000754923000883,-0
2021-01-28,0.00336652204273,0.00111563279684,0.000236564310885,-0.000107212790159,-0.000206639714581,7.76367507399e-05,8.93171249278e-05,0.000229057954354,-0
2021-01-29,-0.00786627618766,-0.00315089953364,-0.00106409098827,-0.000173245475885,-0.000139321726246,-4.01921851173e-05,-3.888794861e-05,-0.00049061553207,-0
2021-02-01,0.00649375689109,0.00200657067847,0.00124979284769,0.000151544742409,9.95337932685e-05,-8.76782287416e-05,0.000911898980756,0.000974058385818,-0
2021-02-02,0.00554284038531,0.0015925874502,0.000782622903616,-0.000240691139157,-0.000199385217193,5.88153330585e-05,-0.00117943343283,0.000258033665317,-0
2021-02-03,0.000310432286258,0.000388015976717,0.000187352796581,-0.00018593091772,-0.000191508595722,-2.15208247496e-05,-0.000143694180541,-0.000108449929352,-0
2021-02-04,0.00449109176941,5.96952968236e-05,7.49058509776e-05,-6.64332392506e-05,-2.6441962644e-05,-2.7680374191e-05,-0.00204444884867,0.000295725145243,-0
2021-02-05,0.00156857788621,0.00107140012553,0.000373579511359,-0.000198631266187,-0.000164550417566,-9.19360327844e-06,0.000914716872485,0.000152359563335,-0
2021-02-08,0.00287875315455,0.000919257507949,0.000260527796991,0.000158303509486,3.27708986033e-05,3.66619366961e-05,0.000938788934144,0.00023504611144,-0
2021-02-09,-0.000265854904893,0.000825728395087,0.000564507645022,6.55996118061e-05,5.87337919444e-05,2.1261270071e-05,0.000305767578976,0.000150981538768,-0
2021-02-10,-0.000173511754523,-0.000323841259686,0.000110857013924,0.000144120484179,0.000195354477386,3.3349243783e-05,0.000343399735236,0.00023337592941,-0
2021-02-11,0.000642731360661,0.000941576461174,0.00053553433594,-0.000183280565719,-5.85704501416e-05,-4.54656809407e-05,-0.000817151938911,9.23264611291e-05,-0
2021-02-12,0.00196685628246,0.00067596979733,9.22204750672e-05,-0.000353041974802,-0.000253557400553,-6.35676143015e-05,-0.000282968222427,9.71216569418e-06,-0
2021-02-16,-0.000345891897582,0.000880168469583,0.000147294668502,-0.000718053960549,-0.000551684397129,-0.000187370750407,-0.00133081872262,-0.000334323996559,-0
2021-02-17,9.16907440693e-05,-0.00091172246751,0.000129224617092,0.000301034537672,5.20920262996e-05,-1.51454567369e-05,-0.00104003709222,-5.34151300692e-05,-0
2021-02-18,-0.00170538095603,-0.00094245945118,-0.00067470304782,-7.86559074771e-05,-6.53113016031e-06,-0.000160789466477,-5.45010115727e-06,-0.000184836536629,-0
2021-02-19,-0.000707267086463,0.000679933898883,0.000278318524653,-0.000473524361017,-0.000307378571272,-0.000164442213139,0.000377676290346,0.000249011395043,-0
2021-02-22,-0.00307555848652,-0.000443503538803,-0.00147516715428,-0.000473640278014,-0.000124287368517,-3.04921111391e-06,0.00136851038594,0.000361299919809,-0
2021-02-23,0.000483726204301,5.93954894798e-05,0.000288725750162,3.95840915039e-05,5.91350967474e-05,9.17727691718e-06,-0.000214315701095,0.000274500397016,-0
2021-02-24,0.00439000483762,0.00053367669739,-0.000325650196069,-5.26900184668e-05,-0.000104960828664,-3.05389258427e-05,-6.58748424632e-05,0.000337872128654,-0
2021-02-25,-0.00966004453462,-0.0024790501599,-0.00109281366225,-0.00139202126408,-0.00101193650027,-0.000468153246587,-0.00173761510545,-0.000848069926301,-0
2021-02-26,-0.00205430185452,-0.002105246034,-0.000717250511325,0.00124449203713,0.00068520832774,0.000477069535177,-0.00223288593732,-0.000645671384593,-0
2021-03-01,0.00966624986562,0.00281199965212,0.00136631058474,-8.08104902281e-05,-8.69609494987e-05,-0.000130808164057,-0.000156749564104,0.000194737354138,-0
2021-03-02,-0.00314434421731,-5.96567062412e-05,-0.000477422417552,2.65838842991e-05,0.000138627692997,0.000156709114447,0.000486043962672,-0.000418743003852,-0
2021-03-03,-0.00531343500803,-0.000897860507255,-3.75629488946e-05,-0.00056025109884,-0.000410720483822,-9.86462837184e-05,-0.000991922448493,-0.000247144562516,-0
2021-03-04,-0.00494065297008,-0.00147923132261,-0.00108940093991,-0.00044399768776,-0.00038088403376,-0.000149252562868,-0.000883105708893,-0.000493563009583,-0
2021-03-05,0.00732614228479,0.00118906272481,0.000353980674323,-0.000108691570689,-0.000107975165755,4.08200980807e-05,5.64527420494e-05,0.000473300129872,-0
2021-03-08,-0.00200070007946,-0.000725040608779,-0.00129874707519,-0.000605886878995,-0.000300903759816,-0.000214718766735,-0.000922897976592,0.000374184324344,-0
2021-03-09,0.00574147299656,0.00188373638009,0.00105830222624,0.000582318236512,0.000363132125812,0.000244108176499,0.00188449602887,0.000291024689776,-0
2021-03-10,0.00250869668834,0.000630476856224,-8.47838662732e-05,0.000254162930157,0.000159501012432,0.00017626165714,0.000455793338318,0.000436302610441,-0
2021-03-11,0.00409320960395,0.00107588057127,0.00147237942163,-1.33707685094e-05,-2.64496586285e-05,3.38749789791e-05,-7.74659232273e-05,0.000513286973617,-0
2021-03-12,0.000545423329786,0.000356104215047,-0.000884680918616,-0.000859702232139,-0.000545202706584,-0.000302625812242,-1.64826828689e-05,0.000740045283306,-0
2021-03-15,0.00242047020387,0.000356435507788,-2.79561762375e-05,0.000158935129316,9.20421480994e-05,0.000113204640532,0.000390478980346,0.000667170290736,-0
2021-03-16,-0.000512863284433,0.000236681315013,0.000213489159545,-5.27823086118e-05,-1.30900852597e-05,7.92221133998e-05,8.21589204307e-05,-0.000185630440472,-0
2021-03-17,0.00138493574751,0.000769211392454,3.71480162691e-05,-1.31646224339e-05,-0.000124412857632,-3.35145413205e-05,0.000635414290096,3.90787772838e-05,-0
2021-03-18,-0.00591358385966,-0.00141632776506,-0.000759250469897,-0.000578571545749,-0.000463738884288,-0.000270494140623,-0.000518987410054,-0.000458049803246,-0
2021-03-19,-0.000748789945763,0.000506893820105,0.000486526173964,0.000119559543387,-4.61813906133e-05,7.36941676533e-05,0.000375387400422,-0.00061549470102,-0
2021-03-22,0.00322516995626,6.28936365844e-05,-0.00010490791792,0.000292275453288,0.000244128662896,0.000184248644735,-0.000132471075252,0.000315063456511,-0
2021-03-23,-0.00319155750607,-0.00223714803816,-0.000802263369841,0.000383779144651,0.000368032727887,7.95071673019e-05,-0.000654148947433,-6.3729934514e-05,-0
2021-03-24,-0.00205749683895,-0.000630272741142,-0.00113573944155,0.000186370081126,9.91574278228e-05,0.000101550846788,0.000309727592643,-0.000251590397653,-0
2021-03-25,0.0022731818083,0.000933570649666,7.5351003344e-05,-8.01575228429e-05,-9.94935462204e-05,-2.77922534952e-05,-0.000327425679467,0.00045607293437,-0
2021-03-26,0.00652732974912,0.002011157639,0.00118287396199,-0.00025298734317,-0.000251314454732,9.23253959266e-06,0.000254471199227,0.000972775413888,-0
2021-03-29,-0.000205824290971,-0.0007129483285,-0.000269438075558,-0.000250430004097,-0.000255248082123,-0.000103553925722,-0.00105661606974,-0.000265231380935,-0
2021-03-30,-0.00108344194551,-0.00017881156652,0.000195727766955,0.000119001615447,-6.56516629525e-05,-6.72184135314e-05,-0.00150474857139,5.91293618725e-05,-0
2021-03-31,0.00165521609356,-0.000418225289864,0.000214892197495,2.65238233314e-05,-0.000105323966023,9.19175863881e-06,0.00131586439658,-0.000276621889284,-0
2021-04-01,0.00441676911516,0.00190740466012,0.00043808730943,0.000505836858551,0.000328535223307,0.000110265719791,0.00110946082887,0.000822927210983,-0
2021-04-05,0.00587713139353,0.00221389713998,0.000101547595691,-0.000301685650486,-0.000208260691793,-0.000109212984497,-3.26385084099e-05,0.000175723120272,-0
2021-04-06,-0.000243424466006,-0.00128883994183,0.0002290298409,0.000520578072007,0.000355176827778,2.10664586635e-05,0.000701782810212,0.00011622742908,-0
2021-04-07,0.000476593354803,0.000263496914943,-0.00070513270335,-0.000234174381093,-4.5165075099e-05,2.40779521876e-05,-0.000248224021378,3.38853406246e-05,-0
2021-04-08,0.00195760053305,0.000849473425127,0.000494721540218,0.000364465104195,0.00025182662894,8.42994151508e-05,0.000944727352236,-0.000169514022583,-0
2021-04-09,0.00299814046858,0.000349871989921,-0.000410298111783,-0.00016840083937,-0.00019280098269,-8.0891473937e-05,-0.000666218611645,-5.30260079392e-05,-0
2021-04-12,0.000151168442415,-0.000785783314276,-0.000309455219335,-3.88208144663e-05,-4.49015848434e-05,5.97784512306e-06,-0.000530964291084,0.000264646345684,-0
2021-04-13,0.00123105379305,0.000990761248738,9.1168535068e-06,0.000427238868954,0.000301921737796,0.000137759285681,0.000617565512303,0.000226450274825,-0
2021-04-14,-0.00141715699103,0.0001451523231,0.000254167704133,-0.000116037709446,-8.96002303784e-05,0,-0.000379779969666,-0.000239944660311,-0
2021-04-15,0.0044503466015,0.00113406148394,0.000418340756598,0.000581388950762,0.000467980506568,0.000203215426044,0.00140940795487,0.000793317484669,-0
2021-04-16,0.00138662090982,0.000864243364764,0.000153161353541,-0.000383972726667,-0.000196855925723,-1.18398521019e-05,0.000530874523204,0.000100023865105,-0
2021-04-19,-0.00203988347552,-0.000431043025167,-9.88646182218e-05,-0.000114928562623,-7.60111661671e-05,-6.49689969389e-05,-0.000243610884869,9.02658271133e-05,-0
2021-04-20,-0.0030338991323,-0.00244992733979,-0.000360566070822,0.0002305090479,0.000216048194911,2.36925945147e-05,0.000313384526115,0.000376478692544,-0
2021-04-21,0.00391058053277,0.00133210680828,0.000371331074887,0.000141512083507,3.82757358634e-05,3.57118332375e-05,0.000880549395018,0.00030642829934,-0
2021-04-22,-0.00378386194916,-0.000603939559386,-8.09470079798e-05,3.83358401811e-05,5.70730193964e-05,4.4330170067e-05,-0.000577646176176,-0.000251999806442,-0
2021-04-23,0.00447400701002,0.00167653224309,0.000650885300098,-2.56625458782e-05,-9.55751039856e-05,1.78347957241e-05,-0.000340923170318,0.000272429083054,-0
2021-04-26,0.000865059073002,0.000229691665249,6.28550216815e-05,-0.000127560340542,-7.59712273896e-05,2.06537889678e-05,0.000232842567411,0.000137680879616,-0
2021-04-27,-8.94777161225e-05,-0.000458779085998,7.17504609311e-05,-0.000356800161567,-0.000284476899927,-2.9437630886e-06,-0.000221958022804,-4.72941407776e-06,-0
2021-04-28,-0.000119246906539,0.000401994334232,0.000386163949752,7.65851561763e-05,9.4917767074e-05,0.000118036210986,0.000259304449141,-9.97237166694e-05,-0
2021-04-29,0.00264189825485,0.000143387852857,-0.000107650546811,-7.64996272029e-05,-0.000126455219218,-1.76835473129e-05,-0.000364732416129,0.000398387027089,-0
2021-04-30,-0.0027343710774,-0.00200277749136,-0.000706907557292,0.000152596051146,6.30733396793e-05,-2.35194842386e-05,-0.000295276944599,0.000184493487889,-0
2021-05-03,0.000896428793594,0.00152459700229,-1.79916569383e-05,9.34181414469e-05,0.000123116935365,9.35039202664e-05,0.00113976649324,-9.03764714199e-05,-0
2021-05-04,-0.00256022790968,-0.00177681637906,-0.000582577319175,0.000178541162439,9.48369198725e-05,8.57621345978e-05,-0.000649607919202,-0.000303251414955,-0
2021-05-05,0.000129730347328,0.00172903330386,0.000180248018928,0.000115343858441,8.89908003019e-05,0.000169485870215,0.00036643704608,-0.000776645315342,-0
2021-05-06,0.00330613964009,0.00120789915508,0.000467713051792,2.56722562427e-05,3.17278060797e-05,-4.45017075564e-05,0.00147871012145,0.000256784815079,-0
2021-05-07,0.00301701625437,0.00171402900807,0.000419914017039,-3.82221421548e-05,2.52271851263e-05,7.95883188593e-05,0.000805485818401,0.000604581877404,-0
2021-05-10,-0.00410751463414,-0.000766254545824,-0.000887563593496,-0.000227250567155,-0.000144007671067,1.75686089696e-05,0.00027195990669,-1.40808284257e-05,-0
2021-05-11,-0.00368693957364,-0.0017698679414,-0.000124975760615,-0.000317551874152,-0.000119647373141,-0.000100155070712,1.57816627428e-05,-0.000585268102576,-0
2021-05-12,-0.00875687542917,-0.00258647011523,-0.00120438683063,-0.000511494984545,-0.000348684016941,-6.52444304523e-05,-0.000905652481774,-0.0011689120935,-0
2021-05-13,0.00492269510991,0.00102172491867,-5.47750590947e-05,0.000337739041233,0.000244699275314,9.03031762975e-06,0.000376595139476,0.000593681985291,-0
2021-05-14,0.00632098418066,0.00234710050763,0.000761231882243,0.000335252717538,0.000159836203621,0.000134578028704,0.000833045868838,0.000546186256588,-0
2021-05-17,-0.00105145980999,-0.000229188313381,2.68855787059e-05,-0.000127532263273,-6.9546138771e-05,7.38972527484e-05,0.00106120798244,4.73821341427e-05,-0
2021-05-18,-0.00355225257828,0.000515799222737,0.0006721669728,-0.000178507557158,0,-5.61908241638e-05,0.000179554559148,9.47007010236e-06,-0
2021-05-19,-0.00107424090268,-0.00132133219273,-0.000125777344929,-0.000204499821867,-0.000215465431695,-0.000257884345407,6.3531467864e-05,-0.00014723883116,-0
2021-05-20,0.00441080962222,0.00204622497001,0.000171259767091,0.000500128295449,0.000298837482188,4.46015612222e-05,0.000424903032842,0.000519409859494,-0
2021-05-21,-0.000336426331984,-2.85924074752e-05,-0.000500537680554,6.35779673162e-05,2.52101790955e-05,6.78403546122e-05,4.21284489861e-05,-4.72635766875e-05,-0
2021-05-24,0.00418895111191,0.000915211654055,0.00043827540017,0.000140006085838,6.93887950311e-05,9.1485863253e-05,0.000163398572734,0.000576913079468,-0
2021-05-25,-0.000914931659071,0,0.000488745692702,0.000354006528739,0.000263258567803,0.000105563227716,0.000837792065318,-1.40844859376e-05,-0
2021-05-26,0.000815668648602,0,0.000346174099509,-5.05206722619e-05,-8.13865536983e-05,-8.49421120319e-05,-0.000162140209326,0.000206477918317,-0
2021-05-27,0.000215983372325,0.000283543309941,8.86677145598e-05,-0.000176641871543,-0.000125068723907,-2.92451224207e-06,3.65802345477e-05,-0.000107824063885,-0
2021-05-28,0.000736231240673,0.000425205538358,0.000248236803691,0,-6.27917901442e-06,2.34022596737e-05,0.000350013201772,0.000281217205403,-0
2021-06-01,-0.000362502202823,0.00079209960569,0.000999750609607,-6.68109389445e-05,-1.31062786756e-05,0.000108875196682,-0.000250247135918,0.000841927710599,-0
2021-06-02,0.000645127428038,0.000423476866185,0.000114779522133,0.000188692134694,8.1017091443e-05,-4.68483388474e-05,0.000452640055967,0.000555470643293,-0
2021-06-03,-0.0015212496888,-0.00078858791351,-0.000546093394792,-0.000338850512036,-0.000180287033626,-0.000125637767595,-0.00181655820795,-0.000176947754934,-0
2021-06-04,0.00375557701777,0.00141597781983,0.00043397467274,0.000593134522323,0.000393818894943,0.00017921470801,0.000986360388863,2.34049761019e-05,-0
2021-06-07,-0.000398968177616,0.00033717323466,-0.000193342903899,-0.000100187482779,-5.58096304717e-05,-8.16322368251e-05,0.000367672133676,0.000562186744997,-0
2021-06-08,8.75775097247e-05,-8.42501576701e-05,-0.000202038245099,0.000262816343403,0.000204619645217,3.78859930628e-05,-0.000284689112709,0.00039938564536,-0
2021-06-09,-0.000612497064859,-0.000589591229045,-3.51241743835e-05,0.000287801828971,0.000223113354382,2.90142244964e-06,-0.000175925423463,6.49956811454e-05,-0
2021-06-10,0.00190702043861,0.000477674032424,0.000333948421988,0.000300464697282,0.000254299361418,0.000192409389779,0.000393565066157,0.000348451662026,-0
2021-06-11,0.000678245325848,0.000251845876567,-0.000210025433621,-6.23265237635e-05,-0.000104983790885,-9.57933394446e-05,-0.00103134450896,-0.000194314763002,-0
2021-06-14,0.00092118845983,0.000224049225833,0.000192672403208,-0.000361878109809,-0.000222546078026,-2.03370133871e-05,-0.000531550393907,0.000189841497498,-0
2021-06-15,-0.000756009059677,2.79668372491e-05,-0.00032392477199,6.23952293753e-05,1.23680192516e-05,6.09734314965e-05,-0.000340474125156,-0.000523000948513,-0
2021-06-16,-0.00230124773949,-0.000981468262688,-0.000648992767528,-0.000462407635728,-0.00048904886967,-0.0003374667816,-0.00151935431375,-0.00031528500227,-0
2021-06-17,-0.000136965966372,-0.00110141950345,0.000273825192556,0.000453093993238,0.000255623239312,0.00014063210616,-0.00273761006073,-6.07078028538e-05,-0
2021-06-18,-0.00558286458118,-0.00283241042498,-0.000372070834871,0.000391283402611,0.000406394419744,1.47047236288e-05,-0.000480228178793,-0.000824232978724,-0
2021-06-21,0.00589935988315,0.00202895736495,0.000233703148227,-0.000382193891873,-0.00023350786399,-6.52590955583e-05,0.00106427676135,0.000992668699165,-0
2021-06-22,0.00221348979902,0.000142729323187,-0.000204771779012,0.000151424047815,0.00013128025151,0.000205658811023,-0.000365321948182,-0.000252840364545,-0
2021-06-23,-0.000500699664342,-0.000797717407808,0.000275437487346,-7.55820696713e-05,-0.000143513709067,8.80076260982e-06,-5.72924782979e-05,-8.41188584526e-05,-0
2021-06-24,0.00245793204659,0.00122677881322,0.000355903346637,5.04345781319e-05,-1.24765229409e-05,-7.04696908807e-05,-5.21586629074e-05,-0.00010413962965,-0
2021-06-25,0.00147880773049,0.000483162310635,0.000389985572009,-0.000288925893229,-0.00014934363793,3.80213912341e-05,0.000285756053014,0.000323921116023,-0
2021-06-28,0.000840142384043,-0.000963843154796,0.000114924953941,0.000413537544431,0.000223459743488,5.54237203962e-05,-5.17941530418e-06,-0.000140489316496,-0
2021-06-29,0.000224543903044,-2.83327133674e-05,-3.53422072625e-05,7.51059613157e-05,3.72260322527e-05,2.04138027301e-05,-0.000906408224715,-0.000131025507172,-0
2021-06-30,0.000351746669383,-0.000992408448435,-0.000300646201332,0.000100246078017,0.00011176676482,4.96053947794e-05,0.0004146680642,-0.000252916337399,-0
2021-07-01,0.00231684956652,0.000425552789127,-0.000256563504553,-8.03314996902e-05,-5.16015892118e-05,3.61510826903e-05,0.000295598857826,0.000206186608732,-0
2021-07-02,0.00320710908462,0.000537447222527,-5.29370582876e-05,0.000313042535696,0.000260313688562,0.000158217818527,0.000563643991371,0.00014483519183,-0
2021-07-06,-0.000766177712828,-0.00087239807876,-0.000851324254413,0.000460916852765,0.000376178288961,9.61994394901e-05,0.000427007924796,0.000348651169662,-0
2021-07-07,0.00148481940614,0.000506944348575,4.39200237289e-05,0.000249311857739,0.000209821775856,-2.62504843767e-05,0.000329515416224,0.000167476588649,-0
2021-07-08,-0.00342549971565,-0.00210608738406,-0.000884498675462,0.000161506697262,0.000184619131845,-4.94506992605e-05,-5.64683701465e-05,-0.000134511709346,-0
2021-07-09,0.00447962819347,0.00248683324618,0.000837245563135,-0.000475328507687,-0.000365351594143,5.84884874019e-06,0.000289305957217,0.000793545982046,-0
2021-07-12,0.0015068960153,0.000532638520029,2.62297547352e-05,-8.68313186049e-05,-3.68549404899e-05,9.87426725585e-05,-0.000107624158884,0.000416759759478,-0
2021-07-13,-0.00143597777971,-0.000811068607415,2.61565729898e-05,-0.000309435969176,-0.000220627603921,0,0.000112481812508,-0.000683735361611,-0
2021-07-14,0.000628494570902,0.000364794401677,0.000227531915516,0.000484356550083,0.000307455029895,9.88231501618e-05,0.000933623829647,0.000338377538548,-0
2021-07-15,-0.00143587442487,-0.00117459234582,4.36076908196e-05,0.0003095212071,0.000300256809801,0.000112987737986,1.5344753854e-05,7.85339993504e-05,-0
2021-07-16,-0.00329208683771,-0.00112062070365,-0.000314534447061,-0.000124014344342,-1.22788772185e-05,0,-0.000850169102795,-3.24026036108e-05,-0
2021-07-19,-0.00618529330578,-0.00281775539542,-0.000685433126044,0.00076076590111,0.000617470022208,1.45879754828e-05,0.000103020188479,-0.000893634334488,-0
2021-07-20,0.00596757380856,0.00127964926059,3.54906069165e-05,-0.000138470239096,-9.34786816564e-05,-5.88814283456e-06,-0.000114363705047,0.00114607146603,-0
2021-07-21,0.00339253046843,0.00205915730128,0.000395858250964,-0.000474453571494,-0.000420316797729,-9.64295172018e-05,-0.00032487292198,-4.64522416835e-06,-0
2021-07-22,0.00088059417801,0.000196578577062,7.00560965647e-05,0.000335629834421,0.000166145994896,0.000104718300171,0.000169404291783,-0.000389634350681,-0
2021-07-23,0.00432854878333,0.000869161333589,-0.000717004804718,-9.93197879506e-05,-0.000110581622984,0.000168445697968,-0.000271654842479,0.000402923948535,-0
2021-07-26,0.00103863981269,0.000167499207177,-0.000861708590752,-0.000123537425046,-4.89528546441e-05,0.000161897271118,-0.000204087082606,2.30541086351e-05,-0
2021-07-27,-0.00193285730027,-0.000530252105295,-0.00095732282578,0.000333551451034,0.000305766884663,-8.66087616884e-06,0.000142840688217,0.000276572645808,-0
2021-07-28,-0.000173507201661,0.000643363869762,0.00123001861447,0.000136190994625,6.12888427649e-05,0.000127485033111,0.000434651017728,-0.000170963248335,-0
2021-07-29,0.00175034488144,0.00108844290563,0.000156668263534,-0.000234741461019,-0.000220153489546,-6.64864478861e-05,0.000959163559354,9.22619827639e-06,-0
2021-07-30,-0.00205103720504,-0.00094564519149,-0.000303583340305,0.000197033415751,0.000201107791053,5.76183160712e-05,-0.000686391727642,6.4314695096e-05,-0
2021-08-02,-0.000884758657069,0.000697736976215,0.000356858851889,0.000305517740813,0.000315774763233,1.36667439091e-05,-0.000107147620377,-0.000106040614396,-0
2021-08-03,0.00342178764457,0.00103210245031,0.000113092090241,4.95204589746e-05,1.83649935448e-05,3.48879734575e-05,-6.11865644899e-05,5.99026168015e-05,-0
2021-08-04,-0.00207605175439,-0.000416500072372,0.000112554974359,-1.23309187969e-05,-1.82796554911e-05,-7.23275161433e-05,2.02981665511e-05,-0.000151338105792,-0
2021-08-05,0.00266667313649,0.000751575450376,-0.000138902699439,-0.00032080926674,-0.000262441354834,-0.00013344388164,-0.000340941649799,0.000570164123637,-0
2021-08-06,0.000698182373964,-0.00058294361099,-0.000302981231833,-0.000639809988598,-0.00041998626533,-8.38812839728e-05,-0.00214145135348,-8.71312493063e-05,-0
2021-08-09,-0.00034540493418,-0.000167134376239,0.000156387701793,-0.00025930622515,-0.000152714407635,-6.67698274161e-05,-0.00148705511018,-0.000262297594848,-0
2021-08-10,0.000529279285144,0.000307242280266,0.000165484380992,-0.000185738545128,-0.000134726186409,3.4915225298e-05,2.55308217269e-05,-0.000465955112323,-0
2021-08-11,0.00105842393485,0.000921422601291,0.000165454272479,0.00013612598886,7.96125091106e-05,6.11208002794e-05,0.00113828876832,0.000285960031113,-0
2021-08-12,0.00127478018769,-0.000333783431404,-0.000294936094574,1.23651089272e-05,-7.3217333948e-05,-2.89905269495e-05,2.03361267583e-05,0.00010567416282,-0
2021-08-13,0.000775884908287,0.000750525537142,-8.66924640215e-05,0.000517490147299,0.000408368327135,9.55878205422e-05,0.00119413644512,0.00026630471687,-0
2021-08-16,0.00100184325398,-0.000830656995696,-0.000354023657891,7.3595651176e-05,0.000157844346867,3.75019342265e-05,0.000420111154394,-5.94618561551e-05,-0
2021-08-17,-0.00279431218607,-0.00160518428657,-0.000794046390933,-0.000110360790673,-3.64110157012e-05,-0.000100934922888,-0.00012648271854,-5.02861632101e-05,-0
2021-08-18,-0.00466124068542,-0.000361800153793,5.20739965609e-05,1.23390133664e-05,-3.66221651373e-05,5.80099277262e-06,6.61450883345e-05,-0.000445931580754,-0
2021-08-19,0.000655729034571,-0.00159497280775,-0.00067193986615,0.000248034066586,0.000159532685577,1.45848556736e-05,-0.000250655360721,0.000235719600162,-0
2021-08-20,0.00337901324119,0.000476267054612,0,1.24317859524e-05,-6.7572589692e-05,-0.000116775854083,4.60918434058e-05,0.000245274021875,-0
2021-08-23,0.00375027623784,0.00150684647139,0.000617875733097,0,1.83618739696e-05,8.72324378299e-05,0.00103555277152,-9.21853442296e-05,-0
2021-08-24,0.000678057760065,0.000692835176947,0.00096798021204,-0.000208878749495,-0.00019445364701,0,-4.05302899322e-05,-0.000215146964595,-0
2021-08-25,0.000896184113758,0.000110665744589,4.31398303515e-05,-0.000269735319673,-0.000279062728159,-1.44176940002e-05,-0.000591746941742,-3.19945958389e-05,-0
2021-08-26,-0.00252686940129,-0.000913129818653,-0.000362437320158,1.22341934685e-05,0,5.76732886008e-06,9.61102063634e-05,1.82820859839e-05,-0
2021-08-27,0.00381853522648,0.00149973336828,0.00055432608104,0.000393925292122,0.000231396796878,0.000280720113856,0.00127940609913,0.000509210563873,-0
2021-08-30,0.00187879257144,-2.75608380036e-05,0.000128806622174,0.000158682056644,0.000138904326023,-5.73136012362e-06,-0.000422843509858,0.00048669576692,-0
2021-08-31,-0.000634173572056,0,0.000539753169777,-0.000207041506946,-0.000132560290964,-0.000108786503143,0.000170751016228,0.000231424164775,-0
2021-09-01,0.000227144483078,0.00126390538989,0.000539836742441,4.51850428007e-05,3.0148895466e-05,1.61346367313e-05,5.02009005315e-06,0.000789701497076,-0
2021-09-02,0.00131239473723,0.000684912762304,-0.000179424736614,0.000145903565634,8.41638817253e-05,1.43861231896e-05,-0.000225369261108,0.000262478039882,-0
2021-09-03,-0.000103737937862,0.000710804253019,0.000204616901722,-0.000242703261035,-0.000167959089941,-5.16378927723e-05,0.000904591035828,9.01675627022e-06,-0
2021-09-07,-0.00152420063443,-0.000354978212694,0.000374669841153,-0.000375717168138,-0.000275600347507,-9.16810615783e-05,-0.00167212887675,-0.000563763867362,-0
2021-09-08,-0.000519780623235,-0.00106964492092,-0.000675719917736,0.000231274278173,0.000192598228487,0.000149645001431,-0.000210591479495,0.000249179498196,-0
2021-09-09,-0.00182715613416,-0.000164835120673,5.99586676977e-05,0.000451244602344,0.000198910742985,0.000196038734849,0.000371647370581,-0.00101649863406,-0
2021-09-10,-0.00335717690174,-0.000412814525556,-6.86533964774e-05,-0.000280972446014,-0.000223395243703,-0.000103969556687,-0.000427632245186,-0.000718240495498,-0
2021-09-13,0.00108710164261,0.0011069848725,0.00014672200028,0.000184274958963,8.49882940754e-05,0,0.000283323195893,0.000329133500558,-0
2021-09-14,-0.00229093955458,-0.000634454141591,-0.000421560158909,0.000318357436447,0.000266349677106,2.02732807466e-05,0.000544642315633,-8.6576743557e-05,-0
2021-09-15,0.00353484563383,0.000580657524583,-1.72351569143e-05,-0.00013499375257,-0.000121350576573,2.02981553962e-05,-0.000500400247813,0.000155277417659,-0
2021-09-16,-0.000674034261309,-0.000413308783308,-0.000463994624739,-0.000244577952869,-0.00022368834123,-6.07105499409e-05,-0.0019139874258,4.09667791583e-05,-0
2021-09-17,-0.00415217829111,-0.00182568018842,-0.000172525515646,-0.000122813083374,-0.000206336477468,-0.000107390886935,-0.000131473922909,-0.000438638076931,-0
2021-09-20,-0.00708897687264,-0.00276883202732,-0.0012163377451,0.00027210080043,0.000360664846571,3.50731456867e-05,0.000595909170829,-0.000299144351452,-0
2021-09-21,-0.000398944183787,0.00124311928426,0.000354365315217,6.24583277738e-05,-4.32415471507e-05,-2.65728202522e-05,0.00056597444217,2.32267672785e-05,-0
2021-09-22,0.00410857889188,0.000789774940183,0.000636712995136,4.98801087663e-05,6.78310226152e-05,-3.83305507165e-05,-0.000318436978635,0.000478022701488,-0
2021-09-23,0.00513747385284,0.00176655817013,0.00021102053005,-0.000706819956157,-0.000649716814379,-0.000134830780773,-0.0009753691305,-9.68914419318e-05,-0
2021-09-24,0.000701800380553,-0.00133989875664,-0.000490146480974,-0.000246878646419,-0.000213563347462,-9.33745948873e-05,-0.000106749108216,-0.000523660188231,-0
2021-09-27,-0.001223687631,0,0.000236870733171,-0.000197978539394,-0.000189577274738,1.75503515692e-05,0.000173237667732,-0.00065317703597,-0
2021-09-28,-0.00861074226183,-0.00322351716399,-0.000518566089072,-0.000594927986965,-0.000269591035614,-8.20469144639e-05,-0.000811638504568,-0.000324870946777,-0
2021-09-29,0.000714947864876,-0.000455078000568,-0.000356714115795,0.00010063535903,7.46062993086e-05,2.08080337205e-05,-0.000378095894028,0.000362590643429,-0
2021-09-30,-0.0052004900491,-0.000426570658971,0.000303188528051,-2.5153900211e-05,8.70223311993e-05,5.95450489453e-06,0.00150190470445,-0.00080517748287,-0
2021-10-01,0.00501769843463,0.000428524439887,2.68783060084e-05,0.000442818666103,0.000293713583735,0.000165406267443,0.000192497858582,0.000681149546534,-0
2021-10-04,-0.00547001697968,-0.00133305884872,-0.000613653745405,-0.000100496015666,-8.68635272246e-05,-2.97074021859e-06,0.000397728154293,9.38864066754e-06,-0
2021-10-05,0.0043881216632,0.000828464796015,0.00042102355335,-0.000341606751085,-0.000224942723224,3.89440285963e-05,-0.000400612541784,-0.000335838814228,-0
2021-10-06,0.00176319043295,-0.00105243112044,-0.000169464908028,6.29489272006e-05,1.8640079207e-05,-2.08768505298e-05,0.000227924612029,0.000461536513835,-0
2021-10-07,0.0036785350555,0.0011931270752,0.000864029842285,-0.000402627534764,-0.000285829131682,-3.27681012729e-05,-0.000450082821893,0.000131704342942,-0
2021-10-08,-0.00077892897025,2.83181378481e-05,0.000168447403882,-0.000313038472906,-0.00015463042065,8.88725543057e-06,3.60404098007e-05,-0.000458795398209,-0
2021-10-11,-0.00309139152983,-0.000424815178322,-0.000124300665584,-0.000225785806262,-0.000173396740253,-2.37652104704e-05,-0.000159858350386,0.000121899031844,-0
2021-10-12,-0.00104776446016,-5.68137267987e-05,-0.000124820464717,0.000528935208252,0.000323381898137,7.15837336641e-05,0.000383174748976,0.000635536861192,-0
2021-10-13,0.00152653100861,0.00159112965187,0.000588003615649,0.000327169278797,0.000136753630685,0.000172830315269,0.00151606854884,0.000357532014445,-0
2021-10-14,0.00711828095507,0.00155309528662,7.08320359861e-05,0.000275218866414,0.000166780454781,7.40593207771e-05,0.000210837963539,0.000598439729032,-0
2021-10-15,0.00324449296911,0.00114617141312,0.000482115063117,-0.000346745726955,-0.000348583303703,-6.15871689458e-05,-0.00135931974031,-3.70323663868e-05,-0
2021-10-18,0.00126761063261,-0.000529697223365,-6.11924158976e-05,-9.87507132865e-05,-9.75892298541e-05,-7.8954454887e-05,-0.000208170377856,0.000124640983886,-0
2021-10-19,0.00331136409809,0.00100331723966,0.000515605712806,-0.000407419988106,-0.000249942089633,-9.06115904037e-05,0.000269009752536,2.30665662178e-05,-0
2021-10-20,0.00169153342487,0.000499541633157,8.71413672391e-06,-9.83004358089e-05,-3.03494373003e-05,6.69327229661e-05,0.000732764824918,0.00077190040648,-0
2021-10-21,0.00112354420345,-0.00071890158384,-0.000364128220799,-0.000293919126465,-0.000181430321512,8.41029813957e-05,-7.55252143282e-05,6.86652152637e-05,-0
2021-10-22,-0.000447614190932,0.000663830325873,-0.000112747950738,0.000269493763834,0.000175451660564,7.54340858314e-05,0.000513778229855,0.000233565619731,-0
2021-10-25,0.00231145155712,-0.000110493033604,0.000164555400915,0.000134617420375,8.45853756195e-05,8.9806562914e-05,0.000583488447301,0.000160063745314,-0
2021-10-26,0.000388718886585,0.000275297740202,-0.000302103021404,0.00025598479543,8.43079531793e-05,0.000129912882213,-0.000626623541987,0.000136736780244,-0
2021-10-27,-0.00191432744975,-0.000770552817967,-0.000232950115742,0.000463148738798,0.000385185676961,0.000176065883038,0.000220497249334,-0.00042373097806,-0
2021-10-28,0.00415957435218,0.00146157717249,-4.32318157085e-05,-0.000109916363831,-0.000180936152255,-0.000326821430197,-2.00838378154e-05,0.000693984219316,-0
2021-10-29,0.000878125438029,-0.00106944744453,-0.000550276849781,-3.64517329471e-05,2.99897414712e-05,-9.49157336029e-05,-0.000714098385496,-0.000562967278933,-0
2021-11-01,0.000747648108525,0.00134650217404,0.000422195493981,-8.53369753816e-05,-5.40010507533e-06,-0.000146553581607,0.000435377254285,0.000245680765629,-0
2021-11-02,0.00175500325006,-0.000328753792025,-0.000463903227342,0.000279521690179,0.000167911388701,0.000146700291194,-0.000179622558972,0.000235886507132,-0
2021-11-03,0.00265655980251,0.000984722032221,0.000317349294221,-0.000279071619226,-0.000215562793323,-5.16952340954e-05,-0.000692424474769,0.000167574412661,-0
2021-11-04,0.0020571142551,-0.000109097194017,-9.4072278097e-05,0.000459840944516,0.000370165188939,0.000243389878899,0.000933815451513,-0.000474173615716,-0
2021-11-05,0.0015165438756,0.000299010607511,1.70459720751e-05,0.000542587156492,0.00037486055647,0.000128429679273,0.00108413094267,0.000252036162497,-0
2021-11-08,0.000372822495763,8.12225158418e-05,0.000449843077504,-0.000252136007725,-0.000296254481657,0.000122194035104,0.00030070514576,-4.03315083173e-05,-0
2021-11-09,-0.00144377745676,-0.000351632445593,-0.000101771471265,0.00038393056345,0.000313787936908,0.000215827004125,0.000413778159606,8.50865730436e-05,-0
2021-11-10,-0.00350428994059,-0.00181320980204,-0.000118794724862,-0.000936339241715,-0.00058643543751,-0.000113638722338,0.00091667173879,-0.000228509570267,-0
2021-11-11,0.000140659727144,0.000490257649455,0.000751517993027,-0.000253757095686,-0.000220563914475,-5.7185778642e-06,0.000481121426591,8.11649736518e-05,-0
2021-11-12,0.00327820751713,0.00097906915577,3.41084046766e-05,-2.41092833014e-05,0.000142888845989,-5.72076426454e-06,0.000163441797267,-3.60261276865e-05,-0
2021-11-15,0.000149129548916,-0.000243647985158,-8.48938325432e-05,-0.00050446409014,-0.000266704611146,5.69495552598e-06,-0.000133123185332,0.000345166365717,-0
2021-11-16,0.00172617245783,-0.000325146428937,-1.69859549358e-05,-4.80254361624e-05,-5.92947566443e-05,-5.40432221814e-05,-0.000621684589963,-0.000327474553651,-0
2021-11-17,-0.00106340937179,-0.000352100454609,-0.000161363791867,0.000324447435617,0.000243064160581,7.3923983074e-05,0.000779363872255,0.00015249036855,-0
2021-11-18,0.00148312948244,0.000108340843724,-0.000526572848488,0.00012012296115,4.15130473e-05,2.27562277185e-05,-0.000276229698767,8.95758387195e-06,-0
2021-11-19,-0.000782752476334,-0.00108239371261,-7.63599761629e-05,0.00026406302367,0.000183616501993,-6.81885866138e-05,-0.00065540567801,-0.000291211677802,-0
2021-11-22,-0.00123318533988,-0.000759595592405,-0.00045082347136,-0.000661893508846,-0.000498792777083,-0.000299033242926,-0.00191187384444,-0.000242545698117,-0
2021-11-23,0.000582766135244,-0.000245646375225,4.27851519996e-05,-0.000544789465602,-0.000280760820674,-0.000143262752167,-0.000725675587257,0.000397670802502,-0
2021-11-24,0.00117599516976,-0.00073757899154,-5.13839948249e-05,0.000315084679252,0.000209278248778,0.000114715385752,-7.96005330079e-05,0.000601560300567,-0
2021-11-26,-0.00983495454462,-0.00381864775232,-0.00126576762084,0.00098009521887,0.000877617472737,0.000183268852091,-0.000134109748122,-0.00139547154583,-0
2021-11-29,0.00536589147619,0.000664202418652,6.0733534725e-05,7.35886354306e-05,-0.000157473771807,-8.71566598663e-05,-0.000115921942983,0.000366566401178,-0
2021-11-30,-0.00856304550456,-0.00134779272079,6.9002085457e-05,0.000231899438488,0.000415381836602,3.46339279287e-05,-0.000560998436507,-0.000938119985419,-0
2021-12-01,-0.00484465278525,-0.000722841637533,-2.61560112617e-05,2.70834178837e-05,0.000132765246584,-0.000118065278843,0.000334153394135,-0.000810137455293,-0
2021-12-02,0.00664647969649,0.00192993817061,0.000508664164227,-2.48395223321e-05,-0.000153145547462,0.000111726008743,-0.000468610784204,0.0014587458383,-0
2021-12-03,-0.00379573646555,-0.000692271560514,-0.000599135024642,0.000565934468056,0.000412478995059,7.86194278914e-05,0.000700994644068,-0.000165067299656,-0
2021-12-06,0.00513933919121,0.00133389471606,0.0002788283181,-0.000493791454118,-0.00035307446933,-0.000172381242787,-0.000207495168057,0.000869635614448,-0
2021-12-07,0.00902451190422,0.00298225662515,0.000623405983896,-0.000220815097967,-0.000266141296383,6.09577627848e-05,0.000296688775867,0.000722364819359,-0
2021-12-08,0.00116387451753,0.000190732047446,0.000256351207281,-0.000363225813868,-0.000220857233697,-6.30298605363e-05,4.46654280392e-05,0.000360991803896,-0
2021-12-09,-0.00297118204203,-0.00122470678836,-0.00021333699204,1.21499100501e-05,0.000172860276847,-0.000151647554308,-0.000505531004631,-0.000729992366187,-0
2021-12-10,0.00413781486709,0.000191606921173,7.72331918112e-05,3.64699589101e-05,4.79640508949e-05,-2.88518339669e-06,0.000348893040412,0.000154070814378,-0
2021-12-13,-0.00391091969025,-0.00141610805233,-0.000657510949133,0.000483836663094,0.000328119808473,3.72313115121e-05,0.000208296183074,0.000468939816218,-0
2021-12-14,-0.00302398547095,-0.000711255175067,-9.43513044036e-05,-0.000267338899817,-0.000119851569468,-0.000117924388847,-0.000777138270997,-0.000647675479811,-0
2021-12-15,0.00686003044169,0.00170585185543,-0.000155289507179,-0.000109932659033,-0.00010246772475,3.18191845316e-05,0.000355742750849,0.000706088432006,-0
2021-12-16,-0.00389600625054,2.72289443723e-05,0.000111126057648,0.00019030677818,0.000200836973259,7.66940413208e-05,0.000997847885346,-1.80553945202e-05,-0
2021-12-17,-0.00467139938203,-0.00161208736555,-0.000291294565102,0.000170086917983,0.000155735913125,2.90156566429e-06,-0.00017913225821,-6.33318119081e-05,-0
2021-12-20,-0.00464764159606,-0.000673087948898,-0.000585199464811,-0.000207877486558,-6.02846791701e-05,-2.0355592897e-05,-0.000355598671574,-0.000396159418013,-0
2021-12-21,0.00773331348529,0.00174369098535,0.000710304150101,-0.000110875180703,-0.000279326840439,8.20187620861e-05,-3.52999189684e-05,0.000573174351723,-0
2021-12-22,0.00438566522355,0.00141951649773,0.000234332136182,0.000121935482278,6.6128012852e-05,0.000118883703046,0.000783649231582,0.000521868291866,-0
2021-12-23,0.00273551567871,0.000856310736294,0.000249779329575,-0.00016936562246,-0.000143143728835,-8.34426455554e-05,0.000188236079776,-5.4034995532e-05,-0
2021-12-27,0.00623840055767,0.00107340467224,0.000137318096893,7.23510426544e-05,2.37888866667e-05,0.000123284960359,0.000197430898516,0.000862000042466,-0
2021-12-28,-0.000362216043342,0,-0.000144642041296,-5.98261918754e-05,-1.18098247783e-05,-2.27457313008e-05,-0.000357197169519,0.000188617159856,-0
2021-12-29,0.000566933028878,-2.72895087941e-05,-0.000178801922652,-0.000406522724671,-0.000347818510693,3.12906742603e-05,-2.44860458581e-05,0.000346027395275,-0
2021-12-30,-0.00122670768045,-0.000327678852814,0.000536435046164,0.000298944840117,0.000224034995586,0.000190591661815,0.000592553530299,0.000224709272609,-0
2021-12-31,-0.00111469675383,-5.46010906041e-05,-0.000110626671489,-4.78130831364e-05,-7.66010969141e-05,-4.5486776799e-05,0.000567775286425,0.000143740542549,-0
2022-01-03,0.00255624591397,0.000846738770552,0.00029808263269,-0.000932867097871,-0.000631023445563,-0.000210550365678,-0.00128823306444,-0.000409061346183,-0
2022-01-04,-0.000148695901668,0.000518819059432,-0.000170293346062,-1.19941955445e-05,-3.53743745072e-05,-0.000139390678089,0.000607242150838,-6.29107846703e-05,-0
2022-01-05,-0.00851721072063,-0.00122816666728,-0.000629753385203,-0.000418309592693,-0.000282837341977,-0.000295674627493,-0.000249617358829,-0.00147775099448,-0
2022-01-06,-0.000414087542953,-0.000774306249118,0.000241445110146,-0.000145325319048,-0.000167171307781,-0.000158439661101,-0.0010265769873,4.55019834881e-05,-0
2022-01-07,-0.00174533146054,0.000582132256988,0.00021609696342,-0.00040055125935,-0.00022147827038,-4.33082288848e-05,0.000377812570655,-0.000337598952071,-0
2022-01-10,-0.000548058774779,-0.0013049323836,8.65703479708e-05,-0.000121601348703,-1.7980655903e-05,4.62798549546e-05,0.000253930457659,-0.000292443146337,-0
2022-01-11,0.00401395703746,0.00166907280944,0.000832690888387,0.000255785163632,0.000162165650069,0.000254991417655,0.0010126753775,7.78318875165e-05,-0
2022-01-12,0.00119243097896,0.00151737509793,0.000662410951882,0,1.19095239696e-05,-0.000235663656533,0.000222647576932,5.90234081549e-05,-0
2022-01-13,-0.00607268755154,-0.00101731272935,-0.000548685682412,0.000240849134736,0.00021372817844,8.59934878634e-06,-0.000285980159449,-9.95526272134e-05,-0
2022-01-14,0.000179120772891,-0.000332450657954,8.63818699905e-05,-0.000764285752725,-0.000466574781491,-0.000164500131591,-0.000243446583436,-0.000455950716814,-0
2022-01-18,-0.00777636009873,-0.00208231493032,-0.000649301695496,-0.000826752123357,-0.000509525592064,-0.000173537487044,-0.000139411534158,-0.000525462263499,-0
2022-01-19,-0.00453621953375,-2.81034331611e-05,0.000175377442503,0.000295530156116,0.000163929051501,-7.61515056694e-05,0.00135655835544,-0.000675694676855,-0
2022-01-20,-0.00480092821022,-0.000902903202218,0.000272734130012,7.41123890543e-05,0.000146187582541,4.40848846084e-05,-0.000217574809824,-0.000636151182768,-0
2022-01-21,-0.00847207250815,-0.0019586460332,-0.000699246134618,0.000546920140976,0.000398378527049,0.000230632061697,-0.000285062981049,-0.000121454969463,-0
2022-01-24,0.00181553167039,-0.00157754016003,-0.000590277850989,-0.000163248210878,-6.19302170281e-05,8.66467071608e-05,0.000483511348631,9.4409321838e-05,-0
2022-01-25,-0.00524136232084,-0.000745688846126,-8.94329989733e-06,-0.000138174760501,-9.28899823957e-05,-6.57188929239e-05,0.000282881771554,-0.000198250543233,-0
2022-01-26,-0.00107055157956,-0.000663809935306,-0.000458929965962,-0.000796120710989,-0.00049848224642,-0.000240501237143,-0.00144394271872,-0.00077892382056,-0
2022-01-27,-0.00211431150037,-0.000929000767107,-0.000389273004974,0.000470355875149,0.000294610935516,0.000154235990558,-0.00114019288488,-0.00081703583549,-0
2022-01-28,0.0106292604398,0.000641548988508,7.27495959545e-05,0.000102140104745,0.000163704333336,0.000133659317028,-0.000261488547442,0.00157902442893,-0
2022-01-31,0.0077982000922,0.00221660542507,0.00138231607215,-1.25986743015e-05,0,0.000101965158233,0.000511067370916,0.000611134177401,-0
2022-02-01,0.00294116840985,0.00139299974749,0.000257056569976,-4.86067073354e-05,-9.3397074796e-05,-0.000243974194553,7.13726358837e-05,-0.000177777355961,-0
2022-02-02,0.0042394359441,0.00113247640692,-7.9448787481e-05,0.000148947727935,0.000140763250264,4.14386567609e-05,0.000309712973021,0.000629024950941,-0
2022-02-03,-0.0102903501804,-0.00225022327196,-0.000368356618631,-0.000555042176025,-0.000291795315201,-0.00023229066572,-0.00012105480018,-0.000527713300041,-0
2022-02-04,0.00204006762342,0.000371096812405,2.67036915698e-05,-0.000876230304925,-0.000530549330407,-0.000214837527037,0.000133093329738,-0.000493281985486,-0
2022-02-07,-0.00139829017237,0.000256819141457,0,0.000125109096393,1.85051369534e-05,-1.49076275256e-05,0.000639593602264,-7.0423796284e-05,-0
2022-02-08,0.00357496248046,0.000685079936067,0.000400527057167,-0.000425600039658,-0.000222072684799,-4.77441160615e-05,0.000266191205639,-0.000230202913473,-0
2022-02-09,0.00638598865994,0.00224609390647,0.000656026918936,8.72470976677e-05,9.21597182356e-05,7.13334848212e-05,0.000295720852599,0.00110427056866,-0
2022-02-10,-0.00786739583597,-0.00165930987603,-0.000245544420371,-0.00125795129134,-0.000619962159207,-0.000291050577692,-0.000327828854213,-0.00116637776721,-0
2022-02-11,-0.00859540728775,-0.00196695841794,-0.000693310658048,0.000900049064365,0.000702320592853,0.000327786315684,0.00166144337483,-0.000445699785705,-0
2022-02-14,-0.00140851472808,-0.000833487179244,-0.000331571850681,-0.00080655726038,-0.000478247743573,-9.91420928598e-05,0.000479319643458,-0.00044459687643,-0
2022-02-15,0.00695208477129,0.00233710967577,0.00100762222214,-0.000227818998427,-0.000205776832819,-0.00015381775427,-0.000858923766233,0.000436846964996,-0
2022-02-16,0.000486418070957,0.000600350103626,0.000338732802937,0.000163041854212,0.000142082391416,7.17197136706e-05,0.000912536949053,0.000225839957446,-0
2022-02-17,-0.0092542070747,-0.00216631018668,-0.00058659339622,0.000287479478522,0.000363459590249,8.34267543703e-05,0.00122166822645,-0.000516013190935,-0
2022-02-18,-0.00277444035962,-0.000749008800073,-0.000350333699102,0.000290538436118,0.000224140465802,0.000123464094172,-6.7162801199e-05,-0.000293950231974,-0
2022-02-22,-0.00458518883223,-0.0014745183876,-0.000694157374454,-0.000152126039518,-6.25413825345e-06,0.000114842323199,0.000191843860769,-0.000176044709964,-0
2022-02-23,-0.00754874075463,-0.00130994931126,-0.000408449666295,-0.00062550172608,-0.000364876554938,2.73908463087e-05,0.000417611652309,-0.000804835539918,-0
2022-02-24,0.00635804233695,-0.00182417505451,-0.00089906983781,0.000258064038971,0.000165311288704,0.000156853289337,-0.000606764960865,0.000813472462627,-0
2022-02-25,0.00942057803776,0.00348580346874,0.000803770675906,0.000141249446667,-1.89867392931e-05,-3.3686446445e-05,-0.000309926115271,0.00118108655601,-0
2022-02-28,-0.0011003803392,-0.00196306771035,-0.000495089758021,0.00100012818284,0.000786135032616,0.000654835158969,0.000947404860436,-0.000736416681114,-0
2022-03-01,-0.00653927407987,-0.00271615615128,-0.000585645184718,0.000788014531471,0.000681880544701,0.000275055674092,0.00167888763552,-0.000256783034499,-0
2022-03-02,0.00783065499228,0.00165810380972,0.000136057547025,-0.00169902809276,-0.00106967150916,-0.00025284338775,-0.000985933898927,0.000914377531739,-0
2022-03-03,-0.00214413354339,-0.00216755500015,-0.000594758080654,0.00046962505505,0.000300066390506,-4.53879187563e-05,0.000554556015954,0.00040428999909,-0
2022-03-04,-0.0034930457218,-0.00347927233949,-0.000795580431791,0.00056023069358,0.000696123113952,0.000294514889922,0.00149744787788,0.000229041513947,-0
2022-03-07,-0.0126275239467,-0.0039027118843,-0.00147119663686,-0.00081855781036,-0.00030237231556,0.000210437782983,0.00142586955207,-0.000996994653348,-0
2022-03-08,-0.00321117359628,0.000801205562662,0.000175800097355,-0.000508305699215,-0.000468535296178,0.000192665507353,0.00271385720695,-0.00024415570528,-0
2022-03-09,0.0112758296797,0.00504721279382,0.00103683940921,-0.000299811176201,-0.00044315456142,-0.000397969792082,-0.00302947394807,0.000772005626084,-0
2022-03-10,-0.00192318503363,-0.001522613147,-0.000639099824135,-0.000784415623096,-0.000323020872805,-8.58544897196e-05,0.000304545661659,0.000125279421641,-0
2022-03-11,-0.00541716346994,-0.00126520727873,-0.000834887210977,-2.58584237526e-05,-1.9099770603e-05,0.000277304734876,-0.000691219056976,-0.000401906449853,-0
2022-03-14,-0.00310009503996,0.000860464950602,-0.000971467293393,-0.00136823929332,-0.000898525412744,-0.000441216909402,-0.00148457532483,-0.000395554030219,-0
2022-03-15,0.00933258922596,0.00119621449275,-1.86381101049e-05,0.000315194685785,-3.23561493102e-05,-0.000297513427408,-0.00182875007041,0.00033959770858,-0
2022-03-16,0.00953175380858,0.00459392072365,0.00307743116934,0.000104072802032,-9.62020199881e-05,-0.000226565078587,0.000595280622063,0.000599957760377,-0
2022-03-17,0.00539888415452,0.00125173081329,-0.00030860379203,0.000230182748118,-0.000132203323935,0.000521258749407,0.000459373867076,0.000776078452138,-0
2022-03-18,0.00474682934025,0.00118374450399,0.000648206141659,0.000304298024824,0.000199868073035,-0.00011792410615,-0.000823250598678,0,-0
2022-03-21,-0.000127329330917,-0.000738740725908,-0.000525868268662,-0.00133585867864,-0.000881435308455,-0.000336553930533,0.000705010801251,-0.000306965544809,-0
2022-03-22,0.00511210347947,0.00126933178601,0.000639404694346,-0.000366739244314,-0.000367535439091,-0.000174916959645,-0.000676535735674,0.000127954776099,-0
2022-03-23,-0.00566073301913,-0.0017500456172,-0.000286585442938,0.000553360590779,0.000446048676356,0.000470845368128,0.00125827765621,-0.000560627254174,-0
2022-03-24,0.00657699676013,0.00109623108414,0.000252152616747,-0.000303493833434,-0.000373774917929,-0.000235217688524,0.000681703242399,0.000314511439239,-0
2022-03-25,0.00214568190717,0.00020033578223,-0.000321617540865,-0.00106653312586,-0.000679777418348,-0.000257287437035,-0.000384251724739,0.000619310484335,-0
2022-03-28,0.00313957291742,-0.000429175788145,0.000133970428307,0.000326151795667,0.000148281910738,-4.18805825601e-05,-0.00170052295659,0.000534083833041,-0
2022-03-29,0.00548762510058,0.00268381743631,0.000632813009953,0.000625892332666,0.000326755330186,-0.000134307765507,4.08910045514e-05,0.00148564715471,-0
2022-03-30,-0.0027423785866,-0.000508232489302,-5.2880290704e-05,0.000358985196696,0.000256091641335,0.00018005640282,0.000727906951746,-0.000373152222538,-0
2022-03-31,-0.00680816551396,-0.00212231921272,-0.000671368156726,-6.20593167508e-05,0.000122184534032,-0.000118330036256,3.54566544434e-05,-0.000626368912836,-0
2022-04-01,0.00124708579216,0.00120079820426,0.000785427691909,-0.000238507620468,-0.000432034044252,-0.000205154929709,-0.000588598831853,0.00099652731183,-0
2022-04-04,0.00376996072376,0.000598718311215,0.000729834811499,0.000112679823849,-4.31306065871e-05,-2.69911523688e-05,0.000444059609899,-0.00025433945898,-0
2022-04-05,-0.00557663327443,-0.00164487721131,-0.000743683192454,-0.00134483245734,-0.000778618865393,-0.000265562987156,-0.000573706709367,-0.000252982260867,-0
2022-04-06,-0.00440813448737,-0.00177824429647,-0.000465569184791,-0.000340015347229,-0.000229415198677,-0.000162942474353,0.000215648291763,0.000615920447117,-0
2022-04-07,0.0022136781338,0.000144365129013,-0.000306438044832,-0.000291499130587,-0.00016227387237,-4.86117678483e-05,0.000351445550485,-0.000524598690735,-0
2022-04-08,-0.00117899533093,-2.8838393055e-05,8.10033287216e-05,-0.000670889092894,-0.000330321971652,6.67348993115e-05,0.000583226067623,8.57240347239e-05,-0
2022-04-11,-0.00752664267841,-0.00144353867232,-0.000522732676938,-0.000570485768271,-0.000312057227694,-6.37948175579e-05,0.000465158846579,-0.000562760934432,-0
2022-04-12,-0.00162084852631,-0.000904514868602,-0.00016395618711,0.00042280828247,0.000315380344314,-3.06543006688e-06,0.000731295622162,-7.71135653176e-05,-0
2022-04-13,0.00499819162323,0.00160691792092,0.000446904167745,0.000269371546122,0.000145274644385,-7.07025102999e-05,0.000460261454525,0.000371613318962,-0
2022-04-14,-0.0054511138508,-0.000666530195007,-0.000452301250169,-0.00108145570552,-0.000588849272072,-3.04713436511e-06,-0.000316445294214,-0.00022498220063,-0
2022-04-18,0.000179355043829,-0.000584658658493,-0.000173409211499,-0.000410703708965,-0.00018961282491,-1.23021334946e-05,0.000298318936572,-0.000212488567271,-0
2022-04-19,0.00705143672788,0.000614593401333,-0.000210126670877,-0.000809633003867,-0.000430216213343,-0.000184747389151,-0.00146178641978,0.00114096231725,-0
2022-04-20,-0.000327301664125,0.00101852314413,-0.000263452463968,0.000753871612513,0.000503265794503,0.000272484732144,0.000463657721446,0.000884511357079,-0
2022-04-21,-0.00657316587697,-0.00162425776642,-0.000733414142701,-0.000725884332762,-0.000357378219015,0.000146490563799,-0.000337515748932,-0.000373721211443,-0
2022-04-22,-0.0120081676565,-0.00252112077418,-0.00032029229835,-0.000128720208167,3.16516865744e-05,-0.000148056834358,-0.00092889728243,-0.00094913281287,-0
2022-04-25,0.0025101935933,-0.000805128762492,-0.000418932524016,0.000903382853277,0.000425506476566,-2.82252179161e-05,-0.00172970290931,-0.000137934689757,-0
2022-04-26,-0.0126027793059,-0.00369517772609,-0.000809328414074,0.000418748094786,0.000444505713013,8.15039639484e-05,0.000144041036083,-0.000886065860679,-0
2022-04-27,0.00120857691433,0.000606261381883,0.000558290591714,-0.000558975833751,-0.000380059873649,-6.37778638202e-05,-0.000727157473597,-0.000355514519051,-0
2022-04-28,0.0108847089799,0.0021212185072,0.000529752306858,-5.31956062759e-05,-9.82609833322e-05,0.000219994913403,0.000515367729954,0.000986149553116,-0
2022-04-29,-0.0160841177793,-0.00170155667497,2.79635991121e-05,-0.000812694882137,-0.000354968780323,-0.000317238257118,-1.06825539489e-05,-0.00246565766471,-0
2022-05-02,0.00257899975685,-0.000457759294942,-8.57407808111e-05,-0.00075025495585,-0.000505268266928,-0.000563638376779,-0.00179181749283,-0.00126524206938,-0
2022-05-03,0.0019814991247,0.00110168247899,0.000315257609146,0.00030957370706,7.94984779927e-05,0.00013951824702,0.000252002772894,0.000636960033402,-0
2022-05-04,0.0131603159064,0.00234505661292,0.000408816553616,0.000884125188515,0.000435046941379,0.000300337421294,0.000932323931861,0.000593641858173,-0
2022-05-05,-0.01553166104,-0.00436330660969,-0.00149273050615,-0.00134076010085,-0.000666242593089,-0.000399284395069,-0.000358461914953,-0.00136751685616,-0
2022-05-06,-0.00258148830206,-0.0012267658996,-0.000555278828562,-0.000580088811382,-0.000385009531008,-0.000100803044208,0.000159215154204,-0.000607922043188,-0
2022-05-09,-0.0138458815065,-0.00419553455049,-0.00108826004464,0.000678483265363,0.000500784144606,-0.000150476626417,-0.0014027794789,-0.00224227261011,-0
2022-05-10,0.000988679442038,0.000662221471707,0.000167369072898,0.000429969089268,0.000232060252435,-0.000177229782732,-0.000824252035073,-0.000906426249673,-0
2022-05-11,-0.00680963700396,-0.000693396371167,-0.000285332431186,0.000526755380402,0.000429794998576,0.000474556869836,0.000789928049928,-0.000104135739908,-0
2022-05-12,-0.000442919311379,-0.000507129347976,-0.00019791054611,0.000264948259127,0.000233262496172,-0.000171405997411,-0.00150374477718,0.000382233319915,-0
2022-05-13,0.0101520001331,0.00377928624483,0.000991444184688,-0.000614678754092,-0.00037121292023,0.000205411158408,-0.000784606479455,0.00130632271125,-0
2022-05-16,-0.00173861512585,0.000187837837403,-8.79417875352e-05,0.000316695318946,0.000291325510883,1.32847047216e-05,0.000902142349232,-0.000315397944262,-0
2022-05-17,0.00878239533836,0.00263031492683,0.00092864115275,-0.000771294315182,-0.000528639055081,-0.000199225075541,-0.000599814091371,0.000677625869145,-0
2022-05-18,-0.0173751234253,-0.00328339528303,-0.000889602972496,0.000558570641524,0.000489395449798,0.000269330591334,4.99050108181e-05,-0.00144805897947,-0
2022-05-19,-0.00258951723721,0.00142474515441,0.000593007509899,0.000362058019291,0.000253546855877,-0.000141003244558,0.00141128927475,-0.000219653697378,-0
2022-05-20,0.000183333500877,0.000790616697059,0.000157966764422,0.000431206415031,0.000328554927329,1.67604265396e-05,6.79366685945e-05,0.00031345747786,-0
2022-05-23,0.00783880622652,0.00239804836343,0.000295502942136,-0.000471887105249,-0.000430244665976,-0.000140503240086,0.000451896514008,0.000573336932798,-0
2022-05-24,-0.0032241953453,-0.000499624901562,-0.000740817787001,0.00108502044394,0.000601491739282,0.000211880993919,0.000726689648209,0.000417813720898,-0
2022-05-25,0.00370834748062,-6.25283549278e-05,0.000224516190267,0.000591404381031,0.000142134611555,3.31582921235e-05,-0.000587777634846,0.000423555026252,-0
2022-05-26,0.00842335382377,0.00152538180375,0.000612232754544,-0.000109525443272,-3.36888965341e-05,0.000161741164002,-0.00017833813833,6.17123519277e-05,-0
2022-05-27,0.0104464816917,0.00172523287834,0.000442395666368,0.000230351253544,0.0001000201914,0.000124143324101,4.96435026881e-05,0.0013333519151,-0
2022-05-31,-0.00241151686467,-0.000637734245948,0.000568822894639,-0.000881587925831,-0.00071646868544,-0.000273716213054,-0.000929673445214,-0.000617055335214,-0
2022-06-01,-0.00347725328248,-0.00125249299023,-0.000276568739253,-0.00057079148566,-0.000384638066064,-0.000158271016384,0.000596110961827,-0.000413803586233,-0
2022-06-02,0.00816903656909,0.00291946030298,0.000748305112167,0.000176051033828,9.98962466506e-05,0.000178005127076,0.00116634345317,0.000685342210674,-0
2022-06-03,-0.00707398546238,-0.00215151615853,-0.000652725282001,-0.000226980877899,-0.000131331765928,0.000221029254044,-0.000960204698133,-0.000665773604179,-0
2022-06-06,0.00130616546261,0.000521240114376,0.000229705580856,-0.000851088430768,-0.000511628919728,-0.000253236400134,-0.000417143478698,-0.000157008435004,-0
2022-06-07,0.00412760101631,0.000337248451782,0.000210603656682,0.000526920042082,0.000272455397626,9.20971492057e-05,0.000614821289135,0.000683840341537,-0
2022-06-08,-0.00469109971067,-0.00173592366757,0.000152111692596,-0.000563590368158,-0.000250821489363,-9.47296938023e-05,-8.7235085864e-05,-0.0011520700959,-0
2022-06-09,-0.0102365499839,-0.00288703478715,-0.000910862439244,-0.000148894148866,-5.98910249204e-05,-6.58232027486e-06,-0.000302412739052,-0.00116693034189,-0
2022-06-10,-0.0123779741901,-0.003182828711,-0.000331189768199,-0.00108620693709,-0.000676239796231,-0.000174066836308,0.00129040926093,-0.00108244751599,-0
2022-06-13,-0.0160205719436,-0.00466929047899,-0.00137830945083,-0.00232333383639,-0.00123214958507,-0.000671209373752,-0.00262142635703,-0.0024293943354,-0
2022-06-14,-0.00126277941303,-0.001246037063,0.000614199072273,-0.000852559341311,-0.000561414730067,-0.000555755572959,-0.000798366108043,-0.00036292933722,-0
2022-06-15,0.0059863602863,0.00240584919861,0.000637878271935,0.0015974541819,0.000978479156448,0.000555024837706,0.00129801003996,0.00112694241938,-0
2022-06-16,-0.0138927941388,-0.00328082136996,-0.00134867393016,0.000343549105057,0.000457586808277,-0.000118468539776,0.00111652364117,-0.00126100036873,-0
2022-06-17,0.000891038544114,-0.000463108282459,0.000185867628464,-1.45815552811e-05,2.1504992023e-05,2.12862952574e-05,-0.000840884549806,0.00036064842797,-0
2022-06-21,0.0104253571575,0.00207751692025,0.000682323247351,-0.000582921644869,-0.00037269922981,-0.000141904600081,-0.000378929046976,0.000666522648158,-0
2022-06-22,-0.000760413646991,-0.00125774074755,-0.000708915846895,0.00122352013152,0.000892043280135,0.000231280744823,0.000397686681618,0.000609816648323,-0
2022-06-23,0.00410096198725,-0.000496155231668,0.000205362301922,0.000604282929394,0.000403319406477,0.000119085027267,-0.000613698463013,0.000922677066751,-0
2022-06-24,0.013361268154,0.00394858534402,0.000898835341707,-0.000229018683619,-0.000253387641898,3.83071483615e-05,-9.88408417989e-05,0.00104744403059,-0
2022-06-27,-0.00162573975785,-0.000258410905806,3.00859070452e-05,-0.000632123736664,-0.000393814120741,-0.000283846606793,-0.000108442480435,-7.42105345702e-05,-0
2022-06-28,-0.00869308273931,-0.000712988119227,-0.000281687932276,5.63791150693e-05,9.01113247168e-05,-0.00013725363404,-0.000160343811932,-0.000600908713371,-0
2022-06-29,-0.00034286477548,-0.000818758243549,-0.00011182666541,0.000826109026196,0.000567424778265,-6.93400377566e-05,-7.52250565432e-05,-0.000306315982939,-0
2022-06-30,-0.00341992374606,-0.000753518156347,-0.000183057661168,0.000655416773046,0.000546608410885,-3.46845742094e-05,-0.000596258018221,-9.13827510006e-05,-0
2022-07-01,0.0044330755276,0.000295989509492,-0.000255227887083,0.00121235618088,0.000771528287851,0.000638660907661,-8.13599380837e-05,0.000885048110447,-0
2022-07-05,0.000793696431758,-0.00287159945512,-0.000334278409175,0.000270087071617,0.00026561650622,-0.000111116689388,-0.00205842998011,-0.000139223202857,-0
2022-07-06,0.0014280413477,0,-0.000284795878884,-0.000985098915743,-0.000617765824642,-0.00036261000674,-0.00151122470473,-9.13970034985e-05,-0
2022-07-07,0.00636951637297,0.00213515569848,0.00086669408439,-0.000329139071766,-0.000443311929813,-6.29129869111e-05,5.22357279756e-05,0.000134743562517,-0
2022-07-08,-0.00035205843139,0.00032562218882,-0.000101069891583,-0.000539199271966,-0.000432543798245,-4.15752102331e-05,4.02823109179e-05,-0.00026181824227,-0
2022-07-11,-0.00489092362274,-0.00221734448805,-0.00104259109247,0.000667764715996,0.000558871308637,6.24478918813e-05,-0.000501288105395,-0.000107017212527,-0
2022-07-12,-0.00377371830023,-0.00013141953969,-0.000152976357338,0.000200405144734,0.000168922022504,-1.3970418694e-05,-0.000348308428548,-0.000194062192362,-0
2022-07-13,-0.00222916252254,-0.000164967641888,-0.00012289660486,0.000531860047882,0.000311024150448,0.000207118361455,0.00044891080146,-0.000238200489767,-0
2022-07-14,-0.0010266945386,-0.00194910104128,-0.000276886318054,-0.000518129832985,-0.000403406192455,-9.84173131975e-05,-0.00132507221711,-0.000444495832085,-0
2022-07-15,0.00810650727758,0.0019941222138,0.000144442114155,0.000579226592087,0.00024918855574,0.000233399688244,-0.000187933779256,0.000834395926412,-0
2022-07-18,-0.00352822152334,0.000821152431516,0.000193709273364,-0.00047226404123,-0.000211094689637,-5.24183820262e-05,8.70567003803e-05,-0.000350298889688,-0
2022-07-19,0.0114905263415,0.0034278013242,0.00058316728051,-0.000201023560135,-0.000331829889041,-4.20831356528e-05,0.000221301453854,0.00127633741113,-0
2022-07-20,0.00273863133193,-0.000648556952609,-0.000171110732498,-9.8887630127e-05,-6.94759769398e-05,-3.45010765167e-05,-0.000859466181738,-0.000117067678739,-0
2022-07-21,0.00440050375412,0.00149055063449,0.000502922909569,0.00120002344912,0.000805213184348,0.000244783627835,0.00127680174043,0.000393449638103,-0
2022-07-22,-0.00400880434468,-0.00044900917915,-0.000418139482663,0.001117950197,0.000810749298777,0.000331023559821,0.000226680076083,0.000257862975387,-0
2022-07-25,0.00052111582258,0.00109278627562,0.000189562631201,-0.000532101077138,-0.000254771869806,-7.52341505569e-05,-0.000249885950673,8.43911611208e-05,-0
2022-07-26,-0.00507738670532,-0.00183058784969,-0.00038879831124,-2.80091039157e-05,2.75503922365e-05,0,-0.000107822429262,5.26880434569e-05,-0
2022-07-27,0.0110935456171,0.00304121628155,0.000803437730701,0.000507460172279,0.000145515425053,0.000254743699119,0.000931845097165,0.000302596379797,-0
2022-07-28,0.00540532797205,0.000858909441887,0.000128363950653,0.00102563126815,0.000701912541351,0.00040277868282,0.00110730190272,0.0016128544293,-0
2022-07-29,0.00629092610872,0.00179303151024,-0.000185515507718,1.36623838242e-05,2.69552710646e-05,0.000197476398865,0.000255686712019,0.000273560500065,-0
2022-08-01,-0.0012853423294,0,-0.000242034920983,0.000490165172051,0.000410934863707,1.80945563891e-05,0.000512479181512,-0.000409376329059,-0
2022-08-02,-0.00285641781783,-0.00209055552654,-0.000232444389851,-0.00145743334016,-0.000977630557961,-0.000462671973567,-0.000540306622329,-0.000645091567455,-0
2022-08-03,0.00679835330592,0.0009448152083,0.000215078099053,0.000632392318477,0.000290627793072,0.000206431634257,0.000222592687904,0.000160189764873,-0
2022-08-04,-0.000295114658635,0.000655164562806,0.000329268541169,0.000340529256992,0.000354856922038,-6.71100947739e-06,0.0014994535079,-7.67838453465e-05,-0
2022-08-05,-0.000735658285323,-0.000933310474541,-9.6594163604e-06,-0.00157544942633,-0.00101483365903,-0.000391119953876,-0.00103349473927,0.0001378332588,-0
2022-08-08,-0.000507311535862,0.000406697157216,8.74077916164e-05,0.000641872495517,0.000409547918872,0.000265571128342,0.000773926473698,0.000446605962524,-0
2022-08-09,-0.00172881106564,-0.000811373162448,-8.71877021834e-05,-0.000313351315555,-0.000207616405364,-0.000110662805358,0.000281215600552,0.000276499303624,-0
2022-08-10,0.00913294508535,0.00316042854892,0.000505079118113,0.000355128481629,4.03172444034e-05,-6.72411953574e-05,-0.000232218090734,0.000770150540413,-0
2022-08-11,0,0,0.000191650795768,-0.000741118809345,-0.000457109683566,-0.000129361056711,-0.000239999017409,-0.000121555256362,-0
2022-08-12,0.0074255230044,0.00111291570009,0.000422254098373,0.000620834862952,0.000272016907945,0.000149487955548,0.000835788328616,0.000872509268877,-0
2022-08-15,0.0018167343794,-0.000947274329754,-0.000151778872462,0.000173372996598,0.000216377472808,-3.93985544609e-05,-0.00116627246855,0.000205567381212,-0
2022-08-16,0.000867161883035,0.000122220083486,1.89811217634e-05,-0.000200072473819,-7.86438592013e-05,9.84426896879e-06,-0.000156571527662,-0.000135365105455,-0
2022-08-17,-0.00314670478477,-0.00113001024595,-9.48179207245e-05,-0.000813231795123,-0.000458800463213,-0.000114856859874,-0.000577415216991,-0.000305674413526,-0
2022-08-18,0.00128781965761,-0.000430437684291,-0.000257673260669,0.000295279697148,0.000131958129784,0.000194904728167,-0.0002336028462,-0.000337991412512,-0
2022-08-19,-0.00596814442069,-0.00196637012016,-0.000448248259744,-0.000965746258526,-0.00058682193514,-6.6018869875e-05,-0.000651477604644,-0.000534395095601,-0
2022-08-22,-0.00922669937288,-0.00211296364736,-0.000279718015022,-0.000596768631727,-0.000300071266549,-7.3455530297e-05,-0.000592965971674,-0.00110638423929,-0
2022-08-23,-0.00106484522604,0.000252202681308,0.000254415576995,-5.50813597118e-05,-0.000169129472558,6.435215029e-05,0.000629413434345,-0.000646552083531,-0
2022-08-24,0.00140657623224,0.000157754568074,2.93788759555e-05,-0.000371834825101,-0.000230160307626,-6.77389514963e-06,0.00026755463646,0.000284698993295,-0
2022-08-25,0.00621410729452,0.00154338804483,0.000752843917581,0.000769985972971,0.000439349073994,0.000121837813193,0.000278277460536,0.000744228012563,-0
2022-08-26,-0.0149470863927,-0.00348985358162,-0.000541640004729,-0.000258406582593,-8.02183384907e-05,-5.6918790684e-05,-0.00109564425176,-0.00126284491144,-0
2022-08-29,-0.00288364588331,-0.000318521171113,-0.000197744560047,-0.000681352669611,-0.000396460645161,-0.000154016464473,5.6283904857e-05,-0.0004494615546,-0
2022-08-30,-0.0047799265332,-0.00108841367216,-0.000496860226755,0.000181638524159,-2.06081696755e-05,-6.8797128977e-05,-0.000763626940534,-0.000688095546995,-0
2022-08-31,-0.00330216191511,-0.000774278757419,6.00945072025e-05,-0.000760495935586,-0.000290778680891,-0.000353566729628,-0.000706857042408,-0.000232924903691,-0
2022-09-01,0.00136003277797,-0.001753269251,-0.000191492009628,-0.000619288301076,-0.000559101267792,-0.000301057442255,-0.000803184941779,9.05679568356e-05,-0
2022-09-02,-0.00459751400686,-0.000813957360628,-0.000333511495351,0.00041306827965,0.000391947431869,0.000233858067539,0.000799662839218,-0.000694506995249,-0
2022-09-06,-0.00163533998969,-0.000556028464325,-0.000355359438247,-0.0013449705969,-0.00078754289801,-0.0003808644742,-0.000537495227906,0.000445465570921,-0
2022-09-07,0.0077970257248,0.00111785864874,0.000346991795331,0.000992386094863,0.000459425705811,0.000164578566124,0.000935329114665,0.000976453176145,-0
2022-09-08,0.00285121261764,0.000194768885779,-0.000120931389868,-0.000454433464736,-0.000258220792997,-0.000219021053233,-0.000550672333195,0.000138509248296,-0
2022-09-09,0.00681048757624,0.00333841729327,0.000543305947855,-1.4139845205e-05,6.98164873974e-06,1.76312664057e-05,0.000481080883056,0.000547771623948,-0
2022-09-12,0.00472936845106,0.00166588206733,0.000626494109013,-0.000210158677499,-0.000165290043755,-0.000115066469579,0.000458512563601,0.000488858274652,-0
2022-09-13,-0.019195881758,-0.00451534971929,-0.00130291873643,-0.000779053612746,-0.000382837869105,-0.000114176415807,-0.00117430361016,-0.00193048723996,-0
2022-09-14,0.00166013705945,0.000589700993546,0.000203401826076,0.000186318914993,3.52536077718e-05,9.98314528021e-05,-0.000353117669457,-0.000569827557061,-0
2022-09-15,-0.00494910129597,-0.00127536161498,-0.000355278785356,-0.000429101011722,-0.000239028345806,-0.000199287719328,-0.00170454043428,-0.000912155066794,-0
2022-09-16,-0.00332107010522,-0.000858822973418,-0.000522951836393,-0.00010114442311,5.67928192884e-05,-0.000165372160948,0.000501969486858,5.43008971586e-06,-0
2022-09-19,0.00336510228113,0.000499196942665,0.000165962024718,-0.000217709873931,-0.000199726412108,-0.000180540361876,7.03582003431e-05,-7.07849405105e-05,-0
2022-09-20,-0.00500230623538,-0.00218897149669,-0.000145632206139,-0.000636445128583,-0.000433624301628,-6.11701118575e-05,-0.000519993301961,-0.00118819993304,-0
2022-09-21,-0.00759205671289,-0.00167540055273,-0.000683127342164,0.00045305566195,0.000280091451178,7.63497407263e-05,0.000424985624592,-0.00076190409557,-0
2022-09-22,-0.00362640273598,-0.000608875903182,-0.000116715649447,-0.00154904013954,-0.00107305864235,-0.000455094022065,-5.36303863604e-05,-0.000608718018857,-0
2022-09-23,-0.00723126929263,-0.00426302333615,-0.000941319209585,-0.00044618389315,8.77321948517e-05,-0.000170208799206,-0.00161609603931,-0.000633863197186,-0
2022-09-26,-0.0042628782776,-0.00204321523352,-0.000564828128584,-0.0018878591385,-0.00119499131799,-0.000646250782905,-0.00108590649926,-0.00134000522397,-0
2022-09-27,-0.0011035265771,-0.000771919716689,-2.20139504902e-05,-0.000627386135746,-0.000488853882638,-0.000213190814365,0.000191613127989,-0.000626623137962,-0
2022-09-28,0.00851522421276,0.00285254674018,0.000320342375083,0.00236523196673,0.00160774502943,0.000710694087692,0.00195421375358,0.000966694872954,-0
2022-09-29,-0.00904341306763,-0.00158931554975,-0.000791105283275,-0.000768483419584,-0.00033323634979,-0.000562284315078,-1.82584926663e-05,-0.00137116439782,-0
2022-09-30,-0.00665100142355,-0.000631011665269,-5.49736004263e-05,-0.00035167212916,-0.000187861135585,-0.000273851628328,6.17242836865e-06,0.000515934078755,-0
2022-10-03,0.0112657757189,0.00286147868619,0.000620506417444,0.00120590613628,0.000862595025417,0.000517416739635,0.00233995504384,0.000835365176924,-0
2022-10-04,0.0132988913191,0.00512340476721,0.00112923000685,0.000393356506295,0.000148701629417,0.000157748048108,0.00138429974559,0.000944498462859,-0
2022-10-05,-0.00100750426061,-0.00155725226779,7.4305213e-05,-0.000754617454542,-0.00066885431107,-0.000308529460733,-0.000530757113459,-0.00091245106167,-0
2022-10-06,-0.00447866855852,-0.00217895134866,-0.000288312005262,-0.000565380990725,-0.000387470652168,-0.000129269933229,-0.000107951457406,-0.00127794800063,-0
2022-10-07,-0.0120994293564,-0.00202778945455,-0.000808503282012,-0.00076611627729,-0.000346919570359,1.11784871619e-05,-0.00105954527462,-0.0010855024912,-0
2022-10-10,-0.003279250996,-0.000875171050757,-0.000559968544495,-0.00065786839133,-0.000420975832954,-0.000227880877469,-0.00148000661398,-0.000422578600367,-0
2022-10-11,-0.00272057901841,-0.00151723982642,-0.00063084053685,9.25297089128e-05,0.000181862058347,0.000229700959167,-0.000198904630241,0.000455124122902,-0
2022-10-12,-0.00141375279964,-0.000318872215066,-1.11193752876e-05,0.000123868233614,0.000235880880423,8.07296492891e-05,0.00051805114938,-0.000474563458698,-0
2022-10-13,0.0112890051631,0.00266067623316,0.000155791421667,-0.000465156762095,-0.000304744400586,-4.61965480912e-05,-0.000674940583223,0.000821269703944,-0
2022-10-14,-0.00987281520941,-0.00220533656459,-0.000581927826079,-0.000795586108962,-0.000398411194818,3.41954590882e-05,-0.00119015614778,-0.00112295669485,-0
2022-10-17,0.0110574698652,0.00341561334379,0.00101553689723,0.000311001662787,7.64003883259e-05,0.000111938732383,0.000275780490349,0.00168852597227,-0
2022-10-18,0.00509453083767,0.000873792417807,1.09502536999e-05,0.000244413552786,0.000180129870981,-0.000106174204627,0.000203187688063,0.000497041121573,-0
2022-10-19,-0.00308714087875,-0.0014924990999,-0.000696742788211,-0.00124390131968,-0.000737893414288,-0.000203360883377,-0.00125956096292,-0.00114214882894,-0
2022-10-20,-0.0036630780234,-0.000350518450818,0.000307867071765,-0.000873306124939,-0.00052694369189,-3.80321312572e-05,-0.00014821033451,-0.000197086942925,-0
2022-10-21,0.0105849524144,0.00243214384427,0.000585951409877,0.000215634396142,0.000158955000848,0.000103258505029,0.00167652920279,0.000355546725291,-0
2022-10-24,0.00537287475229,-0.000208151343194,-0.00155590046764,-0.000197047215272,-8.93882751061e-05,9.40907067086e-05,-0.000305545476254,-5.74169466719e-06,-0
2022-10-25,0.00707539901168,0.0029048895506,0.000314555653816,0.0013905281801,0.000861448694196,0.000161333871518,0.000213223463604,0.00175555474392,-0
2022-10-26,-0.0033424568704,0.00132915361221,0.000513109367383,0.000625598960337,0.000351296815575,-5.91654808234e-05,0.00058837711263,-2.81803352955e-05,-0
2022-10-27,-0.00235123783747,-0.000886146586977,-0.000277937856122,0.000715027462619,0.000490383170956,0.000303223046834,-0.000144090327584,6.76393701288e-05,-0
2022-10-28,0.0104410750712,0.00102465533708,-0.000267820186019,-0.00035824686806,-0.000359372508648,-4.81819862582e-05,-0.000950614618861,0.00101091351015,-0
2022-10-31,-0.00321186155857,-0.00108158492449,-0.000137802825549,-0.000472728765591,-0.000312109850957,-5.49966034083e-05,-0.0007442585914,-5.02987969289e-05,-0
2022-11-01,-0.00194342388146,0.00112215421791,0.000629285508081,0.000262181477123,-1.24356495152e-05,-7.37869388496e-06,0.000928514506887,-1.6875315043e-05,-0
2022-11-02,-0.0110865295688,-0.00200435015462,-0.000287700990992,-0.000238102242108,-0.000116986089588,-8.84592268821e-05,-0.000640361613997,-0.00128082734707,-0
2022-11-03,-0.00450558905799,-0.00107000507812,0.000313953322202,-0.000529203820345,-0.000304581569969,-0.00044189739825,-0.000352662703568,-6.27866651418e-05,-0
2022-11-04,0.00627669965348,0.00503984634484,0.00160256402334,-1.52646456326e-05,-0.00014956604645,0.00014708268764,0.00285329399833,0.000632226512443,-0
2022-11-07,0.00416326757675,0.000581332501517,-7.50655965904e-05,-0.000449369443063,-0.000242869842537,4.82242743143e-05,-0.000373499033804,0,-0
2022-11-08,0.00236212615693,0.0016355428693,0.000170980313327,0.000597018490857,0.000454626567784,5.54613300622e-05,0.00216082425733,0.000140859787223,-0
2022-11-09,-0.00900002071962,-0.00189373237882,-0.000731859576023,0.000162947658026,0.000232885021888,-8.07216054934e-05,-0.000476575002845,-0.000469711265185,-0
2022-11-10,0.0238040060185,0.00753195133822,0.00133154791818,0.00304446041837,0.00155463849838,0.000650021977821,0.00291301591249,0.00335710738467,-0
2022-11-11,0.00423565177797,0.00255742525031,0.000791865068659,-0.000100479619061,-0.000141125044194,-2.13310173853e-05,0.000623794980225,-5.41229604185e-06,-0
2022-11-14,-0.00372929767078,-0.00159392422309,-0.000132629799345,-0.000384804931027,-0.000161000889221,-0.000278808083579,0.000206293608554,-0.00114035232766,-0
2022-11-15,0.00373417446062,0.000851877313938,0.000883820163217,0.00101909576449,0.000500671818986,0.000245264217572,0.00033477767232,0.000498469193901,-0
2022-11-16,-0.00334151849882,-0.000520025699967,-0.000642264444009,0.0008543073565,0.000496646301142,9.52263047394e-05,-0.00021758372333,-0.000419233906945,-0
2022-11-17,-0.00133496797307,-0.000163140471498,0.000214874719546,-0.000585918990119,-0.000463396558409,-0.00025838578048,-0.000689643770364,-0.000312884193522,-0
2022-11-18,0.00198194983852,0.000229225991556,-0.00028754604952,-0.000200803752154,-0.000239586711459,-0.000191832877384,-0.000651761087517,0.00057930503106,-0
2022-11-21,-0.00159244482459,-0.00111185697832,-0.000369250082605,-8.59683876131e-05,-4.22162236862e-05,0.000198698212001,-0.000524221591554,0.000243338111433,-0
2022-11-22,0.0058916657884,0.00203415576139,0.000102913279299,0.000718666605764,0.000388342479085,0.00015306424812,0.000109816289152,0.000254996027301,-0
2022-11-23,0.00276919176832,0.00159228319259,0.00021403057724,0.00082558921742,0.000363663415591,0.000208012815452,0.000578168181876,3.76067998655e-05,-0
2022-11-25,-9.82185284398e-05,0.000581094358369,-0.000141753104648,2.83307575199e-05,-2.08834504614e-05,-3.50309284335e-05,7.96176461823e-05,0.000293599290717,-0
2022-11-28,-0.00700414686306,-0.00193563798935,-9.10724989378e-05,-0.000226154661643,2.78153714585e-05,-8.74975462143e-05,-0.000733124320106,-0.00124295021118,-0
2022-11-29,-0.00075030474277,0.000358915720141,0.000777809486428,-0.000500289114652,-0.00028790185609,-0.00016284584493,0.00045984235731,0.000755369240595,-0
2022-11-30,0.0137289687299,0.00260866407135,0.00109436535109,0.00108561241827,0.000610522183691,0.000558968960618,0.00119480928346,0.00106222851234,-0
2022-12-01,-0.000323799288058,0.0011805592013,-0.000100085588661,0.00114320555529,0.000732067204985,0.000402409092909,0.00170313928705,-0.000100250225681,-0
2022-12-02,-0.000504792101886,-0.000127015266957,0.000249041970883,0.000571738113623,0.000136992167167,0.000279446107473,-0.000324509789973,-0.000136553034508,-0
2022-12-05,-0.00786101434684,-0.00209588678543,-0.00040837738704,-0.00108752557976,-0.000684778300803,-0.000389798896774,-0.00160552440494,-0.000840168096899,-0
2022-12-06,-0.00627978979856,-0.000934945464977,3.03396040536e-05,0.000410481663866,0.000417108795119,-7.00444818282e-06,0.000255562554101,-0.000431810469686,-0
2022-12-07,-0.000735163633034,0,-0.000244279817063,0.00125384087263,0.000601784362752,0.000165682053719,0.000851775531832,9.12140990554e-05,-0
2022-12-08,0.00337321611222,0.000777267573855,0.000467276958383,-0.000426576310774,-0.000391086885867,-1.05548889612e-05,7.98734193056e-05,0.000321335681507,-0
2022-12-09,-0.00322827327435,9.67755349976e-05,-0.00034394197134,-0.000835515225018,-0.000507658815773,-0.000364348578641,0.000335204031256,-8.53296760035e-05,-0
2022-12-12,0.00621467567822,0.000356519084741,-0.000111823669143,2.84934617633e-05,-9.78784054772e-05,3.52098286436e-06,-0.000787931121893,0.000353720872919,-0
2022-12-13,0.0032906187197,0.0018043033274,0.000212219638918,0.000933658036512,0.000611413447334,0.000111997941531,0.00160625295448,0.000852447031309,-0
2022-12-14,-0.00277417710708,-6.38648500563e-05,7.00809546456e-05,0.000308330538385,0.000185805889787,-9.36211796837e-05,-0.000230529037966,-0.0003166871094,-0
2022-12-15,-0.0105765859699,-0.00364932573622,-0.000783168824668,0.000205660838851,0.000132810364424,6.63083963274e-06,-0.00155079513144,-0.000619330075774,-0
2022-12-16,-0.00506509292502,-0.00107449070713,-5.10656387015e-05,-0.000372553283045,-0.00017587996032,-0.000205795077401,0.000825949616821,-0.00120065471881,-0
2022-12-19,-0.00362153315517,-0.000298695650802,7.84224582639e-05,-0.000880472900176,-0.000566916439008,-0.000132251195508,-0.000271562852031,-0.000580342888982,-0
2022-12-20,0.000583121974012,0.000667901628451,-0.000136794235215,-0.000973210279895,-0.000506333888212,-1.07911826161e-05,0.00160482158438,-0.000114616005046,-0
2022-12-21,0.00637333665608,0.00140100982593,0.000378366683545,0.000391729047955,8.54741070606e-05,0.000208386014097,-0.000162626419039,0.00038709352718,-0
2022-12-22,-0.00611631781074,-0.00122312118371,-0.000364538752659,-4.31247326105e-05,-2.11612337145e-05,-0.000210079295749,-0.00117421808519,-0.000189591822217,-0
2022-12-23,0.00245388861347,0.000700760024126,-8.41135819362e-05,-0.000493470432503,-0.000313564718984,-8.6261698833e-05,0.000290511346218,0.000403763816473,-0
2022-12-27,-0.00168710425335,0.000266190478227,0.000639514745109,-0.00102758513688,-0.000575547993917,-0.000175620686565,0.000816898389459,-1.65356917742e-05,-0
2022-12-28,-0.0053053006757,-0.0015999584605,-0.000598634052591,-0.000246468815281,-0.00016371523619,-4.30785344774e-05,-0.000441085918065,-0.00077901710215,-0
2022-12-29,0.00765895309471,0.00222032648369,0.000710178397709,0.000526786350466,0.00033764774608,0.000159439478857,0.00055061210544,0.000992543026654,-0
2022-12-30,-0.00112618153533,-0.00136141010515,-0.00050217710441,-0.000664408795932,-0.000283661615082,-0.000114456099601,0.000456734318065,-0.000330218333623,-0
2023-01-03,-0.001802173127,0.000766734785638,0.00044113234922,0.000826491970546,0.000533932287689,0.000136448242974,0.000824207056547,4.41863372431e-05,-0
2023-01-04,0.00328515367941,0.00209643073341,0.00106944264315,0.00078162087823,0.000525863221028,2.50852464593e-05,0.000932837823308,0.00103143618629,-0
2023-01-05,-0.00484691330567,-0.00158188414976,-0.000124601661298,-0.000114655028086,-9.85195840827e-05,1.06461609379e-05,-0.00123368529266,-0.0012399635362,-0
2023-01-06,0.00971701847079,0.00389173274566,0.000723140390386,0.00154800725236,0.000887882088575,0.000351117110477,0.00184750295698,0.00121843039935,-0
2023-01-09,-0.00024082152387,0.000619429655186,0.000225996799376,0.000354552587642,0.000174056920358,8.778387137e-05,0.000221400803227,1.62123587825e-05,-0
2023-01-10,0.00297354787024,0.000358145142681,0.000297482168526,-0.000538101751171,-0.000431029061966,-0.000154286299755,0.000362795439561,0.000102520761301,-0
2023-01-11,0.00538436405131,0.00107118361503,0.000173871004576,0.000861240351982,0.000436714695804,0.000160827109981,-6.78285678911e-05,0.00163023409889,-0
2023-01-12,0.00155463856842,0.00205759706505,0.000192465712752,0.00100686321895,0.000604172619226,0.000294358634142,0.00113077195533,0.000591505612491,-0
2023-01-13,0.00165027796956,0.000734012508925,0.000281542945634,-0.000513606672631,-0.000361195818994,-0.000292186991324,0.00117799025815,-0.000290939383004,-0
2023-01-17,-0.000780436848916,0.000413879129361,-0.00022068638478,-0.000249276176521,-0.000210767091465,-0.000106302317641,-0.000648570324462,0.000131929552716,-0
2023-01-18,-0.00672482910015,-0.000637837878935,-0.000251197043715,0.00137329448938,0.000912548291148,0.000254198105612,-0.000283180515548,-0.000681867901721,-0
2023-01-19,-0.00307030755959,-0.000160407803118,0.00033360008139,-0.000321028233908,-0.000130155919763,0.000231526602839,0.00156976416935,-0.000255262725831,-0
2023-01-20,0.00781385584775,0.00147853114832,0.000496222618534,-0.000573185927447,-0.000453034750506,-0.00021464698356,-0.000335789846715,0.000548741128934,-0
2023-01-23,0.00508220560525,0.000605395745228,0.00031122440268,-0.000346476604492,-0.000217754411147,-3.43243904186e-05,0.000188632912453,0.000211235928572,-0
2023-01-24,-0.000457491756696,-3.16820272948e-05,3.99238327124e-05,0.000606269263339,0.000385610112213,0.000211564617231,0.00035852655472,0.00011553209854,-0
2023-01-25,0.00015945998503,0.000727711957732,9.9655657318e-06,0.000165160864163,7.43457626563e-05,7.49696639343e-05,0.000457254516197,2.09741588225e-05,-0
2023-01-26,0.00466676274031,0.00044218973272,0.00032842621884,-0.000233534017635,-0.000242839369218,-3.40329449911e-06,-0.000901964344196,0.000518311165487,-0
2023-01-27,0.000981875387474,-0.000157189611261,-0.000287296171664,-0.000205209323878,-0.000100695562279,-8.12809337229e-05,-0.000136868585926,0.000521169010782,-0
2023-01-30,-0.00537116218885,-0.00119418733019,-0.000762429746514,-0.000368987829012,-0.000208047553142,-0.000179393313408,-0.000251707335144,-0.000599027870218,-0
2023-01-31,0.00627136892607,0.000887855519858,0.000109899287849,0.00056540217405,0.000338554036793,1.36543008941e-05,0.000358879797442,0.000982841694069,-0
2023-02-01,0.00455634298807,0.00128783344026,0.000425550701118,0.000965567626209,0.000478622083658,0.000246972969628,0.00123599967351,0.000291550145759,-0
2023-02-02,0.00624788788623,-3.11046823351e-05,-0.000294111766376,0.000149256960202,-2.66318532159e-05,-5.02638039121e-05,-0.0020424501474,0.00107271686519,-0
2023-02-03,-0.00460530094098,-0.00160992228932,-0.000653552654218,-0.00130939976834,-0.000708927770378,-0.00034013478777,-0.00239339480819,-0.000903147373544,-0
2023-02-06,-0.00265295602357,-0.00153620860905,-0.000424770967924,-0.000751911023443,-0.000570330553127,-0.000145210456255,0.000196521115013,-0.000348166231296,-0
2023-02-07,0.0056781360328,0.00132503590226,7.95274975591e-05,-0.000233817373436,-0.000162024307389,9.51363294987e-05,8.78840231719e-05,-0.000104595346837,-0
2023-02-08,-0.00477713616165,-0.000846077174117,-7.89930869897e-05,0.000191283323104,0.000241406214263,0.000189023117077,0.000234622503269,-0.000223330220581,-0
2023-02-09,-0.0037650784661,0.000125983898015,0.000158782760724,-0.000535614208799,-0.000296570311981,-0.000186589725599,-0.000756799685645,-0.000516840872456,-0
2023-02-10,0.00101062650649,-0.000411855342948,-0.000349351387439,-0.000593946295612,-0.000318623952162,-0.000133072810802,0.000182024982155,0.00016278056929,-0
2023-02-13,0.00509763672927,0.00123604314428,0.000369478110709,0.000414558729494,0.00015598788513,6.14457321098e-05,-0.000485619169517,0.000420251054497,-0
2023-02-14,-0.000200831494389,0.000125844276109,-0.000118969831427,-0.000480169178067,-0.000296296559103,-0.000122010352969,7.12237110912e-05,-0.000375497558628,-0
2023-02-15,0.00141773909836,-0.000724676980812,-0.000198554809233,-0.000261020299557,-0.000195546719024,0,-0.000943627732201,0.000188015999196,-0
2023-02-16,-0.00603499469896,-0.000662155449667,-7.94714334141e-05,-0.000563717038779,-0.000215947445394,-8.83013121178e-05,-7.68616805062e-05,-0.000459919599109,-0
2023-02-17,-0.00108883856302,0.000222548174004,-0.000330546470971,0.000318865175857,0.000183728420581,7.19147237043e-05,0.000282303959475,-0.000184422776626,-0
2023-02-21,-0.00872618048471,-0.00181307668824,-0.000451000886072,-0.00127599662204,-0.000714766502149,-0.000164453072649,-0.000354453162236,-0.00094372062125,-0
2023-02-22,-0.00059601306325,-0.000839102961185,-0.000172874583253,0.000365896575259,0.000117413327277,-2.08612648727e-05,-0.000539467395122,-0.000422601824603,-0
2023-02-23,0.00230225393932,0.000840875199164,0.000142670769029,0.00049357631846,0.000256080013459,0.000121926238048,-5.06802748547e-05,0.000348441023821,-0
2023-02-24,-0.00462746501286,-0.00225391569093,-0.000781181064764,-0.000786165396357,-0.000399655373423,-0.000242773882577,-0.000683980692049,-0.000816563042549,-0
2023-02-27,0.00147521651749,0.00159462945094,0.000205072466109,0.00026954448197,0.000201969886161,7.71227690218e-05,0.000373976516943,7.01342350112e-05,-0
2023-02-28,-0.00159950363353,-0.00103696298959,-0.000245044644695,-1.41282154696e-05,0.000104031145203,0.000139618046169,0.000434461885375,-6.44539414672e-05,-0
2023-03-01,-0.00165777204997,0.000909417891465,0.000808455185136,-0.000789325741455,-0.00053214271836,-0.000139937380802,0.000554210710755,-0.00058142654224,-0
2023-03-02,0.00335296031203,0.000227690095266,0.000184467348834,-0.000284260323137,-0.000272030807229,2.8029926776e-05,-5.66280767446e-05,0.000533737977486,-0
2023-03-03,0.00694239531958,0.00210636314373,0.000306303664527,0.00107641952451,0.000528147003732,0.000401399452412,0.00103255485155,0.00069825278217,-0
2023-03-06,0.000300661999457,-0.000351862353699,-0.000141097918824,-0.000335514504416,-0.000116599742759,-0.00019983528865,-0.000484548467105,-0.000180253020043,-0
2023-03-07,-0.00666933760105,-0.00262685508446,-0.00060560895378,-0.00018205696197,6.8772371429e-06,-0.000234641586743,-0.00167336204185,-0.00107259101724,-0
2023-03-08,0.000708436617063,0.000746533612535,0.000214771136952,-0.00014187475722,-2.08925991753e-05,-0.00017830421265,-4.5214399581e-05,0.00052187145935,-0
2023-03-09,-0.00800742479659,-0.0014256519332,-0.000837117652417,0.000495635939694,0.000409938382462,9.77143910878e-05,0.000936488719598,-0.00105260114742,-0
2023-03-10,-0.00620524189171,-0.00140640320482,-0.000226729488776,0.00161541987412,0.00123447269622,0.000553111473617,0.00209003511687,-0.00150168088979,-0
2023-03-13,-0.000606380050884,-0.000820853532975,-4.13617547245e-05,0.00111938314409,0.000830851016429,0.000289996420984,0.00228105201759,0.000576880302165,-0
2023-03-14,0.00699770990403,0.0016685020271,2.05995755685e-05,-0.000829360268869,-0.000652449455404,-0.000211424973424,-0.000586711982709,0.000428367896158,-0
2023-03-15,-0.00267312033896,-0.00425658350696,-0.000665441247495,0.00139177163345,0.000982475243264,0.000461984450563,0.000780747255971,-3.23187719412e-05,-0
2023-03-16,0.00748192166152,0.00215315424542,0.000503658315955,-0.000556068333509,-0.000622621155061,-0.000435724460026,0.00020449293779,-9.73323633833e-05,-0
2023-03-17,-0.00503024878719,-0.00161717885881,-0.000203809111777,0.000876511567412,0.000804609126123,8.01208332085e-05,0.00292850282175,-0.00100251395072,-0
2023-03-20,0.00410130250077,0.00211697653887,6.95539601687e-05,-0.000567292613396,-0.000278343931344,3.49570937445e-05,3.95428217017e-05,0.000494783226292,-0
2023-03-21,0.00562059284009,0.00181296173788,0.000416969597219,-0.000422914750869,-0.00059483974271,-7.99127981969e-05,-0.00194870248111,-0.000192449779944,-0
2023-03-22,-0.0073587391327,-0.000547809364094,0.000121477056568,0.00133313936161,0.000888148734297,0.000515258102247,0.00171615728552,-0.00161240374552,-0
2023-03-23,0.00115285304952,9.71058111761e-05,0.000488314310027,0.000338442408991,0.000394392158886,6.95091849814e-05,0.00129210826086,-0.000262046807323,-0
2023-03-24,0.00279585421334,-0.000484047730769,-8.10989937013e-05,0.000238875044368,2.06817387795e-05,-9.69558905479e-05,-0.00116996056284,0.00106030751115,-0
2023-03-27,0.000800101920756,0.00122349758657,-0.00019216753336,-0.00151416326171,-0.000846090880072,-0.000297140928577,-0.00094946731834,-4.83349968779e-05,-0
2023-03-28,-0.000964072323473,0.000193541831539,0.000476233691371,-0.000210696259019,-4.13625701139e-05,0.000117683206139,0.000833705223652,-0.00010221231804,-0
2023-03-29,0.00622646914949,0.00161228745508,0.000141816711334,0.000168491288281,-0.000117093727376,7.26677481992e-05,-0.000509021703209,0.000935804733258,-0
2023-03-30,0.00252311834707,0.00175858404182,0.000391701712931,0.000153178208846,0.000102462127589,3.7746987773e-05,0.000915136892889,0.000559930877231,-0
2023-03-31,0.00607025329198,0.000667138100115,-0.000119758637484,0.000663986603706,0.000366510943479,0.000187512243403,-0.000529032560167,0.000921949456418,-0
2023-04-03,0.00165067978265,0.00116586540659,0.000168267868795,0.000594227761017,0.000314313817317,6.66763742914e-05,0.00072148508949,-0.000346843418368,-0
2023-04-04,-0.00240213508648,-3.13523190293e-05,3.94200965572e-05,0.000506731388528,0.000429847419672,0.000107858654166,0.00187213142927,-5.757302919e-05,-0
2023-04-05,-0.00112680126384,-0.00109759204078,-0.000354628432725,0.000465478546581,0.00028193339543,8.7588637692e-05,-8.15923236882e-05,-0.000230125506442,-0
2023-04-06,0.00167779166661,0.000471367496011,0.000236905971993,-0.000123460657985,2.01970551314e-05,8.44076253118e-05,-0.000730420646943,0.000293509973848,-0
2023-04-10,0.00044240671528,0.000125446970608,-8.86675462982e-05,-0.000944747835477,-0.000664701425985,-0.000266195449168,-0.000750779736708,0.000198765268541,-0
2023-04-11,0.000116039375847,0.000628472706854,0.00029613688422,8.23486812702e-05,-2.69067017243e-05,6.41503896359e-05,0.000637770075759,0.000183429958117,-0
2023-04-12,-0.00175873286054,0.00081544803171,-0.00030540062657,0.000164300224479,0.000194699449879,1.34832124609e-05,0.000495065222085,-0.000209225575492,-0
2023-04-13,0.00571145744091,0.00210248993188,0.000483019859897,-5.48070358944e-05,-0.000221672185131,-9.10321091734e-05,0.00137719696589,-0.000130846096591,-0
2023-04-14,-0.0010546566063,-0.000715182735669,-0.000214900103155,-0.000665163631026,-0.000326168381933,-0.000160358928908,-0.0018123758701,-0.000663836194827,-0
2023-04-17,0.00155423060431,-0.000125078187549,0.000216113068538,-0.000682583713009,-0.000421734626723,-0.000167974474809,-0.000450227866097,0.000881415204955,-0
2023-04-18,0.000283232890701,0.00056241282668,-7.85230495279e-05,0.000190987901587,0.000107021052744,3.69224397297e-05,0.000390245093814,-9.90108533431e-05,-0
2023-04-19,-7.33731108599e-05,-0.000561630313734,-0.000411654903703,-0.000204334182173,-0.000140273671283,-3.68710677024e-05,-0.000481713981404,0.00025499570873,-0
2023-04-20,-0.00237186942498,6.25185816731e-05,-4.90934741134e-05,0.000613971192805,0.000381365665973,0.000117523571609,0.000395766610131,-0.000427442500825,-0
2023-04-21,0.0003362572689,0.000469382922778,-0.000373548690048,-0.000232262428243,-0.000160764807659,1.68159217744e-05,-0.000998828332165,5.22852871039e-06,-0
2023-04-24,0.000452306477001,0.000281917986016,-4.91982572577e-05,0.000533296880944,0.000321854623935,0.000141343499285,0.000304275836678,-0.000161957222646,-0
2023-04-25,-0.0068771934679,-0.0022824565991,-0.000667870757021,0.000846234761276,0.000655928869485,0.000218321391095,0.000509822444615,-0.00042239620282,-0
2023-04-26,-0.00182049839784,3.15110669798e-05,0.000267317487998,-0.000509045353193,-0.00026315496602,-0.000132050674198,-0.000552212068976,-0.000410031047221,-0
2023-04-27,0.00854934304421,0.00183432439988,0.000506680764651,-0.000497039018412,-0.00044008463611,-0.000125718761369,5.48305006219e-06,0.000960008670377,-0
2023-04-28,0.00369842331451,3.13203636582e-05,0.000235871103471,0.000696583362853,0.000495681446384,4.36930086484e-05,2.7139080421e-05,0.000527066007709,-0
2023-05-01,-0.000438696367018,-0.000124445831166,-0.000127030631132,-0.00139009567279,-0.000781725098823,-0.000306049148487,-0.000447904196617,-0.00032169387167,-0
2023-05-02,-0.00489792283851,-0.00153038536196,-0.000412069723934,0.00131223904568,0.000857847755396,0.000279942494675,0.00192330552377,-0.000729272582739,-0
2023-05-03,-0.00296717205991,0.000282001468919,-9.83179745153e-06,0.000603321893601,0.000437020815677,0.000169177325096,0.000864183643341,-0.00016722642803,-0
2023-05-04,-0.00304311709659,-0.000219525282071,0.000334901356015,-0.000164691664843,-1.34537400839e-05,-1.01528565005e-05,0.000723443708426,0.000350397470822,-0
2023-05-05,0.00791365239833,0.00232518613842,0.000424431898354,-0.000440004915868,-0.000364058388675,-7.46608245212e-05,-0.0016242615693,0.000712724116092,-0
2023-05-08,0.000115008582896,6.22876702275e-05,9.77709260112e-06,-0.000749690693125,-0.000407721211858,-0.000137886811197,0.000124257780733,-0.000249329817358,-0
2023-05-09,-0.00189544559425,-0.000561294474404,-0.000244889887243,-0.000122801879788,-8.02983453612e-05,-5.38879466792e-05,0.000719435738527,-0.000182047808095,-0
2023-05-10,0.00201547612373,-0.00021879920049,9.81705666157e-06,0.0008755381857,0.000496376898916,0.000121528445377,-0.000146407460399,0.000411892563519,-0
2023-05-11,-0.000753030845957,-0.000654118383838,-0.000156547801576,0.000408930486474,0.000247312469368,8.07272865296e-05,-0.0008753073738,-0.000472756461685,-0
2023-05-12,-0.000566095957245,-0.000312148086363,-0.000441256508068,-0.000765005365108,-0.000401910397077,-0.000131473522721,-0.0001732815516,-5.20639874581e-06,-0
2023-05-15,0.00149276982635,0.00125214673844,0.00067849559364,-0.000342499598295,-0.000147778461542,-5.4080952924e-05,0.00021720933887,-7.30939808257e-05,-0
2023-05-16,-0.00289262897222,-0.00149804988221,-0.000274508196954,-0.000314177867181,-0.000214295780819,-9.77453840553e-05,-0.00126682203028,-0.00106707876033,-0
2023-05-17,0.00525932270033,0.000754760380833,0.000138310823526,-0.000206404500815,-0.000215954065071,-1.69748335199e-05,-0.000349141502624,0.000566478772963,-0
2023-05-18,0.00419943826544,-0.000281381433167,-0.000245514845284,-0.000629367970015,-0.000409232791169,-0.000121548520006,-0.001296139586,-0.000203345388975,-0
2023-05-19,-0.000639761631196,0.00087450103169,-1.9629404238e-05,-0.000300710898668,-0.000247978163563,-8.76899629864e-05,0.000975186203811,-6.77223397837e-05,-0
2023-05-22,0.000178156093181,0.000124862338741,0.000254959219382,-0.000122980401758,-0.000120576116759,-6.74268053327e-05,-0.00023284357834,0.000255119881067,-0
2023-05-23,-0.00492559848073,-0.00202853954202,-0.000588206503434,0.000150247851677,0.000107159558072,0.000111220531559,0.000119091632225,-0.000395589621396,-0
2023-05-24,-0.00316761550261,-0.00204379268846,-0.000276561485731,-0.000344009481831,-0.000168673581476,-0.000115453713845,-0.000807224698778,-0.000901992690025,-0
2023-05-25,0.00378856935833,-0.000316894067549,-6.96762597133e-05,-0.000499256141013,-0.000414834225966,-0.000167694692258,-0.000962019533915,-5.29019058578e-06,-0
2023-05-26,0.00570705146718,0.00132922392381,0.00064619260802,0.000110751854034,0.000122252694873,4.44375379014e-05,0.000395268233505,0.000475062156307,-0
2023-05-30,0.000168525302981,-0.00122350046328,-0.000512425896027,0.000892385875554,0.000511603115825,0.000145676183268,0.000609476152544,0.000156971044123,-0
2023-05-31,-0.00245270998676,-0.00137926921084,-0.000275719029914,0.000480184354826,0.000248894145229,4.73920850012e-05,0.00015226334034,0.000209118285165,-0
2023-06-01,0.00419159429887,0.0021694248945,0.000661716117888,0.000411076539632,0.000183935831562,5.89097481932e-05,0.000785354762488,5.25306601055e-06,-0
2023-06-02,0.00638630024822,0.00208884577427,0.000616991471678,-0.000711355226622,-0.000523056638268,-0.00017895484116,-0.00146559296317,0.00101395626311,-0
2023-06-05,-0.000852409483107,-0.000897622681865,-3.88958992848e-05,-1.35385841748e-05,-1.99692423954e-05,4.6930342389e-05,0.000585252222447,-0.000294259998014,-0
2023-06-06,0.000968146243355,0.00123994005369,0.000301873967399,0.000163198875217,3.99978621502e-05,2.01482243908e-05,0.000107544101748,0.000403267374397,-0
2023-06-07,-0.00153567755242,-0.00135956027177,-8.73675759788e-05,-0.000705049100963,-0.000471853888608,-0.000167326588913,-0.00117381918966,0.000778181838928,-0
2023-06-08,0.00268973669652,0.00145915044392,0.000214555729646,0.000708394474266,0.000434035083273,0.000178198244147,0.00128171142598,-0.000269266749136,-0
2023-06-09,0.000797377863457,-6.16623489451e-05,0.000106560179443,-0.000311199490497,-0.000232157438033,-0.000100186506662,-0.000262128831303,-0.000246870034023,-0
2023-06-12,0.00404006463333,0.000647812493647,9.69011027583e-05,0.00023006956154,0.00010615813266,3.00555913338e-05,-8.56124872812e-05,1.02811768603e-05,-0
2023-06-13,0.00294777835154,0.00138114994642,0.000327812096034,-0.000619529573408,-0.000455520575237,-0.000182828029794,-0.000713441521598,0.000271317553652,-0
2023-06-14,0.000534394567989,0.000367264107306,0.000374911480741,0.000120861286022,8.55677371023e-05,8.94978365723e-05,5.30877269199e-05,0.000158220246333,-0
2023-06-15,0.00555990499695,0.00134409911042,0.000383829443451,0.000911491433876,0.0004927958036,0.000224970187788,0.000672974795845,0.000224172667787,-0
2023-06-16,-0.00153141555879,-0.000423520780259,-0.0001425456445,-0.000411495707087,-0.000273283131282,-9.17369448661e-05,-0.000146929251235,-3.02592416754e-05,-0
2023-06-20,-0.00233197097588,-0.00192317930654,-0.000712049906499,0.000239678373733,0.000189269789076,7.55835718624e-05,-0.000989551140598,-0.000501025093878,-0
2023-06-21,-0.00230460644531,0.000215679288187,-6.74930049729e-05,0.000214306621946,5.90852190873e-05,3.30481982002e-06,-0.000137669148648,-0.000254562887322,-0
2023-06-22,0.00161902984265,-0.000864577942451,-0.000173929003048,-0.000684633911338,-0.000361941397948,-0.000125908689475,-0.000944669685895,-0.000602125886949,-0
2023-06-23,-0.00341033145433,-0.00228988313034,-0.000551970534692,0.00039011549886,0.000263804114423,8.63282232835e-05,0.000260601879873,-0.000572729773869,-0
2023-06-26,-0.00183979741277,0.000435792579785,0.000126627065121,0.000162384078083,0.000159175422457,1.67115469134e-05,0.000165838418265,0.000951571795936,-0
2023-06-27,0.00491580185108,0.00115140433371,0.00037007278524,-0.000257077898097,-0.000225482602368,-0.000100191590429,-0.000438590372285,0.000519412104388,-0
2023-06-28,0.000227330270517,3.09564892859e-05,-0.000154899024349,0.000390074222502,0.00025714130122,7.30318185538e-05,-0.00021800532926,6.13532192217e-05,-0
2023-06-29,0.0017758237016,-0.000185537242213,-0.000164468489912,-0.00102153959089,-0.000658860076848,-0.00023554267126,-0.000100959917128,0.00047429849793,-0
2023-06-30,0.00533848793459,0.0016696666802,0.000338649240954,0.000309193900343,0.00013836797599,0.000155944970411,0.000627083616022,0.000237682980283,-0
2023-07-03,0.000521948613802,0.000245159896493,0.000383656731235,-0.000153649626405,-0.000273698718663,-4.16360105338e-05,0.000105354315755,0.000420016825707,-0
2023-07-05,-0.000674747812671,-0.0015305786739,-0.000191599083367,-0.000587139991034,-0.000300812399778,-0.000168326986248,-0.000331473591729,9.71995770528e-05,-0
2023-07-06,-0.00356058764816,-0.00248873517744,-0.000749990372451,-0.000843733476919,-0.000511985085912,-0.000185500199932,-0.000279888013517,-0.000333756756641,-0
2023-07-07,-0.00114926428263,0.00117813040363,0.000465708141509,2.70353417736e-05,-7.94939295438e-05,-2.34051844281e-05,0.000708708976835,-9.84362908663e-05,-0
2023-07-10,0.00114808292461,0.000371623840774,9.69413881261e-06,0.000364508734835,0.00032422910588,8.34809370838e-05,7.45238332201e-05,0.000186326230291,-0
2023-07-11,0.00288868742112,0.00135924177525,0.000348020139799,0.00028273826974,0.00013197191593,-3.99641340759e-05,0.000355738783575,0.000619522355418,-0
2023-07-12,0.0036510614331,0.00270238931716,0.000749591318888,0.00105753949687,0.000610128969795,0.000387376671328,0.00128259824776,0.000236078737115,-0
2023-07-13,0.00359219065858,0.00218769533157,0.000437395061326,0.000807888663234,0.000519290745794,0.000180171522816,6.78858651296e-05,0.000279278146319,-0
2023-07-14,-0.000281811115887,-0.000874111113332,-0.000245238074313,-0.000617498142499,-0.000309069656813,-0.000185234210805,-0.00030047515635,-8.56258210209e-05,-0
2023-07-17,0.0015749532178,-6.04601120838e-05,4.72899141228e-05,0.000144983620191,0.00010332830926,6.51873141407e-05,6.75460170187e-05,-0.000282904283613,-0
2023-07-18,0.00337624762018,0.00102609328116,-0.000283324613013,0.000105211129606,7.09087134386e-05,-1.62642973099e-05,0.0010789057311,-0.00023705591274,-0
2023-07-19,0.00101281843594,-3.00451159295e-05,-5.63730897726e-05,0.000392619230387,0.000211675460649,0.000119777808444,1.54812184594e-05,0.000481720187182,-0
2023-07-20,-0.0030217441029,-0.000838894209873,-0.000243780799428,-0.000666007640165,-0.000492839921282,-1.29327639322e-05,-0.000478904989332,-0.00014018850188,-0
2023-07-21,0,0.0001808498769,-1.88593247487e-05,9.1918010096e-05,5.14928509442e-05,0,-0.000290091945279,0.000201455065281,-0
2023-07-24,0.00203271411204,-0.00015067135198,0.000518625583114,-0.000236393581562,-0.000148048596177,1.62500249601e-05,-0.000403959193795,0.00035754877914,-0
2023-07-25,0.00124540401898,0.000421025886306,0.000301152778849,-0.000144243022523,-0.000115648386947,-6.1612284105e-05,0.000522044427958,-0.000311599154623,-0
2023-07-26,7.0097254546e-05,0.000180067482293,0.000244230013886,0.000418771754997,0.00021163098545,1.29540562502e-05,0.00045916213843,0.000195644457424,-0
2023-07-27,-0.00302207108899,-0.000599239001527,-0.000440712542406,-0.00109714964981,-0.000672112898338,-0.000255208613325,-0.00148317290786,-0.000941415951192,-0
2023-07-28,0.00447103224564,0.00117856389328,0.000964636645715,0.00050056688887,0.000200118848032,0.000133583123449,0.000747952338099,-3.53393708424e-05,-0
2023-07-31,0.00087097752313,0,4.69009789049e-05,0.000156780488649,7.68652645196e-05,9.69879750084e-06,0.000252453677797,0.000275516134829,-0
2023-08-01,-0.0013092139819,-0.00158598888847,-0.000561882248142,-0.000843586106928,-0.000357630740523,-0.000206590717684,-0.000972096610817,-7.00100407928e-05,-0
2023-08-02,-0.0063837772652,-0.00273932763391,-0.000866686142557,-0.000302639039414,-0.000122509349052,-6.1790297664e-05,-0.000444958501105,-0.000246515145576,-0
2023-08-03,-0.0013115928272,-0.000426211568142,0.000171486625132,-0.000864940130104,-0.000456394975665,-0.0002170757841,-3.14009177874e-05,-0.000468065180972,-0
2023-08-04,-0.00207127475172,0.000397205883772,4.78043689439e-05,0.00105502935376,0.000654348025626,0.000336684099889,0.000341338997924,-0.000347208794768,-0
2023-08-07,0.00397772580964,0.00112996533945,-6.68992253875e-05,2.66434336065e-05,-0.00015042969975,2.97004729871e-05,-0.000215215943952,0.000530808883223,-0
2023-08-08,-0.00198856852655,-0.00106328767474,-0.000408815360527,0.000305452731325,0.000312327891235,-6.56524622596e-06,-0.000595267168434,-0.000274172842728,-0
2023-08-09,-0.00305517337361,0.000121965973837,6.68014308819e-05,9.3276473129e-05,3.91811180375e-05,-1.64757776245e-05,-0.000445499747396,-5.09230136826e-06,-0
2023-08-10,0.000163481842085,0.00042827101814,7.65873677681e-05,-0.000842368239905,-0.000478289679544,-0.000181773547659,-9.9894627979e-05,-0.000163600997094,-0
2023-08-11,-0.000266002674809,-0.000796269304558,-0.000575024378104,-0.000401582753923,-0.000327966493232,-4.96377403341e-05,0,6.65387062978e-05,-0
2023-08-14,0.00252203913278,-0.000583211148548,-0.000182537855229,-9.38994907183e-05,-9.86098655941e-05,-7.2957393742e-05,-0.000284916217498,-0.000282165136077,-0
2023-08-15,-0.00534662570703,-0.00196280563335,-0.000412696907487,-0.000348530073167,-0.000118236148064,-0.000109349128866,-0.000247750496266,-0.000476662588967,-0
2023-08-16,-0.00335899077425,-0.00111416145136,-0.000261497942974,-0.000311163410972,-0.000238631013741,-0.000103639746656,-0.000542559429579,-0.000522379599605,-0
2023-08-17,-0.00348499873744,-0.000934469874694,0.000126721149181,-0.000136120255853,-8.00583955515e-05,-1.01042678303e-05,-0.000144555310892,-0.000338381969188,-0
2023-08-18,0.000219590080186,0,-0.00024492148987,0.00028737670199,0.000187751583789,6.08816665555e-05,1.61415329388e-05,0.000130793501212,-0
2023-08-21,0.00296729566355,0.00043798228426,8.81288695989e-05,-0.000656385640936,-0.000388653893964,-9.46400310289e-05,0.000258103005323,-0.000386902674061,-0
2023-08-22,-0.0012405888532,-0.000312142487336,-6.8387511281e-05,0.000136434624236,2.67527125271e-05,6.07037313091e-05,0.000155597023048,0.000119991582329,-0
2023-08-23,0.00509307370136,0.00150003984787,0.000577002481535,0.00124299859869,0.000676001968207,0.000320744373165,0.000961455717603,0.000658051441738,-0
2023-08-24,-0.00633819538197,-0.00176188128553,-0.00016443578,-0.000297184889654,-0.000231688974527,-0.000160287655905,-2.12471754281e-05,-0.0001601462258,-0
2023-08-25,0.00320876878811,0.000873474124975,-2.92887289787e-05,-8.18317912072e-05,-2.00382131715e-05,-6.74415073443e-06,-0.000123324179573,3.12925903213e-05,-0
2023-08-28,0.00289549901414,0.00146053840592,0.000388982498421,0.000285212789656,0.000173038017678,2.01434324036e-05,0.000272400766087,0.000394692692042,-0
2023-08-29,0.00660299920899,0.00179176411181,0.000522058104274,0.000837146189076,0.00044330555967,0.000173564460539,0.000923902056135,0.000511141900204,-0
2023-08-30,0.0018864479519,-3.0501742523e-05,-0.000143327183179,-5.33429306307e-05,-6.53762500814e-06,-5.27856188733e-05,0.000236159933466,0.000153071058395,-0
2023-08-31,-0.000671636763572,-0.000457091285321,-0.000467264126801,0.000186490103974,0.000124001853965,7.24305589246e-05,-0.000157124736459,-0.000310640715046,-0
2023-09-01,0.000856279069053,0.000213652172553,0.000420300342851,-0.000668891387757,-0.000378820005554,-0.000180944037716,4.72143830217e-05,7.14193373253e-05,-0
2023-09-05,-0.00198708605507,-0.00125098340891,-0.000229167237406,-0.000695324800012,-0.000373442787426,-6.94361511786e-05,-0.000770907170109,-0.000489532579484,-0
2023-09-06,-0.00309553980758,-0.000552446878017,-0.000182477303398,-0.000121108948407,-0.000158165966307,-5.32039864999e-05,-0.000427290384649,-8.7198544431e-05,-0
2023-09-07,-0.00141079214287,-0.000555030105428,-0.000405309848073,0.000405462158432,0.000211865791966,0.000126972687475,0.000100701221834,0.00026282944538,-0
2023-09-08,0.000690865896662,-0.000185269984122,7.73053049323e-05,6.76354023304e-05,1.32615505318e-05,8.03036368867e-05,3.18389053983e-05,-0.000165112861058,-0
2023-09-11,0.00301934739894,0.00157367803855,0.00044418363878,-0.000148746518345,-0.000105999308164,-3.34337744207e-05,0.000175015172931,5.15285630518e-06,-0
2023-09-12,-0.00252259748233,-0.000614080630817,-0.000105707840991,4.03598483391e-05,8.5705167474e-05,1.66348905494e-05,-0.000485524165285,-2.05281144348e-05,-0
2023-09-13,0.000535222486743,-0.000277373165511,-3.85665775734e-05,0.000189093236374,7.27961202336e-05,4.67485047515e-05,-0.00021716028622,-0.000458340943368,-0
2023-09-14,0.00396274110412,0.00188004840628,0.000231478021455,-0.000175590132428,-0.000138991837183,-5.67756292923e-05,4.76740014501e-05,0.000752013828311,-0
2023-09-15,-0.00554903624622,-0.000306199350453,-0.000201224193117,-0.00029526376679,-0.000190670530436,-8.62752888389e-05,0.000615782084882,-0.00015865160218,-0
2023-09-18,0.000268569537417,-0.000527379875545,-6.0278881221e-05,0.000189042959732,5.95514135915e-05,7.34574533985e-05,0.000556059159735,-0.000375904249022,-0
2023-09-19,-0.000949867519103,3.10204706243e-05,-0.000194383771456,-0.00037800510878,-0.000224907561344,-0.0001001603996,-9.0010911938e-05,-0.000190483249617,-0
2023-09-20,-0.0042108676059,-0.000466232911721,-0.000116875326831,-6.76489670071e-05,-4.64172993375e-05,-7.35954997428e-05,6.89798373731e-05,3.61136976263e-05,-0
2023-09-21,-0.00753769937821,-0.00234251013357,-0.00062638563056,-0.000883734527912,-0.000459600185323,-0.000184901733197,-0.000693154282465,-0.00142573316189,-0
2023-09-22,-0.00102295529488,0.000158419114779,0.000456673089066,0.000551651738093,0.00024324637843,0.000122774684263,0.000308279855414,-0.00031026737987,-0
2023-09-25,0.00190784911283,-0.000538330472162,-0.000148838120995,-0.00103381017916,-0.000459221905501,-0.000269272280402,-0.000497327885499,-3.68021192987e-05,-0
2023-09-26,-0.00670062388895,-0.00199710516135,-0.000456936968813,-0.000165601500251,-2.0317234038e-05,-8.8714797254e-05,-0.000768441972149,-0.000741928768148,-0
2023-09-27,0.000181428498132,-0.000320511516652,5.02168659905e-05,-0.000460396291495,-0.000280239283287,-5.86386711597e-05,-0.00119276680742,-0.000271326111388,-0
2023-09-28,0.00264138274688,0.00115657268271,8.05322471149e-05,0.000391570504073,0.000171297510397,0.000183273033488,-0.000477142067381,0.000386079835301,-0
2023-09-29,-0.00110709930299,-0.000447760224945,4.00864783099e-05,-0.000125270019772,1.36319212183e-05,-7.22986082725e-05,-0.000971803652447,0.000117918988644,-0
2023-10-02,-0.000181465049265,-0.002180274973,-0.00014064921426,-0.000913889370827,-0.000508028609596,-0.000217427569925,-0.000985240052942,-0.0007469802897,-0
2023-10-03,-0.00614103872889,-0.00174165275353,-0.000505335799182,-0.00102766562853,-0.000517230604958,-0.000253841467486,-0.00026978313066,-0.00078382057121,-0
2023-10-04,0.00333343363038,6.52475334289e-05,-0.000163540169659,0.000925437420613,0.000397589251626,0.00015826082466,-1.11393384567e-05,0.000486570136877,-0
2023-10-05,-0.000172891576274,0.00126555226399,0.000162695477633,8.49858208659e-05,0.000117930336738,-5.24880171047e-05,-0.00017172991282,0.000222984674165,-0
2023-10-06,0.00543635203958,0.00145817276492,0.000538145989035,-0.000509197255385,-0.000367218200575,-0.000129252811559,0.000481251579168,0.000108628853685,-0
2023-10-09,0.00294554525911,-9.65198336973e-05,-0.000241988044007,0.00134836974395,0.000791253560836,0.000350380358383,0.00171385722265,0.000436843355392,-0
2023-10-10,0.00239267473771,0.00175704618266,0.000620659029824,-0.000125466872399,-0.000122960615944,1.37805399875e-05,-0.000158158702232,0.000192757602388,-0
2023-10-11,0.00188422087155,0.000604207743597,0.000119572755954,0.000596818019524,0.00034000076055,0.000157710405496,0.000684022838206,0.000698238951903,-0
2023-10-12,-0.00280153444951,-0.00120232842335,-0.000416407980758,-0.00111862605324,-0.000595359904642,-0.000225137506381,-0.000286268866211,-0.000593944461291,-0
2023-10-13,-0.00229151160531,-0.00124295814535,-0.000149808747993,0.000556461007213,0.000395261115062,0.000230212671661,0.00303047407349,-0.000101496849617,-0
2023-10-16,0.00481438724527,0.00108314686102,0.000279520150654,-0.000723097956658,-0.000367841587137,-0.000103029641996,-0.000473136417012,0.000480550227838,-0
2023-10-17,-2.1069018172e-05,3.17033437618e-05,-0.00016886755751,-0.000927043532338,-0.000603245107405,-0.00017088450929,0.000178568098323,-5.84321273159e-05,-0
2023-10-18,-0.00614129820789,-0.00234983035167,-0.000636816389771,-0.000595953317878,-0.000285181399308,-7.5312796142e-05,0.00139856814753,-0.000862194701845,-0
2023-10-19,-0.00403398787029,-0.00112209190396,-0.000140649217325,-0.000489787340499,-0.000301625394932,-3.11074508551e-05,0.00121501994487,-0.000951105674363,-0
2023-10-20,-0.00562509568836,-0.00128995532909,-0.000464850829579,0.000464511490678,0.000358574454795,0.000107777339478,0.000275264757607,-0.00026485002794,-0
2023-10-23,-0.000788718466322,6.49252106063e-05,-8.13682516498e-05,0.000510042401744,0.000291503305677,7.00510004654e-06,-0.000343537520165,-0.000386255059038,-0
2023-10-24,0.00342746093921,0.000682088346277,0.000478373304088,0.00046782513271,0.000111117190328,3.15163361971e-05,-1.10923676557e-05,0.00050086093977,-0
2023-10-25,-0.00653663507362,-0.00119501598171,-0.000414938297136,-0.000972705406171,-0.000545592515554,-0.000149734540727,0.000424552396633,-0.000844471692491,-0
2023-10-26,-0.00543108725397,-0.0010115812196,-0.000143161378402,0.000883086216669,0.000474480248754,0.000193500010608,0.000161545108238,0.000743828062601,-0
2023-10-27,-0.00203974426403,-0.000426006186247,4.10631143971e-05,-4.29134778538e-05,9.81032448771e-05,5.2991011354e-05,0.00119706188305,-0.000637080690555,-0
2023-10-30,0.00536490422796,0.00187101995531,0.000349727499216,-0.00031517490813,-0.000210579173805,-5.66293726927e-05,-0.000588370273813,0.000247567298658,-0
2023-10-31,0.00283298221225,0.000293509775857,-0.000183926458213,-8.54211279571e-05,-0.000132482751392,-9.13910868793e-05,-0.000562222432717,0.000666763825778,-0
2023-11-01,0.00482776419362,0.00139827866463,0.000275130070593,0.00144786622526,0.000717513982147,0.000314099884584,-0.000321976792566,0.000245259677027,-0
2023-11-02,0.00869057629847,0.00309423798292,0.000595908453554,0.000790201813055,0.000387009807378,0.000164042747462,0.000335641503931,0.00130193093086,-0
2023-11-03,0.00415272793105,0.00177766356416,0.000706244945392,0.000792185168639,0.000476467448836,0.000182189271548,0.000363077341565,0.000962991283238,-0
2023-11-06,0.00104676891595,-0.000440268096746,0.000118258335396,-0.000647092445989,-0.000357399290527,-9.19375981022e-05,-0.000773063250699,-0.000590327487571,-0
2023-11-07,0.00130034901734,-0.00103958885497,9.86755048172e-06,0.000689556890598,0.000351263423108,9.55111650655e-05,-0.00040872363934,-0.000332638055522,-0
2023-11-08,0.000335358219342,-0.000314821760805,-0.00017756328811,0.000441048274713,0.000249775826342,7.84072988989e-05,-0.000978117680825,0.000131909703217,-0
2023-11-09,-0.00357440936466,-6.29738361907e-05,-0.000345354593527,-0.00108907733684,-0.000614448766582,-0.000300070578363,0.000387040565771,-0.000633321115027,-0
2023-11-10,0.00714071826033,0.000728800548978,0.000268082221711,0.000305204175459,6.79534486785e-05,1.37261626012e-05,-0.00107104104359,0.000371761535876,-0
2023-11-13,-0.000439538583329,0.000188643410559,6.89611783003e-05,-1.37214143349e-05,-3.37186483307e-05,-2.384070752e-05,0.000536726821014,-0.000331995652987,-0
2023-11-14,0.00893818153117,0.0037415915646,0.000906436433479,0.00162424544107,0.000923637553403,0.000289420956821,0.00086417240761,0.00219226629479,-0
2023-11-15,0.000975244895205,-0.000123356647402,0.000270607123651,-0.000796645228819,-0.000476119515837,-0.000150285222104,-0.00025271617324,0.000118888873968,-0
2023-11-16,0.000564958332833,-0.000308551373735,-0.000406081062055,0.000702431559274,0.000456489102934,0.000126962484174,0.00107978891101,-8.79148885159e-05,-0
2023-11-17,0.000573909700375,0.00172419016202,0.000154369037315,0.000256099381809,3.9618467608e-05,3.66729999939e-05,-1.05143852078e-05,-3.09597661151e-05,-0
2023-11-20,0.00354665521163,0.000614120362679,0.000413723773926,0.000201659556298,8.55780970843e-05,0.000103077307032,-0.000157252293935,0.000298481036292,-0
2023-11-21,-0.00100677097833,-0.000549906881291,-0.000229739007858,0.000133768151182,7.86187218891e-05,-7.277930264e-05,0.00103258790277,-0.000286725316512,-0
2023-11-22,0.00178114409788,0.000275188629813,-0.000105395643741,0.000120464482763,-1.96696158259e-05,3.31034990341e-05,-0.000412365832908,0.000199866047001,-0
2023-11-24,0.000284536623931,0.000915593886237,0.000124317768777,-0.000587877389466,-0.000314125704454,-0.000145412044518,0.000500164393095,0.000117647864764,-0
2023-11-27,-0.000832322883864,-0.000365879599746,-0.000181540384387,0.000720802522752,0.000457686715847,0.000112269946269,0.000650668917491,0.000148203702082,-0
2023-11-28,0.000456435406245,0.000243746700078,0.00031509415686,0.000560339073775,0.000267872682858,0.00013528431515,0.0012952079465,0.000270681945821,-0
2023-11-29,-0.000323471061247,0.00033397424092,-0.000218832628797,0.000624739989543,0.000319010416987,0.000138091202922,0.000145131368072,0.000284978278864,-0
2023-11-30,0.00180676706863,-6.06423832985e-05,0.000114024900113,-0.000424864267008,-0.000299110487446,-6.23810164558e-05,-0.000408942986693,0.000299852907634,-0
2023-12-01,0.00272275973989,0.00142380466336,0.000161379591665,0.00112264659455,0.000572509588263,0.000176263287734,0.00168592196479,0.00102056554429,-0
2023-12-04,-0.00240886708541,-0.0012310883132,-0.000338727256512,-0.000487832625929,-0.000251790789604,-0.000143430382088,-0.00212728671147,0.00030699865915,-0
2023-12-05,-9.05262368182e-05,-0.00045343874298,-0.000132620382888,0.000849408549388,0.000428969238945,0.000187049031207,-0.000366397692537,-0.00028372887682,-0
2023-12-06,-0.001851248337,0.00027201290577,-4.7356449068e-05,0.000331806251841,0.000253432884272,3.60862455763e-05,0.00035602513759,-0.000126644158884,-0
2023-12-07,0.00349383910426,0.000665484398813,0.000151650437142,3.98069788846e-05,-9.10588561314e-05,-2.95530357048e-05,0.000160075697436,0.00012166444205,-0
2023-12-08,0.00197466582287,0.000331209962686,-0.000188713555347,-0.00064781160457,-0.000394926887283,-4.2494763555e-05,-0.00129028250948,-7.0647816623e-05,-0
2023-12-11,0.00179487043236,0.000391610174528,0.000169901231152,1.32024854012e-05,6.47201878669e-06,-7.19277717576e-05,-0.00105416708968,0.000116122586723,-0
2023-12-12,0.00211283212867,3.00605669661e-05,0,0.000383035392352,0.000129362548943,-1.96050687276e-05,-5.13478549353e-05,-2.52154346634e-05,-0
2023-12-13,0.00639213283013,0.0022503643793,0.000357284982494,0.00160718040388,0.000903116924388,0.000465777292315,0.00212056872695,0.00161429123543,-0
2023-12-14,0.00148484358655,0.00121118463113,0.000499863645475,0.00103018530489,0.000504493006027,0.000375187126134,0.000554716534418,0.00124273827238,-0
2023-12-15,-0.000758979436833,-0.00143758129749,-0.000220640201917,-0.000297151897394,-5.06096293387e-05,-5.73376769295e-05,-0.000866441698097,-0.00061956326418,-0
2023-12-18,0.00259992065059,0.000477637850696,-4.71812858619e-06,-0.000259496646482,-0.000133413021295,-0.000102340779699,0.000427554492173,-9.87777828368e-05,-0
2023-12-19,0.00281811251032,0.00133942136197,0.000263327227013,0.000155279716949,0.000114024923223,2.23126540892e-05,0.000641975710705,0.000329919577812,-0
2023-12-20,-0.00642465491795,-0.00145024411656,-0.000794853241351,0.000463064210596,0.000296055107769,0.000136375233614,-0.00051366981893,-0.00052880354725,-0
2023-12-21,0.00437380382992,0.00235895089189,0.000726450319307,-1.30170805053e-05,-9.52999455005e-05,-5.76022112542e-05,0.000669176425703,0.000384068808253,-0
2023-12-22,0.00092793966565,0.00032571352977,-0.000130990649906,-0.000167297083859,-5.67397166717e-05,-6.66223990781e-05,0.000419149400891,0.000168615751852,-0
2023-12-26,0.00195107879275,0.000621007088836,0.000242914776517,0.000257035361261,3.7760427303e-05,1.90041935482e-05,0.000722494417706,0.000321906380631,-0
2023-12-27,0.00083551400665,0.000795129882909,0.000204696916487,0.000806305238683,0.000470078213731,0.000154620220561,0.000431693585722,0.000212070505971,-0
2023-12-28,0.000174143550403,-0.00023469118825,0.000231705684741,-0.000280458562557,-0.000230984195118,-0.000110013604534,-0.000553579606537,0.000309486254067,-0
2023-12-29,-0.00133631312574,-2.93522521038e-05,0.000102011243561,-0.000242394331712,-0.000149963975735,-4.08847200303e-05,-0.000148385444212,-0.00052109261341,-0
2024-01-02,-0.0025819597949,-0.00155944418019,-0.000446224000322,-0.000601031576465,-0.000225447750481,-4.72892149698e-05,-0.00022310233656,0.000374507582803,-0
2024-01-03,-0.00376673546879,-0.0011240362222,-0.000112157220615,6.42794675007e-05,0.000144827608608,5.38801949663e-05,-0.000792506656318,-0.00105520280443,-0
2024-01-04,-0.00148333053694,0.000327525958042,-6.58573078469e-05,-0.000517667773922,-0.000367600637565,-0.000159519522433,9.53314989215e-05,-7.97911162351e-05,-0
2024-01-05,0.000630130334762,8.95390637748e-05,5.65759221267e-05,-0.00029827159886,-0.000222307662192,-7.67529292548e-05,1.50854921254e-05,-0.000109956057936,-0
2024-01-08,0.00657609913859,0.00146220924787,6.60079971443e-05,0.0004798424522,0.000203244234928,9.27245066342e-05,-0.000744190876032,0.000619707178947,-0
2024-01-09,-0.000702607706093,-0.00127202109035,-0.000439297672852,-2.56828148269e-05,-2.51903439686e-05,-6.65586901078e-05,2.99065973014e-05,-0.00029229467988,-0
2024-01-10,0.00262269852911,0.000771266478328,-3.74902387719e-05,-0.000244976631465,-9.4720426251e-05,-2.86077301368e-05,-0.000214936161755,4.96827639842e-05,-0
2024-01-11,-0.000205020280472,-0.00014788843908,0.000158885945217,0.000719987224405,0.000321119457285,0.000180663420012,0.000184425162081,-0.000401295458573,-0
2024-01-12,0.000321847841468,0.000502479004859,0.000177436317667,0.000231182064844,0.000163574484445,0.000145687260675,0.000916416129658,0.000257405998854,-0
2024-01-16,-0.00170178914802,-0.00250558976956,-0.000782340625893,-0.00094801111539,-0.000489404857949,-0.000173714230125,-0.000894061612292,-0.000315947002068,-0
2024-01-17,-0.00258743627623,-0.00151522547856,-0.000497499768565,-0.000348704249875,-0.000196004411815,-0.000105047995046,-0.00103626688274,-0.000786153134764,-0
2024-01-18,0.00414571121037,0.00125671562886,0.000217436863889,-0.000116963338792,-0.000133740639818,9.61735017129e-06,0.000771388591416,-0.000230505486837,-0
2024-01-19,0.00582881022558,0.00044617961972,0.000338334139918,2.58681499233e-05,6.33494878488e-06,2.54953433546e-05,0.000280675796995,0.000503139493763,-0
2024-01-22,0.000993549723763,0.000354295135893,-0.000289191864352,0.000230970825139,0.000182231841273,1.58140294629e-05,-0.000353220878348,0.000252175382727,-0
2024-01-23,0.00137140474763,-0.000235873740567,0.000204944352926,-0.000307574536958,-0.000150593294555,-0.000110566087507,0.00036267012038,-0.000291325797845,-0
2024-01-24,0.000515087869234,0.000854350845781,0.000474702875482,-0.000281630674057,-0.000169309879132,-7.89126482638e-05,-0.000769410339477,-0.000601908589576,-0
2024-01-25,0.00256584565618,0.000353514539208,9.3082672123e-05,0.00056333693537,0.000257103260373,0.000113641011724,0.000367354341835,0.000532861398434,-0
2024-01-26,-0.000599692104126,0.000586373157075,9.26035856904e-06,-0.000140149532731,-0.000106092820633,-3.140986563e-05,-6.4225880957e-05,-0.000117838791724,-0
2024-01-29,0.00373522946278,0.000821293659957,9.27218752907e-06,0.000497193194978,0.00035586101422,0.000147709868592,0.000652421416237,0.000275087534899,-0
2024-01-30,-0.000365331602405,-0.000174838832717,-0.000349908850953,0.000240602693192,8.06406552654e-05,-1.56147645339e-05,0.000127674692408,-0.000390457837732,-0
2024-01-31,-0.00770752148133,-0.000787531951825,-0.000138231447101,0.000570481160865,0.000496641495906,0.000218768515662,-6.88073600036e-05,-0.00039568015664,-0
2024-02-01,0.00612910534556,0.00146986826881,0.000250787712583,0.000721440078001,0.000373835345899,5.9849243422e-05,0.000970895056352,0.00074836038833,-0
2024-02-02,0.00494154482388,-0.00098892442089,-0.000257313465092,-0.0011537062465,-0.000781926228479,-0.000324109648161,-0.00088217619225,-0.0005163430401,-0
2024-02-05,-0.00172706351384,-0.000901602344642,9.18934616222e-05,-0.00102694824082,-0.000577119757637,-0.000186984528016,-0.000509678764016,-0.000862146333021,-0
2024-02-06,0.00137994828351,0.000848270843312,0.000905724209776,0.000650315929635,0.000318276969092,0.000112834880072,0.000483028318962,0.000543768167551,-0
2024-02-07,0.00395503508787,8.72920651317e-05,-2.75837222908e-05,-0.000253715087377,-0.000105526846083,-6.23585671351e-05,-2.45173893402e-05,-5.84812001822e-05,-0
2024-02-08,0.000210435352365,-0.000231952673836,-0.000192395774644,-0.000379182619369,-0.000191788609144,-2.48540964986e-05,-8.30615802953e-05,0.000330221945668,-0
2024-02-09,0.00275656559274,0.00049322615126,0.000146669947453,-3.79117846903e-05,-0.000105237812967,-4.66302660776e-05,-0.00035687872411,6.31665049178e-05,-0
2024-02-12,-0.000209942249922,0.000347143499615,0.000164522114752,2.51797742587e-05,5.55544585724e-05,1.23979285801e-05,-0.00023885703683,9.69001401289e-06,-0
2024-02-13,-0.00658402749363,-0.00245857240976,-0.000685405152568,-0.00113468362672,-0.000641829669583,-0.000210735061247,-0.0012574338698,-0.000842862812693,-0
2024-02-14,0.00434435746994,0.0017011219338,0.000537475237383,0.000549745241897,0.000219041874764,0.000141409840861,-5.43628334524e-05,0.000319265633396,-0
2024-02-15,0.003302856783,0.00154249094134,0.000229884308911,0.000291755384547,0.000161434383085,4.05390987807e-05,0.000608099044274,0.000945588469184,-0
2024-02-16,-0.00238324855256,0.000115585708869,0.000182606803073,-0.000390504957658,-0.000252787026213,-3.40653040472e-05,0.000331110218696,-0.000425888375801,-0
2024-02-20,-0.00262919970674,0.000492682640628,7.32505278882e-05,0.000113714156518,9.89419503707e-05,1.55276516479e-05,0.000551812212451,-7.28067823055e-05,-0
2024-02-21,0.000430739001069,8.70437868393e-05,3.66787240763e-05,-0.000366864650051,-0.000185775909483,-3.73081149069e-05,4.88721779799e-06,0.000228433301778,-0
2024-02-22,0.00984922986106,0.00147975030025,0.00033001342104,0.000101219078236,6.18451503898e-06,-4.35283728704e-05,3.91123888525e-05,7.77360863182e-05,-0
2024-02-23,0.00033110649074,0.00022939863454,9.06795579815e-06,0.000449971057567,0.000263101167271,8.29581228465e-05,0.000512162241288,-1.92096743002e-05,-0
2024-02-26,-0.00175622737789,-0.000314845342663,-0.000126605627395,-0.000262010256993,-8.54886338389e-05,-1.22661513609e-05,-0.000202555331068,-0.000445790293898,-0
2024-02-27,0.000890416338129,0.000258421682219,0.000117932560543,-0.000162725022509,-0.000128668622416,-3.9995778239e-05,-9.67640734804e-05,4.81055680657e-05,-0
2024-02-28,-0.000634097455565,-0.000745879630856,-0.00058010135054,0.000237607597072,0.000208122049322,0.00010450751179,0.000164353926829,0.000408382315887,-0
2024-02-29,0.00172387713023,0.000315818839575,8.16407778491e-05,0.000200288341501,0.000116391055992,0.000101526548343,0.000469290571402,0.000346213517354,-0
2024-03-01,0.00450305795258,0.00148805204293,0.000497278193693,0.000582950936784,0.000262630858493,0.000122648804307,0.00172622800227,0.000488830120883,-0
2024-03-04,-0.000514235892652,-0.000368452403253,-0.000152224884765,-0.000297375015562,-0.00012733032327,-2.73395221502e-05,0.00149000816809,0.000384484949642,-0
2024-03-05,-0.00478533366575,-0.00033996828844,-0.00025064161925,0.000656439619686,0.000351531192312,0.000148743110454,0.000563315097099,-0.000502955597833,-0
2024-03-06,0.0024120209393,0.00167851577883,0.00045843341082,0.000186567212735,0.000139966397705,1.22000371939e-05,0.000776586987562,0.000204879212264,-0
2024-03-07,0.00472126045341,0.00161215769044,0.000178716998415,0.000259655446373,9.68059931485e-05,-1.8181855596e-05,0.000538536603113,-9.47375654286e-06,-0
2024-03-08,-0.00286197431622,-0.000393071164055,-6.20967027881e-05,0.000110455371372,4.20486894373e-05,2.70704794505e-05,0.000799519645305,0.000470213878368,-0
2024-03-11,-0.000408239850394,-0.000703219685994,9.77688136025e-05,-0.000135228281554,-7.22125720996e-05,-5.72635868285e-05,0.000175367757594,-0.000197861074947,-0
2024-03-12,0.00511030409249,0.00107027975261,0.000320358520848,-0.000307830825311,-0.000234981351872,-6.33735089867e-05,-0.00104884831671,-8.96231742555e-05,-0
2024-03-13,-0.000749000173354,2.80422540829e-05,-0.000212562544574,-0.000220584047462,-0.000125942662565,-4.50532282336e-05,0.000661285860283,-0.000206562565281,-0
2024-03-14,-0.000944074029713,-0.000925842476142,-0.000203889681282,-0.000760496215844,-0.000420130810356,-0.000195404923975,-0.000397112829647,-0.000610853681448,-0
2024-03-15,-0.00328746819708,-0.000121888444689,-0.000107839813118,-1.23479832524e-05,-9.64643926573e-05,-2.11336726483e-05,-0.000303917993491,-8.96603763907e-05,-0
2024-03-18,0.00283726438062,2.84465246993e-05,8.05385996956e-05,-0.000123699029793,-6.65962944921e-05,-3.03196155436e-05,0.000152571874114,1.8952238809e-05,-0
2024-03-19,0.00266103719852,0.000227019326355,-0.000151689401504,0.000296038785138,0.000162979875678,4.53467769478e-05,-0.000109344926981,-1.4170112648e-05,-0
2024-03-20,0.0044398010101,0.001527679324,0.000293544902519,0.000245937549749,0.000132374864518,0.000126579437952,0.00112798220774,0.000263790639174,-0
2024-03-21,0.00158797104196,8.41766669947e-05,2.64647560831e-05,8.54042628591e-05,5.96698150618e-06,5.67942497271e-05,-9.87189077126e-05,0.000289687602318,-0
2024-03-22,-0.000912100736828,-0.000476054006358,-0.000237741333668,0.000377314770799,0.000273998151144,0.000110384406933,-0.000760025812627,-0.000506968044584,-0
2024-03-25,-0.00132967578048,-0.000196465891418,0,-0.000219531002558,-0.000149249405113,-0.000101644258463,0.000300899003546,-0.000245065623299,-0
2024-03-26,-0.000888125785214,0.000196847920665,-7.95707884394e-05,0.000122212570954,8.37486302897e-05,8.98081200426e-06,0.000306192209634,-0.000160549541856,-0
2024-03-27,0.00403529584387,0.000928295980372,9.72994855771e-05,0.000391224235162,0.000215393816349,9.88897094928e-05,0.0006880467109,0.00102038555985,-0
2024-03-28,-9.18409511826e-05,-0.000279213343991,0.00012290331658,-0.000145600121993,-5.34501817526e-05,1.18995853001e-05,0.00122554523776,0.000286012827498,-0
2024-04-01,-0.000835165520168,-0.000557837739744,0.000149082854464,-0.000863313698061,-0.000508106966036,-0.000206626635849,0.000981255854495,-0.000679156547075,-0
2024-04-02,-0.00305427593585,-0.000866824217634,0.00012309560982,-8.53272794875e-05,-0.000119292224983,8.94073394417e-06,0.00143811859913,-0.000502447439624,-0
2024-04-03,0.00052593512712,0.000757290627877,5.29145250139e-05,7.33605408122e-05,6.58006819599e-05,0,0.00086928207393,4.23950095913e-05,-0
2024-04-04,-0.00583658909649,-0.00111925316334,-0.000131969513938,0.000280554299898,0.00019101715288,0.000119301522118,-0.00057188988,-0.000253732726482,-0
2024-04-05,0.00497084652582,0.000507385007631,0.000115214625553,-0.000589847013775,-0.000372804330969,-0.000135199538711,0.00170943259047,0.000203543620863,-0
2024-04-08,0.000267197042478,0.000672186360856,0.000228969082786,-0.00010989976647,-0.00012545865888,-1.19488734098e-05,0.000628743168494,0.000423299900415,-0
2024-04-09,0.000551805584986,2.79502285349e-05,0.000325182228188,0.000402141539502,0.000220628792469,8.34250358151e-05,0.00055726460977,0.000530444688787,-0
2024-04-10,-0.00476943348746,-0.00209079602468,-0.000411967222526,-0.00140977901107,-0.000737391779852,-0.000306065787703,-0.000962076934636,-0.00166662320796,-0
2024-04-11,0.00360328450387,0.000508072404272,0.000124251538043,2.46435902796e-05,-7.82789390583e-05,-2.70806821112e-05,0.0019813268395,0.0001327280805,-0
2024-04-12,-0.0065986323964,-0.00241233297063,-0.000723219009797,0.000220112287253,0.000227389092814,0.000110628376671,-0.00136748103254,-0.000461640336165,-0
2024-04-15,-0.00597216941338,-0.000482165638636,-0.000231860821657,-0.000717168410572,-0.000356966488529,-0.00010278808602,0.0019291212698,-0.000662051960218,-0
2024-04-16,-0.000864203346071,-0.00145608974737,-0.000457827672485,-0.000336069557051,-0.000219257931818,-0.000130857607623,0.000129145271804,-0.000541790190975,-0
2024-04-17,-0.00281021503583,8.59898408395e-05,6.30774948445e-05,0.000549813691758,0.00035463030423,0.000125258070603,-0.000782679196241,-0.000279159873196,-0
2024-04-18,-0.00097385808097,-0.000143695593731,9.93988954479e-05,-0.000338288660895,-0.000196194289719,-4.28953092372e-05,0.000361099930653,4.81994358255e-06,-0
2024-04-19,-0.00412777412031,8.63282117042e-05,-0.000108568322193,0.00012543306037,7.36763121474e-05,4.90809972217e-05,0.00033262210818,0.000183623015717,-0
2024-04-22,0.0043317340438,0.00150135224832,0.000317737310363,7.55176173079e-05,6.14978327774e-06,3.08587162956e-06,-0.00264098102101,0.000339403283023,-0
2024-04-23,0.00561098927474,0.00140921057439,0.000307453685842,0.000250763590457,7.36214660214e-05,3.0642860755e-05,-0.000255361562792,0.000352559432772,-0
2024-04-24,-0.000225314664564,-0.000399521680637,0.000116644989824,-0.000311058220233,-0.000170460688884,-6.69152534408e-05,-0.000191229916827,7.18916409338e-05,-0
2024-04-25,-0.00180478717674,-0.000599970544273,0.000116782321606,-0.000336285179011,-0.000213301156064,-4.87308138446e-05,0.000612664959601,-0.000220708443536,-0
2024-04-26,0.00449510827918,0.00103111459669,0.000432282939845,0.000262241852088,0.000152744809968,8.2434726228e-05,0.00033588782571,1.92389748414e-05,-0
2024-04-29,0.00168475322538,0.000768113080254,0.000375684196653,0.000359651890786,0.000224527309224,7.88441035642e-05,-0.000209703282012,0.000391746948627,-0
2024-04-30,-0.00753506424267,-0.00195575542703,-0.000507996645403,-0.000481924199127,-0.000259985222204,-0.000154091717533,-0.00204660795105,-0.000652115722237,-0
2024-05-01,-0.00154108207085,-0.000172418547182,4.51729478306e-05,0.000420951554553,0.000221943375732,5.33458520586e-05,0.000924277838611,1.44820257133e-05,-0
2024-05-02,0.00442464689871,0.00204024044562,0.000930641426433,0.000540381943233,0.000264358636076,0.000117167895276,-0.000317725816295,0.000540473419587,-0
2024-05-03,0.00586837363135,0.00128217339623,0.000340444067994,0.000610539325201,0.000310880323093,0.000165085810705,-8.11460222998e-05,0.000258381166377,-0
2024-05-06,0.00490680459013,0.00110156526046,-7.10595170365e-05,8.64511069863e-05,4.83471742521e-05,1.51547421596e-05,0.00105994549288,3.32036131069e-05,-0
2024-05-07,0.00052589457734,0.000196313749372,-0.000273344228371,0.000245287762874,0.000144007489583,-6.01968103535e-06,-0.000465115751032,0.000362635869062,-0
2024-05-08,4.60303836798e-05,-0.000140116949709,-3.52435833417e-05,-0.000245108916754,-0.000155905649746,-3.60842511484e-05,-0.000295772151329,-0.000324724738856,-0
2024-05-09,0.00275080672854,0.00103810446285,0.000149966805984,0.000220894120198,0.000168098298093,0.000114401331141,0.00158401181971,0.000786846840768,-0
2024-05-10,0.000614467368007,5.57290992541e-05,7.88586028951e-05,-0.000243770214389,-0.000178871934555,-5.08294149369e-05,0.000821666069138,-0.000107635551686,-0
2024-05-13,6.39155595895e-05,-2.78370017398e-05,0.000297612988814,6.0861887015e-05,6.5521368874e-05,1.19416100023e-05,-0.00114266507172,0.000126232764127,-0
2024-05-14,0.00219037953241,0.000974905577166,0.000192685328012,0.000316742043265,0.0001609037167,5.97828195594e-05,0.000853962361645,0.000299369886228,-0
2024-05-15,0.00590874242745,0.00141346103469,0.000331134403709,0.00077568734495,0.00041507841438,0.000160578294173,0.00130004561372,0.000539880486914,-0
2024-05-16,-0.000983223743074,-0.000795123290139,0.000146552102783,-0.000131932427483,-0.000105588532764,-4.41265466133e-05,-0.000395015781092,-2.76242665633e-05,-0
2024-05-17,0.000687186505755,0.000494669554781,0.000276506046232,-0.000372559255195,-0.000170519749799,-2.94873980828e-05,0.00167123926497,-4.61676485633e-06,-0
2024-05-20,0.000550049720209,5.48183653093e-05,-8.61848707575e-05,-0.000107891855276,-8.21087767112e-05,-1.1765419316e-05,0.000413298564381,-0.000230161542716,-0
2024-05-21,0.00117193907629,-0.000219186295167,-0.000223982657235,0.000215665814548,0.000140689653231,5.88001388493e-05,-0.000151468932852,-1.37965245466e-05,-0
2024-05-22,-0.00137778996981,-0.00131378716422,-0.000111878340297,-0.000143633292705,-7.02736006552e-05,-5.88012556543e-06,-0.00188920505289,-0.000349336389922,-0
2024-05-23,-0.00350356798784,-0.00077046722086,-0.0002941504962,-0.000324876812756,-0.00019425985771,-0.000121052546983,-0.00202366236009,-0.000831741120395,-0
2024-05-24,0.00317608332543,0.00113732471054,0.000122106048522,0.00013346258058,7.12047249596e-05,3.8695746298e-05,9.29422567791e-05,2.79410803882e-05,-0
2024-05-28,0.000336058938943,2.76159386345e-05,-0.000104166400448,-0.000543285946079,-0.000307132606448,-9.47945537134e-05,0.001049873555,-0.000250334749659,-0
2024-05-29,-0.00336939494874,-0.00240153362021,-0.00047736735904,-0.00044663046494,-0.000265772497732,-7.40430433091e-05,-0.000938764512629,-0.000366223710145,-0
2024-05-30,-0.00319628198503,0.00125260413815,-7.00191287961e-05,0.000547761929482,0.000273966544383,0.000122456176821,0.000191199040764,0.000551601524621,-0
2024-05-31,0.00436076534776,0.00122520498461,-0.000323938530985,0.000377478372425,0.0002561684487,0.000125487181791,-0.000592440947147,0.000715443625614,-0
2024-06-03,0.000391585859469,0.000359756335172,0.000374171953354,0.000706577969045,0.000359872652165,0.000133648909264,0.000890185438152,-8.83012189991e-05,-0
2024-06-04,0.000535525559107,-0.00041381883081,-0.000589871347901,0.00042360429071,0.00030194234084,9.83550663457e-05,-0.000901275296328,0.000296513480501,-0
2024-06-05,0.00570175264741,0.00096584413903,0.000477218334069,0.000363168268312,0.0002013335086,8.05008765238e-05,0.0011788875993,-4.63438411929e-05,-0
2024-06-06,-8.99100841937e-06,0.000355585261298,0.00017199993455,3.59956605343e-05,-2.34748105263e-05,-2.65955101013e-05,0.000737727335708,7.34959468001e-05,-0
2024-06-07,-0.000584099400457,-0.00172090752442,-0.000309187484527,-0.00103051302559,-0.000580305343613,-0.000259693537037,-0.00358314121521,-0.000362384816334,-0
2024-06-10,0.0014954730908,0.000192863922062,0.000199214907812,-9.67109815448e-05,-0.000118206551685,-4.4643964378e-05,0.000895320422248,0.000129527350053,-0
2024-06-11,0.00116598202058,-0.00156609935883,-8.63914988716e-05,0.000397768991848,0.000288889721766,8.60857505882e-05,0.000280775566608,-0.000138423754833,-0
2024-06-12,0.00398485209522,0.0016752720195,0.00029359544444,0.000554192933226,0.000306437784272,4.74640868848e-05,0.000262254763677,0.000341285803466,-0
2024-06-13,0.000977573678921,-0.00193545460432,-4.28538194543e-05,0.000585951109388,0.000362669181127,0.000123688227593,-0.000799191539713,0.000155653365987,-0
2024-06-14,0.000296214306742,-0.00122738587242,0.000102911508216,0.000119627638366,0.000128768538903,3.83110542101e-05,0.00126115805724,-9.16426482529e-06,-0
2024-06-17,0.00387397295161,0.000490599109019,0.000205680374466,-0.000418464449579,-0.000257339607103,-4.41708740114e-05,-0.000511409745074,-0.000151049150673,-0
2024-06-18,0.00124249048413,0.00054340758515,0.0002989995643,0.00041713469982,0.000239029413979,0.00012621353138,0.00039144376466,0.000150569163491,-0
2024-06-20,-0.00132733242067,0,-6.81169682508e-05,-0.000201891511805,-0.000139444724155,5.85320369183e-06,0.00122023977568,-0.000109125831002,-0
2024-06-21,-0.000653743175259,-0.00089972044801,-0.000128273656608,1.18622981337e-05,1.16389162944e-05,-4.68329162804e-05,-0.00153418982506,9.55424098082e-05,-0
2024-06-24,-0.00158801307295,0.00117961159563,-2.5733555143e-05,9.5416917104e-05,4.66538361226e-05,1.76137884387e-05,0.000387035912021,0.000296682323228,-0
2024-06-25,0.00187426948228,0.000191951235188,-0.000111479169093,-1.19346879728e-05,4.66347500237e-05,3.81580988959e-05,-0.00048701043164,-0.000474492918152,-0
2024-06-26,0.000609166380096,-0.000903927052802,-0.000102796391761,-0.000523840567367,-0.000331953954693,-9.38251775576e-05,-0.000900229029306,-0.0001185026474,-0
2024-06-27,0.000772248323787,0.00032947722997,-1.71687323769e-05,0.000190914739261,0.000122586809244,5.87837474405e-05,0.00109833590505,0.00037003823402,-0
2024-06-28,-0.00192501783661,0.000109498015034,9.41664613695e-05,-0.000571133380141,-0.000291022746472,-9.66966123688e-05,9.08322961446e-06,0.000305761796105,-0
2024-07-01,0.0010052060945,0.000109768759683,8.58274585541e-05,-0.000620959984204,-0.000406717936823,-0.000124767294943,0.000255079393097,-0.000365185581191,-0
2024-07-02,0.00329366843104,0.00030189385902,0.000137313670788,0.000382908258404,0.000204824267086,5.89950423305e-05,-4.55961459125e-06,0.000180287520526,-0
2024-07-03,0.00218899280476,0.00161183561444,0.000555319056561,0.000619323686795,0.000361213643174,0.00012332296037,0.00110188952572,-3.68164114307e-05,-0
2024-07-05,0.00282243916982,0.000868554546457,-8.49273841305e-06,0.000579859469453,0.000300986913682,0.000140020327763,0.00132449767083,0.000105166218808,-0
2024-07-08,0.00056467177789,-0.000593491349501,0,3.52919953787e-05,1.72654049671e-05,-1.15982279852e-05,-0.00122687232379,0.000122678023766,-0
2024-07-09,0.00047689180644,-0.000459086420311,0.00016046495176,-0.00010597211226,-7.48746020894e-05,-4.64436309264e-05,0.000165852063722,-9.08446467346e-06,-0
2024-07-10,0.00485695798932,0.0018902314177,0.000152001791776,0.000117723205537,5.18185224235e-05,5.80482840952e-05,0.0003585665224,0.000282011079172,-0
2024-07-11,-0.00424119782498,0.000535895802708,0.000293276313825,0.00058408900904,0.000342865487391,9.21471931171e-05,0.00173008460271,0.00109230949902,-0
2024-07-12,0.00307444541357,0.00136598622067,0.000175900411062,0.000315286871199,0.000114236266877,4.8942095092e-05,-6.22382644664e-05,0.000297766531793,-0
2024-07-15,0.00134173088888,-0.00103904182258,-0.000391575773064,-0.000394898468104,-0.000170448230634,-2.00424523264e-05,0.000318387332968,0.000264785927774,-0
2024-07-16,0.00290151795388,0.000799338255386,0.000241631664664,0.000464657801248,0.000238631309462,9.44961375882e-05,0.00197240521477,0.000484709948195,-0
2024-07-17,-0.0068516218088,-0.000767183097035,-0.000546001709171,8.07001636314e-05,4.51343582511e-05,1.13756989317e-05,-0.000465427874304,0.000271831137824,-0
2024-07-18,-0.00373331092809,-0.00133363510338,-0.000325305691386,-0.000313954739988,-0.000153582292725,-6.88058299682e-05,-0.000641947909574,-0.000354955147994,-0
2024-07-19,-0.00322360146713,-0.000805796214152,-0.000361173848792,-0.000234197871697,-0.000171819584266,-7.5049976947e-05,-0.00180553628192,-7.23847168125e-05,-0
2024-07-22,0.0050054058485,0.00132506361652,0.000287518046607,-4.71460802292e-05,-5.19062219634e-05,-3.77919379131e-05,3.14221271688e-05,0.000419066936211,-0
2024-07-23,-0.000764232465975,-0.000698254266962,-0.000386313599152,-1.1707821778e-05,4.00999418845e-05,-1.73095787739e-05,0.00034768507009,-3.1668725157e-05,-0
2024-07-24,-0.0110386215905,-0.00169447589907,-0.000386915955809,-0.000351799256331,-0.000120454546731,-9.25020331758e-05,-0.000348214949282,-0.000598040736515,-0
2024-07-25,-0.00251725007926,-0.00084617006344,-9.38896881118e-05,0.00032130372212,0.00012224308841,7.62749223587e-05,-0.00157211471384,-0.00013334454739,-0
2024-07-26,0.00540776163808,0.00178250362286,0.000411636456741,0.00041846462895,0.000263153302934,0.000100208463902,0.00104689739483,0.000711387794785,-0
2024-07-29,0.000284041298619,-0.000542933968672,-0.00012734464488,0.000189354058801,9.26270585165e-05,3.20948081165e-05,-0.000139685570515,0.000210352041321,-0
2024-07-30,-0.00245033252438,0.000298615230059,-0.000101878614995,0.000118392078744,0.000115803253447,2.33410590836e-05,0.000991324866042,0.000320115443773,-0
2024-07-31,0.00782679309923,0.00201029442117,0.000713621696617,0.000627708531739,0.000405526432305,0.000172268747552,0.00181717295415,-0.00014643711491,-0
2024-08-01,-0.00683764785106,-0.00348483529239,-0.000611953464155,0.000485348319508,0.000234508372638,4.12638836556e-05,-0.000347050619569,0.000410915929437,-0
2024-08-02,-0.00895333574088,-0.00235598398217,-0.000398023510589,0.00131451766408,0.000863063663846,0.000151587040413,-0.000193280567637,-2.28130818584e-05,-0
2024-08-05,-0.01387732185,-0.00311704622188,-0.00101751912379,-9.5649455592e-05,5.84867427028e-05,9.12402072145e-05,-0.0012979701471,-0.001202120292,-0
2024-08-06,0.00435408562801,0.000223286664448,0.000253143745875,-0.000732419244306,-0.000519449878024,-0.000189304130178,-0.000824698446132,0.000822854472988,-0
2024-08-07,-0.00317494156338,0.000639869329117,0.00028709343927,-0.000364983382318,-0.000208278275978,-9.88213767356e-05,-6.92596628573e-05,-0.000290540375595,-0
2024-08-08,0.0109438921881,0.00228867680189,0.000803002973876,-0.000183097278292,-0.000173123348141,-3.00488988432e-05,0.00160290793631,0.000413733739518,-0
2024-08-09,0.00210288359879,0.000467178987372,9.45317917871e-05,0.000420607351535,0.000229244402622,8.28294469979e-05,0.000250869440731,0.000194418698821,-0
2024-08-12,0.000250758798162,5.47505403404e-05,0.000162656850541,0.000203531457618,0.000158096045672,8.545960456e-05,0.00174935710906,-0.000308959480717,-0
2024-08-13,0.0078326208872,0.00218487481125,0.000281842428767,0.000477723056878,0.000251198765907,6.76242645325e-05,-0.000158661235158,0.000363442734637,-0
2024-08-14,0.00151018726456,0.000513109291098,-0.00023646690173,0.000212557459645,7.51027608098e-05,-1.74469936229e-05,-0.000833734948661,0.000109181049912,-0
2024-08-15,0.00822009567455,0.0016451477894,0.000404828498569,-0.000495340074311,-0.00035191828378,-6.67724700339e-05,0.000317833059169,-3.18035115263e-05,-0
2024-08-16,0.00108313838627,0.000801389276723,0.000384262944443,0.000280362196128,0.000108578107458,-1.15009846487e-05,0.00225233529552,-2.24918427008e-05,-0
2024-08-19,0.00460740885902,0.00156837545701,0.000382394980057,0.000127902365868,7.39072190122e-05,2.0033171868e-05,-0.000167666324949,0.000340306318946,-0
2024-08-20,-0.000785688789763,-0.0003695872727,-0.000363247665979,0.000346339394369,0.000220218834336,0.000122194885564,0.000372451440234,-4.89130250351e-05,-0
2024-08-21,0.00165841037083,0.00118856077856,0.000173454798514,0.000219498402443,0.000112998942189,6.82314536234e-05,-0.000135908673375,0.000218005389155,-0
2024-08-22,-0.00378726953419,-0.000947529189827,-0.000436232595271,-0.0004720024193,-0.000253340198953,-9.6327269242e-05,-0.00121448832582,0.000119706734259,-0
2024-08-23,0.0051232931513,0.00262430498849,0.000530533466861,0.000533297951916,0.000255148559983,0.000165500486637,0.00116596396378,0.000910914333454,-0
2024-08-26,-0.00114863810628,-0.000550445787447,-0.000237709002923,-0.000103168108656,-6.7288679717e-05,2.82658110235e-06,0.000321943668406,-1.76636344412e-05,-0
2024-08-27,0.000661198115113,0.000525179481487,4.10617716365e-05,3.44482070451e-05,-2.24498302119e-05,0,0.000274587214887,6.19195198362e-05,-0
2024-08-28,-0.00279502400214,-0.000681659069085,-0.000237762983565,-0.000103153437654,-2.80541651894e-05,-2.82722298238e-06,-0.000713667957052,-0.000163394552455,-0
2024-08-29,4.30036484792e-05,0.000368789923833,4.94175192654e-05,-0.000149789796275,-9.57781838239e-05,-4.25258763577e-05,0.000524674303653,-0.000128682021716,-0
2024-08-30,0.00458895861164,0.000447572300559,9.88021304492e-05,-0.000276320331918,-0.000191461419401,-9.91962037182e-05,-0.000725390073983,0.000403560557412,-0
2024-09-03,-0.0099448489348,-0.00238567225873,-0.000557481412854,0.000485311174373,0.000358816295732,6.21018787593e-05,-0.000435133203982,-2.20775168204e-05,-0
2024-09-04,-0.000980971119905,-0.000424736542207,-1.66022470828e-05,0.00051239023005,0.000324620676479,8.28967209346e-05,6.16856902864e-05,0.000120733594386,-0
2024-09-05,-0.00116360692055,2.65868356684e-05,9.96554426857e-05,0.000302872959227,0.000131035083337,2.00119921833e-05,0.000846255573088,-0.000138663185029,-0
2024-09-06,-0.00803166000093,-0.00254892928943,-0.000531406212235,0.000151422504431,7.97243808059e-05,2.00142018094e-05,-0.000758005082426,-4.02561295666e-05,-0
2024-09-09,0.00531503449232,0.00145065850125,0.000252031023176,0.000176759091549,8.06886803637e-05,7.23126697147e-05,0.000432522668165,0.00047968286737,-0
2024-09-10,0.00207377796265,-0.000532876705642,-8.33187563091e-05,0.000362363764851,0.000240073579652,6.8863529302e-05,0.000451086346516,0.000623859506435,-0
2024-09-11,0.00488994967797,0.000770219239077,0.000224250605935,-3.49579597973e-05,-3.98884051543e-05,2.00155742988e-05,-0.000163106398993,-8.50055614292e-05,-0
2024-09-12,0.00403356741812,0.00121494587669,0.000239527581307,-0.000104282181917,-9.0645358572e-05,5.68699369075e-06,0.00178862007156,0.000182414520172,-0
2024-09-13,0.00250392612593,0.000367108032002,0.000163994499792,0.000241543522029,0.000106884529259,0.000104468590371,0.00102277024351,0.000450527909913,-0
2024-09-16,0.00070818804584,0.00106976361756,0.000138715912388,0.000274750601221,0.000145529289387,0.000106764201312,-8.6567320302e-06,0.000145038275835,-0
2024-09-17,0.00019574177985,-0.000650637344986,4.06920614273e-05,-0.000114184021834,-0.000100494253434,-1.12095367134e-05,-0.000570190362943,-0.000302492339255,-0
2024-09-18,-0.00142336008288,-0.000469121706486,-0.000130413198842,-0.000365891325554,-0.000240442314158,-0.000115064341567,-0.000791685230644,-5.26815194326e-05,-0
2024-09-19,0.00819484320595,0.00258962649929,0.000760749785474,1.14607332009e-05,-4.48985566053e-05,9.29448492011e-05,0.00158907310393,8.82102270666e-06,-0
2024-09-20,-0.000833253058116,-0.00123225863565,-2.10539395546e-05,-0.000101933848217,-1.65963886394e-05,-4.16988067418e-05,0.00130268933306,-0.000169604253258,-0
2024-09-23,0.00120386500184,0.00054425180962,0.000299938003465,-4.53147987275e-05,-3.32893700532e-05,2.78027848406e-06,0.000201620592302,0.000422298111475,-0
2024-09-24,0.00137832527362,0.000827174149376,0.00128559136837,0.000158331588882,6.08381910767e-05,7.49483316246e-05,0.00145052608279,6.08056497836e-05,-0
2024-09-25,-0.00105985200536,-0.000848531997457,-0.000386059321495,-0.000438749404555,-0.000220056352009,-0.000115966754235,-0.000144718319003,-0.000285099322734,-0
2024-09-26,0.00190766436487,0.00299324019621,0.00120259166958,2.25772960648e-05,-3.86248888505e-05,-3.87973823878e-05,0.000533902640033,-0.000385781491989,-0
2024-09-27,-0.000696300643649,-0.000846288080335,-8.02163887383e-06,0.000325349998658,0.000213972223402,7.43567400119e-05,-0.00083199997536,5.34272490345e-05,-0
2024-09-30,0.00192446677867,-0.000436701293271,-0.000321410466872,-0.000258478665892,-0.000148396517338,-1.9304427091e-05,-0.000833436215856,0.00033073532862,-0
2024-10-01,-0.00431839856245,-0.00095027179934,0.000289200094513,0.000300913042342,0.000196184453727,9.99426284431e-05,0.00108405767307,-0.000274091102891,-0
2024-10-02,0.000202336242109,-0.000231975356524,0.000806209069382,-0.000237510804859,-0.000154850934547,-2.77141980538e-05,2.13335179463e-05,-0.000148460969657,-0
2024-10-03,-0.000876641960712,-0.00126268616492,-0.000596458488876,-0.000463634578123,-0.00027646295211,-0.000130198240176,-7.25121211007e-05,-0.000384147315205,-0
2024-10-04,0.00436742277562,0.000802090106143,0.000477494634631,-0.000737998211568,-0.000521891990462,-0.000208613203962,-0.000209862737941,-0.000201623586361,-0
2024-10-07,-0.00436793458227,-0.000747510607382,0.000346691766712,-0.000384574069631,-0.000193566953636,-3.32538483361e-05,-0.000354144511041,-0.00036680342754,-0
2024-10-08,0.0045560127705,-0.000207501691706,-0.00117626595066,0.000193443907002,4.4518351331e-05,5.01903972684e-05,-0.000772738399948,8.34793686322e-05,-0
2024-10-09,0.00335888230701,5.17320661932e-05,-0.000266965244078,-0.000295075278284,-0.000199797261789,-5.56145166417e-05,-0.000565104476665,4.3806927568e-05,-0
2024-10-10,-0.000852786224814,-0.000232292101356,8.07332674602e-05,-6.79448727766e-05,-5.53223616106e-06,6.10440217371e-05,0.000756193383835,-0.000367267048701,-0
2024-10-11,0.00291469467236,0.000671485344375,0.000274655786376,3.39937794443e-05,1.662083756e-05,2.77967935295e-06,0.00113285986397,0.000463753635006,-0
2024-10-14,0.00398273011861,0.000282517777349,-0.000184781612034,-0.000101422415265,-9.36867229717e-05,-3.03794611478e-05,-0.00017005833505,0.000248008688265,-0
2024-10-15,-0.00379973591123,-0.00189323112313,-0.000768231824884,0.000449046749826,0.000269000548846,3.30118089255e-05,0.000359959887476,0.000498413649382,-0
2024-10-16,0.00211937733832,0.000514184944372,0.000353826837308,0.000146645892023,8.27308609118e-05,5.52954796594e-06,0.000523426475292,0.000461648539949,-0
2024-10-17,4.1888858237e-05,-5.11864989688e-05,-0.000120113150581,-0.000550447052017,-0.000274657899804,-9.08281990604e-05,0.000627182046015,-0.000333940681465,-0
2024-10-18,0.00187746810402,0.000743001173038,0.000464795915778,7.86772408068e-05,6.04708521049e-05,4.95789166852e-05,0.00111959064683,0.000312489112181,-0
2024-10-21,-0.000800882605578,-0.00150456534914,-0.000271193324611,-0.000772083642108,-0.000404902122822,-0.000216567513277,-2.11063394734e-05,-0.000825087702951,-0
2024-10-22,-0.000259930496642,-0.000666221147755,-4.80904027574e-05,2.24848538618e-05,-4.94897354804e-05,4.13231411858e-05,0.00114942625843,6.07676689631e-05,-0
2024-10-23,-0.00446664036967,-0.00125523893938,-0.000240382157665,-0.000281027474845,-0.00012092752498,-7.43630432852e-05,-0.00129755446192,0.000303773041938,-0
2024-10-24,0.00105536434405,0.000464558623497,-4.03620628264e-05,0.000215179803597,0.000116300976194,3.05153284496e-05,0.000824524373549,9.18218696917e-05,-0
2024-10-25,-0.000168400190107,-0.000411820314336,-3.22001941872e-05,-0.000225889948123,-0.000115981111509,-8.02360782197e-05,0.000221541566429,-0.000396775300696,-0
2024-10-28,0.0015090677758,0.000953497739983,0.000120896172166,-0.000180938310751,-0.000121654228758,-5.8172049048e-05,4.26319688986e-06,0.000130964071262,-0
2024-10-29,0.000790517672149,-0.000437070862568,-0.00014474645634,0.00012412342177,2.20784918278e-05,4.42204296491e-05,0.00117451727975,-0.000300506993911,-0
2024-10-30,-0.00147832324617,-0.000641912623184,-0.000273052253166,-0.000112690923235,-7.71446794701e-05,5.79614138329e-05,0.000599264940714,0.00018267864582,-0
2024-10-31,-0.00956672058303,-0.000925949619664,-8.0457742614e-05,-2.25607684359e-05,-2.75838629338e-05,-3.31747587846e-05,-0.00169875150475,-0.000705857819503,-0
2024-11-01,0.00204600970459,0.000286660132552,8.15520963623e-06,-0.000447451900284,-0.000313010223724,-0.000129267905011,-0.000448638572891,-0.000459144545122,-0
2024-11-04,-0.00104801523258,0.000182337306429,0.000122205868527,0.00047013134468,0.000280323072318,5.04461150573e-05,0.000155214903287,0.000450066540833,-0
2024-11-05,0.00586690205334,0.00137961402594,0.000553646390507,0.000263522822861,2.80211077426e-05,2.80068039748e-05,0.000245590337387,0.000551191127902,-0
2024-11-06,0.012102838535,-0.00167699772513,-0.000363146659424,-0.000874484954591,-0.000538660140706,-4.71857870142e-05,-0.00328834818492,-0.000887221884955,-0
2024-11-07,0.0038400796122,0.00195215075694,0.000819504002465,0.000836737725295,0.000414643252536,0.000110538724703,0.00167944472385,0.000487346086596,-0
2024-11-08,0.00214606460323,-0.00170371795984,-0.00094648749877,0.000190308059652,0.000109471438731,8.20740404537e-05,-0.000711329147765,0.000607371377741,-0
2024-11-11,0.000474240262346,-5.08730598403e-05,-0.000214794788224,-0.000246340545202,-0.000142336528915,-9.850844582e-05,-0.00245024207624,-0.000206808646087,-0
2024-11-12,-0.0015521238555,-0.00209173035665,-0.000630332996372,-0.000640071798844,-0.000323933974103,-0.000156443301755,-0.000882485960763,-0.000570410727771,-0
2024-11-13,0.000243707784189,-0.000719172184052,-0.000192810054153,-2.26035476062e-05,-3.31822710902e-05,-5.52642221943e-05,-0.00102887210225,0.000226259378322,-0
2024-11-14,-0.00323165643352,0.000102891263848,-0.000225312832463,-4.5306684646e-05,-5.52776708215e-06,-5.53767297163e-06,-0.000264017602087,-0.000370427680061,-0
2024-11-15,-0.00642181446281,-0.000361613322232,-7.27095951457e-05,1.1379691156e-05,2.22465493192e-05,8.33341420827e-06,-0.000179573215739,2.18768756561e-05,-0
2024-11-18,0.00204224634192,0.000858373655168,0.00030916273366,0.000103070305503,0.000117561474803,7.27666734478e-05,0.00193751524032,0.000299635426264,-0
2024-11-19,0.00181895141245,-0.00015519238212,5.66322445267e-05,0.000159368590622,0.000111324053273,4.73010418853e-05,0.000924700802638,0.000201540100379,-0
2024-11-20,0.000168682024586,-0.000360921082501,-8.06758578874e-06,-0.000113451580945,-7.76841975974e-05,-1.38651088416e-05,0.000584646773116,-5.24170131206e-05,-0
2024-11-21,0.00267318917373,0.000309314221777,-0.00012900971871,-5.67559494963e-05,-2.77317175795e-05,-3.88360108915e-05,0.000870465185608,0.000305685156921,-0
2024-11-22,0.0015457133522,0.000564912779639,8.03517399907e-06,7.91044923589e-05,3.31458474642e-05,2.21095346833e-05,0.00135161297078,0.000313188412956,-0
2024-11-25,0.00168994492336,0.000613888867799,1.60011808436e-05,0.000990845637685,0.000556042281209,0.00016236060467,-0.00311606075831,0.000580609877178,-0
2024-11-26,0.00260675657885,-0.000766193399949,-0.000191724577996,-0.000168654450355,-0.000109940529259,-6.86885006698e-05,0.000198691304104,0.000168735303726,-0
2024-11-27,-0.00151800058221,0.000662929927676,0.000135580909061,0.000303029695809,0.000208548427109,9.32652954279e-05,0.000227906274013,0.000272106489722,-0
2024-11-29,0.00310152380119,0.00152921329498,0.000167411352979,0.00043756351908,0.000219416609246,8.50066172361e-05,0.000885942875598,-0.000189972072096,-0
2024-12-02,0.000894893651545,0.000126657475683,0.000182222757862,1.34440086843e-05,-4.37645551458e-06,-1.63793048151e-05,-0.000901416802297,-0.000613585516294,-0
2024-12-03,0.000232127481893,0.000532079670499,0.000150576057671,-0.000212611537698,-0.000147695307091,1.36507920322e-05,0.000205501127394,-0.000210317837222,-0
2024-12-04,0.00310637760772,2.53150600802e-05,5.54433168891e-05,0.000357835118937,0.000196811729107,8.46109228583e-05,0.000310182401531,-0.000111531796199,-0
2024-12-05,-0.00082509116382,0.000580085603798,0.000236668912763,2.22778924761e-05,-5.44619091225e-06,-3.53427679484e-05,-0.000755641242802,-9.82650479713e-05,-0
2024-12-06,0.000949678391465,-0.00017670164929,1.57922607636e-05,0.000312119706478,0.000163507435022,2.44860449205e-05,3.76049640041e-05,-5.98694498143e-05,-0
2024-12-09,-0.00258144167412,-0.000302528092114,0.000891102208078,-0.000322850398177,-0.000179619508357,-5.43483032918e-05,0.00100574597967,0.000115307656859,-0
2024-12-10,-0.00155267971519,-0.000934163512504,-0.000694951035766,-0.000133797960178,-9.26775806595e-05,-1.08807605024e-05,0.00134987464899,-0.000594503178846,-0
2024-12-11,0.00385902323871,0.000911330739854,6.33481388008e-05,-0.000257102751015,-0.000153024684417,-4.36571394611e-05,0.000993116388843,-9.43472995338e-05,-0
2024-12-12,-0.00257837734399,-0.00123393556824,-0.000220544720483,-0.000444811920291,-0.000195723095134,-9.49913108215e-05,-0.00153395345375,-6.39881652084e-05,-0
2024-12-13,-9.95010897045e-05,-0.00032946732589,1.58516152906e-05,-0.000414083108535,-0.000240757776023,-8.19434363809e-05,-0.0012543222072,-0.000115918074599,-0
2024-12-16,0.0021443150188,-0.000533559518164,-0.000190732020495,0.000100954009289,1.64547338715e-05,-3.28579472169e-05,0.000248138148771,-0.000142035990296,-0
2024-12-17,-0.00207454115136,-0.000304389137983,-8.72811985172e-05,0,0,-1.64081445289e-05,-0.000394696273898,-0.000193374621729,-0
2024-12-18,-0.0149910093799,-0.00312974275425,-0.000851594209095,-0.000838685734968,-0.000397940975722,-0.000186753803543,-0.00197113454847,-0.00165519950123,-0
2024-12-19,-0.000153536505043,-0.000312862893398,0.000154941599424,-0.000288735006871,-0.000237184911121,-0.000121008817526,0.000146731517557,-0.000609485062784,-0
2024-12-20,0.00601233830347,-4.50418736965e-05,0.000205742338607,0.000300704950126,0.000192268436602,5.91716937232e-05,0.00108040682876,0.000654573878644,-0
2024-12-23,0.00300815874368,0.000735752122987,0.000157573134514,-0.000344058640301,-0.000229925695639,-3.91176214395e-05,-0.000488532187446,0.000153214721772,-0
2024-12-24,0.00560039771542,0.000497811985595,0.000148839591276,0.000125776841815,2.79701868348e-05,6.68691351083e-05,0.000205090397169,0.00026049528067,-0
2024-12-26,3.36186003645e-05,0.000494373928061,-9.03359091987e-05,7.95216226116e-05,3.88759426976e-05,0,0.000691665601199,0.00010523420067,-0
2024-12-27,-0.00531894306319,-0.000311823557955,-0.000131208703157,-0.000226852603024,-0.00013309980121,-7.46099812138e-05,-0.00070768509986,-0.000394096845488,-0
2024-12-30,-0.00574761003461,-0.000785232833326,-0.000322186152737,0.000434177582299,0.000301660319871,8.62929380493e-05,-0.000328689522331,-0.000194077997449,-0
2024-12-31,-0.00182332527233,2.63184563899e-05,-5.8211315592e-05,-0.000138028330499,-9.55870175313e-05,-3.64268231713e-05,0.000644538781026,0.000341885878692,-0
2025-01-02,-0.00122838521581,-0.000263778908391,-9.99003872147e-05,1.15248908689e-05,2.815128943e-05,4.48804281439e-05,0.00141529729916,-0.000351167881901,-0
2025-01-03,0.00623833788238,0.000738914868424,0.000183233590673,-0.000115205830871,-8.45051244308e-05,-6.1741113325e-05,-0.00083061721264,0.000515864380422,-0
2025-01-06,0.00289106282549,0.00123221228455,-8.27831745886e-06,-0.000114405453481,-5.03403520728e-05,0,-0.000128268729779,-0.000508069220446,-0
2025-01-07,-0.00568687848387,-0.000418077714097,-0.000230913634732,-0.000387777705118,-0.000234220070199,-4.72370124511e-05,0.000583817765066,-0.000369889283915,-0
2025-01-08,0.000731644705895,-0.00015785637893,-0.000232495801811,0.000126320846663,8.98444311023e-05,7.83374790877e-05,0.000557778910073,0.000101973610451,-0
2025-01-10,-0.00764726434636,-0.0018918151277,-0.000630241190654,-0.000619288321312,-0.000375705581292,-0.00010618297089,0.00100698829546,-0.000947552891583,-0
2025-01-13,0.000773423776733,-0.000345454275797,-0.00025998987758,-0.000104424509193,-9.07362775924e-05,0,-0.00107040714959,0.000470188427707,-0
2025-01-14,0.000687859942873,0.000478608552931,0.000427983466779,3.48236945288e-05,1.70170727741e-05,1.13130460534e-05,0.000559386324899,0.00035399000532,-0
2025-01-15,0.00908273893233,0.00156477184441,0.000376675512212,0.000960823934853,0.000543357851239,0.000208712035838,0.0008001702969,0.000223463726546,-0
2025-01-16,-0.000964576341041,0.000418605550818,-1.65150468524e-05,0.000239784345399,0.00012284457851,3.8950079919e-05,0.000733841997505,0.000802373870884,-0
2025-01-17,0.00501853017662,0.000626999102026,0.000296836593346,0,3.90346770031e-05,1.11155789754e-05,-0.000566668625114,-2.64105850518e-05,-0
2025-01-21,0.00459652797783,0.00244262534251,0.000336251934125,0.000362953406337,0.000171907785016,2.2107253334e-05,0.001635782902,0.000735664232329,-0
2025-01-22,0.00281960954779,-0.000282913581343,-3.24729911292e-05,-0.000258215057732,-0.000131734428838,-3.28249147241e-05,0.000545287534809,-0.00068915659231,-0
2025-01-23,0.00274782109336,0.000872812802759,0.000137733753718,-0.000179260177575,-0.000131488622227,2.72993395064e-05,-0.000150705970704,0.000285509069709,-0
2025-01-24,-0.0014723616642,0.000716192733109,0.000193749022918,0.000178615425671,0.000103726884301,5.16877402943e-05,0.000659073980308,0.000133620252638,-0
2025-01-27,-0.00710957148126,-0.000230081158834,-0.000580909723337,0.000602531560498,0.000327330004243,0.000122337254454,-0.00110895904738,0.000521258251259,-0
2025-01-28,0.00428950423086,-0.000128788782098,0.000203220653128,-3.37223700378e-05,5.50642997049e-06,1.91674301051e-05,0.000919872420334,-0.000481775824925,-0
2025-01-29,-0.00224649264415,0,2.42688777969e-05,-6.71321703117e-05,-6.01746084967e-05,-3.54316259024e-05,-0.000409669482505,-0.00051834303147,-0
2025-01-30,0.0026863567111,0.00138879311385,0.000551953964239,0.0001571746461,0.000109761459286,3.00749354879e-05,0.00161476870129,0.000494070826118,-0
2025-01-31,-0.00265921779635,-0.00122585116552,-0.000338531956814,-0.000222961882131,-8.17439523996e-05,2.17338378016e-05,0.00021241512407,-8.60746632167e-05,-0
2025-02-03,-0.00335952815745,-0.00159036361078,-0.000210489242526,0.000103355399779,3.62426767714e-05,6.81950509021e-05,0.000577290028234,-8.21280376993e-05,-0
2025-02-04,0.00334133097654,0.00154593861885,0.000577366825817,0.000203102096146,0.000126871853809,4.93233214025e-05,0.00107570489938,3.03914961522e-05,-0
2025-02-05,0.0020188418895,0.00122824127292,-0.000161513538256,0.0005827140347,0.000295823507181,0.00013061511093,0.000680196795648,0.000547621034377,-0
2025-02-06,0.00172851895898,0.000534511236605,0.000168695302298,-0.000111486671667,-5.99415504416e-05,-5.14225604714e-05,-0.000290566719255,9.86530087419e-05,-0
2025-02-07,-0.00455890182998,-0.0010160745022,1.60350820375e-05,-0.000344839562657,-0.000168592593625,-7.8343012153e-05,0.000194699201093,-0.000128419428829,-0
2025-02-10,0.00337198272881,0.000817835671091,0.000362969401562,3.35893975325e-05,-1.09366317113e-05,1.35924766295e-05,0.00186304495382,-1.72236632821e-05,-0
2025-02-11,0.000377720498957,0.000507853871933,-0.000152282722528,-0.000244644606745,-0.000130480114472,-8.10907606422e-06,-0.00040583307997,0.000171170298546,-0
2025-02-12,-0.00160120500489,0.000253912812108,0.000176301205819,-0.000567085840972,-0.000347893553061,-0.000175505848395,0.000115940735009,-0.000363690554175,-0
2025-02-13,0.00524355588471,0.00167998539419,0.000192803771414,0.000646534033874,0.000376022830114,0.000162415990163,0.00109590356606,0.00039034084523,-0
2025-02-14,-2.44526185724e-05,5.04289021495e-05,0.000222766877925,0.000397394616218,0.000210469071778,5.36117246481e-05,-0.00165259286313,-0.000178415633472,-0
2025-02-18,0.00146043554844,0.000883072844058,0.000175183475709,-0.000430903857018,-0.000270086918103,-9.39097257839e-05,0.0018145963585,0.000174329069934,-0
2025-02-19,0.00117071480147,-0.00113118963702,-0.000103133178938,0.000154092168132,8.07359972487e-05,5.88178588168e-05,6.14901065395e-05,2.96503717897e-05,-0
2025-02-20,-0.00207228023821,0.00050257506641,0.000388620670001,0.000165084826224,0.0001022088254,5.87902441394e-05,5.73681704469e-05,0.000186326752563,-0
2025-02-21,-0.00848917305022,-0.00093034511368,-4.76132714193e-05,0.000462500508502,0.000296088751641,5.88262049328e-05,-0.00010251744436,-0.000385590961221,-0
2025-02-24,-0.00224037013867,-0.000126892666454,-0.000568653295235,0.000188892969103,0.000108653125953,6.47704689648e-05,0.000608362180172,0.000153952025066,-0
2025-02-25,-0.00244172596851,0.000940648849409,-1.60486261105e-05,0.000679154172472,0.000402776618769,0.00012436664208,-0.0014884212517,0.000484103816938,-0
2025-02-26,0.00024693790537,0.000203654381619,0.000353509417411,0.000178353723317,0.000141709901162,2.43631089934e-05,0.000170212373989,-0.000167304901047,-0
2025-02-27,-0.00780337201059,-0.00155106476203,-0.000650023050945,-0.00016703019277,-5.98946069475e-05,-3.51533826669e-05,-0.00170015345283,0.000158544402836,-0
2025-02-28,0.00759709494585,0.00010294081494,-0.000462889377254,0.000495817787557,0.000286458662313,0.000207965734864,-0.000696580633003,0.000342546857944,-0
2025-03-03,-0.0085944277262,0.000970130402281,-0.000346472712658,0.000239998726259,0.000189120279768,8.14486987441e-05,0.00144472774494,0.000189298623101,-0
2025-03-04,-0.00573825115378,-0.00035950673054,0.000307976562433,-0.000282012159852,-0.000165413631849,-0.000106504933449,0.000971590852542,-0.000471684539423,-0
2025-03-05,0.00517893836183,0.00312548044151,0.00108425413907,-0.000385784017822,-0.000293944477071,-0.000153827497701,0.000235898713365,0.000452690055694,-0
2025-03-06,-0.00856625990476,-0.00125410305552,-0.000193863038301,-0.000112434172331,-2.74658551742e-05,-1.36076908696e-05,-0.000571824038332,-0.00104373575723,-0
2025-03-07,0.00268844678067,0.00142446153265,0.000155311211249,-0.000136516834622,-6.67329266665e-05,-4.95826027033e-05,5.91377329225e-05,0.00024004211808,-0
2025-03-10,-0.012792525957,-0.0031203380177,-0.000838303858955,0.0005324084611,0.000365431853245,0.00013438007603,-0.000988303709904,-0.000386762946997,-0
2025-03-11,-0.00395367548516,-0.000367301261207,0.000264977332592,-0.000403373377298,-0.000191523270388,-8.36999883556e-05,0.00133494499002,-0.000473070463774,-0
2025-03-12,0.0025126304395,0.00100083802644,0.000132998843395,-0.00033552089387,-0.000158353903304,-3.64177143456e-05,0.000502544055697,-0.000124280701257,-0
2025-03-13,-0.00632329995881,-0.00102360116755,-0.000115967111606,0.000345885470569,0.000214153311714,4.46678247677e-05,0.00205457758886,-0.00078728338082,-0
2025-03-14,0.00972177760615,0.00258661990479,0.000674745019377,-0.000231899323775,-0.000187009718997,-7.29852882927e-05,4.73423046333e-05,0.000787262752969,-0
2025-03-17,0.00365560941175,0.00161491036699,0.000517894465209,0.000148742081716,4.47306956858e-05,8.30871905014e-06,0.000632933003841,0.000675960143328,-0
2025-03-18,-0.00512586679123,-0.000181020196128,-9.79280799112e-05,0.000113595707917,6.10860644906e-05,3.29985411297e-05,0.00136209337417,-0.000209156736731,-0
2025-03-19,0.00512990804548,0.000623150513772,5.73577504831e-05,0.000330734649845,0.000161654606189,0.000154620754619,0.000486925426774,4.81253441323e-05,-0
2025-03-20,-0.00136743938,-0.00105710229045,-0.000341766388257,6.79479405584e-05,7.74942222884e-05,2.74254391381e-05,-0.000151365019448,-2.60746728152e-05,-0
2025-03-21,0.000155996443603,-0.000748073533745,-0.00017398128404,-0.000136282707462,-4.44003064713e-05,-3.57512376034e-05,-0.000952919153168,-0.000440049086584,-0
2025-03-24,0.00849023395769,0.000182251710232,0.000114623403618,-0.0004325879646,-0.000306046682425,-7.71668000708e-05,-0.000524079149987,0.00060705403683,-0
2025-03-25,0.00115071244408,0.000723182127766,-4.06116722576e-05,0.000101643680626,8.83232552911e-05,4.92123057114e-05,0.00051151098328,-0.000445567933038,-0
2025-03-26,-0.00571665739217,-0.0016236876853,-0.000226933061354,-0.00027045312278,-0.00012117695145,-3.81945623251e-05,-9.6231127105e-05,0.000152867667235,-0
2025-03-27,-0.00126642679111,0.000155879055435,0.000245089831819,-5.67869209719e-05,-4.44358802731e-05,6.32493246622e-05,0.00157303855798,-0.000101260962161,-0
2025-03-28,-0.00957342735381,-0.00153190399829,-0.000636881234039,0.000647097276359,0.000421743464426,0.000153920347199,0.000880902865554,-5.28002524064e-05,-0
2025-03-31,0.00315747069862,-0.00107495017804,-4.12289488039e-05,0.00021782859584,0.000156912904408,0.000122113323183,0.00173649647817,0.000368778668335,-0
2025-04-01,0.00133126322149,0.000469743311543,0.000123105486581,0.000417852320504,0.000186884755657,1.91831480851e-05,-0.000241479582286,1.7692558901e-05,-0
2025-04-02,0.00298427592285,0.00036452476433,3.27532942931e-05,-0.000125639509163,-5.02559421632e-05,-4.71545377585e-05,0.0002493681941,0.000242672954163,-0
2025-04-03,-0.023301250038,-0.00277581035757,-0.000668961810766,0.000591798749443,0.000545103963657,0.000190697254844,-0.000732750342654,-0.00136722675458,-0
2025-04-04,-0.0270611337229,-0.00845633386758,-0.0020972551612,0.000105303940461,0.000154437830136,-0.000105150614807,-0.00290137203054,-0.00172688024137,-0
2025-04-07,-0.000809202932728,-0.00284052094393,-0.00148879005331,-0.0015392877354,-0.000686663199662,-0.000394588985836,-0.00271692446233,-0.00104295759405,-0
2025-04-08,-0.00718576660764,-0.000676131238849,-0.000478419530844,-0.000630303577555,-0.000289934001896,-8.10400717451e-05,0.00068143800179,-0.00105033259554,-0
2025-04-09,0.0478911398901,0.00970110299506,0.0023260913833,0.000274549303699,-0.00018298748156,6.97101528827e-05,0.00470131465314,0.0022948341633,-0
2025-04-10,-0.0206929719612,-0.00258610305376,-0.00046112891432,-0.000900581108517,-0.000337263998176,-0.000369246725468,0.00301654254627,-0.000871979887088,-0
2025-04-11,0.00824817159149,0.00360281208486,0.000995663967051,-0.000119729501825,-0.000310164589976,1.16346919274e-05,0.00247232362577,0.000467152065577,-0
2025-04-14,0.00449567110212,0.00153220638221,0.0003381387265,0.000672174818867,0.000432267255595,0.00014891994265,-0.000741810531616,0.000788077263391,-0
2025-04-15,-0.00130057879764,0.000907002204062,8.38454026022e-06,0.000234031176677,0.000160139521598,-2.8434336333e-06,0.000671213336398,0.000117535460453,-0
2025-04-16,-0.0102841239934,-0.000293199805701,-0.000461034023017,0.00036250709084,0.000234318298973,8.51914755674e-05,0.00419286721596,-2.71062320437e-05,-0
2025-04-17,0.000649441391006,0.00144833552472,0.000286778234132,-0.000294148882631,-0.000155264062329,7.14347346978e-05,-0.000587786822512,0.000581787669163,-0
2025-04-21,-0.010828741154,-0.000642411210583,4.20926704131e-05,-0.000692855188814,-0.000292702875312,-0.000159693954564,0.00411496529237,-0.000821041968895,-0
2025-04-22,0.0116629297956,0.00267483209387,0.000577769933289,0.000213358470195,4.05575755921e-05,0.000115137281956,-0.00196491813287,0.000755479428268,-0
2025-04-23,0.00702801370807,0.000399646980087,0.000360284104026,0.000280526311368,5.71154030618e-05,9.08313608592e-05,-0.0032265141389,7.22367611192e-05,-0
2025-04-24,0.00964582093551,0.0017496173771,0.000466847788271,0.00062797453851,0.000289885806758,0.000163798639129,0.00190206746646,0.000143763991913,-0
2025-04-25,0.00333087448355,0.000313411415951,-0.000123202094178,0.000412482372097,0.000201581170992,1.39149147176e-05,-0.00141607629046,-6.63955893391e-05,-0
2025-04-28,0.000176479818498,0.000937733696195,9.83034171137e-05,0.000308559856108,0.00021224008815,0.000105454536842,0.0018351580777,0.00023836919588,-0
2025-04-29,0.0029070144751,0.00041514978527,0.000130547593613,0.000273172758412,0.000183579492997,5.25184229482e-05,-0.00126781605312,0.000206660374321,-0
2025-04-30,0.000183679798515,-0.000206979625831,8.13610458772e-05,-0.000102156123516,8.32050878529e-05,3.58294865611e-05,-0.000961761649337,0.000135911084336,-0
2025-05-01,0.00328517315853,-0.000569601169282,-1.62850778512e-05,-0.000306523885393,-0.000232244930689,-0.000103936590654,-0.00265207488438,0.000127240342552,-0
2025-05-02,0.00693313713423,0.00248672479635,0.000985665516151,-0.000547233950373,-0.000356610570736,-0.000158066048438,0.000218665191244,0.000478471497034,-0
2025-05-05,-0.00269101199095,0.000256444808099,0.000298404454855,-0.000191875858684,-9.37851850329e-05,-3.02001915809e-05,0.00370519279108,-8.69183886559e-05,-0
2025-05-06,-0.00389534115565,-2.56115599766e-05,-0.00018528269042,0.00027057229824,0.000132257003646,9.04950348686e-05,0.0035761329817,-0.000299525433898,-0
2025-05-07,0.00194429615073,-0.000486864648138,-0.000467378428725,0.000169155472383,0.000137790171529,3.0179589992e-05,-0.00196753800242,4.3423172431e-05,-0
2025-05-08,0.00323659075044,-0.000461509801358,-6.45079948272e-05,-0.000575521320961,-0.000408129912085,-0.000107052588085,-0.00254724887559,-0.000152075388123,-0
2025-05-09,-0.000596618861457,0.00089835385651,0.000266368740085,0.000113005206389,3.86454747652e-05,2.74832541696e-05,0.00092083104488,0.000256636590143,-0
2025-05-12,0.0154257875847,0.000666072693333,0.000837862583699,-0.000372079741995,-0.0003306347187,-0.000233119034858,-0.00359724546449,0.00019101431918,-0
2025-05-13,0.00314480526692,0.000227699376572,6.36492850214e-05,-0.000111350076098,-3.81005264545e-05,7.04203630003e-05,0.000521580812973,-0.000488760020207,-0
2025-05-14,0.000610531040549,-0.000554720235021,0.000309240002152,-0.000310712532011,-0.000189837155131,-2.96942510252e-05,-0.00257864529204,-0.000371741794753,-0
2025-05-15,0.00234370584908,0.00144172241074,-6.36293700062e-05,0.000612241434473,0.000331886814479,8.39407649454e-05,0.00192155253895,0.000685801763128,-0
2025-05-16,0.00303183343718,0.000301299031948,3.94771320724e-05,6.62760598681e-05,1.62170849067e-05,5.10688781363e-05,-0.00146732670831,0.000472295798258,-0
2025-05-19,0.000525614329174,0.00110200247253,0.000157525382869,-3.30416757429e-05,-2.6953532816e-05,2.68041934202e-06,0.00154090039732,8.49317900203e-06,-0
2025-05-20,-0.00161199969873,0.000649053928563,-7.84992361594e-05,-0.000186781253289,-6.44208873436e-05,-4.27530934995e-05,0.00224908285062,-0.000224216238655,-0
2025-05-21,-0.0080462493505,-0.000748395431968,-9.41483753469e-05,-0.000702681572539,-0.000348816021508,-0.000157569155346,0.000907122918651,-0.0010103748854,-0
2025-05-22,0.000187216529504,-0.000151215718586,-8.71877176275e-05,0.000310580373451,0.000189760781,8.63366298423e-05,-0.00110876612365,-0.000170846161359,-0
2025-05-23,-0.00324108605629,0.000479223035227,0.000158637767786,0.000155432712799,0.000146476276108,2.7000015767e-05,0.00271868857326,3.84702195065e-05,-0
2025-05-27,0.00979987563615,0.00194117291318,-0.000134774531866,0.000488197955359,0.000211506312743,8.36698974182e-05,-0.00214852337288,0.00064937773027,-0
2025-05-28,-0.00275369173559,-0.00127185880028,-0.000227434998715,-0.000197554477467,-0.000139482261635,-6.67438581358e-05,-0.000279336244624,-3.80374069355e-05,-0
2025-05-29,0.00187725587938,0.000551377127118,0.000165517724081,0.000397084106788,0.000210264954427,8.31736003833e-05,0.000732338480659,0.000339782975708,-0
2025-05-30,-0.000531604021103,0.000174701436907,-0.000431618475641,0.000263595087006,0.000150296395892,9.61726978666e-05,-0.0008142276501,0,-0
2025-06-02,0.00267774300124,0.00159882217672,0.000259258694751,-0.000283517796925,-0.000172523418111,-9.83964838174e-05,0.0032726759726,5.08022070451e-05,-0
2025-06-03,0.00270646687092,-0.0010168211224,8.57846792269e-05,-7.66373282104e-05,-4.81754414781e-05,-2.66129258392e-05,-0.00111116554568,-7.56472999606e-05,-0
2025-06-04,-0.000128125435301,0.000718900402909,0.000366403353487,0.000634868507415,0.000369159283409,0.000111739158389,0.000800809588503,0.000105021664526,-0
2025-06-05,-0.00229826960039,0,9.32731919703e-05,-0.000272827806392,-0.000149358239248,-8.48850089492e-05,-0.000629924144075,-2.93200845187e-05,-0
2025-06-06,0.00487634134241,0.000446399177834,0.000163781007081,-0.000547545468809,-0.000401420945985,-0.000154370235592,-0.00167070837536,0.000180718833131,-0
2025-06-09,0.000431077062416,4.94579100995e-05,0.000272174755249,0.000131011076448,9.07257443088e-05,3.98082008534e-05,0.000578045115269,5.02798040372e-05,-0
2025-06-10,0.00271001637261,0.00032093454423,0.000279490954569,0.000239855958756,8.52504189172e-05,1.32469285831e-05,3.60670454148e-05,0.000322149199141,-0
2025-06-11,-0.00136551100581,-2.45752423696e-05,0.0001237261622,0.000358313086325,0.000206965905246,4.75003159441e-05,0.000662610066603,-0.000204182497109,-0
2025-06-12,0.00189778092883,0.00108212647369,7.73002148496e-06,0.000390960123373,0.000217623214145,8.18289182522e-05,0.00152909496223,0.000183380589914,-0
2025-06-13,-0.00533105651505,-0.00168788973994,-0.000569260232146,-0.000378060234824,-0.000184780681885,-4.20083135985e-05,0.00162413406954,-0.000364801437052,-0
2025-06-16,0.00451734430167,0.0006897311835,0.000348593598318,-0.000217547802773,-0.000143540244543,-3.96568383573e-05,-0.00180342549771,2.92246583224e-05,-0
2025-06-17,-0.00408202465542,-0.00174303952151,-0.000424623308451,0.000325196049302,0.00024372166023,0.000150181025112,6.37653713014e-05,-0.000133128150915,-0
2025-06-18,-7.17626676317e-05,0.000370328050663,-0.000100933159405,7.63248113704e-05,3.19727150631e-05,2.11971886369e-05,-0.000673288538847,0.000129693544085,-0
2025-06-20,-0.00111862202406,-0.00111758065198,-0.000351234988746,9.8126825781e-05,3.19667892451e-05,5.03552904403e-05,-5.21131732168e-05,-2.51113339537e-05,-0
2025-06-23,0.00470546954964,0.00104798668961,0.000304485850236,0.000218626123718,0.000176311011349,2.39103314284e-05,0.000381753749528,0.000566334217154,-0
2025-06-24,0.00527552839483,0.00180807105971,0.000805988111075,0.000434029630587,0.000175003048226,3.69192524035e-05,-0.00195057590584,9.9939898108e-05,-0
2025-06-25,0.000268650611484,-0.000688913005369,9.2381069666e-05,-1.07804208681e-05,2.10744512338e-05,1.57183713366e-05,0.00036850329714,-0.000910024463774,-0
2025-06-26,0.00375762745477,0.00150209679394,0.000254257095747,0.000291238935326,0.000179258619324,8.39020759744e-05,-0.000134834963909,-3.42840947244e-05,-0
2025-06-27,0.00239081666947,0.00085680635595,-3.8296416662e-05,-0.000300265789657,-0.000131038640296,-3.64918830628e-05,-0.00219203959895,9.14384671787e-05,-0
2025-06-30,0.00231066352538,0.000440339301393,5.35860458684e-05,0.0004286800728,0.00019904829307,7.29328222982e-05,0.00142233196815,0.000236748409247,-0
2025-07-01,-0.000156387305204,-9.73451080303e-05,0.000152306989129,-9.73256736583e-05,-9.25320111485e-05,-1.55970709106e-05,0.00106617270967,0.000268585869848,-0
2025-07-02,0.00218717412381,0.000437636666605,0.000106506014511,-0.000128225868969,-0.000104456526136,-1.29932490227e-05,0.000665678193109,8.6685861034e-05,-0
2025-07-03,0.00380722950979,0.000169651209215,0.000166830233247,-0.000213020021674,-0.000171762793652,-4.91925397883e-05,-0.000823545796014,4.11457512875e-05,-0
2025-07-07,-0.00361765248503,-0.00171567250211,-0.000446097743546,-0.000371703344773,-0.000155714910507,-3.61520263014e-05,8.95013942198e-05,-0.000315900826223,-0
2025-07-08,-0.000265647867962,0.000997290039894,0.000144605095005,-4.27777118708e-05,-7.31530734066e-05,-2.33880160064e-05,-0.00125749186934,-5.36827355848e-05,-0
2025-07-09,0.00290861693145,0.000949196154887,-7.61312391599e-06,0.000438584067785,0.000256157741893,0.000106618453098,0.000533070934627,2.89277786959e-05,-0
2025-07-10,0.00136893082481,9.68289844143e-05,3.78800764092e-05,-3.19288209017e-05,-2.59924341988e-05,-7.76210391294e-06,0.000265164976001,0.000230192380914,-0
2025-07-11,-0.00170786169828,-0.0011599149199,-5.29279978082e-05,-0.000435424856209,-0.000228395181197,-4.64723950546e-05,0.00114419832859,4.10598463078e-06,-0
2025-07-14,0.000926158411418,0.000169573276603,4.54789181621e-05,-1.06744603664e-05,-2.08129804884e-05,1.81133076485e-05,-0.000440872995903,0.000238545851753,-0
2025-07-15,-0.00207606106056,-0.00137956820603,0.000272630105867,-0.000308488201635,-0.000192341014007,-7.49850999589e-05,-0.000498931559971,-0.000546508767603,-0
2025-07-16,0.00162506547945,0.000656641365362,0.000175017461071,0.000149639242294,0.000135813848485,9.61382435584e-05,0.000599258211755,0.000346828474047,-0
2025-07-17,0.0029732789581,0.000314961627656,0.000235010990068,4.26172821661e-05,-1.56042114401e-05,2.58847307348e-05,-0.000261436350972,-4.11338300102e-05,-0
2025-07-18,-0.000356846459911,-0.000313933940041,-4.53356699753e-05,0.000191007303076,0.000134864491305,3.09615684912e-05,0.000311145137526,7.79025449449e-05,-0
2025-07-21,0.000923213744889,0.000893476965649,0.000196453661626,0.00028655350138,0.000171160117582,7.22435806309e-05,0.0018434340778,0.000151690781323,-0
2025-07-22,6.94681017731e-05,0.000649056787617,7.51961875756e-06,0.000200748123854,0.000139409313888,2.56829485453e-05,0.00114984770991,0.000632604209095,-0
2025-07-23,0.00411993333065,0.00292438136836,0.00035251209406,-0.000231749188956,-0.000175045957895,-0.000110124062382,-0.00151329895936,7.32531603491e-05,-0
2025-07-24,0.00016076898417,-0.000977465081376,-0.000186493063083,-6.28615977055e-05,-7.1694773708e-05,2.03794874958e-05,-0.00073335672581,-0.000129520016539,-0
2025-07-25,0.00205673217572,-0.000167220911257,-0.000104638526938,0.000167966342672,0.000112875015088,2.5519270807e-05,-0.00110413734313,4.05239085084e-06,-0
2025-07-28,-0.000122652824169,-0.00205231765068,-0.00029868667187,-0.000136346460764,-0.000107634474646,-3.56948782131e-05,-0.000764826009575,-0.000595587700432,-0
2025-07-29,-0.00129331732226,-4.79259092459e-05,2.24989607517e-05,0.000558163705435,0.000319116155773,0.000151055667862,0.000324174879822,0.000589911211696,-0
2025-07-30,-0.000615461131468,-0.0010297695192,-0.000307224592389,-0.00029470247086,-0.000169756249946,-0.000110023217964,-0.00204026962607,-0.000528553015309,-0
2025-07-31,-0.00184043597042,-0.00117944897503,-0.000195824228005,5.29210424652e-05,4.13641868604e-05,-4.62925084006e-05,0.000775318067334,-0.000519003530424,-0
2025-08-01,-0.00803474974367,-0.000482809725623,-0.000196393053241,0.000904863101812,0.000566529200442,0.000197532958003,0.00239106203356,-9.0171916772e-05,-0
2025-08-04,0.00736391032389,0.00189196119958,0.000349119078368,8.55548531923e-05,6.79477918012e-05,8.31335545605e-05,0.000703166767301,0.000374748142425,-0
2025-08-05,-0.00246666996901,0.000239940313478,0.000120125536744,3.17513231708e-05,-3.61914365006e-05,-2.56983614312e-05,9.6606162533e-05,0.000167022057199,-0
2025-08-06,0.00371464054511,0.00105770914862,0.000165479999577,-4.24201941015e-05,-3.62676271437e-05,-2.317151662e-05,-0.000255520302969,-0.000285689178826,-0
2025-08-07,-0.000407552880343,0.000981381899575,0.000277112447146,-8.44269514143e-05,-3.61042951046e-05,3.07625504599e-05,0.00100999297552,0.000105656093498,-0
2025-08-08,0.00378394397232,0.000645054207122,-4.48577269489e-05,-0.000200186811017,-0.000113269234841,-1.79106927e-05,-2.69368631887e-05,-0.000300156154407,-0
2025-08-11,-0.000963502615691,-0.000547458277659,-4.46853797371e-05,7.35097463222e-05,1.53957327746e-05,0,-0.001725047348,-0.000238431199665,-0
2025-08-12,0.00519472375247,0.00155248926202,0.000433461116136,0,-1.03032599905e-05,-4.86059735708e-05,-0.000107705264163,0.000202756330148,-0
2025-08-13,0.0016760753644,0.000640269998769,0.000430352410938,0.000376427893737,0.000173749439636,0.00010666807969,0.000358993682421,0.000334155348122,-0
2025-08-14,4.54824021223e-05,-0.000236158509453,-0.000428596582653,-0.000291591976016,-0.000157769154791,-8.34683991602e-05,-0.000745480805749,-0.000256609966422,-0
2025-08-15,-0.00114807584836,0.000615352580725,0.000111079983557,-0.000156572844966,-9.6900460537e-05,-5.3233138089e-05,6.86078301988e-05,0.00020492686798,-0
2025-08-18,-0.000106544287856,-0.000142071206869,0.000288948088477,-0.000114843396455,-4.59258213998e-05,-3.0431326774e-05,-0.000183037462052,-0.00030552174543,-0
2025-08-19,-0.00265655267154,-0.000165860455404,-0.000274304145176,0.000198504936828,0.000122536345259,2.79127233331e-05,-0.000641075951603,0.000615463527165,-0
2025-08-20,-0.00129754608354,0.00035638901222,-1.48700630443e-05,6.28570185534e-05,7.16837766911e-05,3.05415974208e-05,0.00118238335717,0.000104876218862,-0
2025-08-21,-0.00195309406419,-0.000664919508175,-6.68733463695e-05,-0.000240839351772,-0.000143292346992,5.08366766376e-06,-0.000409222226419,-0.00010885601675,-0
2025-08-22,0.00747284159134,0.00226412708156,0.0006711550354,0.000578042427667,0.000272203622931,0.0001914475453,0.0012628049888,0.000708105589319,-0
2025-08-25,-0.00214570369945,-0.00174029802733,-0.000161889973251,-0.000155562464574,-9.62894598384e-05,-5.28952563188e-05,-0.000284063067174,-0.000211611619198,-0
2025-08-26,0.00204226016142,4.72828306284e-05,-8.13349951916e-05,0.000125047953315,0.000127325258416,6.58042747208e-05,0.000856341011265,-9.62924306133e-05,-0
2025-08-27,0.00111266509697,-0.000164920450905,-0.000258004761082,0.000103901215949,9.13733005715e-05,6.30801295438e-05,0.000239039561687,0.000227987646686,-0
2025-08-28,0.00173071997277,0.000564617382524,0.000139863043269,0.000124487024309,0.000111537305351,1.763884914e-05,0.000879024701141,-9.58636833732e-05,-0
2025-08-29,-0.00291482679587,-0.000703332056152,-0.000110038869491,-0.000134411540023,-4.04256534378e-05,-3.01308179534e-05,0.00114783974392,0.000199018358734,-0
2025-09-02,-0.00360948835098,-0.00122227684608,-5.14828968026e-05,-0.000273489034939,-0.000145332966368,-5.12957404939e-05,0.00284674347591,-0.000610572123319,-0
2025-09-03,0.00262846409174,0.000306522389253,0.000103287761646,0.000375547455305,0.000168223737245,6.33712335174e-05,0.000968345461875,2.00158348617e-05,-0
2025-09-04,0.00405654298772,0.000844928864919,-0.000161561526215,0.00041533927808,0.000218191420904,4.28933569396e-05,-0.000548088771673,0.000270956601416,-0
2025-09-05,-0.00141028463014,0.000653779286579,0.000431066442896,0.000485525542128,0.000237277520594,0.000122997540051,0.00163960058747,0.000408329082181,-0
2025-09-08,0.00118966975434,0.0013275589788,0.000371659263842,0.000350368871484,0.000151056461574,5.75899228558e-05,0.00141410829683,-0.000213528545172,-0
2025-09-09,0.0011171726074,-0.00037092262072,0.000145075749803,-0.000205141393429,-0.000115286204138,-5.48262041621e-05,-0.000283755383673,-8.26502901942e-05,-0
2025-09-10,0.00139995372595,9.27258988876e-05,0.000174062003653,0.000205110695279,0.000130305246859,4.23574658503e-05,0.000447966571479,-5.90293341428e-05,-0
2025-09-11,0.00402629243422,0.00152610402541,0.000477514900397,0.000194367061633,7.49949878357e-05,4.47494240683e-05,-0.000186197736101,0.000655601025366,-0
2025-09-12,-0.000162404727046,-0.000574147593438,-7.1859926367e-05,-9.14336200306e-05,-0.000139040121385,-3.70384971373e-05,0.000244119088035,-0.000167667390338,-0
2025-09-15,0.00258494654962,0.00110346517843,0.000258959631088,0.000172896045849,7.95264661304e-05,2.71875559615e-05,0.00129215284432,-5.85460524523e-05,-0
2025-09-16,-0.000668367885179,-0.000160047486418,0.000243246128566,4.04685443651e-05,2.96643955037e-05,2.45788769346e-05,0.000250396848886,-0.000190211769861,-0
2025-09-17,-0.0006026447165,-0.000480358140566,0.00024334241448,-0.000182166681285,-0.000103866140721,-1.72130123327e-05,-0.000965188216812,-4.660252603e-05,-0
2025-09-18,0.00226826021495,0.000435547791165,-0.000179314862825,-0.000283965229564,-0.000158587119589,-7.63989962468e-05,-0.000498406897582,7.7835484251e-05,-0
2025-09-19,0.00241182479742,-0.000627810826299,-5.03905907215e-05,0,-1.98013734568e-05,-1.47593869313e-05,0.00131223075805,-0.000233140043743,-0
2025-09-22,0.00230874851762,0.000733865293412,0.000107677882907,-0.000121198904391,-7.89428580359e-05,-6.62498739192e-05,0.00215771156464,7.74691362115e-06,-0
2025-09-23,-0.00265560506951,-0.00020536350175,-7.14264647104e-06,0.000160775996074,0.000132564624967,7.32422322348e-05,0.000515689749799,0.00019277687911,-0
2025-09-24,-0.00154649743242,-0.000960084498945,-7.15575586612e-05,-0.000191242390511,-0.000127878183789,-4.89197663298e-05,-0.00115046954748,-0.000350162702519,-0
2025-09-25,-0.00224529104368,-0.000918444371328,-0.000222802160989,-0.000141541053368,-0.000103759821274,-4.42169999354e-05,0.000526280186634,-0.000105754037883,-0
2025-09-26,0.00278442016522,0.000806256874176,-7.21091320726e-05,7.09976338721e-05,-2.47899174634e-05,4.92948360147e-06,0.000734768140351,0.000349733027118,-0
2025-09-29,0.00136743726178,0.000687886066622,0.000279917195782,0.000191823160499,0.00013814743376,3.43465293777e-05,0.00210222349901,1.17345581861e-05,-0
2025-09-30,0.00182904966235,0.000479204608662,0.000171434977595,-1.00391645092e-05,-1.96447141907e-05,-7.32568686155e-06,0.00110094393021,0.000144023666429,-0
2025-10-01,0.00165476625682,0.00102312218953,0.000241968350297,0.000256111002103,0.000158998153368,4.82522351044e-05,0.000204072672172,5.42987055577e-05,-0
2025-10-02,0.0005591613971,0.000294487721598,0.000106363085396,0.000110078862965,4.88837610162e-05,-1.21411065799e-05,-0.000450234046329,-0.000185485387141,-0
2025-10-03,-7.16593435019e-06,0.00126798764441,8.50553775768e-05,-0.00011002702766,-9.28474301825e-05,-2.91257076968e-05,0.00103433519841,0.00013132183014,-0
2025-10-06,0.00173825537674,0.00027109430276,0.000134354838734,-0.00021956150104,-0.000136522909735,-4.60015005138e-05,0.00244053993671,-0.0003314116978,-0
2025-10-07,-0.0017965776442,-0.0011927372923,-0.000211328640715,0.000169027210752,0.000116571853564,7.47730341467e-05,0.000678135503545,-0.000126681538074,-0
2025-10-08,0.00288549094698,0.000428561143293,0.000218876829621,9.9548803375e-06,9.73016859427e-06,1.93397264416e-05,0.00218367510985,-0.000180841713632,-0
2025-10-09,-0.00140240236266,-0.00116640312721,-0.0003370287062,-0.000118914340809,-3.38802344741e-05,-3.12545029133e-05,-0.00246998728664,-0.000187489106558,-0
2025-10-10,-0.01312124184,-0.0025719196062,-0.00139120707627,0.000408613537883,0.000292154109153,9.43093678673e-05,0.00133434517648,-0.000438723616141,-0
2025-10-13,0.00736109424403,0.00142063392427,0.00104716640694,0.000192324050543,2.47205992988e-05,6.87662750283e-05,0.00329436272345,0.000218882601442,-0
2025-10-14,-0.000587042186754,0.00040688894013,-0.000339647904083,0.000159768773978,0.000121968286022,-2.90777841283e-05,0.000978286505565,0.000350901768444,-0
2025-10-15,0.00212855629956,0.000948420914963,0.000572546903996,-3.99037791025e-05,-5.36088011238e-05,-7.26077000018e-06,0.00238882137432,0.000500759899793,-0
2025-10-16,-0.00325875115157,0.000583358903358,0.000126417197263,0.000356812965179,0.000217920103405,6.25273141703e-05,0.00325821883928,-0.000122476883104,-0
2025-10-17,0.00269435400574,0.000112044892973,-9.11889302074e-05,-0.000138604061505,-7.73968475706e-05,-5.28409861105e-05,-0.00267954474277,0.000225540212336,-0
2025-10-20,0.00496476803437,0.00118771301687,0.000455953606761,0.000168307340217,6.28873376908e-05,2.40172484421e-05,0.00508613154986,0.000351683787026,-0
2025-10-21,-7.1373877646e-06,-0.00121756056183,-0.000339542716805,9.78016766381e-05,8.59988562409e-05,5.69439627682e-05,-0.00919352017416,-9.81802149579e-05,-0
2025-10-22,-0.00250360006233,4.47556941835e-05,-2.10117040326e-05,-9.89059471756e-06,9.65582079527e-06,4.31700093429e-05,1.43483473039e-05,0.000148853420774,-0
2025-10-23,0.0028472715197,0.000695206344945,0.000287811625195,-0.0001783184057,-0.000154883611294,-5.28795461017e-05,0.000542772039891,-2.29506173077e-05,-0
2025-10-24,0.00393177207046,0.000446744498389,0.000181793054101,9.86772439756e-05,4.33897375596e-05,-2.39473200494e-06,-0.000454705239453,0.000102880557781,-0
2025-10-27,0.00569747738734,0.00100082120666,0.000320240778142,6.8771905128e-05,0,-7.1511948617e-06,-0.00374659828574,9.86351398673e-05,-0
2025-10-28,0.00129327791703,-2.2167484728e-05,-2.08141840608e-05,5.87312794368e-05,4.3054118741e-05,2.13802035161e-05,-0.000934337531273,-0.000688117268687,-0
2025-10-29,0.000234609989375,-0.000775951017617,0.000111036628995,-0.000470091699216,-0.000301453891081,-0.00014019717319,-0.000490383684398,-0.000884945113711,-0
2025-10-30,-0.00538835109312,-0.000622457474077,-0.000403601810283,-0.000186591485009,-6.71735549104e-05,-5.71910546575e-05,0.00254054542352,0.000159269558412,-0
2025-10-31,0.00159582958794,-0.00011159020721,-0.000153704687696,-5.9136233373e-05,1.92722008946e-05,4.30647528597e-05,-0.000719096388459,8.75718548647e-05,-0
2025-11-03,0.000915327934008,0.000334570644559,8.37776127979e-05,-0.000121601192234,-2.22074473393e-05,-1.89451709112e-05,0.000235955674493,-4.94610924892e-05,-0
2025-11-04,-0.00578465110695,-0.00180422366243,-0.000536868324351,4.93637991344e-05,5.7876992083e-05,1.19722665027e-05,-0.00230635898101,5.69905822159e-05,-0
2025-11-05,0.0016884655767,0.000855197923293,0.000338140439788,-0.000269280909246,-0.000224148568778,-9.92159916613e-05,0.00151142400548,3.07101378047e-05,-0
2025-11-06,-0.00522566267873,-0.000627745862353,-0.000147374213711,0.000367607337751,0.000237843974275,7.23200813813e-05,-0.000158112569329,-0.000164447204345,-0
2025-11-07,0.000477056065174,0.000428389852622,-3.52855675573e-05,-3.99609842884e-05,1.95332410452e-05,4.85166340948e-06,0.000809498824268,0.000530758497772,-0
2025-11-10,0.00755201243408,0.00166478856004,0.000514072920317,-3.98813609522e-05,-6.33295559759e-05,4.83719752802e-06,0.0036311795236,-1.9191964349e-05,-0
2025-11-11,0.00111055052475,0.000843711185787,4.17009387218e-05,0.000295204323401,0.000144220188837,0.000107439882024,0.000530257849922,0.00038254062904,-0
2025-11-12,0.000269602275394,0.000885082320491,-6.92622202404e-06,-3.92322745513e-05,9.57904282272e-06,-5.71035628468e-05,0.00217048399712,-0.000256662238575,-0
2025-11-13,-0.00802096590136,-0.00161044890861,-0.000338372874876,-0.000293307420426,-0.000133742840799,-5.93087271079e-05,-0.00110323846502,-0.000417723387677,-0
2025-11-14,-7.88358987696e-05,-0.000178643156343,1.39760560658e-05,-0.000118754592324,-7.73427271079e-05,-3.12088311304e-05,-0.00247301500634,7.23680215926e-05,-0
2025-11-17,-0.00449431754737,-0.00176903112778,-0.000441591497193,1.98599034508e-05,5.33260091994e-05,4.81092140047e-06,-0.00154694313578,-0.000282665744717,-0
2025-11-18,-0.00404756882731,-0.00140019603923,-0.000127244659608,6.00403085098e-05,7.82385858349e-05,1.94290131497e-05,0.000977352671049,0.000138688754728,-0
2025-11-19,0.0018543955771,-0.000453625305191,-8.51953008237e-05,0,-3.43748191857e-05,-3.41432949438e-05,0.000221756840278,-0.000270834287599,-0
2025-11-20,-0.00733593538359,-0.00183497844639,-0.000453840479938,0.000120486834246,0.000112808472719,1.21783382244e-05,-3.99367299818e-05,-0.000142982706802,-0
2025-11-21,0.00476671752386,0.00198994117701,-0.000150353163422,0.000243292128831,0.000158472675631,6.39492966281e-05,-0.000212643072018,0.000557949355865,-0
2025-11-24,0.00706103315552,0.000658429936237,0.000383774641406,0.000201259991553,7.37383493841e-05,1.22073208911e-05,0.00215802973328,9.29493465723e-05,-0
2025-11-25,0.00453062705956,0.00128052571098,0.00016877146317,0.000159300069376,0.000121590393797,4.83151417293e-05,-4.32193219531e-05,0.000318074007983,-0
2025-11-26,0.00333452312831,0.0014506868231,0.000181642790851,0.000158250270584,3.86597767075e-05,5.75985585427e-05,0.00108749864842,0.000152282797282,-0
2025-11-28,0.00263767663927,0.000643089338559,0.000131884114634,-0.000137590759341,-8.16194155214e-05,-5.96118297894e-05,0.00169186128618,0.000113482638537,-0
2025-12-01,-0.00220731640913,-0.000684058351739,-3.45364770698e-05,-0.000425816063417,-0.00025012414034,-0.000104232705175,0.000661389973033,-0.000395229639869,-0
2025-12-02,0.000894479754508,0.000442863930472,-8.31709517009e-05,0.00012799544916,3.84647064622e-05,7.16309283576e-06,-0.000890818157253,-0.000120869188149,-0
2025-12-03,0.00167473908258,0.000730389048381,-4.8497785657e-05,0.000186970959878,9.61217690572e-05,5.9672649988e-05,-0.000127707911368,8.6837753908e-05,-0
2025-12-04,0.000353847949463,0.000353196133891,8.29186198554e-05,-0.000235550895409,-0.000143807917143,-3.57094112947e-05,8.84544998036e-05,-8.28388507539e-05,-0
2025-12-05,0.000919724565484,0.000198586995882,0.000151956952561,-0.000107930084317,-9.58228823821e-05,-4.28361244961e-05,-0.000244042422658,-3.76453906308e-05,-0
2025-12-08,-0.0014563284411,-0.000286641917805,-0.000138040014615,-0.000156847498655,-9.57707153291e-05,-5.23089165514e-05,-0.000360485724408,-0.000259528141325,-0
2025-12-09,-0.000418258122216,-0.000154777288803,-6.22940123919e-05,-8.8496307292e-05,-6.7223974332e-05,-3.33897372827e-05,0.000701736077958,-0.000128246176354,-0
2025-12-10,0.00321233571674,0.00154822202572,0.000311545543602,0.000314679927955,0.000148897213541,8.58673914985e-05,0.000584930458297,0.000120732405689,-0
2025-12-11,0.00112742982061,0.000571417137233,-8.25598595803e-05,1.95616681691e-05,4.76492337371e-06,-1.18468736884e-05,0.00147603602987,0.000146215151523,-0
2025-12-12,-0.00520458317356,-0.000701025431636,-0.000342868191306,-0.000301973542289,-0.000123681632156,-4.01619352926e-05,0.000772499423791,-4.1105243081e-05,-0
2025-12-15,-0.000727828374316,0.000793395051943,-0.000110379925605,9.80086001069e-05,3.82811676386e-05,-1.90166991064e-05,0.000127163960885,0.000105265896011,-0
2025-12-16,-0.00131388412862,-0.000837214899334,-0.00020689389736,0.000186110113478,0.000129183614213,4.75225557162e-06,3.17920774062e-05,-0.000248052189447,-0
2025-12-17,-0.00528863792964,-0.0009716073738,-0.000241925150765,-2.94538296781e-05,-9.5974989068e-06,2.85760692147e-05,0.00120338628725,0.000124303324337,-0
2025-12-18,0.00360817873162,0.001087654187,0.000312668565751,0.000246748619894,0.000120506582706,5.02711307828e-05,-0.000256163830921,-0.000177960332608,-0
2025-12-19,0.00434168523557,0.000831038939509,0.000396888477615,-0.000143861007504,-0.00010441551383,-5.20876663638e-05,0.000159300396083,-0.000128098317739,-0
2025-12-22,0.00299551668933,0.000647928479429,0.000238424180199,-3.91940219426e-05,-4.78653303259e-05,-3.80276051335e-05,0.00324329761586,0.000170569850396,-0
2025-12-23,0.00219549833722,0.000909491437347,0.000174059594019,0,-1.90068308764e-05,1.17973907467e-05,0.00189156223246,-2.25335868288e-05,-0
2025-12-24,0.00168888836952,0.000308972995767,-1.3854502454e-05,0.000213002401767,0.000118199984867,5.39985904108e-05,-0.00059483680784,0.000216679325149,-0
2025-12-26,-4.87541839572e-05,0.000286340661857,0.000235045301862,1.93157059296e-05,4.24658077246e-05,-2.34052738645e-06,0.00166984883134,3.72818484215e-05,-0
2025-12-29,-0.00170955164883,-0.000197790340272,-0.000282802484513,0.000115695957794,6.59119812929e-05,2.33769619423e-05,-0.00628344498981,6.69626499599e-05,-0
2025-12-30,-0.000588527231287,0.000155107184306,0.000139093678641,-3.88867819415e-05,-4.74677137536e-05,-4.71479933523e-06,0.000101285744286,6.75163952571e-05,-0
2025-12-31,-0.00356723473161,-0.000709219902227,-3.47842802278e-05,-0.000233348300345,-0.000151936309033,-5.18684474131e-05,-0.000901268490345,-0.000273871396079,-0
