Date,annual_volatility,sharpe,beta
2015-01-05,,,
2015-01-06,,,
2015-01-07,,,
2015-01-08,,,
2015-01-09,,,
2015-01-12,,,
2015-01-13,,,
2015-01-14,,,
2015-01-15,,,
2015-01-16,,,
2015-01-20,,,
2015-01-21,,,
2015-01-22,,,
2015-01-23,,,
2015-01-26,,,
2015-01-27,,,
2015-01-28,,,
2015-01-29,,,
2015-01-30,,,
2015-02-02,,,
2015-02-03,,,
2015-02-04,,,
2015-02-05,,,
2015-02-06,,,
2015-02-09,,,
2015-02-10,,,
2015-02-11,,,
2015-02-12,,,
2015-02-13,,,
2015-02-17,,,
2015-02-18,,,
2015-02-19,,,
2015-02-20,,,
2015-02-23,,,
2015-02-24,,,
2015-02-25,,,
2015-02-26,,,
2015-02-27,,,
2015-03-02,,,
2015-03-03,,,
2015-03-04,,,
2015-03-05,,,
2015-03-06,,,
2015-03-09,,,
2015-03-10,,,
2015-03-11,,,
2015-03-12,,,
2015-03-13,,,
2015-03-16,,,
2015-03-17,,,
2015-03-18,,,
2015-03-19,,,
2015-03-20,,,
2015-03-23,,,
2015-03-24,,,
2015-03-25,,,
2015-03-26,,,
2015-03-27,,,
2015-03-30,,,
2015-03-31,,,
2015-04-01,,,
2015-04-02,,,
2015-04-06,,,
2015-04-07,,,
2015-04-08,,,
2015-04-09,,,
2015-04-10,,,
2015-04-13,,,
2015-04-14,,,
2015-04-15,,,
2015-04-16,,,
2015-04-17,,,
2015-04-20,,,
2015-04-21,,,
2015-04-22,,,
2015-04-23,,,
2015-04-24,,,
2015-04-27,,,
2015-04-28,,,
2015-04-29,,,
2015-04-30,,,
2015-05-01,,,
2015-05-04,,,
2015-05-05,,,
2015-05-06,,,
2015-05-07,,,
2015-05-08,,,
2015-05-11,,,
2015-05-12,,,
2015-05-13,,,
2015-05-14,,,
2015-05-15,,,
2015-05-18,,,
2015-05-19,,,
2015-05-20,,,
2015-05-21,,,
2015-05-22,,,
2015-05-26,,,
2015-05-27,,,
2015-05-28,,,
2015-05-29,,,
2015-06-01,,,
2015-06-02,,,
2015-06-03,,,
2015-06-04,,,
2015-06-05,,,
2015-06-08,,,
2015-06-09,,,
2015-06-10,,,
2015-06-11,,,
2015-06-12,,,
2015-06-15,,,
2015-06-16,,,
2015-06-17,,,
2015-06-18,,,
2015-06-19,,,
2015-06-22,,,
2015-06-23,,,
2015-06-24,,,
2015-06-25,,,
2015-06-26,,,
2015-06-29,,,
2015-06-30,,,
2015-07-01,,,
2015-07-02,,,
2015-07-06,0.0721923573022,0.00573780668113,0.922273181143
2015-07-07,0.0715659221934,0.234519857285,0.92830288865
2015-07-08,0.0728588289425,0.0140085188688,0.937474525961
2015-07-09,0.072347786079,-0.103026510181,0.937693909704
2015-07-10,0.0726545398611,-0.0643491918521,0.95388315032
2015-07-13,0.0727758026647,0.050858829687,0.952089422021
2015-07-14,0.0728899969102,0.165193615328,0.958539460688
2015-07-15,0.072899570581,0.148146200415,0.959186532327
2015-07-16,0.0731626382346,0.296351081413,0.960776478307
2015-07-17,0.0730545538669,0.178684757501,0.97147186267
2015-07-20,0.0727106580385,-0.0674946259984,0.971862610805
2015-07-21,0.0726286859565,-0.178643087903,0.970660495411
2015-07-22,0.0726287026942,-0.323346125588,0.970812186212
2015-07-23,0.071944790749,-0.605133718445,0.973834610536
2015-07-24,0.0721363947609,-0.659195866325,0.968703377747
2015-07-27,0.072249800261,-0.802850721353,0.96897279029
2015-07-28,0.0726404736049,-0.568890431627,0.986131494082
2015-07-29,0.0723461329379,-0.323864157447,0.98677827903
2015-07-30,0.0723022499687,-0.412193873601,0.992739724051
2015-07-31,0.0721910676536,-0.205432472137,0.998634739443
2015-08-03,0.0718803458127,-0.413934687991,1.00474219407
2015-08-04,0.0716124901772,-0.596141234992,1.0114393445
2015-08-05,0.0715765681604,-0.538181682579,1.01123860714
2015-08-06,0.0713232966688,-0.740900071614,1.00735037663
2015-08-07,0.0698299480396,-0.447201923899,0.995352232229
2015-08-10,0.0704003368599,-0.193708218602,0.995769046736
2015-08-11,0.0704809941693,-0.401343991142,1.00258712896
2015-08-12,0.0703976805604,-0.33922236376,1.00260563377
2015-08-13,0.0696919568778,-0.608305558882,0.998930493192
2015-08-14,0.0696413869807,-0.633139564026,0.998170437602
2015-08-17,0.0695933552934,-0.489539465074,0.993949800616
2015-08-18,0.0695848877929,-0.670364604851,0.993535080974
2015-08-19,0.069573332939,-0.664657023911,0.990361455987
2015-08-20,0.0704817044847,-1.00871353887,0.975012463732
2015-08-21,0.0731005341796,-1.35811483918,0.955932565497
2015-08-24,0.0794858320678,-1.90105734503,0.947576456627
2015-08-25,0.0797349841129,-2.0334249569,0.942161310081
2015-08-26,0.0824934974032,-1.55631270032,0.918043355632
2015-08-27,0.0845069409513,-1.23871163968,0.914206828343
2015-08-28,0.0845067719872,-1.23799716164,0.915162110906
2015-08-31,0.0846646981931,-1.27938230273,0.915210897605
2015-09-01,0.0871754405709,-1.52153948969,0.915713687127
2015-09-02,0.0879402759,-1.34953317986,0.910310816878
2015-09-03,0.0856727800841,-1.03652803257,0.899290466768
2015-09-04,0.0865982881569,-1.30327487724,0.90377531589
2015-09-08,0.0877438119482,-0.799330381956,0.902599200545
2015-09-09,0.0881757980688,-0.944817215713,0.90102469069
2015-09-10,0.0876872662158,-1.04425057725,0.901309757493
2015-09-11,0.0876387880009,-0.889744364683,0.901446276884
2015-09-14,0.0869566943825,-1.11992452288,0.901945552912
2015-09-15,0.0871064385685,-1.01592709819,0.899776405312
2015-09-16,0.0852738917413,-1.20159831153,0.890137734501
2015-09-17,0.0851258860139,-0.995019310241,0.889402412082
2015-09-18,0.0845655873689,-1.43697555793,0.881170995384
2015-09-21,0.0845441691445,-1.4611275554,0.880687479228
2015-09-22,0.085305022955,-1.62830904763,0.884706257218
2015-09-23,0.0847058267896,-1.49477262637,0.886857763767
2015-09-24,0.0846040381826,-1.40652974924,0.8857284979
2015-09-25,0.0845600363485,-1.44648114104,0.885611858566
2015-09-28,0.0859191093923,-1.80598206808,0.88776531182
2015-09-29,0.0857485525559,-1.67293621745,0.887416743578
2015-09-30,0.0866290064075,-1.53173719696,0.886265963979
2015-10-01,0.0865982030185,-1.54406164027,0.885966852225
2015-10-02,0.087823274937,-1.39183339419,0.890460390174
2015-10-05,0.0886482828358,-1.14803617574,0.890821499511
2015-10-06,0.0885925264086,-1.1800594403,0.890202668028
2015-10-07,0.088958649401,-1.0419657024,0.892418150796
2015-10-08,0.089049287203,-1.01629096913,0.89199831666
2015-10-09,0.0890229982595,-0.912388457062,0.89179007909
2015-10-12,0.0889907337316,-0.931008132946,0.891520344642
2015-10-13,0.0890314071509,-1.10305936344,0.891727435047
2015-10-14,0.0890827184093,-1.07080988128,0.890829659705
2015-10-15,0.0895167366569,-0.766012620208,0.891951408348
2015-10-16,0.0894861446686,-0.785998099697,0.894472465687
2015-10-19,0.0894566005174,-0.835126405214,0.894897137674
2015-10-20,0.0894678017009,-0.858681357461,0.895472243456
2015-10-21,0.0894041671234,-0.996096223865,0.894803460695
2015-10-22,0.0902460533764,-0.829390539951,0.89366603425
2015-10-23,0.0903608842781,-0.7819927595,0.89311664324
2015-10-26,0.0903737347891,-0.83224204071,0.893126560917
2015-10-27,0.0900462442416,-0.740850438362,0.89141958112
2015-10-28,0.089431670943,-0.534907434305,0.88453330319
2015-10-29,0.0894746766888,-0.713751436124,0.886680898529
2015-10-30,0.0894632997433,-0.775768135892,0.886458171358
2015-11-02,0.0892293186746,-0.483707864827,0.885153029606
2015-11-03,0.0891279965498,-0.436983767455,0.885079844299
2015-11-04,0.0892274779508,-0.547809051155,0.886629375387
2015-11-05,0.0879188711507,-0.815725644258,0.881328835071
2015-11-06,0.0877783759298,-0.79298729745,0.880729925564
2015-11-09,0.0882278490612,-0.938968314225,0.882890357873
2015-11-10,0.0881787741964,-0.961573527063,0.882802638779
2015-11-11,0.0874470931206,-1.16884826741,0.878711937454
2015-11-12,0.087720126612,-1.40171746868,0.876626394494
2015-11-13,0.0879569119252,-1.47046023989,0.876451156823
2015-11-16,0.0887309094633,-1.19339868823,0.876881271843
2015-11-17,0.0887223686516,-1.23526357293,0.876832688619
2015-11-18,0.0892630098314,-1.12276800695,0.87559231986
2015-11-19,0.0893175372606,-1.01948217654,0.875355131118
2015-11-20,0.0887551690448,-0.828698627165,0.872461907415
2015-11-23,0.0884928504889,-0.990021912308,0.872869848015
2015-11-24,0.0885088019709,-0.925872526851,0.872956389862
2015-11-25,0.0883299517152,-0.838456921092,0.872351564112
2015-11-27,0.0883398549738,-0.851357241675,0.872193663112
2015-11-30,0.0883367317281,-0.850626130041,0.871993451772
2015-12-01,0.0889480108986,-0.639842859539,0.873996757896
2015-12-02,0.0894419881494,-0.711690214853,0.876301132333
2015-12-03,0.089823237829,-0.767594638412,0.869679959979
2015-12-04,0.0912883906701,-0.47385605063,0.871556195443
2015-12-07,0.0914402056034,-0.520212790762,0.872293589171
2015-12-08,0.0909622796253,-0.797715090543,0.869918940675
2015-12-09,0.0909520223732,-0.941984630305,0.869304491164
2015-12-10,0.0908021176748,-0.867547821411,0.869604634264
2015-12-11,0.0914334303638,-0.99001785866,0.866789907854
2015-12-14,0.0913333922989,-1.0636358932,0.866894763788
2015-12-15,0.0915522981739,-0.993476546897,0.865885460398
2015-12-16,0.0920756073028,-0.926795974022,0.868355911792
2015-12-17,0.0927505443376,-1.06608142341,0.86923838081
2015-12-18,0.0930249236839,-1.20783221385,0.863606538215
2015-12-21,0.0933048981367,-1.09195753011,0.864526189591
2015-12-22,0.0933354398232,-0.93990470724,0.863755292537
2015-12-23,0.0938506733055,-0.738318270775,0.864952266149
2015-12-24,0.0938352491064,-0.709252623425,0.864773276901
2015-12-28,0.0928070009369,-0.539906654073,0.863043631829
2015-12-29,0.0930007644171,-0.449160135782,0.862878541473
2015-12-30,0.0931299580112,-0.603868018279,0.863619388293
2015-12-31,0.0933337909465,-0.727241456849,0.863849267885
2016-01-04,0.0936632219946,-0.792334376487,0.862202901658
2016-01-05,0.0936757301315,-0.785216062621,0.864115703681
2016-01-06,0.0929104759565,-0.682274878286,0.860465102905
2016-01-07,0.0940814510988,-0.955081887534,0.856685315402
2016-01-08,0.0935291006688,-1.27080147048,0.853334729718
2016-01-11,0.0933890336428,-1.36381764132,0.855265095947
2016-01-12,0.0934091161857,-1.35815370487,0.853605481904
2016-01-13,0.0942678587281,-1.52955779423,0.848004092068
2016-01-14,0.0943174628509,-1.51951548184,0.843009596644
2016-01-15,0.095675483068,-1.72288348796,0.84605417112
2016-01-19,0.0956823429243,-1.62162598586,0.846244428056
2016-01-20,0.0961499917578,-1.73704609276,0.84749491479
2016-01-21,0.0961994277957,-1.63110637219,0.847560580043
2016-01-22,0.0978922790072,-1.29465861688,0.852004472952
2016-01-25,0.0980675758028,-1.32951361241,0.850673825659
2016-01-26,0.0990436151152,-1.04372644185,0.85418153125
2016-01-27,0.0988617916967,-1.25849514893,0.853624987504
2016-01-28,0.0987711101331,-1.2907167225,0.852914131329
2016-01-29,0.100833914341,-0.965389879401,0.855136113149
2016-02-01,0.100709639851,-1.03894391631,0.854710204603
2016-02-02,0.101375189563,-1.15802277981,0.855145558006
2016-02-03,0.101686725836,-1.01161030272,0.856692083216
2016-02-04,0.101775311229,-0.963666925517,0.857257267668
2016-02-05,0.102277172273,-1.06313942092,0.854147258274
2016-02-08,0.102524644273,-1.17861974419,0.854102998171
2016-02-09,0.102109628785,-1.37547706341,0.853111608478
2016-02-10,0.102030384713,-1.26252483649,0.853070763659
2016-02-11,0.102048847917,-1.29318868038,0.848509215289
2016-02-12,0.102564318669,-1.11042492562,0.8448053373
2016-02-16,0.102817075306,-1.04258025983,0.841627583033
2016-02-17,0.103568326609,-0.903525932918,0.843607046686
2016-02-18,0.103545803572,-0.799621346717,0.842839441012
2016-02-19,0.103520132239,-0.777940642372,0.843302392972
2016-02-22,0.10310923187,-0.500956159783,0.843119109834
2016-02-23,0.101479498714,-0.336998885367,0.84329888839
2016-02-24,0.0962292638658,0.147611249621,0.835738057137
2016-02-25,0.0965236161515,0.411297751175,0.838732835311
2016-02-26,0.0944957957688,0.0377707459078,0.846944974521
2016-02-29,0.0928142240828,-0.254942012289,0.844984511379
2016-03-01,0.0941230779672,-0.0104566168016,0.845534420392
2016-03-02,0.0939915411016,0.180166277034,0.84559391471
2016-03-03,0.0917048038923,0.642083567771,0.842609666669
2016-03-04,0.0911114760284,0.518902129321,0.84552169141
2016-03-07,0.091110236123,0.508021591285,0.845564169338
2016-03-08,0.0903621012467,0.608181597619,0.841912431739
2016-03-09,0.0886013655064,0.362532635272,0.839117944304
2016-03-10,0.088109579964,0.533316486087,0.839591797309
2016-03-11,0.0887276332544,0.6478149587,0.840234811673
2016-03-14,0.0887222233738,0.532981160385,0.840507303914
2016-03-15,0.0887731892077,0.516858815953,0.840910236162
2016-03-16,0.0895283884256,0.63837252628,0.847082112312
2016-03-17,0.0892167540298,0.588664669504,0.845090886875
2016-03-18,0.0891137293936,0.539763681403,0.84416648277
2016-03-21,0.0883226039281,0.69307739943,0.844018730965
2016-03-22,0.0883328610899,0.68037393169,0.844657047502
2016-03-23,0.0878934080257,0.741964760242,0.843100290776
2016-03-24,0.0878964169986,0.740337765979,0.843125898354
2016-03-28,0.0879381601178,0.779054608812,0.843900431757
2016-03-29,0.088935341111,0.992205791201,0.849209718247
2016-03-30,0.0871002150743,1.32324247884,0.848142392593
2016-03-31,0.0871019691497,1.29111371347,0.848122781163
2016-04-01,0.0862232728398,1.08432223607,0.846481065345
2016-04-04,0.0862838753519,0.984742260704,0.84683953388
2016-04-05,0.0850354401052,0.606810223286,0.840074798932
2016-04-06,0.0845618224811,0.54009125918,0.838811777931
2016-04-07,0.0848039313936,0.41982977436,0.837864077484
2016-04-08,0.084649601295,0.385960662621,0.837026536395
2016-04-11,0.0844989010331,0.32147904018,0.836550811698
2016-04-12,0.0847547995974,0.399253050172,0.83765504602
2016-04-13,0.0850126386494,0.485604102503,0.837426025305
2016-04-14,0.0848476558998,0.531304906255,0.836796258842
2016-04-15,0.0848202008361,0.51071674934,0.838090084635
2016-04-18,0.0842525869751,0.408885470279,0.837087280683
2016-04-19,0.0846037664228,0.525451065561,0.839140701093
2016-04-20,0.0846888382563,0.48167405821,0.839551910186
2016-04-21,0.0848791131129,0.414564213331,0.84033736746
2016-04-22,0.0847895742721,0.454792010273,0.840118001296
2016-04-25,0.0839716111329,0.223961596006,0.84036139514
2016-04-26,0.0838797321174,0.186828914903,0.842824271001
2016-04-27,0.083930652407,0.294285364616,0.843072441204
2016-04-28,0.0839699708128,0.275470939395,0.84111238192
2016-04-29,0.0839520587677,0.218049272389,0.84391239076
2016-05-02,0.0838210518617,0.400480115127,0.842078659511
2016-05-03,0.0841752212078,0.303152010086,0.843873119064
2016-05-04,0.0839747022196,0.0849426952645,0.84449549454
2016-05-05,0.083961013724,0.131654444849,0.844954684719
2016-05-06,0.0838609830838,0.269788904249,0.844416814904
2016-05-09,0.0839101796175,0.237238643146,0.843985437788
2016-05-10,0.0840128673346,0.554418532784,0.842862500953
2016-05-11,0.0836836045826,0.618439129758,0.839775633315
2016-05-12,0.0836900279394,0.556768853362,0.840062211262
2016-05-13,0.0838984315742,0.48160964056,0.841430429143
2016-05-16,0.0835789140914,0.760987537027,0.841800673796
2016-05-17,0.0835313069346,0.770244572457,0.84101562458
2016-05-18,0.0830862955628,0.451801600633,0.84168338833
2016-05-19,0.0831989928893,0.402701460077,0.842362422684
2016-05-20,0.0828105101644,0.333343347672,0.844461321786
2016-05-23,0.0827671753662,0.240742490512,0.844859609796
2016-05-24,0.0830066701248,0.32562385652,0.842151320192
2016-05-25,0.0830973835685,0.46721458297,0.842014039241
2016-05-26,0.0830924878747,0.462738558762,0.842004415585
2016-05-27,0.0830896756058,0.475057590559,0.840948919162
2016-05-31,0.0830693748183,0.491320217256,0.841041868233
2016-06-01,0.0830466673477,0.5265229659,0.841359520524
2016-06-02,0.0824892002598,0.409613735561,0.83923829128
2016-06-03,0.0820165142663,0.766486478525,0.834899919388
2016-06-06,0.0812045991172,1.01667742185,0.83880424541
2016-06-07,0.0797521324636,0.817450587015,0.837865623003
2016-06-08,0.0796157789456,1.03341395502,0.837026989402
2016-06-09,0.0793463133824,1.11039378911,0.835637854982
2016-06-10,0.0798797504173,1.0106128502,0.840114792828
2016-06-13,0.0800983601901,0.92049589641,0.841182044606
2016-06-14,0.0793488576132,1.05566387875,0.844000396367
2016-06-15,0.0794335330959,1.14907314913,0.844051840401
2016-06-16,0.0792274736078,1.04391985629,0.844811511739
2016-06-17,0.078139385663,0.838633039574,0.837055371484
2016-06-20,0.0773579422695,1.16479283202,0.835186077051
2016-06-21,0.0768789145602,1.31745093533,0.841362919036
2016-06-22,0.0766444201251,1.19420586542,0.840388010919
2016-06-23,0.0771989564162,1.29366167647,0.844514733874
2016-06-24,0.081075316588,0.609614043783,0.8535934392
2016-06-27,0.0815538238343,0.457779652579,0.850337652418
2016-06-28,0.0827963171181,0.751846515109,0.852635385556
2016-06-29,0.0835459398568,0.863458992619,0.854773859451
2016-06-30,0.0839552563867,1.16003992401,0.854213023929
2016-07-01,0.0837783292977,1.37005915608,0.854185188004
2016-07-05,0.0833244525715,1.46099160437,0.855599924661
2016-07-06,0.083365590383,1.48477610526,0.854416678625
2016-07-07,0.0831403802013,1.54399390951,0.855531548671
2016-07-08,0.0824440668761,2.0521003854,0.862517294496
2016-07-11,0.0819147224804,2.23717683073,0.860675060684
2016-07-12,0.0818826891686,2.30691797007,0.859662946976
2016-07-13,0.0818094923227,2.26691053894,0.861655934199
2016-07-14,0.0805060523082,2.57383203064,0.869749743003
2016-07-15,0.0804578388782,2.37998555762,0.878408144744
2016-07-18,0.0784043341111,2.7877631679,0.873267633726
2016-07-19,0.0784274695648,2.7218995325,0.873748781577
2016-07-20,0.0775529343208,2.95425754504,0.870320157581
2016-07-21,0.0775290762024,2.90474266014,0.868692737776
2016-07-22,0.0757829259245,2.67912349392,0.862189024763
2016-07-25,0.0752735672996,2.79208797195,0.867578152924
2016-07-26,0.0741852775534,2.6045597259,0.861614440577
2016-07-27,0.0737993205337,2.82351726109,0.862503850497
2016-07-28,0.0737913890401,2.79476364125,0.863615919919
2016-07-29,0.0716779715091,2.6328691753,0.862748157636
2016-08-01,0.0717727509301,2.58225892444,0.863567302209
2016-08-02,0.0708034253457,2.75176392119,0.860908832335
2016-08-03,0.0705076361255,2.61406912537,0.857746578008
2016-08-04,0.070479235055,2.59787988734,0.8576219509
2016-08-05,0.0694190523626,2.86694201281,0.864841727831
2016-08-08,0.0688303378456,3.07060962041,0.864444597403
2016-08-09,0.0686543624557,3.27150181693,0.863599215439
2016-08-10,0.0686472550559,3.23731306104,0.862802978122
2016-08-11,0.068535406542,3.31166165116,0.876950092041
2016-08-12,0.0680046387629,3.13565234325,0.887838850955
2016-08-15,0.0677552234729,3.04446786842,0.897832874545
2016-08-16,0.0670017605001,2.73810371877,0.896889219436
2016-08-17,0.0669759739009,2.71257911381,0.899421054401
2016-08-18,0.0669847877798,2.81592339784,0.899507773056
2016-08-19,0.0669638965064,2.53406954473,0.910318590837
2016-08-22,0.0664288418577,2.71542719133,0.916147974682
2016-08-23,0.0664247844373,2.70712496858,0.917369027479
2016-08-24,0.0659616425613,2.3905269103,0.918348992467
2016-08-25,0.0657245583225,2.47862118901,0.916326373989
2016-08-26,0.0659576384334,2.3950202864,0.925360368467
2016-08-29,0.0644930597697,2.23625371975,0.931466530127
2016-08-30,0.0644548139985,2.0508679812,0.931055472642
2016-08-31,0.0641558422834,1.817293151,0.928151351681
2016-09-01,0.0641607480248,1.82032434508,0.927688747809
2016-09-02,0.0644005483405,1.94931830973,0.929654201343
2016-09-06,0.0643707649452,2.30955145781,0.932958299201
2016-09-07,0.0643710011401,2.27481874779,0.934587708071
2016-09-08,0.0646562560966,2.1192344372,0.936521049947
2016-09-09,0.0681105872029,1.29541966076,0.947839225119
2016-09-12,0.068567936486,1.54331264806,0.94007550827
2016-09-13,0.0705674844473,1.24867398144,0.950316018474
2016-09-14,0.0695019178314,1.03831483849,0.941800378972
2016-09-15,0.0694491750959,1.02755391692,0.937575023578
2016-09-16,0.069616194271,0.898689037511,0.940180527937
2016-09-19,0.0695889663956,0.993306363198,0.939371229894
2016-09-20,0.0695772829756,1.03896980357,0.939256930634
2016-09-21,0.0704279718336,1.48873591151,0.944324519727
2016-09-22,0.0707487171289,1.68716352427,0.946132231235
2016-09-23,0.0709183042822,1.530172371,0.946427928296
2016-09-26,0.0699281878598,1.16316098159,0.936978070057
2016-09-27,0.0699653028415,1.19102987586,0.935162352121
2016-09-28,0.0700894008113,1.293101825,0.935695844936
2016-09-29,0.0706900640109,1.1174077296,0.943831286086
2016-09-30,0.0706455765876,1.25406796207,0.940757588144
2016-10-03,0.0703693737417,1.32319893013,0.942021912521
2016-10-04,0.07106359901,0.935313942108,0.952251794289
2016-10-05,0.0707622790844,1.09132375133,0.95619833539
2016-10-06,0.0706420154584,0.935600658454,0.955137031901
2016-10-07,0.0707077799017,0.845029313153,0.956780422181
2016-10-10,0.0704670360853,0.778798520595,0.955880796198
2016-10-11,0.0711707560005,0.397042192084,0.959468320567
2016-10-12,0.0710782606255,0.493362992994,0.958831344566
2016-10-13,0.0710730612485,0.448346887843,0.958171060936
2016-10-14,0.0709338735813,0.32117119356,0.959041426611
2016-10-17,0.0704993819965,0.152451006963,0.955412192007
2016-10-18,0.0708483724895,0.387716185375,0.957801140393
2016-10-19,0.0706658971946,0.572975535399,0.957648038338
2016-10-20,0.0706713988482,0.56920921314,0.957608420074
2016-10-21,0.0706428676098,0.606630871736,0.957703530176
2016-10-24,0.0706113303906,0.573077863832,0.956716937283
2016-10-25,0.0705201629506,0.479942700864,0.954828913421
2016-10-26,0.0706336655983,0.443378125457,0.960934432795
2016-10-27,0.070820839799,0.362732228598,0.965823568941
2016-10-28,0.0706842809973,0.255117458215,0.966465615627
2016-10-31,0.0702646000871,0.461207978497,0.964372780522
2016-11-01,0.070253256422,0.464274257109,0.961700231423
2016-11-02,0.0703810388388,0.359395831105,0.961443683035
2016-11-03,0.0703743111287,0.239834980177,0.959050173423
2016-11-04,0.0703124150049,0.282722034306,0.959635701182
2016-11-07,0.0705971693956,0.315293554648,0.941162248741
2016-11-08,0.070354459065,0.46004813306,0.943607923833
2016-11-09,0.0704592912296,0.411313809519,0.938006265222
2016-11-10,0.0705643274374,0.388418455062,0.939065507728
2016-11-11,0.0706586244434,0.0974545224564,0.941775429702
2016-11-14,0.0703752646135,0.174060775184,0.945286885355
2016-11-15,0.0702842925974,0.456570322978,0.942913129805
2016-11-16,0.0702040085563,0.485547224152,0.942223683809
2016-11-17,0.0699803500396,0.378051681121,0.940795298265
2016-11-18,0.0701984011367,0.301711542487,0.942350813098
2016-11-21,0.0701936597043,0.297663347958,0.949569864098
2016-11-22,0.0701015204048,0.268269581302,0.950410610927
2016-11-23,0.0703450255827,0.115255389218,0.95194434514
2016-11-25,0.0703641998855,0.142630334604,0.953278974202
2016-11-28,0.070363424714,0.174991479786,0.951706012943
2016-11-29,0.0704057257703,0.221152896453,0.95216423076
2016-11-30,0.0705950809618,0.0359754601232,0.954060995456
2016-12-01,0.0703011578945,-0.258979714871,0.954552799865
2016-12-02,0.0703381038993,-0.239921463682,0.955484499735
2016-12-05,0.070400586748,-0.222466484951,0.954437527982
2016-12-06,0.0702698330949,-0.263073608135,0.953378040602
2016-12-07,0.0713713001886,0.0438428916715,0.955695397868
2016-12-08,0.070625269754,0.2603076926,0.951014163465
2016-12-09,0.0703942561091,0.369563913321,0.949692275715
2016-12-12,0.0702602603919,0.432378733877,0.948267522454
2016-12-13,0.0703567690689,0.459536161474,0.948741955789
2016-12-14,0.0721608546323,0.134426272471,0.962597166438
2016-12-15,0.0721678743473,0.0772150686547,0.965016568958
2016-12-16,0.0719410004704,-0.0159562634134,0.962331669923
2016-12-19,0.0720190728459,0.0495404845837,0.963167723923
2016-12-20,0.0720238853453,0.0775515988384,0.962903889688
2016-12-21,0.071240805092,-0.166473872663,0.959845621325
2016-12-22,0.0663364544233,0.324991448252,0.966215504444
2016-12-23,0.0657892158009,0.56269063509,0.981201742193
2016-12-27,0.0641389886406,0.279018819029,0.981250368643
2016-12-28,0.0629335713002,-0.0676743336505,0.974840603636
2016-12-29,0.0621373060963,-0.202116459663,0.978113285765
2016-12-30,0.0618787900684,-0.339892435198,0.974198129151
2017-01-03,0.0621153439002,-0.0768368008282,0.975833575312
2017-01-04,0.0624768348996,0.0121389283398,0.983248429536
2017-01-05,0.0627226448845,0.23684018233,0.984378711941
2017-01-06,0.0613341031468,-0.119477761177,0.981694835408
2017-01-09,0.0613104851885,-0.178322266754,0.98033245254
2017-01-10,0.0612662030353,-0.224018063942,0.982530777501
2017-01-11,0.0613481764804,-0.186982345264,0.983387910464
2017-01-12,0.0613133835767,-0.229843558712,0.984015916546
2017-01-13,0.0611881131964,-0.112173852368,0.983427105303
2017-01-17,0.0611690897153,-0.125951928606,0.981452389696
2017-01-18,0.0612735200677,-0.186221724796,0.982224546193
2017-01-19,0.0614294405656,-0.305471782356,0.983501511016
2017-01-20,0.0615447363426,-0.232088702707,0.987723156789
2017-01-23,0.0616066327623,-0.202060844535,0.98842730084
2017-01-24,0.0615395260442,-0.0505939308601,0.985434652862
2017-01-25,0.0616002820367,-0.0174625778983,0.981545675014
2017-01-26,0.0615243460616,-0.16276197999,0.981504648474
2017-01-27,0.0615290129821,-0.208573627884,0.981436110114
2017-01-30,0.0612766086586,-0.49364896803,0.975726129542
2017-01-31,0.061367042075,-0.323241993116,0.976381169135
2017-02-01,0.0611124148527,-0.217168671396,0.980159191878
2017-02-02,0.0611685610567,-0.16056546722,0.98280706593
2017-02-03,0.0613218613704,-0.107519223445,0.981463160433
2017-02-06,0.0613250091945,-0.101141592714,0.98798522271
2017-02-07,0.0613204626644,-0.130039812985,0.988155290328
2017-02-08,0.0612906237041,-0.139467768735,0.987997593385
2017-02-09,0.0613004753869,-0.126081935656,0.987291810328
2017-02-10,0.0614209882736,-0.0520854570093,0.989165972584
2017-02-13,0.0614486023724,-0.0150937236482,0.987538523144
2017-02-14,0.0614135501492,-0.0534581257724,0.986372208971
2017-02-15,0.0613808039437,0.113255778904,0.988596303852
2017-02-16,0.0613876029002,0.118480034155,0.988940494378
2017-02-17,0.0612832274005,0.0456839825919,0.986779582927
2017-02-21,0.061218123044,0.28834479349,0.984811431454
2017-02-22,0.0612180991593,0.284058208128,0.984616547558
2017-02-23,0.0612769595632,0.321523815571,0.985271650564
2017-02-24,0.0610689193562,0.459763344372,0.983645658811
2017-02-27,0.0610585070335,0.467023302402,0.983818775521
2017-02-28,0.0609106805949,0.517824890367,0.981769022094
2017-03-01,0.0609660687048,0.533734419266,0.974125410526
2017-03-02,0.0615189902136,0.402217859336,0.977795141515
2017-03-03,0.0614568966635,0.517955759858,0.977749894116
2017-03-06,0.0615075756953,0.36547080016,0.978208512045
2017-03-07,0.061336991466,0.129360607233,0.97575004274
2017-03-08,0.0609992203512,-0.217871219164,0.973303580374
2017-03-09,0.0610401851566,-0.272072951906,0.973707427576
2017-03-10,0.0609951517008,-0.0423586653439,0.973902820345
2017-03-13,0.0563409649238,0.565436277131,0.968605422807
2017-03-14,0.0557778891572,0.22778678976,0.981398278345
2017-03-15,0.0554335919232,1.06518664074,0.989635334489
2017-03-16,0.0554245902412,1.03029183896,0.986504054429
2017-03-17,0.055075130735,0.894884427696,0.991821274954
2017-03-20,0.0548648216502,1.04561860198,0.989150189208
2017-03-21,0.0552260369546,0.822648984746,0.975207780432
2017-03-22,0.0552686692917,0.859040579251,0.975598241893
2017-03-23,0.0533537929016,0.509030474399,0.956225253666
2017-03-24,0.0527730910692,0.313911471602,0.949581336535
2017-03-27,0.0525461523609,0.465715278169,0.949800108845
2017-03-28,0.0523202461324,0.694664227976,0.949891527376
2017-03-29,0.0522961551429,0.681677894796,0.956004966876
2017-03-30,0.0521294716992,0.508433135801,0.952979571619
2017-03-31,0.0513621806571,0.738530250392,0.947920209504
2017-04-03,0.0513030305188,0.702012413947,0.952273843461
2017-04-04,0.0511624440639,0.80788511689,0.951104186417
2017-04-05,0.0498155077765,1.10277826496,0.933702261458
2017-04-06,0.0498073277784,1.08996816564,0.934182680717
2017-04-07,0.0497705504015,1.1124172287,0.933534667992
2017-04-10,0.0496643952291,1.22068665524,0.933387953608
2017-04-11,0.0496967822328,1.23641968337,0.933244364073
2017-04-12,0.0481663461856,1.62320126473,0.924448577345
2017-04-13,0.048317583935,1.48035308485,0.921355723938
2017-04-17,0.048649043816,1.6678810284,0.922208430197
2017-04-18,0.0486171746322,1.69646983432,0.921767038233
2017-04-19,0.0488755250338,1.57038113846,0.927313926966
2017-04-20,0.0485553145847,1.51097099008,0.921237300172
2017-04-21,0.0484933632046,1.37358827261,0.918115317379
2017-04-24,0.0490235872021,1.64105634867,0.919476263385
2017-04-25,0.049036863156,1.69307625806,0.918470414305
2017-04-26,0.0490446661598,1.65615939457,0.91986216474
2017-04-27,0.0490306678743,1.68113310557,0.923248709285
2017-04-28,0.0487151663263,1.82436802394,0.918868215445
2017-05-01,0.0483876172924,1.98013582857,0.915562322537
2017-05-02,0.0483925445175,2.07153896666,0.918338189541
2017-05-03,0.048712283156,1.83534436246,0.922848595651
2017-05-04,0.0484184152222,1.96063568571,0.927289106974
2017-05-05,0.0484241569447,2.23826684137,0.931180738251
2017-05-08,0.0484802475961,2.20951545203,0.938969035552
2017-05-09,0.0484950389931,2.19789600167,0.939029607511
2017-05-10,0.0471654496025,1.97080082324,0.98789444387
2017-05-11,0.0471854665174,1.89675402817,0.988021715563
2017-05-12,0.0469909667546,2.09679077604,1.00250664349
2017-05-15,0.0465373020722,2.46583661777,0.999551382417
2017-05-16,0.0457780811456,2.78512216297,0.988202265747
2017-05-17,0.0462168673595,2.65284405206,0.946647651767
2017-05-18,0.0458232408324,2.47238927909,0.943055295436
2017-05-19,0.0462117409915,2.78200685557,0.948289649919
2017-05-22,0.046276477426,2.86086657896,0.949140943645
2017-05-23,0.0458542726922,3.03084468584,0.943498710848
2017-05-24,0.0455748247931,2.96056932565,0.944885617985
2017-05-25,0.0455058266816,2.92267045705,0.939957746158
2017-05-26,0.0450069093364,3.14801222307,0.933776271927
2017-05-30,0.0450292930425,3.05916364505,0.936071985322
2017-05-31,0.0450295912564,3.05819377026,0.941096401835
2017-06-01,0.045278537999,3.14447888936,0.939784025967
2017-06-02,0.0451994994343,3.56128941751,0.939846428698
2017-06-05,0.0447887181426,3.70213144989,0.936828987748
2017-06-06,0.0447167239132,3.59840844685,0.933523522829
2017-06-07,0.0445688541586,3.45188497264,0.934949661484
2017-06-08,0.044560086166,3.29003441529,0.934768132831
2017-06-09,0.0431122137506,2.88080951571,0.930713541513
2017-06-12,0.0431407386868,2.82601005453,0.931298714739
2017-06-13,0.0433332464541,2.98477435231,0.939711539405
2017-06-14,0.0433017981054,3.0253848001,0.940066543809
2017-06-15,0.0433663082505,2.67425759808,0.946652583546
2017-06-16,0.0400770141111,3.53548022142,0.898275788374
2017-06-19,0.0400770752433,3.7003757952,0.895005463015
2017-06-20,0.0406089785542,3.42228125714,0.903368300114
2017-06-21,0.0405303806648,3.32352450925,0.902852669675
2017-06-22,0.0405336449496,3.33499275813,0.904527656089
2017-06-23,0.040482246211,3.47124643605,0.903927054324
2017-06-26,0.0403595763408,3.59850926952,0.902207780236
2017-06-27,0.0409948565801,3.24146852503,0.895625041921
2017-06-28,0.0414207141757,3.39277369143,0.893930339816
2017-06-29,0.0426194420423,3.06574691256,0.918265089553
2017-06-30,0.0423524053805,2.92491346926,0.916125194457
2017-07-03,0.0424068407644,2.87209079283,0.918890141577
2017-07-05,0.0419365692955,2.69928043061,0.916108118332
2017-07-06,0.0423790059695,2.12241867136,0.911811383494
2017-07-07,0.041968531771,1.99132777783,0.900590209965
2017-07-10,0.041877235168,2.1067956927,0.901835132187
2017-07-11,0.0418686313395,2.1869918996,0.902681974737
2017-07-12,0.0427963297639,2.43904368151,0.912096155514
2017-07-13,0.0426705854484,2.3498710604,0.910565343366
2017-07-14,0.0430851075766,2.53703029728,0.918999145684
2017-07-17,0.0430833733567,2.519943275,0.918777612985
2017-07-18,0.0431149778702,2.5510369693,0.922893433759
2017-07-19,0.0430840799479,2.83388107043,0.921490054171
2017-07-20,0.0427657779205,3.02001495898,0.920720634502
2017-07-21,0.0426596705033,2.92342582603,0.919586069079
2017-07-24,0.0426065412436,2.79201696227,0.923224452398
2017-07-25,0.0426034734795,2.66969166628,0.927387416651
2017-07-26,0.0426935599712,2.70302891501,0.934923624389
2017-07-27,0.0426899398369,2.70491262621,0.934733196926
2017-07-28,0.0426572579996,2.79602473059,0.933927566907
2017-07-31,0.0422864238509,2.99576995345,0.93398860516
2017-08-01,0.0422522788861,2.98366244484,0.933896273351
2017-08-02,0.0422503055123,2.98533551002,0.933872407454
2017-08-03,0.0422232692801,2.88871095623,0.933633269976
2017-08-04,0.0419920978921,2.71632345955,0.935018864316
2017-08-07,0.0419985115092,2.74123879418,0.935256761552
2017-08-08,0.0421210306927,2.65843226941,0.93584772282
2017-08-09,0.0419638704736,2.55046747071,0.933594700231
2017-08-10,0.0433209598578,2.09600705442,0.93402495069
2017-08-11,0.043195787247,2.01686944529,0.932471449696
2017-08-14,0.0435456459501,2.14180690193,0.929657521193
2017-08-15,0.043657349149,2.04337065755,0.932698513722
2017-08-16,0.0437980459068,2.09053543628,0.935723109871
2017-08-17,0.0449195335327,1.67385441634,0.92241079493
2017-08-18,0.0449339912853,1.63600325891,0.923752579545
2017-08-21,0.044721435311,1.54998365432,0.923308437673
2017-08-22,0.0449649031937,1.70369244293,0.913091549872
2017-08-23,0.0448886684846,1.64299285911,0.909266223894
2017-08-24,0.0449868843384,1.52735858326,0.912282822645
2017-08-25,0.0451298409364,1.69066977802,0.914218433093
2017-08-28,0.0450190082204,1.8373459773,0.912912621234
2017-08-29,0.0446141646787,1.64031686278,0.9218178842
2017-08-30,0.043685773093,2.02168649023,0.90815793565
2017-08-31,0.0442225484826,2.17607529406,0.913852602245
2017-09-01,0.0440313587873,2.33300965628,0.911583346696
2017-09-05,0.0438604585405,2.40132691224,0.906050607187
2017-09-06,0.0433487679592,2.71315931186,0.899413916365
2017-09-07,0.0434946506459,2.95261946908,0.899876402344
2017-09-08,0.0433813336685,2.75518119718,0.89862628762
2017-09-11,0.0435350354479,2.8478872042,0.89042016998
2017-09-12,0.0432297728875,3.03092097715,0.885717263254
2017-09-13,0.0405886879637,2.55926393248,0.851085189984
2017-09-14,0.0406067248215,2.62539830617,0.853464309862
2017-09-15,0.0406046581182,2.61293016696,0.853843506042
2017-09-18,0.0406333700772,2.52850105495,0.853113833972
2017-09-19,0.0400395336956,2.82304964891,0.864574439442
2017-09-20,0.0401209342665,2.63342339301,0.8655227235
2017-09-21,0.0402936784033,2.50358816655,0.868129917285
2017-09-22,0.0402939735614,2.51313599682,0.869495374639
2017-09-25,0.040305851543,2.46335524074,0.869656172663
2017-09-26,0.040339087783,2.28080997805,0.873376775161
2017-09-27,0.0403569480743,2.12771747409,0.870489575601
2017-09-28,0.0403200923003,2.25595681201,0.872829255186
2017-09-29,0.0403530822139,2.36677904752,0.874036823495
2017-10-02,0.0403221575618,2.31887819521,0.86853631477
2017-10-03,0.0404070311554,2.42493260951,0.869772888718
2017-10-04,0.0403277691366,2.52582734017,0.869330023078
2017-10-05,0.0403582969787,2.56676071388,0.865629056772
2017-10-06,0.0403415304012,2.57889039698,0.865602734379
2017-10-09,0.0403404091906,2.57157881065,0.864601118547
2017-10-10,0.040381190322,2.58381079736,0.867293219278
2017-10-11,0.0404234805225,2.66950042994,0.871895014741
2017-10-12,0.0402159655913,2.81472234639,0.873577258409
2017-10-13,0.040019118278,2.77628387856,0.876384131658
2017-10-16,0.040059085077,2.73579345857,0.876462803415
2017-10-17,0.039779240274,2.85877161355,0.872046726186
2017-10-18,0.0394669626222,2.65908137825,0.870580994813
2017-10-19,0.0394222177226,2.71162328588,0.872382759715
2017-10-20,0.0387282773608,2.46295833556,0.865737050828
2017-10-23,0.038855986819,2.28251571359,0.868217215281
2017-10-24,0.0388547885915,2.28428074729,0.868174974964
2017-10-25,0.0391322610321,2.11481052319,0.869006814473
2017-10-26,0.0392114530048,2.05179311677,0.8693216505
2017-10-27,0.0398590355225,2.29729609192,0.871923183373
2017-10-30,0.0398348253722,2.19887049308,0.869995724091
2017-10-31,0.0394073807217,2.46282183293,0.864769828807
2017-11-01,0.0394062592658,2.58560771082,0.865175351852
2017-11-02,0.0391324111085,2.47653667521,0.861007824012
2017-11-03,0.0389197349768,2.64376849493,0.854023751349
2017-11-06,0.0389935624523,2.82422972294,0.854660622826
2017-11-07,0.0390120441168,2.69468574827,0.854881012102
2017-11-08,0.0390150008118,2.81953941018,0.855919910668
2017-11-09,0.0391736176029,2.60653943361,0.856714013963
2017-11-10,0.0392291655921,2.29853642927,0.858558017475
2017-11-13,0.0392271271587,2.23792568491,0.859081526766
2017-11-14,0.0386084117371,2.46905394771,0.893350277708
2017-11-15,0.0388620365787,2.30697332772,0.900180489838
2017-11-16,0.0387714276957,2.29411743111,0.896321373539
2017-11-17,0.0386817373714,2.18038381143,0.894182391608
2017-11-20,0.0386733171745,2.1832245779,0.89392830851
2017-11-21,0.0390487023456,2.27553300996,0.897111580694
2017-11-22,0.0390567789306,2.2809002765,0.900137296292
2017-11-24,0.0390733851176,2.33157424605,0.900569052366
2017-11-27,0.0391465238417,2.28082336743,0.901635181355
2017-11-28,0.0395358879458,2.45212638735,0.893027114253
2017-11-29,0.0394761977793,2.09255350994,0.896874633635
2017-11-30,0.0389446860357,1.94721473022,0.875499908093
2017-12-01,0.0388523009908,2.0295294655,0.874166843653
2017-12-04,0.0389404890562,1.93537065146,0.877864849787
2017-12-05,0.0391118742816,1.82130940207,0.880031586327
2017-12-06,0.039113857386,1.8198689089,0.879188397065
2017-12-07,0.038947204353,1.94610450253,0.875621538674
2017-12-08,0.0391639847843,2.14413485065,0.877779568693
2017-12-11,0.0389244154551,2.03076867097,0.874381358814
2017-12-12,0.0389212750215,2.05979908865,0.874317272049
2017-12-13,0.0387149307708,2.39746074266,0.870678488801
2017-12-14,0.0389189126656,2.16140080184,0.873014271197
2017-12-15,0.0390534681466,2.2128854172,0.874401622397
2017-12-18,0.0390203211096,2.65540634835,0.875908187442
2017-12-19,0.0395254197538,2.40992705167,0.880802902685
2017-12-20,0.0395992148183,2.28671024796,0.882162456808
2017-12-21,0.0396288821057,2.30673651454,0.882680911501
2017-12-22,0.0396613514602,2.34929711697,0.881675606935
2017-12-26,0.0390227293955,2.64920557862,0.88700607986
2017-12-27,0.0386035619941,2.53923275968,0.888460409868
2017-12-28,0.0371945660189,3.11099907719,0.874166222993
2017-12-29,0.0372019899875,3.08178733555,0.868493317679
2018-01-02,0.0376588799122,3.37177000037,0.875057106978
2018-01-03,0.0378775832763,3.50476573086,0.876406333327
2018-01-04,0.0367610045441,4.0935367766,0.870647637576
2018-01-05,0.0369232781715,4.1692991069,0.878594479498
2018-01-08,0.0369225342383,4.15891364049,0.878476123297
2018-01-09,0.0370051396152,4.0304854078,0.880460541931
2018-01-10,0.036117166824,3.67447947325,0.869528970822
2018-01-11,0.0364698140649,3.82673841166,0.870286645938
2018-01-12,0.0365575745635,3.83792373089,0.871119151429
2018-01-16,0.0366538675954,3.72698303008,0.869819006823
2018-01-17,0.036938322965,3.81320436212,0.865053933647
2018-01-18,0.0369551679965,3.49871699231,0.865803757561
2018-01-19,0.0370893525963,3.61550030895,0.867938423593
2018-01-22,0.0375207991617,3.79082916102,0.870274805534
2018-01-23,0.0376644022052,3.97943501062,0.872837105364
2018-01-24,0.0376234280329,4.09661525862,0.868639872218
2018-01-25,0.0374924491936,3.90534971697,0.866813527221
2018-01-26,0.0379780105082,4.23105273869,0.864666702249
2018-01-29,0.039295163281,3.69566463337,0.882706047678
2018-01-30,0.0406997533188,3.22423499199,0.890695090233
2018-01-31,0.0406227367709,3.18555585253,0.889382729681
2018-02-01,0.0407929764029,3.09176604266,0.890772750995
2018-02-02,0.0462889550373,2.09003540863,0.922032604384
2018-02-05,0.0566446788457,0.911140925591,0.938823843973
2018-02-06,0.0580229578237,1.17379458028,0.936270968553
2018-02-07,0.0588592751832,0.984280640075,0.944130369736
2018-02-08,0.065627920091,0.249029933517,0.930351929734
2018-02-09,0.065605749556,0.692355002721,0.931641323082
2018-02-12,0.0666114257165,0.903022229711,0.933090780453
2018-02-13,0.0663837621465,0.827202206667,0.935236840109
2018-02-14,0.0674661396702,1.13498298643,0.942657967369
2018-02-15,0.0680173074345,1.23343579596,0.940672184461
2018-02-16,0.0672623159348,1.47605162353,0.947093526633
2018-02-20,0.0679453991889,1.28104360168,0.952631487348
2018-02-21,0.0682986176746,1.09882036552,0.953525853606
2018-02-22,0.0681939820113,1.06105720258,0.958039973248
2018-02-23,0.0694200333801,1.29282013141,0.95785750072
2018-02-26,0.0698761635603,1.51828929752,0.957142134408
2018-02-27,0.0716604798227,1.08690316728,0.966849219991
2018-02-28,0.0721078728033,0.898584598727,0.968013227318
2018-03-01,0.0727946737884,0.708388864804,0.963708773471
2018-03-02,0.0728280800456,0.728972896979,0.964646095998
2018-03-05,0.0727693206455,0.714764886362,0.959189196934
2018-03-06,0.0729168882198,0.792711655312,0.960322974662
2018-03-07,0.0728947606359,0.814402664845,0.962128386611
2018-03-08,0.0729340300229,0.834941410652,0.961114076763
2018-03-09,0.0735781792633,0.941110021324,0.956488245624
2018-03-12,0.0735489367064,0.982346401798,0.95608738056
2018-03-13,0.0736123885002,0.81134667255,0.958692936908
2018-03-14,0.0736351071268,0.771266826194,0.957350507663
2018-03-15,0.0735810414424,0.79823949308,0.95715221477
2018-03-16,0.0735665690298,0.754179234123,0.95738764541
2018-03-19,0.0743004840226,0.539037920885,0.953162908108
2018-03-20,0.0742888798327,0.564400958288,0.953522070858
2018-03-21,0.0743035889186,0.581618294488,0.952053314182
2018-03-22,0.0766661049484,0.264711220007,0.949356916794
2018-03-23,0.0778216656429,0.0706444306958,0.938550681348
2018-03-26,0.0804086630341,0.409069622957,0.935835577605
2018-03-27,0.0810975953234,0.235606142591,0.932594647292
2018-03-28,0.0810715017186,0.255609703763,0.932248637112
2018-03-29,0.0817762219328,0.475762019636,0.93225063856
2018-04-02,0.0830706285832,0.185483574759,0.924251288941
2018-04-03,0.0833532178176,0.26656314185,0.92158273213
2018-04-04,0.0836046842859,0.36849559401,0.920785069221
2018-04-05,0.0836409285403,0.383056094994,0.919527819854
2018-04-06,0.0846286944334,0.153104556424,0.910831100029
2018-04-09,0.0847262509186,0.191417536133,0.912256661171
2018-04-10,0.0854526076968,0.400044072917,0.911470202402
2018-04-11,0.085478829458,0.358182244958,0.910711284934
2018-04-12,0.0853692575763,0.305111518262,0.907587162813
2018-04-13,0.0853394030924,0.251934052407,0.906882667201
2018-04-16,0.0854711211721,0.32508842643,0.905797123254
2018-04-17,0.085669442004,0.371990467812,0.904253687589
2018-04-18,0.0856531963571,0.415058044702,0.903983690539
2018-04-19,0.0858941450673,0.335109420399,0.904590060039
2018-04-20,0.086392480032,0.192361795838,0.90560935323
2018-04-23,0.0864252671658,0.152080506462,0.905790610306
2018-04-24,0.0867888171583,0.0282083240258,0.901580264134
2018-04-25,0.0867569437061,0.0505274481094,0.901089769356
2018-04-26,0.0871784432946,0.19747652927,0.901119433772
2018-04-27,0.0871302293686,0.318957522866,0.901470708951
2018-04-30,0.0873581630848,0.245471427768,0.902000613252
2018-05-01,0.0870338524364,0.109645300409,0.901535356739
2018-05-02,0.0871460012437,0.0483307956532,0.901208070447
2018-05-03,0.0871361472993,0.0316345506649,0.900911877142
2018-05-04,0.0875293614105,0.133733377744,0.898905703073
2018-05-07,0.0875251349835,0.127658954216,0.898682063119
2018-05-08,0.0875264406734,0.108535470282,0.899491315248
2018-05-09,0.0875893560725,0.131268591922,0.897765258231
2018-05-10,0.0881264699535,0.311221879949,0.899434005648
2018-05-11,0.0881063270703,0.294605747294,0.898986413946
2018-05-14,0.0880448803614,0.330122830326,0.899036769358
2018-05-15,0.0887706929704,0.201948468245,0.902529146397
2018-05-16,0.0888090661888,0.251253677559,0.902628963935
2018-05-17,0.0888233782757,0.239876491653,0.902756252117
2018-05-18,0.0887450974744,0.278930926783,0.902497170642
2018-05-21,0.0886928097572,0.265795263907,0.902043912626
2018-05-22,0.0887058271673,0.24632583245,0.902174375128
2018-05-23,0.0887036916481,0.276249752086,0.9013493235
2018-05-24,0.0884593334004,0.167713308459,0.90046414865
2018-05-25,0.0884389343872,0.103773095867,0.900545389648
2018-05-29,0.0888357556163,-0.0613375791089,0.90248832573
2018-05-30,0.0893890158493,0.138056800618,0.903882104381
2018-05-31,0.0893297422208,-0.0370112354104,0.905051481223
2018-06-01,0.0894292117644,0.127915505758,0.903975036704
2018-06-04,0.0894606120363,0.141249449724,0.906572906177
2018-06-05,0.089459648688,0.152253375941,0.906530579516
2018-06-06,0.0896326113656,0.285520163643,0.906958206621
2018-06-07,0.0895792297947,0.315196575444,0.906482817143
2018-06-08,0.0895700505283,0.365647680692,0.906593757065
2018-06-11,0.0895826495811,0.388790724791,0.90687334944
2018-06-12,0.089472417797,0.298334201913,0.906267528664
2018-06-13,0.0895331782024,0.221391168355,0.906486955427
2018-06-14,0.0895550363426,0.244684014096,0.906186171512
2018-06-15,0.0895905591396,0.107318183745,0.906249757971
2018-06-18,0.0895798144758,0.108879448191,0.90643213177
2018-06-19,0.0895986317949,-0.0445969633179,0.908410942424
2018-06-20,0.0893542284531,-0.136896043201,0.907212641004
2018-06-21,0.0893226032386,-0.128732747954,0.906794716202
2018-06-22,0.089439387156,-0.0188802463011,0.907430996156
2018-06-25,0.0901457175991,-0.246130499655,0.908023681433
2018-06-26,0.0901229760228,-0.264049133125,0.907687935998
2018-06-27,0.0904314120397,-0.394158749406,0.909117852447
2018-06-28,0.0904839886144,-0.37426089158,0.908903990287
2018-06-29,0.0905439515834,-0.350518766315,0.909173593297
2018-07-02,0.0906282750286,-0.41484584112,0.909406527171
2018-07-03,0.0903525767296,-0.500533159218,0.907398088374
2018-07-05,0.0904939349985,-0.468347249635,0.907631342717
2018-07-06,0.0907028930256,-0.415618848266,0.907548349756
2018-07-09,0.0908513814374,-0.381783162376,0.908002930568
2018-07-10,0.0908605842463,-0.369653111358,0.907851249344
2018-07-11,0.0913944750579,-0.498511947511,0.910703387746
2018-07-12,0.0917633507654,-0.334834530665,0.911384920846
2018-07-13,0.0915705854055,-0.413309105525,0.91123762135
2018-07-16,0.0912915372462,-0.556753933508,0.909914599453
2018-07-17,0.0912832542212,-0.512612822855,0.909639341305
2018-07-18,0.0910862875711,-0.595280297077,0.910150790563
2018-07-19,0.0910647102485,-0.584447314081,0.910012423953
2018-07-20,0.0909715350435,-0.636221182302,0.908858794594
2018-07-23,0.0907338892843,-0.771718880183,0.908516077801
2018-07-24,0.0907676790425,-0.762235446836,0.908283663586
2018-07-25,0.0911466669251,-0.660623002562,0.91006010767
2018-07-26,0.0912162992294,-0.706034824071,0.910822125796
2018-07-27,0.0908924513782,-0.877176426084,0.909674947851
2018-07-30,0.0905203659159,-0.79352714366,0.906962792227
2018-07-31,0.0901734600235,-0.566966717403,0.906850272291
2018-08-01,0.0901804339449,-0.658280285512,0.906908049335
2018-08-02,0.0901275417372,-0.612562978068,0.904447365631
2018-08-03,0.0877828709344,-0.208426143198,0.899080825751
2018-08-06,0.0816392747212,0.326845455402,0.888715589138
2018-08-07,0.0806744749246,0.156997947387,0.888440249773
2018-08-08,0.0800387410263,0.325664455887,0.884720003935
2018-08-09,0.0745742499513,0.8810909766,0.885288993039
2018-08-10,0.0744048312117,0.524715044721,0.887762454062
2018-08-13,0.0737368462244,0.18725172642,0.887186205005
2018-08-14,0.0738038853769,0.218139315522,0.886984459024
2018-08-15,0.0733750388285,-0.217372502792,0.884438991836
2018-08-16,0.0729537010317,-0.288372742331,0.88416539493
2018-08-17,0.073167077945,-0.204011695234,0.885578325125
2018-08-20,0.0726977866488,0.0477671197419,0.882479193497
2018-08-21,0.0724389761489,0.231396184974,0.881812848713
2018-08-22,0.0723858921564,0.198408321379,0.881379367445
2018-08-23,0.0712911620517,-0.160577691607,0.880547504852
2018-08-24,0.0712069330939,-0.171063142356,0.883196589898
2018-08-27,0.0698435707874,0.295093721863,0.875197673461
2018-08-28,0.0694198925885,0.422063434384,0.873688268139
2018-08-29,0.0688631752721,0.720582868909,0.876555362078
2018-08-30,0.0691480891465,0.519602718934,0.87875423353
2018-08-31,0.0688282344378,0.36423762754,0.880640385101
2018-09-04,0.0689939633724,0.119444239081,0.881902242157
2018-09-05,0.0690644610867,0.0744854992678,0.882181127469
2018-09-06,0.0689889980831,-0.0249757690811,0.882435706122
2018-09-07,0.0682890153291,-0.377986343488,0.885493168592
2018-09-10,0.0683114338907,-0.354052031399,0.886003493267
2018-09-11,0.0681703599061,-0.235667322607,0.886072103974
2018-09-12,0.0682119918905,-0.148325595107,0.887646371282
2018-09-13,0.0683873993849,-0.00256835532952,0.88826604595
2018-09-14,0.0684054044818,-0.0281804424727,0.888376341648
2018-09-17,0.0676866345585,0.133465861749,0.889101893993
2018-09-18,0.0677938045279,0.211831689457,0.889811128354
2018-09-19,0.0677762187447,0.194010017563,0.891237594865
2018-09-20,0.0655687786431,0.790171858567,0.892928059068
2018-09-21,0.0640640912389,1.09012357881,0.905245751539
2018-09-24,0.0611002969875,0.551613576922,0.90629626174
2018-09-25,0.0601671520351,0.822627321085,0.911092773856
2018-09-26,0.0601867206763,0.806818114955,0.912214348218
2018-09-27,0.059203459282,0.567608350857,0.910664481104
2018-09-28,0.0573308665398,0.932745994074,0.929167013871
2018-10-01,0.0568938567629,0.780698450019,0.933435755972
2018-10-02,0.0565367429056,0.602221068176,0.937848806249
2018-10-03,0.0565689869316,0.395955474149,0.941099920032
2018-10-04,0.0560415199478,0.463685170925,0.978002097835
2018-10-05,0.0561038368186,0.22070739268,0.973989883605
2018-10-08,0.0549675763349,-0.110785793765,0.978389036707
2018-10-09,0.0549399204492,-0.0836719474581,0.982773114515
2018-10-10,0.0600644216977,-0.682680756625,0.966570466901
2018-10-11,0.0613497772544,-0.94573969318,0.949889696258
2018-10-12,0.0618084968595,-0.845313248763,0.947168867141
2018-10-15,0.0613644944949,-1.09159312153,0.94579287603
2018-10-16,0.0639457474091,-0.676722272763,0.949565054973
2018-10-17,0.0637128068422,-0.609476306193,0.949973867856
2018-10-18,0.0643199710799,-0.682940227532,0.950585690155
2018-10-19,0.0643120014873,-0.595265558025,0.949396164912
2018-10-22,0.0639688176475,-0.518205769087,0.963461355207
2018-10-23,0.0640614754881,-0.567837482712,0.964107460951
2018-10-24,0.066763350741,-1.17295154566,0.952619518838
2018-10-25,0.0678770827779,-0.965641561661,0.950017018769
2018-10-26,0.0684592428421,-1.05004236435,0.945183781614
2018-10-29,0.0686129556915,-1.13763850941,0.945022158071
2018-10-30,0.0694194679483,-0.813760481128,0.948596822378
2018-10-31,0.0696792712809,-0.701417518788,0.946174733727
2018-11-01,0.0703772773191,-0.606307053699,0.957538827269
2018-11-02,0.070479668957,-0.724162826819,0.954316486862
2018-11-05,0.0706072917718,-0.633988659914,0.95404141129
2018-11-06,0.0705297861063,-0.657781043084,0.955750077044
2018-11-07,0.071628443372,-0.531001172023,0.947491684221
2018-11-08,0.0718209336709,-0.667878909312,0.9494353899
2018-11-09,0.0722643503163,-0.804322202131,0.950103788731
2018-11-12,0.0726653103387,-0.846735949292,0.942923636717
2018-11-13,0.0726053054873,-0.889080172242,0.942061394646
2018-11-14,0.0726011509197,-0.885357339842,0.937705750412
2018-11-15,0.072996243359,-0.710419669025,0.935663137588
2018-11-16,0.0728224589264,-0.75149568465,0.935681354997
2018-11-19,0.0736099545967,-0.931852971456,0.929080857233
2018-11-20,0.0751807958431,-1.22474259692,0.932303868003
2018-11-21,0.0754879335342,-1.09891523853,0.934388888437
2018-11-23,0.0756771436134,-1.18000634065,0.934491092342
2018-11-26,0.0761274212772,-0.808096301576,0.929871568539
2018-11-27,0.0753995319395,-0.987393451817,0.926982147604
2018-11-28,0.077420596787,-0.544966320959,0.925140998359
2018-11-29,0.0771673513202,-0.685679861026,0.925774274584
2018-11-30,0.0771438649707,-0.692723198685,0.924217088262
2018-12-03,0.0782634795544,-0.458368108376,0.92798969227
2018-12-04,0.0810724223028,-0.938764422872,0.919244219108
2018-12-06,0.081066337975,-0.926991487073,0.919584989649
2018-12-07,0.0822663904137,-1.18996231061,0.912291343733
2018-12-10,0.0822579352558,-1.26196651796,0.911097353513
2018-12-11,0.0822611993935,-1.2401192644,0.911474348468
2018-12-12,0.0824090772354,-1.08993882775,0.912567198793
2018-12-13,0.0823653396221,-1.13244471588,0.91293718318
2018-12-14,0.0832791712802,-1.27021962844,0.911320697089
2018-12-17,0.084188099579,-1.41860313235,0.909474430484
2018-12-18,0.0841228957999,-1.29792645084,0.909104758111
2018-12-19,0.0848212061329,-1.48969085143,0.910031231499
2018-12-20,0.085016828792,-1.53282345441,0.902283684946
2018-12-21,0.0862091018751,-1.85752563005,0.902723806456
2018-12-24,0.0868521744843,-1.91353565315,0.895194217098
2018-12-26,0.0924079697393,-1.34752611782,0.882077250208
2018-12-27,0.092336673647,-1.14849422093,0.880473256405
2018-12-28,0.0923119396372,-1.15646376032,0.880802491658
2018-12-31,0.0924307188221,-1.12821372945,0.879136229573
2019-01-02,0.0923633816212,-1.0710714499,0.879666222102
2019-01-03,0.0928566325576,-1.24301075918,0.870729057508
2019-01-04,0.095300742593,-0.984844970194,0.868680366254
2019-01-07,0.0951425886524,-1.02311128247,0.868253787745
2019-01-08,0.095151808403,-1.01885621228,0.868110515412
2019-01-09,0.0954164080417,-0.9364667359,0.869633877614
2019-01-10,0.0949686578026,-0.750247190601,0.867435629503
2019-01-11,0.0945698063079,-0.881177754239,0.866423902008
2019-01-14,0.0946769287615,-0.97074671843,0.866296104051
2019-01-15,0.0950094371513,-0.823234793152,0.865477215994
2019-01-16,0.0950806983583,-0.78292037747,0.866420769717
2019-01-17,0.0951964815758,-0.724395173365,0.866113297341
2019-01-18,0.0954959998182,-0.570412113083,0.864163852131
2019-01-22,0.0960174361418,-0.731627113672,0.8649785292
2019-01-23,0.0960476479313,-0.65867183433,0.865113861037
2019-01-24,0.0959216367082,-0.705196471302,0.864862807988
2019-01-25,0.0960583361429,-0.683537525488,0.865867920017
2019-01-28,0.0960888884516,-0.696355758479,0.86471292169
2019-01-29,0.0960876262882,-0.615297908554,0.865589706087
2019-01-30,0.0970574562282,-0.35369172718,0.867275141574
2019-01-31,0.0972328116058,-0.314465683044,0.866614153456
2019-02-01,0.0972114453698,-0.30381890752,0.86648218735
2019-02-04,0.0972861110372,-0.24596729869,0.867890801411
2019-02-05,0.0973492288451,-0.230017636765,0.868357392527
2019-02-06,0.0974410135204,-0.286564677129,0.869623553224
2019-02-07,0.097608618843,-0.426534859624,0.869212269452
2019-02-08,0.0976131376867,-0.408521802272,0.868983292003
2019-02-11,0.0976227678522,-0.42523595677,0.868996107614
2019-02-12,0.0977425201216,-0.165446738404,0.867382215878
2019-02-13,0.0975593707347,-0.0732645803234,0.866333040133
2019-02-14,0.097483151838,-0.11629357156,0.866243260469
2019-02-15,0.0974247928718,0.164570605713,0.864724128044
2019-02-19,0.0973254260642,0.136772486353,0.864893125442
2019-02-20,0.0971733446123,0.0751430987701,0.864115688464
2019-02-21,0.0972269760565,-0.0504540557443,0.864252421748
2019-02-22,0.0974129253271,0.00508859761743,0.864536559219
2019-02-25,0.0974085930189,-0.00173230310654,0.864569102783
2019-02-26,0.09728967466,0.0819501672889,0.864125270254
2019-02-27,0.0969994482529,-0.0970542051269,0.862777541021
2019-02-28,0.0967626204323,-0.262194845558,0.861859977986
2019-03-01,0.0967609130117,-0.222622129888,0.860863625289
2019-03-04,0.0966498184685,-0.320951447701,0.860400223576
2019-03-05,0.0964346376892,-0.214253307608,0.859332701907
2019-03-06,0.0965020600108,-0.255951066134,0.859353273998
2019-03-07,0.0965313516831,-0.258598947351,0.859504486937
2019-03-08,0.0964803303543,-0.20922716299,0.859234190007
2019-03-11,0.0970920872334,-0.0324119661016,0.859625805146
2019-03-12,0.0970051394271,0.113074104816,0.859028291662
2019-03-13,0.0971769688484,0.177910485291,0.859678168399
2019-03-14,0.0972172715489,0.11992708218,0.859944585025
2019-03-15,0.0974294060385,0.18201134187,0.860847306447
2019-03-18,0.097331393772,0.144368370021,0.860642817092
2019-03-19,0.0973170743474,0.174260544565,0.860568348036
2019-03-20,0.0972941072925,0.2310703766,0.861114063895
2019-03-21,0.0974478673135,0.272445952485,0.859642700291
2019-03-22,0.09846687608,0.0537206441081,0.862211714711
2019-03-25,0.098106993289,-0.0479446359245,0.861006964022
2019-03-26,0.0982292258155,0.0355921097695,0.860751524705
2019-03-27,0.0981573561111,0.0599848670294,0.86031805352
2019-03-28,0.0981622611674,0.0667315468245,0.86011956947
2019-03-29,0.0982472917808,0.158240207722,0.86008708431
2019-04-01,0.0984851309306,0.249151441745,0.86081848238
2019-04-02,0.0984921139043,0.281375346466,0.860857744465
2019-04-03,0.0984951822904,0.287571153693,0.861125003855
2019-04-04,0.0985052922071,0.324146608233,0.861035271709
2019-04-05,0.0984823434618,0.442745993194,0.860657477787
2019-04-08,0.0979192569106,0.592162364755,0.858539084006
2019-04-09,0.0978383973078,0.617164842902,0.8585251174
2019-04-10,0.0979218302828,0.712089629054,0.858847726589
2019-04-11,0.0980017935456,0.670483111225,0.859120512078
2019-04-12,0.0948582741673,1.12178707021,0.85638353266
2019-04-15,0.0939207413089,1.30467262993,0.858791940405
2019-04-16,0.0936186064722,1.13788784679,0.860196421934
2019-04-17,0.0935840235301,1.15748164239,0.860944442868
2019-04-18,0.0920082308066,0.936767228471,0.858075505668
2019-04-22,0.0919506992167,0.961071193139,0.857831506356
2019-04-23,0.0911811419849,1.26988262575,0.854829512125
2019-04-24,0.0912106685381,1.21673429801,0.855359123442
2019-04-25,0.0911010549413,1.26958041336,0.85506470483
2019-04-26,0.091124294065,1.41875790492,0.855256445012
2019-04-29,0.0884501436122,1.78461804603,0.853237567644
2019-04-30,0.0876998155075,1.63134101076,0.852865416846
2019-05-01,0.0871798165794,1.71632485439,0.853838211649
2019-05-02,0.087069274243,1.75295146468,0.853610643956
2019-05-03,0.0869696223281,1.74034980077,0.854018457429
2019-05-06,0.0870305032561,1.56110332973,0.856262873932
2019-05-07,0.0873557016443,1.12278929568,0.855313429981
2019-05-08,0.0872333794536,1.17259823688,0.856379130703
2019-05-09,0.0872430253373,1.06022591462,0.856839065822
2019-05-10,0.0873205654319,1.08543713774,0.857871650874
2019-05-13,0.0878401372408,0.537087739888,0.858802114174
2019-05-14,0.0879315622127,0.749480504996,0.858322408762
2019-05-15,0.0876352684209,0.971977258743,0.857127118332
2019-05-16,0.0864736798497,1.29312755312,0.854073880652
2019-05-17,0.0867904778395,1.16839219536,0.855821680868
2019-05-20,0.0870347173981,1.0887134322,0.858544669091
2019-05-21,0.0870128005794,1.08435972292,0.859723534405
2019-05-22,0.0869608344817,0.983931955361,0.859374123425
2019-05-23,0.0864723988547,1.06563967232,0.860683347468
2019-05-24,0.0849643580951,1.40962116882,0.85733278056
2019-05-28,0.0850921348532,1.18767208021,0.857007655824
2019-05-29,0.0850382429624,1.20215083839,0.856661967496
2019-05-30,0.0844820460571,1.10676444713,0.857574823653
2019-05-31,0.0845921431622,1.02452484643,0.854568005074
2019-06-03,0.0828215295656,0.794474466305,0.853245812701
2019-06-04,0.0836512200835,1.01951532716,0.847595392575
2019-06-05,0.0837632257486,1.06148685405,0.84783188142
2019-06-06,0.0829261141064,0.931073341475,0.844498965899
2019-06-07,0.0802653904654,1.53549244387,0.84523808521
2019-06-10,0.0802541606794,1.55199291388,0.844836416095
2019-06-11,0.0787650365856,1.86686162381,0.847467376973
2019-06-12,0.078739463101,1.88233178492,0.848143372177
2019-06-13,0.0788049105928,1.94943159489,0.848171468941
2019-06-14,0.0787757940795,1.80463909633,0.847987144226
2019-06-17,0.0787686063706,1.8248324824,0.847872022381
2019-06-18,0.0781298883029,2.28641940581,0.849399316686
2019-06-19,0.0769078602188,2.66785749444,0.849122178161
2019-06-20,0.0776986268686,2.82283042921,0.853676531555
2019-06-21,0.0767731063531,3.00515306772,0.851475094647
2019-06-24,0.0762027132137,3.21415222013,0.858456744973
2019-06-25,0.0746847078441,3.44046848203,0.854361227206
2019-06-26,0.0727789997924,3.77652007748,0.86086264736
2019-06-27,0.066670853864,3.568241128,0.878512226972
2019-06-28,0.0666077041336,3.545976096,0.879716234902
2019-07-01,0.0666129079758,3.54575506863,0.87558342452
2019-07-02,0.066652703656,3.55746529668,0.878737916275
2019-07-03,0.0668703452674,3.70321033946,0.878920870416
2019-07-05,0.0662719813153,3.82109552364,0.903607901639
2019-07-08,0.063266633186,3.38998125706,0.91423968964
2019-07-09,0.0631749484445,3.29029113207,0.914686598964
2019-07-10,0.0631337596496,3.28195952643,0.916373405311
2019-07-11,0.062991721591,3.07651941845,0.91512074472
2019-07-12,0.0630249004671,3.09743034355,0.914785860901
2019-07-15,0.0630088962591,3.13028653662,0.914695915063
2019-07-16,0.062966797438,3.14630936971,0.917175184879
2019-07-17,0.062664441544,2.96803326102,0.915989478362
2019-07-18,0.062772608145,3.00780204147,0.916823051795
2019-07-19,0.0632457446804,2.72415997986,0.921701004436
2019-07-22,0.0629011838387,2.60192278764,0.927524182472
2019-07-23,0.0619585530057,2.98357233809,0.927576066405
2019-07-24,0.0620011071767,3.00883908901,0.926962110253
2019-07-25,0.062518281104,2.78119977192,0.930393596947
2019-07-26,0.0620171312054,2.68839742919,0.924995576745
2019-07-29,0.061763469835,2.80893055341,0.927855535533
2019-07-30,0.0618796751972,2.67906435126,0.929117550921
2019-07-31,0.0613341363898,2.1743572607,0.930033910276
2019-08-01,0.0609579857907,2.01424301588,0.928911374581
2019-08-02,0.0612299769842,1.92838750759,0.928206282552
2019-08-05,0.0645649258444,1.30897525719,0.922153526409
2019-08-06,0.0654066162064,1.42747223198,0.921222759813
2019-08-07,0.065306142595,1.60771399821,0.919444121735
2019-08-08,0.0664627802257,2.04128752115,0.918865643033
2019-08-09,0.0668861767526,1.87030786932,0.920228958648
2019-08-12,0.0671431495263,1.779872697,0.916225350742
2019-08-13,0.0670581735764,1.76803710992,0.912070066679
2019-08-14,0.0703697990881,1.26652769635,0.910046348755
2019-08-15,0.0705730783226,1.36117553935,0.911801779058
2019-08-16,0.0705885989342,1.36331087181,0.90850571039
2019-08-19,0.070581957046,1.36271557918,0.90406684408
2019-08-20,0.0706458313561,1.28211005889,0.90217819552
2019-08-21,0.070600131803,1.4915316535,0.901017066758
2019-08-22,0.0704099575513,1.31133796353,0.900697378214
2019-08-23,0.0716256704896,1.02001309223,0.884843622229
2019-08-26,0.0720030327618,1.14664533704,0.884861674405
2019-08-27,0.0718700140171,1.23776497624,0.883350621558
2019-08-28,0.0718085802923,1.38741187391,0.881335584989
2019-08-29,0.0721668504573,1.50959008042,0.881002714765
2019-08-30,0.0721261309359,1.56354367591,0.881115226003
2019-09-03,0.0721546424101,1.51701334284,0.878527788848
2019-09-04,0.0728518276083,1.80206906324,0.882130549547
2019-09-05,0.0724330860577,1.99496442061,0.873481505093
2019-09-06,0.0724313548963,1.99912885446,0.873725288642
2019-09-09,0.071784508224,1.75821199197,0.873643160399
2019-09-10,0.0718607265228,1.59317762433,0.874180111522
2019-09-11,0.0718529032814,1.59131431951,0.87361835567
2019-09-12,0.0718053292895,1.709580219,0.873328780281
2019-09-13,0.071674124128,1.49606207947,0.872096724134
2019-09-16,0.071649062968,1.43469594213,0.871810059468
2019-09-17,0.0717245971023,1.50059426573,0.872366851031
2019-09-18,0.0717538816367,1.44099373049,0.872451894185
2019-09-19,0.0714930191444,1.34497247842,0.874820192205
2019-09-20,0.0699715624268,1.66916290235,0.868624494223
2019-09-23,0.0699654463456,1.65559453222,0.8685952115
2019-09-24,0.0699688411858,1.47966362313,0.868333308622
2019-09-25,0.0698781697317,1.51864142064,0.866219696383
2019-09-26,0.0698747028698,1.50347461865,0.866518525506
2019-09-27,0.0700015633819,1.30351393074,0.867884930855
2019-09-30,0.069708779132,1.19791484956,0.866088426732
2019-10-01,0.0701557455455,1.00733269773,0.865193940044
2019-10-02,0.0711575798177,0.736978908989,0.862501060961
2019-10-03,0.0717136473426,0.878795894536,0.864740450375
2019-10-04,0.0722430254008,0.984758085842,0.863168927663
2019-10-07,0.0724907897875,0.869691411604,0.864125853785
2019-10-08,0.0730371562649,0.749710575816,0.860326455919
2019-10-09,0.0731511614059,0.778552684622,0.859355329538
2019-10-10,0.0730622344999,0.897887792937,0.858355934372
2019-10-11,0.0732294211882,0.940559539702,0.858869704552
2019-10-14,0.0732148060563,0.960457557604,0.858771231739
2019-10-15,0.0733104639543,1.10794623158,0.858071837259
2019-10-16,0.0732787105021,1.15925277272,0.857951999147
2019-10-17,0.0732996213438,1.17432776006,0.858180042726
2019-10-18,0.0733115341462,1.17125982465,0.857490389572
2019-10-21,0.0731183995114,1.11416983543,0.85844808236
2019-10-22,0.0731036024711,1.1245276514,0.858112282854
2019-10-23,0.0731388368294,1.2024981919,0.858250290238
2019-10-24,0.0729639507876,1.13259856964,0.857446787725
2019-10-25,0.0729618152259,1.17769071679,0.857106611918
2019-10-28,0.0729535658816,1.1647593365,0.856222290599
2019-10-29,0.0726200262737,1.28197604411,0.854930792737
2019-10-30,0.0726686421212,1.43799097255,0.855445440127
2019-10-31,0.0720504412427,1.26704389385,0.852698475867
2019-11-01,0.0721643449894,1.51421308931,0.851849484235
2019-11-04,0.0706973434287,1.84467602048,0.846642335929
2019-11-05,0.0709316487397,1.76040518289,0.848204805702
2019-11-06,0.0708300683182,1.85114792837,0.8476330219
2019-11-07,0.0707233982612,1.70246774006,0.846791733186
2019-11-08,0.0682816405571,2.10920314901,0.844146076504
2019-11-11,0.0679837324309,1.92499201531,0.843383164369
2019-11-12,0.0678236957735,1.83171905129,0.84269028044
2019-11-13,0.0677140279803,1.75987515339,0.844230976798
2019-11-14,0.0673350542437,1.97476304166,0.842003910657
2019-11-15,0.0670922432,2.22676767208,0.840741504067
2019-11-18,0.0668123345217,2.12671705523,0.840020305118
2019-11-19,0.0667599298274,2.17392995878,0.839765430426
2019-11-20,0.0664141813004,2.27730104366,0.841044020584
2019-11-21,0.0664983311952,2.11587216526,0.841625546321
2019-11-22,0.0660678941722,2.29560204709,0.84004669344
2019-11-25,0.0659935490898,2.53576659958,0.839360743704
2019-11-26,0.0659191163752,2.50470587593,0.838852060839
2019-11-27,0.0657525922675,2.63477328022,0.844269746606
2019-11-29,0.0659400596417,2.46445668779,0.846738915429
2019-12-02,0.0654550718017,2.05377229541,0.856816197931
2019-12-03,0.0652979200929,1.9325280461,0.855854939969
2019-12-04,0.0653082068993,1.93596320569,0.85669301721
2019-12-05,0.0645936426628,1.74239956453,0.853825366354
2019-12-06,0.0647279426412,1.84045030993,0.853113145943
2019-12-09,0.0648145128963,1.74450063187,0.853906491885
2019-12-10,0.0647805464191,1.77057223227,0.853451784732
2019-12-11,0.0648267304921,1.7861469541,0.854340153787
2019-12-12,0.0647762642357,1.92262226483,0.852893484363
2019-12-13,0.0648496125471,1.98462218007,0.85355891846
2019-12-16,0.0641538041352,1.87526557222,0.850308383626
2019-12-17,0.0639981854196,1.74356811012,0.849157042415
2019-12-18,0.0629202015058,1.49297687273,0.841444541152
2019-12-19,0.0628682829991,1.65490531151,0.840869814187
2019-12-20,0.0628985521493,1.67774470071,0.841287004583
2019-12-23,0.0623513845972,1.87873082727,0.840461578324
2019-12-24,0.062220028493,1.99725750542,0.839481479801
2019-12-26,0.0623238689481,2.02446057649,0.840368298882
2019-12-27,0.0622272955075,1.95776633409,0.839870685672
2019-12-30,0.0623720148848,1.76121416865,0.845178488449
2019-12-31,0.0621024855469,1.66906441271,0.843243252682
2020-01-02,0.0624410522276,1.71951955653,0.845387027605
2020-01-03,0.0622336513981,1.77795953999,0.842532366328
2020-01-06,0.0620158115377,1.98348761462,0.841695122739
2020-01-07,0.0621112817116,1.91700337278,0.841960756086
2020-01-08,0.0618521797164,1.82176652857,0.839136087689
2020-01-09,0.0618641785997,1.97942616003,0.837486839644
2020-01-10,0.0617942371227,1.90058114646,0.836919872776
2020-01-13,0.0619624207446,1.9866407289,0.837481441052
2020-01-14,0.0617456065377,2.07951236087,0.836000441052
2020-01-15,0.0617487385095,2.16247032649,0.838779163271
2020-01-16,0.0617793785606,2.17022078097,0.837341216531
2020-01-17,0.06125347393,2.41250919845,0.833889864222
2020-01-21,0.0613321247734,2.31630898616,0.834747127885
2020-01-22,0.0612263305193,2.23149194214,0.834954128017
2020-01-23,0.0611493784699,2.16921588466,0.835043333625
2020-01-24,0.0608916962777,2.233060303,0.830504543066
2020-01-27,0.0622961702603,1.78202357512,0.838693413164
2020-01-28,0.0625340874402,1.9147892875,0.837878498269
2020-01-29,0.0624250021799,2.02278576602,0.837111499096
2020-01-30,0.0616219379337,2.27191880702,0.833281586512
2020-01-31,0.0631227534737,1.92913456414,0.839267344143
2020-02-03,0.0628546028179,2.15730653217,0.837277074512
2020-02-04,0.0599308946259,2.975257216,0.834452187278
2020-02-05,0.0592126646868,2.89798407841,0.831230961187
2020-02-06,0.0592004859843,2.89248164266,0.832426280246
2020-02-07,0.0576848998558,2.50235887639,0.830536662792
2020-02-10,0.0574526674434,2.83422525186,0.829165336455
2020-02-11,0.0570918471825,3.05404333306,0.831599461357
2020-02-12,0.0566749049377,2.97524324084,0.835663696474
2020-02-13,0.0523741786453,3.7415952776,0.827324454989
2020-02-14,0.0521693633299,3.66144253247,0.825633219098
2020-02-18,0.0515035690853,3.41620121641,0.825979683429
2020-02-19,0.0514227537058,3.38899658731,0.83094302646
2020-02-20,0.0514013620256,3.39918181178,0.833865138095
2020-02-21,0.0513995462344,3.15213497065,0.826423721408
2020-02-24,0.0577556200856,2.23611203043,0.849622418945
2020-02-25,0.0612787613639,1.85384269929,0.882051568348
2020-02-26,0.0609101167723,1.6408482156,0.880795000899
2020-02-27,0.0699498936236,0.733285549701,0.887306886345
2020-02-28,0.0702421622142,0.51411475169,0.88783773702
2020-03-02,0.0756557714631,0.87664830306,0.881605853529
2020-03-03,0.076218956199,0.69132411555,0.855327706012
2020-03-04,0.0816594277572,1.187130525,0.857706195728
2020-03-05,0.0834405049144,0.625170187706,0.846344188484
2020-03-06,0.0840547929461,0.413821253412,0.852686873226
2020-03-09,0.106282873169,-0.541719584492,0.895947620077
2020-03-10,0.109731544347,-0.144803179199,0.886945327311
2020-03-11,0.119636374268,-0.649903564221,0.899935921422
2020-03-12,0.153663163639,-1.45495881641,0.919716343176
2020-03-13,0.165513655841,-0.861329247422,0.894814644915
2020-03-16,0.186626722627,-1.39391806746,0.926605948856
2020-03-17,0.189083864676,-1.15525327929,0.930744428109
2020-03-18,0.198519094387,-1.56925873341,0.933688000967
2020-03-19,0.198805855823,-1.49212404828,0.931798396454
2020-03-20,0.199117378727,-1.59567426081,0.924382129758
2020-03-23,0.199102633252,-1.61488871053,0.924278693001
2020-03-24,0.212875816654,-1.02714213039,0.933416797506
2020-03-25,0.213862311579,-0.868751128141,0.934598175578
2020-03-26,0.218744730191,-0.546584393156,0.935774627956
2020-03-27,0.219744336978,-0.686836961184,0.936434975732
2020-03-30,0.220812206821,-0.51443567588,0.934991976656
2020-03-31,0.221259817983,-0.6167866132,0.935641960353
2020-04-01,0.22368695108,-0.779171403861,0.934984750475
2020-04-02,0.224405346499,-0.578060676285,0.936012467888
2020-04-03,0.224395027095,-0.704383225187,0.935666956858
2020-04-06,0.230533934378,-0.422054215596,0.933156771489
2020-04-07,0.230483528107,-0.380008728699,0.933114289558
2020-04-08,0.231294553741,-0.194052270127,0.930531469554
2020-04-09,0.232354035895,-0.0930825291452,0.932081081219
2020-04-13,0.232454411198,-0.153876073571,0.931640661631
2020-04-14,0.233433396689,-0.0595845406896,0.930754766424
2020-04-15,0.234172745628,-0.170364843851,0.931507719388
2020-04-16,0.234119088049,-0.190343951061,0.931385584469
2020-04-17,0.234754563961,-0.0926762509648,0.929838566328
2020-04-20,0.235112461846,-0.190985974549,0.92919101786
2020-04-21,0.2360905057,-0.308859662437,0.927840339128
2020-04-22,0.236889416377,-0.213014366169,0.928374097884
2020-04-23,0.236890835166,-0.198810924023,0.928407517042
2020-04-24,0.237027393944,-0.166992993699,0.927933831611
2020-04-27,0.237217669056,-0.122789040503,0.927957138754
2020-04-28,0.237213814984,-0.126932903704,0.927872778108
2020-04-29,0.238158440894,-0.00850654857944,0.927760649019
2020-04-30,0.238580059108,-0.0879098396062,0.928522695833
2020-05-01,0.239376396383,-0.237490085089,0.927647067995
2020-05-04,0.23939334401,-0.226208737419,0.927668399759
2020-05-05,0.23934726629,-0.235448358663,0.92756056001
2020-05-06,0.23952285533,-0.299519437541,0.927784501937
2020-05-07,0.239915667348,-0.182897527414,0.928328349028
2020-05-08,0.240208108379,-0.121607562871,0.928381209129
2020-05-11,0.240224083079,-0.130946203383,0.928436187393
2020-05-12,0.240609564069,-0.205092401579,0.928214756243
2020-05-13,0.240798385785,-0.252669871034,0.927434201214
2020-05-14,0.240920718554,-0.213013542224,0.92687991934
2020-05-15,0.240932288474,-0.204626998056,0.926799359947
2020-05-18,0.242267064805,-0.0742323050715,0.927646447791
2020-05-19,0.242295852296,-0.142506478296,0.927470198787
2020-05-20,0.242715648503,-0.0701205677554,0.927384336172
2020-05-21,0.242849171706,-0.119169915254,0.927614830301
2020-05-22,0.242844704917,-0.097881322826,0.927607792199
2020-05-26,0.243108216488,-0.00944750605024,0.927984435986
2020-05-27,0.243380275714,0.0528570549176,0.927838458694
2020-05-28,0.24330536882,0.0211899673627,0.927773658468
2020-05-29,0.243325993911,0.0287434747376,0.92772985818
2020-06-01,0.243492167379,0.0700979511618,0.928021841205
2020-06-02,0.243542653822,0.136741150056,0.928000336419
2020-06-03,0.243612968394,0.238089206697,0.928148590516
2020-06-04,0.243648170069,0.218096480351,0.928297858883
2020-06-05,0.244198779629,0.290462144823,0.927223551528
2020-06-08,0.244506131173,0.359897677681,0.927625123676
2020-06-09,0.24454645183,0.2987125551,0.927763334077
2020-06-10,0.244526581493,0.313983913355,0.927633742414
2020-06-11,0.249418670355,0.0353747858865,0.928742610411
2020-06-12,0.249694627783,0.0797457381884,0.929116444655
2020-06-15,0.249754074947,0.096621354706,0.928861693678
2020-06-16,0.250053751828,0.147941498493,0.928604582723
2020-06-17,0.250007267836,0.106587535086,0.928399368106
2020-06-18,0.250007618053,0.106110050669,0.928387197148
2020-06-19,0.250025735925,0.0911690556569,0.928281304662
2020-06-22,0.25009140046,0.108241735219,0.928421510312
2020-06-23,0.250115409443,0.117190228511,0.928499966591
2020-06-24,0.251006511613,-0.0048434518981,0.928615880869
2020-06-25,0.251168831377,0.0377050625636,0.928653555667
2020-06-26,0.251584021321,-0.0830909443841,0.927789340352
2020-06-29,0.25183140461,-0.0276883179736,0.92768007098
2020-06-30,0.251896053109,0.0404832056077,0.927235222088
2020-07-01,0.251948694283,0.0597198930382,0.927232635273
2020-07-02,0.251853081386,0.0437410011129,0.927237381162
2020-07-06,0.252228300005,0.145802578074,0.92773369519
2020-07-07,0.252357155383,0.0792690126063,0.927798932965
2020-07-08,0.252446570164,0.136935222502,0.927964188889
2020-07-09,0.252488646484,0.0996446705138,0.928101195979
2020-07-10,0.252515824171,0.107590833276,0.928054890452
2020-07-13,0.252595422971,0.0714492500462,0.92799169521
2020-07-14,0.252770830989,0.103350372659,0.927963583464
2020-07-15,0.252874742339,0.150539201476,0.928008702824
2020-07-16,0.252930199272,0.104497363513,0.928122252875
2020-07-17,0.252912042245,0.0996309083148,0.928252259369
2020-07-20,0.25298243808,0.121950216361,0.928212669401
2020-07-21,0.253007048146,0.161955220749,0.928256446447
2020-07-22,0.253086713243,0.195756074897,0.92838146604
2020-07-23,0.253184782626,0.152024459078,0.928056311214
2020-07-24,0.253169578049,0.156808405556,0.928068058739
2020-07-27,0.253021101398,0.287440544928,0.9281324541
2020-07-28,0.252965833619,0.242830660671,0.928062419572
2020-07-29,0.253243671117,0.302368874066,0.92835588156
2020-07-30,0.253334183769,0.263824595838,0.928581702038
2020-07-31,0.252982577433,0.345505321096,0.928149357235
2020-08-03,0.253032845115,0.360074775237,0.92833092413
2020-08-04,0.253010431833,0.356673053164,0.928634483144
2020-08-05,0.252953886794,0.343116705603,0.928788527644
2020-08-06,0.253010016094,0.359981033272,0.928821140259
2020-08-07,0.253013350433,0.358964660368,0.928800852986
2020-08-10,0.252943260808,0.33002498662,0.928788049191
2020-08-11,0.253384612168,0.234650957485,0.929605732945
2020-08-12,0.253563227558,0.268351088397,0.929723847658
2020-08-13,0.253559567785,0.272276256703,0.92954446879
2020-08-14,0.253563823911,0.247366817949,0.929551724777
2020-08-17,0.253681073584,0.298274253128,0.92976780328
2020-08-18,0.253677442703,0.296514874326,0.92979604708
2020-08-19,0.253911713264,0.248755946775,0.930246326393
2020-08-20,0.253896151415,0.285978386321,0.930689243623
2020-08-21,0.252535358365,0.435133208539,0.930329703625
2020-08-24,0.251434435487,0.611650646948,0.93009934455
2020-08-25,0.251421401789,0.635836259946,0.93021668566
2020-08-26,0.249065410399,0.879256740883,0.930833350401
2020-08-27,0.248974368346,0.899110991607,0.93084544467
2020-08-28,0.247502075911,0.7903911996,0.932609856645
2020-08-31,0.24735182083,0.817871059711,0.936056871351
2020-09-01,0.245765579913,0.696285880564,0.937243593775
2020-09-02,0.244999211759,0.869263245075,0.938912618222
2020-09-03,0.246267267603,0.772475777524,0.938063022917
2020-09-04,0.237261997412,1.15255138406,0.934130190896
2020-09-08,0.236705605577,0.880801300308,0.93588976674
2020-09-09,0.231955130413,1.29072822877,0.934279026627
2020-09-10,0.210075907939,1.98915356065,0.93005143567
2020-09-11,0.201770934677,1.66505486602,0.949952500044
2020-09-14,0.18098466446,2.62881283929,0.923624265529
2020-09-15,0.179052755342,2.46648331968,0.92001586564
2020-09-16,0.166927756413,3.15498476279,0.91279078829
2020-09-17,0.167085110613,3.02129218423,0.915011662899
2020-09-18,0.166766836532,3.05830862474,0.926612871696
2020-09-21,0.167749786323,2.92252949656,0.929965109947
2020-09-22,0.151832518714,2.58859999028,0.914354578749
2020-09-23,0.152568609351,2.20184420237,0.91440060421
2020-09-24,0.14626827625,1.87990167064,0.911070764233
2020-09-25,0.144628695914,2.21160874213,0.907811303285
2020-09-28,0.14393723632,2.16343816926,0.911341842406
2020-09-29,0.143017739723,2.30245599697,0.909171901018
2020-09-30,0.138307515186,2.76024784297,0.909005032192
2020-10-01,0.137259757798,2.65654516114,0.908198945004
2020-10-02,0.136882000705,2.71552938655,0.907240526526
2020-10-05,0.127358901088,2.4668891855,0.911757908554
2020-10-06,0.128010888815,2.31865577928,0.912134618459
2020-10-07,0.126891878731,2.22891908419,0.92042678028
2020-10-08,0.125286489228,2.0989723979,0.916261459714
2020-10-09,0.125179910336,2.28764419722,0.91847451448
2020-10-12,0.123780230456,2.17893963688,0.91878522131
2020-10-13,0.122569475049,2.31126385873,0.916938875245
2020-10-14,0.12271026387,2.23725638111,0.917286697589
2020-10-15,0.121785234985,2.02327531231,0.923199596324
2020-10-16,0.120886003411,2.18946129493,0.925195815159
2020-10-19,0.119247030877,2.34751773404,0.928630127684
2020-10-20,0.117915353972,2.19304878922,0.927123744424
2020-10-21,0.11794304644,2.16624011494,0.926869309049
2020-10-22,0.117732870781,2.07573766187,0.928337986242
2020-10-23,0.117473497312,2.01353058007,0.928464190142
2020-10-26,0.118555761521,1.80844104752,0.929746010302
2020-10-27,0.116913690176,1.54565350973,0.93135535398
2020-10-28,0.119926206442,1.32426648497,0.931366702607
2020-10-29,0.118095084309,1.65792969364,0.933866482607
2020-10-30,0.118446955623,1.52517065789,0.932705257658
2020-11-02,0.118913687846,1.59691250832,0.934840108655
2020-11-03,0.119311082909,1.89220863199,0.935223058968
2020-11-04,0.1198483394,1.93355079637,0.929225166718
2020-11-05,0.120850453215,2.01414964439,0.933190762699
2020-11-06,0.120772559289,2.04752231208,0.932709565744
2020-11-09,0.119863848426,2.28968058502,0.93268391671
2020-11-10,0.119314459194,2.4230908494,0.935539313716
2020-11-11,0.119250019855,2.40638056656,0.937888120226
2020-11-12,0.119546037986,2.29138991807,0.938695236544
2020-11-13,0.117743077068,2.18524520588,0.9374956852
2020-11-16,0.117804629373,2.38706364784,0.938377948307
2020-11-17,0.117191978873,2.19332167267,0.939003581682
2020-11-18,0.117342448923,2.1702676619,0.937829041599
2020-11-19,0.117373103741,2.20252470187,0.937770698501
2020-11-20,0.116962470551,2.04552735343,0.934972070089
2020-11-23,0.116516462427,1.91408958799,0.934952524274
2020-11-24,0.116870537045,2.02815579457,0.933762350965
2020-11-25,0.116862973032,1.95398324113,0.933920650588
2020-11-27,0.116596979746,1.87927216154,0.93313101815
2020-11-30,0.116933083894,1.6747427831,0.935134570638
2020-12-01,0.117278335707,1.71517494519,0.93761735464
2020-12-02,0.117170059543,1.78146883972,0.937561368616
2020-12-03,0.11607293891,1.63130571171,0.94288273119
2020-12-04,0.115608526793,1.56239763514,0.941631956738
2020-12-07,0.115415468534,1.62965824319,0.941406063003
2020-12-08,0.115418793931,1.66571887692,0.942009322622
2020-12-09,0.104445829455,2.38007964002,0.938288421625
2020-12-10,0.103820606258,2.24105317117,0.936051426961
2020-12-11,0.103723610942,2.14142694006,0.938198581457
2020-12-14,0.103185712372,1.91885935792,0.939986271076
2020-12-15,0.103865258639,2.11621027672,0.943037352468
2020-12-16,0.103849427969,2.1623373329,0.942951658041
2020-12-17,0.103912419723,2.29301121299,0.944489471899
2020-12-18,0.103977877556,2.1269676879,0.944714803615
2020-12-21,0.104165738213,1.97601902338,0.945675787494
2020-12-22,0.101813540131,2.28105290633,0.945582720023
2020-12-23,0.101530432557,2.20853977648,0.945304403171
2020-12-24,0.100121544702,2.51150073903,0.951307598932
2020-12-28,0.0997503041233,2.44647733275,0.951905093604
2020-12-29,0.0995680575675,2.36252579608,0.954484933647
2020-12-30,0.0995023532051,2.33648250931,0.954692469137
2020-12-31,0.0993585035146,2.28053026028,0.953343926188
2021-01-04,0.0986715361671,2.01430494787,0.941900831602
2021-01-05,0.0983961856509,2.2507365497,0.941974665677
2021-01-06,0.0981973711883,2.15575247229,0.941022885024
2021-01-07,0.0982554711085,2.33921401849,0.936680326246
2021-01-08,0.098157185995,2.27943230567,0.937167326222
2021-01-11,0.0984235558424,2.23122543913,0.940190279401
2021-01-12,0.0979658238738,2.12897345427,0.940475511519
2021-01-13,0.0977690014931,2.06185363075,0.94006312325
2021-01-14,0.0975413350704,2.14534192164,0.936872962887
2021-01-15,0.0979680812355,1.93864221987,0.938849531808
2021-01-19,0.0980962220507,1.9632732315,0.940104770726
2021-01-20,0.0988667630171,2.08097243172,0.942689134299
2021-01-21,0.098719763516,1.99213804221,0.942027295057
2021-01-22,0.09858229373,2.02263999052,0.945383237815
2021-01-25,0.0984985507592,2.13504354023,0.946364721735
2021-01-26,0.0980931877403,1.97508432041,0.944104950446
2021-01-27,0.100768018366,1.63848306104,0.950595129728
2021-01-28,0.100289165294,1.56769476923,0.948955448472
2021-01-29,0.101885354115,1.37525583974,0.950205583138
2021-02-01,0.103099026256,1.56218518163,0.956430854962
2021-02-02,0.103278459066,1.59725551072,0.954826976732
2021-02-03,0.102929924823,1.47713614263,0.95314143559
2021-02-04,0.102883874027,1.45981701041,0.948794327565
2021-02-05,0.102808032316,1.43986663096,0.948878172931
2021-02-08,0.102903570828,1.59890480114,0.949152920252
2021-02-09,0.102912594691,1.61530776017,0.948842114168
2021-02-10,0.101712444783,1.84707523896,0.943020095018
2021-02-11,0.101239002527,1.72535713292,0.942392959438
2021-02-12,0.101236978565,1.76723362791,0.943590713211
2021-02-16,0.101292648335,1.74249442378,0.943520271006
2021-02-17,0.101080817264,1.60362121454,0.94238533972
2021-02-18,0.101252952485,1.4811179835,0.943002600524
2021-02-19,0.100577718521,1.63985742098,0.938510113959
2021-02-22,0.100762126946,1.51236092462,0.936549924789
2021-02-23,0.100762664929,1.52273184409,0.937267852662
2021-02-24,0.100700964462,1.5115977178,0.935834699023
2021-02-25,0.104348780833,1.06851061582,0.941058859834
2021-02-26,0.104411332845,0.855950123215,0.941488120192
2021-03-01,0.105969007671,1.14416861893,0.941111424732
2021-03-02,0.105761284525,0.960279190576,0.938662221153
2021-03-03,0.1064356252,0.847262491905,0.937803807368
2021-03-04,0.107179841422,0.555336489867,0.941337376858
2021-03-05,0.107524296409,0.597821182252,0.943165416219
2021-03-08,0.104521708431,0.855909817158,0.948381896173
2021-03-09,0.105580608662,1.15691151544,0.955474079886
2021-03-10,0.103912781491,1.51850087545,0.961736889138
2021-03-11,0.103136902576,1.44091967222,0.961854482178
2021-03-12,0.102169508276,1.6189319928,0.962706158924
2021-03-15,0.102274273584,1.66160919142,0.962881262222
2021-03-16,0.101710111949,1.5060000545,0.961503626081
2021-03-17,0.101673417712,1.4913577278,0.96143852922
2021-03-18,0.102836017929,1.29685446996,0.963039481898
2021-03-19,0.102577310995,1.39140179921,0.963208525487
2021-03-22,0.102150168095,1.60684267653,0.962495359941
2021-03-23,0.10121674934,1.72344015254,0.95769967289
2021-03-24,0.101312361567,1.58677946057,0.960986343046
2021-03-25,0.0989586903244,1.98631684484,0.958548081082
2021-03-26,0.0998828241974,2.14975022762,0.961443610383
2021-03-29,0.0996428633091,1.94546220739,0.965819735145
2021-03-30,0.0987100490601,1.6929400741,0.964089963395
2021-03-31,0.098686279052,1.77282068263,0.965321984113
2021-04-01,0.0994646140371,1.91131371121,0.969262140718
2021-04-05,0.0997099917663,1.94542492655,0.968435282592
2021-04-06,0.0994757857214,2.03799788805,0.971224795348
2021-04-07,0.0988466384374,1.86563252152,0.971659057388
2021-04-08,0.0982349655453,2.13342266554,0.972739411588
2021-04-09,0.0977440105862,2.01985962778,0.975422951979
2021-04-12,0.0974807127177,1.86716589431,0.974997976858
2021-04-13,0.0972639899816,1.82188012758,0.974477943303
2021-04-14,0.0968508465758,1.63741274411,0.979897871058
2021-04-15,0.0971098043947,1.95827938996,0.979812276906
2021-04-16,0.0969846568569,2.07219500583,0.98039569845
2021-04-19,0.0970572711078,2.04658570208,0.979809878654
2021-04-20,0.0973581143791,1.95282958496,0.980819075081
2021-04-21,0.0970042307306,2.26321282513,0.986578567549
2021-04-22,0.0973352267236,2.08475096873,0.986003621819
2021-04-23,0.097645348576,2.22867332945,0.986754721883
2021-04-26,0.0976449925859,2.24366905609,0.987524159278
2021-04-27,0.0976631885746,2.15862533793,0.987587590163
2021-04-28,0.096347864665,2.42769910532,0.988015854676
2021-04-29,0.096283126217,2.51973873957,0.986945406153
2021-04-30,0.0915353538942,2.98985522875,0.988718862789
2021-05-03,0.0915104356235,2.97967747351,0.990062531061
2021-05-04,0.0914821349922,2.98474524613,0.996043964617
2021-05-05,0.090807047748,2.85478010019,0.99314850095
2021-05-06,0.0900283825881,2.78084898006,0.993028166491
2021-05-07,0.0887265463422,2.6746449595,1.00765454867
2021-05-10,0.0872460878956,2.2578249049,0.999957568372
2021-05-11,0.0878742396927,2.10324087967,1.00111827951
2021-05-12,0.09074779909,1.60849982719,1.00956130144
2021-05-13,0.0912539017113,1.75391590531,1.00930611763
2021-05-14,0.0923760581235,1.88855888528,1.01308687392
2021-05-17,0.0920518400489,1.99032583393,1.01150369373
2021-05-18,0.0913056070392,1.7439194943,1.00419984213
2021-05-19,0.0909673710196,1.51624339402,1.00563250788
2021-05-20,0.0915554989375,1.73261997069,1.00714501737
2021-05-21,0.090938909527,1.87983761879,1.00796858738
2021-05-24,0.091258467907,1.9500051085,1.0082567533
2021-05-25,0.091207355842,2.00588225523,1.01085131286
2021-05-26,0.0912038954293,2.02520825295,1.01339544758
2021-05-27,0.0907197943343,1.87723423505,1.01858376276
2021-05-28,0.0907008443729,1.94655036849,1.01866862214
2021-06-01,0.090703799178,1.94657079933,1.01779335648
2021-06-02,0.0901275995873,2.16066587604,1.01433575717
2021-06-03,0.0896735760614,1.83200414783,1.01144609826
2021-06-04,0.0902249844816,1.96834939448,1.01226881156
2021-06-07,0.0901902094947,1.91936316895,1.01180290582
2021-06-08,0.090028254865,1.83068074275,1.01144377595
2021-06-09,0.09004694739,1.81761400291,1.01175436511
2021-06-10,0.0901648231945,1.8649772554,1.01211240912
2021-06-11,0.0896429548401,1.99757310605,1.01158351487
2021-06-14,0.089643551369,1.97913709526,1.01157912646
2021-06-15,0.0896898578483,1.9558185,1.01183100411
2021-06-16,0.0902361210615,1.85112234848,1.01552481366
2021-06-17,0.0895002640146,1.5876390884,1.01273903702
2021-06-18,0.0905763646388,1.32393676026,1.01721623879
2021-06-21,0.0912600169907,1.41366951061,1.01969469783
2021-06-22,0.0910732343067,1.5429341557,1.01741926173
2021-06-23,0.0908652822497,1.60979895562,1.01607421508
2021-06-24,0.090921660021,1.72766638282,1.01583661771
2021-06-25,0.0909223131474,1.72800406918,1.01630809534
2021-06-28,0.0908800153869,1.67984892903,1.01556826952
2021-06-29,0.0907573520483,1.57481266225,1.01684827749
2021-06-30,0.0907716402943,1.54391534442,1.01776081039
2021-07-01,0.0907817358857,1.5484013011,1.01742088775
2021-07-02,0.0909866815001,1.61551784233,1.01802211123
2021-07-06,0.0908092003738,1.68061840536,1.03276567466
2021-07-07,0.0906183899787,1.63020360413,1.03146678308
2021-07-08,0.0911534864862,1.47167739323,1.03403117267
2021-07-09,0.0914661389331,1.51573286128,1.04418996322
2021-07-12,0.0914969352595,1.54196128946,1.04565971638
2021-07-13,0.0911282242111,1.61765099158,1.04379477733
2021-07-14,0.091183717856,1.64257615544,1.0444001324
2021-07-15,0.0912312840537,1.5620585176,1.04528153576
2021-07-16,0.0916730450989,1.4303301955,1.04894682718
2021-07-19,0.0922078415772,1.35462079936,1.05063551884
2021-07-20,0.0924949940456,1.3975653041,1.04915357836
2021-07-21,0.091717690411,1.29264926188,1.04742982444
2021-07-22,0.0917268119283,1.32175070646,1.04720152046
2021-07-23,0.0917284124094,1.49493603453,1.04425061005
2021-07-26,0.0916713534845,1.43504604452,1.04452203587
2021-07-27,0.091741803951,1.40293621305,1.0449065602
2021-07-28,0.0888267571548,1.85143895786,1.04496405161
2021-07-29,0.0887219799934,1.82300428313,1.04579679133
2021-07-30,0.0867641437101,2.08310443426,1.04794923952
2021-08-02,0.0853344156159,1.85473254964,1.0443157227
2021-08-03,0.08510673594,1.81395537135,1.04718013025
2021-08-04,0.0852327667755,1.74444020644,1.04650267571
2021-08-05,0.0852345330185,1.7452359485,1.05468082662
2021-08-06,0.0853316857754,1.5729166472,1.05522167087
2021-08-09,0.0851682568196,1.38669975165,1.0552939348
2021-08-10,0.0851524511421,1.35289144253,1.05587091419
2021-08-11,0.0852811064374,1.42783247825,1.05680692245
2021-08-12,0.0852777348237,1.41791282135,1.05637261863
2021-08-13,0.0853929717816,1.46587292482,1.05738986649
2021-08-16,0.0852849670339,1.53690145661,1.0572720037
2021-08-17,0.0856896503087,1.43228349702,1.05903538743
2021-08-18,0.0858835096074,1.39154946442,1.05423632395
2021-08-19,0.0859150660987,1.36458843348,1.05566593703
2021-08-20,0.0858194558526,1.55153533993,1.05997814828
2021-08-23,0.0862820706202,1.67831309748,1.06212934419
2021-08-24,0.0861036874425,1.61205810211,1.06617908304
2021-08-25,0.0815914832418,2.15608428508,1.07346359859
2021-08-26,0.081371721973,2.20316275511,1.07140373981
2021-08-27,0.0800804733773,2.11523315554,1.08510143394
2021-08-30,0.0799032173871,2.25811976209,1.08824533365
2021-08-31,0.0787962964312,2.50334736343,1.09434650159
2021-09-01,0.0773502714799,2.88024436531,1.09217490387
2021-09-02,0.0764674962455,2.72734212604,1.10207806514
2021-09-03,0.0758876747139,2.93498334821,1.09881141928
2021-09-07,0.0746087592284,2.53724017741,1.09581626008
2021-09-08,0.0745021887101,2.37483921934,1.09676149829
2021-09-09,0.0740422998882,2.15198382416,1.09563514327
2021-09-10,0.0745409043062,2.0135340412,1.0947371025
2021-09-13,0.0744632431305,1.9901029456,1.09558671186
2021-09-14,0.0745714137507,1.93008576626,1.09578148993
2021-09-15,0.0746259380864,1.95070583137,1.09282551133
2021-09-16,0.0732510334205,2.1626828276,1.10106348305
2021-09-17,0.0740871751465,1.94107159378,1.10268196673
2021-09-20,0.0754665624671,1.52864438968,1.10635320664
2021-09-21,0.0748870606612,1.751225125,1.10147226304
2021-09-22,0.0750255633629,1.9917398236,1.09928763916
2021-09-23,0.0751414116344,2.02451616791,1.09726162734
2021-09-24,0.0739541720371,1.71208636213,1.0951216234
2021-09-27,0.0738469701475,1.74936445799,1.09241358471
2021-09-28,0.0767251672211,1.37352725573,1.08751436952
2021-09-29,0.0766781412421,1.31342615257,1.08730884108
2021-09-30,0.0758832428839,0.953120610508,1.07153071413
2021-10-01,0.0757947113258,0.945791988946,1.06805039055
2021-10-04,0.0765452505853,0.734736324927,1.06302664469
2021-10-05,0.0767538094407,0.857918913544,1.06059518621
2021-10-06,0.0765053546825,0.769650134685,1.05802887502
2021-10-07,0.0767291427297,0.843443947469,1.06223145807
2021-10-08,0.0767370307996,0.841661879567,1.06137185717
2021-10-11,0.0768175676161,0.628608879187,1.05758054794
2021-10-12,0.0767608700891,0.695618625202,1.05828426929
2021-10-13,0.0761144393697,0.616408204328,1.05864400387
2021-10-14,0.0773088781575,0.803981625456,1.05217754732
2021-10-15,0.0772379477085,0.955047512716,1.05162199791
2021-10-18,0.0769012782758,1.08636294459,1.05010135812
2021-10-19,0.0765335576454,1.02260277551,1.04943625085
2021-10-20,0.0762591316657,1.25685155088,1.05201822312
2021-10-21,0.0757578049731,1.08090507509,1.05221414941
2021-10-22,0.0757584642332,1.0844029955,1.05196458637
2021-10-25,0.0758361790479,1.20610669483,1.05140095177
2021-10-26,0.0758301544831,1.1857627243,1.0513048131
2021-10-27,0.0758569493978,1.06452151614,1.05349816062
2021-10-28,0.0757673356558,1.35574536942,1.05051439944
2021-10-29,0.0757111646498,1.20424230616,1.04873972145
2021-11-01,0.0753154263416,1.43254349879,1.0456438201
2021-11-02,0.0753018284022,1.42245961551,1.04374592413
2021-11-03,0.0748559987367,1.32837546751,1.04047888095
2021-11-04,0.0744580645812,1.24852090037,1.03551458706
2021-11-05,0.0741004370959,1.52935205374,1.03975749945
2021-11-08,0.0733833672733,1.74350709046,1.03904330902
2021-11-09,0.0697068480593,2.26685684658,1.03305136903
2021-11-10,0.0697537148328,1.86923304141,1.02977260699
2021-11-11,0.0680331498782,1.62363428127,1.02296187015
2021-11-12,0.0682598173977,1.76195877435,1.0253258871
2021-11-15,0.0681540989608,1.81054591911,1.03602586392
2021-11-16,0.0679342209943,1.92094697217,1.03304911003
2021-11-17,0.0670176505324,1.69626709088,1.03075306778
2021-11-18,0.0669971325214,1.74734791702,1.02933738977
2021-11-19,0.0665770022178,1.48838887487,1.03019082078
2021-11-22,0.0672067196872,1.25753480799,1.03601935286
2021-11-23,0.06722786739,1.20052234106,1.035956151
2021-11-24,0.0672469455901,1.23984516089,1.03526500832
2021-11-26,0.0703913245154,0.715595101363,1.05248748187
2021-11-29,0.0708401456383,0.828874558176,1.04937677685
2021-11-30,0.0724519835485,0.45003515157,1.04240264339
2021-12-01,0.0725405213106,0.434790350331,1.03588002108
2021-12-02,0.0730760792788,0.492506283092,1.0371014527
2021-12-03,0.0732638756581,0.386998636181,1.03707549501
2021-12-06,0.073787154894,0.543195264093,1.03873634618
2021-12-07,0.0760200508405,0.896743965246,1.04393260402
2021-12-08,0.075835314799,0.824149282609,1.04310685928
2021-12-09,0.0762841716944,0.692468226578,1.04540493357
2021-12-10,0.0765735890921,0.812705348722,1.04352495904
2021-12-13,0.0768152507091,0.737532213003,1.04316436433
2021-12-14,0.0765865400005,0.773528932722,1.03987509731
2021-12-15,0.0774896553848,1.07915859322,1.04050987458
2021-12-16,0.0763512355858,1.27751578564,1.02879507057
2021-12-17,0.075874543153,0.866213138859,1.0237604875
2021-12-20,0.0765305138184,0.621797761818,1.02449011182
2021-12-21,0.0778264386358,0.913975632646,1.02397726939
2021-12-22,0.0783538808174,1.00466511913,1.02642016843
2021-12-23,0.0784239685991,1.02969516395,1.02633485276
2021-12-27,0.0793036312739,1.22362114499,1.02674803488
2021-12-28,0.0793044380238,1.2229540072,1.02671662796
2021-12-29,0.0792954007831,1.23511235965,1.02667446064
2021-12-30,0.0792201013648,1.17631565282,1.02610988208
2021-12-31,0.0789550404561,1.03178242571,1.02593344132
2022-01-03,0.0789374517549,1.05900605932,1.02571765126
2022-01-04,0.0788536981365,0.999132564599,1.02535612877
2022-01-05,0.0805823663139,0.80945395835,1.02228711316
2022-01-06,0.0799179174779,0.554930744981,1.01801672502
2022-01-07,0.0799030355708,0.45963989731,1.01492259174
2022-01-10,0.0798009799926,0.493124492367,1.01497077312
2022-01-11,0.080487869671,0.610432134061,1.01841701249
2022-01-12,0.0805587285765,0.738345972581,1.01899501479
2022-01-13,0.0808742527165,0.690645397257,1.01755489254
2022-01-14,0.0798403854554,0.875795429242,1.012136653
2022-01-18,0.0811791255396,0.346152822431,1.01014783594
2022-01-19,0.0810928537214,0.153131601217,1.00536436255
2022-01-20,0.0815313217655,-0.0327695246308,1.00509715106
2022-01-21,0.0825963152601,-0.393527331407,1.00893546629
2022-01-24,0.0825960410175,-0.395117293097,1.008095908
2022-01-25,0.082990649656,-0.485649436069,1.0045656497
2022-01-26,0.0833335942886,-0.681255868093,1.00683374736
2022-01-27,0.0833977950257,-0.870373979091,1.00702853865
2022-01-28,0.0853491368758,-0.463490096913,0.999200934438
2022-01-31,0.0872111185897,-0.178319602073,1.00587823128
2022-02-01,0.0871535651241,-0.191501618023,1.00666911565
2022-02-02,0.0875613718387,0.0188569346223,1.00764010311
2022-02-03,0.0899126536943,-0.369107689172,1.0022678394
2022-02-04,0.0897761773856,-0.280240869705,1.00173308705
2022-02-07,0.0897040000034,-0.232775248988,1.00076386614
2022-02-08,0.0898820075039,-0.149464991737,1.00106368573
2022-02-09,0.0910420821534,0.00816153612547,1.00451617772
2022-02-10,0.0930218718246,-0.295405684635,1.00095435091
2022-02-11,0.0935459499484,-0.550901340348,0.997500185332
2022-02-14,0.0936959724907,-0.643200318079,0.997639875898
2022-02-15,0.0943149652576,-0.323027781855,0.996967429172
2022-02-16,0.0941007552043,-0.147234288894,0.999287647483
2022-02-17,0.0952712987454,-0.341887551398,0.996632890448
2022-02-18,0.0952280239119,-0.500996638519,0.998133849228
2022-02-22,0.0951593315218,-0.790144089072,0.996245237186
2022-02-23,0.0962473272522,-1.03662145365,0.991784286432
2022-02-24,0.0964802012743,-0.939670065621,0.980643616695
2022-02-25,0.0986435426665,-0.547471205356,0.984684108919
2022-02-28,0.0978652859423,-0.747501036808,0.980880990939
2022-03-01,0.0982214448715,-0.925889992772,0.98144173515
2022-03-02,0.0986929957829,-0.786340891906,0.982321759025
2022-03-03,0.0986803606863,-0.91081542483,0.982412514124
2022-03-04,0.0988002696578,-1.04303952945,0.983209150121
2022-03-07,0.102051151831,-1.39829205438,0.978460740389
2022-03-08,0.101892114862,-1.32026889321,0.972117499459
2022-03-09,0.103895457277,-0.99446454925,0.970103377723
2022-03-10,0.104073469947,-1.05263852572,0.970073136281
2022-03-11,0.104429888575,-1.10235815074,0.971016867949
2022-03-14,0.104826103984,-1.30807464314,0.97017299433
2022-03-15,0.10564427986,-1.08439507798,0.95838756274
2022-03-16,0.108723956766,-0.784254474567,0.971149265527
2022-03-17,0.109248493473,-0.558281403816,0.970793635253
2022-03-18,0.109151166012,-0.315360800781,0.9680029462
2022-03-21,0.10832436316,-0.196776031053,0.965854768522
2022-03-22,0.108581932662,-0.126711249306,0.965521485981
2022-03-23,0.108551815851,-0.334787708083,0.964772413758
2022-03-24,0.108957706899,-0.27013889952,0.964996917153
2022-03-25,0.108910181126,-0.223141109674,0.965165382355
2022-03-28,0.108920367724,-0.150728699459,0.962561737599
2022-03-29,0.108084651766,0.321000940809,0.962762227593
2022-03-30,0.108136477966,0.279518756223,0.962724053758
2022-03-31,0.108937923786,0.173096054174,0.967216100887
2022-04-01,0.108532993301,0.0912210195498,0.968586260522
2022-04-04,0.108276201747,0.322698358445,0.969272378837
2022-04-05,0.109302073985,0.0353213929156,0.969877178197
2022-04-06,0.109691032028,-0.107711170197,0.970245972028
2022-04-07,0.109506732548,-0.168481317066,0.969499014226
2022-04-08,0.109504849928,-0.167182175313,0.968417631349
2022-04-11,0.110366252823,-0.282382412366,0.966993976042
2022-04-12,0.110375076438,-0.318810357757,0.967038196463
2022-04-13,0.11064209302,-0.281705172395,0.966366125527
2022-04-14,0.110380136377,-0.62370938363,0.964686055895
2022-04-18,0.110309045705,-0.696346251833,0.965263590547
2022-04-19,0.110625763443,-0.59496442784,0.963985981929
2022-04-20,0.110547300526,-0.614709549091,0.963947652023
2022-04-21,0.111379408778,-0.865336255506,0.96308623995
2022-04-22,0.113846776366,-1.13835477512,0.965267679326
2022-04-25,0.113829644712,-1.1519034555,0.959934173687
2022-04-26,0.116047346335,-1.47809801591,0.963581462657
2022-04-27,0.116046476241,-1.47904962367,0.963854934707
2022-04-28,0.118131339219,-1.16183562847,0.965793066596
2022-04-29,0.12156726222,-1.578915381,0.960026765855
2022-05-02,0.121588703252,-1.59222086152,0.959809703492
2022-05-03,0.121729239301,-1.55803596119,0.960144153982
2022-05-04,0.124850646026,-1.2397373933,0.958230453933
2022-05-05,0.129651629759,-1.63197522144,0.961458596094
2022-05-06,0.129716083749,-1.77399378488,0.962237884839
2022-05-09,0.13283681898,-2.12428355161,0.97133127801
2022-05-10,0.132832552639,-2.12516778567,0.970460814884
2022-05-11,0.132991102573,-2.20061871468,0.968942921917
2022-05-12,0.132782346455,-2.13718591445,0.969362251392
2022-05-13,0.134585746501,-1.91249526736,0.973447908173
2022-05-16,0.134361540319,-1.99115319391,0.973239388495
2022-05-17,0.135411750925,-1.80207036547,0.974825273865
2022-05-18,0.138538829901,-2.07755171623,0.974900937373
2022-05-19,0.138564476183,-2.06132223366,0.974339548042
2022-05-20,0.13861557698,-2.04169798029,0.975057534644
2022-05-23,0.139558762953,-1.8431155961,0.976511660046
2022-05-24,0.139370014875,-1.77764093842,0.975802069449
2022-05-25,0.139577350442,-1.69778524741,0.973954567916
2022-05-26,0.140454315713,-1.5602756656,0.97345952676
2022-05-27,0.140743405339,-1.14640358486,0.968874300998
2022-05-31,0.140614393578,-1.31963367397,0.970021648432
2022-06-01,0.140094991681,-1.25714484295,0.969844726608
2022-06-02,0.141423239929,-0.960232634168,0.97306655237
2022-06-03,0.141506500244,-1.26553220121,0.973482299285
2022-06-06,0.141449284212,-1.22007570229,0.973477878216
2022-06-07,0.141497799465,-1.21138445031,0.972760677173
2022-06-08,0.140542276503,-1.52751964978,0.971133609896
2022-06-09,0.142086260503,-1.75140225641,0.972970839561
2022-06-10,0.143891010034,-1.89633918996,0.96847157461
2022-06-13,0.149889654415,-2.30608476843,0.97677457475
2022-06-14,0.149915960578,-2.31187545547,0.976877804052
2022-06-15,0.151448490378,-2.01992535851,0.978866299401
2022-06-16,0.152570551463,-2.36252797247,0.978656265132
2022-06-17,0.152579324311,-2.33000092111,0.979091226327
2022-06-21,0.153622936908,-2.07118785045,0.978424478648
2022-06-22,0.153423406529,-1.97386237828,0.977788230312
2022-06-23,0.152812338455,-2.04941970609,0.976047416659
2022-06-24,0.154885443031,-1.87920114088,0.977020347856
2022-06-27,0.15477536909,-1.9713860143,0.97675439646
2022-06-28,0.154687587651,-2.2179006316,0.975651704141
2022-06-29,0.154691772447,-2.21216579511,0.97506601549
2022-06-30,0.154724941814,-2.26126848606,0.975176256938
2022-07-01,0.155252233301,-2.15845313537,0.973789228796
2022-07-05,0.155305770515,-2.20409434464,0.972357985298
2022-07-06,0.155299158123,-2.23693575042,0.972370611487
2022-07-07,0.155924152045,-2.1232697679,0.972986954361
2022-07-08,0.155004556358,-1.98445688232,0.972362760284
2022-07-11,0.155253150049,-2.04786869965,0.973191199528
2022-07-12,0.155312683128,-2.08149246384,0.973421397002
2022-07-13,0.155309549243,-2.07188901966,0.973397829075
2022-07-14,0.154867608628,-2.26268366608,0.972389039515
2022-07-15,0.155859688545,-2.13896313334,0.971275635641
2022-07-18,0.155633915093,-2.09139995267,0.970075102807
2022-07-19,0.157612358273,-1.82943008557,0.971813708204
2022-07-20,0.156758534009,-1.66639807247,0.97092173966
2022-07-21,0.1575282669,-1.48516504066,0.972639252503
2022-07-22,0.157366875694,-1.43728319556,0.972668482493
2022-07-25,0.1567927112,-1.3019476984,0.972205842396
2022-07-26,0.15706720405,-1.39297523857,0.972655541632
2022-07-27,0.158890080601,-1.08400673303,0.974113974236
2022-07-28,0.159582951312,-0.863928896958,0.974551136427
2022-07-29,0.159999639332,-0.697572335058,0.974315285945
2022-08-01,0.15885097188,-0.87467005239,0.975709015476
2022-08-02,0.158230221901,-1.15289888653,0.974398475062
2022-08-03,0.158736485752,-1.08158839275,0.973004074642
2022-08-04,0.158483101417,-1.13075725981,0.972909161857
2022-08-05,0.157381934355,-1.02332632772,0.973915509813
2022-08-08,0.157436047335,-0.998121211826,0.974081955801
2022-08-09,0.157465504942,-1.02521542246,0.974062031438
2022-08-10,0.158618907897,-0.896003551651,0.974381446698
2022-08-11,0.15778599352,-1.058262289,0.972637861046
2022-08-12,0.157664671977,-0.740293804839,0.973598987411
2022-08-15,0.157280804222,-0.63906377133,0.97366014539
2022-08-16,0.157200375886,-0.582469518223,0.973789257462
2022-08-17,0.156858652976,-0.786693333007,0.973294538401
2022-08-18,0.156793408209,-0.816217281493,0.972660310641
2022-08-19,0.156876670583,-0.823685588061,0.974182118489
2022-08-22,0.158035664876,-0.954141314484,0.974156956232
2022-08-23,0.157783774667,-0.877089693664,0.974068946995
2022-08-24,0.157143107541,-0.726073228848,0.975648927325
2022-08-25,0.157802263385,-0.641454431624,0.979884309907
2022-08-26,0.159220465656,-1.09271011858,0.979142767616
2022-08-29,0.159342272272,-1.14349914319,0.979058138699
2022-08-30,0.159429316769,-1.15604825106,0.979804009714
2022-08-31,0.159300444424,-1.31875520148,0.979335910007
2022-09-01,0.159287753303,-1.31325694287,0.979049833835
2022-09-02,0.159293053496,-1.31459883239,0.9786069965
2022-09-06,0.157406239662,-1.1618518579,0.980249123843
2022-09-07,0.158549303349,-0.985318003333,0.982294338072
2022-09-08,0.157227443221,-1.15098602122,0.982965511305
2022-09-09,0.158078832252,-0.935143342867,0.985191967882
2022-09-12,0.158077952779,-0.736074997924,0.985724349284
2022-09-13,0.162994495322,-0.977486568836,0.988068337223
2022-09-14,0.16246167514,-1.06873240757,0.993245996224
2022-09-15,0.160777460205,-1.43113612987,0.989088965005
2022-09-16,0.160337487072,-1.59221125276,0.988771370301
2022-09-19,0.160142048956,-1.62940302294,0.989406327774
2022-09-20,0.160631916943,-1.70564407103,0.990420430143
2022-09-21,0.160799623817,-1.89092543006,0.990769131111
2022-09-22,0.160981716134,-1.92061649228,0.990338346457
2022-09-23,0.16166713512,-2.19977151664,0.993552371654
2022-09-26,0.162493050858,-2.35318862908,0.994884913178
2022-09-27,0.162443947974,-2.42356238001,0.996442661091
2022-09-28,0.164120331388,-2.29959247877,0.996877299181
2022-09-29,0.165153577167,-2.43445028645,0.996787381706
2022-09-30,0.164915448533,-2.40615681236,0.994874937152
2022-10-03,0.167725012923,-2.1559736026,0.997456014728
2022-10-04,0.170856079176,-1.91319049633,1.00207952986
2022-10-05,0.170385163143,-1.85373899563,1.00291292536
2022-10-06,0.170615111332,-1.8847805837,1.0038850832
2022-10-07,0.172254550193,-2.09394273839,1.00268709323
2022-10-10,0.172505027657,-2.1677832102,1.0035883395
2022-10-11,0.172057941709,-2.09757003308,1.00496883234
2022-10-12,0.172057976463,-2.09710187978,1.00494992619
2022-10-13,0.172798669829,-2.02783816827,1.00350603343
2022-10-14,0.173749170935,-2.10133887235,1.00487365525
2022-10-17,0.175884989818,-1.8587557853,1.00704137321
2022-10-18,0.175996632306,-1.84294556265,1.00742994683
2022-10-19,0.176300718118,-1.9891785812,1.00794019132
2022-10-20,0.175907974108,-1.93574406285,1.00760428391
2022-10-21,0.17617771202,-1.55715221271,1.00886767079
2022-10-24,0.176257234544,-1.52940019673,1.00940092512
2022-10-25,0.176167786297,-1.17163811424,1.00990799447
2022-10-26,0.176164683645,-1.17517697911,1.00937681236
2022-10-27,0.174718284203,-1.38165801033,1.00889699945
2022-10-28,0.172902031709,-1.02358725597,1.01112240324
2022-10-31,0.173045469496,-1.05998326174,1.01156241252
2022-11-01,0.172885821723,-1.10554079463,1.01082902754
2022-11-02,0.171877788582,-1.51697674367,1.01328219917
2022-11-03,0.168500940131,-1.32698838855,1.0136129975
2022-11-04,0.170085204975,-1.05284651136,1.01883396634
2022-11-07,0.167502166586,-0.766021681902,1.01330791539
2022-11-08,0.167879286993,-0.680850470917,1.0148175956
2022-11-09,0.168555068936,-0.756257646885,1.01627079162
2022-11-10,0.179957943952,-0.195724560229,1.0224137752
2022-11-11,0.179097949901,-0.271735715665,1.02145650919
2022-11-14,0.179378805166,-0.346922098479,1.02189750581
2022-11-15,0.17906846927,-0.379370160965,1.02125092118
2022-11-16,0.176518017352,-0.181683639155,1.02352381146
2022-11-17,0.176581286456,-0.234704238066,1.02416550916
2022-11-18,0.176558730028,-0.246862421434,1.02394576071
2022-11-21,0.175964524803,-0.404465761955,1.02347269497
2022-11-22,0.176506291011,-0.277763195301,1.02305756029
2022-11-23,0.176642496297,-0.253601029887,1.02440389365
2022-11-25,0.176003909328,-0.36619654038,1.02526940719
2022-11-28,0.175454958827,-0.661920611615,1.02682771981
2022-11-29,0.175284141667,-0.586034192424,1.0264289298
2022-11-30,0.177901223067,-0.264044774678,1.02589838895
2022-12-01,0.17687111003,-0.373032432935,1.02461164264
2022-12-02,0.176115633426,-0.240828619475,1.02402381925
2022-12-05,0.177368942872,-0.406374516069,1.02464887953
2022-12-06,0.177304358158,-0.557686773807,1.02435395906
2022-12-07,0.176955332939,-0.441189208685,1.02425986079
2022-12-08,0.175677856585,-0.217819736812,1.02392185605
2022-12-09,0.17403167544,-0.0741378014159,1.02783849704
2022-12-12,0.168378894747,0.366336890569,1.02319080188
2022-12-13,0.168693125201,0.536891699424,1.02407199264
2022-12-14,0.167545768785,0.331736821604,1.02268172087
2022-12-15,0.167300493658,0.345965867778,1.02695299744
2022-12-16,0.167647873539,0.256027902374,1.02636144717
2022-12-19,0.167001615159,0.0343898457101,1.02619917364
2022-12-20,0.167006128883,0.0402163030805,1.02598147865
2022-12-21,0.167329939958,0.0857395394295,1.02652840431
2022-12-22,0.165746633575,-0.251833056931,1.02646954234
2022-12-23,0.165733446737,-0.175541922356,1.02690404951
2022-12-27,0.165088575799,-0.0730803385272,1.02707813344
2022-12-28,0.165600851073,-0.179652257143,1.02800491003
2022-12-29,0.166554461273,0.0258283619793,1.02850381465
2022-12-30,0.166276723697,-0.116311427204,1.03013944573
2023-01-03,0.166187707647,-0.0447259351578,1.03097194127
2023-01-04,0.166713215196,0.101392559423,1.03229122061
2023-01-05,0.166784293158,-0.113851627496,1.0332304767
2023-01-06,0.169195001469,0.14238096624,1.03525680326
2023-01-09,0.168852606839,0.24840029281,1.03434280095
2023-01-10,0.168774144751,0.333997201373,1.03458238444
2023-01-11,0.169275221495,0.461823971936,1.03396431062
2023-01-12,0.169315812279,0.620808411095,1.0339483713
2023-01-13,0.168549465464,0.510153070787,1.03567933642
2023-01-17,0.168482948637,0.531571780844,1.03711835234
2023-01-18,0.16717493273,0.267098963402,1.03729932038
2023-01-19,0.167198756141,0.236666871864,1.03672596493
2023-01-20,0.16702431112,0.218317700487,1.03553655429
2023-01-23,0.167175437579,0.311694678817,1.03520756798
2023-01-24,0.167179331737,0.318393471826,1.03529765138
2023-01-25,0.166834720535,0.427409284044,1.03532802202
2023-01-26,0.165238000783,0.28021639557,1.0355451897
2023-01-27,0.164495706928,0.151322726216,1.0352921593
2023-01-30,0.164547962128,-0.06390966522,1.03592634912
2023-01-31,0.165092127627,0.0591259408861,1.03457954681
2023-02-01,0.165074046761,0.286230976602,1.03371196284
2023-02-02,0.164693637237,0.232931930187,1.03233312128
2023-02-03,0.1656348351,0.0466366800301,1.03397342034
2023-02-06,0.165684301532,0.0371386694539,1.03409048126
2023-02-07,0.165917585388,0.0894931696654,1.03353037613
2023-02-08,0.166033021247,0.0609192016105,1.03314501923
2023-02-09,0.16510902446,-0.174100777062,1.03316286462
2023-02-10,0.165096976266,-0.1614455153,1.0332522828
2023-02-13,0.164579012568,-0.217239998758,1.03314933283
2023-02-14,0.164589631744,-0.234179695569,1.03391339767
2023-02-15,0.164590433651,-0.248333950307,1.03369256403
2023-02-16,0.164728473366,-0.266816886724,1.03212272051
2023-02-17,0.164726125911,-0.281079620516,1.03263442769
2023-02-21,0.165231392881,-0.321540623122,1.03037680592
2023-02-22,0.164020740265,-0.174139775625,1.03076135649
2023-02-23,0.164140222051,-0.110792321153,1.03068033329
2023-02-24,0.164807159429,-0.257483634314,1.03183985426
2023-02-27,0.164186188139,-0.340117003874,1.03245964922
2023-02-28,0.16130866879,-0.105093017348,1.03289869945
2023-03-01,0.161162356878,-0.0592304547699,1.03215898206
2023-03-02,0.160862733592,0.0828276066647,1.03122155602
2023-03-03,0.161630347526,0.323046991961,1.03117808857
2023-03-06,0.161591849015,0.337460894986,1.03125624708
2023-03-07,0.162548282582,0.231471157406,1.03408298661
2023-03-08,0.162381622213,0.319389067756,1.03463375845
2023-03-09,0.161966271348,0.0465001617672,1.03578200941
2023-03-10,0.162048680408,-0.0204997001294,1.03606772712
2023-03-13,0.161276050934,-0.122393461072,1.03472396036
2023-03-14,0.161218472251,-0.129063693822,1.03355324476
2023-03-15,0.155794565374,0.192205672228,1.03381708798
2023-03-16,0.156234098589,0.278420103699,1.03370983478
2023-03-17,0.155619202961,0.368156636038,1.0317686775
2023-03-20,0.155680675914,0.50040148351,1.03257693868
2023-03-21,0.15573610021,0.516746793906,1.03152760621
2023-03-22,0.155194764499,0.585934296656,1.02953513938
2023-03-23,0.154609688244,0.75685542053,1.02952121524
2023-03-24,0.154137035177,0.893718784054,1.02975970133
2023-03-27,0.152517651588,1.07723066597,1.0250212441
2023-03-28,0.151253354162,1.2639389889,1.02246955277
2023-03-29,0.15150483537,1.42269940621,1.02145180613
2023-03-30,0.149441560679,1.2704554314,1.02134670128
2023-03-31,0.14819677231,1.58732760767,1.01907831626
2023-04-03,0.147755589857,1.7524517574,1.02178070992
2023-04-04,0.145145686736,1.50914159649,1.0191090745
2023-04-05,0.14188875433,1.19679320558,1.0144451029
2023-04-06,0.14160236964,1.30640329326,1.01340936793
2023-04-10,0.140907234356,1.41633131918,1.01186161237
2023-04-11,0.138270791035,1.73464046302,1.01369729525
2023-04-12,0.137700934218,1.84996020229,1.0119450407
2023-04-13,0.137971045999,2.03869543002,1.01242296614
2023-04-14,0.138264272978,1.9714847638,1.01363630778
2023-04-17,0.137153200493,1.80185094144,1.01588026038
2023-04-18,0.134945472768,2.09073664865,1.01554570506
2023-04-19,0.132871498978,1.82978881037,1.01344713025
2023-04-20,0.132639242359,1.70837382093,1.01437641309
2023-04-21,0.131766088447,1.85496722266,1.0120986345
2023-04-24,0.131439879367,1.96905353332,1.01394413891
2023-04-25,0.130311912066,1.61618484123,1.01432636274
2023-04-26,0.130415572742,1.51706782378,1.01734522014
2023-04-27,0.12970002767,1.46560581852,1.01629180303
2023-04-28,0.129880386563,1.55243643276,1.01610382844
2023-05-01,0.129992116205,1.52084696711,1.01542712374
2023-05-02,0.129388439574,1.31661506983,1.0216467816
2023-05-03,0.129042249962,1.40362880391,1.02080662724
2023-05-04,0.129104506474,1.35646988704,1.02001408781
2023-05-05,0.127437946981,1.75999878023,1.0187741483
2023-05-08,0.126976948502,1.85457205249,1.01918247139
2023-05-09,0.125159737379,1.58132827128,1.0109507757
2023-05-10,0.125155911473,1.58166496796,1.01011315386
2023-05-11,0.124861110555,1.42939862846,1.00884193463
2023-05-12,0.123578734878,1.59708998524,1.00807628573
2023-05-15,0.107098632294,1.07282696227,0.990683458444
2023-05-16,0.107191548645,0.781893957076,0.991201359384
2023-05-17,0.106917460898,1.03160484523,0.989015214835
2023-05-18,0.106377162455,0.904364231391,0.987110749689
2023-05-19,0.106212073585,0.984384794364,0.985501134661
2023-05-22,0.106052709961,1.05655796315,0.985304493162
2023-05-23,0.10664537712,0.888338769722,0.987240043818
2023-05-24,0.107158638077,0.801519191555,0.98944116196
2023-05-25,0.106356728876,0.651638763809,0.988762189267
2023-05-26,0.106668415932,0.69172225613,0.98934556993
2023-05-30,0.106668820172,0.690852810887,0.988446154446
2023-05-31,0.105476573205,0.85852564085,0.986519340876
2023-06-01,0.106085734606,1.0008183011,0.990067989608
2023-06-02,0.102053615959,0.75218324856,0.990464545029
2023-06-05,0.101906382747,0.631089096315,0.98965322383
2023-06-06,0.101988918325,0.691304808148,0.990206021707
2023-06-07,0.0998907618562,0.913285961232,0.987069309234
2023-06-08,0.0997796472838,1.17938198259,0.989340852739
2023-06-09,0.0997657376569,1.13357947217,0.989679969976
2023-06-12,0.0998390577507,1.14840208901,0.987900770432
2023-06-13,0.0995910534092,1.30956108289,0.990989278377
2023-06-14,0.0993125619454,1.23125492363,0.995595515847
2023-06-15,0.0993844450719,1.23823269669,0.99147114965
2023-06-16,0.0993942765386,1.23536603512,0.991268615144
2023-06-20,0.0967088604792,1.49068093818,0.983856366521
2023-06-21,0.0961316799561,1.60447195522,0.984777136074
2023-06-22,0.0957045066446,1.70043621975,0.987142239853
2023-06-23,0.0961497373346,1.54844977248,0.991377695084
2023-06-26,0.0954045381581,1.37222478571,0.991528265647
2023-06-27,0.0946381432231,1.70574266857,0.989766072688
2023-06-28,0.0945885240586,1.66008936831,0.989348758736
2023-06-29,0.0945307622093,1.69940940164,0.994395521116
2023-06-30,0.0941579382476,2.08775114667,0.993313861179
2023-07-03,0.0925140534874,1.86451989143,0.989822394397
2023-07-05,0.0924903047151,1.86886562616,0.990224020886
2023-07-06,0.0934938591894,1.62315702848,0.993999251598
2023-07-07,0.0925982255975,1.45076587339,0.988107682065
2023-07-10,0.0915673372372,1.7219816494,0.984026844326
2023-07-11,0.0875887322822,1.47539269058,0.974139029611
2023-07-12,0.0887349701987,1.66625086239,0.979765220165
2023-07-13,0.0892934817759,1.76992523046,0.981282672468
2023-07-14,0.0885198523837,1.50223413297,0.982269003419
2023-07-17,0.0879974892366,1.3776973916,0.978882296263
2023-07-18,0.0881965602761,1.43652762186,0.979323010501
2023-07-19,0.0881651640049,1.52736447021,0.979312230577
2023-07-20,0.0881435545896,1.53099194794,0.978353017046
2023-07-21,0.0880781652271,1.57791364981,0.983921124545
2023-07-24,0.0873354570288,1.43394348421,0.985138524973
2023-07-25,0.0870375457749,1.35062034461,0.985657187692
2023-07-26,0.0870501253766,1.36337356252,0.985734984864
2023-07-27,0.0879713942884,1.11749152274,0.988157746398
2023-07-28,0.0884537775724,1.19242084508,0.991634581087
2023-07-31,0.0884698193366,1.21586689535,0.991686306722
2023-08-01,0.0879202732803,1.29506107402,0.993177399488
2023-08-02,0.0885202654764,0.819061932469,1.00046674582
2023-08-03,0.0877333104852,0.52812141248,0.998269400083
2023-08-04,0.0874706332766,0.424321261989,1.00856523477
2023-08-07,0.0858455815281,0.844064010588,1.00191043441
2023-08-08,0.0855289345275,0.908656159203,1.00260576943
2023-08-09,0.0851912855043,0.678366916308,1.00270375745
2023-08-10,0.0848704477039,0.774492771757,1.00364407203
2023-08-11,0.0845107647898,0.858759734977,1.00652809564
2023-08-14,0.0845063006555,0.888785298636,1.00500118139
2023-08-15,0.0849673664675,0.503024268879,1.00951348446
2023-08-16,0.0854641727299,0.381816763333,1.01140637973
2023-08-17,0.0857719656283,0.280575738608,1.01177041841
2023-08-18,0.084942926977,0.49136245998,1.01821763399
2023-08-21,0.084981737948,0.553298207032,1.018482577
2023-08-22,0.0823815274434,0.898612897532,1.02847303275
2023-08-23,0.0836692157172,1.19880873976,1.02943811067
2023-08-24,0.0845688925877,0.864632002074,1.02845914855
2023-08-25,0.0832517948526,1.2253333975,1.02371269117
2023-08-28,0.0834319648405,1.26164959621,1.0242655889
2023-08-29,0.0848530473005,1.57251881986,1.02576789155
2023-08-30,0.0848253599592,1.65359513397,1.03134834871
2023-08-31,0.0847736529385,1.52735761206,1.03186334061
2023-09-01,0.0828799462116,1.25555937727,1.03100405137
2023-09-05,0.0833197801192,1.14276983692,1.03219880693
2023-09-06,0.0814003354587,1.37556733776,1.02218514713
2023-09-07,0.081418562056,1.29990394481,1.02241228943
2023-09-08,0.0801907159057,1.56896976533,1.02458809911
2023-09-11,0.0801748857686,1.78564533665,1.02646691589
2023-09-12,0.0802852483176,1.60556104151,1.02607445601
2023-09-13,0.0797960801068,1.44045537073,1.02707442557
2023-09-14,0.0799737119171,1.70006115516,1.0292823402
2023-09-15,0.0797231312761,1.33418474968,1.02298350828
2023-09-18,0.0795532889758,1.41841258143,1.02544920638
2023-09-19,0.0792522759713,1.22174154317,1.02255978743
2023-09-20,0.0793867801467,0.980709138231,1.02474535195
2023-09-21,0.0816692517581,0.727815701373,1.03370636256
2023-09-22,0.081537831825,0.653867176338,1.03294412328
2023-09-25,0.0815106666278,0.568971410918,1.03653263674
2023-09-26,0.0829874134244,0.341782087477,1.04268552164
2023-09-27,0.083065126658,0.277523936513,1.04501300519
2023-09-28,0.0824439415166,0.182610623259,1.04748445372
2023-09-29,0.0820378419834,-0.0358316014232,1.04466129441
2023-10-02,0.0816326962917,-0.384277573698,1.05680123776
2023-10-03,0.0829097940898,-0.751536544577,1.05374785253
2023-10-04,0.0832513858147,-0.634842584084,1.04993889037
2023-10-05,0.0832358723187,-0.550522839093,1.04981331351
2023-10-06,0.0837953422545,-0.425401716386,1.05228801341
2023-10-09,0.0843852873085,-0.203199908293,1.05013626464
2023-10-10,0.0845863877227,-0.141476084362,1.05157414907
2023-10-11,0.0848826076487,-0.00721227453084,1.0537113126
2023-10-12,0.0845085374636,-0.395916236108,1.04986986141
2023-10-13,0.0841385358848,-0.254025769664,1.04680023461
2023-10-16,0.0844276425659,-0.153958761908,1.04788362479
2023-10-17,0.084441653311,-0.228171477351,1.04636048325
2023-10-18,0.0854852242181,-0.41016996422,1.04315509374
2023-10-19,0.0858609139866,-0.515089716959,1.04041411357
2023-10-20,0.0863206905232,-0.639895293632,1.04057099564
2023-10-23,0.0862790136699,-0.699317937224,1.04062583068
2023-10-24,0.0859391019337,-0.38285501827,1.0386938361
2023-10-25,0.0870135817264,-0.535585651683,1.03313955801
2023-10-26,0.0857958435436,-0.891329921488,1.0319371724
2023-10-27,0.0853969686701,-1.07160432032,1.0345210327
2023-10-30,0.0857976454248,-0.819528015695,1.0367730622
2023-10-31,0.0857903448969,-0.68110153506,1.03576631471
2023-11-01,0.0867355069039,-0.449947647486,1.0297342971
2023-11-02,0.0893910706469,-0.0469171158583,1.03831775497
2023-11-03,0.089501685515,-0.0347721498617,1.04400348069
2023-11-06,0.0895191812716,-0.0459823874348,1.04496285244
2023-11-07,0.089452973162,0.0230432910607,1.04238581709
2023-11-08,0.0893163531896,-0.0620542684702,1.04436211202
2023-11-09,0.0897042175302,-0.152318996346,1.03903181029
2023-11-10,0.0902867149248,0.084101047358,1.03155545978
2023-11-13,0.0901912537174,0.016034097111,1.03093966949
2023-11-14,0.0936018631272,0.594808348889,1.03789457418
2023-11-15,0.0932620860422,0.460453294375,1.038922279
2023-11-16,0.0932938383825,0.484209365003,1.04119296824
2023-11-17,0.0933595809619,0.53223447018,1.042931539
2023-11-20,0.0936091880176,0.634251042896,1.04261083094
2023-11-21,0.0929701242108,0.779541125731,1.0412242648
2023-11-22,0.0922564510543,0.995845229826,1.03737576401
2023-11-24,0.0922496148998,0.984816811833,1.03821976679
2023-11-27,0.0914720494599,0.813250393123,1.03721983456
2023-11-28,0.0915804954909,0.876902850106,1.03919907114
2023-11-29,0.0914631167183,0.971491110709,1.03855013214
2023-11-30,0.090746747827,0.81378434062,1.03615674189
2023-12-01,0.0910292634811,0.847707961215,1.03837818801
2023-12-04,0.0915397218452,0.729293602508,1.04079797039
2023-12-05,0.0914466224816,0.662109264592,1.03877367795
2023-12-06,0.0911779613492,0.750642867089,1.03804723036
2023-12-07,0.0909233847391,0.704685719716,1.0365607703
2023-12-08,0.0909236555966,0.704271460081,1.03649709529
2023-12-11,0.090684540019,0.624239913026,1.03794258373
2023-12-12,0.0906628225357,0.61561737101,1.03610838356
2023-12-13,0.0932255341356,0.897469223809,1.04287481921
2023-12-14,0.0927230909031,0.839547357648,1.04713085765
2023-12-15,0.0928340470122,0.811461043949,1.04902961744
2023-12-18,0.0924608574062,1.00785050507,1.04645589583
2023-12-19,0.0926734934339,1.17726865306,1.04816023103
2023-12-20,0.0935355759199,1.0235991057,1.05094843067
2023-12-21,0.0937635555348,1.32340085309,1.05202942753
2023-12-22,0.0937695342882,1.35212431378,1.05369675991
2023-12-26,0.0935996049207,1.31362387494,1.05453561638
2023-12-27,0.0937189546016,1.38116917424,1.05484075415
2023-12-28,0.0937313168657,1.36866047013,1.05500839262
2023-12-29,0.0930841787365,1.13789279089,1.05425496685
2024-01-02,0.0934397486337,0.992625660219,1.05392751837
2024-01-03,0.0937877994222,0.928291366162,1.05543771393
2024-01-04,0.0929115644361,1.08136807934,1.05122210395
2024-01-05,0.0929098543397,1.06104465625,1.05248216546
2024-01-08,0.0936013818117,1.18572474284,1.04806972356
2024-01-09,0.0933955487639,1.00113864271,1.04753287092
2024-01-10,0.0923158673896,0.842649037761,1.04292614481
2024-01-11,0.0916661092208,0.690137752222,1.04131853289
2024-01-12,0.091611387381,0.813191540547,1.04132218515
2024-01-16,0.0923196825003,0.600289338686,1.04543984051
2024-01-17,0.0926455475081,0.334892871464,1.04821155878
2024-01-18,0.0929583082233,0.414943113179,1.04948441662
2024-01-19,0.0931015252476,0.701145731916,1.04960465853
2024-01-22,0.0931131605706,0.723876938316,1.04936095726
2024-01-23,0.0930866253389,0.701824993154,1.04935902141
2024-01-24,0.093063024299,0.660874676749,1.04916118874
2024-01-25,0.093260295031,0.724980725268,1.0485898126
2024-01-26,0.0924098796275,0.905828968297,1.04680163652
2024-01-29,0.0921577465081,0.869912018975,1.0458358281
2024-01-30,0.0921558913948,0.81720080111,1.04585753799
2024-01-31,0.0924566564115,0.773327114086,1.04232324929
2024-02-01,0.0921356638266,1.251272769,1.03925499638
2024-02-02,0.091949507814,1.33300137761,1.03927870133
2024-02-05,0.0923752554622,1.19196081098,1.03914043895
2024-02-06,0.0923731747561,1.1937558583,1.04048399349
2024-02-07,0.0922706630354,1.35171783745,1.03854124667
2024-02-08,0.0921283985301,1.41105845406,1.0391701079
2024-02-09,0.0921544715701,1.49765939353,1.04005433012
2024-02-12,0.0920592936646,1.55145674139,1.03957359833
2024-02-13,0.0943023179712,1.20438827487,1.04488252578
2024-02-14,0.0938606262514,1.56746542176,1.04414560446
2024-02-15,0.0937492616116,1.8587668743,1.04499834053
2024-02-16,0.0935318470125,1.90891563353,1.04311875064
2024-02-20,0.0935808212936,1.86128278433,1.041295501
2024-02-21,0.0935612553066,1.82062598132,1.04088954064
2024-02-22,0.0948241053482,2.06953965855,1.03607156418
2024-02-23,0.0937215145963,1.89833853875,1.03557003117
2024-02-26,0.092827083279,2.04170763984,1.03658855148
2024-02-27,0.092727277189,1.98000506323,1.0367064753
2024-02-28,0.092471769998,1.84221025601,1.03574663706
2024-02-29,0.091199424065,1.68274582793,1.03529346286
2024-03-01,0.0920633847076,1.83369912968,1.0388716965
2024-03-04,0.0919997573358,1.87750715135,1.0370961678
2024-03-05,0.0922616926655,1.77389172529,1.03795189047
2024-03-06,0.0920628125928,2.03643452421,1.03821506713
2024-03-07,0.0921895100548,2.29495359454,1.03860307724
2024-03-08,0.0922223138965,2.28104110366,1.03672884098
2024-03-11,0.0922745920628,2.23587909428,1.03693372953
2024-03-12,0.0922596886083,2.23461587935,1.03498522159
2024-03-13,0.0920714417695,2.29852760967,1.03404179395
2024-03-14,0.0923733886116,2.1978098415,1.0349893762
2024-03-15,0.0922840765148,1.97168441768,1.03289723093
2024-03-18,0.0917925768225,2.1773592823,1.03811545436
2024-03-19,0.0918418864632,2.2424178127,1.03682813686
2024-03-20,0.0923118833863,2.45292746915,1.03948060594
2024-03-21,0.0919450325479,2.61291498172,1.04130869513
2024-03-22,0.0894808016109,2.95311276867,1.03799176217
2024-03-25,0.0895819640482,2.89253656382,1.03742771569
2024-03-26,0.0895541887378,2.91086661946,1.03709255376
2024-03-27,0.0883356855221,3.36718310883,1.03440364317
2024-03-28,0.0881859795944,3.45050396689,1.03273207524
2024-04-01,0.0882266771589,3.28509802185,1.03072427353
2024-04-02,0.0882732601928,3.27193899731,1.02841741422
2024-04-03,0.0877047623885,3.48428511195,1.02483791649
2024-04-04,0.0867458434553,3.61289052366,1.0272741923
2024-04-05,0.086872189062,3.63560247861,1.03324286392
2024-04-08,0.086876732569,3.64483914715,1.03293869776
2024-04-09,0.0865215651835,3.56015608976,1.03150604964
2024-04-10,0.0882306160176,3.04968300167,1.03833540484
2024-04-11,0.0883959955457,3.08235225234,1.03897051061
2024-04-12,0.089872652786,2.67430429836,1.04643579885
2024-04-15,0.0897577539094,2.68906795369,1.03517907036
2024-04-16,0.0900228730428,2.58571566728,1.03768135702
2024-04-17,0.0899928419537,2.41823661236,1.03783096726
2024-04-18,0.0899650928471,2.43029224293,1.03800776979
2024-04-19,0.0889319034313,2.59681528722,1.03770499171
2024-04-22,0.0884878335893,2.82843921274,1.03754883341
2024-04-23,0.0883386770318,3.15447636352,1.03607275297
2024-04-24,0.0883605939268,3.14616341404,1.03570428877
2024-04-25,0.0882773227344,2.96410195256,1.03520321299
2024-04-26,0.0871419145435,3.3930557754,1.04173824452
2024-04-29,0.0868684061001,3.58071313276,1.04261394474
2024-04-30,0.089291561417,3.21916983432,1.05141513564
2024-05-01,0.0889706023497,3.08250461931,1.05083091767
2024-05-02,0.0895534037272,3.19181180141,1.05284811052
2024-05-03,0.0895278220024,3.18939543883,1.05694639631
2024-05-06,0.0876499755357,3.06937276275,1.05486985323
2024-05-07,0.0868559535776,2.89779081303,1.05247849065
2024-05-08,0.0868235946748,2.9142080619,1.05210254049
2024-05-09,0.0871983214809,3.04246172919,1.05751313197
2024-05-10,0.0871768200368,3.07123254346,1.05776146238
2024-05-13,0.0865757452085,3.22100721478,1.06435372546
2024-05-14,0.0862349856252,3.16944334747,1.07532241166
2024-05-15,0.0872952610089,3.38270734268,1.07529575752
2024-05-16,0.0834804467055,3.01534437377,1.0679019583
2024-05-17,0.0834781482132,3.08685123569,1.06709540379
2024-05-20,0.0834695848293,3.04557737594,1.06779418878
2024-05-21,0.0834364089308,3.00456616343,1.06689744141
2024-05-22,0.0837146453675,2.74959440422,1.07104885927
2024-05-23,0.0846490846807,2.55036279627,1.07587592707
2024-05-24,0.0848153942093,2.61428349905,1.07653236424
2024-05-28,0.0848237935141,2.59298413023,1.0771221205
2024-05-29,0.0858356791171,2.35451050369,1.08194671793
2024-05-30,0.0857681447981,2.26622725191,1.07930868274
2024-05-31,0.0860922010643,2.36998656061,1.07692594646
2024-06-03,0.0861503193932,2.41616015173,1.0769823561
2024-06-04,0.0854100961834,2.22348808382,1.07304507956
2024-06-05,0.08549255994,2.5889417957,1.06981935699
2024-06-06,0.0854860223195,2.61663685796,1.0709926895
2024-06-07,0.0864802922919,2.40981802376,1.07812746317
2024-06-10,0.0863639351765,2.36767552514,1.07901865002
2024-06-11,0.0863489879765,2.38560958175,1.0771950974
2024-06-12,0.0868450492398,2.51474455835,1.07795671321
2024-06-13,0.086840713237,2.44285422344,1.07653108659
2024-06-14,0.0842428498943,2.16242735712,1.07031317689
2024-06-17,0.0838634234859,2.08126628808,1.06773671317
2024-06-18,0.083630620946,2.27140880704,1.06585297745
2024-06-20,0.0836031562104,2.18900364546,1.0636727099
2024-06-21,0.0834968333422,1.98057347642,1.06332619371
2024-06-24,0.0823808167533,2.22843293986,1.05743239277
2024-06-25,0.0816783796895,2.06952920879,1.05241252307
2024-06-26,0.0817913299942,1.97421364917,1.05320511214
2024-06-27,0.0817041514467,1.94945797044,1.05300156973
2024-06-28,0.0816908925174,1.79632120593,1.04889683006
2024-07-01,0.0816746158365,1.80945360494,1.04840185341
2024-07-02,0.0817429514268,1.97708038334,1.04691414274
2024-07-03,0.0816958787977,2.27220993114,1.04958473934
2024-07-05,0.0813518902364,2.5930314793,1.04692607539
2024-07-08,0.0812773972763,2.62103977854,1.04940816391
2024-07-09,0.081276909201,2.621637989,1.04951596913
2024-07-10,0.0810967964778,2.60511286762,1.05783135852
2024-07-11,0.0809272989655,2.69008407845,1.0510206232
2024-07-12,0.0811221264189,2.74534716935,1.0512368635
2024-07-15,0.0811355801613,2.71992910441,1.05190898114
2024-07-16,0.0815778104404,2.81488132387,1.0544299957
2024-07-17,0.0816690894531,2.80691083096,1.04797171192
2024-07-18,0.0816401284337,2.81149802541,1.04564897475
2024-07-19,0.0820628546259,2.48864181569,1.04834734185
2024-07-22,0.0819817635761,2.47619185555,1.05088944246
2024-07-23,0.0820490579674,2.40594050408,1.05157159081
2024-07-24,0.0849243173626,1.96036266842,1.04717084827
2024-07-25,0.0852580082607,1.8451785795,1.04944453618
2024-07-26,0.086101556463,1.95002974785,1.05410520658
2024-07-29,0.0860909533655,1.95843826958,1.05444316009
2024-07-30,0.0857229478012,1.80168542518,1.05292181154
2024-07-31,0.0875634268537,2.08960188716,1.05593755794
2024-08-01,0.0880780159873,2.02527491795,1.06520103849
2024-08-02,0.0881436817834,1.56307088735,1.07156772794
2024-08-05,0.0930485159087,1.03748274381,1.08213126722
2024-08-06,0.0927220946759,1.23949870081,1.08255467006
2024-08-07,0.0926331222632,1.05682760943,1.07778676177
2024-08-08,0.0950029187933,1.28620641781,1.08467850426
2024-08-09,0.0951018289861,1.37743583983,1.08419376622
2024-08-12,0.0950777520765,1.36384754348,1.08504017258
2024-08-13,0.0962730853313,1.58032765988,1.08169679151
2024-08-14,0.0940314881458,1.93983412279,1.07754978979
2024-08-15,0.094349631186,1.97319412177,1.07859633466
2024-08-16,0.0941001482574,1.9307228387,1.0777616369
2024-08-19,0.094353832413,2.13126026404,1.08043475845
2024-08-20,0.0943209151125,2.15363453479,1.0825966404
2024-08-21,0.0943881995371,2.22207183965,1.08315360413
2024-08-22,0.0937634625014,1.83350215043,1.09166919132
2024-08-23,0.0949317570194,2.00988767924,1.09668385451
2024-08-26,0.0948318752472,2.04169180042,1.09673090403
2024-08-27,0.0948374678121,2.05609385582,1.09676830207
2024-08-28,0.0951360762002,1.9679678309,1.09732153329
2024-08-29,0.0950680642378,1.9108122852,1.09690451857
2024-08-30,0.0943542640234,1.81035179133,1.09300847742
2024-09-03,0.0961812838695,1.50761728127,1.09648079704
2024-09-04,0.0959469106659,1.59123114662,1.09648434444
2024-09-05,0.0956646987271,1.47593873494,1.09472570447
2024-09-06,0.0967433599295,1.06627052013,1.09829618829
2024-09-09,0.0973046761587,1.26610659152,1.10055547467
2024-09-10,0.0973387273142,1.36043923729,1.09953997215
2024-09-11,0.0974166496471,1.37628097963,1.09962305915
2024-09-12,0.0978463559561,1.53650089866,1.10259609514
2024-09-13,0.0977567995944,1.73044434847,1.10269972352
2024-09-16,0.0975508282823,1.86755919739,1.10359674676
2024-09-17,0.0975593218601,1.77921264961,1.10428568188
2024-09-18,0.0976946139667,1.63959335366,1.10623387674
2024-09-19,0.0987245657218,1.72461573682,1.1092605808
2024-09-20,0.0987425952489,1.66052619567,1.1092648536
2024-09-23,0.0986927819159,1.75495084189,1.10913098503
2024-09-24,0.0988230822812,1.90128412055,1.11090440322
2024-09-25,0.0989972837337,1.83559470437,1.11139608026
2024-09-26,0.0988399387541,1.81267538435,1.11258754592
2024-09-27,0.0989024728113,1.75512235927,1.11334992483
2024-09-30,0.0987945015277,1.81409100045,1.11541032094
2024-10-01,0.0988375641822,1.80289872191,1.11552012855
2024-10-02,0.0988141886002,1.75968652533,1.11514051441
2024-10-03,0.0983826755496,1.83361961412,1.11563172485
2024-10-04,0.0981494332976,1.78418721646,1.11429772546
2024-10-07,0.098613594564,1.61185947916,1.11164119252
2024-10-08,0.098616587956,1.61327559146,1.10476348005
2024-10-09,0.0968585127325,1.94013346247,1.10254075875
2024-10-10,0.0965676036749,1.803272319,1.1007228527
2024-10-11,0.095324404397,2.17292532243,1.09556366842
2024-10-14,0.0948166663669,2.40698617311,1.10817489812
2024-10-15,0.0949273814626,2.38366351287,1.10845889024
2024-10-16,0.0948911879182,2.52986512034,1.10834228118
2024-10-17,0.0948706514024,2.54046803791,1.10862352114
2024-10-18,0.0948006428113,2.71285973981,1.11280925271
2024-10-21,0.095080438831,2.5204929921,1.11695826262
2024-10-22,0.0945978591422,2.37434134499,1.11887655033
2024-10-23,0.0952952118873,2.22583318089,1.11921592796
2024-10-24,0.0952052174432,2.33814270871,1.12110924888
2024-10-25,0.0948870289875,2.17710752403,1.12195938767
2024-10-28,0.0948276797368,2.15068120003,1.12208284661
2024-10-29,0.092554098548,2.52429814323,1.11787533741
2024-10-30,0.0926243732798,2.48551383238,1.11734561611
2024-10-31,0.0941016852489,1.98797552702,1.11511450502
2024-11-01,0.0934200757386,1.82684760115,1.12003658133
2024-11-04,0.0929700976936,1.69532317605,1.1201859348
2024-11-05,0.0936927380847,1.85683051935,1.11986811237
2024-11-06,0.0937927622957,1.97441713639,1.09084816205
2024-11-07,0.0943382803913,2.03347040209,1.09224612422
2024-11-08,0.0943500652136,2.00747486517,1.08973842241
2024-11-11,0.0944808273138,1.95402802427,1.09049383475
2024-11-12,0.0949021901138,1.6949519975,1.09280305872
2024-11-13,0.0938500648482,1.44939154186,1.09329793526
2024-11-14,0.0939895269665,1.41091742958,1.09226396151
2024-11-15,0.0945550945668,1.2012162547,1.0891355032
2024-11-18,0.0948418123388,1.308163778,1.09089556165
2024-11-19,0.0949111185677,1.35323638993,1.09167351607
2024-11-20,0.094546772226,1.47234123826,1.08929379344
2024-11-21,0.0938403927978,1.73828808442,1.08617453766
2024-11-22,0.0937714707492,1.7207728891,1.08688774029
2024-11-25,0.0937738221627,1.75135999061,1.08174233121
2024-11-26,0.092886331835,1.98335585156,1.07728314358
2024-11-27,0.0928742318146,1.99893131293,1.07860986086
2024-11-29,0.0928849573984,1.99964846653,1.08137482297
2024-12-02,0.0928398908903,1.92629007637,1.08119710666
2024-12-03,0.0928286980546,1.94400461653,1.08173715118
2024-12-04,0.0922206537548,1.85071395761,1.08012267376
2024-12-05,0.0922460883404,1.80263174578,1.08027659332
2024-12-06,0.0913176882544,2.03307680561,1.07398900769
2024-12-09,0.0913345556686,1.94322274727,1.06879551736
2024-12-10,0.0914633641449,1.87295199035,1.0705240873
2024-12-11,0.0911919882938,1.83061728823,1.07145631517
2024-12-12,0.0917268106147,1.6937609488,1.07671913058
2024-12-13,0.0918394417018,1.62140896189,1.07725467528
2024-12-16,0.0917793241264,1.58807255758,1.07657877851
2024-12-17,0.0918450699127,1.4459770262,1.07676776266
2024-12-18,0.0982164925435,0.877210913744,1.08627202609
2024-12-19,0.0981206551935,0.913156115399,1.0855902764
2024-12-20,0.0987750339149,1.07221417319,1.08590267449
2024-12-23,0.0988329639146,1.10761035135,1.08676643517
2024-12-24,0.0991613899983,1.29136691145,1.08489349346
2024-12-26,0.0991115423392,1.25922977407,1.08448781455
2024-12-27,0.0996505128791,1.15349002627,1.0863948288
2024-12-30,0.100150796584,1.01798981651,1.08784871797
2024-12-31,0.100007675636,0.905653896645,1.08797084383
2025-01-02,0.0996374613771,0.768138972132,1.08593314087
2025-01-03,0.0996919932823,0.777804310993,1.08378869355
2025-01-06,0.0997549896938,0.86566796305,1.08397246997
2025-01-07,0.100274453344,0.723672292549,1.07936202448
2025-01-08,0.0997276862947,0.59792014727,1.07792950995
2025-01-10,0.101050701652,0.358697906491,1.07791163078
2025-01-13,0.100794538266,0.239298013277,1.07771960021
2025-01-14,0.100850643089,0.294082413872,1.07801755148
2025-01-15,0.102187444183,0.418626998205,1.07036849847
2025-01-16,0.101482696346,0.610540870886,1.07129184005
2025-01-17,0.101204007771,0.855609994518,1.06875164344
2025-01-21,0.10164023448,1.18438241825,1.07125266253
2025-01-22,0.101253527783,1.09231280042,1.07021902891
2025-01-23,0.1013051484,1.19298662089,1.0704574543
2025-01-24,0.0989640013066,1.52799384923,1.0745121964
2025-01-27,0.0993482343092,1.4630680518,1.07382509076
2025-01-28,0.0986039332567,1.36572108382,1.07029002669
2025-01-29,0.0987567533959,1.29883160121,1.07051237292
2025-01-30,0.0991584652397,1.44907412649,1.07463136756
2025-01-31,0.0977200625431,1.10629606834,1.07256250105
2025-02-03,0.0968045984769,1.23101717517,1.06762718
2025-02-04,0.0961334857403,1.58335909567,1.06492164635
2025-02-05,0.0915052652521,2.22944027925,1.05584321688
2025-02-06,0.0914503407947,2.20084091809,1.05574663181
2025-02-07,0.0917927956211,2.13160620902,1.05720182833
2025-02-10,0.0896946162699,1.97370074955,1.05226020297
2025-02-11,0.0895931146543,1.8928125313,1.05261414017
2025-02-12,0.0896818196113,1.78488694923,1.05022057669
2025-02-13,0.089346651472,1.75773716515,1.05402708644
2025-02-14,0.0893714508148,1.70686859645,1.05429364861
2025-02-18,0.0885631214562,1.58517358545,1.0524742355
2025-02-19,0.0883576888997,1.48582464564,1.05024473185
2025-02-20,0.0879079760345,1.32366355328,1.04862336376
2025-02-21,0.0889566463005,1.11412882983,1.04907932254
2025-02-24,0.0889091706474,0.992737179055,1.04855721534
2025-02-25,0.0882977855039,1.13027224909,1.04771673813
2025-02-26,0.0869437184474,0.914349755654,1.04118497879
2025-02-27,0.088589787828,0.674020074356,1.0454936458
2025-02-28,0.0892157036313,0.810414433792,1.0335330972
2025-03-03,0.0893558172545,0.781959085585,1.02116804241
2025-03-04,0.0897844645705,0.635450428796,1.01575708969
2025-03-05,0.0905017735955,0.740794624542,1.0222559607
2025-03-06,0.090319594124,0.760793229769,1.01937465568
2025-03-07,0.0904877555578,0.861809344098,1.02041495583
2025-03-10,0.0938047020375,0.46169522514,1.03158566125
2025-03-11,0.0924480110572,0.636856239117,1.02196862936
2025-03-12,0.0918660997148,0.539434172139,1.02128643797
2025-03-13,0.0921425467436,0.347019286395,1.02030554613
2025-03-14,0.0936912337559,0.506525112465,1.02624977425
2025-03-17,0.0936956505137,0.50489941951,1.02590486065
2025-03-18,0.093651763229,0.312876307301,1.02208158431
2025-03-19,0.0940850671964,0.40748766122,1.01982869778
2025-03-20,0.0941488870229,0.380494830521,1.02032577067
2025-03-21,0.0940655061095,0.406617883312,1.01998067837
2025-03-24,0.0929089011542,0.298613460341,1.0099804479
2025-03-25,0.0929307253677,0.368524925013,1.01011913186
2025-03-26,0.0935790603681,0.143106449178,1.00949177218
2025-03-27,0.0932914845978,0.0421884173314,1.00676354889
2025-03-28,0.0941791870716,-0.0897120266174,1.00646286864
2025-03-31,0.094000105957,-0.125256532068,1.00383051673
2025-04-01,0.094022197955,-0.039281513515,1.00320831431
2025-04-02,0.0941585897965,0.0355836093387,1.00388499166
2025-04-03,0.101816036496,-0.437561542346,1.0043830881
2025-04-04,0.117865621837,-1.0963048591,1.05011610976
2025-04-07,0.118796480687,-1.2149263238,1.05456562164
2025-04-08,0.119349975603,-1.43524434905,1.05049791559
2025-04-09,0.152744557565,-0.161651350112,1.06842740547
2025-04-10,0.156166586504,-0.490784271012,1.04892374935
2025-04-11,0.157685448361,-0.317396440825,1.0539269208
2025-04-14,0.158067274169,-0.213071889898,1.05311014537
2025-04-15,0.157873168202,-0.27308583357,1.05252160675
2025-04-16,0.158002083321,-0.399641496137,1.04655386952
2025-04-17,0.157890007917,-0.313114240848,1.04613180879
2025-04-21,0.158296948169,-0.484743467676,1.03475715946
2025-04-22,0.159580853095,-0.295010344118,1.03088903959
2025-04-23,0.159603293503,-0.290506950174,1.02521260821
2025-04-24,0.160877028117,-0.0406435135344,1.02439200227
2025-04-25,0.160919268199,-0.0106027566471,1.0226034905
2025-04-28,0.160652149709,0.129256001336,1.0223530308
2025-04-29,0.160656931044,0.131031279214,1.02137586147
2025-04-30,0.160650331428,0.136748699166,1.02134703269
2025-05-01,0.160622367831,0.102932677829,1.02019219094
2025-05-02,0.161223944526,0.211302080796,1.02188377615
2025-05-05,0.161205213254,0.24607554529,1.02006824131
2025-05-06,0.160089477191,0.406738493299,1.01775723567
2025-05-07,0.160094663227,0.392482983781,1.01673131392
2025-05-08,0.160106318516,0.372048788512,1.01610945875
2025-05-09,0.159653838309,0.285528643584,1.01577529586
2025-05-12,0.160498090785,0.384395286036,1.01326040442
2025-05-13,0.159948824734,0.301310787275,1.01170126144
2025-05-14,0.160019136829,0.265066887871,1.01286644018
2025-05-15,0.160268068494,0.394460348121,1.01358380903
2025-05-16,0.15996926987,0.51219730362,1.01185284371
2025-05-19,0.159995208668,0.571508918126,1.01194665049
2025-05-20,0.159867507756,0.631189506439,1.01109798635
2025-05-21,0.160235804513,0.589435802988,1.00869647581
2025-05-22,0.160066952675,0.510372584798,1.00785292418
2025-05-23,0.160018625487,0.477011120946,1.00666493407
2025-05-27,0.160706495574,0.606964941816,1.00190199069
2025-05-28,0.160814140932,0.496111964796,1.00213906128
2025-05-29,0.160834710637,0.501507410766,1.00194936592
2025-05-30,0.160840876516,0.47067103608,1.00390995898
2025-06-02,0.16112912595,0.53847097896,1.00504088344
2025-06-03,0.161129116829,0.539114338335,1.00431000763
2025-06-04,0.160958067393,0.499871273937,1.00414520963
2025-06-05,0.161043407005,0.463040880105,1.00422132926
2025-06-06,0.161082588275,0.491858492283,1.0037161845
2025-06-09,0.161009540074,0.46114266083,1.0043021724
2025-06-10,0.16108104698,0.521630229928,1.00403856576
2025-06-11,0.161078710966,0.503486562318,1.00429616654
2025-06-12,0.161211082981,0.589033074956,1.00559205441
2025-06-13,0.161490544023,0.535127363599,1.00483695683
2025-06-16,0.161397762568,0.510582341428,1.00372841903
2025-06-17,0.161336547103,0.52027760071,1.0036062491
2025-06-18,0.161284985129,0.549013731663,1.00342704448
2025-06-20,0.161328603683,0.498756068161,1.00398061638
2025-06-23,0.161556150054,0.626688623639,1.00396356104
2025-06-24,0.157962950949,1.02975927761,0.996628705372
2025-06-25,0.15794922939,1.03716432522,0.996561309902
2025-06-26,0.157737966923,1.00608377059,0.996532311204
2025-06-27,0.157705587054,0.978324445925,0.996278971994
2025-06-30,0.157584254706,0.955288462769,0.996706072474
2025-07-01,0.157582118965,0.951860935191,0.996614059653
2025-07-02,0.157211328538,1.08814901405,0.996402797523
2025-07-03,0.156893496706,1.21269777816,0.995176295865
2025-07-07,0.157218823506,1.13892016987,0.99607551781
2025-07-08,0.157221004439,1.13793575701,0.99621628513
2025-07-09,0.157131092418,1.12114108232,0.996525730079
2025-07-10,0.157098325852,1.10515567315,0.99654434958
2025-07-11,0.156798230517,1.16222344455,0.997008499208
2025-07-14,0.15679675887,1.15613231914,0.997011734654
2025-07-15,0.156067459354,1.24439378808,0.997379025684
2025-07-16,0.156107939636,1.30199765114,0.997529481042
2025-07-17,0.156126392908,1.31084362542,0.997216906058
2025-07-18,0.15504847653,1.14284572293,0.99836090568
2025-07-21,0.155137364815,1.18160775331,0.99874831551
2025-07-22,0.155027742072,1.1498667369,0.999306007512
2025-07-23,0.154577757981,1.09224354448,0.997836263879
2025-07-24,0.154616302583,1.04129632905,0.998084389534
2025-07-25,0.154561894682,1.00778078683,0.997315175947
2025-07-28,0.154711494377,0.944890021117,0.997895689719
2025-07-29,0.154278387288,1.0537613969,0.997086441118
2025-07-30,0.154386367807,0.924921065292,0.998021103856
2025-07-31,0.154366654673,0.930242134837,0.9980804147
2025-08-01,0.154283168435,0.778071426362,0.996194566242
2025-08-04,0.154812831922,0.971758826211,0.996989489268
2025-08-05,0.154683145766,1.00744115522,0.996363204848
2025-08-06,0.15451223518,0.974181859897,0.995461594557
2025-08-07,0.15438011579,0.930370099507,0.994993527794
2025-08-08,0.15442955491,0.95220483811,0.994836875765
2025-08-11,0.154241294947,0.986344901948,0.99546493019
2025-08-12,0.1543040321,0.997433508024,0.995111486299
2025-08-13,0.154376882953,1.04854330639,0.995247682435
2025-08-14,0.154362722464,1.0532396311,0.995957728864
2025-08-15,0.153828974754,0.923723651295,0.994989034835
2025-08-18,0.153823724848,0.925992147441,0.995250861293
2025-08-19,0.153836417506,0.843665375343,0.995478042172
2025-08-20,0.153835992445,0.845944723376,0.99548564646
2025-08-21,0.153940272506,0.806774090815,0.995860239106
2025-08-22,0.154377140291,1.0967445722,0.99699994435
2025-08-25,0.154538388354,1.05626732594,0.997628670705
2025-08-26,0.154546552052,1.11316909491,0.997506138821
2025-08-27,0.154548345149,1.1165682677,0.997442771488
2025-08-28,0.153550163721,1.32283219048,0.995670915266
2025-08-29,0.153302673669,1.18852631799,0.998335749433
2025-09-02,0.153114329016,1.22466952061,1.00029881468
2025-09-03,0.152911487938,1.36331828304,1.00181116392
2025-09-04,0.152570089901,1.31257206125,0.999252363433
2025-09-05,0.151516281144,1.51111104252,0.99812312719
2025-09-08,0.151531799184,1.51398355404,0.998173667983
2025-09-09,0.149329376289,1.76898454304,0.993447895118
2025-09-10,0.149169966087,1.85541926277,0.994943827503
2025-09-11,0.149347664576,1.89765266523,0.995219943591
2025-09-12,0.149067475642,1.96281522549,0.995913500133
2025-09-15,0.148194293807,1.8668642009,0.994420727035
2025-09-16,0.147953528709,1.76678256567,0.993612531795
2025-09-17,0.147844768471,1.79364131884,0.995013529943
2025-09-18,0.147610148302,1.72323158208,0.995509917939
2025-09-19,0.147526282356,1.79943365591,0.995086083695
2025-09-22,0.147544091518,1.89845392509,0.995133701319
2025-09-23,0.147277599529,1.76952508473,0.995847249998
2025-09-24,0.147479449522,1.67780705761,0.99653189296
2025-09-25,0.147051218285,1.74640779461,0.99654209837
2025-09-26,0.147135072549,1.80094495122,0.997316992077
2025-09-29,0.146412554354,2.00653301096,0.99733585101
2025-09-30,0.146374066593,1.99541681828,0.997605969168
2025-10-01,0.146405634798,2.01297894313,0.997916042616
2025-10-02,0.146369494288,1.97004001058,0.997885936451
2025-10-03,0.140523096117,2.47602011876,0.996657416344
2025-10-06,0.126100581924,3.48585594021,0.95872167995
2025-10-07,0.12480056761,3.67240671683,0.953270472298
2025-10-08,0.123802578477,3.94879760225,0.954629275473
2025-10-09,0.0826510189547,4.15530622527,0.83747317419
2025-10-10,0.0785953749861,4.56870158687,0.86226332079
2025-10-13,0.0780129311334,4.55749362727,0.857728547377
2025-10-14,0.0775162338955,4.4182224672,0.856930309195
2025-10-15,0.0778323137031,4.5452079057,0.859089437473
2025-10-16,0.0770614864162,4.78312051417,0.870081698585
2025-10-17,0.0770896132048,4.72929626912,0.869547765304
2025-10-20,0.077033673548,5.29941332563,0.909226248734
2025-10-21,0.0769478841136,4.66334387417,0.917297803889
2025-10-22,0.0769624859959,4.47169384324,0.931712122649
2025-10-23,0.0745924941951,4.31852685397,0.926793464404
2025-10-24,0.0746900118371,4.35793226053,0.930993538496
2025-10-27,0.0746601071339,4.34673073995,0.921957808056
2025-10-28,0.0746622074327,4.26215234209,0.923815136645
2025-10-29,0.0748247459556,4.20023594158,0.925005437004
2025-10-30,0.0751647274136,4.08639669525,0.919278515582
2025-10-31,0.0741270647432,3.89162281658,0.911043048467
2025-11-03,0.0741272774773,3.89680565312,0.920969968152
2025-11-04,0.075854878425,3.54573984249,0.940366467965
2025-11-05,0.0759086031909,3.66004604825,0.9433717873
2025-11-06,0.076455069322,3.51415449512,0.947529830845
2025-11-07,0.0764615998167,3.52092835542,0.948277027105
2025-11-10,0.0766651535179,3.52877838285,1.00377256564
2025-11-11,0.0766690797945,3.53031246172,1.00482731687
2025-11-12,0.076469553895,3.69906826603,1.00240754259
2025-11-13,0.0781989910292,3.12171055017,1.00424685782
2025-11-14,0.078365806043,2.97744835737,1.00825981607
2025-11-17,0.0794286835431,2.64039008585,1.01657578134
2025-11-18,0.0797693146986,2.50376909159,1.02037176372
2025-11-19,0.0781934748314,2.84640857296,1.03630984597
2025-11-20,0.0795632627862,2.57525026781,1.04010210117
2025-11-21,0.0800943979361,2.73148069621,1.04817416713
2025-11-24,0.0800327943516,2.72823451587,1.07616466677
2025-11-25,0.0799793064985,3.01938049458,1.07458014158
2025-11-26,0.0802105685054,3.06316065518,1.07654647134
2025-11-28,0.0803390505665,3.20738476359,1.07763620212
2025-12-01,0.0801024847434,2.9472880195,1.07181904831
2025-12-02,0.0801027962182,2.94674978995,1.07434672432
2025-12-03,0.0800882357693,2.93928467616,1.07361075409
2025-12-04,0.0798497629848,3.04211880875,1.07461195349
2025-12-05,0.0798070988183,2.98980786566,1.07697345751
2025-12-08,0.0799853233486,2.87138273623,1.07737142358
2025-12-09,0.0798879782216,2.76823365499,1.07816013199
2025-12-10,0.0802305068299,2.91905922951,1.0791978006
2025-12-11,0.0800516681364,2.87211836161,1.07820446776
2025-12-12,0.0798730404878,2.90238020137,1.07677026602
2025-12-15,0.0798063988467,2.82738774184,1.07995902175
2025-12-16,0.0793900871882,2.92657593939,1.07789247665
2025-12-17,0.0798530477525,2.78506962631,1.0717439964
2025-12-18,0.0799029558516,2.97207129099,1.06826795242
2025-12-19,0.0796155641195,2.93151684021,1.06806785682
2025-12-22,0.0796883918287,2.93892347468,1.07969517104
2025-12-23,0.0798576192352,3.08261329476,1.08117119348
2025-12-24,0.0795702737786,2.99550231434,1.08106702193
2025-12-26,0.0795869249656,3.03375342685,1.08132452547
2025-12-29,0.0804291595314,2.66816126125,1.08840197316
2025-12-30,0.0804453318048,2.63667948319,1.08879242854
2025-12-31,0.0809547044404,2.39366818513,1.0889914622
