Date,nav,fees,gross_traded_notional,gross_turnover,rebalance
2015-01-02,100000,0,0,0,False
2015-01-05,99330.8938076,0,0,0,False
2015-01-06,99150.5562372,0,0,0,False
2015-01-07,99797.7259352,0,0,0,False
2015-01-08,100525.975101,0,0,0,False
2015-01-09,100419.977378,0,0,0,False
2015-01-12,100329.04007,0,0,0,False
2015-01-13,100316.691327,0,0,0,False
2015-01-14,100233.650579,0,0,0,False
2015-01-15,100555.786239,0,0,0,False
2015-01-16,101152.471632,0,0,0,False
2015-01-20,101440.406678,0,0,0,False
2015-01-21,101707.635528,0,0,0,False
2015-01-22,102460.777218,0,0,0,False
2015-01-23,102203.823542,0,0,0,False
2015-01-26,102378.565423,0,0,0,False
2015-01-27,102111.540518,0,0,0,False
2015-01-28,101528.64475,0,0,0,False
2015-01-29,101737.836833,0,0,0,False
2015-01-30,101301.632502,0,0,0,False
2015-02-02,101829.555354,0,0,0,False
2015-02-03,102302.440326,0,0,0,False
2015-02-04,102124.675105,0,0,0,False
2015-02-05,102607.993946,0,0,0,False
2015-02-06,101548.03856,0,0,0,False
2015-02-09,101328.518114,0,0,0,False
2015-02-10,101660.393467,0,0,0,False
2015-02-11,101411.530376,0,0,0,False
2015-02-12,102144.228047,0,0,0,False
2015-02-13,102388.159504,0,0,0,False
2015-02-17,102091.891953,0,0,0,False
2015-02-18,102409.315994,0,0,0,False
2015-02-19,102186.297442,0,0,0,False
2015-02-20,102545.860013,0,0,0,False
2015-02-23,102573.410352,0,0,0,False
2015-02-24,102897.312944,0,0,0,False
2015-02-25,102941.402622,0,0,0,False
2015-02-26,102698.134309,0,0,0,False
2015-02-27,102771.927362,0,0,0,False
2015-03-02,102750.501082,0,0,0,False
2015-03-03,102415.745033,0,0,0,False
2015-03-04,102096.5692,0,0,0,False
2015-03-05,102182.596255,0,0,0,False
2015-03-06,100717.349671,0,0,0,False
2015-03-09,100968.718768,0,0,0,False
2015-03-10,100083.432256,0,0,0,False
2015-03-11,100104.10869,0,0,0,False
2015-03-12,100800.442549,0,0,0,False
2015-03-13,100400.608437,0,0,0,False
2015-03-16,101166.542143,0,0,0,False
2015-03-17,101059.233398,0,0,0,False
2015-03-18,102514.837424,0,0,0,False
2015-03-19,101957.196846,0,0,0,False
2015-03-20,102992.733155,0,0,0,False
2015-03-23,103094.402047,0,0,0,False
2015-03-24,103015.143279,0,0,0,False
2015-03-25,102228.823546,0,0,0,False
2015-03-26,101877.557867,0,0,0,False
2015-03-27,102034.610833,0,0,0,False
2015-03-30,102470.265811,0,0,0,False
2015-03-31,101990.272287,0,0,0,False
2015-04-01,102380.815762,0,0,0,False
2015-04-02,102626.251826,0,0,0,False
2015-04-06,103273.958159,0,0,0,False
2015-04-07,103060.631945,0,0,0,False
2015-04-08,103279.960631,0,0,0,False
2015-04-09,103221.953982,0,0,0,False
2015-04-10,103512.346381,0,0,0,False
2015-04-13,103223.758605,0,0,0,False
2015-04-14,103443.264126,0,0,0,False
2015-04-15,103787.354399,0,0,0,False
2015-04-16,103849.344717,0,0,0,False
2015-04-17,103275.49794,0,0,0,False
2015-04-20,103447.488531,0,0,0,False
2015-04-21,103598.4905,0,0,0,False
2015-04-22,103581.636836,0,0,0,False
2015-04-23,103920.344879,0,0,0,False
2015-04-24,104073.459213,0,0,0,False
2015-04-27,104217.65787,0,0,0,False
2015-04-28,104280.989104,0,0,0,False
2015-04-29,103678.705968,0,0,0,False
2015-04-30,102873.243152,0,0,0,False
2015-05-01,103246.538114,0,0,0,False
2015-05-04,103394.105304,0,0,0,False
2015-05-05,102613.202507,0,0,0,False
2015-05-06,102278.174903,0,0,0,False
2015-05-07,102431.984076,0,0,0,False
2015-05-08,103516.070337,0,0,0,False
2015-05-11,102781.687998,0,0,0,False
2015-05-12,102784.407337,0,0,0,False
2015-05-13,103034.743736,0,0,0,False
2015-05-14,103830.297328,0,0,0,False
2015-05-15,104212.150967,0,0,0,False
2015-05-18,104013.593679,0,0,0,False
2015-05-19,103654.361247,0,0,0,False
2015-05-20,103735.13945,0,0,0,False
2015-05-21,103984.745234,0,0,0,False
2015-05-22,103769.797489,0,0,0,False
2015-05-26,102997.900919,0,0,0,False
2015-05-27,103501.024781,0,0,0,False
2015-05-28,103353.252607,0,0,0,False
2015-05-29,102919.878547,0,0,0,False
2015-06-01,102858.606939,0,0,0,False
2015-06-02,102728.832978,0,0,0,False
2015-06-03,102544.350762,0,0,0,False
2015-06-04,102036.142963,0,0,0,False
2015-06-05,101498.953485,0,0,0,False
2015-06-08,101361.642485,0,0,0,False
2015-06-09,101115.068099,0,0,0,False
2015-06-10,101905.808929,0,0,0,False
2015-06-11,102223.135861,0,0,0,False
2015-06-12,101821.176271,0,0,0,False
2015-06-15,101613.554885,0,0,0,False
2015-06-16,101890.175189,0,0,0,False
2015-06-17,102029.091526,0,0,0,False
2015-06-18,102722.985832,0,0,0,False
2015-06-19,102572.129519,0,0,0,False
2015-06-22,102699.16385,0,0,0,False
2015-06-23,102636.797985,0,0,0,False
2015-06-24,102263.300723,0,0,0,False
2015-06-25,102033.275717,0,0,0,False
2015-06-26,101890.344681,0,0,0,False
2015-06-29,100867.249431,0,0,0,False
2015-06-30,100862.589418,0,0,0,False
2015-07-01,101132.567271,0,0,0,False
2015-07-02,101246.05573,0,0,0,False
2015-07-06,100898.50978,0,0,0,False
2015-07-07,101038.736881,0,0,0,False
2015-07-08,100058.507339,0,0,0,False
2015-07-09,100287.448419,0,0,0,False
2015-07-10,101158.653478,0,0,0,False
2015-07-13,101486.812279,0,0,0,False
2015-07-14,101807.234523,0,0,0,False
2015-07-15,101731.498415,0,0,0,False
2015-07-16,102201.053836,0,0,0,False
2015-07-17,102088.412595,0,0,0,False
2015-07-20,101788.104865,0,0,0,False
2015-07-21,101650.475284,0,0,0,False
2015-07-22,101383.877714,0,0,0,False
2015-07-23,101117.841184,0,0,0,False
2015-07-24,100661.190071,0,0,0,False
2015-07-27,100306.45542,0,0,0,False
2015-07-28,100881.769566,0,0,0,False
2015-07-29,101208.945481,0,0,0,False
2015-07-30,101094.831027,0,0,0,False
2015-07-31,101418.647016,0,0,0,False
2015-08-03,101189.476862,0,0,0,False
2015-08-04,101004.28538,0,0,0,False
2015-08-05,101039.527338,0,0,0,False
2015-08-06,100793.61711,0,0,0,False
2015-08-07,100842.507126,0,0,0,False
2015-08-10,101512.625264,0,0,0,False
2015-08-11,101101.081593,0,0,0,False
2015-08-12,101076.466194,0,0,0,False
2015-08-13,100870.628257,0,0,0,False
2015-08-14,101025.808042,0,0,0,False
2015-08-17,101235.063265,0,0,0,False
2015-08-18,100913.045057,0,0,0,False
2015-08-19,100713.713049,0,0,0,False
2015-08-20,99816.6319559,0,0,0,False
2015-08-21,98426.387476,0,0,0,False
2015-08-24,96192.8449442,0,0,0,False
2015-08-25,95703.6754191,0,0,0,False
2015-08-26,97092.9328707,0,0,0,False
2015-08-27,98314.0569394,0,0,0,False
2015-08-28,98285.8659045,0,0,0,False
2015-08-31,97793.6999811,0,0,0,False
2015-09-01,96299.4453264,0,0,0,False
2015-09-02,97053.1884778,0,0,0,False
2015-09-03,97111.7735688,0,0,0,False
2015-09-04,96174.438878,0,0,0,False
2015-09-08,97404.6548302,0,0,0,False
2015-09-09,96783.0965913,0,0,0,False
2015-09-10,97056.681384,0,0,0,False
2015-09-11,97331.3371835,0,0,0,False
2015-09-14,97127.8659528,0,0,0,False
2015-09-15,97456.7884849,0,0,0,False
2015-09-16,98179.3568735,0,0,0,False
2015-09-17,98517.5813953,0,0,0,False
2015-09-18,97704.0584752,0,0,0,False
2015-09-21,97702.0551072,0,0,0,False
2015-09-22,96875.9141626,0,0,0,False
2015-09-23,96731.6341457,0,0,0,False
2015-09-24,96767.7630294,0,0,0,False
2015-09-25,96756.4415031,0,0,0,False
2015-09-28,95576.4763238,0,0,0,False
2015-09-29,95688.9382108,0,0,0,False
2015-09-30,96570.5412084,0,0,0,False
2015-10-01,96752.7589518,0,0,0,False
2015-10-02,97901.7584303,0,0,0,False
2015-10-05,98714.1998232,0,0,0,False
2015-10-06,98787.2948719,0,0,0,False
2015-10-07,99317.7789292,0,0,0,False
2015-10-08,99706.1377811,0,0,0,False
2015-10-09,99880.5067675,0,0,0,False
2015-10-12,100022.566787,0,0,0,False
2015-10-13,99586.7432017,0,0,0,False
2015-10-14,99786.5613742,0,0,0,False
2015-10-15,100574.392212,0,0,0,False
2015-10-16,100641.967064,0,0,0,False
2015-10-19,100579.554667,0,0,0,False
2015-10-20,100456.64672,0,0,0,False
2015-10-21,100170.274526,0,0,0,False
2015-10-22,101030.056244,0,0,0,False
2015-10-23,101370.674584,0,0,0,False
2015-10-26,101212.22887,0,0,0,False
2015-10-27,101058.316169,0,0,0,False
2015-10-28,101227.830616,0,0,0,False
2015-10-29,100783.185035,0,0,0,False
2015-10-30,100636.690058,0,0,0,False
2015-11-02,101209.798886,0,0,0,False
2015-11-03,101092.796122,0,0,0,False
2015-11-04,100742.266949,0,0,0,False
2015-11-05,100656.876556,0,0,0,False
2015-11-06,100038.85748,0,0,0,False
2015-11-09,99389.1389556,0,0,0,False
2015-11-10,99534.3560453,0,0,0,False
2015-11-11,99435.0971036,0,0,0,False
2015-11-12,98768.6918908,0,0,0,False
2015-11-13,98254.93698,0,0,0,False
2015-11-16,99080.0879468,0,0,0,False
2015-11-17,98973.727959,0,0,0,False
2015-11-18,99675.9842235,0,0,0,False
2015-11-19,99926.8649167,0,0,0,False
2015-11-20,100043.511181,0,0,0,False
2015-11-23,99839.4086633,0,0,0,False
2015-11-24,99979.5856628,0,0,0,False
2015-11-25,99954.7408117,0,0,0,False
2015-11-27,99832.4171559,0,0,0,False
2015-11-30,99720.5449092,0,0,0,False
2015-12-01,100450.751533,0,0,0,False
2015-12-02,99614.161923,0,0,0,False
2015-12-03,98826.0149723,0,0,0,False
2015-12-04,99951.7288918,0,0,0,False
2015-12-07,99503.6157879,0,0,0,False
2015-12-08,99037.6369457,0,0,0,False
2015-12-09,98696.4169881,0,0,0,False
2015-12-10,98648.9580139,0,0,0,False
2015-12-11,97857.8026837,0,0,0,False
2015-12-14,97810.5495337,0,0,0,False
2015-12-15,98246.7382239,0,0,0,False
2015-12-16,99191.0778164,0,0,0,False
2015-12-17,98373.5259524,0,0,0,False
2015-12-18,97821.3832284,0,0,0,False
2015-12-21,98285.6153806,0,0,0,False
2015-12-22,98623.8553608,0,0,0,False
2015-12-23,99311.31318,0,0,0,False
2015-12-24,99308.231143,0,0,0,False
2015-12-28,99133.7756996,0,0,0,False
2015-12-29,99542.4327561,0,0,0,False
2015-12-30,99088.7304222,0,0,0,False
2015-12-31,98623.2466199,0,0,0,False
2016-01-04,97971.7892104,0,0,0,False
2016-01-05,98140.1346053,0,0,0,False
2016-01-06,97686.9257481,0,0,0,False
2016-01-07,96617.5943404,0,0,0,False
2016-01-08,96055.8319717,0,0,0,False
2016-01-11,95958.1543075,0,0,0,False
2016-01-12,96285.1921522,0,0,0,False
2016-01-13,95379.6010988,0,0,0,False
2016-01-14,95861.389246,0,0,0,False
2016-01-15,94724.4219245,0,0,0,False
2016-01-19,94910.2173858,0,0,0,False
2016-01-20,94219.4486255,0,0,0,False
2016-01-21,94448.2530643,0,0,0,False
2016-01-22,95625.1109851,0,0,0,False
2016-01-25,95028.5533691,0,0,0,False
2016-01-26,95967.0660228,0,0,0,False
2016-01-27,95507.7874148,0,0,0,False
2016-01-28,95671.0112074,0,0,0,False
2016-01-29,97005.043433,0,0,0,False
2016-02-01,96972.7801834,0,0,0,False
2016-02-02,96124.5539709,0,0,0,False
2016-02-03,96646.8441932,0,0,0,False
2016-02-04,96912.0342933,0,0,0,False
2016-02-05,96159.7634447,0,0,0,False
2016-02-08,95634.3535018,0,0,0,False
2016-02-09,95320.7214897,0,0,0,False
2016-02-10,95488.7984368,0,0,0,False
2016-02-11,95315.0152351,0,0,0,False
2016-02-12,95982.6551201,0,0,0,False
2016-02-16,96468.1608972,0,0,0,False
2016-02-17,97314.2581286,0,0,0,False
2016-02-18,97529.3057667,0,0,0,False
2016-02-19,97447.1308489,0,0,0,False
2016-02-22,97997.5394163,0,0,0,False
2016-02-23,97488.1266111,0,0,0,False
2016-02-24,97625.4610851,0,0,0,False
2016-02-25,98373.7495915,0,0,0,False
2016-02-26,98024.3121719,0,0,0,False
2016-02-29,97933.0887404,0,0,0,False
2016-03-01,99015.4785188,0,0,0,False
2016-03-02,99396.0196114,0,0,0,False
2016-03-03,99962.3818091,0,0,0,False
2016-03-04,100164.651277,0,0,0,False
2016-03-07,100186.291376,0,0,0,False
2016-03-08,99653.7383951,0,0,0,False
2016-03-09,99775.0043034,0,0,0,False
2016-03-10,99880.6676836,0,0,0,False
2016-03-11,100687.21972,0,0,0,False
2016-03-14,100469.730465,0,0,0,False
2016-03-15,100178.055297,0,0,0,False
2016-03-16,101082.190137,0,0,0,False
2016-03-17,101597.269315,0,0,0,False
2016-03-18,101722.648742,0,0,0,False
2016-03-21,101561.434757,0,0,0,False
2016-03-22,101491.630487,0,0,0,False
2016-03-23,100893.24393,0,0,0,False
2016-03-24,100735.872351,0,0,0,False
2016-03-28,100962.82337,0,0,0,False
2016-03-29,101948.073599,0,0,0,False
2016-03-30,102070.222478,0,0,0,False
2016-03-31,102047.502688,0,0,0,False
2016-04-01,102019.329372,0,0,0,False
2016-04-04,101788.005801,0,0,0,False
2016-04-05,101297.565233,0,0,0,False
2016-04-06,101827.309509,0,0,0,False
2016-04-07,101389.751309,0,0,0,False
2016-04-08,101785.489442,0,0,0,False
2016-04-11,101914.064138,0,0,0,False
2016-04-12,102432.58135,0,0,0,False
2016-04-13,102948.724253,0,0,0,False
2016-04-14,102695.769424,0,0,0,False
2016-04-15,102811.343449,0,0,0,False
2016-04-18,103177.783844,0,0,0,False
2016-04-19,103763.584189,0,0,0,False
2016-04-20,103497.774681,0,0,0,False
2016-04-21,103081.104738,0,0,0,False
2016-04-22,102961.234564,0,0,0,False
2016-04-25,102838.675098,0,0,0,False
2016-04-26,103024.103922,0,0,0,False
2016-04-27,103317.128634,0,0,0,False
2016-04-28,103078.962716,0,0,0,False
2016-04-29,103003.049868,0,0,0,False
2016-05-02,103348.050222,0,0,0,False
2016-05-03,102781.639103,0,0,0,False
2016-05-04,102410.779288,0,0,0,False
2016-05-05,102493.239462,0,0,0,False
2016-05-06,102731.110162,0,0,0,False
2016-05-09,102515.563189,0,0,0,False
2016-05-10,103254.174765,0,0,0,False
2016-05-11,102839.196943,0,0,0,False
2016-05-12,102724.119799,0,0,0,False
2016-05-13,102303.589505,0,0,0,False
2016-05-16,102815.828529,0,0,0,False
2016-05-17,102318.932863,0,0,0,False
2016-05-18,101795.870053,0,0,0,False
2016-05-19,101481.140124,0,0,0,False
2016-05-20,101901.656282,0,0,0,False
2016-05-23,101777.79741,0,0,0,False
2016-05-24,102258.285307,0,0,0,False
2016-05-25,102641.890786,0,0,0,False
2016-05-26,102766.786439,0,0,0,False
2016-05-27,102793.808508,0,0,0,False
2016-05-31,102748.165012,0,0,0,False
2016-06-01,102771.494254,0,0,0,False
2016-06-02,103013.13143,0,0,0,False
2016-06-03,103653.772158,0,0,0,False
2016-06-06,103866.270778,0,0,0,False
2016-06-07,104146.885635,0,0,0,False
2016-06-08,104558.24447,0,0,0,False
2016-06-09,104373.603317,0,0,0,False
2016-06-10,103628.645457,0,0,0,False
2016-06-13,103227.796268,0,0,0,False
2016-06-14,102918.376414,0,0,0,False
2016-06-15,103244.134364,0,0,0,False
2016-06-16,103261.885652,0,0,0,False
2016-06-17,103366.916957,0,0,0,False
2016-06-20,103796.812527,0,0,0,False
2016-06-21,103794.910863,0,0,0,False
2016-06-22,103770.282247,0,0,0,False
2016-06-23,104560.530513,0,0,0,False
2016-06-24,102649.745323,0,0,0,False
2016-06-27,102037.176485,0,0,0,False
2016-06-28,103113.147971,0,0,0,False
2016-06-29,104048.382185,0,0,0,False
2016-06-30,104889.050733,0,0,0,False
2016-07-01,105309.28194,0,0,0,False
2016-07-05,104979.287732,0,0,0,False
2016-07-06,105267.010038,0,0,0,False
2016-07-07,105022.69486,0,0,0,False
2016-07-08,106019.003161,0,0,0,False
2016-07-11,106161.149228,0,0,0,False
2016-07-12,106340.839689,0,0,0,False
2016-07-13,106520.008131,0,0,0,False
2016-07-14,106678.835304,0,0,0,False
2016-07-15,106377.855413,0,0,0,False
2016-07-18,106570.83764,0,0,0,False
2016-07-19,106490.804335,0,0,0,False
2016-07-20,106550.309082,0,0,0,False
2016-07-21,106600.391624,0,0,0,False
2016-07-22,106745.291369,0,0,0,False
2016-07-25,106459.684211,0,0,0,False
2016-07-26,106607.530235,0,0,0,False
2016-07-27,106906.589693,0,0,0,False
2016-07-28,106974.474854,0,0,0,False
2016-07-29,107528.386663,0,0,0,False
2016-08-01,107311.120062,0,0,0,False
2016-08-02,106883.322384,0,0,0,False
2016-08-03,106900.751432,0,0,0,False
2016-08-04,107129.009827,0,0,0,False
2016-08-05,107152.346557,0,0,0,False
2016-08-08,107225.904154,0,0,0,False
2016-08-09,107586.200431,0,0,0,False
2016-08-10,107648.142586,0,0,0,False
2016-08-11,107707.56856,0,0,0,False
2016-08-12,107721.401857,0,0,0,False
2016-08-15,107887.815215,0,0,0,False
2016-08-16,107600.708699,0,0,0,False
2016-08-17,107742.533418,0,0,0,False
2016-08-18,108026.713201,0,0,0,False
2016-08-19,107602.717657,0,0,0,False
2016-08-22,107631.941314,0,0,0,False
2016-08-23,107753.228013,0,0,0,False
2016-08-24,107384.070481,0,0,0,False
2016-08-25,107283.727101,0,0,0,False
2016-08-26,106906.11267,0,0,0,False
2016-08-29,107362.004339,0,0,0,False
2016-08-30,107127.547769,0,0,0,False
2016-08-31,106901.265052,0,0,0,False
2016-09-01,107128.461401,0,0,0,False
2016-09-02,107608.838851,0,0,0,False
2016-09-06,108297.244189,0,0,0,False
2016-09-07,108307.837028,0,0,0,False
2016-09-08,107912.26933,0,0,0,False
2016-09-09,106148.824452,0,0,0,False
2016-09-12,106851.391078,0,0,0,False
2016-09-13,105595.129608,0,0,0,False
2016-09-14,105705.913311,0,0,0,False
2016-09-15,106202.159823,0,0,0,False
2016-09-16,105866.015968,0,0,0,False
2016-09-19,106044.88658,0,0,0,False
2016-09-20,106139.80885,0,0,0,False
2016-09-21,107241.967844,0,0,0,False
2016-09-22,107853.229384,0,0,0,False
2016-09-23,107494.225222,0,0,0,False
2016-09-26,107094.64694,0,0,0,False
2016-09-27,107329.706111,0,0,0,False
2016-09-28,107697.774969,0,0,0,False
2016-09-29,107040.946078,0,0,0,False
2016-09-30,107300.21513,0,0,0,False
2016-10-03,107037.934973,0,0,0,False
2016-10-04,106171.392143,0,0,0,False
2016-10-05,106286.304858,0,0,0,False
2016-10-06,106109.508362,0,0,0,False
2016-10-07,105895.652946,0,0,0,False
2016-10-10,106187.714509,0,0,0,False
2016-10-11,105309.690164,0,0,0,False
2016-10-12,105409.36895,0,0,0,False
2016-10-13,105359.290664,0,0,0,False
2016-10-14,105245.226175,0,0,0,False
2016-10-17,105221.126682,0,0,0,False
2016-10-18,105831.046912,0,0,0,False
2016-10-19,106093.875752,0,0,0,False
2016-10-20,105956.551151,0,0,0,False
2016-10-21,105957.967009,0,0,0,False
2016-10-24,106033.956993,0,0,0,False
2016-10-25,105984.632835,0,0,0,False
2016-10-26,105606.377761,0,0,0,False
2016-10-27,105231.494331,0,0,0,False
2016-10-28,105169.980398,0,0,0,False
2016-10-31,105360.569847,0,0,0,False
2016-11-01,104991.474972,0,0,0,False
2016-11-02,104691.71929,0,0,0,False
2016-11-03,104494.257204,0,0,0,False
2016-11-04,104420.296907,0,0,0,False
2016-11-07,105307.746214,0,0,0,False
2016-11-08,105416.337941,0,0,0,False
2016-11-09,105120.054053,0,0,0,False
2016-11-10,104607.131232,0,0,0,False
2016-11-11,104047.094377,0,0,0,False
2016-11-14,103834.43914,0,0,0,False
2016-11-15,104333.217009,0,0,0,False
2016-11-16,104114.815064,0,0,0,False
2016-11-17,104149.126096,0,0,0,False
2016-11-18,103736.520623,0,0,0,False
2016-11-21,104222.484822,0,0,0,False
2016-11-22,104504.728887,0,0,0,False
2016-11-23,104073.316996,0,0,0,False
2016-11-25,104206.578335,0,0,0,False
2016-11-28,104273.152761,0,0,0,False
2016-11-29,104466.512603,0,0,0,False
2016-11-30,104032.121618,0,0,0,False
2016-12-01,103601.127286,0,0,0,False
2016-12-02,103871.06823,0,0,0,False
2016-12-05,104226.053523,0,0,0,False
2016-12-06,104490.723676,0,0,0,False
2016-12-07,105434.21427,0,0,0,False
2016-12-08,105485.124017,0,0,0,False
2016-12-09,105467.529163,0,0,0,False
2016-12-12,105392.79247,0,0,0,False
2016-12-13,105829.18063,0,0,0,False
2016-12-14,104651.087519,0,0,0,False
2016-12-15,104541.771321,0,0,0,False
2016-12-16,104614.32242,0,0,0,False
2016-12-19,104870.161812,0,0,0,False
2016-12-20,104950.967188,0,0,0,False
2016-12-21,104835.784804,0,0,0,False
2016-12-22,104669.674402,0,0,0,False
2016-12-23,104841.389638,0,0,0,False
2016-12-27,104962.714181,0,0,0,False
2016-12-28,104753.973193,0,0,0,False
2016-12-29,105166.488004,0,0,0,False
2016-12-30,105143.234483,0,0,0,False
2017-01-03,105666.953146,0,0,0,False
2017-01-04,106248.032149,0,0,0,False
2017-01-05,106748.505227,0,0,0,False
2017-01-06,106580.145436,0,0,0,False
2017-01-09,106531.404596,0,0,0,False
2017-01-10,106563.422691,0,0,0,False
2017-01-11,106862.719016,0,0,0,False
2017-01-12,106882.368965,0,0,0,False
2017-01-13,106966.101816,0,0,0,False
2017-01-17,107121.116466,0,0,0,False
2017-01-18,106842.697363,0,0,0,False
2017-01-19,106510.57878,0,0,0,False
2017-01-20,106798.620872,0,0,0,False
2017-01-23,107053.20863,0,0,0,False
2017-01-24,107253.475227,0,0,0,False
2017-01-25,107511.393769,0,0,0,False
2017-01-26,107333.906136,0,0,0,False
2017-01-27,107251.19811,0,0,0,False
2017-01-30,106886.858727,0,0,0,False
2017-01-31,107214.248389,0,0,0,False
2017-02-01,107137.72117,0,0,0,False
2017-02-02,107339.466715,0,0,0,False
2017-02-03,107741.417817,0,0,0,False
2017-02-06,107797.571015,0,0,0,False
2017-02-07,107764.655487,0,0,0,False
2017-02-08,108095.92527,0,0,0,False
2017-02-09,108202.308955,0,0,0,False
2017-02-10,108506.410336,0,0,0,False
2017-02-13,108655.019502,0,0,0,False
2017-02-14,108683.469663,0,0,0,False
2017-02-15,108948.912714,0,0,0,False
2017-02-16,109109.980524,0,0,0,False
2017-02-17,109154.363511,0,0,0,False
2017-02-21,109551.881863,0,0,0,False
2017-02-22,109555.424342,0,0,0,False
2017-02-23,109805.203134,0,0,0,False
2017-02-24,109887.555843,0,0,0,False
2017-02-27,109820.894903,0,0,0,False
2017-02-28,109600.015848,0,0,0,False
2017-03-01,110110.522844,0,0,0,False
2017-03-02,109441.966569,0,0,0,False
2017-03-03,109597.727909,0,0,0,False
2017-03-06,109331.436717,0,0,0,False
2017-03-07,109028.487129,0,0,0,False
2017-03-08,108553.873692,0,0,0,False
2017-03-09,108384.841043,0,0,0,False
2017-03-10,108747.293543,0,0,0,False
2017-03-13,108850.495332,0,0,0,False
2017-03-14,108519.309539,0,0,0,False
2017-03-15,109754.028007,0,0,0,False
2017-03-16,109762.639548,0,0,0,False
2017-03-17,109849.371493,0,0,0,False
2017-03-20,109956.737897,0,0,0,False
2017-03-21,109475.564947,0,0,0,False
2017-03-22,109685.430551,0,0,0,False
2017-03-23,109711.4826,0,0,0,False
2017-03-24,109756.787947,0,0,0,False
2017-03-27,109836.280886,0,0,0,False
2017-03-28,110066.316755,0,0,0,False
2017-03-29,110269.675769,0,0,0,False
2017-03-30,110144.675513,0,0,0,False
2017-03-31,110100.823263,0,0,0,False
2017-04-03,110273.898056,0,0,0,False
2017-04-04,110284.423639,0,0,0,False
2017-04-05,110139.541681,0,0,0,False
2017-04-06,110223.192321,0,0,0,False
2017-04-07,110099.070267,0,0,0,False
2017-04-10,110177.857352,0,0,0,False
2017-04-11,110515.664331,0,0,0,False
2017-04-12,110524.464051,0,0,0,False
2017-04-13,110261.928412,0,0,0,False
2017-04-17,110754.262825,0,0,0,False
2017-04-18,110708.211477,0,0,0,False
2017-04-19,110354.539018,0,0,0,False
2017-04-20,110807.562834,0,0,0,False
2017-04-21,110709.336461,0,0,0,False
2017-04-24,111340.532452,0,0,0,False
2017-04-25,111484.879806,0,0,0,False
2017-04-26,111452.925933,0,0,0,False
2017-04-27,111467.842371,0,0,0,False
2017-04-28,111428.231164,0,0,0,False
2017-05-01,111430.476313,0,0,0,False
2017-05-02,111611.776556,0,0,0,False
2017-05-03,111199.047876,0,0,0,False
2017-05-04,111115.907294,0,0,0,False
2017-05-05,111544.676469,0,0,0,False
2017-05-08,111277.475187,0,0,0,False
2017-05-09,111169.238975,0,0,0,False
2017-05-10,111348.738609,0,0,0,False
2017-05-11,111271.500988,0,0,0,False
2017-05-12,111460.462952,0,0,0,False
2017-05-15,111829.877165,0,0,0,False
2017-05-16,111942.570984,0,0,0,False
2017-05-17,111426.526665,0,0,0,False
2017-05-18,111443.282252,0,0,0,False
2017-05-19,112060.02175,0,0,0,False
2017-05-22,112322.222646,0,0,0,False
2017-05-23,112246.382312,0,0,0,False
2017-05-24,112535.941669,0,0,0,False
2017-05-25,112732.188409,0,0,0,False
2017-05-26,112755.569589,0,0,0,False
2017-05-30,112692.60153,0,0,0,False
2017-05-31,112749.934267,0,0,0,False
2017-06-01,113222.272903,0,0,0,False
2017-06-02,113803.820635,0,0,0,False
2017-06-05,113622.605683,0,0,0,False
2017-06-06,113639.811661,0,0,0,False
2017-06-07,113616.886939,0,0,0,False
2017-06-08,113493.784018,0,0,0,False
2017-06-09,113246.124713,0,0,0,False
2017-06-12,113184.870113,0,0,0,False
2017-06-13,113586.240291,0,0,0,False
2017-06-14,113586.783454,0,0,0,False
2017-06-15,113203.640751,0,0,0,False
2017-06-16,113396.742937,0,0,0,False
2017-06-19,113663.560828,0,0,0,False
2017-06-20,113212.848675,0,0,0,False
2017-06-21,113237.390283,0,0,0,False
2017-06-22,113351.580792,0,0,0,False
2017-06-23,113530.090477,0,0,0,False
2017-06-26,113629.710987,0,0,0,False
2017-06-27,113114.724058,0,0,0,False
2017-06-28,113660.80197,0,0,0,False
2017-06-29,112874.529841,0,0,0,False
2017-06-30,112936.067661,0,0,0,False
2017-07-03,112807.378902,0,0,0,False
2017-07-05,112877.079904,0,0,0,False
2017-07-06,112185.372544,0,0,0,False
2017-07-07,112356.286119,0,0,0,False
2017-07-10,112452.372893,0,0,0,False
2017-07-11,112575.879273,0,0,0,False
2017-07-12,113331.376036,0,0,0,False
2017-07-13,113416.630454,0,0,0,False
2017-07-14,113950.211833,0,0,0,False
2017-07-17,114009.666034,0,0,0,False
2017-07-18,114238.282908,0,0,0,False
2017-07-19,114633.282274,0,0,0,False
2017-07-20,114681.72325,0,0,0,False
2017-07-21,114736.97377,0,0,0,False
2017-07-24,114682.482756,0,0,0,False
2017-07-25,114597.427282,0,0,0,False
2017-07-26,114968.439304,0,0,0,False
2017-07-27,114782.703949,0,0,0,False
2017-07-28,114912.434511,0,0,0,False
2017-07-31,114944.908617,0,0,0,False
2017-08-01,115261.662089,0,0,0,False
2017-08-02,115183.127311,0,0,0,False
2017-08-03,115160.241047,0,0,0,False
2017-08-04,115135.89336,0,0,0,False
2017-08-07,115256.735771,0,0,0,False
2017-08-08,115039.88356,0,0,0,False
2017-08-09,115108.762528,0,0,0,False
2017-08-10,114288.719099,0,0,0,False
2017-08-11,114399.616676,0,0,0,False
2017-08-14,114905.984835,0,0,0,False
2017-08-15,114703.10769,0,0,0,False
2017-08-16,115118.187253,0,0,0,False
2017-08-17,114347.172815,0,0,0,False
2017-08-18,114297.928919,0,0,0,False
2017-08-21,114470.053302,0,0,0,False
2017-08-22,114890.734738,0,0,0,False
2017-08-23,114988.768278,0,0,0,False
2017-08-24,114785.423044,0,0,0,False
2017-08-25,115138.138972,0,0,0,False
2017-08-28,115287.706759,0,0,0,False
2017-08-29,115275.389725,0,0,0,False
2017-08-30,115447.045001,0,0,0,False
2017-08-31,116068.115608,0,0,0,False
2017-09-01,116148.230362,0,0,0,False
2017-09-05,115997.944498,0,0,0,False
2017-09-06,116205.581843,0,0,0,False
2017-09-07,116653.080761,0,0,0,False
2017-09-08,116523.840165,0,0,0,False
2017-09-11,116892.536917,0,0,0,False
2017-09-12,116948.477238,0,0,0,False
2017-09-13,116690.216135,0,0,0,False
2017-09-14,116858.69958,0,0,0,False
2017-09-15,116921.15036,0,0,0,False
2017-09-18,116840.684506,0,0,0,False
2017-09-19,116930.282855,0,0,0,False
2017-09-20,116723.137426,0,0,0,False
2017-09-21,116472.246205,0,0,0,False
2017-09-22,116542.784576,0,0,0,False
2017-09-25,116512.822459,0,0,0,False
2017-09-26,116332.781629,0,0,0,False
2017-09-27,116190.911907,0,0,0,False
2017-09-28,116354.85574,0,0,0,False
2017-09-29,116572.942309,0,0,0,False
2017-10-02,116640.105612,0,0,0,False
2017-10-03,116912.627483,0,0,0,False
2017-10-04,116985.603059,0,0,0,False
2017-10-05,117175.609678,0,0,0,False
2017-10-06,117069.799748,0,0,0,False
2017-10-09,117136.260372,0,0,0,False
2017-10-10,117530.494351,0,0,0,False
2017-10-11,117749.878036,0,0,0,False
2017-10-12,117781.402094,0,0,0,False
2017-10-13,118169.996411,0,0,0,False
2017-10-16,118045.747074,0,0,0,False
2017-10-17,117912.468511,0,0,0,False
2017-10-18,117878.552637,0,0,0,False
2017-10-19,117889.254484,0,0,0,False
2017-10-20,117873.471951,0,0,0,False
2017-10-23,117645.639871,0,0,0,False
2017-10-24,117615.800314,0,0,0,False
2017-10-25,117278.210841,0,0,0,False
2017-10-26,117101.249631,0,0,0,False
2017-10-27,117742.304593,0,0,0,False
2017-10-30,117712.699203,0,0,0,False
2017-10-31,117835.368641,0,0,0,False
2017-11-01,118032.771182,0,0,0,False
2017-11-02,118193.979973,0,0,0,False
2017-11-03,118249.757619,0,0,0,False
2017-11-06,118573.908424,0,0,0,False
2017-11-07,118468.34976,0,0,0,False
2017-11-08,118675.658109,0,0,0,False
2017-11-09,118407.879731,0,0,0,False
2017-11-10,118081.962337,0,0,0,False
2017-11-13,118073.322282,0,0,0,False
2017-11-14,117974.842099,0,0,0,False
2017-11-15,117657.397391,0,0,0,False
2017-11-16,118266.84524,0,0,0,False
2017-11-17,118259.387784,0,0,0,False
2017-11-20,118198.500573,0,0,0,False
2017-11-21,118765.316959,0,0,0,False
2017-11-22,118985.991635,0,0,0,False
2017-11-24,119137.094448,0,0,0,False
2017-11-27,118955.995815,0,0,0,False
2017-11-28,119473.022358,0,0,0,False
2017-11-29,119115.207583,0,0,0,False
2017-11-30,119323.070907,0,0,0,False
2017-12-01,119299.105094,0,0,0,False
2017-12-04,119123.049351,0,0,0,False
2017-12-05,118852.696638,0,0,0,False
2017-12-06,118720.782732,0,0,0,False
2017-12-07,118735.967598,0,0,0,False
2017-12-08,119144.412628,0,0,0,False
2017-12-11,119285.433816,0,0,0,False
2017-12-12,119353.107941,0,0,0,False
2017-12-13,119706.514355,0,0,0,False
2017-12-14,119389.202417,0,0,0,False
2017-12-15,119796.157052,0,0,0,False
2017-12-18,120362.422455,0,0,0,False
2017-12-19,119884.465296,0,0,0,False
2017-12-20,119723.141415,0,0,0,False
2017-12-21,119963.32404,0,0,0,False
2017-12-22,120161.76312,0,0,0,False
2017-12-26,120250.504542,0,0,0,False
2017-12-27,120508.461454,0,0,0,False
2017-12-28,120742.977976,0,0,0,False
2017-12-29,120744.434495,0,0,0,False
2018-01-02,121349.708287,0,0,0,False
2018-01-03,121769.123225,0,0,0,False
2018-01-04,122104.422245,0,0,0,False
2018-01-05,122502.333964,0,0,0,False
2018-01-08,122583.650213,0,0,0,False
2018-01-09,122447.396245,0,0,0,False
2018-01-10,122260.487113,0,0,0,False
2018-01-11,122772.035892,0,0,0,False
2018-01-12,123395.462641,0,0,0,False
2018-01-16,123241.812816,0,0,0,False
2018-01-17,123751.186883,0,0,0,False
2018-01-18,123462.247349,0,0,0,False
2018-01-19,123811.454558,0,0,0,False
2018-01-22,124384.186342,0,0,0,False
2018-01-23,124786.602286,0,0,0,False
2018-01-24,124959.494293,0,0,0,False
2018-01-25,124881.467358,0,0,0,False
2018-01-26,125572.515682,0,0,0,False
2018-01-29,124764.691557,0,0,0,False
2018-01-30,123910.590707,0,0,0,False
2018-01-31,124139.092756,0,0,0,False
2018-02-01,123850.29575,0,0,0,False
2018-02-02,122004.464046,0,0,0,False
2018-02-05,119243.704713,0,0,0,False
2018-02-06,120340.902887,0,0,0,False
2018-02-07,119501.325684,0,0,0,False
2018-02-08,117084.86162,0,0,0,False
2018-02-09,117954.528748,0,0,0,False
2018-02-12,118949.906385,0,0,0,False
2018-02-13,119152.382047,0,0,0,False
2018-02-14,120233.635857,0,0,0,False
2018-02-15,121109.348865,0,0,0,False
2018-02-16,121231.263839,0,0,0,False
2018-02-20,120458.29012,0,0,0,False
2018-02-21,119903.285162,0,0,0,False
2018-02-22,120182.413771,0,0,0,False
2018-02-23,121331.43757,0,0,0,False
2018-02-26,122121.529159,0,0,0,False
2018-02-27,120771.930062,0,0,0,False
2018-02-28,120124.281809,0,0,0,False
2018-03-01,119316.069001,0,0,0,False
2018-03-02,119584.671976,0,0,0,False
2018-03-05,120175.93951,0,0,0,False
2018-03-06,120607.020699,0,0,0,False
2018-03-07,120525.345547,0,0,0,False
2018-03-08,120833.352744,0,0,0,False
2018-03-09,121803.483606,0,0,0,False
2018-03-12,121864.916156,0,0,0,False
2018-03-13,121473.90082,0,0,0,False
2018-03-14,121353.754261,0,0,0,False
2018-03-15,121203.757447,0,0,0,False
2018-03-16,121181.466396,0,0,0,False
2018-03-19,120324.365651,0,0,0,False
2018-03-20,120341.49872,0,0,0,False
2018-03-21,120511.32839,0,0,0,False
2018-03-22,118915.485185,0,0,0,False
2018-03-23,117779.56087,0,0,0,False
2018-03-26,119476.988952,0,0,0,False
2018-03-27,118609.615736,0,0,0,False
2018-03-28,118522.156581,0,0,0,False
2018-03-29,119455.377373,0,0,0,False
2018-04-02,118240.117528,0,0,0,False
2018-04-03,118864.619191,0,0,0,False
2018-04-04,119431.02381,0,0,0,False
2018-04-05,119783.638405,0,0,0,False
2018-04-06,118714.821474,0,0,0,False
2018-04-09,119114.091429,0,0,0,False
2018-04-10,120077.130656,0,0,0,False
2018-04-11,119917.963811,0,0,0,False
2018-04-12,120047.406277,0,0,0,False
2018-04-13,119998.403382,0,0,0,False
2018-04-16,120420.717832,0,0,0,False
2018-04-17,121063.94348,0,0,0,False
2018-04-18,121146.47718,0,0,0,False
2018-04-19,120599.608061,0,0,0,False
2018-04-20,119831.075103,0,0,0,False
2018-04-23,119646.715558,0,0,0,False
2018-04-24,118990.656256,0,0,0,False
2018-04-25,118862.927795,0,0,0,False
2018-04-26,119595.616877,0,0,0,False
2018-04-27,119884.937411,0,0,0,False
2018-04-30,119336.630278,0,0,0,False
2018-05-01,119279.493518,0,0,0,False
2018-05-02,118918.500251,0,0,0,False
2018-05-03,118955.863683,0,0,0,False
2018-05-04,119687.613076,0,0,0,False
2018-05-07,119832.178605,0,0,0,False
2018-05-08,119788.414779,0,0,0,False
2018-05-09,120223.555518,0,0,0,False
2018-05-10,121074.521871,0,0,0,False
2018-05-11,121197.338266,0,0,0,False
2018-05-14,121125.558898,0,0,0,False
2018-05-15,120117.208777,0,0,0,False
2018-05-16,120358.963463,0,0,0,False
2018-05-17,120197.947264,0,0,0,False
2018-05-18,120081.796928,0,0,0,False
2018-05-21,120645.78719,0,0,0,False
2018-05-22,120534.166457,0,0,0,False
2018-05-23,120619.008776,0,0,0,False
2018-05-24,120614.121996,0,0,0,False
2018-05-25,120496.896845,0,0,0,False
2018-05-29,119781.460054,0,0,0,False
2018-05-30,120652.345125,0,0,0,False
2018-05-31,120232.37682,0,0,0,False
2018-06-01,120759.152585,0,0,0,False
2018-06-04,121055.237532,0,0,0,False
2018-06-05,121090.52716,0,0,0,False
2018-06-06,121623.799793,0,0,0,False
2018-06-07,121508.588253,0,0,0,False
2018-06-08,121648.238533,0,0,0,False
2018-06-11,121803.382705,0,0,0,False
2018-06-12,121726.621795,0,0,0,False
2018-06-13,121439.157925,0,0,0,False
2018-06-14,121635.066959,0,0,0,False
2018-06-15,121246.973662,0,0,0,False
2018-06-18,120947.181702,0,0,0,False
2018-06-19,120527.630499,0,0,0,False
2018-06-20,120587.655826,0,0,0,False
2018-06-21,120153.049518,0,0,0,False
2018-06-22,120581.010465,0,0,0,False
2018-06-25,119599.249304,0,0,0,False
2018-06-26,119700.793632,0,0,0,False
2018-06-27,119060.203097,0,0,0,False
2018-06-28,119421.613322,0,0,0,False
2018-06-29,119781.108772,0,0,0,False
2018-07-02,119444.261562,0,0,0,False
2018-07-03,119567.223883,0,0,0,False
2018-07-05,120157.166857,0,0,0,False
2018-07-06,120769.694654,0,0,0,False
2018-07-09,121358.663791,0,0,0,False
2018-07-10,121492.730492,0,0,0,False
2018-07-11,120629.867712,0,0,0,False
2018-07-12,121341.109107,0,0,0,False
2018-07-13,121416.470128,0,0,0,False
2018-07-16,121257.621953,0,0,0,False
2018-07-17,121331.760712,0,0,0,False
2018-07-18,121382.310159,0,0,0,False
2018-07-19,121159.583305,0,0,0,False
2018-07-20,121220.101763,0,0,0,False
2018-07-23,121043.821912,0,0,0,False
2018-07-24,121485.981419,0,0,0,False
2018-07-25,122199.692605,0,0,0,False
2018-07-26,121867.32965,0,0,0,False
2018-07-27,121607.224057,0,0,0,False
2018-07-30,121305.852839,0,0,0,False
2018-07-31,121731.900396,0,0,0,False
2018-08-01,121454.644282,0,0,0,False
2018-08-02,121424.56562,0,0,0,False
2018-08-03,121857.414634,0,0,0,False
2018-08-06,121842.285076,0,0,0,False
2018-08-07,122108.99326,0,0,0,False
2018-08-08,122075.64933,0,0,0,False
2018-08-09,122028.867545,0,0,0,False
2018-08-10,121306.836434,0,0,0,False
2018-08-13,120799.381596,0,0,0,False
2018-08-14,121143.600976,0,0,0,False
2018-08-15,120299.784004,0,0,0,False
2018-08-16,120869.671065,0,0,0,False
2018-08-17,121360.961197,0,0,0,False
2018-08-20,121697.988051,0,0,0,False
2018-08-21,121946.381619,0,0,0,False
2018-08-22,122083.833473,0,0,0,False
2018-08-23,121674.788783,0,0,0,False
2018-08-24,122409.09787,0,0,0,False
2018-08-27,123077.921803,0,0,0,False
2018-08-28,122953.073195,0,0,0,False
2018-08-29,123376.38263,0,0,0,False
2018-08-30,122808.628484,0,0,0,False
2018-08-31,122735.451324,0,0,0,False
2018-09-04,122162.11128,0,0,0,False
2018-09-05,121890.012115,0,0,0,False
2018-09-06,121782.500613,0,0,0,False
2018-09-07,121291.95811,0,0,0,False
2018-09-10,121451.918091,0,0,0,False
2018-09-11,121555.776415,0,0,0,False
2018-09-12,121797.404312,0,0,0,False
2018-09-13,122252.94837,0,0,0,False
2018-09-14,122123.250892,0,0,0,False
2018-09-17,121929.449951,0,0,0,False
2018-09-18,122271.889902,0,0,0,False
2018-09-19,122370.296727,0,0,0,False
2018-09-20,123118.431212,0,0,0,False
2018-09-21,123054.14939,0,0,0,False
2018-09-24,122603.300318,0,0,0,False
2018-09-25,122684.072498,0,0,0,False
2018-09-26,122536.061404,0,0,0,False
2018-09-27,122582.264362,0,0,0,False
2018-09-28,122533.762351,0,0,0,False
2018-10-01,122638.091002,0,0,0,False
2018-10-02,122585.457655,0,0,0,False
2018-10-03,122232.120923,0,0,0,False
2018-10-04,121361.093208,0,0,0,False
2018-10-05,120929.43657,0,0,0,False
2018-10-08,120801.449975,0,0,0,False
2018-10-09,120731.633727,0,0,0,False
2018-10-10,118661.65965,0,0,0,False
2018-10-11,117602.970195,0,0,0,False
2018-10-12,118343.245115,0,0,0,False
2018-10-15,118114.925719,0,0,0,False
2018-10-16,119597.5312,0,0,0,False
2018-10-17,119323.556944,0,0,0,False
2018-10-18,118258.89036,0,0,0,False
2018-10-19,118398.398109,0,0,0,False
2018-10-22,118065.944707,0,0,0,False
2018-10-23,117748.450132,0,0,0,False
2018-10-24,116003.455476,0,0,0,False
2018-10-25,117025.195405,0,0,0,False
2018-10-26,116106.958353,0,0,0,False
2018-10-29,115704.823747,0,0,0,False
2018-10-30,116603.258214,0,0,0,False
2018-10-31,117084.347573,0,0,0,False
2018-11-01,118168.164125,0,0,0,False
2018-11-02,117803.042692,0,0,0,False
2018-11-05,118143.065298,0,0,0,False
2018-11-06,118475.922041,0,0,0,False
2018-11-07,119810.138724,0,0,0,False
2018-11-08,119336.177402,0,0,0,False
2018-11-09,118646.243553,0,0,0,False
2018-11-12,117467.860633,0,0,0,False
2018-11-13,117526.511436,0,0,0,False
2018-11-14,117385.399373,0,0,0,False
2018-11-15,118001.727479,0,0,0,False
2018-11-16,118373.113109,0,0,0,False
2018-11-19,117453.528367,0,0,0,False
2018-11-20,116155.644803,0,0,0,False
2018-11-21,116681.437639,0,0,0,False
2018-11-23,116203.423126,0,0,0,False
2018-11-26,117125.833164,0,0,0,False
2018-11-27,117219.480596,0,0,0,False
2018-11-28,118703.844693,0,0,0,False
2018-11-29,118587.043308,0,0,0,False
2018-11-30,118833.356483,0,0,0,False
2018-12-03,119926.444999,0,0,0,False
2018-12-04,118040.827708,0,0,0,False
2018-12-06,117992.082025,0,0,0,False
2018-12-07,116785.434888,0,0,0,False
2018-12-10,116588.458485,0,0,0,False
2018-12-11,116619.53941,0,0,0,False
2018-12-12,117055.350332,0,0,0,False
2018-12-13,117041.993295,0,0,0,False
2018-12-14,115936.396835,0,0,0,False
2018-12-17,114857.124147,0,0,0,False
2018-12-18,115047.237287,0,0,0,False
2018-12-19,114116.447563,0,0,0,False
2018-12-20,113479.259957,0,0,0,False
2018-12-21,112191.319245,0,0,0,False
2018-12-24,110937.214904,0,0,0,False
2018-12-26,113352.166707,0,0,0,False
2018-12-27,113792.707634,0,0,0,False
2018-12-28,114097.878304,0,0,0,False
2018-12-31,114595.58778,0,0,0,False
2019-01-02,114574.268102,0,0,0,False
2019-01-03,113747.363468,0,0,0,False
2019-01-04,115528.667992,0,0,0,False
2019-01-07,115929.297088,0,0,0,False
2019-01-08,116504.315355,0,0,0,False
2019-01-09,117075.334857,0,0,0,False
2019-01-10,117303.850746,0,0,0,False
2019-01-11,117286.608588,0,0,0,False
2019-01-14,116868.805554,0,0,0,False
2019-01-15,117503.69487,0,0,0,False
2019-01-16,117797.365591,0,0,0,False
2019-01-17,118169.362538,0,0,0,False
2019-01-18,118808.876881,0,0,0,False
2019-01-22,117948.945884,0,0,0,False
2019-01-23,118176.937602,0,0,0,False
2019-01-24,118349.677226,0,0,0,False
2019-01-25,119162.448449,0,0,0,False
2019-01-28,118776.30521,0,0,0,False
2019-01-29,118985.706142,0,0,0,False
2019-01-30,120154.256408,0,0,0,False
2019-01-31,120801.847137,0,0,0,False
2019-02-01,120589.676975,0,0,0,False
2019-02-04,120911.225624,0,0,0,False
2019-02-05,121435.244968,0,0,0,False
2019-02-06,121070.926534,0,0,0,False
2019-02-07,120505.432179,0,0,0,False
2019-02-08,120578.420947,0,0,0,False
2019-02-11,120446.555295,0,0,0,False
2019-02-12,121261.146467,0,0,0,False
2019-02-13,121288.323352,0,0,0,False
2019-02-14,121379.708558,0,0,0,False
2019-02-15,122196.652043,0,0,0,False
2019-02-19,122628.868452,0,0,0,False
2019-02-20,122758.569814,0,0,0,False
2019-02-21,122336.354944,0,0,0,False
2019-02-22,122916.671231,0,0,0,False
2019-02-25,123027.681543,0,0,0,False
2019-02-26,123116.668045,0,0,0,False
2019-02-27,122788.592664,0,0,0,False
2019-02-28,122465.726524,0,0,0,False
2019-03-01,122576.161457,0,0,0,False
2019-03-04,122430.063596,0,0,0,False
2019-03-05,122501.219074,0,0,0,False
2019-03-06,122180.687411,0,0,0,False
2019-03-07,121574.233221,0,0,0,False
2019-03-08,121593.970192,0,0,0,False
2019-03-11,122536.558116,0,0,0,False
2019-03-12,122908.300559,0,0,0,False
2019-03-13,123445.717016,0,0,0,False
2019-03-14,123203.571719,0,0,0,False
2019-03-15,123822.895234,0,0,0,False
2019-03-18,124071.324128,0,0,0,False
2019-03-19,124120.139804,0,0,0,False
2019-03-20,124252.637858,0,0,0,False
2019-03-21,124854.449909,0,0,0,False
2019-03-22,123627.020572,0,0,0,False
2019-03-25,123778.238682,0,0,0,False
2019-03-26,124221.316985,0,0,0,False
2019-03-27,123901.312173,0,0,0,False
2019-03-28,124024.00151,0,0,0,False
2019-03-29,124432.471163,0,0,0,False
2019-04-01,125052.360468,0,0,0,False
2019-04-02,125201.511023,0,0,0,False
2019-04-03,125332.829284,0,0,0,False
2019-04-04,125505.094063,0,0,0,False
2019-04-05,125876.153187,0,0,0,False
2019-04-08,125898.452097,0,0,0,False
2019-04-09,125601.719618,0,0,0,False
2019-04-10,126042.35777,0,0,0,False
2019-04-11,125715.979956,0,0,0,False
2019-04-12,126120.983447,0,0,0,False
2019-04-15,126027.526212,0,0,0,False
2019-04-16,125811.152992,0,0,0,False
2019-04-17,125667.336667,0,0,0,False
2019-04-18,125853.138705,0,0,0,False
2019-04-22,125722.981547,0,0,0,False
2019-04-23,126326.42342,0,0,0,False
2019-04-24,126171.312511,0,0,0,False
2019-04-25,126098.306737,0,0,0,False
2019-04-26,126618.966378,0,0,0,False
2019-04-29,126567.493093,0,0,0,False
2019-04-30,126745.796832,0,0,0,False
2019-05-01,126167.653068,0,0,0,False
2019-05-02,125905.296582,0,0,0,False
2019-05-03,126802.867018,0,0,0,False
2019-05-06,126357.394217,0,0,0,False
2019-05-07,125137.501607,0,0,0,False
2019-05-08,125014.371069,0,0,0,False
2019-05-09,124749.38902,0,0,0,False
2019-05-10,125243.430203,0,0,0,False
2019-05-13,123685.129251,0,0,0,False
2019-05-14,124355.068764,0,0,0,False
2019-05-15,124836.141891,0,0,0,False
2019-05-16,125245.995167,0,0,0,False
2019-05-17,124655.465777,0,0,0,False
2019-05-20,124105.241751,0,0,0,False
2019-05-21,124731.837101,0,0,0,False
2019-05-22,124575.603105,0,0,0,False
2019-05-23,124003.621085,0,0,0,False
2019-05-24,124347.742169,0,0,0,False
2019-05-28,123768.020505,0,0,0,False
2019-05-29,123326.15628,0,0,0,False
2019-05-30,123754.330407,0,0,0,False
2019-05-31,123429.760262,0,0,0,False
2019-06-03,123716.636465,0,0,0,False
2019-06-04,124801.564075,0,0,0,False
2019-06-05,125287.574926,0,0,0,False
2019-06-06,125693.806829,0,0,0,False
2019-06-07,126616.434286,0,0,0,False
2019-06-10,126653.878798,0,0,0,False
2019-06-11,126786.413263,0,0,0,False
2019-06-12,126632.395043,0,0,0,False
2019-06-13,127009.487317,0,0,0,False
2019-06-14,126754.600538,0,0,0,False
2019-06-17,126854.060001,0,0,0,False
2019-06-18,127874.70068,0,0,0,False
2019-06-19,128367.659241,0,0,0,False
2019-06-20,129490.174663,0,0,0,False
2019-06-21,129182.089943,0,0,0,False
2019-06-24,129395.322656,0,0,0,False
2019-06-25,128708.051152,0,0,0,False
2019-06-26,128403.706752,0,0,0,False
2019-06-27,128824.842273,0,0,0,False
2019-06-28,129215.16256,0,0,0,False
2019-07-01,129574.658458,0,0,0,False
2019-07-02,130188.184457,0,0,0,False
2019-07-03,130843.410491,0,0,0,False
2019-07-05,130276.538425,0,0,0,False
2019-07-08,129803.514389,0,0,0,False
2019-07-09,129810.900449,0,0,0,False
2019-07-10,130411.710874,0,0,0,False
2019-07-11,130173.370288,0,0,0,False
2019-07-12,130520.197397,0,0,0,False
2019-07-15,130647.527277,0,0,0,False
2019-07-16,130222.336772,0,0,0,False
2019-07-17,130137.862811,0,0,0,False
2019-07-18,130646.992084,0,0,0,False
2019-07-19,129976.532044,0,0,0,False
2019-07-22,130131.533735,0,0,0,False
2019-07-23,130544.696535,0,0,0,False
2019-07-24,130907.86901,0,0,0,False
2019-07-25,130266.887565,0,0,0,False
2019-07-26,130694.889975,0,0,0,False
2019-07-29,130712.455237,0,0,0,False
2019-07-30,130437.690444,0,0,0,False
2019-07-31,129599.883409,0,0,0,False
2019-08-01,129611.643793,0,0,0,False
2019-08-02,129078.149942,0,0,0,False
2019-08-05,127256.947541,0,0,0,False
2019-08-06,128372.725792,0,0,0,False
2019-08-07,128735.683355,0,0,0,False
2019-08-08,130113.407422,0,0,0,False
2019-08-09,129502.476184,0,0,0,False
2019-08-12,128998.845683,0,0,0,False
2019-08-13,129810.211757,0,0,0,False
2019-08-14,127923.265148,0,0,0,False
2019-08-15,128464.210238,0,0,0,False
2019-08-16,129339.893095,0,0,0,False
2019-08-19,129787.475883,0,0,0,False
2019-08-20,129560.077013,0,0,0,False
2019-08-21,130070.527839,0,0,0,False
2019-08-22,129842.182697,0,0,0,False
2019-08-23,128691.516949,0,0,0,False
2019-08-26,129409.957876,0,0,0,False
2019-08-27,129479.740527,0,0,0,False
2019-08-28,129831.340544,0,0,0,False
2019-08-29,130554.132293,0,0,0,False
2019-08-30,130634.339474,0,0,0,False
2019-09-03,130515.389511,0,0,0,False
2019-09-04,131600.8409,0,0,0,False
2019-09-05,131819.454409,0,0,0,False
2019-09-06,131860.553961,0,0,0,False
2019-09-09,131658.04442,0,0,0,False
2019-09-10,131283.605904,0,0,0,False
2019-09-11,131848.016367,0,0,0,False
2019-09-12,132145.640729,0,0,0,False
2019-09-13,131781.450324,0,0,0,False
2019-09-16,131753.617544,0,0,0,False
2019-09-17,132124.723916,0,0,0,False
2019-09-18,131985.445648,0,0,0,False
2019-09-19,132145.80666,0,0,0,False
2019-09-20,132214.403484,0,0,0,False
2019-09-23,132312.688646,0,0,0,False
2019-09-24,131970.152717,0,0,0,False
2019-09-25,131801.542557,0,0,0,False
2019-09-26,131861.684473,0,0,0,False
2019-09-27,131383.297291,0,0,0,False
2019-09-30,131528.977783,0,0,0,False
2019-10-01,130839.500972,0,0,0,False
2019-10-02,129781.232846,0,0,0,False
2019-10-03,130647.572631,0,0,0,False
2019-10-04,131565.365253,0,0,0,False
2019-10-07,131055.446561,0,0,0,False
2019-10-08,130202.090186,0,0,0,False
2019-10-09,130802.086681,0,0,0,False
2019-10-10,131030.416422,0,0,0,False
2019-10-11,131667.567834,0,0,0,False
2019-10-14,131665.099294,0,0,0,False
2019-10-15,132158.616587,0,0,0,False
2019-10-16,132254.277526,0,0,0,False
2019-10-17,132524.671595,0,0,0,False
2019-10-18,132351.509411,0,0,0,False
2019-10-21,132708.78269,0,0,0,False
2019-10-22,132595.101233,0,0,0,False
2019-10-23,132899.95167,0,0,0,False
2019-10-24,133095.047412,0,0,0,False
2019-10-25,133245.591407,0,0,0,False
2019-10-28,133383.979544,0,0,0,False
2019-10-29,133318.707952,0,0,0,False
2019-10-30,133803.19746,0,0,0,False
2019-10-31,133871.661561,0,0,0,False
2019-11-01,134592.093042,0,0,0,False
2019-11-04,134734.086136,0,0,0,False
2019-11-05,134226.853364,0,0,0,False
2019-11-06,134362.848756,0,0,0,False
2019-11-07,134173.449918,0,0,0,False
2019-11-08,134073.529865,0,0,0,False
2019-11-11,133931.453188,0,0,0,False
2019-11-12,134004.351193,0,0,0,False
2019-11-13,134104.167889,0,0,0,False
2019-11-14,134399.664168,0,0,0,False
2019-11-15,134896.19292,0,0,0,False
2019-11-18,135097.619813,0,0,0,False
2019-11-19,135134.271448,0,0,0,False
2019-11-20,134928.015413,0,0,0,False
2019-11-21,134589.486454,0,0,0,False
2019-11-22,134675.676475,0,0,0,False
2019-11-25,135265.394915,0,0,0,False
2019-11-26,135583.507897,0,0,0,False
2019-11-27,135780.578919,0,0,0,False
2019-11-29,135360.282055,0,0,0,False
2019-12-02,134660.945012,0,0,0,False
2019-12-03,134629.459579,0,0,0,False
2019-12-04,135082.451603,0,0,0,False
2019-12-05,135134.451987,0,0,0,False
2019-12-06,135605.102126,0,0,0,False
2019-12-09,135351.009368,0,0,0,False
2019-12-10,135297.114837,0,0,0,False
2019-12-11,135773.980451,0,0,0,False
2019-12-12,136096.815045,0,0,0,False
2019-12-13,136472.701863,0,0,0,False
2019-12-16,137010.154263,0,0,0,False
2019-12-17,136939.82789,0,0,0,False
2019-12-18,136927.096211,0,0,0,False
2019-12-19,137294.26173,0,0,0,False
2019-12-20,137608.675852,0,0,0,False
2019-12-23,137693.580703,0,0,0,False
2019-12-24,137859.852913,0,0,0,False
2019-12-26,138449.990937,0,0,0,False
2019-12-27,138568.033267,0,0,0,False
2019-12-30,138124.616886,0,0,0,False
2019-12-31,138349.748748,0,0,0,False
2020-01-02,139309.695686,0,0,0,False
2020-01-03,138926.576079,0,0,0,False
2020-01-06,139279.489453,0,0,0,False
2020-01-07,139012.511765,0,0,0,False
2020-01-08,139211.2514,0,0,0,False
2020-01-09,139638.441752,0,0,0,False
2020-01-10,139660.042817,0,0,0,False
2020-01-13,140190.25598,0,0,0,False
2020-01-14,140106.460099,0,0,0,False
2020-01-15,140375.518805,0,0,0,False
2020-01-16,140963.018177,0,0,0,False
2020-01-17,141207.214822,0,0,0,False
2020-01-21,140981.582859,0,0,0,False
2020-01-22,141045.073665,0,0,0,False
2020-01-23,141156.226956,0,0,0,False
2020-01-24,140700.586475,0,0,0,False
2020-01-27,139422.481357,0,0,0,False
2020-01-28,140035.532483,0,0,0,False
2020-01-29,140199.721722,0,0,0,False
2020-01-30,140264.38276,0,0,0,False
2020-01-31,138994.833836,0,0,0,False
2020-02-03,139399.826258,0,0,0,False
2020-02-04,140393.962253,0,0,0,False
2020-02-05,141152.965972,0,0,0,False
2020-02-06,141526.524321,0,0,0,False
2020-02-07,141134.960066,0,0,0,False
2020-02-10,141791.991784,0,0,0,False
2020-02-11,142040.422823,0,0,0,False
2020-02-12,142525.539401,0,0,0,False
2020-02-13,142408.068737,0,0,0,False
2020-02-14,142657.123639,0,0,0,False
2020-02-18,142577.724424,0,0,0,False
2020-02-19,142938.673281,0,0,0,False
2020-02-20,142720.569645,0,0,0,False
2020-02-21,142373.862428,0,0,0,False
2020-02-24,139804.095457,0,0,0,False
2020-02-25,137474.021634,0,0,0,False
2020-02-26,137287.972396,0,0,0,False
2020-02-27,134014.431005,0,0,0,False
2020-02-28,133359.868685,0,0,0,False
2020-03-02,136129.708966,0,0,0,False
2020-03-03,135285.128469,0,0,0,False
2020-03-04,138133.905878,0,0,0,False
2020-03-05,136188.978766,0,0,0,False
2020-03-06,135231.495839,0,0,0,False
2020-03-09,129040.897243,0,0,0,False
2020-03-10,131520.083804,0,0,0,False
2020-03-11,127076.282849,0,0,0,False
2020-03-12,118357.843143,0,0,0,False
2020-03-13,123419.359796,0,0,0,False
2020-03-16,115831.273343,0,0,0,False
2020-03-17,118210.273722,0,0,0,False
2020-03-18,113040.567644,0,0,0,False
2020-03-19,113762.867123,0,0,0,False
2020-03-20,112701.644029,0,0,0,False
2020-03-23,112558.069507,0,0,0,False
2020-03-24,118421.029006,0,0,0,False
2020-03-25,120060.721521,0,0,0,False
2020-03-26,123884.604328,0,0,0,False
2020-03-27,121997.641566,0,0,0,False
2020-03-30,123846.908827,0,0,0,False
2020-03-31,122553.799552,0,0,0,False
2020-04-01,119593.374137,0,0,0,False
2020-04-02,121291.885887,0,0,0,False
2020-04-03,120382.421317,0,0,0,False
2020-04-06,124900.470782,0,0,0,False
2020-04-07,125009.515155,0,0,0,False
2020-04-08,126864.99259,0,0,0,False
2020-04-09,128924.982709,0,0,0,False
2020-04-13,128259.217709,0,0,0,False
2020-04-14,130285.056935,0,0,0,False
2020-04-15,128575.379017,0,0,0,False
2020-04-16,128757.143514,0,0,0,False
2020-04-17,130318.9014,0,0,0,False
2020-04-20,129090.83536,0,0,0,False
2020-04-21,127113.526118,0,0,0,False
2020-04-22,128870.480758,0,0,0,False
2020-04-23,128976.917937,0,0,0,False
2020-04-24,129758.161308,0,0,0,False
2020-04-27,130641.180956,0,0,0,False
2020-04-28,130724.758054,0,0,0,False
2020-04-29,132682.413146,0,0,0,False
2020-04-30,131360.193578,0,0,0,False
2020-05-01,129480.759526,0,0,0,False
2020-05-04,129735.695721,0,0,0,False
2020-05-05,130291.0663,0,0,0,False
2020-05-06,129411.755005,0,0,0,False
2020-05-07,130727.704333,0,0,0,False
2020-05-08,131819.157704,0,0,0,False
2020-05-11,131499.603278,0,0,0,False
2020-05-12,130225.125318,0,0,0,False
2020-05-13,129324.390678,0,0,0,False
2020-05-14,130010.68099,0,0,0,False
2020-05-15,130238.736605,0,0,0,False
2020-05-18,132579.691369,0,0,0,False
2020-05-19,131972.598183,0,0,0,False
2020-05-20,133310.883211,0,0,0,False
2020-05-21,132552.336126,0,0,0,False
2020-05-22,132692.741893,0,0,0,False
2020-05-26,133806.305016,0,0,0,False
2020-05-27,134906.448814,0,0,0,False
2020-05-28,134962.507205,0,0,0,False
2020-05-29,135403.983161,0,0,0,False
2020-06-01,136297.59817,0,0,0,False
2020-06-02,136974.774174,0,0,0,False
2020-06-03,137944.000877,0,0,0,False
2020-06-04,137576.304833,0,0,0,False
2020-06-05,139263.238671,0,0,0,False
2020-06-08,140520.321741,0,0,0,False
2020-06-09,139959.343681,0,0,0,False
2020-06-10,139942.806447,0,0,0,False
2020-06-11,135131.831393,0,0,0,False
2020-06-12,136357.391902,0,0,0,False
2020-06-15,136984.073467,0,0,0,False
2020-06-16,138243.386315,0,0,0,False
2020-06-17,138057.694005,0,0,0,False
2020-06-18,137978.591684,0,0,0,False
2020-06-19,137708.161246,0,0,0,False
2020-06-22,138386.74336,0,0,0,False
2020-06-23,138858.712357,0,0,0,False
2020-06-24,136809.792841,0,0,0,False
2020-06-25,137706.000004,0,0,0,False
2020-06-26,136196.566277,0,0,0,False
2020-06-29,137276.208045,0,0,0,False
2020-06-30,138000.580883,0,0,0,False
2020-07-01,138560.080398,0,0,0,False
2020-07-02,139234.779525,0,0,0,False
2020-07-06,140667.720716,0,0,0,False
2020-07-07,139830.239525,0,0,0,False
2020-07-08,140580.485377,0,0,0,False
2020-07-09,140120.066633,0,0,0,False
2020-07-10,140690.811017,0,0,0,False
2020-07-13,140086.268914,0,0,0,False
2020-07-14,141168.611845,0,0,0,False
2020-07-15,141927.275916,0,0,0,False
2020-07-16,141374.012129,0,0,0,False
2020-07-17,141878.554749,0,0,0,False
2020-07-20,142540.744373,0,0,0,False
2020-07-21,143011.349391,0,0,0,False
2020-07-22,143688.376491,0,0,0,False
2020-07-23,143007.519965,0,0,0,False
2020-07-24,142632.339864,0,0,0,False
2020-07-27,143691.948213,0,0,0,False
2020-07-28,143511.896377,0,0,0,False
2020-07-29,144766.876338,0,0,0,False
2020-07-30,144128.855394,0,0,0,False
2020-07-31,144306.722375,0,0,0,False
2020-08-03,144994.395142,0,0,0,False
2020-08-04,145965.449332,0,0,0,False
2020-08-05,146502.841594,0,0,0,False
2020-08-06,147204.512754,0,0,0,False
2020-08-07,146778.400694,0,0,0,False
2020-08-10,146922.734687,0,0,0,False
2020-08-11,145415.616828,0,0,0,False
2020-08-12,146536.583537,0,0,0,False
2020-08-13,146488.654016,0,0,0,False
2020-08-14,146282.324601,0,0,0,False
2020-08-17,147139.500883,0,0,0,False
2020-08-18,147479.084992,0,0,0,False
2020-08-19,146365.018381,0,0,0,False
2020-08-20,146700.757371,0,0,0,False
2020-08-21,146770.693553,0,0,0,False
2020-08-24,147561.86974,0,0,0,False
2020-08-25,147810.19405,0,0,0,False
2020-08-26,148655.503542,0,0,0,False
2020-08-27,148290.888104,0,0,0,False
2020-08-28,149262.548452,0,0,0,False
2020-08-31,148851.30787,0,0,0,False
2020-09-01,149665.166237,0,0,0,False
2020-09-02,150689.421766,0,0,0,False
2020-09-03,147917.082629,0,0,0,False
2020-09-04,147281.375232,0,0,0,False
2020-09-08,145352.558493,0,0,0,False
2020-09-09,147047.591196,0,0,0,False
2020-09-10,145670.733913,0,0,0,False
2020-09-11,145933.078354,0,0,0,False
2020-09-14,147148.06794,0,0,0,False
2020-09-15,147658.195483,0,0,0,False
2020-09-16,147474.31889,0,0,0,False
2020-09-17,146806.298329,0,0,0,False
2020-09-18,145819.25421,0,0,0,False
2020-09-21,144195.169787,0,0,0,False
2020-09-22,144694.183093,0,0,0,False
2020-09-23,142568.134003,0,0,0,False
2020-09-24,142763.829627,0,0,0,False
2020-09-25,143791.687949,0,0,0,False
2020-09-28,145363.987056,0,0,0,False
2020-09-29,145145.874046,0,0,0,False
2020-09-30,145444.861988,0,0,0,False
2020-10-01,146265.151461,0,0,0,False
2020-10-02,145685.195697,0,0,0,False
2020-10-05,146969.904121,0,0,0,False
2020-10-06,145822.426494,0,0,0,False
2020-10-07,146967.429264,0,0,0,False
2020-10-08,147894.626788,0,0,0,False
2020-10-09,148833.336451,0,0,0,False
2020-10-12,149959.040424,0,0,0,False
2020-10-13,149008.484093,0,0,0,False
2020-10-14,148567.184104,0,0,0,False
2020-10-15,148280.685208,0,0,0,False
2020-10-16,148217.534312,0,0,0,False
2020-10-19,147095.431752,0,0,0,False
2020-10-20,147559.57952,0,0,0,False
2020-10-21,147452.822294,0,0,0,False
2020-10-22,147527.375632,0,0,0,False
2020-10-23,147938.505264,0,0,0,False
2020-10-26,146416.195432,0,0,0,False
2020-10-27,146143.435017,0,0,0,False
2020-10-28,143089.080438,0,0,0,False
2020-10-29,143685.235362,0,0,0,False
2020-10-30,142865.791819,0,0,0,False
2020-11-02,144151.06486,0,0,0,False
2020-11-03,145761.601707,0,0,0,False
2020-11-04,147678.884221,0,0,0,False
2020-11-05,149773.939295,0,0,0,False
2020-11-06,149683.530071,0,0,0,False
2020-11-09,150279.797313,0,0,0,False
2020-11-10,150341.079709,0,0,0,False
2020-11-11,150977.432923,0,0,0,False
2020-11-12,150258.980157,0,0,0,False
2020-11-13,151699.414367,0,0,0,False
2020-11-16,152832.022442,0,0,0,False
2020-11-17,152535.69168,0,0,0,False
2020-11-18,151486.741597,0,0,0,False
2020-11-19,151938.880409,0,0,0,False
2020-11-20,151729.339269,0,0,0,False
2020-11-23,151762.887307,0,0,0,False
2020-11-24,152888.599217,0,0,0,False
2020-11-25,152725.183909,0,0,0,False
2020-11-27,153021.560259,0,0,0,False
2020-11-30,152019.490345,0,0,0,False
2020-12-01,153499.479803,0,0,0,False
2020-12-02,153672.047448,0,0,0,False
2020-12-03,154067.198306,0,0,0,False
2020-12-04,154771.194474,0,0,0,False
2020-12-07,154747.582007,0,0,0,False
2020-12-08,155051.689211,0,0,0,False
2020-12-09,154086.416295,0,0,0,False
2020-12-10,154257.11117,0,0,0,False
2020-12-11,154136.842186,0,0,0,False
2020-12-14,153713.089502,0,0,0,False
2020-12-15,155182.314501,0,0,0,False
2020-12-16,155462.498628,0,0,0,False
2020-12-17,156223.976383,0,0,0,False
2020-12-18,155641.261011,0,0,0,False
2020-12-21,154998.002286,0,0,0,False
2020-12-22,154757.823053,0,0,0,False
2020-12-23,155151.755145,0,0,0,False
2020-12-24,155563.363592,0,0,0,False
2020-12-28,156228.573711,0,0,0,False
2020-12-29,156364.89374,0,0,0,False
2020-12-30,156784.029252,0,0,0,False
2020-12-31,157085.142022,0,0,0,False
2021-01-04,156522.182605,0,0,0,False
2021-01-05,157368.867848,0,0,0,False
2021-01-06,157443.533354,0,0,0,False
2021-01-07,158357.902292,0,0,0,False
2021-01-08,158519.724658,0,0,0,False
2021-01-11,157511.166402,0,0,0,False
2021-01-12,157858.144867,0,0,0,False
2021-01-13,158155.076433,0,0,0,False
2021-01-14,158145.88356,0,0,0,False
2021-01-15,157180.30802,0,0,0,False
2021-01-19,158130.641304,0,0,0,False
2021-01-20,159693.001386,0,0,0,False
2021-01-21,159723.886291,0,0,0,False
2021-01-22,159185.459236,0,0,0,False
2021-01-25,159652.672865,0,0,0,False
2021-01-26,159501.255946,0,0,0,False
2021-01-27,157016.123042,0,0,0,False
2021-01-28,157769.938368,0,0,0,False
2021-01-29,155724.683105,0,0,0,False
2021-02-01,157562.153092,0,0,0,False
2021-02-02,158604.488176,0,0,0,False
2021-02-03,158641.712112,0,0,0,False
2021-02-04,159078.99429,0,0,0,False
2021-02-05,159668.90035,0,0,0,False
2021-02-08,160540.710086,0,0,0,False
2021-02-09,160817.919732,0,0,0,False
2021-02-10,160908.476925,0,0,0,False
2021-02-11,161086.715242,0,0,0,False
2021-02-12,161375.321988,0,0,0,False
2021-02-16,160981.456372,0,0,0,False
2021-02-17,160748.632398,0,0,0,False
2021-02-18,160144.409378,0,0,0,False
2021-02-19,160133.572066,0,0,0,False
2021-02-22,159514.59244,0,0,0,False
2021-02-23,159674.095644,0,0,0,False
2021-02-24,160421.664029,0,0,0,False
2021-02-25,157423.430549,0,0,0,False
2021-02-26,156581.43782,0,0,0,False
2021-03-01,158708.435106,0,0,0,False
2021-03-02,158185.934928,0,0,0,False
2021-03-03,156832.251933,0,0,0,False
2021-03-04,155285.872091,0,0,0,False
2021-03-05,156718.087963,0,0,0,False
2021-03-08,155825.623772,0,0,0,False
2021-03-09,157703.102958,0,0,0,False
2021-03-10,158418.509085,0,0,0,False
2021-03-11,159538.741048,0,0,0,False
2021-03-12,159384.447698,0,0,0,False
2021-03-15,160049.20528,0,0,0,False
2021-03-16,160024.747423,0,0,0,False
2021-03-17,160455.965502,0,0,0,False
2021-03-18,158790.592414,0,0,0,False
2021-03-19,158814.664285,0,0,0,False
2021-03-22,159463.644659,0,0,0,False
2021-03-23,158488.121227,0,0,0,False
2021-03-24,157952.701842,0,0,0,False
2021-03-25,158458.672899,0,0,0,False
2021-03-26,160115.12677,0,0,0,False
2021-03-29,159615.681231,0,0,0,False
2021-03-30,159212.489878,0,0,0,False
2021-03-31,159598.025649,0,0,0,False
2021-04-01,161136.436811,0,0,0,False
2021-04-05,162379.846354,0,0,0,False
2021-04-06,162446.681416,0,0,0,False
2021-04-07,162376.075165,0,0,0,False
2021-04-08,163151.843098,0,0,0,False
2021-04-09,163441.662187,0,0,0,False
2021-04-12,163231.127655,0,0,0,False
2021-04-13,163874.563145,0,0,0,False
2021-04-14,163572.509626,0,0,0,False
2021-04-15,165119.5881,0,0,0,False
2021-04-16,165522.852324,0,0,0,False
2021-04-19,165029.752315,0,0,0,False
2021-04-20,164256.706831,0,0,0,False
2021-04-21,165409.213319,0,0,0,False
2021-04-22,164555.924176,0,0,0,False
2021-04-23,165646.852219,0,0,0,False
2021-04-26,165869.688883,0,0,0,False
2021-04-27,165646.193642,0,0,0,False
2021-04-28,165831.391262,0,0,0,False
2021-04-29,166244.419512,0,0,0,False
2021-04-30,165352.90228,0,0,0,False
2021-05-03,165975.036482,0,0,0,False
2021-05-04,165059.959554,0,0,0,False
2021-05-05,165390.512579,0,0,0,False
2021-05-06,166503.614733,0,0,0,False
2021-05-07,167607.137477,0,0,0,False
2021-05-10,166625.43845,0,0,0,False
2021-05-11,165510.943538,0,0,0,False
2021-05-12,162937.625668,0,0,0,False
2021-05-13,164151.737581,0,0,0,False
2021-05-14,166029.340554,0,0,0,False
2021-05-17,165984.785987,0,0,0,False
2021-05-18,165584.769269,0,0,0,False
2021-05-19,165041.169805,0,0,0,False
2021-05-20,166430.185104,0,0,0,False
2021-05-21,166311.343459,0,0,0,False
2021-05-24,167406.275903,0,0,0,False
2021-05-25,167593.829514,0,0,0,False
2021-05-26,167759.635305,0,0,0,False
2021-05-27,167795.253269,0,0,0,False
2021-05-28,168140.580442,0,0,0,False
2021-06-01,168485.266373,0,0,0,False
2021-06-02,168892.049686,0,0,0,False
2021-06-03,167964.120914,0,0,0,False
2021-06-04,169271.127507,0,0,0,False
2021-06-07,169345.114508,0,0,0,False
2021-06-08,169416.460896,0,0,0,False
2021-06-09,169275.112405,0,0,0,False
2021-06-10,169987.39382,0,0,0,False
2021-06-11,169856.724994,0,0,0,False
2021-06-14,169923.213709,0,0,0,False
2021-06-15,169620.80045,0,0,0,False
2021-06-16,168424.079672,0,0,0,False
2021-06-17,167933.371265,0,0,0,False
2021-06-18,166375.046233,0,0,0,False
2021-06-21,167961.932257,0,0,0,False
2021-06-22,168301.492185,0,0,0,False
2021-06-23,168070.130491,0,0,0,False
2021-06-24,168717.503738,0,0,0,False
2021-06-25,169149.654161,0,0,0,False
2021-06-28,169240.652693,0,0,0,False
2021-06-29,169114.768288,0,0,0,False
2021-06-30,169027.177321,0,0,0,False
2021-07-01,169515.977264,0,0,0,False
2021-07-02,170385.877739,0,0,0,False
2021-07-06,170252.815506,0,0,0,False
2021-07-07,170757.710264,0,0,0,False
2021-07-08,169680.162393,0,0,0,False
2021-07-09,171046.380854,0,0,0,False
2021-07-12,171448.332375,0,0,0,False
2021-07-13,170878.745536,0,0,0,False
2021-07-14,171456.906422,0,0,0,False
2021-07-15,171156.820046,0,0,0,False
2021-07-16,170173.334658,0,0,0,False
2021-07-19,168627.09344,0,0,0,False
2021-07-20,169989.024387,0,0,0,False
2021-07-21,170758.535461,0,0,0,False
2021-07-22,171020.392466,0,0,0,False
2021-07-23,171802.044369,0,0,0,False
2021-07-26,171828.296485,0,0,0,False
2021-07-27,171421.001317,0,0,0,False
2021-07-28,171813.303065,0,0,0,False
2021-07-29,172404.764246,0,0,0,False
2021-07-30,171807.108779,0,0,0,False
2021-08-02,171908.751271,0,0,0,False
2021-08-03,172711.302405,0,0,0,False
2021-08-04,172259.839398,0,0,0,False
2021-08-05,172740.767141,0,0,0,False
2021-08-06,172125.809559,0,0,0,False
2021-08-09,171680.985729,0,0,0,False
2021-08-10,171728.3752,0,0,0,False
2021-08-11,172388.912752,0,0,0,False
2021-08-12,172506.52133,0,0,0,False
2021-08-13,173183.023842,0,0,0,False
2021-08-16,173260.394021,0,0,0,False
2021-08-17,172287.013927,0,0,0,False
2021-08-18,171361.964376,0,0,0,False
2021-08-19,171155.650091,0,0,0,False
2021-08-20,171835.947503,0,0,0,False
2021-08-23,173025.732761,0,0,0,False
2021-08-24,173316.392374,0,0,0,False
2021-08-25,173292.653645,0,0,0,False
2021-08-26,172656.662202,0,0,0,False
2021-08-27,174135.855603,0,0,0,False
2021-08-30,174542.592667,0,0,0,False
2021-08-31,174518.046128,0,0,0,False
2021-09-01,175027.128667,0,0,0,False
2021-09-02,175394.588517,0,0,0,False
2021-09-03,175616.110263,0,0,0,False
2021-09-07,174828.752936,0,0,0,False
2021-09-08,174539.754026,0,0,0,False
2021-09-09,174237.679859,0,0,0,False
2021-09-10,173263.193813,0,0,0,False
2021-09-13,173821.539387,0,0,0,False
2021-09-14,173424.547002,0,0,0,False
2021-09-15,174034.498303,0,0,0,False
2021-09-16,173346.481601,0,0,0,False
2021-09-17,172105.834515,0,0,0,False
2021-09-20,170365.923175,0,0,0,False
2021-09-21,170669.240209,0,0,0,False
2021-09-22,171654.690056,0,0,0,False
2021-09-23,172435.963406,0,0,0,False
2021-09-24,172037.210286,0,0,0,False
2021-09-27,171721.218922,0,0,0,False
2021-09-28,169242.268423,0,0,0,False
2021-09-29,169256.434033,0,0,0,False
2021-09-30,168484.739446,0,0,0,False
2021-10-01,169706.032603,0,0,0,False
2021-10-04,168484.158831,0,0,0,False
2021-10-05,169221.033265,0,0,0,False
2021-10-06,169439.576761,0,0,0,False
2021-10-07,170235.280048,0,0,0,False
2021-10-08,169986.106659,0,0,0,False
2021-10-11,169288.923185,0,0,0,False
2021-10-12,169409.662381,0,0,0,False
2021-10-13,170462.715902,0,0,0,False
2021-10-14,172178.8569,0,0,0,False
2021-10-15,172647.099219,0,0,0,False
2021-10-18,172701.983248,0,0,0,False
2021-10-19,173457.449025,0,0,0,False
2021-10-20,174089.308941,0,0,0,False
2021-10-21,174027.055985,0,0,0,False
2021-10-22,174265.680413,0,0,0,False
2021-10-25,174861.333661,0,0,0,False
2021-10-26,174921.176888,0,0,0,False
2021-10-27,174554.425986,0,0,0,False
2021-10-28,175537.891132,0,0,0,False
2021-10-29,175165.743387,0,0,0,False
2021-11-01,175684.253805,0,0,0,False
2021-11-02,175967.587452,0,0,0,False
2021-11-03,176475.685312,0,0,0,False
2021-11-04,177073.405393,0,0,0,False
2021-11-05,177819.706928,0,0,0,False
2021-11-08,177950.949478,0,0,0,False
2021-11-09,177864.683994,0,0,0,False
2021-11-10,176729.09879,0,0,0,False
2021-11-11,176987.950752,0,0,0,False
2021-11-12,177790.035287,0,0,0,False
2021-11-15,177659.743133,0,0,0,False
2021-11-16,177708.336185,0,0,0,False
2021-11-17,177707.699314,0,0,0,False
2021-11-18,177882.211402,0,0,0,False
2021-11-19,177435.970291,0,0,0,False
2021-11-22,176361.1087,0,0,0,False
2021-11-23,176199.400922,0,0,0,False
2021-11-24,176472.169975,0,0,0,False
2021-11-26,173929.564303,0,0,0,False
2021-11-29,175002.78452,0,0,0,False
2021-11-30,173137.422952,0,0,0,False
2021-12-01,172093.776345,0,0,0,False
2021-12-02,173816.255729,0,0,0,False
2021-12-03,173208.909955,0,0,0,False
2021-12-06,174316.573227,0,0,0,False
2021-12-07,176621.601277,0,0,0,False
2021-12-08,176863.48493,0,0,0,False
2021-12-09,175871.035548,0,0,0,False
2021-12-10,176748.837373,0,0,0,False
2021-12-13,175960.870746,0,0,0,False
2021-12-14,174947.420493,0,0,0,False
2021-12-15,176573.004418,0,0,0,False
2021-12-16,176165.117076,0,0,0,False
2021-12-17,175022.066017,0,0,0,False
2021-12-20,173806.326891,0,0,0,False
2021-12-21,175616.867363,0,0,0,False
2021-12-22,176960.68387,0,0,0,False
2021-12-23,177594.177429,0,0,0,False
2021-12-27,179144.215708,0,0,0,False
2021-12-28,179006.306937,0,0,0,False
2021-12-29,178999.027177,0,0,0,False
2021-12-30,179090.832702,0,0,0,False
2021-12-31,178958.608213,0,0,0,False
2022-01-03,178999.649148,0,0,0,False
2022-01-04,179099.423898,0,0,0,False
2022-01-05,176753.343109,0,0,0,False
2022-01-06,176329.318914,0,0,0,False
2022-01-07,176052.089307,0,0,0,False
2022-01-10,175717.900955,0,0,0,False
2022-01-11,177172.69937,0,0,0,False
2022-01-12,177780.425449,0,0,0,False
2022-01-13,176436.220169,0,0,0,False
2022-01-14,176054.816937,0,0,0,False
2022-01-18,173821.972545,0,0,0,False
2022-01-19,173244.053745,0,0,0,False
2022-01-20,172201.048588,0,0,0,False
2022-01-21,170416.950687,0,0,0,False
2022-01-24,170431.794448,0,0,0,False
2022-01-25,169373.728836,0,0,0,False
2022-01-26,168365.741363,0,0,0,False
2022-01-27,167613.043596,0,0,0,False
2022-01-28,169802.170289,0,0,0,False
2022-01-31,171943.153151,0,0,0,False
2022-02-01,172647.920974,0,0,0,False
2022-02-02,173780.897252,0,0,0,False
2022-02-03,171237.29644,0,0,0,False
2022-02-04,171315.391316,0,0,0,False
2022-02-07,171239.396731,0,0,0,False
2022-02-08,171924.549689,0,0,0,False
2022-02-09,173805.205038,0,0,0,False
2022-02-10,171470.058974,0,0,0,False
2022-02-11,170079.475067,0,0,0,False
2022-02-14,169412.287628,0,0,0,False
2022-02-15,170985.674819,0,0,0,False
2022-02-16,171488.496128,0,0,0,False
2022-02-17,169676.36179,0,0,0,False
2022-02-18,169066.077844,0,0,0,False
2022-02-22,167919.538773,0,0,0,False
2022-02-23,166136.678081,0,0,0,False
2022-02-24,166871.290207,0,0,0,False
2022-02-25,169319.273492,0,0,0,False
2022-02-28,169165.793824,0,0,0,False
2022-03-01,168036.777922,0,0,0,False
2022-03-02,169134.3466,0,0,0,False
2022-03-03,168589.176354,0,0,0,False
2022-03-04,167832.119846,0,0,0,False
2022-03-07,164730.070398,0,0,0,False
2022-03-08,164639.692575,0,0,0,False
2022-03-09,166938.306026,0,0,0,False
2022-03-10,166128.928369,0,0,0,False
2022-03-11,164737.094072,0,0,0,False
2022-03-14,163452.275152,0,0,0,False
2022-03-15,164924.381647,0,0,0,False
2022-03-16,167922.649147,0,0,0,False
2022-03-17,169299.061005,0,0,0,False
2022-03-18,170338.857133,0,0,0,False
2022-03-21,169734.538988,0,0,0,False
2022-03-22,170678.783661,0,0,0,False
2022-03-23,169735.022317,0,0,0,False
2022-03-24,171094.448562,0,0,0,False
2022-03-25,171138.224946,0,0,0,False
2022-03-28,171499.409014,0,0,0,False
2022-03-29,173411.478838,0,0,0,False
2022-03-30,173038.019288,0,0,0,False
2022-03-31,171264.21175,0,0,0,False
2022-04-01,171737.85039,0,0,0,False
2022-04-04,172653.34916,0,0,0,False
2022-04-05,170722.929853,0,0,0,False
2022-04-06,169604.224791,0,0,0,False
2022-04-07,169837.611619,0,0,0,False
2022-04-08,169601.137124,0,0,0,False
2022-04-11,167814.074716,0,0,0,False
2022-04-12,167595.914014,0,0,0,False
2022-04-13,168974.865067,0,0,0,False
2022-04-14,167490.467361,0,0,0,False
2022-04-18,167305.306461,0,0,0,False
2022-04-19,168260.700528,0,0,0,False
2022-04-20,168816.896408,0,0,0,False
2022-04-21,167031.008335,0,0,0,False
2022-04-22,164196.035097,0,0,0,False
2022-04-25,164314.118124,0,0,0,False
2022-04-26,161536.461487,0,0,0,False
2022-04-27,161582.926372,0,0,0,False
2022-04-28,164023.755303,0,0,0,False
2022-04-29,160461.331072,0,0,0,False
2022-05-02,160005.505122,0,0,0,False
2022-05-03,160776.090427,0,0,0,False
2022-05-04,163840.428756,0,0,0,False
2022-05-05,159659.22691,0,0,0,False
2022-05-06,158720.727413,0,0,0,False
2022-05-09,155269.19641,0,0,0,False
2022-05-10,155358.071141,0,0,0,False
2022-05-11,154476.963084,0,0,0,False
2022-05-12,154176.865955,0,0,0,False
2022-05-13,156437.710318,0,0,0,False
2022-05-16,156370.337425,0,0,0,False
2022-05-17,158077.902252,0,0,0,False
2022-05-18,154658.838629,0,0,0,False
2022-05-19,154828.108496,0,0,0,False
2022-05-20,155182.638989,0,0,0,False
2022-05-23,156814.377605,0,0,0,False
2022-05-24,156591.428098,0,0,0,False
2022-05-25,157291.831803,0,0,0,False
2022-05-26,158937.5557,0,0,0,False
2022-05-27,161234.460926,0,0,0,False
2022-05-31,160283.350156,0,0,0,False
2022-06-01,159331.634393,0,0,0,False
2022-06-02,161584.972481,0,0,0,False
2022-06-03,159703.882867,0,0,0,False
2022-06-06,159682.643128,0,0,0,False
2022-06-07,160778.958261,0,0,0,False
2022-06-08,159424.65947,0,0,0,False
2022-06-09,156918.638093,0,0,0,False
2022-06-10,154153.646248,0,0,0,False
2022-06-13,149321.594556,0,0,0,False
2022-06-14,148571.157605,0,0,0,False
2022-06-15,150738.216271,0,0,0,False
2022-06-16,148027.325298,0,0,0,False
2022-06-17,148051.2719,0,0,0,False
2022-06-21,149883.44569,0,0,0,False
2022-06-22,149977.464165,0,0,0,False
2022-06-23,150764.2212,0,0,0,False
2022-06-24,153585.501146,0,0,0,False
2022-06-27,153071.526923,0,0,0,False
2022-06-28,151473.494698,0,0,0,False
2022-06-29,151423.387727,0,0,0,False
2022-06-30,150836.349579,0,0,0,False
2022-07-01,152027.967405,0,0,0,False
2022-07-05,151391.6927,0,0,0,False
2022-07-06,151024.590404,0,0,0,False
2022-07-07,152341.975106,0,0,0,False
2022-07-08,152134.43044,0,0,0,False
2022-07-11,150997.973982,0,0,0,False
2022-07-12,150356.968244,0,0,0,False
2022-07-13,150168.072696,0,0,0,False
2022-07-14,149260.726673,0,0,0,False
2022-07-15,151044.89217,0,0,0,False
2022-07-18,150514.365244,0,0,0,False
2022-07-19,152986.442864,0,0,0,False
2022-07-20,153099.586299,0,0,0,False
2022-07-21,154678.693544,0,0,0,False
2022-07-22,154348.967,0,0,0,False
2022-07-25,154468.720628,0,0,0,False
2022-07-26,153333.010064,0,0,0,False
2022-07-27,155951.993137,0,0,0,False
2022-07-28,157705.373902,0,0,0,False
2022-07-29,159072.014509,0,0,0,False
2022-08-01,158991.670447,0,0,0,False
2022-08-02,157519.001865,0,0,0,False
2022-08-03,159010.782549,0,0,0,False
2022-08-04,159456.118209,0,0,0,False
2022-08-05,158570.229017,0,0,0,False
2022-08-08,158970.510604,0,0,0,False
2022-08-09,158541.085543,0,0,0,False
2022-08-10,160707.484433,0,0,0,False
2022-08-11,160466.826095,0,0,0,False
2022-08-12,162346.10607,0,0,0,False
2022-08-15,162363.530354,0,0,0,False
2022-08-16,162436.196865,0,0,0,False
2022-08-17,161357.374963,0,0,0,False
2022-08-18,161462.298727,0,0,0,False
2022-08-19,159655.984055,0,0,0,False
2022-08-22,157374.65544,0,0,0,False
2022-08-23,157258.949769,0,0,0,False
2022-08-24,157500.687327,0,0,0,False
2022-08-25,159211.777565,0,0,0,False
2022-08-26,155751.689641,0,0,0,False
2022-08-29,154969.05001,0,0,0,False
2022-08-30,153771.962186,0,0,0,False
2022-08-31,152793.823431,0,0,0,False
2022-09-01,152369.546692,0,0,0,False
2022-09-02,151668.501532,0,0,0,False
2022-09-06,150887.084858,0,0,0,False
2022-09-07,152816.938041,0,0,0,False
2022-09-08,153058.573974,0,0,0,False
2022-09-09,154854.186205,0,0,0,False
2022-09-12,156012.278765,0,0,0,False
2022-09-13,151426.296432,0,0,0,False
2022-09-14,151706.692298,0,0,0,False
2022-09-15,150179.938254,0,0,0,False
2022-09-16,149518.37023,0,0,0,False
2022-09-19,150031.496024,0,0,0,False
2022-09-20,148504.724103,0,0,0,False
2022-09-21,147097.195403,0,0,0,False
2022-09-22,145906.953225,0,0,0,False
2022-09-23,143687.09105,0,0,0,False
2022-09-26,141815.432399,0,0,0,False
2022-09-27,141296.118313,0,0,0,False
2022-09-28,144022.100951,0,0,0,False
2022-09-29,141937.055424,0,0,0,False
2022-09-30,140854.321941,0,0,0,False
2022-10-03,143743.103081,0,0,0,False
2022-10-04,146988.841105,0,0,0,False
2022-10-05,146156.052202,0,0,0,False
2022-10-06,144780.146004,0,0,0,False
2022-10-07,142147.66258,0,0,0,False
2022-10-10,141021.327018,0,0,0,False
2022-10-11,140441.962449,0,0,0,False
2022-10-12,140265.036763,0,0,0,False
2022-10-13,142149.596311,0,0,0,False
2022-10-14,139856.297685,0,0,0,False
2022-10-17,142367.035332,0,0,0,False
2022-10-18,143363.301557,0,0,0,False
2022-10-19,141949.273734,0,0,0,False
2022-10-20,141170.070361,0,0,0,False
2022-10-21,143444.739681,0,0,0,False
2022-10-24,143890.162994,0,0,0,False
2022-10-25,146002.0293,0,0,0,False
2022-10-26,145998.7783,0,0,0,False
2022-10-27,145694.642469,0,0,0,False
2022-10-28,147223.330065,0,0,0,False
2022-10-31,146330.326063,0,0,0,False
2022-11-01,146471.099081,0,0,0,False
2022-11-02,144165.158102,0,0,0,False
2022-11-03,143162.810488,0,0,0,False
2022-11-04,145508.802646,0,0,0,False
2022-11-07,146040.203767,0,0,0,False
2022-11-08,147146.814615,0,0,0,False
2022-11-09,145343.267323,0,0,0,False
2022-11-10,151765.513863,0,0,0,False
2022-11-11,152970.591095,0,0,0,False
2022-11-14,151866.981046,0,0,0,False
2022-11-15,153092.266721,0,0,0,False
2022-11-16,152526.675561,0,0,0,False
2022-11-17,151978.576593,0,0,0,False
2022-11-18,152163.830937,0,0,0,False
2022-11-21,151664.136821,0,0,0,False
2022-11-22,153128.244838,0,0,0,False
2022-11-23,154137.137318,0,0,0,False
2022-11-25,154242.991928,0,0,0,False
2022-11-28,152501.161494,0,0,0,False
2022-11-29,152600.378024,0,0,0,False
2022-11-30,155949.062009,0,0,0,False
2022-12-01,156672.236055,0,0,0,False
2022-12-02,156694.851404,0,0,0,False
2022-12-05,154348.64783,0,0,0,False
2022-12-06,153339.198789,0,0,0,False
2022-12-07,153643.554629,0,0,0,False
2022-12-08,154287.436611,0,0,0,False
2022-12-09,153526.323113,0,0,0,False
2022-12-12,154441.232052,0,0,0,False
2022-12-13,155896.518051,0,0,0,False
2022-12-14,155442.132409,0,0,0,False
2022-12-15,152825.403434,0,0,0,False
2022-12-16,151706.785256,0,0,0,False
2022-12-19,150755.075096,0,0,0,False
2022-12-20,150923.031265,0,0,0,False
2022-12-21,152290.811901,0,0,0,False
2022-12-22,150868.087848,0,0,0,False
2022-12-23,151301.307579,0,0,0,False
2022-12-27,151035.049028,0,0,0,False
2022-12-28,149648.961296,0,0,0,False
2022-12-29,151617.815863,0,0,0,False
2022-12-30,151022.597784,0,0,0,False
2023-01-03,151290.052749,0,0,0,False
2023-01-04,152764.808578,0,0,0,False
2023-01-05,151354.854107,0,0,0,False
2023-01-06,154409.92632,0,0,0,False
2023-01-09,154635.15041,0,0,0,False
2023-01-10,155094.582927,0,0,0,False
2023-01-11,156591.339695,0,0,0,False
2023-01-12,157755.185001,0,0,0,False
2023-01-13,158131.572279,0,0,0,False
2023-01-17,157867.45611,0,0,0,False
2023-01-18,156914.11482,0,0,0,False
2023-01-19,156631.313001,0,0,0,False
2023-01-20,158003.511885,0,0,0,False
2023-01-23,158919.954246,0,0,0,False
2023-01-24,159115.148108,0,0,0,False
2023-01-25,159384.027644,0,0,0,False
2023-01-26,160113.042031,0,0,0,False
2023-01-27,160198.623126,0,0,0,False
2023-01-30,158767.257533,0,0,0,False
2023-01-31,160280.064318,0,0,0,False
2023-02-01,161800.872032,0,0,0,False
2023-02-02,162613.969867,0,0,0,False
2023-02-03,160577.42822,0,0,0,False
2023-02-06,159576.543851,0,0,0,False
2023-02-07,160656.124291,0,0,0,False
2023-02-08,159841.726027,0,0,0,False
2023-02-09,158919.003442,0,0,0,False
2023-02-10,158847.264586,0,0,0,False
2023-02-13,160002.049605,0,0,0,False
2023-02-14,159778.573624,0,0,0,False
2023-02-15,159663.905105,0,0,0,False
2023-02-16,158357.635836,0,0,0,False
2023-02-17,158274.585592,0,0,0,False
2023-02-21,155988.523184,0,0,0,False
2023-02-22,155659.760027,0,0,0,False
2023-02-23,156353.246553,0,0,0,False
2023-02-24,154697.199847,0,0,0,False
2023-02-27,155357.395877,0,0,0,False
2023-02-28,155002.873042,0,0,0,False
2023-03-01,154781.448238,0,0,0,False
2023-03-02,155356.301344,0,0,0,False
2023-03-03,157390.200523,0,0,0,False
2023-03-06,157152.690952,0,0,0,False
2023-03-07,155100.657744,0,0,0,False
2023-03-08,155380.665127,0,0,0,False
2023-03-09,153922.725535,0,0,0,False
2023-03-10,153330.582298,0,0,0,False
2023-03-13,153887.106006,0,0,0,False
2023-03-14,154938.960189,0,0,0,False
2023-03-15,154317.579769,0,0,0,False
2023-03-16,155649.569004,0,0,0,False
2023-03-17,155157.092777,0,0,0,False
2023-03-20,156089.816475,0,0,0,False
2023-03-21,156809.656603,0,0,0,False
2023-03-22,156034.268651,0,0,0,False
2023-03-23,156591.41684,0,0,0,False
2023-03-24,156949.017663,0,0,0,False
2023-03-27,156662.779474,0,0,0,False
2023-03-28,156710.220172,0,0,0,False
2023-03-29,158047.181138,0,0,0,False
2023-03-30,159065.298825,0,0,0,False
2023-03-31,160374.177092,0,0,0,False
2023-04-03,161069.346656,0,0,0,False
2023-04-04,161144.232394,0,0,0,False
2023-04-05,160812.961913,0,0,0,False
2023-04-06,161123.37893,0,0,0,False
2023-04-10,160809.43437,0,0,0,False
2023-04-11,161128.068836,0,0,0,False
2023-04-12,161032.944798,0,0,0,False
2023-04-13,162510.551984,0,0,0,False
2023-04-14,161598.438361,0,0,0,False
2023-04-17,161728.389362,0,0,0,False
2023-04-18,161953.723635,0,0,0,False
2023-04-19,161685.713622,0,0,0,False
2023-04-20,161479.198963,0,0,0,False
2023-04-21,161327.776751,0,0,0,False
2023-04-24,161622.012774,0,0,0,False
2023-04-25,160325.867336,0,0,0,False
2023-04-26,159782.657011,0,0,0,False
2023-04-27,161507.190831,0,0,0,False
2023-04-28,162436.790316,0,0,0,False
2023-05-01,161797.172581,0,0,0,False
2023-05-02,161280.01774,0,0,0,False
2023-05-03,161152.844391,0,0,0,False
2023-05-04,160823.738358,0,0,0,False
2023-05-05,162250.728812,0,0,0,False
2023-05-08,162050.625409,0,0,0,False
2023-05-09,161658.263541,0,0,0,False
2023-05-10,162234.64357,0,0,0,False
2023-05-11,161881.817188,0,0,0,False
2023-05-12,161429.13447,0,0,0,False
2023-05-15,161917.161945,0,0,0,False
2023-05-16,160682.493897,0,0,0,False
2023-05-17,161635.405001,0,0,0,False
2023-05-18,161799.126753,0,0,0,False
2023-05-19,161877.792652,0,0,0,False
2023-05-22,161921.381588,0,0,0,False
2023-05-23,160715.032551,0,0,0,False
2023-05-24,159457.385375,0,0,0,False
2023-05-25,159673.115949,0,0,0,False
2023-05-26,161083.06796,0,0,0,False
2023-05-30,161203.672676,0,0,0,False
2023-05-31,160724.92259,0,0,0,False
2023-06-01,162085.823144,0,0,0,False
2023-06-02,163257.239121,0,0,0,False
2023-06-05,163014.881575,0,0,0,False
2023-06-06,163543.720875,0,0,0,False
2023-06-07,162771.390178,0,0,0,False
2023-06-08,163861.391291,0,0,0,False
2023-06-09,163810.550573,0,0,0,False
2023-06-12,164642.008732,0,0,0,False
2023-06-13,165128.812057,0,0,0,False
2023-06-14,165423.369656,0,0,0,False
2023-06-15,167046.874049,0,0,0,False
2023-06-16,166537.182922,0,0,0,False
2023-06-20,165545.746322,0,0,0,False
2023-06-21,165169.633747,0,0,0,False
2023-06-22,164816.376091,0,0,0,False
2023-06-23,163856.474774,0,0,0,False
2023-06-26,163885.690956,0,0,0,False
2023-06-27,164858.409664,0,0,0,False
2023-06-28,164968.367416,0,0,0,False
2023-06-29,164949.101455,0,0,0,False
2023-06-30,166403.140534,0,0,0,False
2023-07-03,166604.014423,0,0,0,False
2023-07-05,165989.665625,0,0,0,False
2023-07-06,164503.364823,0,0,0,False
2023-07-07,164672.636018,0,0,0,False
2023-07-10,165094.604666,0,0,0,False
2023-07-11,166076.250008,0,0,0,False
2023-07-12,167849.406967,0,0,0,False
2023-07-13,169204.253138,0,0,0,False
2023-07-14,168713.719299,0,0,0,False
2023-07-17,168993.77125,0,0,0,False
2023-07-18,169859.141314,0,0,0,False
2023-07-19,170223.943398,0,0,0,False
2023-07-20,169220.423389,0,0,0,False
2023-07-21,169257.104375,0,0,0,False
2023-07-24,169593.260117,0,0,0,False
2023-07-25,169908.114119,0,0,0,False
2023-07-26,170212.684293,0,0,0,False
2023-07-27,168763.990068,0,0,0,False
2023-07-28,170141.292334,0,0,0,False
2023-07-31,170428.693791,0,0,0,False
2023-08-01,169421.97161,0,0,0,False
2023-08-02,167529.832575,0,0,0,False
2023-08-03,166926.02243,0,0,0,False
2023-08-04,166995.117649,0,0,0,False
2023-08-07,167873.895901,0,0,0,False
2023-08-08,167249.590308,0,0,0,False
2023-08-09,166714.221659,0,0,0,False
2023-08-10,166531.238319,0,0,0,False
2023-08-11,166139.899129,0,0,0,False
2023-08-14,166293.369536,0,0,0,False
2023-08-15,164792.961554,0,0,0,False
2023-08-16,163729.548722,0,0,0,False
2023-08-17,162910.578814,0,0,0,False
2023-08-18,163017.711022,0,0,0,False
2023-08-21,163380.413624,0,0,0,False
2023-08-22,163197.159751,0,0,0,False
2023-08-23,164997.121303,0,0,0,False
2023-08-24,163489.861485,0,0,0,False
2023-08-25,164119.674858,0,0,0,False
2023-08-28,165086.423053,0,0,0,False
2023-08-29,167035.413815,0,0,0,False
2023-08-30,167367.677962,0,0,0,False
2023-08-31,167086.360492,0,0,0,False
2023-09-01,167149.888377,0,0,0,False
2023-09-05,166169.407158,0,0,0,False
2023-09-06,165392.161085,0,0,0,False
2023-09-07,165183.221037,0,0,0,False
2023-09-08,165284.119549,0,0,0,False
2023-09-11,166098.837619,0,0,0,False
2023-09-12,165499.928674,0,0,0,False
2023-09-13,165475.504091,0,0,0,False
2023-09-14,166551.524734,0,0,0,False
2023-09-15,165523.645521,0,0,0,False
2023-09-18,165553.9558,0,0,0,False
2023-09-19,165206.822588,0,0,0,False
2023-09-20,164401.184236,0,0,0,False
2023-09-21,162074.296066,0,0,0,False
2023-09-22,162156.600989,0,0,0,False
2023-09-25,161982.160401,0,0,0,False
2023-09-26,160210.128974,0,0,0,False
2023-09-27,159833.27737,0,0,0,False
2023-09-28,160557.892161,0,0,0,False
2023-09-29,160148.052981,0,0,0,False
2023-10-02,159207.350504,0,0,0,False
2023-10-03,157417.801187,0,0,0,False
2023-10-04,158235.092261,0,0,0,False
2023-10-05,158465.646972,0,0,0,False
2023-10-06,159577.58187,0,0,0,False
2023-10-09,160734.158952,0,0,0,False
2023-10-10,161468.767406,0,0,0,False
2023-10-11,162289.802559,0,0,0,False
2023-10-12,161114.888064,0,0,0,False
2023-10-13,161183.625075,0,0,0,False
2023-10-16,161988.011776,0,0,0,False
2023-10-17,161706.27082,0,0,0,False
2023-10-18,160162.296271,0,0,0,False
2023-10-19,159224.492387,0,0,0,False
2023-10-20,158199.305776,0,0,0,False
2023-10-23,158084.389281,0,0,0,False
2023-10-24,158983.596972,0,0,0,False
2023-10-25,157356.472813,0,0,0,False
2023-10-26,156706.686535,0,0,0,False
2023-10-27,156431.427266,0,0,0,False
2023-10-30,157473.646214,0,0,0,False
2023-10-31,157904.779446,0,0,0,False
2023-11-01,159310.753481,0,0,0,False
2023-11-02,161757.694891,0,0,0,False
2023-11-03,163280.408547,0,0,0,False
2023-11-06,162997.107091,0,0,0,False
2023-11-07,163105.597558,0,0,0,False
2023-11-08,163067.430292,0,0,0,False
2023-11-09,162051.093776,0,0,0,False
2023-11-10,163319.176856,0,0,0,False
2023-11-13,163311.258554,0,0,0,False
2023-11-14,166492.554062,0,0,0,False
2023-11-15,166420.232711,0,0,0,False
2023-11-16,166774.38879,0,0,0,False
2023-11-17,167231.915246,0,0,0,False
2023-11-20,168085.808605,0,0,0,False
2023-11-21,167934.372249,0,0,0,False
2023-11-22,168248.801763,0,0,0,False
2023-11-24,168399.358429,0,0,0,False
2023-11-27,168518.903271,0,0,0,False
2023-11-28,169116.245862,0,0,0,False
2023-11-29,169336.709488,0,0,0,False
2023-11-30,169500.069244,0,0,0,False
2023-12-01,171006.221599,0,0,0,False
2023-12-04,169863.553836,0,0,0,False
2023-12-05,169887.11644,0,0,0,False
2023-12-06,169755.303486,0,0,0,False
2023-12-07,170521.223996,0,0,0,False
2023-12-08,170465.122283,0,0,0,False
2023-12-11,170697.991971,0,0,0,False
2023-12-12,171134.829005,0,0,0,False
2023-12-13,173823.479834,0,0,0,False
2023-12-14,175023.420184,0,0,0,False
2023-12-15,174269.36589,0,0,0,False
2023-12-18,174775.85656,0,0,0,False
2023-12-19,175769.34784,0,0,0,False
2023-12-20,174219.636766,0,0,0,False
2023-12-21,175673.766371,0,0,0,False
2023-12-22,175923.182451,0,0,0,False
2023-12-26,176657.345329,0,0,0,False
2023-12-27,177348.094729,0,0,0,False
2023-12-28,177224.94569,0,0,0,False
2023-12-29,176805.56497,0,0,0,False
2024-01-02,175866.728963,0,0,0,False
2024-01-03,174708.180313,0,0,0,False
2024-01-04,174314.928021,0,0,0,False
2024-01-05,174329.577894,0,0,0,False
2024-01-08,175855.945596,0,0,0,False
2024-01-09,175364.648681,0,0,0,False
2024-01-10,175859.688456,0,0,0,False
2024-01-11,176002.289038,0,0,0,False
2024-01-12,176480.316377,0,0,0,False
2024-01-16,175101.853622,0,0,0,False
2024-01-17,173863.474094,0,0,0,False
2024-01-18,174892.686779,0,0,0,False
2024-01-19,176196.483377,0,0,0,False
2024-01-22,176440.801684,0,0,0,False
2024-01-23,176589.556412,0,0,0,False
2024-01-24,176579.485414,0,0,0,False
2024-01-25,177435.320236,0,0,0,False
2024-01-26,177353.030086,0,0,0,False
2024-01-29,178504.772783,0,0,0,False
2024-01-30,178353.537498,0,0,0,False
2024-01-31,176960.260847,0,0,0,False
2024-02-01,178858.007713,0,0,0,False
2024-02-02,178864.633612,0,0,0,False
2024-02-05,177845.1678,0,0,0,False
2024-02-06,178777.461977,0,0,0,False
2024-02-07,179404.996673,0,0,0,False
2024-02-08,179304.067359,0,0,0,False
2024-02-09,179826.374658,0,0,0,False
2024-02-12,179856.16982,0,0,0,False
2024-02-13,177371.357896,0,0,0,False
2024-02-14,178747.414539,0,0,0,False
2024-02-15,180020.569528,0,0,0,False
2024-02-16,179506.216289,0,0,0,False
2024-02-20,179262.791975,0,0,0,False
2024-02-21,179298.256135,0,0,0,False
2024-02-22,181421.096796,0,0,0,False
2024-02-23,181758.278064,0,0,0,False
2024-02-26,181175.599372,0,0,0,False
2024-02-27,181336.25188,0,0,0,False
2024-02-28,181184.454391,0,0,0,False
2024-02-29,181792.336712,0,0,0,False
2024-03-01,183550.573457,0,0,0,False
2024-03-04,183621.705743,0,0,0,False
2024-03-05,182858.046911,0,0,0,False
2024-03-06,183931.27187,0,0,0,False
2024-03-07,185288.588566,0,0,0,False
2024-03-08,184942.500218,0,0,0,False
2024-03-11,184701.91065,0,0,0,False
2024-03-12,185580.405612,0,0,0,False
2024-03-13,185418.880676,0,0,0,False
2024-03-14,184592.319528,0,0,0,False
2024-03-15,183846.433489,0,0,0,False
2024-03-18,184379.065779,0,0,0,False
2024-03-19,184953.815434,0,0,0,False
2024-03-20,186462.611312,0,0,0,False
2024-03-21,186842.574875,0,0,0,False
2024-03-22,186444.377361,0,0,0,False
2024-03-25,186082.538613,0,0,0,False
2024-03-26,186006.195651,0,0,0,False
2024-03-27,187396.560592,0,0,0,False
2024-03-28,187598.247334,0,0,0,False
2024-04-01,187125.524439,0,0,0,False
2024-04-02,186553.292311,0,0,0,False
2024-04-03,186998.591025,0,0,0,False
2024-04-04,185629.282359,0,0,0,False
2024-04-05,186818.900885,0,0,0,False
2024-04-08,187187.511065,0,0,0,False
2024-04-09,187692.700714,0,0,0,False
2024-04-10,185373.920041,0,0,0,False
2024-04-11,186536.019383,0,0,0,False
2024-04-12,184483.157661,0,0,0,False
2024-04-15,183266.297612,0,0,0,False
2024-04-16,182555.783197,0,0,0,False
2024-04-17,182064.108498,0,0,0,False
2024-04-18,181840.240074,0,0,0,False
2024-04-19,181224.605623,0,0,0,False
2024-04-22,181937.543065,0,0,0,False
2024-04-23,183352.995195,0,0,0,False
2024-04-24,183137.378711,0,0,0,False
2024-04-25,182680.572548,0,0,0,False
2024-04-26,183924.819793,0,0,0,False
2024-04-29,184600.489225,0,0,0,False
2024-04-30,182091.114883,0,0,0,False
2024-05-01,182085.046328,0,0,0,False
2024-05-02,183640.086282,0,0,0,False
2024-05-03,185247.805966,0,0,0,False
2024-05-06,186577.961621,0,0,0,False
2024-05-07,186714.100057,0,0,0,False
2024-05-08,186492.484263,0,0,0,False
2024-05-09,187763.081879,0,0,0,False
2024-05-10,187948.894858,0,0,0,False
2024-05-13,187846.572492,0,0,0,False
2024-05-14,188794.959355,0,0,0,False
2024-05-15,190842.366686,0,0,0,False
2024-05-16,190396.543175,0,0,0,False
2024-05-17,190882.514778,0,0,0,False
2024-05-20,190977.966379,0,0,0,False
2024-05-21,191164.868927,0,0,0,False
2024-05-22,190159.000691,0,0,0,False
2024-05-23,188625.600648,0,0,0,False
2024-05-24,189530.95835,0,0,0,False
2024-05-28,189552.533451,0,0,0,False
2024-05-29,187971.716471,0,0,0,False
2024-05-30,187910.303901,0,0,0,False
2024-05-31,189064.856468,0,0,0,False
2024-06-03,189656.156409,0,0,0,False
2024-06-04,189608.927334,0,0,0,False
2024-06-05,191300.686734,0,0,0,False
2024-06-06,191552.389237,0,0,0,False
2024-06-07,189937.558089,0,0,0,False
2024-06-10,190441.431698,0,0,0,False
2024-06-11,190523.052503,0,0,0,False
2024-06-12,191945.374713,0,0,0,False
2024-06-13,191835.588792,0,0,0,False
2024-06-14,191971.876653,0,0,0,False
2024-06-17,192583.848173,0,0,0,False
2024-06-18,193240.422016,0,0,0,False
2024-06-20,193120.648032,0,0,0,False
2024-06-21,192513.531484,0,0,0,False
2024-06-24,192592.321063,0,0,0,False
2024-06-25,192797.643035,0,0,0,False
2024-06-26,192341.501464,0,0,0,False
2024-06-27,192904.141951,0,0,0,False
2024-06-28,192447.854003,0,0,0,False
2024-07-01,192435.970523,0,0,0,False
2024-07-02,193312.580148,0,0,0,False
2024-07-03,194573.960369,0,0,0,False
2024-07-05,195767.288612,0,0,0,False
2024-07-08,195553.500025,0,0,0,False
2024-07-09,195574.570443,0,0,0,False
2024-07-10,197093.668307,0,0,0,False
2024-07-11,197178.314141,0,0,0,False
2024-07-12,198229.338746,0,0,0,False
2024-07-15,198211.279538,0,0,0,False
2024-07-16,199637.883079,0,0,0,False
2024-07-17,197996.621486,0,0,0,False
2024-07-18,196625.396351,0,0,0,False
2024-07-19,195298.261448,0,0,0,False
2024-07-22,196651.997192,0,0,0,False
2024-07-23,196352.751564,0,0,0,False
2024-07-24,193479.909553,0,0,0,False
2024-07-25,192581.592518,0,0,0,False
2024-07-26,194534.757591,0,0,0,False
2024-07-29,194534.466778,0,0,0,False
2024-07-30,194401.284745,0,0,0,False
2024-07-31,197011.500836,0,0,0,False
2024-08-01,195019.822776,0,0,0,False
2024-08-02,193148.750231,0,0,0,False
2024-08-05,189197.332387,0,0,0,False
2024-08-06,189838.238125,0,0,0,False
2024-08-07,189215.594927,0,0,0,False
2024-08-08,192179.835863,0,0,0,False
2024-08-09,192918.299127,0,0,0,False
2024-08-12,193372.747297,0,0,0,False
2024-08-13,195557.988073,0,0,0,False
2024-08-14,195818.566937,0,0,0,False
2024-08-15,197706.6634,0,0,0,False
2024-08-16,198670.695599,0,0,0,False
2024-08-19,200051.985804,0,0,0,False
2024-08-20,199950.713047,0,0,0,False
2024-08-21,200651.190675,0,0,0,False
2024-08-22,199229.078812,0,0,0,False
2024-08-23,201482.151878,0,0,0,False
2024-08-26,201119.455179,0,0,0,False
2024-08-27,201436.408274,0,0,0,False
2024-08-28,200484.511787,0,0,0,False
2024-08-29,200598.60943,0,0,0,False
2024-08-30,201450.456555,0,0,0,False
2024-09-03,198944.617553,0,0,0,False
2024-09-04,198880.958658,0,0,0,False
2024-09-05,198905.649288,0,0,0,False
2024-09-06,196586.589302,0,0,0,False
2024-09-09,198210.333587,0,0,0,False
2024-09-10,198845.365646,0,0,0,False
2024-09-11,199955.216436,0,0,0,False
2024-09-12,201408.857851,0,0,0,False
2024-09-13,202408.0922,0,0,0,False
2024-09-16,202930.323945,0,0,0,False
2024-09-17,202623.336223,0,0,0,False
2024-09-18,201896.190018,0,0,0,False
2024-09-19,204561.748825,0,0,0,False
2024-09-20,204333.926442,0,0,0,False
2024-09-23,204864.407889,0,0,0,False
2024-09-24,205949.48055,0,0,0,False
2024-09-25,205228.856423,0,0,0,False
2024-09-26,206500.612937,0,0,0,False
2024-09-27,206146.360283,0,0,0,False
2024-09-30,206195.314791,0,0,0,False
2024-10-01,205458.68954,0,0,0,False
2024-10-02,205505.814895,0,0,0,False
2024-10-03,204670.897826,0,0,0,False
2024-10-04,205441.896738,0,0,0,False
2024-10-07,204188.475956,0,0,0,False
2024-10-08,204754.310554,0,0,0,False
2024-10-09,205178.533746,0,0,0,False
2024-10-10,205049.712033,0,0,0,False
2024-10-11,206179.708925,0,0,0,False
2024-10-14,206990.598884,0,0,0,False
2024-10-15,205986.328889,0,0,0,False
2024-10-16,206852.989679,0,0,0,False
2024-10-17,206697.415013,0,0,0,False
2024-10-18,207670.147922,0,0,0,False
2024-10-21,206669.927789,0,0,0,False
2024-10-22,206721.651101,0,0,0,False
2024-10-23,205185.221178,0,0,0,False
2024-10-24,205751.102167,0,0,0,False
2024-10-25,205502.192391,0,0,0,False
2024-10-28,205986.751018,0,0,0,False
2024-10-29,206248.999545,0,0,0,False
2024-10-30,205889.462427,0,0,0,False
2024-10-31,203200.328492,0,0,0,False
2024-11-01,203310.729649,0,0,0,False
2024-11-04,203445.465686,0,0,0,False
2024-11-05,205259.486096,0,0,0,False
2024-11-06,206168.127393,0,0,0,False
2024-11-07,208258.763926,0,0,0,False
2024-11-08,208211.646404,0,0,0,False
2024-11-11,207600.407005,0,0,0,False
2024-11-12,206178.856373,0,0,0,False
2024-11-13,205852.694366,0,0,0,False
2024-11-14,205020.041748,0,0,0,False
2024-11-15,203590.667836,0,0,0,False
2024-11-18,204759.345831,0,0,0,False
2024-11-19,205407.332553,0,0,0,False
2024-11-20,205433.403309,0,0,0,False
2024-11-21,206235.891991,0,0,0,False
2024-11-22,207043.887622,0,0,0,False
2024-11-25,207353.135126,0,0,0,False
2024-11-26,207699.20372,0,0,0,False
2024-11-27,207779.244022,0,0,0,False
2024-11-29,209074.977411,0,0,0,False
2024-12-02,209008.378629,0,0,0,False
2024-12-03,209126.115233,0,0,0,False
2024-12-04,209967.857124,0,0,0,False
2024-12-05,209782.927093,0,0,0,False
2024-12-06,210048.641862,0,0,0,False
2024-12-09,209748.559623,0,0,0,False
2024-12-10,209189.835795,0,0,0,False
2024-12-11,210294.083385,0,0,0,False
2024-12-12,208955.282783,0,0,0,False
2024-12-13,208428.685923,0,0,0,False
2024-12-16,208764.397096,0,0,0,False
2024-12-17,208123.346239,0,0,0,False
2024-12-18,203123.794539,0,0,0,False
2024-12-19,202835.127174,0,0,0,False
2024-12-20,204551.145728,0,0,0,False
2024-12-23,205155.19847,0,0,0,False
2024-12-24,206577.590983,0,0,0,False
2024-12-26,206857.080958,0,0,0,False
2024-12-27,205347.371858,0,0,0,False
2024-12-30,204001.183136,0,0,0,False
2024-12-31,203768.859317,0,0,0,False
2025-01-02,203678.512589,0,0,0,False
2025-01-03,205019.589239,0,0,0,False
2025-01-06,205699.006329,0,0,0,False
2025-01-07,204302.068145,0,0,0,False
2025-01-08,204566.751241,0,0,0,False
2025-01-10,202273.340682,0,0,0,False
2025-01-13,202146.434411,0,0,0,False
2025-01-14,202666.149277,0,0,0,False
2025-01-15,205454.980222,0,0,0,False
2025-01-16,205737.544313,0,0,0,False
2025-01-17,206848.411205,0,0,0,False
2025-01-21,208979.740173,0,0,0,False
2025-01-22,209384.655037,0,0,0,False
2025-01-23,210140.475284,0,0,0,False
2025-01-24,210259.058474,0,0,0,False
2025-01-27,208691.353406,0,0,0,False
2025-01-28,209691.607762,0,0,0,False
2025-01-29,208996.904774,0,0,0,False
2025-01-30,210466.770466,0,0,0,False
2025-01-31,209544.877088,0,0,0,False
2025-02-03,208610.846327,0,0,0,False
2025-02-04,210060.697986,0,0,0,False
2025-02-05,211178.754476,0,0,0,False
2025-02-06,211604.693788,0,0,0,False
2025-02-07,210317.198435,0,0,0,False
2025-02-10,211670.558971,0,0,0,False
2025-02-11,211694.98471,0,0,0,False
2025-02-12,211163.79414,0,0,0,False
2025-02-13,213230.572934,0,0,0,False
2025-02-14,213034.232371,0,0,0,False
2025-02-18,213825.168144,0,0,0,False
2025-02-19,213893.844188,0,0,0,False
2025-02-20,213763.089665,0,0,0,False
2025-02-21,211809.760094,0,0,0,False
2025-02-24,211426.112183,0,0,0,False
2025-02-25,211148.05603,0,0,0,False
2025-02-26,211391.179485,0,0,0,False
2025-02-27,208895.041351,0,0,0,False
2025-02-28,210539.746126,0,0,0,False
2025-03-03,209313.104518,0,0,0,False
2025-03-04,208089.919397,0,0,0,False
2025-03-05,210013.441375,0,0,0,False
2025-03-06,207538.791354,0,0,0,False
2025-03-07,208434.231377,0,0,0,False
2025-03-10,204871.253687,0,0,0,False
2025-03-11,204077.844373,0,0,0,False
2025-03-12,204790.981778,0,0,0,False
2025-03-13,203646.02255,0,0,0,False
2025-03-14,206359.779563,0,0,0,False
2025-03-17,207866.017937,0,0,0,False
2025-03-18,207025.366578,0,0,0,False
2025-03-19,208472.986711,0,0,0,False
2025-03-20,207895.333051,0,0,0,False
2025-03-21,207401.485823,0,0,0,False
2025-03-24,209071.955983,0,0,0,False
2025-03-25,209519.036539,0,0,0,False
2025-03-26,207855.357704,0,0,0,False
2025-03-27,207973.49151,0,0,0,False
2025-03-28,205957.947845,0,0,0,False
2025-03-31,206914.297417,0,0,0,False
2025-04-01,207395.216983,0,0,0,False
2025-04-02,208152.322585,0,0,0,False
2025-04-03,202424.303849,0,0,0,False
2025-04-04,193904.592045,0,0,0,False
2025-04-07,191671.017477,0,0,0,False
2025-04-08,189809.798051,0,0,0,False
2025-04-09,202541.433573,0,0,0,False
2025-04-10,197841.918748,0,0,0,False
2025-04-11,200882.326436,0,0,0,False
2025-04-14,202422.219029,0,0,0,False
2025-04-15,202583.121213,0,0,0,False
2025-04-16,201329.0142,0,0,0,False
2025-04-17,201731.788554,0,0,0,False
2025-04-21,199859.639206,0,0,0,False
2025-04-22,202672.692896,0,0,0,False
2025-04-23,203698.650541,0,0,0,False
2025-04-24,206752.047795,0,0,0,False
2025-04-25,207303.370817,0,0,0,False
2025-04-28,208114.403523,0,0,0,False
2025-04-29,208718.107372,0,0,0,False
2025-04-30,208561.378671,0,0,0,False
2025-05-01,208463.719172,0,0,0,False
2025-05-02,210556.852004,0,0,0,False
2025-05-05,210802.414025,0,0,0,False
2025-05-06,210731.520431,0,0,0,False
2025-05-07,210605.72709,0,0,0,False
2025-05-08,210378.387657,0,0,0,False
2025-05-09,210783.304056,0,0,0,False
2025-05-12,213436.572246,0,0,0,False
2025-05-13,214160.110376,0,0,0,False
2025-05-14,213492.877373,0,0,0,False
2025-05-15,215063.591911,0,0,0,False
2025-05-16,215603.646853,0,0,0,False
2025-05-19,216310.227646,0,0,0,False
2025-05-20,216459.366274,0,0,0,False
2025-05-21,214251.240062,0,0,0,False
2025-05-22,214091.811128,0,0,0,False
2025-05-23,214195.183763,0,0,0,False
2025-05-27,216527.876956,0,0,0,False
2025-05-28,215450.837029,0,0,0,False
2025-05-29,216389.512126,0,0,0,False
2025-05-30,216153.066654,0,0,0,False
2025-06-02,217732.035485,0,0,0,False
2025-06-03,217827.226164,0,0,0,False
2025-06-04,218476.084792,0,0,0,False
2025-06-05,217739.533813,0,0,0,False
2025-06-06,218369.496816,0,0,0,False
2025-06-09,218728.186112,0,0,0,False
2025-06-10,219604.632452,0,0,0,False
2025-06-11,219561.775903,0,0,0,False
2025-06-12,220745.329196,0,0,0,False
2025-06-13,219214.742211,0,0,0,False
2025-06-16,219955.846611,0,0,0,False
2025-06-17,218724.104531,0,0,0,False
2025-06-18,218676.757749,0,0,0,False
2025-06-20,218133.518047,0,0,0,False
2025-06-23,219753.132702,0,0,0,False
2025-06-24,221222.161185,0,0,0,False
2025-06-25,221035.584607,0,0,0,False
2025-06-26,222339.531414,0,0,0,False
2025-06-27,222482.035303,0,0,0,False
2025-06-30,223631.00605,0,0,0,False
2025-07-01,223860.871531,0,0,0,False
2025-07-02,224585.7342,0,0,0,False
2025-07-03,225243.172005,0,0,0,False
2025-07-07,223763.461212,0,0,0,False
2025-07-08,223634.965909,0,0,0,False
2025-07-09,224800.899984,0,0,0,False
2025-07-10,225235.510685,0,0,0,False
2025-07-11,224676.320119,0,0,0,False
2025-07-14,224884.260149,0,0,0,False
2025-07-15,223803.859087,0,0,0,False
2025-07-16,224650.822932,0,0,0,False
2025-07-17,225386.235192,0,0,0,False
2025-07-18,225392.943808,0,0,0,False
2025-07-21,226415.828023,0,0,0,False
2025-07-22,227066.623373,0,0,0,False
2025-07-23,228301.83442,0,0,0,False
2025-07-24,227849.741359,0,0,0,False
2025-07-25,228075.574269,0,0,0,False
2025-07-28,227137.329134,0,0,0,False
2025-07-29,227278.989542,0,0,0,False
2025-07-30,226120.830398,0,0,0,False
2025-07-31,225462.50178,0,0,0,False
2025-08-01,224392.87675,0,0,0,False
2025-08-04,226843.144127,0,0,0,False
2025-08-05,226418.240973,0,0,0,False
2025-08-06,227390.653176,0,0,0,False
2025-08-07,227817.42492,0,0,0,False
2025-08-08,228666.199902,0,0,0,False
2025-08-11,227881.82468,0,0,0,False
2025-08-12,229526.40587,0,0,0,False
2025-08-13,230466.704911,0,0,0,False
2025-08-14,229970.235151,0,0,0,False
2025-08-15,229865.641231,0,0,0,False
2025-08-18,229718.658897,0,0,0,False
2025-08-19,229081.562753,0,0,0,False
2025-08-20,229195.259331,0,0,0,False
2025-08-21,228374.278888,0,0,0,False
2025-08-22,231439.227941,0,0,0,False
2025-08-25,230317.137992,0,0,0,False
2025-08-26,231027.996652,0,0,0,False
2025-08-27,231354.929392,0,0,0,False
2025-08-28,232158.199398,0,0,0,False
2025-08-29,231557.766875,0,0,0,False
2025-09-02,230835.956282,0,0,0,False
2025-09-03,231905.598849,0,0,0,False
2025-09-04,233097.408616,0,0,0,False
2025-09-05,233696.070679,0,0,0,False
2025-09-08,234782.402892,0,0,0,False
2025-09-09,234817.541896,0,0,0,False
2025-09-10,235388.959178,0,0,0,False
2025-09-11,236992.764461,0,0,0,False
2025-09-12,236755.896642,0,0,0,False
2025-09-15,238048.723102,0,0,0,False
2025-09-16,237946.297319,0,0,0,False
2025-09-17,237433.595142,0,0,0,False
2025-09-18,237809.920358,0,0,0,False
2025-09-19,238470.592781,0,0,0,False
2025-09-22,239674.716305,0,0,0,False
2025-09-23,239244.964742,0,0,0,False
2025-09-24,238181.087342,0,0,0,False
2025-09-25,237405.681833,0,0,0,False
2025-09-26,238510.616848,0,0,0,False
2025-09-29,239658.691448,0,0,0,False
2025-09-30,240542.468169,0,0,0,False
2025-10-01,241418.425111,0,0,0,False
2025-10-02,241532.160781,0,0,0,False
2025-10-03,242082.741541,0,0,0,False
2025-10-06,243014.940895,0,0,0,False
2025-10-07,242458.724042,0,0,0,False
2025-10-08,243810.379807,0,0,0,False
2025-10-09,242409.113864,0,0,0,False
2025-10-10,238677.547973,0,0,0,False
2025-10-13,241930.233859,0,0,0,False
2025-10-14,242187.174993,0,0,0,False
2025-10-15,243746.456442,0,0,0,False
2025-10-16,244044.808756,0,0,0,False
2025-10-17,244042.945118,0,0,0,False
2025-10-20,247045.030115,0,0,0,False
2025-10-21,244422.598561,0,0,0,False
2025-10-22,243866.850238,0,0,0,False
2025-10-23,244833.54559,0,0,0,False
2025-10-24,245898.120331,0,0,0,False
2025-10-27,246742.091107,0,0,0,False
2025-10-28,246680.654066,0,0,0,False
2025-10-29,246010.329986,0,0,0,False
2025-10-30,245020.002736,0,0,0,False
2025-10-31,245192.058447,0,0,0,False
2025-11-03,245524.886307,0,0,0,False
2025-11-04,243006.80801,0,0,0,False
2025-11-05,243937.838198,0,0,0,False
2025-11-06,242560.66978,0,0,0,False
2025-11-07,243093.052027,0,0,0,False
2025-11-10,246312.694977,0,0,0,False
2025-11-11,247163.859413,0,0,0,False
2025-11-12,247899.12823,0,0,0,False
2025-11-13,244930.013468,0,0,0,False
2025-11-14,244226.707678,0,0,0,False
2025-11-17,242161.391771,0,0,0,False
2025-11-18,241119.792617,0,0,0,False
2025-11-19,241408.649163,0,0,0,False
2025-11-20,239100.251354,0,0,0,False
2025-11-21,240873.735846,0,0,0,False
2025-11-24,243436.975033,0,0,0,False
2025-11-25,245039.760309,0,0,0,False
2025-11-26,246622.99719,0,0,0,False
2025-11-28,247841.110596,0,0,0,False
2025-12-01,246988.556057,0,0,0,False
2025-12-02,247091.330129,0,0,0,False
2025-12-03,247748.228747,0,0,0,False
2025-12-04,247842.499458,0,0,0,False
2025-12-05,248026.396513,0,0,0,False
2025-12-08,247330.446506,0,0,0,False
2025-12-09,247268.379044,0,0,0,False
2025-12-10,248832.898173,0,0,0,False
2025-12-11,249641.858403,0,0,0,False
2025-12-12,248148.276197,0,0,0,False
2025-12-15,248223.934045,0,0,0,False
2025-12-16,247664.385902,0,0,0,False
2025-12-17,246380.256933,0,0,0,False
2025-12-18,247610.163438,0,0,0,False
2025-12-19,248922.608863,0,0,0,False
2025-12-22,250707.545733,0,0,0,False
2025-12-23,251996.400276,0,0,0,False
2025-12-24,252498.137799,0,0,0,False
2025-12-26,253063.532499,0,0,0,False
2025-12-29,250987.996025,0,0,0,False
2025-12-30,250933.63365,0,0,0,False
2025-12-31,249447.220277,0,0,0,False
