Date,AGG,GLD,IEF,SPY,TIP,VEA,VNQ,VWO
2015-01-02,79.5292434692,114.080001831,81.4629364014,169.267471313,81.7187805176,26.7185306549,51.6428527832,28.5559959412
2015-01-05,79.7020950317,115.800003052,81.9599761963,166.210617065,81.7840270996,26.1230449677,51.9254951477,28.1012248993
2015-01-06,79.9037399292,117.120002747,82.5105819702,164.645050049,81.7912521362,25.8324050903,52.440536499,27.9640808105
2015-01-07,79.8893432617,116.430000305,82.4952468872,166.696731567,81.8564605713,26.1088752747,53.2445030212,28.6065158844
2015-01-08,79.7668991089,115.940002441,82.1588287354,169.654754639,81.7260360718,26.5058498383,53.4455070496,29.0901508331
2015-01-09,79.9613494873,117.260002136,82.564125061,168.295227051,81.9724807739,26.3782520294,53.4706077576,28.9457817078
2015-01-12,80.026184082,118.559997559,82.8546905518,166.976913452,81.9507827759,26.349905014,53.8788833618,28.6859130859
2015-01-13,80.0477828979,118.160003662,82.9311218262,166.507278442,81.820274353,26.4775028229,53.797252655,28.8880290985
2015-01-14,80.2422103882,117.970001221,83.3134765625,165.501968384,82.3059692383,26.4066066742,54.2620353699,28.7797660828
2015-01-15,80.6095123291,120.940002441,84.0247039795,163.985870361,82.9583892822,26.5554733276,54.3876647949,28.8663692474
2015-01-16,80.2998275757,122.519996643,83.4052200317,166.136444092,82.494430542,26.8461284637,54.8587379456,29.1551170349
2015-01-20,80.436668396,124.199996948,83.5964813232,166.490753174,82.6901473999,26.9666519165,54.4253463745,29.0540618896
2015-01-21,80.2926330566,124.230003357,83.1987838745,167.331192017,82.3494415283,27.1651325226,54.3876647949,29.7037181854
2015-01-22,80.2494354248,125.230003357,82.9923095703,169.819595337,82.3712005615,27.2643871307,55.354927063,30.3317203522
2015-01-23,80.4511260986,124.230003357,83.5352172852,168.88848877,82.8713989258,27.1013374329,55.1978988647,30.071849823
2015-01-26,80.4150772095,122.989997864,83.3440933228,169.284011841,82.7336730957,27.4628734589,55.6627159119,30.1079406738
2015-01-27,80.3718338013,124.400001526,83.458770752,167.051055908,82.9946289062,27.4841518402,55.6815490723,29.9491424561
2015-01-28,80.7103271484,123.419998169,84.1011428833,164.908706665,83.3135528564,27.1226062775,55.3109664917,29.5954399109
2015-01-29,80.6455612183,120.760002136,83.8028564453,166.433074951,83.2193527222,27.491230011,55.5056915283,29.6243209839
2015-01-30,80.93359375,123.449996948,84.5370483398,164.340164185,83.8210144043,27.0446205139,54.3625335693,28.8302841187
2015-02-02,80.9307174683,122.419998169,84.4312744141,166.375427246,83.7630310059,27.3990783691,54.2180671692,29.3428001404
2015-02-03,80.620552063,121.050003052,83.71900177,168.781387329,83.3788452148,27.7889690399,54.6891555786,29.8625259399
2015-02-04,80.7431793213,121.580001831,83.8568344116,168.138671875,83.5528335571,27.5904808044,54.4630317688,29.6604061127
2015-02-05,80.5772628784,121.790000916,83.550453186,169.836044312,83.1903610229,27.8811187744,55.1162757874,29.8841590881
2015-02-06,80.1084136963,118.63999939,82.6160125732,169.366394043,82.5379104614,27.5479507446,53.5145874023,29.3933143616
2015-02-09,80.0940246582,119.169998169,82.5777053833,168.608383179,82.3929901123,27.4203414917,53.1377258301,29.3572349548
2015-02-10,80.0074157715,118.470001221,82.3708953857,170.404602051,82.1175003052,27.6542816162,53.3073196411,29.3066997528
2015-02-11,79.9713745117,117.069999695,82.3402786255,170.503509521,81.9652633667,27.5054073334,53.1502723694,29.1767654419
2015-02-12,79.9857940674,117.339996338,82.3708953857,172.143173218,81.8348007202,27.9307537079,53.7846679688,29.8553085327
2015-02-13,79.8920669556,117.980003357,82.0951538086,172.851837158,81.6680450439,28.129240036,53.4266700745,30.1584682465
2015-02-17,79.5674285889,116.010002136,81.5129623413,173.123687744,81.2548599243,28.1930561066,53.2947540283,30.0646343231
2015-02-18,79.7910232544,116.339996338,81.9036483765,173.140167236,81.5955505371,28.3844451904,53.7909507751,30.0935020447
2015-02-19,79.7261505127,115.940002441,81.6968460083,173.016540527,81.5303344727,28.3986377716,52.6352500916,29.9996738434
2015-02-20,79.740562439,115.279998779,81.6508560181,174.054779053,81.5375366211,28.6821880341,53.1440048218,30.1512584686
2015-02-23,79.8847961426,115.430000305,82.0261764526,174.030090332,81.6897888184,28.5687599182,53.5711135864,29.8625259399
2015-02-24,80.2382354736,115.260002136,82.5700454712,174.524353027,82.1826934814,28.7389087677,52.515914917,30.2739601135
2015-02-25,80.2959747314,115.699996948,82.6466293335,174.376144409,82.3204650879,28.7672557831,52.5284576416,30.1729221344
2015-02-26,80.0074157715,116.069999695,82.1564483643,174.170166016,82.2624664307,28.6892795563,51.9568939209,30.1512584686
2015-02-27,80.2094039917,116.160003662,82.4475097656,173.576843262,82.7408905029,28.7105503082,52.3651618958,30.1729221344
2015-03-02,79.8019256592,115.680000305,81.8337478638,174.67276001,82.0667190552,28.7530765533,52.6666603088,30.1296024323
2015-03-03,79.7007522583,115.470001221,81.6573486328,173.955886841,82.1826934814,28.5900325775,52.56615448,29.8553085327
2015-03-04,79.7440872192,115.11000061,81.7186737061,173.22253418,82.2624664307,28.4624404907,52.063659668,29.5088195801
2015-03-05,79.7802124023,115,81.7647018433,173.412063599,82.1175003052,28.5545825958,52.2144126892,29.4510688782
2015-03-06,79.2599868774,111.86000061,80.9284973145,170.97315979,81.1678695679,28.1717834473,50.4808425903,28.9746589661
2015-03-09,79.4623031616,111.970001221,81.3044204712,171.681777954,81.0446243286,28.1859531403,50.8828315735,28.8591556549
2015-03-10,79.6502304077,111.419998169,81.6496047974,168.896759033,81.138885498,27.5975646973,50.8451576233,28.2600479126
2015-03-11,79.8091125488,110.75,81.7953948975,168.501205444,81.2765655518,27.6684608459,50.8891181946,28.4838047028
2015-03-12,79.8741760254,110.720001221,81.8720703125,170.64352417,81.0953674316,28.0087299347,51.7747535706,28.6426181793
2015-03-13,79.7224731445,110.879997253,81.7493515015,169.597167969,80.8343963623,27.838596344,51.7433319092,28.2961196899
2015-03-16,79.8958435059,110.809997559,82.0331802368,171.863006592,80.9504013062,28.1505146027,52.2772331238,28.6281795502
2015-03-17,79.8814163208,110.209999084,82.202003479,171.352157593,81.0301055908,28.1221618652,52.2583847046,28.8086280823
2015-03-18,80.4665908813,112.370002747,83.1455993652,173.412063599,82.2697372437,28.703453064,53.3512840271,29.5521335602
2015-03-19,80.1848373413,112.290000916,82.7543106079,172.62109375,82.2189788818,28.3560905457,53.3261604309,29.0324001312
2015-03-20,80.4304962158,113.569999695,83.0918731689,174.144775391,82.4654083252,28.9657516479,54.6640129089,29.3933143616
2015-03-23,80.4449462891,114.290000916,83.1992797852,173.805450439,82.42918396,29.1004390717,54.5949211121,29.4799404144
2015-03-24,80.6617126465,114.569999695,83.4524765015,172.828811646,82.8278884888,29.0720825195,54.1301231384,29.5954399109
2015-03-25,80.5099258423,114.730003357,83.0918731689,170.296279907,82.8061523438,28.9161491394,53.1962356567,29.0827655792
2015-03-26,80.2209854126,115.480003357,82.6239624023,169.890625,82.3639526367,28.6811714172,52.91822052,28.9164543152
2015-03-27,80.3365249634,115.059997559,82.946105957,170.279647827,82.4001998901,28.745256424,52.9877281189,28.9815368652
2015-03-30,80.3726806641,113.75,82.9384689331,172.357070923,82.1537322998,28.7666130066,53.7459716797,29.5744686127
2015-03-31,80.5099258423,113.660003662,83.1532440186,170.850692749,82.3422012329,28.3607521057,53.2720794678,29.5527763367
2015-04-01,80.7712936401,115.599998474,83.5490264893,170.246536255,82.9801101685,28.5601234436,53.1962356567,29.9504795074
2015-04-02,80.6626968384,115.279998779,83.3108215332,170.859054565,82.6756973267,28.7737293243,53.6006202698,30.4132671356
2015-04-06,80.7133789062,116.690002441,83.4183807373,172.00944519,83.0018615723,29.0514392853,54.1566696167,30.782037735
2015-04-07,80.727897644,116.11000061,83.4875259399,171.554244995,83.1830978394,29.0514392853,53.2025756836,30.7097263336
2015-04-08,80.7351150513,115.470001221,83.4107055664,172.133590698,82.9801101685,29.1867198944,53.2847251892,31.3315811157
2015-04-09,80.532409668,114.669998169,83.072593689,172.895065308,82.6829147339,29.2294387817,52.1789550781,31.7365188599
2015-04-10,80.532409668,115.970001221,83.0495605469,173.838577271,82.6031646729,29.2864170074,52.1410446167,31.6714324951
2015-04-13,80.6192855835,115.13999939,83.2186203003,173.052261353,82.6249084473,29.1297569275,52.002040863,31.5629653931
2015-04-14,80.7061004639,114.440002441,83.464515686,173.383361816,82.842376709,29.3504962921,52.1852798462,31.6497440338
2015-04-15,80.8147201538,115.430000305,83.5105819702,174.161300659,83.0961227417,29.4857749939,51.7935180664,31.8377513885
2015-04-16,80.7712936401,115.029998779,83.5720672607,174.11164856,83.1903610229,29.5569725037,51.9262161255,32.1269798279
2015-04-17,80.8364105225,115.599998474,83.7410964966,172.108718872,83.7195358276,29.2009658813,51.6861038208,31.4689693451
2015-04-20,80.7784729004,114.720001221,83.5874252319,173.68132019,83.4948425293,29.2507991791,51.7619171143,31.3677406311
2015-04-21,80.691696167,115.379997253,83.4107055664,173.474380493,83.1975784302,29.5000247955,51.8503799438,31.6135902405
2015-04-22,80.4527893066,113.830001831,82.9265899658,174.326843262,82.8134002686,29.5641002655,51.9577941895,31.9823722839
2015-04-23,80.5758514404,114.660003662,83.1801834106,174.765487671,83.0236206055,29.6922702789,52.0968093872,32.1414527893
2015-04-24,80.7133789062,113.050003052,83.4721908569,175.171051025,83.3788452148,29.8560428619,52.2042427063,32.30052948
2015-04-27,80.7423400879,115.330001831,83.3415603638,174.442749023,83.3933258057,29.9699745178,52.1347084045,32.437915802
2015-04-28,80.431060791,116.330001831,82.9573516846,174.997207642,82.914894104,30.0198135376,52.0336303711,32.5174598694
2015-04-29,80.2500991821,115.510002136,82.6499633789,174.277175903,82.7626342773,29.7563514709,50.9847564697,32.1703834534
2015-04-30,80.2500991821,113.470001221,82.6268920898,172.530853271,82.900390625,29.4573078156,50.1569900513,31.7437553406
2015-05-01,80.0224075317,113.080001831,82.1751708984,174.401290894,82.5597000122,29.7065181732,50.5361099243,31.9317531586
2015-05-04,79.8700485229,114.099998474,82.0058746338,174.897964478,82.2407302856,29.7350082397,50.5866661072,32.0908279419
2015-05-05,79.7975997925,114.419998169,81.8673782349,172.895065308,82.2044830322,29.2864170074,49.4872207642,31.7581920624
2015-05-06,79.5292053223,114.36000061,81.4671707153,172.183288574,81.5448303223,29.3504962921,49.39245224,31.3388080597
2015-05-07,79.7250366211,113.419998169,81.8134841919,172.870193481,81.7550201416,29.2507991791,50.1506843567,31.2954273224
2015-05-08,79.9861297607,113.970001221,82.1289749146,175.146240234,82.0957336426,29.8845252991,50.8520507812,31.7726650238
2015-05-11,79.4784011841,113.529998779,81.3209838867,174.310302734,81.3490982056,29.6210727692,50.0874862671,31.4689693451
2015-05-12,79.4712142944,114.5,81.3824691772,173.788864136,81.4288330078,29.6210727692,50.2391395569,31.382194519
2015-05-13,79.4639129639,116.550003052,81.2747955322,173.822006226,81.3055648804,29.8346862793,49.7589111328,31.4617538452
2015-05-14,79.5872192383,117.180000305,81.5518112183,175.634506226,81.4578170776,30.1906986237,50.7193603516,31.7581920624
2015-05-15,79.9208679199,117.529998779,82.1366882324,175.824874878,82.0232467651,30.22631073,51.2374801636,32.08360672
2015-05-18,79.6162261963,117.519996643,81.5825958252,176.371139526,81.5883102417,30.126625061,51.1047782898,31.7726650238
2015-05-19,79.3406524658,115.88999939,81.2209091187,176.313186646,81.1968383789,30.0126972198,50.9278564453,31.8449840546
2015-05-20,79.4639129639,116.080001831,81.397895813,176.189056396,81.4143066406,30.0696487427,50.8836402893,31.8015880585
2015-05-21,79.7105178833,115.690002441,81.8827438354,176.702163696,81.7260360718,30.2334365845,50.643535614,31.7075805664
2015-05-22,79.6234893799,115.599998474,81.698059082,176.280105591,81.8637771606,30.0482997894,50.5803527832,31.7871303558
2015-05-26,79.8193130493,113.910003662,82.2059783936,174.38482666,81.9289703369,29.5427513123,50.1949119568,31.3171310425
2015-05-27,79.8990859985,113.88999939,82.1598052979,176.040084839,81.8564605713,29.7919635773,50.6877632141,31.3966598511
2015-05-28,79.8700485229,114.019996643,82.2367706299,175.841415405,81.8057785034,29.7278709412,50.5866661072,30.9555797577
2015-05-29,79.8990859985,114.099998474,82.2828826904,174.748901367,82.0667190552,29.4430561066,50.0053672791,30.6157264709
2015-06-01,79.6781845093,114,81.919921875,175.104827881,81.5593185425,29.3718509674,50.6182556152,30.5940284729
2015-06-02,79.365814209,114.459999084,81.3494873047,174.931030273,81.2258682251,29.4715385437,50.1506843567,30.7024936676
2015-06-03,79.053352356,113.63999939,80.6556930542,175.394454956,80.7256774902,29.6424331665,49.4303588867,30.5506381989
2015-06-04,79.2204589844,112.839996338,81.0488586426,173.912994385,80.9504013062,29.3006515503,49.3355789185,30.1023254395
2015-06-05,78.8716812134,112.239997864,80.4630737305,173.615097046,80.7256774902,28.9802341461,48.7858734131,29.9577064514
2015-06-08,78.9879302979,112.569999695,80.5786819458,172.547409058,80.8343963623,28.9517555237,48.6974105835,29.9432449341
2015-06-09,78.7626647949,112.819999695,80.3166275024,172.522567749,80.6531524658,28.7879943848,48.3435554504,29.7263240814
2015-06-10,78.5665206909,113.779998779,80.00831604,174.591705322,80.3632125854,29.386095047,48.6847801208,30.1601753235
2015-06-11,78.9879302979,113.260002136,80.6403808594,175.154525757,80.7618942261,29.4715385437,48.9817466736,30.0372600555
2015-06-12,78.8934860229,113.230003357,80.5941467285,173.813766479,80.8053894043,29.2365665436,48.9374961853,30.0444736481
2015-06-15,78.9879302979,113.730003357,80.7868118286,173.068878174,81.0663909912,29.0514392853,48.67212677,29.74077034
2015-06-16,79.1187515259,113.319999695,81.0951004028,174.012374878,81.5448303223,29.0443115234,49.0638847351,29.8058547974
2015-06-17,79.1259918213,113.849998474,81.1414108276,174.293716431,81.6390609741,28.9659881592,49.4808998108,29.9938659668
2015-06-18,79.1041793823,115.319999695,81.0797119141,176.106307983,81.4433288574,29.2436885834,50.1633224487,30.2614040375
2015-06-19,79.351234436,115.120002747,81.5113372803,175.324478149,81.6317901611,29.1796073914,49.7778968811,29.9866352081
2015-06-22,78.9588928223,113.63999939,80.8253479004,176.22265625,81.2693481445,29.6851501465,49.266078949,30.3771038055
2015-06-23,78.7771987915,112.88999939,80.5786819458,176.347473145,81.0881347656,29.7919635773,48.855381012,30.651884079
2015-06-24,78.9007492065,112.589996338,80.8176345825,175.066680908,81.2330703735,29.5498600006,48.5899810791,30.4927940369
2015-06-25,78.8135375977,112.440002441,80.6172561646,174.534454346,81.1461181641,29.5427513123,48.0971374512,30.3843326569
2015-06-26,78.6246109009,112.559997559,80.2318572998,174.501174927,80.7836380005,29.5160751343,48.4430732727,30.1040916443
2015-06-29,79.0896606445,113.069999695,81.1645126343,170.841827393,81.3780822754,28.6292915344,47.6899375916,29.4399700165
2015-06-30,79.0387878418,112.370002747,80.9409637451,171.199447632,81.2258682251,28.5860347748,47.6707992554,29.8340644836
2015-07-01,78.8392944336,111.980003357,80.5179138184,172.571685791,80.9286270142,28.7734889984,48.4558258057,29.8340644836
2015-07-02,78.9485549927,111.760002136,80.8035736084,172.413711548,81.2838439941,28.8455810547,48.5770950317,29.9727344513
2015-07-06,79.2324981689,112.059997559,81.3748168945,171.922973633,81.6028060913,28.2543907166,48.8834609985,29.1407546997
2015-07-07,79.3416976929,110.760002136,81.5909576416,173.004135132,81.8710174561,28.2471790314,49.6493644714,28.6955852509
2015-07-08,79.5309829712,111.089996338,81.915184021,170.101608276,81.9724807739,27.5622711182,49.4578895569,27.6373710632
2015-07-09,79.2397460938,111.36000061,81.3439559937,170.409317017,81.4433288574,28.0092639923,49.2217140198,28.1993255615
2015-07-10,78.9048233032,111.489997864,80.7803268433,172.555053711,81.05909729,28.8599853516,49.6302146912,28.9948005676
2015-07-13,78.7883453369,110.989997864,80.5642471313,174.459579468,80.7764282227,28.9825515747,49.7004165649,29.1772499084
2015-07-14,78.919380188,110.739997864,80.8189544678,175.216415405,80.9068603516,29.184425354,49.8025398254,29.2502307892
2015-07-15,79.1305541992,110.160003662,81.1277770996,175.158172607,81.1316223145,29.069070816,49.8855171204,28.8926353455
2015-07-16,79.1960754395,109.760002136,81.0969238281,176.563735962,81.2330703735,29.3142032623,50.287612915,29.2356376648
2015-07-17,79.2033462524,108.650001526,81.1046218872,176.713409424,81.2041091919,29.2709369659,50.1088981628,29.228345871
2015-07-20,79.0650482178,105.699996948,80.9424972534,176.804931641,80.9866409302,29.3358345032,50.1663475037,29.0458889008
2015-07-21,79.1960754395,105.370002747,81.1663513184,176.106307983,81.1751098633,29.256526947,50.0259170532,29.0531749725
2015-07-22,79.2324981689,104.800003052,81.2667770386,175.790283203,81.2113494873,29.0114059448,50.2429275513,28.6663856506
2015-07-23,79.4581832886,104.330001831,81.5987167358,174.800537109,81.3490982056,28.9176712036,49.6174354553,28.4255542755
2015-07-24,79.4435577393,105.349998474,81.6759109497,172.987518311,81.2620697021,28.6076602936,49.8280715942,28.0168800354
2015-07-27,79.5455093384,104.86000061,81.946105957,171.981155396,81.4288330078,28.4274196625,49.9174232483,27.3892593384
2015-07-28,79.4654464722,105.019996643,81.7145004272,174.093673706,81.2330703735,28.7806949615,49.9493408203,27.651971817
2015-07-29,79.3998947144,105.169998169,81.5987167358,175.291275024,81.2258682251,28.8816394806,50.2748413086,27.9074001312
2015-07-30,79.4071731567,104.269996643,81.6913299561,175.332778931,81.3418426514,28.8672008514,50.0259170532,27.7322559357
2015-07-31,79.7202758789,104.930000305,82.1700210571,175.066680908,81.6608276367,29.0041790009,50.4216423035,27.9657917023
2015-08-03,79.8026809692,104.099998474,82.4204483032,174.476226807,81.5883102417,28.9176712036,50.7343673706,27.5060157776
2015-08-04,79.569229126,104.309997559,81.9951858521,174.135223389,81.1316223145,28.946521759,50.364200592,27.5935935974
2015-08-05,79.4233551025,103.930000305,81.6781997681,174.709060669,80.8778915405,29.0979099274,50.0323143005,27.6227836609
2015-08-06,79.5182113647,104.38999939,81.9642868042,173.278656006,81.0228881836,28.9681358337,50.1025161743,27.4257392883
2015-08-07,79.6567382812,104.650001526,82.2890014648,172.94593811,81.2475967407,28.9393005371,50.287612915,27.3965511322
2015-08-10,79.5546340942,105.720001221,81.9488449097,175.124908447,81.1316223145,29.2925777435,50.1280479431,27.8636207581
2015-08-11,79.817237854,106.260002136,82.4900436401,173.54473877,81.4650497437,28.8311576843,50.4599304199,27.2651920319
2015-08-12,79.766166687,107.75,82.4591140747,173.752639771,81.2765655518,28.6437149048,50.6194915771,26.8418979645
2015-08-13,79.5984039307,106.86000061,82.2426376343,173.536392212,81.05909729,28.6365070343,50.6769447327,26.7908191681
2015-08-14,79.5619277954,106.849998474,82.157585144,174.168487549,80.9721450806,28.6869754791,50.9513893127,26.871099472
2015-08-17,79.7005615234,107.129997253,82.3044586182,175.141555786,80.9648895264,28.6292915344,51.3854026794,26.586479187
2015-08-18,79.5546340942,107.11000061,82.1731033325,174.634216309,80.7691421509,28.405796051,51.5258102417,26.279958725
2015-08-19,79.8026809692,108.550003052,82.6756210327,173.253677368,81.0446243286,28.1750774384,51.219455719,25.9223613739
2015-08-20,79.9266738892,110.440002441,82.8998413086,169.635940552,81.2693481445,27.4829559326,50.8428840637,25.5282821655
2015-08-21,80.0652999878,111.129997253,83.2322845459,164.52947998,81.2983627319,26.7908420563,49.898273468,24.7108974457
2015-08-24,80.0360412598,110.529998779,83.3714828491,157.601547241,81.0155944824,25.8896389008,47.562286377,23.4921360016
2015-08-25,79.8464431763,109.160003662,82.9153060913,155.74697876,80.8199081421,26.1491966248,46.2538795471,23.8132553101
2015-08-26,79.4744186401,107.669998169,82.4049987793,161.726730347,80.3342132568,26.826883316,47.5048294067,24.6379165649
2015-08-27,79.5838241577,107.730003357,82.3586196899,165.727020264,80.7256774902,27.1801605225,48.4239196777,25.6304416656
2015-08-28,79.510848999,108.699996948,82.3741149902,165.735366821,80.957611084,27.1080665588,48.3537254333,25.2582492828
2015-08-31,79.4525146484,108.819999695,82.2349395752,164.396377563,80.885093689,26.9062042236,47.2495384216,25.2071590424
2015-09-01,79.6878814697,109.199996948,82.604309082,159.489456177,80.7382965088,26.0266246796,46.349609375,24.2219390869
2015-09-02,79.5855636597,108.620002747,82.3797531128,162.516769409,80.4838867188,26.4303741455,46.8282928467,24.5868225098
2015-09-03,79.7024917603,107.839996338,82.5810394287,162.633224487,80.4911804199,26.4664058685,46.9559516907,24.696308136
2015-09-04,79.8705978394,107.489997864,82.8366241455,160.17149353,80.6220474243,25.8752174377,46.0815467834,23.9227180481
2015-09-08,79.6806182861,107.519996643,82.4726333618,164.196777344,80.2585296631,26.6250286102,46.7772407532,24.7254924774
2015-09-09,79.709854126,106.129997253,82.5036849976,162.001144409,80.4402923584,26.5240859985,46.2411117554,24.5868225098
2015-09-10,79.6221084595,106.379997253,82.3177719116,162.882736206,80.4620513916,26.6971244812,46.3432235718,24.76927948
2015-09-11,79.7171096802,106.160003662,82.5345916748,163.622940063,80.6873855591,26.6899089813,47.2303924561,24.8641586304
2015-09-14,79.7390594482,106.220001221,82.6120223999,163.015792847,80.5347366333,26.4952526093,47.2559394836,24.8641586304
2015-09-15,79.3809280396,105.900001526,81.9615783691,165.053329468,79.9895858765,26.6899089813,47.7218513489,25.1195888519
2015-09-16,79.3151245117,107.309997559,81.9383163452,166.483810425,79.9677505493,27.072019577,48.2324409485,25.7034225464
2015-09-17,79.8121032715,108.410003662,82.6197814941,166.109588623,80.5929718018,27.086435318,48.7813453674,25.7034225464
2015-09-18,79.8779373169,109.209999084,83.007019043,163.395111084,80.8473587036,26.4375705719,48.6983642578,25.07579422
2015-09-21,79.665977478,108.529998779,82.5345916748,164.239440918,80.3385009766,26.4375705719,49.1132278442,25.1341876984
2015-09-22,79.856010437,107.790000916,82.9450378418,162.107711792,80.5347366333,25.8175525665,48.4941291809,24.6452178955
2015-09-23,79.7902145386,108.220001221,82.8520736694,161.848526001,80.4766235352,25.6949882507,48.7983818054,24.2730121613
2015-09-24,79.8925933838,110.489997864,82.9760131836,161.26335144,80.4838867188,25.6084747314,48.340713501,24.2292327881
2015-09-25,79.7537155151,109.809997559,82.7591781616,161.221511841,80.0550384521,25.8445453644,48.5341110229,24.1848373413
2015-09-28,79.9437026978,108.419998169,83.2315979004,157.175354004,80.0768051147,25.3448791504,47.7798690796,23.6447677612
2015-09-29,80.0679779053,107.980003357,83.5181274414,157.267242432,80.302154541,25.2941932678,48.2891387939,23.8371200562
2015-09-30,80.0972442627,106.86000061,83.5335540771,160.201675415,80.4620513916,25.8083343506,48.6952400208,24.4807701111
2015-10-01,80.1595001221,106.730003357,83.5986862183,160.619628906,80.7544631958,25.8807449341,48.933757782,24.5621528625
2015-10-02,80.4011383057,108.989997864,84.0020446777,163.018966675,81.2199630737,26.3079891205,49.288318634,25.2057971954
2015-10-05,80.1008377075,108.769996643,83.5366973877,165.919815063,80.9726333618,26.8366165161,50.1198654175,25.7088832855
2015-10-06,80.2986450195,109.86000061,83.7073287964,165.351364136,81.2053909302,26.8655738831,50.0038490295,25.6422939301
2015-10-07,80.2400054932,109.699996948,83.4978866577,166.705657959,81.1908340454,27.1841964722,50.577583313,26.2785453796
2015-10-08,80.1301574707,109.13999939,83.2807540894,168.210464478,81.1617355347,27.4086742401,51.003036499,26.6188602448
2015-10-09,80.0642776489,110.870002747,83.3272476196,168.310791016,80.9362869263,27.4666099548,50.9192199707,26.6484622955
2015-10-12,80.2693557739,111.309997559,83.6065063477,168.469619751,81.081741333,27.4159259796,51.2802085876,26.5004959106
2015-10-13,80.2766342163,111.86000061,83.6840438843,167.407928467,81.0381011963,27.0900592804,50.8805389404,26.0270023346
2015-10-14,80.5768966675,113.809997559,84.1415939331,166.605331421,81.314491272,27.1335105896,50.5002059937,26.2267532349
2015-10-15,80.4670028687,113.290000916,83.8546524048,169.163513184,81.1617355347,27.6331691742,51.189956665,26.8260173798
2015-10-16,80.38646698,112.489997864,83.7848358154,169.93258667,80.9435653687,27.618686676,51.5767555237,26.9073944092
2015-10-19,80.4670028687,112.019996643,83.7461166382,170.016174316,80.8053741455,27.5028266907,52.2987327576,26.6336631775
2015-10-20,80.3059082031,112.730003357,83.4591140747,169.798812866,80.7108306885,27.4086742401,52.279384613,26.5744800568
2015-10-21,80.49634552,111.730003357,83.7461166382,168.745529175,80.7617721558,27.3869590759,52.0859985352,26.1897678375
2015-10-22,80.5109786987,111.690002441,83.8313522339,171.596206665,81.0381011963,27.7128219604,52.5436897278,26.7594299316
2015-10-23,80.3718643188,111.5,83.3582763672,173.477203369,80.9217300415,27.9662723541,52.0344352722,26.9369907379
2015-10-26,80.4084701538,111.430000305,83.5754623413,173.050857544,80.8999328613,27.8648872375,52.0215263367,26.6336631775
2015-10-27,80.525604248,111.680000305,83.7848358154,172.716445923,81.081741333,27.618686676,52.0021896362,26.3895130157
2015-10-28,80.2839508057,110.779998779,83.3505096436,174.681030273,80.674446106,27.7707538605,52.0473136902,26.1009922028
2015-10-29,79.9397888184,109.720001221,82.8386688232,174.580718994,80.4562072754,27.5679969788,51.9764060974,25.8124542236
2015-10-30,80.1521377563,109.300003052,83.0014877319,173.828353882,80.7035446167,27.5462722778,51.4994010925,25.7754669189
2015-11-02,79.9944152832,108.589996338,82.7630462646,175.884872437,80.6672363281,27.814207077,52.5952606201,26.2637500763
2015-11-03,79.8476257324,106.980003357,82.5455474854,176.394821167,80.5289840698,27.814207077,52.0666542053,26.5892715454
2015-11-04,79.8476257324,105.970001221,82.4601364136,175.859802246,80.4198913574,27.6331691742,51.8345870972,26.4413127899
2015-11-05,79.8109817505,105.63999939,82.4057769775,175.684234619,80.1653289795,27.596950531,52.0408821106,26.4783058167
2015-11-06,79.4293746948,104.099998474,81.8465270996,175.592315674,79.8307723999,27.4666099548,50.4228630066,26.1823596954
2015-11-09,79.378036499,104.400001526,81.7067108154,173.953796387,79.8016738892,27.1769580841,49.5590553284,25.5683231354
2015-11-10,79.5247879028,104.180000305,81.8620147705,174.355041504,79.7725524902,27.1697235107,50.1263237,25.5017261505
2015-11-11,79.4220275879,103.830001831,81.8231811523,173.669494629,79.7653045654,27.3000679016,50.1843528748,25.5313186646
2015-11-12,79.4954299927,103.849998474,81.8697891235,171.245132446,79.7653045654,26.9741973877,49.8426856995,25.2649917603
2015-11-13,79.6495285034,103.559997559,82.1804733276,169.322280884,79.8744506836,26.7642040253,49.2754135132,24.9320678711
2015-11-16,79.7155456543,103.709999084,82.2892303467,171.897186279,79.8307723999,27.0828208923,49.8426856995,25.4721412659
2015-11-17,79.7742385864,102.339996338,82.2659683228,171.771835327,79.976234436,27.1190280914,49.8426856995,25.4425354004
2015-11-18,79.7155456543,102.430000305,82.22706604,174.497085571,80.0925979614,27.3797225952,50.2810516357,25.6422939301
2015-11-19,79.7522659302,103.559997559,82.4057769775,174.346664429,80.3762969971,27.5245380402,50.4357528687,25.8346385956
2015-11-20,79.7008895874,103.089996338,82.2970428467,174.982009888,80.4417037964,27.4666099548,51.067489624,26.056596756
2015-11-23,79.7228851318,102.260002136,82.4057769775,174.78137207,80.5362930298,27.3000679016,51.1770706177,25.8420543671
2015-11-24,79.796257019,102.940002441,82.4834060669,175.015441895,80.6235580444,27.3362636566,50.9063262939,25.9086284637
2015-11-25,79.8329620361,102.459999084,82.5300292969,174.990356445,80.579864502,27.3797225952,51.1126174927,25.7088832855
2015-11-27,79.8109817505,101.25,82.6154708862,175.191009521,80.6235580444,27.3724765778,51.5573997498,25.1466159821
2015-11-30,79.8403320312,101.919998169,82.6465454102,174.463745117,80.5871734619,27.3362636566,51.1770706177,25.1836090088
2015-12-01,80.1201019287,102.279998779,83.0861206055,176.127319336,80.8853378296,27.6331691742,51.8861732483,25.3315734863
2015-12-02,80.0243682861,100.690002441,82.8527297974,174.329910278,80.6090011597,27.343503952,50.8289871216,25.0800361633
2015-12-03,79.4354019165,101.760002136,81.9813842773,171.888839722,80.1071624756,27.2131671906,50.0296478271,25.0060443878
2015-12-04,79.6930389404,104.019996643,82.2847900391,175.241149902,80.3107910156,27.4086742401,50.9836883545,25.1022262573
2015-12-07,79.8108596802,102.669998169,82.5493087769,174.179489136,80.2817077637,27.1841964722,50.8418617249,24.7471122742
2015-12-08,79.8403549194,102.839996338,82.5959777832,173.009002686,80.3035125732,26.7714366913,50.7967529297,24.451177597
2015-12-09,79.8403549194,102.63999939,82.7204055786,171.663085938,80.1507797241,26.7135047913,50.5131149292,24.2736148834
2015-12-10,79.825592041,102.550003052,82.541519165,172.106246948,79.976234436,26.7062644958,50.1521224976,24.0294818878
2015-12-11,80.0243682861,103.11000061,83.2027587891,168.770568848,80.2380599976,26.2283401489,50.0618629456,23.3488426208
2015-12-14,79.6488571167,101.790000916,82.5882110596,169.623321533,79.663482666,26.2862644196,50.293926239,23.733543396
2015-12-15,79.65625,101.519996643,82.3781509399,171.404006958,79.6198730469,26.3876476288,50.8418617249,24.0812721252
2015-12-16,79.5163421631,102.75,82.1603317261,173.911895752,79.3871231079,26.9235153198,51.8345870972,24.4881649017
2015-12-17,79.6267852783,100.5,82.5026397705,171.261825562,79.663482666,26.6121330261,51.5767555237,24.2736148834
2015-12-18,79.7961196899,102.040000916,82.7982406616,168.210845947,79.8816986084,26.3297119141,50.9772262573,24.1478500366
2015-12-21,79.7225189209,103.150001526,82.8371734619,169.598388672,79.7361984253,26.4980125427,51.1770706177,24.3181018829
2015-12-22,79.6636047363,102.61000061,82.6037979126,171.137359619,79.6271362305,26.6947307587,51.3833503723,24.5039596558
2015-12-23,79.6488571167,102.309997559,82.4170379639,173.256622314,79.699836731,27.1318759918,51.91147995,24.8682537079
2015-12-24,79.6872024536,103.050003052,82.5681838989,172.970687866,79.8380126953,27.059015274,51.91147995,24.7939014435
2015-12-28,79.6872024536,102.269996643,82.5838012695,172.575439453,79.8598709106,26.9788589478,52.1990852356,24.6675128937
2015-12-29,79.4880447388,102.199996948,82.1474380493,174.417175293,79.5543441772,27.2630157471,52.7546844482,24.6526508331
2015-12-30,79.4733047485,101.419998169,82.1786270142,173.180908203,79.6416702271,27.0954265594,52.5716667175,24.3106651306
2015-12-31,79.6872024536,101.459999084,82.2721176147,171.448532104,79.7725524902,26.7530136108,52.1141319275,24.3181018829
2016-01-04,79.6577148438,102.88999939,82.6227035522,169.051803589,80.0853118896,26.3522968292,51.486618042,23.6266937256
2016-01-05,79.6946334839,103.180000305,82.5993804932,169.337661743,80.0344161987,26.3231697083,52.4801483154,23.6787414551
2016-01-06,79.9970855713,104.669998169,83.0980224609,167.20161438,80.2889785767,25.8423023224,52.3363494873,23.2549724579
2016-01-07,79.989730835,106.150001526,83.2771987915,163.190170288,80.2235183716,25.3541641235,51.3167076111,22.5040950775
2016-01-08,80.1668548584,105.680000305,83.4876251221,161.398971558,80.2889785767,25.0408763885,50.6303710938,22.303358078
2016-01-11,79.9380645752,104.739997864,83.2226791382,161.558700562,79.8671340942,25.1501712799,50.9179649353,22.2067146301
2016-01-12,80.1151504517,104.209999084,83.5966949463,162.862243652,80.0853118896,25.252161026,50.5780715942,22.2884922028
2016-01-13,80.2996292114,104.720001221,83.9239654541,158.800369263,80.2526016235,24.8733100891,49.8525314331,22.0357151031
2016-01-14,80.2700958252,103.019996643,83.7525253296,161.407333374,80.1798782349,25.1647357941,49.73487854,22.31823349
2016-01-15,80.3659820557,104.080001831,84.1421432495,157.942581177,80.1798782349,24.2904529572,49.3950119019,21.3814926147
2016-01-19,80.284828186,103.980003357,84.0330505371,158.152770996,80.0998916626,24.5017414093,49.656463623,21.6788749695
2016-01-20,80.3512268066,105.370002747,84.4459838867,156.12600708,80.1435317993,23.940738678,48.3230514526,21.2253608704
2016-01-21,80.240562439,105.489997864,84.2356109619,157.000732422,79.8525695801,24.122882843,48.5910186768,21.2625408173
2016-01-22,80.2996292114,105,84.0486373901,160.221633911,79.9689331055,24.8223114014,49.9440727234,21.9836826324
2016-01-25,80.2552947998,106.080001831,84.3291244507,157.799575806,80.1216888428,24.4653129578,49.6303062439,21.6193962097
2016-01-26,80.358581543,107.290000916,84.391456604,159.952438354,80.3253707886,24.9097366333,50.6695899963,21.9316387177
2016-01-27,80.373374939,107.690002441,84.4537811279,158.211654663,80.5289840698,24.7494525909,49.6891326904,21.7903842926
2016-01-28,80.4397277832,106.540000916,84.5628814697,159.035812378,80.6962661743,24.8441619873,49.3100242615,22.1398029327
2016-01-29,80.6758499146,106.949996948,85.0148010254,162.91267395,81.0235671997,25.2740211487,50.3231544495,22.9204216003
2016-02-01,80.5782394409,108.050003052,84.818939209,162.853805542,80.8780899048,25.2230110168,50.4081382751,22.689956665
2016-02-02,80.8222122192,108.089996338,85.4197387695,159.91885376,81.1253738403,24.6547336578,49.9505882263,22.0134162903
2016-02-03,80.8148345947,109.25,85.3260879517,160.877502441,81.2271957397,24.8733100891,50.2839431763,22.6007404327
2016-02-04,80.8961639404,110.569999695,85.529006958,161.129882812,81.2417831421,24.9243030548,50.310092926,22.7568683624
2016-02-05,80.8222122192,112.319999695,85.6382522583,158.060272217,81.0162658691,24.5527458191,49.3557929993,22.5189571381
2016-02-08,81.1327514648,113.830001831,86.2780456543,155.932617188,81.0744552612,24.1083164215,47.9439353943,22.2067146301
2016-02-09,81.1254043579,113.580001831,86.2936859131,155.940994263,80.8926544189,23.8460273743,47.0615310669,21.9242019653
2016-02-10,81.3249969482,114.459999084,86.5512237549,155.806503296,81.1908340454,23.7950229645,47.388343811,21.9911117554
2016-02-11,81.3767471313,119.059997559,86.9491577148,153.779800415,81.4745254517,23.4817523956,46.7151145935,21.6714324951
2016-02-12,81.1549377441,118.36000061,86.2859191895,156.95022583,81.1690444946,23.8533229828,47.2510986328,22.0282878876
2016-02-16,80.9553604126,114.769996643,86.0284347534,159.599273682,80.8344650269,24.3123054504,48.1204185486,22.5486984253
2016-02-17,80.9109344482,115.480003357,85.817741394,162.206298828,80.6962661743,24.7494525909,48.5322151184,23.0170707703
2016-02-18,81.1549377441,118.290000916,86.2156600952,161.5418396,80.9217300415,24.6328811646,49.0224227905,22.9055519104
2016-02-19,81.1696624756,117.580001831,86.2156600952,161.466247559,80.9872131348,24.5891647339,49.3035125732,22.8089065552
2016-02-22,81.1919021606,115.489997864,86.1298446655,163.804077148,81.1836013794,24.8878803253,49.7741088867,23.3739242554
2016-02-23,81.2066650391,117.220001221,86.3014984131,161.735336304,81.4308242798,24.4725933075,49.6433868408,22.8683815002
2016-02-24,81.2362976074,117.61000061,86.3014984131,162.475402832,81.6127166748,24.3997364044,49.5845565796,22.8683815002
2016-02-25,81.4432601929,117.919998169,86.5589981079,164.443283081,81.9472808838,24.6911716461,50.5976829529,22.9055519104
2016-02-26,81.2954025269,117.11000061,86.1376495361,164.064819336,81.736328125,24.6037387848,50.3362350464,22.7048244476
2016-02-29,81.3915100098,118.63999939,86.2780456543,162.778076172,82.0127487183,24.4944629669,50.1401405334,22.8460788727
2016-03-01,81.1478042603,117.769996643,85.6037368774,166.604537964,81.7872161865,25.1283073425,51.5519866943,23.6787414551
2016-03-02,81.0588912964,118.680000305,85.4552612305,167.352996826,81.9618225098,25.3031654358,51.9245681763,24.0430164337
2016-03-03,81.1552124023,120.730003357,85.5568618774,168.00894165,82.1290359497,25.5727386475,52.1990852356,24.3032341003
2016-03-04,81.0292282104,120.540000916,85.2677230835,168.55557251,81.8745346069,25.7694454193,52.2056236267,24.838514328
2016-03-07,81.0070495605,121.13999939,85.0958328247,168.690109253,81.5472106934,25.7475891113,52.3428764343,24.7864742279
2016-03-08,81.2070465088,120.580001831,85.5881195068,166.848373413,81.859992981,25.4634513855,51.8069190979,24.3552684784
2016-03-09,81.1699752808,119.580001831,85.2520904541,167.672576904,81.8090591431,25.5727386475,52.0945014954,24.5113945007
2016-03-10,81.2070465088,121.5,84.9473419189,167.807098389,81.5254440308,25.5508728027,51.9049491882,24.451921463
2016-03-11,81.0588912964,119.410003662,84.7051696777,170.515045166,81.4963226318,26.2138710022,53.0684280396,24.987197876
2016-03-14,81.1033630371,117.870002747,84.7676315308,170.296432495,81.4017868042,26.1555957794,53.0749435425,24.8459472656
2016-03-15,81.0292282104,117.959999084,84.751991272,170.018829346,81.2417831421,25.8899593353,53.101108551,24.4266719818
2016-03-16,81.377456665,120.589996338,85.1973800659,171.002822876,82.1072998047,26.1607151031,53.7416496277,24.9405288696
2016-03-17,81.5478134155,120.129997253,85.2911682129,172.087677002,82.289100647,26.4021949768,54.4999008179,25.4469337463
2016-03-18,81.6144714355,119.800003052,85.4396591187,172.76385498,82.5655517578,26.358291626,54.2645568848,25.618221283
2016-03-21,81.4366989136,118.959999084,85.1973800659,173.009033203,82.587310791,26.3070697784,53.7747955322,25.7224807739
2016-03-22,81.3848342896,119.309997559,85.0176773071,172.916046143,82.3763885498,26.2777938843,53.7747955322,25.6107673645
2016-03-23,81.5626525879,116.61000061,85.4083938599,171.774932861,82.4636764526,25.9924030304,53.4839744568,25.2160682678
2016-03-24,81.5700836182,116.330001831,85.3224258423,171.698822021,82.2745742798,25.8241004944,53.503818512,25.1788406372
2016-03-28,81.6293258667,116.599998474,85.4474258423,171.800262451,82.3763885498,25.9850959778,53.9862976074,25.2458648682
2016-03-29,81.8737945557,118.760002136,86.0256958008,173.389404297,83.2419433594,26.292427063,55.1561698914,25.4916229248
2016-03-30,81.8441467285,117.099998474,85.908493042,174.150268555,83.2928314209,26.4900074005,55.0504302979,25.7820587158
2016-03-31,82.1034317017,117.63999939,86.2210388184,173.727554321,83.380065918,26.2558383942,55.3875198364,25.7522640228
2016-04-01,82.030708313,116.930000305,86.1960296631,174.910980225,83.4455490112,25.9631271362,55.3148231506,25.8267421722
2016-04-04,82.1123733521,116.150001526,86.2977294922,174.344650269,83.54737854,25.904592514,55.235496521,25.4767189026
2016-04-05,82.2236938477,117.660003662,86.6421203613,172.603317261,83.6346893311,25.4216213226,54.8719749451,25.0001010895
2016-04-06,82.2088088989,116.940002441,86.4542694092,174.488342285,83.4164276123,25.8314037323,55.0041618347,25.3203334808
2016-04-07,82.3869934082,118.61000061,86.9003448486,172.400405884,83.7073669434,25.4655303955,54.6604614258,24.7915859222
2016-04-08,82.3053359985,118.430000305,86.767326355,172.865341187,83.5401306152,25.9484977722,54.9645233154,25.2235221863
2016-04-11,82.3647232056,120.029998779,86.751701355,172.459609985,83.3291854858,25.9704494476,54.8521614075,25.558637619
2016-04-12,82.2311096191,120.050003052,86.4073257446,174.065689087,82.9800491333,26.3656024933,55.2487373352,25.9533405304
2016-04-13,82.2682418823,118.769996643,86.4699478149,175.823944092,83.0528106689,26.7827091217,55.0041618347,26.4374084473
2016-04-14,82.1271820068,117.11000061,86.2664489746,175.832397461,82.8564376831,26.8119850159,54.7001304626,26.3033561707
2016-04-15,82.3573074341,117.919998169,86.5246963501,175.637954712,83.154624939,26.7388114929,55.1099472046,26.1469707489
2016-04-18,82.349861145,117.739997864,86.4386138916,176.872146606,83.1400756836,26.9802856445,55.3743209839,26.2363262177
2016-04-19,82.3424453735,119.580001831,86.2977294922,177.430007935,83.2855300903,27.4486141205,55.4007568359,26.6384754181
2016-04-20,82.142036438,118.970001221,85.8594970703,177.599090576,82.9364242554,27.4559345245,54.4621925354,26.4671955109
2016-04-21,82.030708313,119.419998169,85.7186279297,176.643859863,82.8346176147,27.2949562073,53.4905891418,26.1767597198
2016-04-22,82.0381088257,117.88999939,85.624710083,176.643859863,82.7836761475,27.2729949951,54.0722236633,26.0799369812
2016-04-25,81.9490280151,118.230003357,85.5307998657,176.339599609,82.6891403198,27.1559143066,54.5216751099,25.8714256287
2016-04-26,81.9119033813,118.699996948,85.3507919312,176.601608276,82.6527328491,27.2583580017,54.7331924438,26.1767597198
2016-04-27,82.1569137573,119.040000916,85.8203430176,176.965103149,83.154624939,27.3022670746,54.7001304626,26.333152771
2016-04-28,82.3201904297,121.290000916,86.1177520752,175.359039307,83.5909881592,26.9510211945,54.58776474,26.0650501251
2016-04-29,82.3127822876,123.650001526,86.0864715576,174.412277222,83.554649353,26.8632068634,54.0854415894,26.012928009
2016-05-02,82.256980896,123.239997864,85.8364257812,175.79850769,83.2782363892,27.0900630951,54.9248504639,25.9458961487
2016-05-03,82.4057159424,122.959999084,86.3458633423,174.268569946,83.3146286011,26.6363601685,55.0107841492,25.2235221863
2016-05-04,82.4429244995,122.209999084,86.5025939941,173.296432495,83.4091720581,26.3143825531,55.7972984314,24.8660564423
2016-05-05,82.6511230469,122.069999695,86.737739563,173.262634277,83.6782913208,26.292427063,55.9559364319,24.8660564423
2016-05-06,82.5247116089,123.180000305,86.5339584351,173.896652222,83.3873825073,26.3509635925,56.5706100464,24.9256267548
2016-05-09,82.5767593384,120.650001526,86.6985549927,174.040313721,83.4382705688,26.2631587982,57.1919021606,24.5458278656
2016-05-10,82.6139373779,120.980003357,86.6828918457,176.204299927,83.692855835,26.6509838104,57.1852798462,25.0373401642
2016-05-11,82.6139373779,122.120002747,86.8161239624,174.555969238,83.6782913208,26.4607334137,55.9625434875,24.9628734589
2016-05-12,82.5395812988,121.160003662,86.5810089111,174.606643677,83.6201553345,26.438791275,56.2863998413,24.918176651
2016-05-13,82.6957092285,121.709999084,86.9101791382,173.085113525,83.8237609863,26.146074295,55.7840995789,24.4713516235
2016-05-16,82.55443573,121.800003052,86.5967025757,174.792678833,83.7292175293,26.4680461884,56.3128547668,24.7543544769
2016-05-17,82.4429244995,122.220001221,86.4791030884,173.161178589,83.7873687744,26.3143825531,55.2685508728,24.6500854492
2016-05-18,82.1008148193,120.099998474,85.781578064,173.211914062,83.0600509644,26.292427063,54.4027023315,24.4564533234
2016-05-19,82.1528091431,119.870002747,85.8677749634,172.611724854,83.02368927,26.1168041229,53.7946243286,24.1585731506
2016-05-20,82.2048950195,119.709999084,85.9226150513,173.702209473,82.9800491333,26.358291626,54.2242355347,24.4266719818
2016-05-23,82.1900482178,119.370002747,85.9775314331,173.465515137,83.02368927,26.270483017,54.2308578491,24.3745422363
2016-05-24,82.1453933716,117.300003052,85.8364257812,175.713973999,82.9437103271,26.5924510956,54.9050178528,24.66497612
2016-05-25,82.1603240967,116.980003357,85.7972717285,176.905914307,83.0091781616,26.855890274,54.9050178528,24.9479789734
2016-05-26,82.2867050171,116.580001831,86.0637435913,176.956634521,83.2491912842,26.9144287109,55.0107841492,25.1118164062
2016-05-27,82.2718429565,115.620002747,85.8991470337,177.717453003,83.1400756836,26.8778381348,55.3082084656,25.1043643951
2016-05-31,82.3239059448,116.059997559,86.0010452271,177.379272461,83.0164260864,26.7827091217,55.3015937805,25.1713886261
2016-06-01,82.2777175903,115.940002441,85.9719696045,177.742767334,82.8898468018,26.7680778503,55.347858429,25.1490478516
2016-06-02,82.4863586426,115.669998169,86.2388458252,178.2837677,83.1735916138,26.7753944397,55.6320610046,25.3501224518
2016-06-03,82.9334335327,118.879997253,87.0394515991,177.751174927,83.7119674683,26.9876022339,55.85679245,25.7448234558
2016-06-06,82.821647644,118.919998169,86.811882019,178.65574646,83.8065414429,27.1705570221,55.4271774292,25.9607887268
2016-06-07,82.8961715698,118.819999695,86.9374465942,178.934631348,84.0321044922,27.3754463196,55.7642555237,26.2139911652
2016-06-08,82.9259796143,120.580001831,87.0394515991,179.517913818,84.2285232544,27.4632549286,56.1211738586,26.4299583435
2016-06-09,82.9856109619,121.25,87.1729049683,179.272781372,84.2576446533,27.1193256378,56.2467460632,26.132068634
2016-06-10,83.0973968506,121.739997864,87.4790115356,177.573730469,84.2576446533,26.3875579834,55.9823722839,25.4692764282
2016-06-13,83.1644363403,122.63999939,87.6517028809,176.204299927,84.1485290527,26.0070457458,55.9955940247,25.1490478516
2016-06-14,83.127166748,122.769996643,87.6281661987,175.857711792,83.9375305176,25.6376113892,55.8501739502,25.0763263702
2016-06-15,83.3059997559,123.680000305,87.8950119019,175.612548828,84.3303833008,25.8082332611,56.3789405823,25.308719635
2016-06-16,83.3581542969,122.379997253,87.9892196655,176.136642456,84.1630401611,25.8156471252,56.6961860657,25.2487545013
2016-06-17,83.2985610962,123.949996948,87.6909637451,175.480728149,83.9520721436,26.0604515076,56.6036567688,25.3612060547
2016-06-20,83.0675582886,123.209999084,87.314163208,176.610839844,83.7119674683,26.668756485,56.6829872131,25.7285346985
2016-06-21,83.0079345703,120.839996338,87.1179656982,177.112182617,83.4573364258,26.8764533997,56.8990516663,25.92345047
2016-06-22,83.0601501465,120.900001526,87.2906494141,176.823287964,83.6828918457,26.831949234,56.8123435974,25.9609375
2016-06-23,82.9184951782,120.11000061,86.874671936,179.125930786,83.7119674683,27.5366916656,57.0991134644,26.6056499481
2016-06-24,83.3656005859,126,88.075553894,172.69367981,84.2358093262,25.2815265656,56.5922775269,25.0988140106
2016-06-27,83.7009506226,126.680000305,88.8369140625,169.600769043,84.4831542969,24.7919197083,56.6323051453,24.836435318
2016-06-28,83.8052444458,125.319999695,88.8212203979,172.659698486,84.7741851807,25.4521503448,57.826007843,25.5486164093
2016-06-29,83.7456130981,125.839996338,88.4601821899,175.59967041,84.7232589722,25.9120826721,58.5262832642,26.1483516693
2016-06-30,83.9170074463,126.470001221,88.6563796997,177.995849609,84.8833312988,26.2310714722,59.1331214905,26.4107341766
2016-07-01,84.097694397,128.410003662,88.8906173706,178.369766235,85.5424346924,26.2904167175,59.153137207,26.6056499481
2016-07-05,84.321647644,129.470001221,89.3779830933,177.086639404,85.6812973022,25.7711334229,59.8066749573,26.0808773041
2016-07-06,84.4784011841,130.229995728,89.3937072754,178.148788452,85.8859558105,25.7785491943,59.5465774536,26.0808773041
2016-07-07,84.4186630249,129.740005493,89.2757949829,178.038345337,85.7105178833,25.6672706604,58.9330787659,25.9684410095
2016-07-08,84.5456085205,130.520004272,89.4486923218,180.689361572,85.9005126953,26.0233612061,59.8866996765,26.5456752777
2016-07-11,84.321647644,129.289993286,88.9770889282,181.326644897,85.4840316772,26.3794403076,60.2868537903,26.7630748749
2016-07-12,84.0677719116,127.150001526,88.4504547119,182.643676758,85.199005127,26.7503566742,60.2801856995,27.1753978729
2016-07-13,84.1872711182,128.320007324,88.6784210205,182.618209839,85.3817138672,26.7280960083,60.6136131287,27.1304073334
2016-07-14,84.1125640869,127.330001831,88.3089828491,183.637878418,85.1624908447,26.9580612183,60.0734519958,27.5052509308
2016-07-15,83.8065414429,126.839996338,87.9710006714,183.391448975,85.0674972534,26.8245353699,60.0934410095,27.407793045
2016-07-18,83.8214492798,127.040000916,87.9474182129,183.884307861,85.0090637207,26.8838844299,60.2535018921,27.6476860046
2016-07-19,83.9931640625,127.209999084,88.1832351685,183.69732666,85.0162963867,26.668756485,60.5469360352,27.407793045
2016-07-20,83.9185333252,125.38999939,88.0024032593,184.462036133,84.8628463745,26.8616256714,60.5536079407,27.5502300262
2016-07-21,83.9931640625,127.300003052,88.1989212036,183.765304565,84.8993835449,26.7948646545,60.6736297607,27.4752597809
2016-07-22,84.0080871582,126.349998474,88.1282043457,184.589569092,84.8263092041,26.8097000122,61.2071533203,27.6551761627
2016-07-25,83.9110565186,125.470001221,88.0574493408,184.088180542,84.6436309814,26.7651920319,61.0937957764,27.4302749634
2016-07-26,83.9110565186,126,88.1124725342,184.173217773,84.7897949219,26.8912963867,60.7936897278,27.595205307
2016-07-27,84.1574630737,128.029998779,88.4897613525,183.977767944,85.1186065674,27.0099906921,60.3201904297,27.6326904297
2016-07-28,84.1499557495,127.660003662,88.5369567871,184.190170288,85.2355651855,27.0099906921,60.8803749084,27.6176986694
2016-07-29,84.3739013672,128.979995728,88.8749313354,184.487548828,85.4255371094,27.3215637207,61.6539611816,27.7676277161
2016-08-01,84.177192688,129.220001221,88.5663528442,184.334609985,84.9200668335,27.1657714844,61.7873535156,27.6626815796
2016-08-02,83.9303894043,130.270004272,88.3538665771,183.153549194,84.5018997192,27.0322399139,60.8003578186,27.5127449036
2016-08-03,84.0201187134,129.649993896,88.4011001587,183.688827515,84.7440261841,26.9283866882,60.4469261169,27.6626815796
2016-08-04,84.177192688,129.869995117,88.613609314,183.884307861,85.0961151123,27.0841770172,60.2001533508,27.797624588
2016-08-05,83.8929672241,127.550003052,88.0626525879,185.38822937,84.8907318115,27.1806125641,60.2401885986,28.1049785614
2016-08-08,83.9453582764,127.440002441,88.0153808594,185.277816772,84.9493942261,27.2696304321,60.3468666077,28.2849006653
2016-08-09,84.1622085571,127.959999084,88.3302154541,185.38822937,85.1548233032,27.4921855927,60.6736297607,28.4723091125
2016-08-10,84.2594680786,128.559997559,88.5663528442,184.929458618,85.1768493652,27.5886077881,60.6069602966,28.4048404694
2016-08-11,84.0351028442,127.669998169,88.1413192749,185.787597656,84.9493942261,27.7963237762,59.9200668335,28.7346954346
2016-08-12,84.2370223999,127.400001526,88.456199646,185.626205444,85.1694946289,27.72215271,60.1734771729,28.6222496033
2016-08-15,84.0874328613,127.839996338,88.1964187622,186.161468506,84.9493942261,27.8408432007,60.1134605408,28.9371051788
2016-08-16,84.0351028442,128.470001221,88.0468826294,185.201339722,84.8320465088,27.7740764618,59.3932266235,28.7871761322
2016-08-17,84.1921386719,128.5,88.1884994507,185.549728394,85.0887985229,27.7740764618,59.6332778931,28.6822166443
2016-08-18,84.3118591309,129.11000061,88.3459625244,185.966049194,85.2355117798,27.915014267,59.4131965637,28.9146232605
2016-08-19,84.1248397827,127.970001221,88.0468826294,185.694122314,85.0961151123,27.7073154449,59.0330810547,28.7421989441
2016-08-22,84.2519989014,127.779998779,88.2436676025,185.685623169,85.2722091675,27.7295608521,59.3532028198,28.382358551
2016-08-23,84.2744216919,127.760002136,88.2357406616,186.05947876,85.3896102905,27.8482646942,59.3865585327,28.2399196625
2016-08-24,84.2445068359,126.339996338,88.2042922974,185.107849121,85.25756073,27.766658783,59.126449585,28.3223838806
2016-08-25,84.1547317505,126.230003357,88.0626525879,184.980438232,85.2135162354,27.6776390076,59.3932266235,28.3148784637
2016-08-26,84.0201187134,126.050003052,87.7241210938,184.632034302,84.8833618164,27.4847640991,58.8063735962,28.0899868011
2016-08-29,84.2519989014,126.300003052,88.086227417,185.54119873,85.1914901733,27.5886077881,59.3865585327,28.2998962402
2016-08-30,84.2070922852,125.029998779,88.0783615112,185.235275269,85.1181640625,27.5292720795,59.2731781006,28.2549114227
2016-08-31,84.1921386719,124.779998779,87.9760360718,184.708511353,85.1328201294,27.4328365326,59.3331947327,27.9850349426
2016-09-01,84.2656173706,125.290000916,88.1139984131,184.717010498,85.2049942017,27.6628017426,59.1865005493,28.1349697113
2016-09-02,84.1531829834,126.569999695,87.885345459,185.549728394,85.1092529297,27.9446964264,59.6999778748,28.5622730255
2016-09-06,84.3330154419,128.710006714,88.2952423096,186.110473633,85.5142288208,28.2117538452,60.1601486206,29.0570487976
2016-09-07,84.3779449463,128.270004272,88.3425369263,186.093536377,85.6246643066,28.2117538452,60.5202598572,29.0195674896
2016-09-08,84.0857543945,127.589996338,87.9090194702,185.668640137,85.3227615356,28.1524124146,59.7800292969,28.9595890045
2016-09-09,83.7185745239,126.75,87.4912643433,181.224700928,84.733757019,27.5589408875,57.4125366211,28.0450077057
2016-09-12,83.786026001,126.589996338,87.5701065063,183.824768066,84.7631759644,27.7740764618,58.0927848816,28.2773990631
2016-09-13,83.5537261963,125.75,87.246963501,181.182220459,84.3877258301,27.1890068054,56.6342887878,27.5717906952
2016-09-14,83.6586761475,126.180000305,87.443977356,181.114242554,84.5202102661,27.1741008759,56.8155899048,27.670425415
2016-09-15,83.7110748291,125.370002747,87.4676208496,182.924087524,84.4981460571,27.4125995636,57.0304908752,28.1104812622
2016-09-16,83.7710800171,125.059997559,87.5621795654,182.216995239,84.6380386353,27.077205658,57.0573272705,27.9208068848
2016-09-19,83.7036361694,125.319999695,87.4124832153,182.251174927,84.5349197388,27.2560825348,57.5743865967,28.1560153961
2016-09-20,83.7335510254,125.440002441,87.5464630127,182.259689331,84.5202102661,27.3753356934,57.4870910645,28.1635913849
2016-09-21,83.943397522,127.269996643,87.6883163452,184.309280396,84.9177932739,27.8970584869,58.2257270813,28.8464393616
2016-09-22,84.1157302856,127.569999695,87.9484024048,185.470703125,85.3375167847,28.172826767,59.2665634155,28.9754142761
2016-09-23,84.0932388306,127.650001526,87.9878540039,184.454467773,85.5731201172,27.904504776,59.4478569031,28.5960655212
2016-09-26,84.1981735229,127.550003052,88.2400588989,182.959976196,85.6099395752,27.6585464478,59.5888671875,28.2470645905
2016-09-27,84.303024292,126.620002747,88.3898162842,184.095779419,85.6835708618,27.79271698,58.9576797485,28.5429477692
2016-09-28,84.3255233765,126.220001221,88.3504638672,185.009567261,85.7867050171,28.0386657715,59.4411506653,28.8236713409
2016-09-29,84.3255233765,126.069999695,88.4055709839,183.335754395,85.7719345093,27.6958236694,58.6487770081,28.3456840515
2016-09-30,84.2355957031,125.63999939,88.1849517822,184.719192505,85.7719345093,27.882144928,58.2458953857,28.5505485535
2016-10-03,84.140296936,125.319999695,87.979675293,184.27507019,85.6909255981,27.8299827576,57.1580734253,28.7402229309
2016-10-04,83.8550567627,120.970001221,87.5771560669,183.335754395,85.2712554932,27.7479896545,56.3791046143,28.451915741
2016-10-05,83.74243927,120.779998779,87.3798599243,184.147003174,85.1313400269,27.8970584869,55.2375679016,28.8843765259
2016-10-06,83.74243927,119.660003662,87.1983337402,184.27507019,85.1755447388,27.7479896545,55.2576980591,28.8843765259
2016-10-07,83.7574615479,119.739997864,87.3246078491,183.643127441,85.1534500122,27.5691184998,55.1636886597,28.7857398987
2016-10-10,83.719909668,120.160003662,87.0957260132,184.599700928,85.0356063843,27.6809101105,55.5061454773,28.983007431
2016-10-11,83.5922927856,119.550003052,87.0720443726,182.268203735,84.9693603516,27.2784423828,54.9689674377,28.4443225861
2016-10-12,83.6223602295,119.739997864,87.0720443726,182.507339478,84.9399261475,27.2411804199,55.6001777649,28.4139785767
2016-10-13,83.74243927,120.029998779,87.2535858154,181.909545898,85.0724563599,27.1666488647,56.0366363525,28.2394676208
2016-10-14,83.5998382568,119.36000061,86.9851760864,182.003479004,84.9914627075,27.1890068054,55.7882003784,28.3153400421
2016-10-17,83.74243927,119.680000305,87.1746520996,181.37159729,85.3743515015,27.144285202,55.9090499878,28.2622261047
2016-10-18,83.8775482178,120.419998169,87.3482437134,182.507339478,85.4258880615,27.4349536896,56.2649650574,28.7629756927
2016-10-19,83.9226379395,121.11000061,87.3877487183,182.994140625,85.5437088013,27.5318470001,56.3858299255,28.9147262573
2016-10-20,83.8925933838,120.739997864,87.3088378906,182.652526855,85.4111480713,27.5318470001,56.2582588196,28.8767986298
2016-10-21,83.9451065063,120.830001831,87.4035110474,182.737960815,85.5068359375,27.4722328186,56.0500679016,28.8843765259
2016-10-24,83.8174743652,120.559997559,87.2851104736,183.515060425,85.3743515015,27.4349536896,56.1776657104,29.0285358429
2016-10-25,83.8174743652,121.470001221,87.2693481445,182.900192261,85.5068359375,27.4125995636,56.0769462585,29.0057640076
2016-10-26,83.65234375,120.790000916,87.0799331665,182.532974243,85.4184951782,27.2784423828,55.3449897766,28.7933292389
2016-10-27,83.4421615601,121.010002136,86.7799682617,182.046203613,85.0503616333,27.2486286163,53.8945503235,28.57330513
2016-10-28,83.4421615601,121.580001831,86.7957763672,181.508163452,85.1460723877,27.2337150574,54.0221443176,28.4139785767
2016-10-31,83.5472335815,121.940002441,86.8667907715,181.516662598,85.308052063,27.2113647461,54.9018287659,28.641582489
2016-11-01,83.5021514893,122.730003357,86.8699798584,180.201553345,85.3154220581,27.1368312836,53.7065467834,28.4291381836
2016-11-02,83.5999145508,123.63999939,87.1308364868,179.116989136,85.3522338867,26.9355983734,52.9209022522,28.1029014587
2016-11-03,83.4870986938,124.300003052,87.0754776001,178.297180176,85.1092529297,26.9206905365,52.5112762451,28.0346183777
2016-11-04,83.6600646973,124.38999939,87.3441848755,178.100738525,85.3301391602,26.6970939636,52.92760849,27.7387180328
2016-11-07,83.5623016357,122.150001526,86.9806289673,182.02911377,85.2859725952,27.062297821,53.854259491,28.6795253754
2016-11-08,83.4269332886,121.63999939,86.6724090576,182.848953247,85.1387405396,27.1293773651,54.1363105774,28.8160991669
2016-11-09,82.6522979736,121.559997559,85.3524627686,184.787536621,84.5054550171,27.0846595764,53.3170776367,28.0573711395
2016-11-10,82.3138885498,119.75,84.8387451172,185.248687744,84.3582382202,26.9952259064,52.423992157,27.2455482483
2016-11-11,82.1634521484,117.099998474,84.6648330688,184.821670532,84.1225967407,26.7790908813,52.7395935059,26.7447929382
2016-11-14,81.8325805664,116.11000061,84.1748199463,184.966888428,83.4746704102,26.6598358154,53.9885787964,26.615814209
2016-11-15,81.8927383423,117.120002747,84.1748199463,186.410125732,83.526222229,26.8237991333,53.5386657715,27.1165676117
2016-11-16,82.0732116699,116.769996643,84.253868103,186.059967041,83.702911377,26.5778427124,53.384223938,26.8965377808
2016-11-17,81.7648620605,116.169998169,83.8823623657,187.016433716,83.5630264282,26.7567272186,52.840297699,26.904127121
2016-11-18,81.501625061,115.150001526,83.5108718872,186.597976685,83.4378356934,26.5182285309,52.994758606,26.8434257507
2016-11-21,81.5693359375,115.580001831,83.5820541382,188.007080078,83.6366500854,26.7492675781,52.8336029053,27.1089687347
2016-11-22,81.64453125,115.540000916,83.6610336304,188.374313354,83.7102584839,26.8312473297,53.7602767944,27.4048748016
2016-11-23,81.3587722778,113.25,83.3607330322,188.476776123,83.4304885864,26.7343673706,53.5319519043,27.1393260956
2016-11-25,81.3512115479,112.61000061,83.2896118164,189.177093506,83.2905883789,26.7865371704,53.8408279419,27.2834777832
2016-11-28,81.6370239258,113.800003052,83.6689376831,188.288909912,83.4158325195,26.6896438599,54.0893058777,27.4200553894
2016-11-29,81.7272872925,113.269996643,83.755897522,188.656158447,83.4968032837,26.8387069702,54.6063537598,27.4352264404
2016-11-30,81.4038848877,111.75,83.194770813,188.20350647,83.5409240723,26.8014392853,53.9818725586,27.4807376862
2016-12-01,81.1356201172,111.540000916,82.8773498535,187.511749268,83.3003768921,26.7343673706,53.1895027161,27.1696720123
2016-12-02,81.3917999268,112.13999939,83.249382019,187.605728149,83.3446578979,26.8088951111,53.7199859619,27.1393260956
2016-12-05,81.4596176147,111.540000916,83.2177124023,188.733001709,83.4627151489,27.0175800323,54.1161613464,27.3214168549
2016-12-06,81.4445419312,111.430000305,83.249382019,189.330749512,83.6250228882,27.203912735,54.46534729,27.4352264404
2016-12-07,81.6555252075,111.830001831,83.5263900757,191.807373047,83.6988601685,27.5616645813,55.5531692505,27.8449382782
2016-12-08,81.5047988892,111.569999695,83.2097625732,192.277069092,83.61769104,27.5840263367,55.9359169006,27.9739093781
2016-12-09,81.2561645508,110.400001526,82.7823867798,193.438476562,83.2339706421,27.6660060883,55.8754806519,27.8449382782
2016-12-12,81.1808776855,110.819999695,82.7981948853,193.21647644,83.2192153931,27.5765628815,56.2448234558,27.6173095703
2016-12-13,81.2863235474,110.449996948,82.8456802368,194.505966187,83.1896972656,27.8672370911,56.217956543,27.8980369568
2016-12-14,80.8417663574,108.830001831,82.1571273804,192.900436401,82.5329666138,27.4125995636,54.9891090393,27.0938014984
2016-12-15,80.7437973022,107.339996338,81.9275665283,193.694702148,82.0164413452,27.3678798676,54.6667938232,27.2152004242
2016-12-16,80.796546936,108.050003052,82.0304794312,193.315826416,81.9721603394,27.3753356934,55.4860115051,27.0482769012
2016-12-19,81.00756073,108.589996338,82.4103775024,193.736785889,82.3115921021,27.3529777527,56.0836524963,26.866186142
2016-12-20,80.932182312,107.790000916,82.236289978,194.484130859,82.392791748,27.4125995636,56.2112388611,26.9119281769
2016-12-21,81.1054840088,107.849998474,82.370803833,193.942901611,82.5993652344,27.4125995636,55.3584480286,26.8280620575
2016-12-22,81.1047515869,107.589996338,82.3351211548,193.60798645,82.857673645,27.3374500275,55.26587677,26.5764904022
2016-12-23,81.1273727417,107.930000305,82.4144210815,193.891448975,82.9535751343,27.3975639343,55.4098587036,26.7060909271
2016-12-27,81.066986084,108.559997559,82.2955245972,194.372467041,82.9166870117,27.3599948883,55.5264053345,26.8356971741
2016-12-28,81.1953964233,108.86000061,82.5967330933,192.766082764,83.1306381226,27.3073921204,55.1904602051,27.0034179688
2016-12-29,81.4445877075,110.290000916,82.8504180908,192.72315979,83.2339706421,27.4050827026,55.8760528564,27.4227275848
2016-12-30,81.6107559204,109.61000061,83.0961990356,192.018737793,83.5069885254,27.4576873779,56.5822105408,27.2778682709
2017-01-03,81.6937789917,110.470001221,83.0565490723,193.48765564,83.5881500244,27.6305179596,56.7673416138,27.5751953125
2017-01-04,81.7164764404,110.86000061,83.1516342163,194.638763428,83.7726669312,27.9686641693,57.5969047546,27.8267822266
2017-01-05,82.0563278198,112.580001831,83.6907119751,194.484130859,84.0604019165,28.2166347504,57.7820205688,28.1164932251
2017-01-06,81.7844314575,111.75,83.310218811,195.180023193,83.7135696411,28.103931427,57.7888641357,28.0021286011
2017-01-09,81.9203643799,112.669998169,83.6272964478,194.535705566,83.8464126587,28.0362987518,57.2678222656,27.9563827515
2017-01-10,81.8977279663,113.150001526,83.5876693726,194.535705566,83.9128265381,28.0663433075,56.7810401917,28.1088600159
2017-01-11,81.995880127,113.5,83.6827545166,195.085510254,84.1784973145,28.2617359161,56.4314079285,28.3528270721
2017-01-12,82.0260925293,113.910003662,83.7303543091,194.595840454,84.2522506714,28.2842731476,56.7193336487,28.4214382172
2017-01-13,81.8826293945,114.209999084,83.5480499268,195.042510986,84.1046981812,28.3894710541,56.6370773315,28.3909435272
2017-01-17,82.1620483398,115.849998474,83.9682006836,194.355300903,84.3703231812,28.3143291473,57.0758476257,28.3604507446
2017-01-18,81.8071060181,114.870002747,83.3736801147,194.78477478,83.9570999146,28.1865844727,57.1718711853,28.2537212372
2017-01-19,81.5956420898,114.769996643,83.0565490723,194.063247681,83.8907394409,28.1339893341,56.5890617371,28.1774768829
2017-01-20,81.6258392334,115.050003052,83.0961990356,194.776245117,83.9054412842,28.2692432404,57.0004196167,28.2232189178
2017-01-23,81.8523864746,115.790000916,83.5321807861,194.269378662,84.2449188232,28.3293552399,57.4803543091,28.6120319366
2017-01-24,81.7239837646,115.269996643,83.2151107788,195.515029907,84.1046981812,28.4495887756,57.4940567017,28.8178768158
2017-01-25,81.505065918,114.319999695,82.8028335571,197.207290649,83.8316802979,28.7276229858,57.1169815063,29.0694618225
2017-01-26,81.5578460693,113.260002136,82.913848877,197.001083374,83.9570999146,28.6374549866,57.0073013306,28.9474811554
2017-01-27,81.6258392334,113.489997864,83.0168914795,196.691925049,84.0973052979,28.5698204041,56.4519500732,28.9779624939
2017-01-30,81.5880661011,113.970001221,82.9931182861,195.47203064,84.0751724243,28.3669319153,56.0680236816,28.833114624
2017-01-31,81.7844314575,115.550003052,83.2785263062,195.454879761,84.2522506714,28.4646167755,56.4725379944,28.8483772278
2017-02-01,81.6694564819,115.199996948,83.118888855,195.532180786,84.0751724243,28.5622959137,55.7937774658,28.9093551636
2017-02-02,81.7148361206,115.839996338,83.1506576538,195.660964966,84.0825576782,28.6073875427,56.4588088989,29.0084648132
2017-02-03,81.737487793,116.129997253,83.2141799927,197.00970459,83.9940109253,28.7276229858,56.7673416138,29.1914405823
2017-02-06,81.9721221924,117.699996948,83.6111831665,196.657501221,84.200592041,28.5172233582,56.6713485718,29.122833252
2017-02-07,82.0553588867,117.459999084,83.7620391846,196.666122437,84.1637039185,28.4946708679,56.4725379944,29.0160923004
2017-02-08,82.2899475098,118.190002441,84.1034317017,196.923828125,84.3629684448,28.5397701263,56.9181632996,29.244808197
2017-02-09,82.0932312012,117.290000916,83.6032104492,198.092086792,84.200592041,28.6449604034,57.0552825928,29.3972969055
2017-02-10,82.078086853,117.599998474,83.5476531982,198.873779297,84.2670211792,28.750169754,57.4598007202,29.6641159058
2017-02-13,81.9569854736,116.800003052,83.4206314087,199.956192017,84.1341934204,28.8553600311,57.4803543091,29.7784767151
2017-02-14,81.775390625,116.930000305,83.118888855,200.755050659,83.9349975586,28.8403339386,57.1786994934,29.8242073059
2017-02-15,81.6467208862,117.449996948,82.960144043,201.803070068,84.0456390381,28.9455451965,56.9867095947,30.0453052521
2017-02-16,81.8207626343,118.080001831,83.293586731,201.631286621,84.0456390381,29.0056533813,57.3226776123,29.96144104
2017-02-17,82.0023422241,117.680000305,83.5158538818,201.949127197,84.2375030518,28.9079723358,57.4323616028,29.862329483
2017-02-21,81.9947967529,117.75,83.4761962891,203.151748657,84.230140686,29.0357074738,58.1659507751,30.1062889099
2017-02-22,82.0477905273,117.910003662,83.6111831665,202.971359253,84.3851013184,29.0131702423,57.9739685059,30.1825313568
2017-02-23,82.1840057373,118.940002441,83.8334732056,203.108779907,84.5843048096,29.0657653809,58.2756385803,30.1977806091
2017-02-24,82.4867477417,119.699996948,84.2224807739,203.366516113,84.827796936,28.8177890778,58.5498695374,29.8775787354
2017-02-27,82.3353652954,119.120002747,83.9208221436,203.684310913,84.5990753174,28.8328151703,58.8584136963,29.7555961609
2017-02-28,82.3126754761,119.230003357,83.8811340332,203.134567261,84.5990753174,28.7651977539,58.453918457,29.4963855743
2017-03-01,81.9259719849,119.059997559,83.2967987061,205.97795105,84.0899124146,29.0432376862,58.2756385803,29.9690608978
2017-03-02,81.7742233276,117.580001831,83.0582809448,204.680801392,83.8242721558,28.8628787994,57.9602661133,29.4354038239
2017-03-03,81.8349456787,117.510002136,83.1377334595,204.809631348,84.0161209106,29.0056533813,57.7340354919,29.6869869232
2017-03-06,81.7970123291,116.720001221,83.1218719482,204.199798584,83.9275970459,28.9079723358,57.4734954834,29.7327270508
2017-03-07,81.6908798218,115.779998779,83.0025939941,203.589782715,83.7800064087,28.8328151703,57.1992454529,29.7708415985
2017-03-08,81.4937057495,115.059997559,82.7242965698,203.211898804,83.4184188843,28.6825275421,56.1434516907,29.4735126495
2017-03-09,81.2434234619,114.470001221,82.4937515259,203.469558716,83.1970367432,28.8027667999,55.3001556396,29.2219314575
2017-03-10,81.3647994995,114.720001221,82.6686706543,204.18258667,83.3520736694,29.0281982422,55.1287651062,29.4659023285
2017-03-13,81.2283096313,114.739997864,82.4619293213,204.285675049,83.160194397,29.1634635925,55.26587677,29.8394565582
2017-03-14,81.2586364746,114.120002747,82.5494003296,203.503921509,83.1011428833,28.9455451965,55.252166748,29.6717338562
2017-03-15,81.7287750244,116.25,83.2728729248,205.265014648,83.853805542,29.3964080811,56.3696746826,30.3655033112
2017-03-16,81.6377487183,116.730003357,83.0423126221,204.861190796,83.7947769165,29.516626358,56.2599945068,30.5713348389
2017-03-17,81.8121948242,116.989997864,83.2649536133,204.501495361,83.9792404175,29.5617237091,56.5205192566,30.5408573151
2017-03-20,81.9334640503,117.510002136,83.4637298584,204.277099609,84.1046981812,29.5466995239,56.4725379944,30.8381881714
2017-03-21,82.1003265381,118.540000916,83.7419662476,201.654327393,84.1637039185,29.3738613129,56.2256965637,30.4646110535
2017-03-22,82.2141189575,118.830001831,83.901008606,202.128829956,84.3039093018,29.4114341736,56.1946372986,30.6104850769
2017-03-23,82.2368240356,118.669998169,83.8134994507,201.91317749,84.2079849243,29.494096756,56.6090087891,30.6257553101
2017-03-24,82.1686096191,118.86000061,83.861289978,201.766479492,84.451499939,29.5695285797,56.546836853,30.7097663879
2017-03-27,82.365776062,119.529998779,84.0679321289,201.559402466,84.613822937,29.6374092102,56.035785675,30.6181163788
2017-03-28,82.1761627197,119.040000916,83.7817382812,203.026123047,84.3334503174,29.773191452,56.2775154114,30.694486618
2017-03-29,82.3581314087,119.330001831,84.0202331543,203.215881348,84.5548171997,29.8033676147,56.5951957703,30.740322113
2017-03-30,82.2064971924,118.470001221,83.7817382812,203.862991333,84.3481903076,29.6902179718,56.6987724304,30.5646591187
2017-03-31,82.2671585083,118.720001221,83.94871521,203.388442993,84.5990753174,29.6449604034,57.0371742249,30.3355312347
2017-04-03,82.5726165771,119.349998474,84.3619689941,203.034729004,84.8022766113,29.6147861481,57.202911377,30.5722942352
2017-04-04,82.496635437,119.620002747,84.2425003052,203.164169312,84.7062225342,29.5997028351,57.202911377,30.6410255432
2017-04-05,82.5878067017,119.620002747,84.4017868042,202.560256958,84.8687591553,29.4412822723,57.2857894897,30.5875720978
2017-04-06,82.5802230835,119.180000305,84.346031189,203.129623413,84.8244476318,29.4639225006,57.5896835327,30.5341072083
2017-04-07,82.397857666,119.459999084,84.0912475586,202.922592163,84.4919891357,29.4261989594,57.6725387573,30.5264663696
2017-04-10,82.5042266846,119.459999084,84.2425003052,203.04335022,84.5362548828,29.4261989594,58.0316352844,30.381357193
2017-04-11,82.7397689819,121.190002441,84.6326828003,202.801803589,84.6988067627,29.5468921661,58.4321899414,30.4119281769
2017-04-12,82.92212677,122.019996643,84.8954086304,201.91317749,85.0165557861,29.5242671967,58.3286056519,30.5188312531
2017-04-13,83.0285186768,122.599998474,85.1502380371,200.60168457,85.1421966553,29.33568573,58.1973724365,30.3584423065
2017-04-17,82.9829025269,122.239997864,85.0148468018,202.379043579,84.9426345825,29.5770664215,58.9018173218,30.6181163788
2017-04-18,83.3172683716,122.819999695,85.5005874634,201.775100708,85.1273803711,29.4035778046,59.0606384277,30.2591686249
2017-04-19,83.1881256104,121.730003357,85.2776184082,201.40411377,84.9721984863,29.2677993774,58.9777832031,30.0376720428
2017-04-20,83.0588989258,121.959999084,85.0865249634,203.04335022,84.8835372925,29.5318069458,58.9846839905,30.350818634
2017-04-21,83.0817108154,122.309997559,85.1263427734,202.396240234,84.765335083,29.5468921661,58.7705879211,30.320268631
2017-04-24,82.9601745605,121.480003357,84.9511642456,204.6222229,84.7431640625,30.1956062317,58.1214294434,30.6715812683
2017-04-25,82.6866073608,120.25,84.5132446289,205.812835693,84.6027832031,30.3917369843,58.3631477356,30.8930606842
2017-04-26,82.79296875,120.839996338,84.7361984253,205.683441162,84.7801055908,30.2785949707,57.9280395508,30.7784996033
2017-04-27,82.8689575195,120.38999939,84.7919082642,205.856002808,84.8539962769,30.3238430023,57.7761268616,30.6792068481
2017-04-28,83.0132980347,120.769996643,84.8794708252,205.407363892,84.9795913696,30.3012142181,57.1753044128,30.8090572357
2017-05-01,82.7993621826,119.669998169,84.6960449219,205.924957275,84.6936950684,30.3841953278,57.5136909485,30.9312458038
2017-05-02,82.9135818481,119.650001526,84.8715286255,206.002639771,84.6936950684,30.5652332306,57.4169960022,31.0839939117
2017-05-03,82.8297805786,117.980003357,84.6960449219,205.752426147,84.5084991455,30.46717453,56.6504478455,30.8625164032
2017-05-04,82.7612533569,116.790000916,84.5046920776,205.994033813,84.1900024414,30.6859302521,56.3741874695,30.5341072083
2017-05-05,82.7765045166,117.010002136,84.5206375122,206.80506897,84.2566680908,30.9951992035,56.9059677124,30.7097663879
2017-05-08,82.6165390015,116.75,84.3133392334,206.77053833,83.9307098389,30.8518829346,56.5054206848,30.5188312531
2017-05-09,82.6242141724,116.050003052,84.2176589966,206.580718994,83.8566741943,30.7990779877,56.2015457153,30.8625164032
2017-05-10,82.6470336914,116.040000916,84.1857299805,206.951721191,83.8863067627,30.844329834,56.643535614,31.1069107056
2017-05-11,82.6394271851,116.5,84.2495422363,206.52897644,84.138168335,30.7839832306,56.3603973389,31.0916404724
2017-05-12,82.9440460205,116.830001831,84.6801528931,206.183837891,84.2714767456,30.9197673798,56.1324729919,31.2596664429
2017-05-15,82.9135818481,117.13999939,84.6243438721,207.322723389,84.0492172241,31.1008090973,56.2982330322,31.5498809814
2017-05-16,83.0201644897,117.650001526,84.7359619141,207.132888794,84.108505249,31.2592105865,55.9184036255,31.5804214478
2017-05-17,83.4466323853,119.790000916,85.4137954712,203.457473755,84.5973739624,30.8820476532,56.146270752,31.1069107056
2017-05-18,83.4009017944,118.809997559,85.3898696899,204.277099609,84.7307128906,30.9423923492,56.4570617676,30.5341072083
2017-05-19,83.4009017944,119.400001526,85.3659057617,205.605804443,84.8788528442,31.2969303131,56.7609443665,31.0763549805
2017-05-22,83.3476715088,119.900001526,85.2702560425,206.649734497,84.7455291748,31.3798999786,56.9819221497,31.0687160492
2017-05-23,83.1877059937,119.13999939,85.0469894409,207.107025146,84.6196060181,31.34973526,57.0302619934,31.0534477234
2017-05-24,83.3324279785,119.61000061,85.22240448,207.590148926,84.6715087891,31.4176216125,57.4929656982,31.1603622437
2017-05-25,83.3704528809,119.480003357,85.2702560425,208.582336426,84.5381469727,31.410074234,57.4998779297,31.3207530975
2017-05-26,83.3400421143,120.540000916,85.3260650635,208.539199829,84.7381057739,31.3270988464,57.0855102539,31.3971309662
2017-05-30,83.4999313354,120.13999939,85.5413742065,208.358032227,84.923324585,31.274307251,56.7263832092,31.3436756134
2017-05-31,83.5837402344,120.620002747,85.5812454224,208.306274414,84.945526123,31.334646225,56.7609443665,31.1145420074
2017-06-01,83.5455474854,120.720001221,85.5365219116,209.962768555,84.9069290161,31.5458488464,57.0578994751,31.3436756134
2017-06-02,83.8202438354,121.61000061,85.9119262695,210.661621094,85.2484283447,31.8475856781,57.6448898315,31.4429607391
2017-06-05,83.6905288696,121.730003357,85.7681427002,210.506286621,85.025680542,31.7117919922,57.3963012695,31.4429607391
2017-06-06,83.8584289551,123.099998474,86.0396728516,209.833343506,85.1222076416,31.6363716125,57.1200523376,31.4658641815
2017-06-07,83.7592315674,122.449996948,85.8799209595,210.221557617,84.9217605591,31.6137485504,57.5205955505,31.4429607391
2017-06-08,83.6752471924,121.650001526,85.7441329956,210.32510376,84.8326950073,31.568479538,57.3824577332,31.5040607452
2017-06-09,83.6065979004,120.540000916,85.66431427,210.00592041,84.7584533691,31.455329895,57.783039093,31.2902050018
2017-06-12,83.6065979004,120.36000061,85.6483154297,209.962768555,84.5802764893,31.3572769165,58.3009757996,31.1756343842
2017-06-13,83.6295089722,120.480003357,85.6802749634,210.989456177,84.721321106,31.6288414001,58.4321899414,31.3207530975
2017-06-14,83.8965377808,119.819999695,86.1275558472,210.722000122,84.7361526489,31.5911178589,58.5150527954,31.2978496552
2017-06-15,83.8431777954,119.319999695,85.9757766724,210.31652832,84.3204193115,31.2516613007,58.8120346069,31.0228977203
2017-06-16,83.8965377808,119.339996338,86.023727417,210.362426758,84.3947067261,31.5307636261,58.6601028442,31.1221790314
2017-06-19,83.7821044922,118.430000305,85.7840957642,212.113708496,84.2981567383,31.6439170837,58.6669960022,31.3283958435
2017-06-20,83.9118652344,118.180000305,85.9997253418,210.68321228,84.3872528076,31.3572769165,58.5288963318,30.9541683197
2017-06-21,83.9270782471,118.519996643,85.9917373657,210.631195068,84.5208740234,31.3282737732,58.41147995,31.0717468262
2017-06-22,83.9652786255,118.919998169,86.0716323853,210.535827637,84.7955627441,31.3893222809,58.4667358398,31.1870307922
2017-06-23,83.9804840088,119.430000305,86.0955886841,210.787246704,84.8623809814,31.4580135345,58.6696090698,31.302312851
2017-06-26,84.0568313599,118.36000061,86.1674346924,210.925949097,84.9959945679,31.5190639496,59.0879173279,31.6327781677
2017-06-27,83.8049926758,118.809997559,85.7441329956,209.226699829,84.5950927734,31.5114402771,58.5580558777,31.302312851
2017-06-28,83.8355331421,118.900001526,85.66431427,211.099349976,84.6619491577,31.793806076,58.6975097656,31.4867477417
2017-06-29,83.6752471924,118.319999695,85.3448638916,209.24407959,84.3278656006,31.4732780457,58.0281982422,31.1332244873
2017-06-30,83.5684356689,118.019996643,85.1452102661,209.634155273,84.2090606689,31.534330368,58.0281982422,31.3791713715
2017-07-03,83.4193496704,116.089996338,84.8324279785,209.989654541,84.0542602539,31.4732780457,58.7672271729,31.525188446
2017-07-05,83.4652328491,116.519996643,84.8964385986,210.475158691,84.1807861328,31.4885463715,57.9375610352,31.4713764191
2017-07-06,83.3046340942,116.470001221,84.7364959717,208.550476074,83.9649353027,31.297744751,56.8499107361,31.1255378723
2017-07-07,83.2740402222,115.279998779,84.6004867554,209.902938843,83.7044296265,31.3511714935,57.1706428528,31.2100944519
2017-07-10,83.3122787476,115.470001221,84.7124862671,210.128356934,83.6672821045,31.4045982361,56.6477355957,31.4329509735
2017-07-11,83.3887786865,115.620002747,84.8244094849,209.972320557,83.9351425171,31.5038070679,56.5849838257,31.6558303833
2017-07-12,83.6410675049,116.029998779,85.0723800659,211.550186157,84.1807861328,31.7861785889,57.2821884155,32.2552909851
2017-07-13,83.5493545532,115.819999695,84.9844284058,211.905670166,84.1510238647,31.8777656555,57.3728218079,32.3475112915
2017-07-14,83.6334609985,116.769996643,85.104385376,212.893981934,84.1436157227,32.1067085266,57.9236183167,32.6779785156
2017-07-17,83.6716766357,117.290000916,85.2083587646,212.868011475,84.3147888184,32.0532836914,58.3907470703,32.5088920593
2017-07-18,83.8628234863,118.11000061,85.520324707,212.980697632,84.5529098511,32.1219711304,58.2652435303,32.5626945496
2017-07-19,83.8857727051,118.080001831,85.520324707,214.133773804,84.6199569702,32.2746124268,58.7044639587,32.8777923584
2017-07-20,83.9087524414,118.239997864,85.5442962646,214.229125977,84.4115142822,32.3814582825,58.4325675964,32.8086242676
2017-07-21,84.0540161133,119.260002136,85.6962890625,214.038406372,84.5380477905,32.2975082397,58.3907470703,32.7394599915
2017-07-24,83.9775390625,119.309997559,85.6402664185,213.986373901,84.5380477905,32.2364578247,58.2792053223,32.8624305725
2017-07-25,83.6793670654,118.919998169,85.1604156494,214.506607056,84.2105941772,32.2593460083,58.3558769226,32.8086242676
2017-07-26,83.8399124146,119.879997253,85.4323120117,214.515258789,84.456199646,32.4654006958,58.7602539062,33.0468788147
2017-07-27,83.7175521851,119.790000916,85.2963485718,214.315841675,84.3966751099,32.3433074951,58.8299789429,32.8777923584
2017-07-28,83.8857727051,120.690002441,85.4402999878,214.06439209,84.5975875854,32.3738250732,58.6696090698,33.0007553101
2017-07-31,83.8475265503,120.75,85.4643249512,213.942993164,84.5975875854,32.4424972534,58.7463111877,33.0545578003
2017-08-01,84.0774459839,120.650001526,85.6765975952,214.41986084,84.669921875,32.6256561279,59.0112342834,33.1928939819
2017-08-02,84.0161743164,120.400001526,85.5965042114,214.52394104,84.6251678467,32.6103935242,58.4743919373,33.2697486877
2017-08-03,84.1847229004,120.589996338,85.892906189,214.107803345,84.8563690186,32.564617157,58.3558769226,33.1467819214
2017-08-04,84.0468139648,119.650001526,85.6606063843,214.497924805,84.7370758057,32.6103935242,58.5510902405,33.2313308716
2017-08-07,84.0391387939,119.510002136,85.7086868286,214.896713257,84.833984375,32.6332969666,58.4883460999,33.4926223755
2017-08-08,83.9625396729,119.86000061,85.6365356445,214.367874146,84.8936538696,32.4654006958,58.2094497681,33.4465103149
2017-08-09,84.0391387939,121.309997559,85.7407226562,214.359191895,85.0502548218,32.3814582825,58.0142440796,33.2620697021
2017-08-10,84.1234207153,122.209999084,86.0611038208,211.333465576,85.2665252686,31.9159107208,57.5959358215,32.4935302734
2017-08-11,84.1923751831,122.790000916,86.1572799683,211.645584106,85.2143249512,31.9082870483,57.2403411865,32.5934371948
2017-08-14,84.1540603638,121.919998169,85.9489822388,213.743637085,84.8787612915,32.1296081543,58.195526123,32.8777923584
2017-08-15,84.0314788818,120.980003357,85.6926269531,213.717590332,84.6251678467,32.0990791321,58.0212135315,32.8547477722
2017-08-16,84.1847229004,121.870002747,85.8528442383,214.090438843,84.7743453979,32.2975082397,58.2513084412,33.2543754578
2017-08-17,84.3073654175,122.489997864,86.1572799683,210.752624512,84.9831314087,31.9311790466,57.8887405396,32.8316841125
2017-08-18,84.2537002563,122.300003052,86.1732330322,210.423110962,84.9980773926,32.0227737427,57.3030853271,33.0699272156
2017-08-21,84.3149795532,122.760002136,86.2293548584,210.587844849,85.0278930664,32.0303878784,57.9166297913,33.1544761658
2017-08-22,84.2383575439,122.209999084,86.0611038208,212.789962769,84.9234771729,32.190662384,57.7493171692,33.4465103149
2017-08-23,84.4299621582,122.669998169,86.3575820923,212.027023315,85.1546325684,32.2059288025,58.3419380188,33.6079101562
2017-08-24,84.3226776123,122.290000916,86.2213516235,211.532852173,84.9383850098,32.1677703857,58.1606674194,33.6847572327
2017-08-25,84.3839874268,122.739997864,86.3655471802,212.027023315,85.0800552368,32.3585586548,58.4395446777,33.9691085815
2017-08-28,84.4146270752,124.690002441,86.4456787109,212.035644531,85.1472015381,32.3585586548,57.9933547974,33.9614334106
2017-08-29,84.5372161865,124.419998169,86.645980835,212.278457642,85.2814178467,32.2211875916,57.9305648804,33.8922576904
2017-08-30,84.5218963623,124.36000061,86.5738296509,213.284164429,85.2590332031,32.1753959656,58.258266449,33.930683136
2017-08-31,84.6368026733,125.819999695,86.7100067139,214.567260742,85.4753112793,32.4501495361,58.5929298401,34.0459632874
2017-09-01,84.4448547363,126.059997559,86.4549026489,214.870697021,85.278793335,32.5111961365,58.7951202393,34.2918891907
2017-09-05,84.7904281616,127.459999084,87.0565948486,213.327484131,85.8317871094,32.2746124268,58.634765625,34.0305900574
2017-09-06,84.6982879639,126.809997559,86.8480072021,214.05569458,85.7271499634,32.5111961365,58.7881355286,34.2765197754
2017-09-07,84.9055862427,128.130004883,87.2251205444,214.029769897,86.0858230591,32.7783088684,59.1646308899,34.4455947876
2017-09-08,84.8057861328,127.970001221,87.1609039307,213.778289795,86.1007995605,32.7706794739,59.2134437561,34.2227287292
2017-09-11,84.5754089355,126.190002441,86.6634750366,216.058441162,85.7719802856,33.0148849487,59.7572402954,34.6223640442
2017-09-12,84.452545166,126.559997559,86.4549026489,216.786697388,85.6300125122,33.0835762024,59.0530738831,34.5608863831
2017-09-13,84.3680648804,125.61000061,86.2783966064,216.89074707,85.4730834961,32.930934906,58.8996963501,34.3303260803
2017-09-14,84.4141464233,126.160003662,86.2944488525,216.821395874,85.6075820923,33.022518158,59.3877334595,34.3994750977
2017-09-15,84.3988265991,125.529998779,86.3987579346,217.113235474,85.5627593994,33.0377807617,59.499294281,34.6300506592
2017-09-18,84.3603973389,124.36000061,86.0617828369,217.575057983,85.5253982544,33.0912055969,59.178565979,34.5993118286
2017-09-19,84.3143005371,124.620002747,85.9655075073,217.792861938,85.4282684326,33.2514762878,58.7881355286,34.6300506592
2017-09-20,84.2452316284,123.620002747,85.7970275879,217.871292114,85.1891021729,33.1664123535,58.6277999878,34.5305366516
2017-09-21,84.2298278809,122.680000305,85.6847076416,217.287521362,84.9948348999,33.1127624512,58.5162162781,34.5616188049
2017-09-22,84.291305542,123.239997864,85.8371429443,217.331069946,85.2115402222,33.1893920898,58.1034584045,34.351688385
2017-09-25,84.4909210205,124.529998779,86.0938720703,216.886764526,85.450630188,33.0437965393,58.4415740967,33.7141189575
2017-09-26,84.4602203369,123.13999939,86.0216522217,217.017425537,85.3833847046,32.9211807251,58.5401878357,33.7063293457
2017-09-27,84.2145233154,121.980003357,85.5803833008,217.862548828,85.1218795776,32.9671478271,58.0119018555,33.5197219849
2017-09-28,84.2221832275,122.209999084,85.5643615723,218.123916626,85.0621032715,33.0744552612,58.4063606262,33.5352745056
2017-09-29,84.1530227661,121.580001831,85.4600753784,218.890640259,84.8752670288,33.2660331726,58.5260810852,33.8773880005
2017-10-02,84.2046508789,120.769996643,85.3628234863,219.840362549,84.7616348267,33.2277107239,58.4415740967,33.9084968567
2017-10-03,84.2738647461,120.830001831,85.4833526611,220.310882568,84.8438491821,33.3579864502,58.3570365906,34.3750152588
2017-10-04,84.2508163452,121.169998169,85.4592437744,220.572265625,84.9186172485,33.296672821,58.6528701782,34.4138908386
2017-10-05,84.2123413086,120.519996643,85.3708496094,221.879119873,84.8289337158,33.2660331726,58.8641777039,34.6316108704
2017-10-06,84.0891647339,121.089996338,85.2663650513,221.626449585,84.7616348267,33.2277107239,58.6740036011,34.499420166
2017-10-09,84.2046508789,122.080001831,85.3628234863,221.260528564,84.7915039062,33.2430343628,58.8148765564,34.3827972412
2017-10-10,84.2123413086,122.400001526,85.3949813843,221.844329834,84.9410552979,33.549571991,58.9909820557,34.717124939
2017-10-11,84.2277145386,122.790000916,85.4913864136,222.192825317,85.0457077026,33.6645202637,59.1882019043,34.8182182312
2017-10-12,84.3276901245,122.88999939,85.5717697144,221.861709595,85.2027053833,33.6645202637,59.5685844421,34.8182182312
2017-10-13,84.5355224609,123.819999695,85.861000061,222.131866455,85.322303772,33.8331031799,59.723526001,35.1292419434
2017-10-16,84.4508743286,122.970001221,85.7163314819,222.428024292,85.1279220581,33.8024635315,59.427696228,35.0981330872
2017-10-17,84.4200973511,122.129997253,85.6842269897,222.584899902,84.9709320068,33.7258224487,59.4981155396,34.9270591736
2017-10-18,84.289276123,121.669998169,85.4672927856,222.802719116,84.8663024902,33.7871360779,59.4347305298,34.9581680298
2017-10-19,84.3508148193,122.38999939,85.5556335449,222.863677979,84.9784088135,33.7258224487,59.2586555481,34.701587677
2017-10-20,84.1045913696,121.61000061,85.2021255493,224.013763428,84.7840118408,33.6798553467,58.9205513,34.8415489197
2017-10-23,84.1969070435,121.800003052,85.2825012207,223.142501831,84.7915039062,33.5955505371,58.6951370239,34.5305366516
2017-10-24,84.0199661255,121.330001831,85.025352478,223.534561157,84.6719055176,33.6721725464,58.3429527283,34.6238365173
2017-10-25,83.9660873413,121.349998474,84.8887481689,222.428024292,84.5822143555,33.534236908,58.173915863,34.5460739136
2017-10-26,83.8737487793,120.330001831,84.7762756348,222.715560913,84.5448455811,33.4959220886,57.6949386597,34.3672370911
2017-10-27,84.0584564209,120.900001526,85.0494842529,224.536560059,84.8139648438,33.6262054443,57.9555511475,34.7871131897
2017-10-30,84.289276123,121.129997253,85.3548278809,223.700088501,85.0382461548,33.7028312683,57.9062347412,34.5072059631
2017-10-31,84.2354125977,120.669998169,85.2985534668,224.048583984,85.0756149292,33.856086731,57.8992080688,34.701587677
2017-11-01,84.2724380493,121.11000061,85.3500518799,224.344863892,85.1640090942,33.9327278137,58.1809577942,34.7871131897
2017-11-02,84.3186416626,121.190002441,85.4626846313,224.432006836,85.2913513184,34.0016937256,58.6740036011,34.8959693909
2017-11-03,84.3958282471,120.620002747,85.5995254517,225.181289673,85.3512191772,33.9710426331,58.5260810852,34.6938018799
2017-11-06,84.4728927612,121.650001526,85.7041702271,225.529846191,85.493560791,34.0323486328,58.9205513,35.0281486511
2017-11-07,84.4960098267,121.209999084,85.7363433838,225.372955322,85.6133575439,33.9174041748,59.3995323181,34.8104438782
2017-11-08,84.4420394897,121.629997253,85.6317138672,225.756317139,85.5609817505,34.0630073547,59.6953582764,34.9348564148
2017-11-09,84.3803710938,122.129997253,85.5995254517,224.937347412,85.546005249,33.8331031799,59.7587432861,34.8026504517
2017-11-10,84.0410919189,121.129997253,85.1649627686,224.867630005,85.1715164185,33.7488136292,59.8221473694,34.6704864502
2017-11-13,84.0410919189,121.309997559,85.1247024536,225.076690674,85.1640090942,33.6185379028,60.1250228882,34.6004905701
2017-11-14,84.1259078979,121.559997559,85.2454299927,224.554031372,85.2688522339,33.5878829956,59.9982452393,34.3672370911
2017-11-15,84.2878112793,121.410003662,85.5512542725,223.430038452,85.5085144043,33.4269561768,59.3924598694,34.0873298645
2017-11-16,84.1952972412,121.400001526,85.3339538574,225.329437256,85.3287887573,33.7488136292,59.8855400085,34.6938018799
2017-11-17,84.2878112793,122.86000061,85.4466323853,224.667221069,85.4785614014,33.6185379028,59.6249275208,34.8882026672
2017-11-20,84.2415618896,121.309997559,85.3098449707,225.050643921,85.3512191772,33.6798553467,59.4488334656,35.0359268188
2017-11-21,84.3264007568,121.510002136,85.3258972168,226.52305603,85.3437805176,33.9403953552,59.8925704956,35.4713516235
2017-11-22,84.4728927612,122.629997253,85.5995254517,226.322692871,85.5984344482,34.0553474426,59.7587432861,35.5879821777
2017-11-24,84.4574737549,122.319999695,85.5271148682,226.845413208,85.493560791,34.2699127197,59.8362159729,35.4558029175
2017-11-27,84.4574737549,122.830001831,85.5834274292,226.732147217,85.4785614014,34.0553474426,59.554473877,35.0903549194
2017-11-28,84.4574737549,122.809997559,85.5995254517,229.03237915,85.4711380005,34.2239303589,59.3290634155,35.3002891541
2017-11-29,84.2493133545,122.040000916,85.3258972168,228.892944336,85.2389144897,34.0783348083,59.3502159119,34.8104438782
2017-11-30,84.1104812622,121.099998474,85.0603561401,230.896896362,85.1490097046,34.1473007202,59.4417877197,34.5849647522
2017-12-01,84.3507919312,121.589996338,85.3746871948,230.417633057,85.473274231,34.0476760864,59.5826454163,34.2506141663
2017-12-04,84.3430709839,121.180000305,85.3343658447,230.138870239,85.50340271,33.9097366333,59.2868156433,34.3672370911
2017-12-05,84.428062439,120.319999695,85.3988647461,229.311157227,85.5936431885,33.8637580872,58.7937469482,34.3128128052
2017-12-06,84.5130844116,120.069999695,85.5761489868,229.354675293,85.6839065552,33.7104911804,58.7373962402,33.8851699829
2017-12-07,84.404876709,118.489997864,85.4230270386,230.077865601,85.5710678101,33.8101196289,58.8853340149,33.9318161011
2017-12-08,84.3739547729,118.480003357,85.3585510254,231.332519531,85.5334472656,34.0016937256,59.1882019043,34.3205871582
2017-12-11,84.3430709839,118.010002136,85.3021240234,232.029525757,85.4657287598,34.0706710815,59.1811561584,34.5460739136
2017-12-12,84.3044433594,118.150001526,85.2296066284,232.439025879,85.5334472656,34.0936508179,59.4699440002,34.2972717285
2017-12-13,84.5439834595,119.169998169,85.5761489868,232.412887573,85.6839065552,34.2392578125,59.5685844421,34.6704864502
2017-12-14,84.5671386719,118.930000305,85.5439147949,231.463241577,85.6839065552,34.0783348083,59.554473877,34.4527702332
2017-12-15,84.5903549194,119.180000305,85.5277709961,233.390670776,85.6839065552,34.0553474426,59.9278030396,34.5460739136
2017-12-18,84.4821090698,119.730003357,85.3343658447,234.870620728,85.5334472656,34.4385070801,60.3222465515,34.9037437439
2017-12-19,84.2349319458,119.819999695,84.9475097656,233.968658447,85.2776565552,34.3312149048,59.0402946472,34.8104438782
2017-12-20,84.0417175293,120.13999939,84.6976547241,233.846038818,84.9917602539,34.3082275391,58.3570365906,34.8570976257
2017-12-21,84.1159362793,120.309997559,84.7574157715,234.327697754,85.2147903442,34.4181137085,58.1310081482,35.2024002075
2017-12-22,84.1545562744,120.940002441,84.7897109985,234.266448975,85.2675094604,34.5032081604,58.5315856934,35.4914512634
2017-12-26,84.2241363525,121.769996643,84.8219909668,233.986206055,85.3428649902,34.5109596252,58.8248214722,35.5305213928
2017-12-27,84.4869537354,122.230003357,85.1852111816,234.100021362,85.696975708,34.5960731506,59.0179595947,35.5227088928
2017-12-28,84.4251251221,122.849998474,85.0802841187,234.581726074,85.7270736694,34.7044067383,59.3326873779,35.6945648193
2017-12-29,84.5101242065,123.650001526,85.2174987793,233.697174072,85.9455718994,34.7121391296,59.3541564941,35.866443634
2018-01-02,84.38646698,125.150001526,84.934967041,235.369827271,85.7346038818,35.0139274597,59.1324234009,36.4836235046
2018-01-03,84.394203186,124.819999695,85.023765564,236.858566284,85.8175048828,35.2305870056,58.9607467651,36.8351783752
2018-01-04,84.3401260376,125.459999084,84.9834365845,237.856872559,85.8401031494,35.5478286743,57.9450416565,37.0617332458
2018-01-05,84.285987854,125.330001831,84.8784637451,239.441955566,85.8250427246,35.7180709839,57.9736557007,37.3898544312
2018-01-08,84.2628326416,125.309997559,84.8380889893,239.879898071,85.7346038818,35.7025909424,58.2740745544,37.3976707458
2018-01-09,84.0308761597,124.730003357,84.4345016479,240.422805786,85.4558639526,35.7335472107,57.5230255127,37.3898544312
2018-01-10,84.0308761597,125.029998779,84.4102630615,240.054931641,85.4257125854,35.6406860352,56.8792686462,37.2257995605
2018-01-11,84.0695419312,125.440002441,84.4668197632,241.806472778,85.3353424072,35.8728370667,56.6861534119,37.4679794312
2018-01-12,84.054069519,126.959999084,84.4102630615,243.382751465,85.4181976318,36.2133026123,56.2283668518,37.8664093018
2018-01-16,84.0772628784,127.169998169,84.4506454468,242.550872803,85.5613174438,36.1746101379,56.3356399536,37.6789054871
2018-01-17,83.9845352173,126.13999939,84.2649688721,244.862792969,85.5010528564,36.3680534363,56.729057312,38.2101516724
2018-01-18,83.7990112305,125.86000061,83.9986114502,244.451187134,85.4257125854,36.2829284668,55.9994850159,38.2726516724
2018-01-19,83.6211929321,126.419998169,83.7806854248,245.563323975,85.2825927734,36.4454269409,56.2999000549,38.6320152283
2018-01-22,83.5902862549,126.650001526,83.7483901978,247.560073853,85.2373504639,36.6388816833,56.8148880005,38.9445037842
2018-01-23,83.791267395,127.279998779,83.9905471802,248.085479736,85.3654327393,36.7549591064,57.6016998291,39.0851211548
2018-01-24,83.7062911987,128.830001831,83.8290786743,247.989044189,85.3051681519,36.8710098267,57.3013000488,39.4444961548
2018-01-25,83.9226913452,127.970001221,84.014755249,248.094177246,85.4633789062,36.7394676208,57.2011604309,39.3038673401
2018-01-26,83.7680892944,128.070007324,83.7644882202,250.966537476,85.4106674194,37.048992157,57.0008621216,39.8273010254
2018-01-29,83.6211929321,127.349998474,83.5546569824,249.302719116,85.207244873,36.7085189819,56.2355041504,39.2023086548
2018-01-30,83.4898147583,126.800003052,83.3609619141,246.745529175,85.0038528442,36.4299507141,55.8278083801,38.7023277283
2018-01-31,83.5593566895,127.650001526,83.3851547241,246.868148804,85.2147903442,36.3603134155,56.8292045593,38.9366989136
2018-02-01,83.2975006104,128.070007324,82.9550094604,246.587844849,84.778503418,36.4531669617,55.6060676575,38.5695152283
2018-02-02,83.0496139526,126.38999939,82.6477432251,241.219741821,84.6729812622,35.6639060974,55.1339836121,37.7023468018
2018-02-05,83.3827209473,126.709999084,83.3269577026,231.13130188,84.9894790649,34.209186554,53.4959869385,36.4914360046
2018-02-06,83.1426086426,125.379997253,82.9630661011,235.685073853,84.6428375244,34.8746414185,53.5031394958,37.3976707458
2018-02-07,82.9566192627,124.790000916,82.7205200195,234.406539917,84.4544754028,34.4026298523,53.2742424011,36.3351860046
2018-02-08,82.8171920776,124.980003357,82.7932891846,225.614181519,84.2811737061,33.5514640808,51.7435340881,35.1242675781
2018-02-09,82.7087783813,124.769996643,82.6477432251,229.003234863,84.0174331665,33.7835960388,53.0382041931,35.6555099487
2018-02-12,82.7319793701,125.370002747,82.6234970093,232.366073608,84.0777282715,34.2324104309,53.0596733093,36.1476898193
2018-02-13,82.7552108765,126.080001831,82.7609481812,232.944061279,84.1380157471,34.1008491516,53.4316177368,36.4289321899
2018-02-14,82.4763259888,128.229995728,82.2596664429,236.087936401,84.0626602173,34.774055481,53.0453643799,37.1789283752
2018-02-15,82.5770263672,128.380004883,82.2839050293,239.100448608,84.1078872681,34.9984436035,53.5603561401,37.8742218018
2018-02-16,82.739730835,127.959999084,82.4779815674,239.17048645,84.2434768677,35.1222572327,53.8536300659,37.7335968018
2018-02-20,82.6544723511,126.239997864,82.3890151978,237.67300415,84.1756515503,34.7663116455,53.2170219421,37.3976707458
2018-02-21,82.3911056519,125.660003662,82.1464385986,236.490722656,83.9345550537,34.6347618103,52.1655540466,37.3507957458
2018-02-22,82.3988723755,126.300003052,82.2596664429,236.797286987,84.0099029541,34.7817878723,52.759262085,37.3976707458
2018-02-23,82.6080322266,126.13999939,82.5749511719,240.571594238,84.3188323975,35.1300086975,53.6032867432,38.0070381165
2018-02-26,82.6699752808,126.449996948,82.6720046997,243.365234375,84.424331665,35.4085540771,53.753490448,38.3664016724
2018-02-27,82.4917907715,125.129997253,82.4132919312,240.326477051,84.2134017944,34.8669013977,52.501739502,37.3351669312
2018-02-28,82.716468811,125,82.6073074341,237.891891479,84.3339080811,34.5032081604,52.4659805298,36.8507995605
2018-03-01,82.7902526855,124.720001221,82.9628372192,234.432800293,84.5901031494,34.0544204712,52.516040802,36.8429946899
2018-03-02,82.6582565308,125.38999939,82.655090332,235.641235352,84.5222930908,34.1550254822,52.494594574,36.9367332458
2018-03-05,82.611656189,125.180000305,82.5498886108,238.364822388,84.469543457,34.2943077087,53.0882606506,37.0461082458
2018-03-06,82.6271896362,126.529998779,82.5417404175,238.969085693,84.4469528198,34.5806083679,53.3386192322,37.1554908752
2018-03-07,82.611656189,125.720001221,82.5417404175,238.881454468,84.4469528198,34.5419158936,53.6676521301,37.1476707458
2018-03-08,82.7436828613,125.419998169,82.7117996216,240.037460327,84.5298156738,34.6425094604,53.767791748,37.1711082458
2018-03-09,82.5883636475,125.540000916,82.5336227417,244.214736938,84.4017486572,34.897857666,54.0610580444,37.8351745605
2018-03-12,82.634979248,125.540000916,82.7279663086,243.90814209,84.462020874,34.9520072937,54.297088623,37.9679718018
2018-03-13,82.7436828613,125.779998779,82.8656616211,242.331878662,84.5298156738,34.7353553772,54.3471679688,37.6007919312
2018-03-14,82.8834152222,125.699996948,83.0275726318,241.088409424,84.6729812622,34.7895431519,54.3972511292,37.6476593018
2018-03-15,82.8911514282,124.900001526,82.9952392578,240.825592041,84.6805496216,34.7817878723,54.382938385,37.4992218018
2018-03-16,82.8446121216,124.599998474,82.8980331421,241.086746216,84.5373687744,34.7353553772,54.7620353699,37.3820381165
2018-03-19,82.759185791,124.870002747,82.8170700073,237.824768066,84.48462677,34.4490661621,54.2899589539,37.0304870605
2018-03-20,82.6271896362,124.309997559,82.655090332,238.229248047,84.356552124,34.4800071716,54.1039810181,37.3507957458
2018-03-21,82.6194458008,126.480003357,82.7117996216,237.77204895,84.5373687744,34.5651168823,53.7034301758,37.5539169312
2018-03-22,82.7746887207,125.980003357,83.0518951416,231.828430176,84.785987854,33.9306297302,53.3886871338,36.3664283752
2018-03-23,82.7746887207,127.61000061,83.1652603149,226.887054443,84.8312759399,33.5127677917,52.4373626709,35.8352012634
2018-03-26,82.7436828613,128.279998779,82.9385223389,233.094451904,84.6805496216,34.1123809814,53.0339279175,36.9146194458
2018-03-27,82.984336853,127.489997864,83.4081878662,229.129135132,85.0045700073,33.8327789307,53.2361526489,36.36668396
2018-03-28,83.0309066772,125.730003357,83.392036438,228.452133179,85.0045700073,33.9958839417,54.5723114014,36.1162109375
2018-03-29,83.2716445923,125.790000916,83.5620880127,231.371185303,85.1853942871,34.3686828613,54.5073127747,36.7737236023
2018-04-02,83.188369751,127.260002136,83.6472549438,226.377090454,85.2700119019,33.8560714722,53.7706031799,36.2336120605
2018-04-03,83.0949783325,126.300003052,83.3795471191,229.278594971,85.2171325684,34.1201515198,54.2256393433,36.5858688354
2018-04-04,83.1261138916,126.449996948,83.330871582,231.731689453,85.1718139648,34.1978225708,54.7961959839,36.7032699585
2018-04-05,83.0093917847,125.800003052,83.120010376,233.560516357,84.9300460815,34.4541130066,54.7745285034,36.7815437317
2018-04-06,83.196144104,126.38999939,83.4850082397,228.355407715,85.2700119019,34.1745223999,54.3628349304,36.1318511963
2018-04-09,83.2661743164,126.819999695,83.5012359619,229.480834961,85.2549057007,34.4696617126,54.1895141602,36.1005592346
2018-04-10,83.2039260864,127.120002747,83.3551940918,233.129699707,85.2171325684,34.8502349854,54.1317367554,36.7737236023
2018-04-11,83.2739639282,128.11000061,83.4363174438,231.907501221,85.4664611816,34.6871299744,54.2472839355,36.8206825256
2018-04-12,83.0871810913,126.620002747,83.1362304688,233.815460205,85.3304519653,34.8191833496,53.6406097412,36.8128547668
2018-04-13,83.110534668,127.449996948,83.2092590332,233.129699707,85.4513244629,34.8502349854,53.922290802,36.4293136597
2018-04-16,83.1261138916,127.629997253,83.1686401367,235.046340942,85.3757781982,34.9123764038,54.2545166016,36.460609436
2018-04-17,83.1494445801,127.75,83.217300415,237.561080933,85.504196167,35.0910186768,54.8900909424,36.4919281006
2018-04-18,82.916015625,127.849998474,82.8928375244,237.736877441,85.3304519653,35.3007316589,54.7745285034,36.7502326965
2018-04-19,82.7136764526,127.599998474,82.6657485962,236.418029785,85.1944732666,35.1376152039,53.9800682068,36.546710968
2018-04-20,82.4879760742,126.629997253,82.3899383545,234.413314819,84.8997955322,34.9667472839,53.4817199707,36.1162109375
2018-04-23,82.4491195679,125.620002747,82.3088302612,234.378204346,84.8771438599,34.9279060364,53.4383964539,35.873550415
2018-04-24,82.3401489258,126.230003357,82.2114715576,231.221710205,84.6429595947,34.7725753784,53.6406097412,35.7091712952
2018-04-25,82.2312545776,125.410003662,82.0330429077,231.793228149,84.5145721436,34.694896698,53.5394859314,35.4430389404
2018-04-26,82.3712692261,124.970001221,82.2682647705,234.14956665,84.7336349487,34.9512176514,54.2400550842,35.8109359741
2018-04-27,82.4724121094,125.5,82.4061584473,234.369400024,85.005569458,34.9900474548,55.1717605591,35.9987945557
2018-04-30,82.4879760742,124.589996338,82.4953765869,232.566955566,85.0736083984,34.8036460876,54.9550895691,35.7561416626
2018-05-01,82.4178085327,123.709999084,82.3661651611,232.980209351,84.8300170898,34.7725753784,55.4534225464,35.5526275635
2018-05-02,82.4178085327,123.650001526,82.3824615479,231.41519165,84.9362411499,34.7259674072,55.2512130737,35.3178100586
2018-05-03,82.5113830566,124.279998779,82.5936965942,230.905212402,85.0424957275,34.7958755493,55.2151069641,35.2082138062
2018-05-04,82.5659942627,124.540000916,82.6018829346,233.894561768,85.0652389526,34.9279060364,55.8217735291,35.3804244995
2018-05-07,82.5269622803,124.569999695,82.5612030029,234.685913086,85.0804290771,34.9201545715,56.1973228455,35.286491394
2018-05-08,82.4334106445,124.589996338,82.4230575562,234.685913086,84.9286575317,34.9201545715,55.9156646729,35.4665298462
2018-05-09,82.3398132324,124.330001831,82.2361221313,236.954345703,84.87550354,35.0288848877,56.2912216187,35.5134849548
2018-05-10,82.5269622803,125.180000305,82.4067993164,239.169967651,85.0424957275,35.2774276733,56.73179245,36.2179641724
2018-05-11,82.5659942627,125,82.4149475098,239.899810791,85.0424957275,35.3473167419,56.5367774963,36.0927200317
2018-05-14,82.487991333,124.489997864,82.2361221313,240.014160156,84.8300170898,35.4094619751,56.0528869629,36.2023124695
2018-05-15,82.1213760376,122.480003357,81.7810287476,238.361175537,84.5568161011,35.114315033,55.1428604126,35.5134849548
2018-05-16,82.0278015137,122.290000916,81.6103591919,239.363464355,84.4354553223,35.2230491638,54.9767456055,36.0144538879
2018-05-17,81.9186248779,122.36000061,81.5615921021,239.161270142,84.2760696411,35.269657135,54.7023010254,35.5134849548
2018-05-18,82.129196167,122.410003662,81.8785552979,238.563262939,84.5037002563,35.1453857422,54.7745285034,35.1847305298
2018-05-21,82.1370315552,122.480003357,81.9354705811,240.356964111,84.5340576172,35.3706321716,55.4245452881,35.4117240906
2018-05-22,82.1370315552,122.410003662,81.9029464722,239.688674927,84.4961166382,35.3473167419,55.5039825439,35.5526275635
2018-05-23,82.3631896973,122.540000916,82.276763916,240.348175049,84.7389602661,35.0133476257,56.0601196289,35.3960762024
2018-05-24,82.5894012451,123.589996338,82.4880752563,239.855834961,84.8375854492,34.8968353271,55.9445571899,35.2708320618
2018-05-25,82.7687530518,123.209999084,82.8131408691,239.284255981,84.9590301514,34.7026672363,56.1395683289,35.3569412231
2018-05-29,83.3147125244,123.190002441,83.7071151733,236.532333374,85.4598617554,34.0036315918,56.4067802429,34.574180603
2018-05-30,83.1041564941,123.370002747,83.3495559692,239.688674927,85.3005142212,34.4929580688,57.1723556519,34.8794631958
2018-05-31,83.0339355469,123.099998474,83.308883667,238.220458984,85.3536148071,34.306552887,56.9773368835,34.9185943604
2018-06-01,82.9315719604,122.489997864,83.0010681152,240.559265137,85.2287521362,34.5628585815,57.2301445007,35.3099822998
2018-06-04,82.7361068726,122.370002747,82.7079391479,241.70223999,85.0537033081,34.718208313,57.7284927368,35.6778640747
2018-06-05,82.7986526489,122.849998474,82.9196777344,241.878051758,85.2440109253,34.6793708801,57.5768165588,35.3647651672
2018-06-06,82.6110229492,122.919998169,82.5858154297,243.90032959,85.061340332,34.9745101929,57.7140388489,35.873550415
2018-06-07,82.7908325195,122.86000061,82.9359512329,243.873931885,85.3201141357,34.7725753784,57.7140388489,35.3256263733
2018-06-08,82.6735687256,123.010002136,82.8219299316,244.594970703,85.1755142212,34.8347015381,57.9234809875,35.3021316528
2018-06-11,82.587562561,123.230003357,82.740486145,244.920211792,85.1755142212,35.0599441528,57.8368225098,35.2551803589
2018-06-12,82.6110229492,122.819999695,82.6916503906,245.23677063,85.1070098877,34.8424720764,58.1834793091,35.2316970825
2018-06-13,82.5328292847,123.190002441,82.5939483643,244.45425415,85.0537033081,34.8580055237,57.0495834351,34.9733924866
2018-06-14,82.7439498901,123.379997253,82.8545379639,245.069702148,85.2744216919,34.7725753784,57.5912704468,34.7855262756
2018-06-15,82.7751693726,121.339996338,82.9196777344,244.757003784,85.3048782349,34.5317993164,57.555141449,34.5976867676
2018-06-18,82.7908325195,121.11000061,82.9603424072,244.253585815,85.373374939,34.2910118103,57.5711784363,34.1984596252
2018-06-19,82.8768386841,120.800003052,83.1802444458,243.317428589,85.5103988647,33.9182128906,57.5128746033,33.8070831299
2018-06-20,82.720451355,120.260002136,82.911491394,243.732620239,85.2744216919,33.9881057739,58.1543312073,33.9166717529
2018-06-21,82.7439498901,120.050003052,83.1313858032,242.204574585,85.4266738892,33.7551040649,58.4313278198,33.4391937256
2018-06-22,82.8221130371,120.339996338,83.1476669312,242.646255493,85.5484390259,34.1168785095,58.8905410767,33.7109947205
2018-06-25,82.7751693726,119.88999939,83.2616271973,239.343154907,85.5864944458,33.6371269226,58.7374839783,33.2698059082
2018-06-26,82.9081192017,119.260002136,83.3023681641,239.873001099,85.7082672119,33.6764526367,58.9269943237,33.1358757019
2018-06-27,83.0566329956,118.580001831,83.6199417114,237.885879517,85.9898681641,33.3697357178,58.7010345459,32.4031944275
2018-06-28,83.0488204956,118.220001221,83.5385131836,239.246063232,85.8757171631,33.4877052307,59.2258605957,32.7104492188
2018-06-29,83.1191711426,118.650001526,83.4733657837,239.590454102,85.9061431885,33.7393798828,59.3716430664,33.2461700439
2018-07-02,83.0400466919,117.459999084,83.4162368774,240.102661133,85.9375152588,33.3775863647,59.043636322,32.8837814331
2018-07-03,83.2123794556,118.650001526,83.6283874512,239.254837036,86.1208724976,33.448387146,59.48828125,32.9152793884
2018-07-05,83.2907791138,119.050003052,83.6365280151,241.206680298,86.2201919556,33.6607322693,60.1953430176,32.8837814331
2018-07-06,83.376914978,118.86000061,83.7099533081,243.246856689,86.342414856,33.88879776,60.5160751343,33.2855644226
2018-07-09,83.2985916138,119.150001526,83.4978942871,245.437149048,86.1666793823,34.1955184937,60.0349884033,33.8921890259
2018-07-10,83.2359313965,118.930000305,83.4325790405,246.320266724,86.036819458,34.2348442078,60.1588821411,33.8606681824
2018-07-11,83.2672119141,117.63999939,83.6039123535,244.518569946,86.1285018921,33.6371269226,59.9620819092,33.2304229736
2018-07-12,83.369102478,118.129997253,83.5713195801,246.735351562,86.0597381592,33.9202613831,60.1443138123,33.6952400208
2018-07-13,83.4474563599,117.61000061,83.7099533081,246.929748535,86.2278366089,34.0146484375,59.9620819092,33.7188568115
2018-07-16,83.3534469604,117.550003052,83.5713195801,246.708847046,85.9985961914,34.0224990845,59.6413459778,33.5297813416
2018-07-17,83.3220977783,116.279998779,83.5223236084,247.706832886,85.8840026855,34.061832428,59.247756958,33.7897644043
2018-07-18,83.2985916138,116.309997559,83.4570541382,248.227920532,85.7464828491,34.0775604248,58.9853172302,33.7582511902
2018-07-19,83.4239425659,115.809997559,83.6855239868,247.291732788,85.8687210083,33.9359970093,59.6777992249,33.3722190857
2018-07-20,83.2594299316,116.559997559,83.391784668,247.009170532,85.6624298096,34.1404647827,59.1019554138,33.8055229187
2018-07-23,82.9695053101,116,82.9838638306,247.468429565,85.2575302124,34.0854225159,58.9780426025,33.7031135559
2018-07-24,83.0870742798,116.040000916,83.040977478,248.713790894,85.3033447266,34.2977600098,58.6791610718,34.2073059082
2018-07-25,83.0948791504,116.680000305,82.9838638306,250.833374023,85.3186264038,34.5573043823,59.1456604004,34.7509231567
2018-07-26,83.0478591919,115.769996643,82.8941421509,250.241622925,85.2345809937,34.4157371521,59.342502594,34.4121589661
2018-07-27,83.1105499268,115.830001831,83.0247116089,248.545852661,85.3644943237,34.5022468567,58.7083129883,34.4594192505
2018-07-30,83.0243530273,115.650001526,82.9186477661,247.247619629,85.3186264038,34.47864151,58.7447624207,34.4121589661
2018-07-31,83.0948791504,115.989997864,83.0328216553,248.466430664,85.4485092163,34.5101089478,59.7288322449,34.5697212219
2018-08-01,83.0093154907,115.13999939,82.8366470337,248.051361084,85.2398147583,34.3921432495,60.1516151428,34.3097419739
2018-08-02,83.0406570435,114.519996643,82.9347305298,249.402679443,85.2859039307,34.1326026917,59.9110527039,33.9158210754
2018-08-03,83.221321106,114.919998169,83.1472854614,250.471221924,85.4546356201,34.1797981262,60.5598182678,34.1285362244
2018-08-06,83.2762908936,114.330001831,83.1881942749,251.389816284,85.4699783325,34.0146484375,60.4796218872,33.8685531616
2018-08-07,83.1270751953,114.589996338,83.0165023804,252.219985962,85.3549346924,34.2269897461,60.3702850342,34.1758079529
2018-08-08,83.1270751953,114.910003662,83.0900650024,252.11390686,85.3625564575,34.2191200256,60.0203895569,34.0970153809
2018-08-09,83.2448730469,114.739997864,83.3188934326,251.769561768,85.5620651245,34.1562080383,60.0495567322,34.0497550964
2018-08-10,83.4254989624,114.690002441,83.678565979,250.082702637,85.8382568359,33.5112953186,59.5903320312,33.3722190857
2018-08-13,83.4726638794,112.959999084,83.6541061401,249.14654541,85.8229598999,33.3461456299,59.4736976624,32.8365020752
2018-08-14,83.3941116333,113.069999695,83.5723495483,250.736190796,85.7155227661,33.393321991,59.7652664185,33.0334625244
2018-08-15,83.5118865967,111.190002441,83.7767028809,248.863800049,85.8842849731,32.8821258545,60.2244949341,32.0644416809
2018-08-16,83.5590057373,111.099998474,83.7521209717,250.877487183,85.830581665,33.1102104187,60.7128753662,32.2929077148
2018-08-17,83.6061553955,112.129997253,83.7848434448,251.760696411,85.8689117432,33.3304138184,61.274181366,32.5686416626
2018-08-20,83.7710342407,112.690002441,84.0464401245,252.299484253,86.0377349854,33.4719810486,61.3179130554,32.7104492188
2018-08-21,83.7003631592,113.019996643,83.9319610596,252.891204834,85.9840240479,33.6921882629,60.9461288452,33.0649719238
2018-08-22,83.7710342407,113.269996643,84.0872955322,252.741073608,86.1681900024,33.8573455811,60.6035270691,33.261932373
2018-08-23,83.7239608765,112.199996948,84.0791320801,252.405441284,86.2372512817,33.6056747437,60.4504699707,32.741973877
2018-08-24,83.8181762695,114.160003662,84.1036300659,253.924560547,86.3216171265,33.8573455811,60.8076515198,33.2304229736
2018-08-27,83.7082443237,114.589996338,83.9156417847,255.929367065,86.1912002563,34.3213653564,60.5889701843,33.7740211487
2018-08-28,83.5511856079,113.680000305,83.7276763916,256.052947998,86.0224075317,34.2427101135,61.4053535461,33.6085777283
2018-08-29,83.5354919434,114.199996948,83.7031555176,257.430786133,86.0224075317,34.4314613342,61.4199409485,33.7976493835
2018-08-30,83.5746994019,113.63999939,83.8584060669,256.388549805,86.0991287231,34.1247444153,61.0263214111,32.8995361328
2018-08-31,83.5668792725,113.510002136,83.874786377,256.39743042,85.9993896484,33.912399292,61.2668838501,33.1201248169
2018-09-04,83.4739761353,112.930000305,83.6831207275,255.955917358,85.8808441162,33.57421875,60.5379257202,32.3795623779
2018-09-05,83.4346694946,113.319999695,83.6749572754,255.266983032,85.7961196899,33.3225402832,60.8878097534,32.0329322815
2018-09-06,83.5763320923,113.540000916,83.8469161987,254.498550415,85.8731231689,33.2045707703,61.0627784729,32.0171661377
2018-09-07,83.2771987915,113.230003357,83.4701843262,254.003982544,85.6267623901,32.9371795654,60.3994369507,31.8753604889
2018-09-10,83.3559646606,113.150001526,83.51927948,254.445617676,85.6498565674,33.1180648804,60.6691589355,31.4972076416
2018-09-11,83.2142715454,113.220001221,83.2162475586,255.284667969,85.4727859497,33.1652526855,60.6618461609,31.5365924835
2018-09-12,83.2693481445,114.169998169,83.3145217896,255.346389771,85.5497817993,33.3068237305,60.6910057068,31.7335510254
2018-09-13,83.32447052,113.760002136,83.3063201904,256.856658936,85.4265975952,33.5191497803,60.9898872375,32.1353607178
2018-09-14,83.1670684814,113.019996643,83.1507568359,256.900848389,85.2726211548,33.5899467468,60.6035270691,32.0959510803
2018-09-17,83.1670684814,113.61000061,83.1671295166,255.54083252,85.2879867554,33.6214027405,60.8003425598,31.8438415527
2018-09-18,82.9860458374,113.440002441,82.8231506348,256.927368164,85.1109237671,33.9674377441,60.5087928772,32.0959510803
2018-09-19,82.8286361694,113.879997253,82.6838607788,257.201141357,85.0185470581,34.0854225159,59.8017311096,32.5292663574
2018-09-20,82.9387741089,114.269996643,82.6920547485,259.285522461,85.1340179443,34.4550552368,60.3630065918,32.7971153259
2018-09-21,83.0017700195,113.489997864,82.7248077393,259.048583984,85.1416931152,34.4629325867,60.3411254883,32.9310340881
2018-09-24,82.9230804443,113.470001221,82.6347351074,258.187957764,85.0570373535,34.3134918213,59.2575302124,32.5213775635
2018-09-25,82.8837127686,113.650001526,82.5527954102,257.948364258,85.0262527466,34.47864151,59.2649307251,32.7262229919
2018-09-26,83.0804824829,113.050003052,82.8231506348,257.176605225,85.1725158691,34.4928627014,58.5553398132,32.7859802246
2018-09-27,83.1355285645,112.050003052,82.8231506348,257.895233154,85.2033309937,34.398147583,58.8362312317,32.8816146851
2018-09-28,83.049041748,112.760002136,82.8640670776,257.921813965,85.1648101807,34.1534538269,59.6345100403,32.6744041443
2018-10-01,83.0269317627,112.569999695,82.6539611816,258.817932129,84.9112854004,34.2402801514,59.0801277161,32.7541007996
2018-10-02,83.1216049194,113.870002747,82.8673629761,258.667114258,85.0500030518,34.0192756653,58.9470825195,32.4034576416
2018-10-03,82.7271118164,113.419998169,82.2517776489,258.809082031,84.6415786743,33.9640274048,58.3188285828,32.1324882507
2018-10-04,82.4904022217,113.480003357,82.0384216309,256.786315918,84.4335403442,33.5298881531,57.8309898376,31.3993091583
2018-10-05,82.3089981079,113.800003052,81.8414306641,255.349060059,84.2023620605,33.3641433716,57.8014144897,31.255865097
2018-10-08,82.2774429321,112.540000916,81.8742828369,255.349060059,84.1638641357,33.1826095581,58.6366653442,31.3116474152
2018-10-09,82.3957824707,112.599998474,82.0302581787,254.976425171,84.4027099609,33.0642127991,58.717956543,31.2319526672
2018-10-10,82.3720932007,112.879997253,82.0712738037,246.902954102,84.3179626465,32.3143615723,57.8457717896,30.3632907867
2018-10-11,82.6166610718,115.779998779,82.4077758789,241.464584351,84.4566345215,31.8644542694,56.190071106,30.0923347473
2018-10-12,82.6403274536,115.230003357,82.3092422485,244.818161011,84.3256454468,32.0223274231,56.0422401428,30.8573932648
2018-10-15,82.5850830078,116,82.358505249,243.44303894,84.3795852661,31.9670696259,56.4191894531,30.5545558929
2018-10-16,82.6324539185,115.800003052,82.3503036499,248.766067505,84.3872909546,32.5195808411,57.5796699524,31.255865097
2018-10-17,82.4667816162,115.790000916,82.1122817993,248.810470581,84.1869812012,32.3222579956,57.3579406738,30.8813056946
2018-10-18,82.411529541,115.919998169,82.2600402832,245.21736145,84.1252975464,31.8091945648,57.2470588684,30.0763950348
2018-10-19,82.3405380249,116.010002136,82.1615447998,245.084350586,84.0482406616,31.9749622345,57.7423095703,30.3553180695
2018-10-22,82.3247680664,115.709999084,82.1779174805,243.984191895,84.0020141602,31.8249931335,56.9366035461,30.6740932465
2018-10-23,82.4273223877,116.38999939,82.3913192749,242.742202759,84.025138855,31.5013656616,57.1879081726,30.3712615967
2018-10-24,82.6403274536,116.660003662,82.8345184326,235.387374878,84.3025665283,30.6331329346,57.727481842,29.4866600037
2018-10-25,82.5693435669,116.400001526,82.6375427246,239.610397339,83.948059082,30.9725379944,58.4666633606,30.044511795
2018-10-26,82.758682251,116.769996643,83.0068969727,235.396270752,84.3718719482,30.7120628357,57.0622749329,29.8134117126
2018-10-29,82.6718902588,116.309997559,82.998664856,234.092041016,84.2871322632,30.5857696533,57.7866249084,29.2316417694
2018-10-30,82.5535430908,115.800003052,82.8181228638,237.560943604,84.0636444092,30.964641571,58.5775222778,29.8293418884
2018-10-31,82.5140914917,115.150001526,82.6129379272,240.098327637,83.8710021973,31.2172279358,57.8901062012,30.1720256805
2018-11-01,82.7226104736,116.629997253,82.683631897,242.653427124,83.7638092041,31.627664566,58.1635818481,31.255865097
2018-11-02,82.4768218994,116.650001526,82.2230682373,241.2162323,83.5093002319,31.7144908905,57.6831474304,31.367433548
2018-11-05,82.532333374,116.370002747,82.2724227905,242.546936035,83.6635513306,31.6986961365,58.5405693054,31.5108795166
2018-11-06,82.5402755737,116.040000916,82.1819458008,244.081787109,83.6327056885,31.8644542694,58.8362312317,31.391336441
2018-11-07,82.6115951538,116.029998779,82.1819458008,249.307388306,83.6944122314,32.2591094971,59.5384254456,31.9491977692
2018-11-08,82.460975647,115.779998779,82.0667800903,248.854797363,83.5787124634,31.9354934692,59.5827980042,31.1761665344
2018-11-09,82.5640487671,114.480003357,82.3875656128,246.423950195,83.7792205811,31.7065982819,59.5753555298,30.6422119141
2018-11-12,82.6988296509,113.660003662,82.6343307495,241.819442749,83.9566116333,31.1619720459,59.693649292,30.2357883453
2018-11-13,82.7305603027,113.699996948,82.7001266479,241.366958618,83.8871841431,31.2803649902,59.6345100403,30.5944023132
2018-11-14,82.7384796143,114.63999939,82.8728256226,239.716873169,83.8949203491,31.3119411469,59.4866676331,30.8334922791
2018-11-15,82.8415298462,114.769996643,82.9303817749,242.218704224,83.9643478394,31.4145526886,59.0801277161,31.4391536713
2018-11-16,82.9763183594,115.620002747,83.1853790283,242.848617554,84.3113861084,31.4461135864,59.7158164978,31.5507278442
2018-11-19,82.9683837891,115.669998169,83.3087310791,238.740936279,84.2728118896,31.1856479645,59.7971229553,31.1602172852
2018-11-20,82.9366760254,115.669998169,83.2923049927,234.322784424,84.1494445801,30.6094608307,59.1836128235,30.5067329407
2018-11-21,82.9921417236,115.86000061,83.2758483887,235.12121582,84.1108169556,31.0593681335,59.2353820801,31.0805339813
2018-11-23,82.9683837891,115.769996643,83.3252029419,233.550918579,83.9797286987,30.85414505,59.117099762,30.753786087
2018-11-26,82.9525375366,115.63999939,83.2593994141,237.32144165,83.8871841431,31.2724742889,59.2279624939,30.9689693451
2018-11-27,82.9763183594,114.949996948,83.3416366577,238.119888306,83.6635513306,31.1777572632,59.4792861938,31.1921005249
2018-11-28,83.1348800659,115.379997253,83.333404541,243.602676392,83.7638092041,31.6355514526,60.0114707947,31.8854370117
2018-11-29,83.1745223999,115.739997864,83.5472335815,243.070373535,84.2574081421,31.4855880737,60.0262565613,31.6702632904
2018-11-30,83.1507263184,115.540000916,83.7117767334,244.552001953,84.2728118896,31.3750896454,60.5953979492,31.6304187775
2018-12-03,83.2866287231,116.410003662,83.8947296143,247.790222168,84.4311294556,31.793422699,60.9206199646,32.2600059509
2018-12-04,83.5091629028,117.120002747,84.282119751,239.761230469,84.6860275269,30.9883174896,60.0188598633,31.6623020172
2018-12-06,83.7158050537,117.13999939,84.4963531494,239.397476196,84.6937484741,30.6962757111,61.5045433044,31.4072780609
2018-12-07,83.8270339966,118.089996338,84.7436599731,233.834823608,84.8173370361,30.3726558685,60.6988830566,30.7777042389
2018-12-10,83.8826522827,117.680000305,84.7930984497,234.278411865,84.608795166,30.1121883392,60.3071327209,30.4190711975
2018-12-11,83.9065246582,117.540000916,84.5788040161,234.331695557,84.2689590454,30.1437549591,60.3367004395,30.7298755646
2018-12-12,83.8429870605,117.790000916,84.3480682373,235.51159668,84.1453933716,30.6173458099,59.4053688049,31.1921005249
2018-12-13,83.8667755127,117.529998779,84.3974685669,235.431762695,84.1608276367,30.5620918274,59.7486991882,31.2399139404
2018-12-14,83.8906173706,117.059997559,84.5293579102,231.084564209,84.2226028442,30.1437549591,59.5766372681,30.8494186401
2018-12-17,84.0336380005,117.870002747,84.7765960693,226.551101685,84.369354248,29.8832893372,57.3327178955,30.51471138
2018-12-18,84.2805175781,118.150001526,84.9855728149,226.302658081,84.5890884399,29.9148540497,57.9236106873,30.7059726715
2018-12-19,84.3601379395,117.430000305,85.2829284668,222.913604736,84.736076355,29.5912456512,57.2878189087,30.1959342957
2018-12-20,84.2805175781,119.239997864,85.1755142212,219.284988403,84.4962310791,29.4807434082,56.4276695251,30.4270458221
2018-12-21,84.2406921387,118.720001221,85.2498626709,214.79196167,84.4575576782,28.9045352936,55.6422805786,30.1799945831
2018-12-24,84.2964324951,120.019996643,85.4646148682,209.116531372,84.5813522339,28.5886573792,53.6601257324,29.9464874268
2018-12-26,84.1372299194,119.660003662,85.059928894,219.682098389,84.4110946655,29.3145484924,55.4552841187,30.4760971069
2018-12-27,84.2725448608,120.569999695,85.2745895386,221.36869812,84.4110946655,29.3384780884,55.4478034973,30.411901474
2018-12-28,84.5831222534,121.059997559,85.7371749878,221.083145142,84.6586837769,29.5299186707,55.6273231506,30.6285476685
2018-12-31,84.7981338501,121.25,86.059211731,223.019515991,84.7205734253,29.5937290192,55.7769165039,30.572385788
2019-01-02,84.8618240356,121.330001831,86.2409057617,223.251571655,84.852142334,29.5538349152,54.5651664734,30.7088012695
2019-01-03,85.2122039795,122.430000305,86.9264831543,217.924224854,85.3472442627,29.3145484924,54.946647644,30.2273387909
2019-01-04,84.9573440552,121.440002441,86.2244415283,225.223754883,85.1693267822,30.215921402,55.5899200439,31.1822338104
2019-01-07,84.8140716553,121.86000061,85.9848861694,226.999511719,85.1151580811,30.3116359711,56.1359558105,31.2464141846
2019-01-08,84.7503356934,121.529998779,85.7701797485,229.132232666,85.1847763062,30.5270233154,57.2953147888,31.4229545593
2019-01-09,84.822013855,122.309997559,85.8197555542,230.203094482,85.2853622437,30.901922226,57.21301651,31.8803310394
2019-01-10,84.7264404297,121.589996338,85.7784347534,231.015151978,85.0842056274,31.0295524597,57.9909362793,32.1210594177
2019-01-11,84.8459243774,121.800003052,86.0344696045,231.104385376,85.3085632324,30.8381080627,58.1555023193,31.9204502106
2019-01-14,84.7264404297,122.089996338,85.9848861694,229.694488525,85.1538085938,30.678565979,57.9610099792,31.6957759857
2019-01-15,84.7423858643,121.879997253,85.9023132324,232.326889038,85.0764846802,30.8700199127,58.5145225525,31.9043998718
2019-01-16,84.8140716553,122.269996643,85.8527450562,232.889160156,85.0687179565,30.9657344818,58.9259109497,32.2173614502
2019-01-17,84.7503356934,122.11000061,85.6958465576,234.655990601,84.9990844727,31.0694313049,59.2101364136,32.3698120117
2019-01-18,84.6866455078,121.019996643,85.4233398438,237.77923584,84.8985214233,31.4044456482,59.4120864868,32.538318634
2019-01-22,84.7582778931,121.449996948,85.7206420898,234.566757202,84.9526901245,30.9178676605,59.2325820923,31.9926815033
2019-01-23,84.8459243774,121.279998779,85.6793441772,235.057571411,84.852142334,31.0774059296,59.2400627136,32.3056221008
2019-01-24,84.9892196655,121.089996338,85.9518585205,235.182540894,84.9835968018,31.1172943115,59.4420089722,32.5784378052
2019-01-25,84.9493789673,122.86000061,85.7536849976,237.172454834,84.852142334,31.5081481934,60.1825218201,32.8994102478
2019-01-28,84.9016342163,123.290000916,85.7784347534,235.369873047,84.736076355,31.3565998077,60.7734031677,32.5543708801
2019-01-29,85.1246032715,123.980003357,86.0262145996,235.057571411,84.9835968018,31.4443397522,61.2521362305,32.5944976807
2019-01-30,85.3157119751,124.690002441,86.2244415283,238.7787323,85.4477996826,31.7953243256,61.7457885742,33.1722412109
2019-01-31,85.5705490112,124.75,86.620880127,240.875732422,85.9274520874,31.8032913208,62.3890609741,33.5252990723
2019-02-01,85.3932952881,124.5,86.1573791504,240.991790771,85.6257476807,31.7873382568,61.9926261902,33.2765541077
2019-02-04,85.321434021,123.959999084,85.9670181274,242.687240601,85.4555664062,31.8990211487,62.456363678,33.348777771
2019-02-05,85.5050430298,124.279998779,86.1159973145,243.704605103,85.5715637207,32.1542739868,62.8154144287,33.7259101868
2019-02-06,85.4571990967,123.440002441,86.182182312,243.383285522,85.5174331665,31.9468727112,62.4040184021,33.3246955872
2019-02-07,85.4970703125,123.739997864,86.4635543823,241.063217163,85.6489715576,31.540063858,62.9201278687,33.011756897
2019-02-08,85.6886901855,124.209999084,86.5795059204,241.357635498,85.6876373291,31.4283847809,62.9201278687,32.8833580017
2019-02-11,85.6008682251,123.599998474,86.4470443726,241.491500854,85.5097198486,31.3645706177,63.0921630859,32.6907844543
2019-02-12,85.6168289185,123.86000061,86.3311843872,244.596862793,85.5251693726,31.7793655396,62.6957206726,33.011756897
2019-02-13,85.4651412964,123.370002747,86.1159973145,245.391082764,85.5097198486,31.7873382568,63.017375946,32.7790527344
2019-02-14,85.592880249,124.059997559,86.5215454102,244.846786499,85.7494888306,31.7873382568,63.2193183899,32.8432502747
2019-02-15,85.6567764282,124.800003052,86.4387893677,247.515014648,85.7494888306,32.2180786133,63.6456718445,32.7870788574
2019-02-19,85.7046737671,126.699996948,86.5877838135,247.943252563,85.9506759644,32.3776130676,63.6307106018,33.1240882874
2019-02-20,85.7125854492,126.480003357,86.5711669922,248.443008423,85.9816055298,32.5052566528,63.2342720032,33.268535614
2019-02-21,85.5210266113,125.050003052,86.3146591187,247.55960083,85.8346328735,32.4254760742,63.2941169739,33.1963157654
2019-02-22,85.736579895,125.5,86.5711669922,249.094482422,86.0589599609,32.5451278687,63.6680908203,33.5734558105
2019-02-25,85.7125854492,125.370002747,86.4387893677,249.433532715,85.9970855713,32.6488342285,63.1669845581,34.022808075
2019-02-26,85.8084030151,125.580001831,86.6953582764,249.255126953,86.1208953857,32.7844314575,62.9725036621,33.9184951782
2019-02-27,85.6248474121,124.690002441,86.3891067505,249.14793396,85.9197387695,32.6807365417,62.6583328247,33.6536865234
2019-02-28,85.4731750488,123.989997864,86.1656417847,248.683837891,85.7804870605,32.5451278687,62.8228912354,33.3969230652
2019-03-01,85.3346939087,121.879997253,85.8828887939,250.236572266,85.6102752686,32.7445373535,62.6283988953,33.4370422363
2019-03-04,85.4387207031,121.559997559,86.1482162476,249.326461792,85.7340240479,32.6169204712,62.9126548767,33.5574150085
2019-03-05,85.4947128296,121.720001221,86.1979904175,248.987350464,85.7031097412,32.6408500671,63.0846862793,33.9505882263
2019-03-06,85.622795105,121.61000061,86.4384765625,247.479263306,85.8036727905,32.5451278687,62.7929725647,33.7820739746
2019-03-07,85.8628463745,121.510002136,86.7287216187,245.408981323,86.0435256958,32.1303443909,62.6583328247,33.2364387512
2019-03-08,85.974899292,122.839996338,86.8531036377,244.918121338,86.1208953857,32.0904464722,62.7256469727,32.9957122803
2019-03-11,85.9829025269,122.239997864,86.7867126465,248.469772339,86.1054229736,32.3855934143,63.6456718445,33.6697387695
2019-03-12,86.1429519653,122.980003357,87.0272445679,249.406799316,86.2678527832,32.401550293,63.9373664856,33.8061676025
2019-03-13,86.1029968262,123.839996338,86.9940719604,251.057662964,86.3684463501,32.6408500671,64.2515487671,33.8783760071
2019-03-14,85.974899292,122.410003662,86.8696594238,250.896972656,86.3452148438,32.6089515686,64.3487701416,33.7018280029
2019-03-15,86.1909866333,122.970001221,87.1433410645,252.13659668,86.6469192505,32.9359893799,64.1468048096,34.1592178345
2019-03-18,86.1749954224,123.040000916,87.0272445679,253.050842285,86.639213562,33.0476722717,63.8251876831,34.5443840027
2019-03-19,86.126953125,123.379997253,86.9691925049,253.113601685,86.5618438721,33.1354064941,63.6307106018,34.5524101257
2019-03-20,86.4791259766,124.180000305,87.5745239258,252.351669312,87.1343460083,33.1035003662,63.8251876831,34.5443840027
2019-03-21,86.4950866699,123.680000305,87.5330429077,255.201858521,87.1266174316,33.1354064941,64.9621200562,34.6246376038
2019-03-22,86.9273147583,123.970001221,88.1798477173,250.290237427,87.3896331787,32.4972686768,64.4908905029,33.5814819336
2019-03-25,87.0873184204,124.919998169,88.4037246704,250.10206604,87.3664093018,32.4972686768,64.5731735229,33.7358474731
2019-03-26,87.1033248901,124.300003052,88.3290939331,251.966247559,87.2116928101,32.6966896057,65.0892715454,33.8483963013
2019-03-27,87.287361145,123.650001526,88.5861740112,250.648742676,87.2503585815,32.6488342285,64.9022827148,33.4785690308
2019-03-28,87.2954177856,121.900001526,88.5944595337,251.598800659,87.3199920654,32.6287956238,65.5320739746,33.7680015564
2019-03-29,87.287361145,122.010002136,88.4534835815,253.185241699,87.4747467041,32.7409515381,65.471786499,34.1700134277
2019-04-01,86.8878707886,121.529998779,87.8452606201,256.187805176,87.1498031616,33.1655426025,65.4341278076,34.6845550537
2019-04-02,86.9841461182,121.980003357,87.9948196411,256.313354492,87.2348937988,33.1895637512,65.8936538696,34.5800361633
2019-04-03,86.8237075806,121.800003052,87.7205963135,256.716644287,86.9641418457,33.4459266663,65.8183288574,34.7488822937
2019-04-04,86.8878707886,122.11000061,87.8120269775,257.397766113,87.0259933472,33.3818435669,65.712852478,34.9740066528
2019-04-05,86.9520568848,121.980003357,87.8535842896,258.643707275,87.1266174316,33.4539299011,66.1723709106,35.255405426
2019-04-08,86.9119415283,122.510002136,87.7122802734,258.840881348,87.0415115356,33.4779701233,65.8032684326,35.2312774658
2019-04-09,86.9600982666,123.150001526,87.8702011108,257.514373779,87.1266174316,33.2776908875,65.456741333,35.1830444336
2019-04-10,87.1285552979,123.529998779,88.0779266357,258.392822266,87.4437866211,33.4138793945,66.059387207,35.3518867493
2019-04-11,87.0242614746,121.949996948,87.8785095215,258.321105957,87.2426147461,33.3497924805,66.014175415,34.9418487549
2019-04-12,86.8557891846,121.830001831,87.471321106,260.068817139,87.0801696777,33.5981254578,66.3305664062,35.1589317322
2019-04-15,86.8397369385,121.599998474,87.5876617432,259.898498535,87.1266174316,33.6141624451,65.9915847778,34.9740066528
2019-04-16,86.6873703003,120.510002136,87.2885284424,260.068817139,86.9254608154,33.6702270508,64.4999923706,35.255405426
2019-04-17,86.6792984009,120.279998779,87.3051528931,259.432403564,86.9099655151,33.7263031006,63.912399292,35.3438453674
2019-04-18,86.791633606,120.370002747,87.5128860474,259.943267822,87.1575698853,33.6622200012,64.402053833,35.3840446472
2019-04-22,86.6873703003,120.370002747,87.3882598877,260.167388916,87.0724563599,33.6301689148,63.6939582825,35.1750030518
2019-04-23,86.8397369385,120.120002747,87.5460968018,262.506774902,87.2735824585,33.7102775574,64.5376663208,35.255405426
2019-04-24,87.0403213501,120.470001221,87.8785095215,261.924194336,87.5752792358,33.4138793945,65.0122528076,34.845375061
2019-04-25,87.0322723389,120.569999695,87.7705078125,261.762817383,87.5752792358,33.3898429871,64.8766555786,34.781036377
2019-04-26,87.2087402344,121.370002747,88.0031433105,262.981811523,87.7687072754,33.5180206299,65.3889312744,34.9418487549
2019-04-29,87.056350708,120.830001831,87.8203277588,263.394104004,87.5211410522,33.6462020874,64.748588562,34.8775215149
2019-04-30,87.1124954224,121.199996948,87.9948196411,263.528503418,87.6680908203,33.6702270508,65.3663253784,34.9016456604
2019-05-01,87.1687927246,120.400001526,87.9548416138,261.547729492,87.478515625,33.4459266663,65.4190597534,34.7086677551
2019-05-02,86.9758224487,119.940002441,87.7050704956,260.982940674,87.1225662231,33.3818435669,65.4868545532,34.7569084167
2019-05-03,87.1205444336,120.650001526,87.8216171265,263.537506104,87.362449646,33.7102775574,66.0443344116,35.2071685791
2019-05-06,87.2331237793,120.809997559,88.0464401245,262.452972412,87.4940185547,33.3898429871,65.8333892822,34.4594421387
2019-05-07,87.3376846313,121.209999084,88.3461914062,258.070068359,87.5404510498,32.8290786743,64.643119812,33.8082008362
2019-05-08,87.3215713501,120.910003662,88.1796264648,257.711578369,87.3160247803,32.8771400452,64.5753326416,33.7197608948
2019-05-09,87.3698501587,121.199996948,88.4127502441,256.93170166,87.4630584717,32.636806488,64.7410583496,33.2454109192
2019-05-10,87.3859100342,121.430000305,88.3544769287,258.222381592,87.6565551758,32.8531150818,65.4341278076,33.5187644958
2019-05-13,87.5306549072,122.669998169,88.795791626,251.733215332,87.8422546387,32.1160926819,65.3663253784,32.3851203918
2019-05-14,87.6030273438,122.459999084,88.7125167847,254.009857178,87.9041748047,32.4205169678,65.6073989868,32.8353652954
2019-05-15,87.7557983398,122.38999939,88.9956054688,255.49760437,88.0821838379,32.5647125244,66.0518417358,32.9238052368
2019-05-16,87.6512298584,121.510002136,88.8207397461,257.863922119,87.942855835,32.7649879456,66.3155136108,32.8434028625
2019-05-17,87.6753997803,120.650001526,88.8623962402,256.196746826,87.8577651978,32.5807266235,66.1874542236,32.2162895203
2019-05-20,87.5547561646,120.63999939,88.7125167847,254.502853394,87.7416610718,32.4365348816,65.2307357788,32.103717804
2019-05-21,87.5467529297,120.36000061,88.6126174927,256.797302246,87.7880935669,32.6608352661,65.7882003784,32.5378952026
2019-05-22,87.6914749146,120.239997864,88.8790130615,256.008636475,87.8190307617,32.5326728821,65.9840393066,32.4011993408
2019-05-23,87.9488067627,121.169998169,89.4202270508,252.880477905,88.0047912598,32.2042198181,66.1347198486,31.9911594391
2019-05-24,87.9809570312,121.300003052,89.3952789307,253.454147339,88.15184021,32.5406837463,66.338104248,32.0393981934
2019-05-28,88.1096496582,120.830001831,89.7865447998,251.096893311,88.1982345581,32.2602996826,65.682723999,32.135887146
2019-05-29,88.1337814331,120.870002747,89.7532577515,249.411849976,88.3530044556,32.044002533,64.8088607788,32.409236908
2019-05-30,88.3669967651,121.690002441,90.0779953003,250.093048096,88.647102356,32.1641616821,65.0800552368,32.5539665222
2019-05-31,88.7770843506,123.330001831,90.677444458,246.722961426,89.2042617798,31.9158172607,65.456741333,32.6745529175
2019-06-03,88.9866485596,125.11000061,91.1137390137,246.095581055,89.4447402954,32.044002533,65.6149139404,32.8675231934
2019-06-04,88.9060287476,125.150001526,90.7800598145,251.437530518,89.2657623291,32.4605712891,65.3211364746,32.8755683899
2019-06-05,88.8576583862,125.470001221,90.7800598145,253.615493774,89.3202133179,32.4445457458,66.6846466064,32.6343650818
2019-06-06,88.841583252,125.879997253,90.7633361816,255.264572144,89.2657623291,32.5807266235,66.8127212524,32.6263313293
2019-06-07,89.0914459229,126.589996338,91.1220474243,257.819122314,89.5925521851,32.965259552,67.0613174438,32.8594856262
2019-06-10,88.8576583862,125.330001831,90.671585083,259.002227783,89.1101074219,33.0533828735,66.8428421021,33.1649971008
2019-06-11,88.841583252,125.180000305,90.671585083,258.939483643,88.9934005737,33.2136001587,67.0236434937,33.510723114
2019-06-12,88.9543838501,125.830001831,90.9051818848,258.482391357,89.0400848389,32.9492416382,67.2496490479,33.1489143372
2019-06-13,89.1478805542,126.599998474,91.1304244995,259.54901123,89.071182251,32.965259552,67.5359115601,33.1810874939
2019-06-14,89.1236801147,126.559997559,91.1971435547,259.262176514,88.9311294556,32.7409515381,67.5735626221,32.7710494995
2019-06-17,89.0994720459,126.480003357,91.1804504395,259.360717773,88.7599258423,32.7652587891,68.2967605591,32.9078521729
2019-06-18,89.3413467407,127.120002747,91.3556594849,262.076477051,89.1256713867,33.2188644409,68.2289733887,33.6526298523
2019-06-19,89.6475906372,127.88999939,91.6059265137,262.668121338,89.6392593384,33.4051742554,68.5981140137,33.8874015808
2019-06-20,89.8007507324,131.11000061,91.7560577393,265.17767334,90.1451187134,33.7291755676,68.9446411133,34.4135971069
2019-06-21,89.5669631958,131.979995728,91.3806991577,264.792175293,89.740447998,33.6076774597,67.9728393555,34.2759895325
2019-06-24,89.7282028198,133.940002441,91.6976547241,264.468139648,89.9116439819,33.6562728882,67.7393035889,34.3002662659
2019-06-25,89.7443008423,134.199996948,91.8395004272,261.874084473,89.7560272217,33.4780769348,66.7374038696,33.9278831482
2019-06-26,89.5428085327,132.970001221,91.4641189575,261.612945557,89.6704177856,33.5185661316,65.4039916992,34.2597885132
2019-06-27,89.7926483154,132.839996338,91.7394180298,262.540618896,89.8416290283,33.5995788574,66.2459411621,34.4540748596
2019-06-28,89.7523727417,133.199996948,91.7811279297,263.891601562,89.8727264404,33.7858810425,66.4740905762,34.4297904968
2019-07-01,89.8186340332,130.619995117,91.6658248901,266.287353516,89.6865310669,33.9397850037,66.4437179565,34.9236068726
2019-07-02,89.9802017212,133.410003662,91.9917526245,266.980834961,89.7334976196,34.0450820923,67.5997619629,34.875038147
2019-07-03,90.1255874634,133.630004883,92.1672058105,269.115264893,89.9681854248,34.223285675,68.405960083,34.9155197144
2019-07-05,89.7459487915,132.13999939,91.5821990967,268.809082031,89.6943740845,33.9883918762,68.1625900269,34.6726570129
2019-07-08,89.6974411011,131.289993286,91.4903106689,267.332122803,89.7099990845,33.7858810425,68.405960083,34.5350418091
2019-07-09,89.6732254028,131.75,91.4317932129,267.665252686,89.803894043,33.6238746643,68.634147644,34.4459915161
2019-07-10,89.7378387451,133.830001831,91.4819030762,268.94418335,89.960357666,33.7696838379,69.0296478271,34.6726570129
2019-07-11,89.4066009521,132.699996948,91.0306396484,269.574707031,89.6786880493,33.7777709961,68.1321640015,34.5998077393
2019-07-12,89.5035705566,133.529998779,91.1309509277,270.781494141,89.8351821899,33.8182907104,68.0409011841,34.5998077393
2019-07-15,89.6327972412,133.529998779,91.3231658936,270.871643066,90.0620803833,33.8506813049,67.9876556396,34.7617034912
2019-07-16,89.5358963013,132.399993896,91.1225814819,269.99798584,89.9134368896,33.6967735291,67.8279418945,34.696937561
2019-07-17,89.7701644897,134.580001831,91.5487365723,268.160644531,90.1011886597,33.6319770813,67.5997619629,34.6159896851
2019-07-18,89.9155731201,136.479995728,91.7744064331,269.142303467,90.2889404297,33.7291755676,67.5997619629,34.834564209
2019-07-19,89.8105392456,134.470001221,91.6072540283,267.647247314,90.148109436,33.6805801392,66.4969406128,34.6078987122
2019-07-22,89.9236679077,134.449996948,91.6490249634,268.304718018,90.171585083,33.7129898071,66.436088562,34.5674171448
2019-07-23,89.834777832,133.690002441,91.498626709,270.223083496,90.148109436,33.9073791504,67.1890716553,34.5674171448
2019-07-24,89.9640426636,134.369995117,91.6323471069,271.49307251,90.171585083,33.9154701233,67.2422866821,34.6726570129
2019-07-25,89.8267288208,133.419998169,91.4735641479,270.196044922,90.02293396,33.5752830505,66.8468017578,34.4702720642
2019-07-26,89.8428726196,133.63999939,91.4568710327,272.006378174,89.960357666,33.6724700928,67.1510009766,34.5026473999
2019-07-29,89.8832550049,134.529998779,91.540435791,271.511016846,89.8821640015,33.6643753052,67.3335723877,34.4945602417
2019-07-30,89.8751678467,134.979995728,91.5821990967,270.844665527,90.01512146,33.3079719543,67.873588562,34.154548645
2019-07-31,89.9155731201,133.210006714,91.8162002563,267.881439209,90.1559371948,33.0973510742,67.6073684692,33.8064460754
2019-08-01,90.6201019287,136.410003662,92.8576278687,265.54876709,90.4852828979,32.9677581787,67.6073684692,33.1911964417
2019-08-02,90.6524200439,135.88999939,93.050163269,263.549285889,90.5480041504,32.7085533142,67.9344329834,32.8754768372
2019-08-05,91.0492553711,137.789993286,93.8538665771,255.623596191,90.8616790771,31.8742313385,66.5958175659,31.71783638
2019-08-06,91.2921600342,138.910003662,94.0045394897,259.208068848,91.1988830566,32.0929412842,67.3335723877,32.219745636
2019-08-07,91.2435836792,141.020004272,94.0045394897,259.36126709,91.2459106445,32.2225456238,67.9876556396,32.3573722839
2019-08-08,91.3326568604,141.729995728,94.0129089355,264.450012207,91.4812088013,32.5546455383,69.1817626953,32.7783317566
2019-08-09,91.2111587524,141.259994507,93.8706054688,262.648620605,91.3870620728,32.3197402954,69.0980682373,32.4545097351
2019-08-12,91.543182373,142.630004883,94.4649505615,259.45135498,91.7556533813,32.044342041,68.9155654907,32.0902175903
2019-08-13,91.4136581421,141.779998779,94.1301193237,263.486236572,91.6066665649,32.3602485657,69.0144348145,32.4707107544
2019-08-14,91.697013855,142.75,94.7579956055,255.695587158,91.7791824341,31.4854240417,67.96484375,31.5721130371
2019-08-15,92.1181640625,143.699996948,95.3607254028,256.371063232,92.1869277954,31.5502338409,68.6417541504,31.750207901
2019-08-16,92.0452194214,142.779998779,95.1095809937,260.153839111,91.9203109741,31.9228420258,69.3490829468,32.1711730957
2019-08-19,91.8022994995,141.11000061,94.6575241089,263.288116455,91.5752868652,32.1172332764,69.8510742188,32.2764129639
2019-08-20,92.0532836914,142.210006714,95.0760803223,261.270690918,91.6928939819,32.0281410217,69.3567047119,32.3330802917
2019-08-21,92.0047531128,141.759994507,94.8249282837,263.396148682,91.598815918,32.2954406738,69.645690918,32.5840377808
2019-08-22,91.7618255615,141.399993896,94.6156539917,263.315124512,91.520401001,32.1820449829,69.9651412964,32.2521209717
2019-08-23,92.1343154907,144.169998169,95.2518920898,256.551300049,92.0457763672,31.7851333618,68.9839935303,31.7906894684
2019-08-26,92.0938568115,144.190002441,95.1597900391,259.388214111,91.943862915,32.060546875,69.5164337158,31.9930686951
2019-08-27,92.385307312,145.570007324,95.5700073242,258.370574951,92.3751449585,32.0524406433,69.3186569214,32.0092658997
2019-08-28,92.3934555054,145.160003662,95.6035003662,260.189880371,92.5554885864,32.060546875,69.5468139648,32.1306915283
2019-08-29,92.3367004395,144.119995117,95.419342041,263.513275146,92.6103820801,32.3116455078,70.0868377686,32.5030860901
2019-08-30,92.4177093506,143.75,95.4444351196,263.396148682,92.2575149536,32.4736404419,70.1400756836,32.7054748535
2019-09-03,92.3958206177,145.75,95.6540679932,261.856079102,92.1468963623,32.3440475464,70.8398208618,32.5354690552
2019-09-04,92.5581436157,146.660003662,95.8050231934,264.828216553,92.374420166,32.7976531982,71.433052063,33.0697593689
2019-09-05,92.1604537964,143.13999939,95.0335540771,268.232666016,91.9586029053,33.0649642944,70.9158554077,33.3207244873
2019-09-06,92.2578659058,141.919998169,95.0922317505,268.439880371,92.0370788574,33.1378593445,71.0755844116,33.4259605408
2019-09-09,91.8682556152,141.38999939,94.5052490234,268.574981689,91.5663146973,33.2026672363,70.7333374023,33.5150260925
2019-09-10,91.3731460571,140.179992676,93.8176727295,268.511932373,91.0406799316,33.2998695374,70.0031814575,33.5150260925
2019-09-11,91.3894042969,141.029998779,93.725402832,270.421234131,90.938659668,33.5023651123,70.0792541504,33.7659721375
2019-09-12,91.243270874,141.320007324,93.5157623291,271.357971191,90.868057251,33.6805801392,70.4519119263,33.9764480591
2019-09-13,90.699508667,140.149993896,92.6604385376,271.17779541,90.3345718384,33.8344841003,69.6989440918,34.154548645
2019-09-16,90.9429931641,141.320007324,93.0629730225,270.340209961,90.8759002686,33.5914764404,70.3074111938,33.8792953491
2019-09-17,91.0809631348,141.600006104,93.3061447144,271.024780273,90.9935913086,33.7210731506,71.0679931641,33.9197845459
2019-09-18,91.1864700317,140.710006714,93.3396759033,271.186828613,90.7111663818,33.6319770813,70.8245925903,33.7497787476
2019-09-19,91.3163146973,141.279998779,93.3816223145,271.168762207,90.8915863037,33.7696838379,71.0755844116,33.5393028259
2019-09-20,91.6491241455,142.949996948,93.9182815552,269.887542725,91.3936920166,33.6967735291,71.0755844116,33.5959739685
2019-09-23,91.6896972656,143.75,94.052482605,269.824249268,91.5192565918,33.6481666565,71.1896514893,33.7173995972
2019-09-24,91.9412994385,144.509994507,94.522064209,267.707000732,91.7232513428,33.50548172,71.03175354,33.3066940308
2019-09-25,91.5598373413,141.830001831,93.9015274048,269.290435791,91.2446517944,33.4484062195,71.1697463989,33.3394927979
2019-09-26,91.714050293,141.789993286,94.1027450562,268.729492188,91.2995758057,33.5217895508,71.7677536011,33.3230934143
2019-09-27,91.8276519775,141.059997559,94.236946106,267.281738281,91.1583480835,33.3750076294,71.3690872192,32.9050102234
2019-09-30,91.8520278931,138.869995117,94.3123855591,268.521270752,91.2368011475,33.4973297119,71.4917373657,33.0033874512
2019-10-01,92.0187835693,139.630004883,94.5735702515,265.327362061,91.4144363403,33.1956214905,70.8170547485,32.773853302
2019-10-02,92.0838623047,141.259994507,94.9010848999,260.640380859,91.4144363403,32.5351257324,70.5180664062,32.618106842
2019-10-03,92.4418029785,141.899993896,95.3965911865,262.775756836,91.7051849365,32.7634544373,71.2004241943,33.0115852356
2019-10-04,92.5882110596,141.899993896,95.5813751221,266.331695557,91.9881210327,33.0162239075,71.6297454834,33.167339325
2019-10-07,92.3360214233,140.690002441,95.2622756958,265.182647705,91.736656189,32.9754638672,71.4764099121,32.9132118225
2019-10-08,92.3685913086,141.919998169,95.4637985229,261.065643311,91.6501693726,32.6655921936,71.1007461548,32.6344947815
2019-10-09,92.3197479248,142.050003052,95.2202758789,263.544830322,91.4615631104,32.9265365601,71.2387542725,32.8804321289
2019-10-10,92.0025100708,140.809997559,94.6239624023,265.327362061,91.1707611084,33.1385383606,71.3537521362,33.2329216003
2019-10-11,91.7015304565,140.029998779,93.9773101807,268.077911377,90.8878631592,33.7011795044,71.3230895996,33.6755943298
2019-10-14,91.856086731,140.589996338,94.237663269,267.779418945,91.0371856689,33.5788650513,71.3537521362,33.6018180847
2019-10-15,91.5551528931,139.61000061,93.7841262817,270.430450439,90.7307128906,33.9539527893,71.4457473755,33.8313407898
2019-10-16,91.7177963257,140.410003662,93.9688491821,269.996185303,90.8721618652,33.978427887,71.4533920288,33.9215126038
2019-10-17,91.693397522,140.61000061,93.9353179932,270.792480469,90.9978942871,34.0681152344,71.9210662842,34.0280838013
2019-10-18,91.7584609985,140.460006714,94.0192718506,269.607025146,91.1393432617,34.02734375,72.4730606079,33.9379196167
2019-10-21,91.5063018799,139.789993286,93.6749725342,271.434814453,90.8485794067,34.2393493652,73.0250701904,34.1838417053
2019-10-22,91.6445846558,140.199996948,93.8932952881,270.548095703,91.123626709,34.1578063965,72.8104019165,34.1592483521
2019-10-23,91.7177963257,140.529998779,93.9269104004,271.335266113,91.1865310669,34.3209037781,72.9714050293,34.1756439209
2019-10-24,91.742225647,141.529998779,93.9101028442,271.778686523,91.2415008545,34.3779754639,72.7874145508,34.2166404724
2019-10-25,91.6120758057,141.86000061,93.7085571289,272.891601562,91.257232666,34.4024391174,72.1664047241,34.3723831177
2019-10-28,91.416809082,140.63999939,93.3558349609,274.42980957,90.8171310425,34.5573730469,71.7294082642,34.6429100037
2019-10-29,91.4249038696,140.25,93.4398193359,274.348236084,90.5892562866,34.5165977478,72.1664047241,34.4461708069
2019-10-30,91.685256958,141.020004272,93.8932952881,275.189788818,90.9271697998,34.6552200317,72.4270629883,34.5773277283
2019-10-31,92.0431747437,142.429992676,94.4895935059,274.456939697,91.2100524902,34.5736846924,72.2967224121,34.3067970276
2019-11-01,92.0684585571,142.559997559,94.3112945557,276.999450684,91.3436965942,34.8835296631,72.2814025879,34.8396568298
2019-11-04,91.840171814,142.149993896,93.8318862915,278.112365723,91.2807998657,35.0710716248,71.775428772,35.0937728882
2019-11-05,91.4977722168,139.850006104,93.3271865845,277.804718018,91.1078872681,35.0629272461,70.5564041138,35.2659225464
2019-11-06,91.6363677979,140.449996948,93.5963821411,277.868041992,91.3987197876,35.0303077698,70.7097320557,35.2085380554
2019-11-07,91.2042770386,138.270004272,92.8477859497,278.845275879,90.887802124,35.1852378845,70.0044021606,35.4462509155
2019-11-08,91.1553421021,137.38999939,92.7216339111,279.532989502,90.8328170776,35.1118469238,69.835723877,35.1265525818
2019-11-11,91.171661377,137.059997559,92.8225708008,278.999145508,90.8799591064,35.0792274475,69.989074707,34.9298171997
2019-11-12,91.2694854736,137.429992676,92.8646087646,279.587249756,90.8642272949,35.087387085,69.4600906372,34.6674957275
2019-11-13,91.4325561523,137.979995728,93.1169281006,279.67779541,90.9428329468,34.9732284546,70.0964050293,34.4461708069
2019-11-14,91.6934280396,138.559997559,93.5879592896,280.084899902,91.1550674438,34.9487571716,70.6407241821,34.4297714233
2019-11-15,91.6444854736,138.210006714,93.5122756958,282.111633301,91.0450286865,35.1607780457,71.0240707397,34.6592903137
2019-11-18,91.8157272339,138.619995117,93.6720809937,282.319763184,91.2258071899,35.2015457153,71.3690872192,34.6511077881
2019-11-19,91.8809280396,138.690002441,93.8486938477,282.23828125,91.3908691406,35.1363105774,71.4917373657,34.7740631104
2019-11-20,92.1010742188,138.759994507,94.1935501099,281.188659668,91.7445602417,34.9243049622,71.4533920288,34.6429100037
2019-11-21,91.9706115723,138,93.9580688477,280.736358643,91.5402145386,34.8753814697,70.4490737915,34.6838874817
2019-11-22,92.0195541382,137.740005493,93.9412307739,281.360656738,91.5716400146,34.9161529541,70.1884078979,34.618309021
2019-11-25,92.1092376709,137.080001831,93.983253479,283.541229248,91.673828125,35.1852378845,70.4107437134,34.9298171997
2019-11-26,92.2396621704,137.740005493,94.1598739624,284.183685303,91.8703460693,35.2097015381,71.3460769653,34.7904472351
2019-11-27,92.1255340576,137.009994507,93.9160079956,285.450408936,91.6895446777,35.3075485229,71.6834182739,34.897026062
2019-11-29,92.0114212036,137.86000061,93.8402481079,284.391693115,91.4773406982,35.0384674072,71.3537521362,34.4789505005
2019-12-02,91.9100723267,137.789993286,93.5033798218,281.975921631,91.3467102051,34.8835296631,70.2727432251,34.4871444702
2019-12-03,92.3267669678,139.11000061,94.3372497559,280.084899902,91.9131698608,34.7530632019,70.7250671387,34.3477897644
2019-12-04,92.1715393066,138.919998169,93.9750518799,281.813110352,91.8502426147,35.0547714233,71.0164031982,34.6511077881
2019-12-05,92.0653076172,139,93.7560501099,282.319763184,91.716506958,35.0221481323,71.0547485352,34.8314399719
2019-12-06,91.9345779419,137.619995117,93.4696884155,284.898498535,91.6535644531,35.3238639832,71.2004241943,34.9626121521
2019-12-09,91.9835968018,137.580001831,93.5455093384,284.002716064,91.6771469116,35.1363105774,71.3384170532,34.8314399719
2019-12-10,91.9509124756,137.970001221,93.4359664917,283.686065674,91.6535644531,35.1689300537,70.9244232178,34.9052238464
2019-12-11,92.1960372925,138.919998169,93.8234481812,284.491455078,91.9761352539,35.3646202087,70.203742981,35.3724899292
2019-12-12,91.8038635254,138.429992676,93.0822219849,286.94329834,91.527671814,35.6418647766,69.253074646,35.8561401367
2019-12-13,92.1715393066,139.050003052,93.6296844482,287.115356445,91.8974151611,35.8457183838,69.2684249878,35.8151473999
2019-12-16,91.9835968018,139.039993286,93.1917190552,289.08770752,91.6850128174,36.2045135498,69.7667160034,36.1184654236
2019-12-17,91.9917449951,139.009994507,93.2001342773,289.151123047,91.8108978271,36.0740356445,69.1073913574,36.3889808655
2019-12-18,91.8120346069,139.020004272,92.9474563599,289.169219971,91.7086105347,35.9843559265,69.9497070312,36.5857200623
2019-12-19,91.9110794067,139.380004883,93.0200119019,290.354400635,91.8574371338,36.0169639587,70.5696182251,36.6103248596
2019-12-20,91.9274215698,139.520004272,93.0200119019,291.627441406,91.8102340698,36.0740356445,70.9570770264,36.6431083679
2019-12-23,91.8619384766,139.949996948,92.9356536865,292.072906494,91.6527252197,36.123462677,70.6006393433,36.7086868286
2019-12-24,91.9765396118,141.270004272,93.0959091187,292.082122803,91.7629623413,36.090511322,70.786605835,36.6754875183
2019-12-26,92.0584030151,142.380004883,93.2308578491,293.636901855,91.8259353638,36.255241394,71.0965652466,36.9826431274
2019-12-27,92.1811599731,142.330001831,93.3658370972,293.564117432,91.8574371338,36.3540649414,71.3212814331,37.0324478149
2019-12-30,92.1811599731,142.630004883,93.3068008423,291.945648193,91.8889541626,36.090511322,71.3910293579,36.8249092102
2019-12-31,91.9683532715,142.899993896,92.9693908691,292.654907227,91.7944412231,36.2881813049,71.9024581909,36.9162254333
2020-01-02,92.2220535278,143.949996948,93.3995666504,295.391815186,92.2433166504,36.5846939087,71.0578079224,37.7961730957
2020-01-03,92.4921417236,145.86000061,94.0237426758,293.154968262,92.6685333252,36.1399345398,71.4995269775,37.1237640381
2020-01-06,92.4184799194,147.38999939,93.9225311279,294.273406982,92.4323043823,36.263469696,71.5847473145,37.0573387146
2020-01-07,92.3202896118,147.970001221,93.7875823975,293.445892334,92.1487960815,36.2058105469,70.786605835,37.0407485962
2020-01-08,92.2138900757,146.86000061,93.5682373047,295.009887695,92.0622253418,36.255241394,71.0035629272,37.2067718506
2020-01-09,92.3120880127,146.029998779,93.6357574463,297.010284424,92.0543441772,36.4034843445,70.9648208618,37.3977127075
2020-01-10,92.4675979614,146.910003662,93.8381729126,296.155548096,92.3299331665,36.2799377441,71.5072631836,37.5803260803
2020-01-13,92.4103088379,145.820007324,93.7285079956,298.192260742,92.3141937256,36.4940795898,72.3673858643,38.0950164795
2020-01-14,92.4921417236,145.690002441,93.9140777588,297.737701416,92.4401779175,36.5187988281,72.0961761475,37.9206924438
2020-01-15,92.6312484741,146.539993286,94.1502838135,298.410522461,92.5110549927,36.4940795898,72.7470779419,37.6799468994
2020-01-16,92.6312484741,146.309997559,93.9562835693,300.892883301,92.3614196777,36.6917457581,73.3282470703,37.870880127
2020-01-17,92.5248718262,146.580001831,93.8803863525,301.829376221,92.2118148804,36.7823486328,73.3979949951,38.1116294861
2020-01-21,92.7868041992,146.740005493,94.2515029907,301.238311768,92.5110549927,36.4858512878,74.0954055786,37.1652641296
2020-01-22,92.8358917236,146.789993286,94.2683944702,301.274749756,92.448059082,36.5764389038,73.5994720459,37.3894081116
2020-01-23,92.9586639404,147.119995117,94.5045471191,301.620239258,92.6370315552,36.4858512878,74.2193756104,37.0490531921
2020-01-24,93.1305007935,147.979995728,94.8419036865,298.937927246,92.8418045044,36.3458404541,73.9636688232,36.7667884827
2020-01-27,93.4169769287,148.990005493,95.4829788208,294.146087646,93.0543899536,35.5798721313,73.607208252,35.5298881531
2020-01-28,93.3351516724,147.660003662,95.1624526978,297.228515625,92.9126281738,35.8846130371,73.9016799927,35.8287391663
2020-01-29,93.547958374,148.460006714,95.6179504395,296.982971191,93.2512741089,35.8928413391,73.6304473877,35.99477005
2020-01-30,93.5561065674,148.470001221,95.710723877,297.946777344,93.3536605835,35.8104896545,73.684715271,35.504989624
2020-01-31,93.8344192505,149.330001831,96.1914978027,292.536682129,93.7552337646,35.2010192871,72.7858276367,34.8740882874
2020-02-03,93.8040390015,148.36000061,96.1095733643,294.709777832,93.5321731567,35.3245582581,73.0260543823,35.1231193542
2020-02-04,93.4923934937,146.429992676,95.5521240234,299.201568604,93.1301498413,35.8928413391,73.7776870728,35.9615592957
2020-02-05,93.3529891968,146.61000061,95.1382751465,302.656768799,92.8542022705,36.2387580872,73.8241882324,36.1607971191
2020-02-06,93.4103622437,147.399993896,95.2058639526,303.675262451,93.027633667,36.3623046875,74.0721588135,36.1441917419
2020-02-07,93.6810150146,147.789993286,95.6619186401,302.05670166,93.4060058594,36.0081481934,74.0566482544,35.65442276
2020-02-10,93.7876358032,148.169998169,95.8477706909,304.311645508,93.5478897095,36.090511322,74.8857955933,35.8785476685
2020-02-11,93.6728057861,147.660003662,95.6197433472,304.83895874,93.2720031738,36.3375968933,75.4514694214,36.3351211548
2020-02-12,93.5743560791,147.539993286,95.3747940063,306.803070068,93.1774368286,36.4858512878,75.9008865356,36.8000030518
2020-02-13,93.6400222778,148.380004883,95.459197998,306.47567749,93.3744888306,36.2222976685,76.3580856323,36.4098434448
2020-02-14,93.7384338379,149,95.6957397461,306.966644287,93.4454269409,36.1975822449,77.148475647,36.3351211548
2020-02-18,93.8614578247,150.910003662,95.8477706909,306.175598145,93.6503982544,35.950504303,77.0632400513,36.2105979919
2020-02-19,93.8368759155,151.789993286,95.8308334351,307.639526367,93.6109924316,36.0987510681,76.024887085,36.5094642639
2020-02-20,94.0500946045,152.410003662,96.1095733643,306.375732422,93.7922973633,35.8351974487,76.9315032959,36.0113830566
2020-02-21,94.2387390137,154.699996948,96.4981155396,303.22052002,93.9657058716,35.6704750061,77.1562347412,35.8785476685
2020-02-24,94.5422058105,156.089996338,97.2498016357,293.164123535,94.399269104,34.2785797119,76.1023788452,34.6167411804
2020-02-25,94.7062759399,153.300003052,97.5201187134,284.280517578,94.2416000366,33.6938095093,74.0411605835,34.3427963257
2020-02-26,94.6078491211,153.970001221,97.4694213867,283.234985352,94.1943130493,33.7185287476,73.2430114746,34.558631897
2020-02-27,94.6242294312,154,97.9423904419,270.514373779,94.4702301025,32.6890144348,69.3452835083,33.7284965515
2020-02-28,95.3214035034,148.380004883,99.0404129028,269.377807617,94.620010376,32.5078163147,67.6715316772,33.6371841431
2020-03-02,95.287689209,149.199996948,98.9727630615,281.043670654,94.8407287598,32.936088562,70.561882019,34.2846794128
2020-03-03,95.9369430542,153.88999939,100.122817993,272.996673584,95.8024597168,32.6725387573,70.3991394043,34.1186561584
2020-03-04,95.8629837036,154.160003662,99.9029769897,284.471557617,95.6605987549,33.5702705383,73.0570373535,34.6001319885
2020-03-05,96.1588516235,157.490005493,100.790908813,275.015228271,95.9601364136,32.6890144348,71.4917678833,33.9360313416
2020-03-06,96.8656692505,157.550003052,101.814079285,270.468902588,96.5986480713,32.2113189697,70.2596664429,33.2968215942
2020-03-09,96.7424240112,157.809997559,102.727378845,249.34677124,94.6120910645,29.5922431946,64.8431625366,30.8147144318
2020-03-10,95.6492843628,154.479995728,100.84161377,262.249206543,91.9003753662,30.6958827972,67.5826950073,32.3670768738
2020-03-11,94.2850265503,153.929992676,99.8353118896,249.464981079,89.8192367554,29.0980796814,63.5217971802,30.9641361237
2020-03-12,90.5126342773,147.789993286,99.8860931396,225.596847534,89.6063995361,25.8448238373,57.0868492126,27.8511238098
2020-03-13,91.934463501,143.279998779,99.2349319458,244.882247925,89.9611587524,27.4755725861,62.0692596436,29.8019428253
2020-03-16,93.4713668823,141.63999939,101.856399536,218.086334229,89.3383865356,24.5023460388,51.065788269,26.1991424561
2020-03-17,91.0550537109,143.559997559,99.3025512695,229.861328125,86.8394622803,25.6142139435,54.017742157,27.8428173065
2020-03-18,87.5867614746,140.699996948,97.9241867065,218.222747803,85.7752304077,24.0905418396,48.8791503906,25.5765419006
2020-03-19,89.5427703857,138.039993286,98.2455368042,218.686477661,87.4385604858,24.4446868896,49.0509643555,25.717666626
2020-03-20,90.4303894043,140.11000061,100.74861145,209.262359619,91.3327865601,24.2223148346,46.6066055298,25.8338851929
2020-03-23,92.5755233765,146.300003052,101.940986633,203.911880493,93.0512771606,23.8094997406,44.443397522,25.3332080841
2020-03-24,93.3398361206,153.399993896,101.247535706,222.386962891,93.1064834595,25.9273681641,48.441822052,26.9300498962
2020-03-25,94.2932052612,151.300003052,101.30670929,225.716140747,94.0051269531,26.8622131348,51.0501670837,27.8116378784
2020-03-26,94.5808563232,153.240005493,101.551948547,238.895690918,94.486000061,28.0038757324,54.6503181458,28.9344139099
2020-03-27,94.983581543,152.25,102.304573059,231.779983521,94.7934417725,27.1434860229,54.7049789429,27.37084198
2020-03-30,95.0740203857,152.919998169,102.541358948,239.307250977,93.2877578735,27.6977729797,55.8998031616,27.7700538635
2020-03-31,94.8192138672,148.050003052,102.727378845,235.740264893,92.9566802979,27.5819568634,54.5487861633,27.9031295776
2020-04-01,94.4971694946,149.449996948,103.145645142,225.13079834,93.5219421387,26.3575630188,50.964263916,26.9134178162
2020-04-02,94.6372070312,151.899993896,103.162536621,230.325820923,94.9509353638,26.8622131348,51.1360626221,27.7035198212
2020-04-03,94.7030792236,152.649993896,103.238761902,226.99659729,95.7877655029,26.3327388763,50.3941726685,27.1712379456
2020-04-06,95.1643371582,156.880004883,102.773109436,242.243087769,95.7246246338,27.74741745,54.1270751953,28.5102596283
2020-04-07,95.2961273193,156.039993286,102.315895081,242.49005127,95.6614532471,27.9045982361,54.6268692017,28.6765899658
2020-04-08,95.3867034912,154.649993896,102.188919067,250.630050659,95.0062103271,28.1693305969,58.3519706726,29.0092792511
2020-04-09,96.5727767944,158.690002441,102.409042358,254.443984985,95.9456787109,28.7732563019,61.6241188049,28.9593696594
2020-04-13,96.119720459,161.410003662,102.188919067,252.120925903,96.1193847656,28.5416126251,59.0313796997,29.0674915314
2020-04-14,96.1691513062,162.679992676,102.324424744,259.556671143,96.4035797119,29.0545406342,60.6869888306,29.6496696472
2020-04-15,96.5645217896,161.850006104,103.238761902,254.041503906,96.5062103271,28.1114253998,58.2816925049,28.9926376343
2020-04-16,96.688079834,161.710006714,103.348808289,255.26713562,95.6693649292,28.1445159912,57.6178855896,29.1589813232
2020-04-17,96.5727767944,158.570007324,103.077857971,262.163269043,95.2114257812,28.9387187958,59.4374961853,29.6330318451
2020-04-20,96.4327392578,159.699996948,103.348808289,257.544586182,94.9193649292,28.5168037415,57.2274208069,29.4168052673
2020-04-21,96.482170105,158.61000061,103.636672974,249.72467041,95.4009399414,27.9294166565,56.1887512207,28.6017494202
2020-04-22,96.482170105,161.729995728,103.314964294,255.26713562,95.9772415161,28.4506111145,57.0477981567,29.3419399261
2020-04-23,96.7127838135,163.339996338,103.3826828,255.248825073,95.9219894409,28.4009780884,56.5714187622,29.2255077362
2020-04-24,96.6633682251,162.63999939,103.408042908,258.806732178,96.4667434692,28.7070732117,56.8135223389,29.1839237213
2020-04-27,96.2186050415,161.559997559,102.857765198,262.538299561,96.2772369385,29.1041851044,58.7580680847,29.7328357697
2020-04-28,96.5974578857,160.839996338,103.306465149,261.330993652,96.608833313,29.335817337,59.2422485352,29.8076858521
2020-04-29,96.6633682251,161.729995728,103.255729675,268.172241211,96.4904098511,30.1134757996,60.1325187683,30.6144275665
2020-04-30,96.4492111206,158.800003052,103.010185242,265.675354004,95.7720108032,29.517824173,59.4374961853,30.0821418762
2020-05-01,96.454208374,159.779998779,103.152534485,258.642120361,95.770401001,28.8642578125,57.4304656982,29.0758018494
2020-05-04,96.5367126465,160.339996338,103.169517517,259.355377197,95.8653869629,28.8890781403,57.1493186951,29.4417514801
2020-05-05,96.4624099731,161.020004272,103.093238831,261.751708984,95.9762039185,28.9635334015,57.4304656982,29.5748176575
2020-05-06,96.0745239258,158.949996948,102.711845398,259.977355957,95.5092391968,28.7897987366,56.3996162415,29.4999656677
2020-05-07,96.3716506958,161.38999939,103.339027405,263.114532471,96.1107330322,29.2282733917,57.2039871216,29.6912536621
2020-05-08,96.1157684326,160.419998169,102.999992371,267.468048096,96.0790557861,29.6998291016,58.5628204346,30.3566036224
2020-05-11,95.8269348145,159.419998169,102.711845398,267.522918701,95.7466430664,29.6915512085,57.7115936279,30.2068939209
2020-05-12,96.0745239258,160.039993286,103.050819397,262.190826416,95.8337478638,29.2944564819,55.0876350403,30.1154060364
2020-05-13,96.2313461304,161.580001831,103.26272583,257.553710938,95.9207687378,29.0462627411,53.7522354126,30.0239276886
2020-05-14,96.5284347534,163.009994507,103.42376709,260.635925293,96.0315933228,28.8311653137,53.9396476746,30.1154060364
2020-05-15,96.586227417,163.929992676,103.355926514,261.833984375,96.1977767944,28.8394355774,53.7287979126,29.7411556244
2020-05-18,96.4459075928,162.690002441,102.720283508,269.809509277,96.1898651123,29.9893798828,56.9072418213,30.8639316559
2020-05-19,96.5531997681,164.259994507,103.00843811,267.03817749,96.0790557861,29.6667366028,56.1419029236,30.5562076569
2020-05-20,96.80078125,164.649993896,103.033889771,271.574615479,96.3639907837,30.2044677734,56.6417121887,30.9387931824
2020-05-21,96.8750457764,162.25,103.10168457,269.699737549,96.2610855103,29.8735542297,56.6885757446,30.6227474213
2020-05-22,96.9245986938,163.210006714,103.296607971,270.21182251,96.3164672852,29.7908325195,57.4538841248,30.0405540466
2020-05-26,96.7677993774,160.88999939,103.025444031,273.541015625,95.960357666,30.6760387421,59.6014785767,30.7059116364
2020-05-27,96.9080886841,161.179992676,103.110206604,277.611022949,96.0553283691,30.9986763,60.7885093689,30.7391777039
2020-05-28,96.842086792,161.720001221,103.016952515,277.098846436,96.356086731,31.2055015564,61.0774726868,30.5395755768
2020-05-29,97.0979232788,162.910003662,103.347465515,278.333557129,96.3956375122,31.1641349792,60.468334198,31.0718574524
2020-06-01,97.0433197021,163.660003662,103.306747437,279.458465576,96.5143356323,31.8425121307,61.8662033081,31.7787914276
2020-06-02,97.1260528564,162.600006104,103.13709259,281.772491455,96.3006744385,32.1899719238,62.3659973145,32.5189933777
2020-06-03,96.8862609863,159.600006104,102.526260376,285.522399902,95.984085083,32.9345436096,64.3652191162,33.1510696411
2020-06-04,96.5968475342,161.279998779,102.119010925,284.772460938,95.6200332642,32.7525291443,63.7248458862,32.7352218628
2020-06-05,96.6547470093,158.009994507,101.609992981,292.071014404,95.6121139526,33.3978271484,66.1379623413,33.4920654297
2020-06-08,96.7622375488,159.720001221,101.720291138,295.601409912,95.8178863525,33.7949333191,67.7779388428,33.7582054138
2020-06-09,96.8862609863,161.259994507,102.085075378,293.397125244,95.912902832,33.3564605713,66.6533889771,33.5752296448
2020-06-10,97.2831420898,163.570007324,102.848648071,291.760070801,96.6488800049,33.2985534668,64.9587402344,33.7415771484
2020-06-11,97.117767334,162.38999939,103.213447571,274.940338135,96.6805496216,31.4702301025,60.7885093689,32.0199775696
2020-06-12,97.2169418335,162.619995117,102.984382629,278.232971191,96.419380188,32.0079650879,62.9673423767,32.751865387
2020-06-15,97.5394515991,162.330001831,102.899520874,280.830413818,96.4589767456,32.1072502136,63.8576202393,32.6187973022
2020-06-16,97.3492279053,162.25,102.687431335,286.235778809,96.4114456177,32.5374450684,65.1149520874,32.7435417175
2020-06-17,97.2665939331,162.559997559,102.848648071,285.04675293,96.3481140137,32.6119003296,64.1699829102,33.0429611206
2020-06-18,97.3657989502,162.240005493,103.077659607,285.156494141,96.7834472656,32.4629821777,63.4671325684,33.0512657166
2020-06-19,97.3988571167,164.029998779,103.111610413,283.526885986,96.9733886719,32.3140830994,62.5456199646,33.1094932556
2020-06-22,97.3740768433,165.089996338,103.018302917,285.345794678,97.2187347412,32.6865844727,62.4831771851,33.4686508179
2020-06-23,97.3575210571,166.479995728,102.984382629,286.659393311,97.2740936279,32.8445854187,62.225440979,33.8027610779
2020-06-24,97.3410110474,165.899993896,103.179519653,279.347106934,97.1395874023,32.0380172729,60.4526939392,33.2932472229
2020-06-25,97.4567489624,165.800003052,103.196456909,282.341827393,97.2266387939,32.4620819092,61.2248306274,33.4352455139
2020-06-26,97.572479248,166.539993286,103.476394653,275.635772705,97.392829895,31.971496582,60.0497016907,33.0343208313
2020-06-29,97.6551818848,166.630004883,103.578186035,279.687042236,97.5036392212,32.2625236511,61.2090415955,33.2514801025
2020-06-30,97.7378463745,167.369995117,103.391586304,283.269714355,97.3453445435,32.2542152405,61.9346313477,33.0844345093
2020-07-01,97.7900466919,166.619995117,103.230247498,285.253814697,97.4086608887,32.3622932434,63.362121582,33.5271224976
2020-07-02,97.9060440063,166.979995728,103.357627869,286.824829102,97.677734375,32.6865844727,63.1807441711,34.3206062317
2020-07-06,97.8977584839,167.979995728,103.204750061,291.252624512,97.8676834106,33.2353820801,63.1491775513,35.8324241638
2020-07-07,98.0468444824,169.039993286,103.535964966,288.248718262,97.8914108276,32.7780570984,61.8951911926,35.2644462585
2020-07-08,98.0137023926,170.089996338,103.37461853,290.453460693,97.717300415,33.0441398621,61.8084487915,36.208278656
2020-07-09,98.2705307007,169.630004883,103.705757141,288.799926758,97.9705657959,32.6616401672,61.4219932556,36.233341217
2020-07-10,98.1545181274,169.190002441,103.501983643,291.748718262,97.8676834106,32.9692955017,61.6112747192,35.9827613831
2020-07-13,98.1462783813,169.399993896,103.612335205,289.222442627,98.0814056396,32.7946777344,60.8777923584,35.8073654175
2020-07-14,98.3036727905,170.190002441,103.603874207,292.970428467,98.0971984863,33.2520179749,61.3904304504,35.8240661621
2020-07-15,98.3119277954,170.339996338,103.569892883,295.662078857,98.041809082,33.6261901855,61.9898376465,35.8574790955
2020-07-16,98.3782119751,168.729995728,103.64630127,294.688201904,98.2396697998,33.4183273315,61.2484855652,35.3479690552
2020-07-17,98.4775619507,170.119995117,103.620849609,295.542633057,98.4216918945,33.5846176147,62.0450439453,35.5066719055
2020-07-20,98.5852966309,170.940002441,103.688789368,297.931060791,98.5562057495,33.7758598328,61.3036766052,36.0078201294
2020-07-21,98.6432952881,173,103.799171448,298.564880371,98.7778091431,33.9089050293,61.4535293579,36.2751045227
2020-07-22,98.7261047363,175.630004883,103.833114624,300.264404297,98.7778091431,34.0003738403,62.3920669556,36.149810791
2020-07-23,98.8421020508,177.179992676,103.935035706,296.681671143,98.8252716064,33.7176589966,62.1317863464,35.9076004028
2020-07-24,98.8089447021,178.699996948,103.884086609,294.770965576,98.8015594482,33.5513648987,61.6743659973,35.8157157898
2020-07-27,98.7426834106,182.229995728,103.722755432,296.920562744,98.8015594482,34.016998291,62.2579689026,36.316860199
2020-07-28,98.8089447021,183.75,103.96900177,295.037322998,98.9836044312,33.8590126038,63.4962005615,35.9242897034
2020-07-29,98.9249725342,185.130004883,104.104888916,298.665863037,99.2131118774,34.2165718079,64.7265472412,36.5590934753
2020-07-30,98.9994659424,183.759994507,104.249214172,297.600280762,99.3159942627,33.7592315674,64.3085250854,36.1330986023
2020-07-31,99.0408935547,185.429992676,104.274688721,299.952026367,99.6088180542,33.1023483276,64.1902389526,35.9242897034
2020-08-03,99.0799026489,185.63999939,104.22366333,302.037353516,99.7433700562,33.6760826111,63.3384590149,36.1999282837
2020-08-04,99.2707519531,189.589996338,104.580619812,303.203948975,99.9649505615,33.9421653748,64.2848739624,36.609210968
2020-08-05,99.0799026489,191.350006104,104.232177734,305.087158203,100.012443542,34.1251029968,63.961517334,36.9850692749
2020-08-06,99.2209701538,193.88999939,104.351165771,307.126525879,100.123214722,34.1999397278,64.0640411377,37.0351867676
2020-08-07,99.1047973633,190.809997559,104.130226135,307.347045898,99.8541641235,34.0585746765,64.9788970947,36.2834625244
2020-08-10,99.0135421753,190.149993896,104.019729614,308.265655518,99.7354202271,34.1916236877,65.0814208984,36.2751045227
2020-08-11,98.7396774292,179.940002441,103.662796021,305.721130371,99.5138549805,34.3329696655,64.1429138184,36.1414642334
2020-08-12,98.5405197144,179.100006104,103.356903076,309.983520508,99.5771636963,35.0148124695,64.7896347046,36.5841445923
2020-08-13,98.1753997803,183.330001831,103.14440918,309.423156738,99.3239059448,34.865146637,63.9930839539,36.4421615601
2020-08-14,98.0841217041,182.539993286,103.195381165,309.432312012,99.1577301025,34.6489562988,64.0009384155,36.4922714233
2020-08-17,98.2169113159,186.5,103.365356445,310.415252686,99.3713760376,34.9150276184,64.5214767456,36.8848381042
2020-08-18,98.3579788208,188.179992676,103.543838501,311.085906982,99.8145828247,34.9067153931,64.2138977051,37.0184783936
2020-08-19,98.2085876465,182.240005493,103.407867432,309.790618896,99.5138549805,34.715461731,63.0860786438,36.5925064087
2020-08-20,98.3828659058,183.5,103.705307007,310.755218506,99.4188995361,34.6073684692,63.6855049133,36.4922714233
2020-08-21,98.4824142456,182.029998779,103.781768799,311.857574463,99.7591705322,34.4244422913,63.7880172729,36.7261390686
2020-08-24,98.4409255981,181,103.637313843,315.017608643,99.9570388794,34.8401832581,64.1981201172,37.0936584473
2020-08-25,98.233505249,181.220001221,103.390892029,316.119934082,99.9253768921,34.9150276184,64.3637619019,37.4361190796
2020-08-26,98.2169113159,183.36000061,103.348335266,319.289306641,100.123214722,35.1728019714,63.7722206116,37.4695205688
2020-08-27,97.8766937256,181.240005493,102.982902527,319.987457275,99.7275390625,34.8152503967,64.7107543945,37.2523422241
2020-08-28,98.0094299316,184.38999939,103.152885437,322.054412842,100.04410553,35.056388855,65.1366424561,37.7033920288
2020-08-31,98.2252120972,184.830001831,103.263404846,320.887664795,100.495223999,34.8152503967,64.4741516113,36.9098930359
2020-09-01,98.428855896,185.050003052,103.601860046,323.91003418,100.550636292,34.865146637,64.5214767456,37.6532745361
2020-09-02,98.6283340454,182.619995117,103.746437073,328.595031738,100.590194702,35.2892112732,65.7202758789,37.5530433655
2020-09-03,98.6532516479,181.13999939,103.882514954,317.286651611,100.241973877,34.4909667969,64.9315948486,36.8931846619
2020-09-04,98.1628265381,181.63999939,103.304199219,314.696075439,99.9332962036,34.5574836731,64.5924758911,36.8263778687
2020-09-08,98.2709197998,181.289993286,103.52532959,306.097747803,100.028289795,34.1334190369,63.8037872314,36.1414642334
2020-09-09,98.2625808716,183.050003052,103.474311829,312.142303467,100.08367157,34.7237854004,64.4347229004,36.609210968
2020-09-10,98.2709197998,182.460006714,103.601860046,306.722351074,100.17074585,34.3412895203,63.6460456848,36.0579376221
2020-09-11,98.3872833252,182.449996948,103.763473511,306.878509521,100.115341187,34.6572685242,63.2911491394,36.3252258301
2020-09-14,98.3955841064,183.88999939,103.669921875,310.920440674,100.052001953,34.890083313,64.8369598389,36.9266014099
2020-09-15,98.4039306641,183.449996948,103.618873596,312.491363525,100.123214722,35.1062698364,65.6177368164,37.3442230225
2020-09-16,98.3540039062,183.970001221,103.55934906,311.251220703,100.123214722,35.1062698364,65.9647598267,37.2105865479
2020-09-17,98.3789901733,182.960006714,103.593330383,308.513702393,100.178619385,35.1561660767,64.6792373657,37.1437721252
2020-09-18,98.2625808716,183.199996948,103.499816895,304.961883545,100.091567993,34.9067153931,63.2201728821,36.8514251709
2020-09-21,98.2792358398,179.520004272,103.686920166,301.567779541,99.9095687866,34.0549354553,61.3194541931,36.5444374084
2020-09-22,98.3540039062,178.649993896,103.686920166,304.639068604,99.9412384033,34.0465621948,62.052936554,36.2239494324
2020-09-23,98.1462478638,174.789993286,103.686920166,297.57421875,99.8383331299,33.6954841614,60.1837615967,35.6588592529
2020-09-24,98.1545257568,175.440002441,103.737930298,298.367431641,99.9095687866,33.6453285217,60.5071220398,35.5576629639
2020-09-25,98.1878051758,174.940002441,103.822975159,303.191070557,100.04410553,33.7707214355,61.7549514771,35.5492248535
2020-09-28,98.2709197998,176.699996948,103.805969238,308.226867676,100.249855042,34.3224220276,63.018661499,35.9034500122
2020-09-29,98.2875289917,178.190002441,103.882514954,306.548339844,100.416053772,34.2722663879,62.5656394958,35.8865776062
2020-09-30,98.1296005249,177.119995117,103.601860046,308.872467041,100.115341187,34.1886749268,62.7563743591,36.4685287476
2020-10-01,98.2644729614,178.699996948,103.660583496,310.85546875,100.097084045,34.389289856,64.0121459961,36.7890167236
2020-10-02,98.1645736694,178.539993286,103.55846405,307.90411377,100.112945557,34.3140563965,65.1168899536,36.3841819763
2020-10-05,97.8482055664,179.410003662,102.903182983,313.364105225,99.8112335205,34.8490371704,65.4904327393,36.8564910889
2020-10-06,97.9314651489,177.300003052,103.141456604,308.909393311,99.8270950317,34.4895935059,65.0612564087,36.966129303
2020-10-07,97.8648605347,177.220001221,102.843597412,314.286499023,99.8191452026,34.8156051636,65.1566467285,37.3119239807
2020-10-08,97.9897232056,177.850006104,103.030853271,317.071868896,100.216156006,35.0747337341,66.2454986572,37.5902481079
2020-10-09,98.0147247314,181.080001831,102.979782104,319.903320312,100.247932434,35.3087844849,65.9832077026,37.8517036438
2020-10-12,98.2062072754,180.559997559,103.090408325,325.049743652,100.31149292,35.4843292236,66.293182373,38.2228012085
2020-10-13,98.2311782837,177.720001221,103.32019043,322.928497314,100.31149292,35.0914535522,65.1566467285,38.0541152954
2020-10-14,98.2894744873,178.270004272,103.354232788,320.899353027,100.31149292,35.0162277222,64.3618469238,37.8854446411
2020-10-15,98.2062072754,178.919998169,103.243598938,320.502807617,100.279693604,34.631690979,64.6956481934,37.5818138123
2020-10-16,98.1562576294,178.300003052,103.184036255,320.309112549,100.319404602,34.7403755188,64.2346878052,37.733631134
2020-10-19,98.0396957397,178.38999939,103.013816833,315.439300537,100.08115387,34.5899085999,63.2332420349,37.6155471802
2020-10-20,97.9564208984,179.25,102.792579651,316.702911377,99.9938430786,34.7821617126,63.6862792969,37.9950790405
2020-10-21,97.8398513794,180.600006104,102.6563797,316.103424072,99.9620742798,34.6651496887,63.4955329895,38.0709877014
2020-10-22,97.6650085449,178.830001831,102.298995972,317.837310791,99.8112335205,34.6985778809,63.487575531,38.0794219971
2020-10-23,97.8065719604,178.63999939,102.443649292,318.916473389,99.9302902222,34.8908309937,63.8690834045,38.2565193176
2020-10-26,97.9397506714,178.550003052,102.71598053,313.022918701,100.00969696,34.238822937,62.955078125,37.7589263916
2020-10-27,98.1645736694,179.020004272,102.945724487,311.943725586,100.208221436,33.9796943665,61.945690155,37.8938674927
2020-10-28,98.0230560303,176.130004883,102.937194824,301.281890869,100.08115387,32.9849662781,60.4673919678,36.9492645264
2020-10-29,97.8482055664,175.399993896,102.503204346,304.343963623,99.7397232056,33.1437797546,61.2780647278,37.3372306824
2020-10-30,97.581741333,176.199996948,102.171302795,301.171173096,99.438041687,32.976600647,60.8727226257,36.9492645264
2020-11-02,97.7585449219,177.910003662,102.346755981,304.546905518,99.8026199341,33.3778343201,62.3272018433,37.4215698242
2020-11-03,97.7168731689,178.919998169,102.116821289,309.923919678,99.7230072021,34.2304649353,63.5273208618,37.5227737427
2020-11-04,98.3673553467,178.820007324,102.976882935,316.850402832,99.8901824951,34.5815505981,63.6385765076,38.7288322449
2020-11-05,98.4591217041,182.929992676,102.959831238,323.029907227,99.9697723389,35.4174499512,63.9406166077,39.3866767883
2020-11-06,98.2422790527,183.190002441,102.610725403,322.95614624,99.5160293579,35.4926872253,63.5034637451,39.5300636292
2020-11-09,97.7835693359,175.080001831,101.852859497,327.014404297,99.2294311523,36.4623451233,65.7527389526,39.8252601624
2020-11-10,97.6251296997,175.660003662,101.563316345,326.534667969,99.3249740601,36.7298316956,66.7144165039,39.3782463074
2020-11-11,97.6834716797,174.899993896,101.725097656,328.960449219,99.5000915527,37.0391197205,66.96875,39.5469284058
2020-11-12,98.0921554565,175.960006714,102.304153442,325.769195557,99.7787246704,36.5041313171,66.0944824219,39.2517433167
2020-11-13,98.1088180542,177.160003662,102.167938232,330.279327393,99.7707443237,37.0223922729,67.8589172363,39.7493476868
2020-11-16,98.1004638672,177.149993896,102.091300964,334.402008057,99.6354522705,37.4988670349,68.6219177246,40.2132225037
2020-11-17,98.3006362915,176.5,102.355247498,332.603515625,99.8026199341,37.4821510315,68.6854782104,40.1541862488
2020-11-18,98.3673553467,175.490005493,102.32119751,328.600769043,99.8344192505,37.2815284729,67.3502349854,40.0192375183
2020-11-19,98.5508575439,175.160003662,102.431884766,329.984100342,99.9379425049,37.5072288513,67.6125259399,40.1204338074
2020-11-20,98.6509094238,175.690002441,102.610725403,327.724487305,100.160842896,37.6326141357,67.246925354,40.3987579346
2020-11-23,98.6258926392,172.229995728,102.406356812,329.688995361,100.081214905,37.6576957703,67.3740844727,40.3903312683
2020-11-24,98.492477417,169.589996338,102.244514465,335.001586914,100.113059998,38.259552002,67.7317352295,40.9300994873
2020-11-25,98.4591217041,169.509994507,102.278633118,334.485015869,100.280250549,38.1843147278,67.7714767456,40.7445602417
2020-11-27,98.6258926392,167.789993286,102.585166931,335.416534424,100.527023315,38.4518089294,67.4694595337,41.1240768433
2020-11-30,98.7593307495,166.669998169,102.517066956,333.931671143,100.63848114,37.6911354065,66.7621002197,40.1120071411
2020-12-01,98.4468688965,170.179992676,101.971710205,337.584014893,100.409751892,38.5019607544,67.6204833984,40.9469680786
2020-12-02,98.3382720947,171.460006714,101.801315308,338.294158936,100.481498718,38.5604782104,67.0879516602,40.9300994873
2020-12-03,98.5053939819,172.809997559,102.073959351,338.201904297,100.760391235,38.6942214966,67.6522598267,41.3349304199
2020-12-04,98.2379989624,172.320007324,101.673454285,341.116546631,100.545219421,39.0703773499,68.6854782104,41.6132659912
2020-12-07,98.3884048462,174.88999939,101.988746643,340.415527344,100.808242798,38.7861671448,68.0894088745,41.6132659912
2020-12-08,98.396736145,175.5,102.091026306,341.411621094,100.975585938,38.878112793,67.8509521484,41.7313308716
2020-12-09,98.2547454834,172.5,101.946113586,338.349456787,100.848045349,38.9282646179,67.4297103882,41.2421646118
2020-12-10,98.4970016479,172.169998169,102.176200867,338.238800049,101.079154968,39.0118637085,67.1356506348,41.7988014221
2020-12-11,98.6055984497,172.490005493,102.380752563,337.842285156,101.071182251,38.878112793,67.0720672607,41.520488739
2020-12-14,98.5471343994,171.539993286,102.321075439,336.329650879,101.071182251,38.8864784241,66.7779922485,41.3686714172
2020-12-15,98.6055984497,173.940002441,102.218826294,340.876556396,101.254470825,39.3127822876,68.1450119019,41.7566261292
2020-12-16,98.563835144,174.899993896,102.133598328,341.411621094,101.246505737,39.4465255737,68.2245101929,41.9843444824
2020-12-17,98.5596618652,176.740005493,102.059432983,343.320739746,101.304695129,39.705657959,68.8841629028,42.3217201233
2020-12-18,98.5094833374,176.440002441,101.974143982,341.949859619,101.256858826,39.4716186523,67.5012588501,42.1952018738
2020-12-21,98.5094833374,175.880004883,102.042366028,340.727325439,101.240913391,39.0288658142,67.1197509766,41.6275520325
2020-12-22,98.6516647339,174.490005493,102.21295166,340.153015137,101.336585999,38.9023742676,67.5886764526,41.3220901489
2020-12-23,98.5847396851,175.649993896,101.999717712,340.458679199,101.384399414,39.3409042358,67.1515426636,41.74634552
2020-12-24,98.6767349243,176.350006104,102.144668579,341.783172607,101.424247742,39.4421043396,67.7394485474,41.5087585449
2020-12-28,98.6934585571,175.710006714,102.153236389,344.719451904,101.496002197,39.686668396,68.1432495117,41.5936164856
2020-12-29,98.7101745605,176.350006104,102.136169434,344.061706543,101.448173523,39.9986839294,67.5617980957,42.0433120728
2020-12-30,98.7687149048,177.699996948,102.204360962,344.552612305,101.527862549,40.0830154419,67.9332809448,42.6287879944
2020-12-31,98.8439865112,178.36000061,102.272567749,346.303253174,101.74306488,39.8131523132,68.5874176025,42.5184822083
2021-01-04,98.7185440063,182.330001831,102.298194885,341.588653564,101.854682922,40.040851593,66.3584823608,42.7136306763
2021-01-05,98.6182022095,182.869995117,102.059432983,343.941314697,101.822784424,40.4962501526,66.455406189,43.7063789368
2021-01-06,98.1331329346,179.899993896,101.462593079,345.997619629,101.519897461,40.9347801208,66.5684814453,43.2906150818
2021-01-07,98.0327301025,179.479995728,101.104469299,351.138275146,101.45614624,41.0528411865,66.4392471313,43.6300201416
2021-01-08,97.9157104492,173.339996338,100.814598083,353.138946533,101.057632446,41.4407653809,67.0853271484,44.5124664307
2021-01-11,97.7568054199,173,100.618476868,350.758422852,100.842414856,40.9010429382,66.1969909668,43.9948730469
2021-01-12,97.840423584,174.119995117,100.601470947,350.832550049,100.977920532,41.0950050354,66.350440979,44.4785194397
2021-01-13,98.1498794556,173.369995117,100.951034546,351.777374268,101.201065063,41.0191040039,67.1580047607,44.6227722168
2021-01-14,97.9575042725,173.279998779,100.72077179,350.545501709,101.248878479,41.3311386108,67.5537109375,45.0639877319
2021-01-15,98.0578765869,171.130004883,100.993652344,347.989074707,101.360481262,40.6649093628,68.328994751,44.5463905334
2021-01-19,98.1916809082,172.580001831,101.053367615,350.721435547,101.599571228,40.9516487122,68.1351699829,45.3524780273
2021-01-20,98.2000732422,175.38999939,101.09601593,355.574951172,101.751037598,41.2636642456,69.4353637695,46.141582489
2021-01-21,98.0578765869,175.279998779,100.951034546,355.899139404,101.998130798,41.3564300537,69.1042785645,46.1500587463
2021-01-22,98.0578765869,173.899993896,101.104469299,354.639434814,101.83870697,41.0697021484,69.2657623291,45.819152832
2021-01-25,98.3087997437,174.050003052,101.513755798,356.038085938,102.101753235,41.0444068909,69.7906951904,46.0482521057
2021-01-26,98.2752838135,173.619995117,101.479644775,355.482391357,101.950302124,41.0612640381,70.2833328247,45.7597618103
2021-01-27,98.2836761475,172.520004272,101.599014282,346.794189453,101.918434143,40.0998878479,69.0396575928,44.5972976685
2021-01-28,98.2167358398,172.679992676,101.334701538,349.776672363,102.117668152,40.4119110107,69.4111328125,44.8094367981
2021-01-29,98.1080474854,172.61000061,101.155639648,342.774291992,102.014030457,39.5264282227,68.611656189,43.8506317139
2021-02-01,98.2018890381,174.229995728,101.281906128,348.479949951,101.790878296,40.0830154419,70.1783447266,44.9621658325
2021-02-02,98.0510864258,172.11000061,101.025985718,353.407562256,101.942337036,40.5299835205,70.5982666016,45.6664237976
2021-02-03,97.9338226318,171.850006104,100.778549194,353.68536377,101.886550903,40.6396026611,70.4206085205,45.8361320496
2021-02-04,97.8919143677,168.149993896,100.744377136,357.705322266,101.814781189,40.6564712524,70.905166626,45.9039993286
2021-02-05,97.7662658691,169.809997559,100.531135559,359.113220215,101.790878296,40.9600601196,71.1555023193,46.2434082031
2021-02-08,97.8667755127,171.520004272,100.573760986,361.706665039,101.886550903,41.2215042114,71.5431289673,46.4809837341
2021-02-09,97.9086532593,172.080001831,100.65057373,361.46585083,101.942337036,41.4576301575,71.7934799194,46.9985694885
2021-02-10,98.0008163452,172.710006714,100.90650177,361.308410645,102.02999115,41.3648643494,72.1811218262,47.1003875732
2021-02-11,97.8835449219,171.210006714,100.829727173,361.891937256,101.910423279,41.6347351074,72.334564209,47.5925331116
2021-02-12,97.6574020386,170.690002441,100.496994019,363.679595947,101.74306488,41.8286933899,72.3507232666,47.6773757935
2021-02-16,97.1966247559,168.240005493,99.7717437744,363.364654541,101.248878479,42.0816955566,71.7934799194,47.813129425
2021-02-17,97.3893280029,166.330001831,99.840057373,363.447937012,101.209030151,41.8202629089,71.7046661377,47.9319381714
2021-02-18,97.339050293,166.320007324,99.8315048218,361.901184082,100.786598206,41.5504074097,71.3977813721,47.3125152588
2021-02-19,97.0375061035,167.009994507,99.4305038452,361.262115479,100.356193542,41.7443618774,71.8096618652,47.5670700073
2021-02-22,96.7359085083,169.509994507,99.268371582,358.483306885,100.348213196,41.6178588867,72.4072341919,46.2179489136
2021-02-23,96.7610168457,169.119995117,99.3452148438,358.918670654,100.372138977,41.6347351074,72.8594894409,46.4809837341
2021-02-24,96.7275619507,169,99.2086868286,362.873718262,100.292442322,41.7865219116,73.4167098999,46.1840133667
2021-02-25,95.8395767212,165.820007324,97.8862457275,354.1300354,99.064994812,41.0781364441,72.0115203857,45.1827774048
2021-02-26,96.6186141968,161.809997559,98.7649688721,352.305358887,100.292442322,40.4878082275,70.9616851807,44.5379142761
2021-03-01,96.5682983398,161.529998779,98.654045105,360.845214844,99.9576873779,41.2720985413,71.2766265869,45.7597618103
2021-03-02,96.5850753784,162.410003662,98.8332748413,358.029541016,100.364173889,41.2552337646,70.5902099609,45.3270187378
2021-03-03,96.2326660156,160.619995117,98.3040084839,353.28717041,100.109138489,41.0022468567,70.186416626,45.2930831909
2021-03-04,95.9557723999,159.039993286,97.8173904419,348.915252686,99.7265701294,40.5890159607,69.3869171143,44.3173065186
2021-03-05,95.8886566162,159.13999939,97.6808013916,355.334136963,99.8301696777,40.9179115295,70.1460342407,44.6312408447
2021-03-08,95.5110778809,157.490005493,97.2966461182,353.565032959,99.2801971436,40.7155151367,70.7517166138,43.4687995911
2021-03-09,95.8719024658,160.839996338,97.7576065063,358.612976074,99.9018859863,41.238368988,71.2201080322,44.4106369019
2021-03-10,96.031288147,161.660003662,97.9625167847,360.845214844,100.356193542,41.415473938,71.9307785034,44.334274292
2021-03-11,96.0228652954,161.520004272,97.9283828735,364.503875732,100.443901062,41.7190666199,72.7706375122,45.6664237976
2021-03-12,95.4774703979,161.490005493,97.2198104858,364.994842529,99.6548156738,41.8202629089,73.9900894165,44.8603401184
2021-03-15,95.5782012939,162.199996948,97.3393173218,367.171539307,99.9497070312,41.9214553833,75.088394165,44.8348922729
2021-03-16,95.5446090698,162.350006104,97.3222503662,366.708404541,100.156936646,41.9889297485,74.7815322876,45.0300369263
2021-03-17,95.5362319946,163.509994507,97.1600646973,367.958862305,100.069282532,42.2081871033,74.8461227417,45.0639877319
2021-03-18,95.1670761108,162.559997559,96.5539016724,362.605102539,99.3599243164,41.8033866882,74.0870056152,44.3682136536
2021-03-19,95.2425689697,163.240005493,96.4941635132,361.934234619,99.5511779785,41.9467582703,73.077545166,44.8094367981
2021-03-22,95.4271469116,163,96.810005188,364.82421875,100.029418945,41.9645500183,73.5943527222,44.7142829895
2021-03-23,95.670501709,161.809997559,97.2880935669,361.952667236,100.236633301,41.3291053772,73.4893875122,43.9836387634
2021-03-24,95.7879562378,162.369995117,97.4161148071,360.112792969,100.499679565,41.1511764526,73.077545166,42.9556159973
2021-03-25,95.7376098633,161.779998779,97.2880935669,362.138671875,100.427932739,41.4138374329,73.8215942383,43.0235900879
2021-03-26,95.5782012939,162.240005493,96.963684082,367.974517822,100.451843262,41.9814910889,75.4136886597,44.094078064
2021-03-29,95.4187545776,160.309997559,96.6307525635,367.788574219,100.180854797,41.7781562805,74.9750595093,43.8476905823
2021-03-30,95.4942855835,157.570007324,96.5453872681,366.812835693,100.005500793,41.7273178101,75.0725402832,44.0261154175
2021-03-31,95.5110778809,159.960006714,96.408782959,368.299743652,100.029418945,41.6087112427,74.6176528931,44.2215156555
2021-04-01,95.8320999146,161.979995728,96.8359222412,372.277008057,100.31703949,42.1509513855,75.9741821289,44.6208305359
2021-04-05,95.6387939453,161.919998169,96.5625457764,377.620330811,100.029418945,42.7863883972,76.2666397095,44.7142829895
2021-04-06,95.9749298096,163.220001221,97.032371521,377.39730835,100.085327148,42.413608551,76.4615707397,44.9266815186
2021-04-07,95.8236618042,162.759994507,96.9726028442,377.834136963,100.149253845,42.4898529053,76.5184249878,44.2724838257
2021-04-08,96.0589904785,164.509994507,97.3057098389,379.627624512,100.372970581,42.7355461121,76.2341308594,44.7312698364
2021-04-09,95.9497375488,163.270004272,97.0494613647,382.387542725,100.157272339,42.837223053,76.1447753906,44.3489570618
2021-04-12,95.9245071411,162.279998779,96.9896774292,382.526947021,100.173240662,42.6084594727,76.5915298462,44.0600967407
2021-04-13,96.2018203735,163.429992676,97.3911514282,383.660736084,100.540756226,42.8965263367,76.9733123779,44.0685958862
2021-04-14,96.1262054443,162.720001221,97.2715377808,382.350402832,100.540756226,42.9388961792,76.5671844482,44.306476593
2021-04-15,96.5043640137,165.350006104,97.8951263428,386.457702637,101.084030151,43.269317627,77.9074707031,44.6972885132
2021-04-16,96.2522506714,166.350006104,97.6303329468,387.749542236,101.052078247,43.5235061646,78.0780563354,44.8417243958
2021-04-19,96.1766052246,165.88999939,97.5278396606,385.844451904,100.876319885,43.3964195251,78.2323760986,44.7482643127
2021-04-20,96.32787323,166.479995728,97.8182907104,383.019470215,100.940223694,42.6762466431,78.8740921021,44.4084243774
2021-04-21,96.4203033447,168.130004883,97.8695068359,386.643707275,101.036094666,43.0659942627,79.3939590454,44.7567710876
2021-04-22,96.4455184937,167.039993286,97.9464111328,383.112304688,101.155937195,42.888053894,78.963432312,44.6803016663
2021-04-23,96.4287261963,166.399993896,97.8182907104,387.266265869,101.203903198,43.3794670105,79.4264602661,45.292011261
2021-04-26,96.3447036743,166.839996338,97.7157745361,388.074768066,101.259819031,43.4472389221,79.6620178223,45.351474762
2021-04-27,96.1093673706,166.419998169,97.3313827515,387.991027832,101.251838684,43.3116912842,79.6539154053,45.4194450378
2021-04-28,96.1598129272,166.910003662,97.4594650269,387.879577637,101.571395874,43.4303016663,79.4832992554,45.7847709656
2021-04-29,96.1093673706,166.220001221,97.2886352539,390.351501465,101.523468018,43.47265625,80.1656570435,45.6828155518
2021-04-30,96.2102432251,165.660003662,97.3740539551,387.786682129,101.459564209,42.8795928955,80.4824447632,45.0116386414
2021-05-03,96.2716674805,167.809997559,97.539894104,388.623016357,101.712257385,43.3286361694,80.3280944824,44.9946479797
2021-05-04,96.389503479,166.580001831,97.6681213379,386.22543335,101.944900513,42.8033370972,79.8082351685,44.4424133301
2021-05-05,96.4652099609,167.270004272,97.7877807617,386.346252441,102.402122498,43.3116912842,78.4841842651,44.6123313904
2021-05-06,96.482093811,170.059997559,97.8305282593,389.43145752,102.281829834,43.6675376892,78.9228363037,45.0541229248
2021-05-07,96.4567871094,171.589996338,97.8647460938,392.265808105,102.498413086,44.1758880615,79.962562561,45.4534339905
2021-05-10,96.3053283691,172.11000061,97.6681213379,388.381408691,102.546539307,43.9471244812,79.9381866455,44.6038246155
2021-05-11,96.0949249268,172.13999939,97.5057144165,384.915161133,102.273788452,43.4218292236,78.9309387207,44.4848937988
2021-05-12,95.7582855225,170.429992676,97.0355834961,376.737518311,102.097297668,42.6593017578,76.9326934814,43.3464279175
2021-05-13,95.9771118164,171.130004883,97.3603820801,381.263122559,102.12134552,42.9558372498,77.9318084717,43.2954559326
2021-05-14,96.1959457397,172.690002441,97.5741195679,387.117523193,102.482398987,43.6421127319,78.8578414917,44.0091133118
2021-05-17,96.1117477417,174.699996948,97.4800567627,386.132537842,102.682922363,43.5743331909,78.9390945435,44.0346069336
2021-05-18,95.993927002,175.039993286,97.4800567627,382.805755615,102.530487061,43.7268333435,78.955329895,44.6718025208
2021-05-19,95.8592758179,175.160003662,97.189414978,381.802124023,101.832580566,43.3371124268,78.7035140991,44.5528564453
2021-05-20,96.1875,175.960006714,97.5911941528,385.909484863,101.952888489,43.9386558533,79.5889205933,44.7142829895
2021-05-21,96.2295761108,176.039993286,97.6253738403,385.593566895,102.137420654,43.9301795959,79.5076751709,44.2385139465
2021-05-24,96.3221664429,176.350006104,97.7193832397,389.524353027,102.38609314,44.2013015747,80.4986724854,44.6548042297
2021-05-25,96.5578231812,177.949996948,98.0783996582,388.66015625,102.674919128,44.2013015747,80.474319458,45.122089386
2021-05-26,96.5241546631,177.63999939,97.9672851562,389.43145752,102.442253113,44.2013015747,80.8317337036,45.4534339905
2021-05-27,96.4063186646,177.710006714,97.7963638306,389.635894775,102.434234619,44.2860298157,80.6449050903,45.5383872986
2021-05-28,96.4063186646,178.380004883,97.7877807617,390.33291626,102.498413086,44.4131164551,81.1322784424,45.7762756348
2021-06-01,96.3616485596,177.899993896,97.7698287964,389.989013672,102.797607422,44.6503486633,82.5944137573,46.7363204956
2021-06-02,96.488067627,178.770004272,97.8810272217,390.602294922,102.66860199,44.7774391174,83.561050415,46.8467674255
2021-06-03,96.2604980469,175.270004272,97.6329803467,389.152648926,102.321800232,44.5402030945,83.2523803711,46.3200187683
2021-06-04,96.6566543579,177.160003662,98.171836853,392.711791992,102.813774109,44.9638404846,83.2929840088,46.7363204956
2021-06-07,96.5892181396,177.869995117,98.0948791504,392.330749512,102.587936401,45.0655021667,84.2758712769,46.549407959
2021-06-08,96.7661972046,177.320007324,98.3771591187,392.414428711,102.6927948,45.0400886536,84.9744338989,46.3540039062
2021-06-09,96.9600830078,176.979995728,98.6850814819,391.828948975,102.700828552,44.8621673584,85.0881652832,46.3200187683
2021-06-10,97.1623306274,177.740005493,99.0357513428,393.65032959,103.233146667,45.0061950684,85.6973876953,46.642868042
2021-06-11,97.1202011108,175.740005493,98.89037323,394.300842285,102.967010498,45.0824508667,85.3562240601,46.4389686584
2021-06-14,96.8757781982,174.710006714,98.5824356079,395.183685303,102.910552979,45.1502380371,85.6892776489,46.6258773804
2021-06-15,96.9179382324,174.050003052,98.5995559692,394.458862305,103.07988739,45.1587028503,84.7713775635,46.3115196228
2021-06-16,96.606048584,171.11000061,97.9237976074,392.256469727,102.144348145,44.8621673584,84.2190170288,45.6828155518
2021-06-17,96.9095001221,165.850006104,98.274520874,392.126312256,102.531463623,44.5317382812,84.1134109497,45.9462089539
2021-06-18,97.170791626,164.929992676,98.8304824829,386.836425781,102.57182312,43.6844825745,82.6837692261,45.5893554688
2021-06-21,96.9179382324,166.949996948,98.513999939,392.374328613,102.394371033,44.2857704163,84.3895874023,45.8114204407
2021-06-22,97.0190734863,166.25,98.6936264038,394.472015381,102.958930969,44.3284721375,83.950958252,45.6149902344
2021-06-23,96.9684906006,166.13999939,98.4968643188,393.996551514,102.983139038,44.0893287659,83.8047332764,45.8797416687
2021-06-24,97.0021972656,166.039993286,98.4797821045,396.327392578,102.78956604,44.4565925598,83.6239547729,46.2213668823
2021-06-25,96.8083572388,166.589996338,98.274520874,397.735137939,102.89440918,44.6017951965,84.1884231567,46.5971488953
2021-06-28,97.0865097046,166.580001831,98.5824356079,398.536956787,103.04763031,44.3113937378,83.9429779053,46.7081718445
2021-06-29,97.1370544434,164.830001831,98.6337585449,398.751373291,103.104095459,44.3028526306,83.7139434814,46.6740112305
2021-06-30,97.2044677734,165.630004883,98.7877349854,399.087005615,103.241203308,44.00390625,83.2721710205,46.3836326599
2021-07-01,97.1504745483,166.199996948,98.7166824341,401.296569824,103.341072083,44.1320304871,83.6321334839,46.1359596252
2021-07-02,97.3614883423,167.289993286,99.0761566162,404.364013672,103.779418945,44.2943115234,83.8857192993,46.0847091675
2021-07-06,97.6737747192,168.119995117,99.5982971191,403.627441406,104.047309875,44.0295410156,84.4992904663,45.2562789917
2021-07-07,97.8425598145,168.759994507,99.8893051147,405.053771973,103.974266052,44.1832771301,84.7937927246,45.2989845276
2021-07-08,97.9522247314,168.649993896,100.146118164,401.753448486,103.836257935,43.5426902771,84.5565567017,44.4363937378
2021-07-09,97.6315078735,169.210006714,99.6411056519,406.042144775,103.852478027,44.2943115234,85.9472885132,45.2477493286
2021-07-12,97.5724487305,169,99.5897521973,407.496429443,104.128517151,44.4565925598,86.6835632324,45.2733726501
2021-07-13,97.3614883423,169.220001221,99.2816085815,406.107330322,104.128517151,44.2089004517,85.4727935791,45.2989845276
2021-07-14,97.6906051636,171.039993286,99.7095947266,406.713287354,104.404510498,44.319934845,86.0700073242,45.5210380554
2021-07-15,97.9016342163,171.070007324,100.128974915,405.32421875,104.721130371,43.9612083435,86.2090835571,45.5637397766
2021-07-16,97.8172302246,169.410003662,100.111854553,402.145019531,104.721130371,43.6195640564,86.151802063,45.2562789917
2021-07-19,98.33203125,169.61000061,100.967842102,396.20614624,104.761703491,42.7654495239,84.5811080933,44.5901107788
2021-07-20,98.2391815186,169.38999939,100.839431763,401.883911133,104.745475769,43.149810791,86.5771942139,44.6242904663
2021-07-21,97.91847229,168.759994507,100.257385254,405.137756348,104.47756958,43.7733039856,86.5690383911,45.008605957
2021-07-22,98.1463699341,169.089996338,100.488502502,405.986175537,104.769821167,43.8330955505,85.8818435669,45.0769271851
2021-07-23,98.0788269043,168.559997559,100.334442139,410.162963867,105.240646362,44.0978660583,86.5935668945,44.3766059875
2021-07-26,97.994430542,168.160003662,100.265930176,411.169769287,105.695236206,44.1491241455,86.634475708,43.5311012268
2021-07-27,98.2223358154,168.440002441,100.69393158,409.29586792,105.670913696,43.986831665,87.1253204346,42.5916366577
2021-07-28,98.3151702881,169.289993286,100.779518127,409.128051758,106.028083801,44.1832771301,86.8226242065,43.7958488464
2021-07-29,98.1547927856,171.169998169,100.471382141,410.824859619,105.841384888,44.5163841248,86.8389968872,43.9495811462
2021-07-30,98.2898712158,169.820007324,100.753829956,408.829711914,106.003738403,44.225982666,86.9535217285,43.6506614685
2021-08-02,98.4985961914,169.61000061,101.195785522,407.972045898,106.042114258,44.4395103455,86.7653503418,44.0008201599
2021-08-03,98.5324478149,169.490005493,101.221504211,411.291015625,106.140136719,44.7555503845,86.871711731,44.1118545532
2021-08-04,98.523979187,169.529998779,101.195785522,409.267944336,105.935974121,44.6274185181,86.6017456055,44.2228775024
2021-08-05,98.3042297363,168.86000061,100.827507019,411.859771729,105.560279846,44.8580284119,87.6161804199,44.0862236023
2021-08-06,97.8647460938,164.63999939,100.236503601,412.540252686,105.32346344,44.6786613464,87.460723877,43.7873153687
2021-08-09,97.6872634888,161.720001221,100.022369385,412.204803467,105.135627747,44.6274185181,86.9944076538,43.9410514832
2021-08-10,97.5604629517,161.770004272,99.833946228,412.717498779,105.233596802,44.7213745117,86.1681671143,44.1033096313
2021-08-11,97.6534194946,164,99.9453201294,413.743041992,105.405143738,45.0032272339,86.6753768921,44.2655830383
2021-08-12,97.661895752,164.039993286,99.8424987793,414.982971191,105.32346344,44.9007339478,86.86353302,43.9752044678
2021-08-13,98.0168762207,166.38999939,100.416374207,415.73815918,105.592964172,45.1313514709,87.3380203247,43.889793396
2021-08-16,98.0675582886,167.220001221,100.639060974,416.717102051,105.699111938,44.8751106262,87.2316589355,43.5396347046
2021-08-17,97.9915237427,166.970001221,100.587669373,413.985443115,105.413291931,44.3797225952,87.1416702271,42.75390625
2021-08-18,97.9999771118,167.100006104,100.536270142,409.454315186,105.429626465,44.2686920166,86.3481445312,42.8051452637
2021-08-19,98.1689910889,166.61000061,100.758972168,410.088317871,105.470474243,43.7818489075,86.7653503418,42.1475296021
2021-08-20,98.1774520874,166.699996948,100.664756775,413.35144043,105.143814087,43.9270477295,87.1989440918,42.1475296021
2021-08-23,98.1774520874,168.729995728,100.690460205,416.987487793,105.388801575,44.3882637024,87.0353317261,42.75390625
2021-08-24,98.0337371826,168.649993896,100.416374207,417.64944458,105.388801575,44.6017951965,86.6508407593,43.7104492188
2021-08-25,97.8478393555,167.479995728,100.022369385,418.525817871,105.347961426,44.6359596252,86.5935668945,43.7531509399
2021-08-26,97.8562698364,167.669998169,100.022369385,416.055145264,105.364295959,44.3540992737,86.6262893677,43.394443512
2021-08-27,98.1267242432,170.190002441,100.347831726,419.775054932,106.156448364,44.8153305054,87.534362793,43.9410514832
2021-08-30,98.2366027832,169.350006104,100.544876099,421.621002197,106.140136719,44.8067817688,88.4097213745,44.069152832
2021-08-31,98.0929031372,169.690002441,100.356391907,420.996459961,105.829803467,44.8067817688,88.8269271851,44.6072044373
2021-09-01,98.1242599487,169.699996948,100.399253845,421.220123291,105.875823975,45.1996765137,90.2503814697,45.1452636719
2021-09-02,98.2258071899,169.25,100.519256592,422.516174316,105.916976929,45.4132080078,90.7248840332,44.9659080505
2021-09-03,98.0565338135,171.059997559,100.279273987,422.413513184,105.768951416,45.6352767944,90.7412185669,45.1708755493
2021-09-07,97.7941589355,167.710006714,99.8849945068,420.90322876,105.505805969,45.5242347717,89.7186279297,45.546661377
2021-09-08,97.9549407959,167.289993286,100.159294128,420.39050293,105.933395386,45.1911354065,90.1685791016,44.8719673157
2021-09-09,98.2681274414,168.029998779,100.442115784,418.591125488,106.492622375,45.1398887634,88.3360900879,44.9317359924
2021-09-10,98.0734558105,167.179992676,100.125030518,415.290710449,106.196548462,45.0117683411,87.0435256958,44.8634185791
2021-09-13,98.2004165649,167.740005493,100.244987488,416.35345459,106.196548462,45.3534088135,87.6325302124,45.008605957
2021-09-14,98.420463562,168.820007324,100.622138977,414.106628418,106.254142761,45.1569709778,87.4770965576,44.5901107788
2021-09-15,98.3273696899,167.830001831,100.450698853,417.565490723,106.311676025,45.3363418579,87.7552337646,44.5730400085
2021-09-16,98.1581115723,164.029998779,100.13356781,416.903625488,106.13899231,45.2082176208,87.8288726807,44.1118545532
2021-09-17,98.0734558105,163.770004272,99.8421936035,412.842529297,105.834739685,44.6445007324,87.0435256958,43.9410514832
2021-09-20,98.2596740723,164.940002441,100.347854614,405.958679199,105.933395386,43.7956848145,86.5117645264,42.745475769
2021-09-21,98.3019866943,166.039993286,100.287841797,405.575195312,105.859405518,44.1729240417,86.5526351929,43.0902709961
2021-09-22,98.3358383179,165.419998169,100.382148743,409.531585693,105.752487183,44.4130172729,87.3952789307,43.7108917236
2021-09-23,97.8533782959,163.509994507,99.4736175537,414.507324219,105.374221802,44.9531555176,87.2234954834,43.917766571
2021-09-24,97.68409729,163.300003052,99.1736221313,415.190124512,105.111068726,44.5416069031,86.2908477783,43.4350624084
2021-09-27,97.5486602783,163.63999939,98.9079360962,414.002319336,105.160415649,44.5416069031,85.1302185059,43.6677970886
2021-09-28,97.1424179077,162.050003052,98.5308074951,405.659423828,104.930145264,43.5556106567,84.5540161133,43.1592216492
2021-09-29,97.210144043,161.320007324,98.6336669922,406.342132568,104.987701416,43.418422699,85.1878356934,42.8144302368
2021-09-30,97.1932144165,164.220001221,98.75365448,401.375732422,105.004173279,43.2898178101,83.7802429199,43.107509613
2021-10-01,97.4898910522,164.589996338,99.1567840576,406.145721436,105.459648132,43.418422699,84.9655838013,43.1333732605
2021-10-04,97.4220733643,165.36000061,99.0366973877,400.908050537,105.451408386,43.0154571533,84.9820404053,42.5386047363
2021-10-05,97.1932067871,164.589996338,98.7279586792,405.079528809,105.558647156,43.264087677,84.3976135254,42.9437332153
2021-10-06,97.2355651855,165.029998779,98.75365448,406.763000488,105.500907898,42.9468612671,85.2042922974,42.7799530029
2021-10-07,96.9642868042,164.160003662,98.35912323,410.279754639,105.410163879,43.3069610596,85.4347839355,43.6160774231
2021-10-08,96.7523803711,164.229995728,98.1446838379,409.531585693,105.434890747,43.3155479431,84.6280899048,43.7798500061
2021-10-11,96.5997619629,163.919998169,97.9045715332,406.566619873,105.368865967,43.186920166,84.8421096802,43.6591758728
2021-10-12,96.9558258057,164.660003662,98.3505401611,405.565826416,105.566925049,43.1697883606,85.9533538818,43.5384941101
2021-10-13,97.1762237549,167.589996338,98.5392684937,407.024963379,106.045455933,43.6499252319,86.5789489746,44.1074066162
2021-10-14,97.36277771,168,98.770866394,413.871276855,106.251785278,44.1214981079,87.6325836182,44.1763648987
2021-10-15,97.1253738403,165.330001831,98.2819366455,417.023223877,106.078475952,44.4730186462,87.5667266846,44.6504516602
2021-10-18,97.0575790405,164.919998169,98.1446838379,418.258026123,105.855690002,44.3101234436,87.7889862061,44.5901145935
2021-10-19,96.7777862549,165.449996948,97.7930450439,421.484710693,105.59992981,44.6187667847,87.8301315308,45.0986747742
2021-10-20,96.7099838257,166.899993896,97.7501602173,423.140197754,105.789680481,44.773109436,89.2130432129,45.1073074341
2021-10-21,96.5065155029,166.75,97.4928588867,424.243804932,106.02897644,44.5501823425,89.3365097046,44.7452697754
2021-10-22,96.6930084229,167.770004272,97.7415924072,423.804290771,106.243530273,44.7559585571,89.7563323975,44.6332092285
2021-10-25,96.7862930298,168.929992676,97.8616714478,426.077026367,106.499313354,44.721660614,90.0444335938,44.7969856262
2021-10-26,96.9642868042,167.679992676,97.9817657471,426.460540771,106.87059021,44.8074073792,90.2913894653,44.4952850342
2021-10-27,97.2864379883,168.119995117,98.5306396484,424.57119751,107.373939514,44.5673217773,89.5258407593,44.2625656128
2021-10-28,97.210144043,168.080001831,98.2733535767,428.667877197,106.441558838,45.0217590332,90.7770233154,44.2194671631
2021-10-29,97.1847000122,166.649993896,98.3162384033,429.537597656,106.169250488,44.6873703003,89.7563323975,43.6677970886
2021-11-01,97.1252593994,167.520004272,98.3085327148,430.276519775,105.749687195,45.1074943542,90.2008209229,44.0901641846
2021-11-02,97.3205337524,167.160003662,98.5488433838,432.016174316,106.170913696,45.0046157837,90.6288528442,43.6246986389
2021-11-03,97.1252593994,165.770004272,98.2398376465,434.653747559,106.022239685,45.3132667542,90.9334182739,43.9436302185
2021-11-04,97.4479522705,167.649993896,98.7719955444,436.702056885,106.724243164,45.2789726257,90.0691223145,43.848815918
2021-11-05,97.8300018311,169.839996338,99.3127288818,438.217224121,107.095924377,45.3732833862,90.5300750732,43.8660545349
2021-11-08,97.6517181396,170.449996948,98.8835830688,438.591278076,107.451049805,45.3990097046,90.4560012817,44.3228988647
2021-11-09,97.9233932495,171.289993286,99.3384628296,437.141662598,108.07875824,45.2875518799,90.6123886108,44.2194671631
2021-11-10,97.2611465454,173.149993896,98.4887542725,433.624908447,107.748413086,44.713092804,90.1925964355,44.0987930298
2021-11-11,97.0828170776,174.119995117,98.1712112427,433.765167236,107.731895447,44.8674240112,90.3407516479,44.8573265076
2021-11-12,97.0658493042,174.449996948,98.3772277832,437.038818359,107.71534729,45.1760826111,90.2748947144,44.8918037415
2021-11-15,96.7092056274,174.179992676,97.9909515381,437.188415527,107.731895447,45.0989227295,90.9087295532,44.8056030273
2021-11-16,96.67527771,172.919998169,97.9051361084,438.918731689,107.57497406,44.9960289001,90.3078231812,44.7883682251
2021-11-17,96.904548645,174.5,98.2570114136,437.852478027,107.789680481,44.8845748901,90.5877151489,44.6245956421
2021-11-18,96.9894332886,173.940002441,98.3171081543,439.339569092,107.855773926,44.9188690186,90.6041564941,44.0901641846
2021-11-19,97.1762161255,172.61000061,98.5831832886,438.553955078,107.657531738,44.5759124756,90.0691223145,44.012588501
2021-11-22,96.7092056274,168.740005493,97.8622055054,437.319366455,106.790344238,44.3358383179,89.6246185303,43.5557365417
2021-11-23,96.3271484375,167.279998779,97.4588394165,437.899261475,106.377403259,44.2586708069,90.3489990234,43.5988311768
2021-11-24,96.5479125977,167.119995117,97.7592315674,439.068389893,106.707756042,44.027179718,91.4437713623,43.5471229553
2021-11-26,97.2356796265,166.850006104,99.0208892822,429.275726318,107.236343384,42.8268318176,88.9002380371,42.271396637
2021-11-29,97.2865753174,166.619995117,98.7977676392,434.541564941,106.988586426,43.0326080322,89.5587539673,42.3317260742
2021-11-30,97.4479522705,165.5,99.3899459839,426.086334229,107.087646484,42.6124725342,87.8630752563,42.4006919861
2021-12-01,97.4665985107,166.160003662,99.5772018433,421.353668213,106.753555298,42.3895492554,86.4143371582,42.3748283386
2021-12-02,97.4496002197,165.240005493,99.3625030518,427.807373047,107.067802429,42.9811515808,89.007232666,42.8747749329
2021-12-03,97.8407592773,166.630004883,99.9465560913,424.084838867,107.291145325,42.7668190002,88.7108917236,42.2800140381
2021-12-06,97.5006561279,166.220001221,99.4483642578,429.107452393,106.803153992,43.1783599854,90.2666702271,42.5558395386
2021-12-07,97.3475952148,166.809997559,99.0704345703,437.983398438,106.976821899,44.104347229,91.5672454834,43.1764755249
2021-12-08,97.0924911499,166.899993896,98.7526626587,439.143249512,106.794876099,44.164352417,92.2257843018,43.4350624084
2021-12-09,97.1010360718,165.880004883,99.0017166138,436.178283691,106.356521606,43.7785263062,90.8922729492,43.2195701599
2021-12-10,97.1265411377,166.580001831,99.0704345703,440.28427124,106.348228455,43.8385505676,91.1721420288,43.2971458435
2021-12-13,97.4665985107,167,99.5428771973,436.384063721,106.455780029,43.3927154541,92.0282211304,42.6334228516
2021-12-14,97.2795410156,165.440002441,99.3710784912,433.38180542,106.116645813,43.1697883606,90.8511199951,42.5386047363
2021-12-15,97.2030639648,166.149993896,99.2250442505,440.153320312,106.207626343,43.7013702393,92.126991272,42.3834457397
2021-12-16,97.3366851807,168.160003662,99.5139312744,436.271850586,106.428955078,43.7099342346,92.0940628052,42.4955101013
2021-12-17,97.4558334351,167.800003052,99.7374267578,431.628631592,106.437309265,43.2040748596,91.9788284302,42.2024345398
2021-12-20,97.3111572266,167.089996338,99.651473999,427.039001465,106.379081726,42.9942359924,91.2626800537,41.617477417
2021-12-21,97.2345275879,167.020004272,99.2559814453,434.622741699,106.612068176,43.5340652466,92.2916259766,42.322555542
2021-12-22,97.3196792603,168.589996338,99.3505859375,438.968383789,106.953292847,43.9781112671,93.2382278442,42.5575866699
2021-12-23,97.2005004883,168.970001221,99.1442337036,441.699676514,106.711959839,44.2480278015,93.139465332,42.8100280762
2021-12-27,97.2515945435,169.369995117,99.1786499023,447.950744629,107.069801331,44.5875854492,94.7206268311,42.949306488
2021-12-28,97.2089767456,168.63999939,99.1614151001,447.584625244,107.003204346,44.5875854492,95.0696258545,42.8013191223
2021-12-29,96.9196090698,168.589996338,98.6542129517,448.157226562,107.094749451,44.5788841248,95.7093887329,42.618522644
2021-12-30,97.1323928833,169.800003052,98.9808959961,446.918304443,107.652328491,44.474407196,96.1248321533,43.1669197083
2021-12-31,97.0983428955,170.960006714,98.869140625,445.791931152,107.519187927,44.4569892883,96.3907165527,43.053768158
2022-01-03,96.4344940186,168.330001831,97.9492034912,448.373046875,106.903358459,44.7269020081,95.6346130371,43.3584289551
2022-01-04,96.4259567261,169.570007324,97.8976211548,448.222869873,106.495567322,44.8923225403,95.5183029175,43.184337616
2022-01-05,96.1280441284,169.059997559,97.4849624634,439.616027832,105.630081177,44.5005149841,92.7846984863,42.5401802063
2022-01-06,96.0259017944,166.990005493,97.2442550659,439.203063965,105.17237854,44.2567329407,92.867767334,42.7839126587
2022-01-07,95.7450485229,167.75,96.9261169434,437.466644287,105.047569275,44.4395713806,92.2529220581,43.0015335083
2022-01-10,95.6599197388,168.259994507,96.9003295898,436.922241211,105.180732727,44.0303573608,91.7211532593,43.0885772705
2022-01-11,95.8386459351,170.289993286,97.1324615479,440.901855469,105.913040161,44.5527687073,91.862411499,43.9242324829
2022-01-12,95.8386459351,170.740005493,97.1496505737,442.09387207,105.230636597,45.0316314697,91.9704208374,44.5945053101
2022-01-13,96.0089111328,170.160003662,97.4591827393,436.002471924,105.255622864,44.7094802856,91.7876205444,44.0374031067
2022-01-14,95.472694397,169.669998169,96.7885742188,436.180786133,104.781265259,44.6049995422,90.9567260742,44.1244468689
2022-01-18,94.8939056396,169.38999939,96.0578155518,428.456176758,104.281929016,43.9519958496,90.0012283325,43.4715843201
2022-01-19,95.0981750488,172.080001831,96.2899398804,424.007293701,104.065589905,43.9432945251,88.7881317139,43.6456871033
2022-01-20,95.149230957,171.649993896,96.4962539673,419.314453125,104.190414429,43.6646690369,87.6498260498,43.9155387878
2022-01-21,95.5237350464,171.089996338,97.0550994873,411.082977295,104.839508057,43.0638923645,87.433807373,43.227848053
2022-01-24,95.4131088257,172.029998779,96.9691238403,412.828674316,105.080841064,42.5850257874,87.5999832153,42.653339386
2022-01-25,95.3194656372,172.580001831,96.8401565552,407.788482666,104.897781372,42.3586502075,87.2509994507,42.6446342468
2022-01-26,94.7832717896,169.789993286,96.1523666382,406.765411377,104.232025146,42.1583824158,85.8883590698,42.2006988525
2022-01-27,95.0981750488,167.600006104,96.5564422607,404.756896973,104.656440735,41.879776001,84.4675521851,41.826385498
2022-01-28,95.1662521362,167.100006104,96.7799682617,414.809143066,105.022590637,42.0713157654,87.2011642456,41.8960266113
2022-01-31,95.1577453613,168.089996338,96.7799682617,422.280334473,105.30556488,42.7417449951,88.2729797363,43.2365608215
2022-02-01,95.1245117188,168.229995728,96.6491470337,425.13369751,104.619949341,43.1683807373,87.9572601318,43.4889907837
2022-02-02,95.2267684937,168.839996338,96.8471221924,429.263427734,104.736877441,43.5166473389,89.0789413452,43.4106521606
2022-02-03,94.8432159424,168.600006104,96.4340362549,419.173583984,104.07711792,42.8201026917,88.1317443848,43.0450592041
2022-02-04,94.2465744019,168.86000061,95.6939468384,421.144622803,103.475860596,42.9332923889,87.2593078613,43.0711746216
2022-02-07,94.3318023682,170.11000061,95.7197723389,419.793029785,103.434120178,43.0116615295,87.1346969604,43.0711746216
2022-02-08,94.0419998169,170.630004883,95.4099884033,423.247070312,103.300498962,43.2206230164,86.7275466919,43.4628829956
2022-02-09,94.1016464233,171.210006714,95.5390625,429.441741943,103.500938416,43.9084625244,88.6884384155,44.1070327759
2022-02-10,93.2322387695,170.559997559,94.661277771,421.7265625,102.674171448,43.3947601318,86.5946044922,43.8632965088
2022-02-11,93.8459320068,173.809997559,95.6423110962,413.410705566,103.592781067,42.7939949036,85.8052520752,43.184337616
2022-02-14,93.3004455566,174.740005493,94.9796905518,412.059051514,103.317192078,42.5414886475,85.0242385864,42.8622627258
2022-02-15,93.1469726562,173.080001831,94.6957015991,418.704315186,102.891296387,43.2467422485,85.7886276245,43.837184906
2022-02-16,93.2578277588,174.86000061,94.8936080933,419.173583984,103.091720581,43.4295883179,86.1874694824,44.16796875
2022-02-17,93.4538650513,177.25,95.4013595581,410.219390869,103.325546265,42.7678642273,85.2734909058,43.5934562683
2022-02-18,93.6498947144,177.119995117,95.7111740112,407.563262939,103.667930603,42.5414886475,84.7583389282,43.2539634705
2022-02-22,93.5476226807,177.490005493,95.7025604248,403.18939209,103.98526001,42.097442627,84.4509277344,42.5837059021
2022-02-23,93.1299591064,178.289993286,95.2034378052,396.037384033,104.060432434,41.7056312561,83.0550460815,42.1919937134
2022-02-24,93.3004455566,177.13999939,95.4271697998,401.997314453,104.486335754,41.1658058167,84.4509277344,41.3389205933
2022-02-25,93.3941726685,176.550003052,95.4013595581,410.86706543,104.394462585,42.201915741,86.486579895,42.1049423218
2022-02-28,94.0675506592,178.380004883,96.4856948853,409.815826416,106.206596375,41.6098594666,85.19871521,41.6261825562
2022-03-01,94.5976333618,181.619995117,97.4253768921,403.574249268,106.967071533,40.7914161682,84.7500534058,41.0603675842
2022-03-02,93.4623565674,179.729995728,95.9611282349,410.998535156,106.272674561,41.2877082825,86.3370285034,41.1909408569
2022-03-03,93.7782058716,180.800003052,96.3745651245,408.952392578,106.147209167,40.6346931458,87.0432891846,40.6164283752
2022-03-04,94.1537780762,183.679992676,97.3306045532,405.629730225,106.958709717,39.5898780823,87.4421157837,39.8504066467
2022-03-07,93.6074905396,186.410003662,96.9171981812,393.672088623,107.535942078,38.4231681824,85.7138595581,38.4402313232
2022-03-08,93.2745285034,191.509994507,96.2884521484,390.687469482,108.054656982,38.6582603455,85.2984466553,38.6056251526
2022-03-09,93.0782470703,185.820007324,95.6940917969,401.162017822,106.983787537,40.1384162903,86.6112365723,39.5805549622
2022-03-10,92.5575332642,186.399993896,95.2548065186,399.35055542,106.749542236,39.6856575012,86.8272476196,38.9712257385
2022-03-11,92.5404510498,185.089996338,95.2289581299,394.272827148,107.502471924,39.3112640381,86.1376266479,38.1790885925
2022-03-14,91.6441574097,182.300003052,94.0231399536,391.391326904,106.314529419,39.5637550354,85.46459198,37.2650871277
2022-03-15,91.8490219116,178.88999939,93.9800567627,399.998199463,105.519744873,39.9120292664,86.0379104614,37.2476882935
2022-03-16,91.9172744751,180.009994507,93.8508071899,408.867919922,104.909042358,41.2615814209,87.0598983765,40.1463699341
2022-03-17,92.0709762573,180.88999939,93.669960022,413.983154297,106.339630127,41.6359863281,88.4059295654,39.8504066467
2022-03-18,92.2758331299,179.300003052,93.9456100464,418.517456055,106.013336182,41.9929580688,88.4059295654,40.4771575928
2022-03-21,91.3709945679,180.669998169,92.7225036621,418.395080566,105.076377869,41.7688140869,87.8658676147,39.9655723572
2022-03-22,91.1234664917,179.36000061,92.2143096924,423.290863037,104.591140747,42.1525802612,88.0901870728,40.5854034424
2022-03-23,91.4990310669,181.809997559,92.8344955444,417.839508057,105.904579163,41.6205329895,87.1018753052,40.3060455322
2022-03-24,91.2941894531,183.130004883,92.3176727295,424.138214111,105.252059937,41.951965332,87.6532516479,40.5504798889
2022-03-25,90.568572998,182.380004883,91.3702087402,426.209564209,104.532600403,42.0130195618,88.7476730347,40.2362098694
2022-03-28,90.7905273438,179.059997559,91.5769348145,429.241149902,104.415458679,41.8821907043,89.6917266846,40.3671531677
2022-03-29,91.2173614502,179.13999939,92.0334396362,434.551208496,104.039001465,42.7020454407,92.3233184814,40.9869728088
2022-03-30,91.4649047852,180.580001831,92.3952102661,431.867980957,104.549316406,42.5450592041,91.6549682617,40.9346008301
2022-03-31,91.422203064,180.649993896,92.5674438477,425.221008301,104.214668274,41.890914917,90.5354995728,40.2711181641
2022-04-01,91.2597732544,179.5,91.9646835327,426.426086426,103.640419006,42.257232666,92.2982711792,41.0393638611
2022-04-04,91.3367233276,180.369995117,91.9043426514,430.07913208,103.564659119,42.4403839111,91.8471221924,41.7552070618
2022-04-05,90.4134292603,179.240005493,90.8092269897,424.646636963,102.815292358,41.9345245361,91.3959884644,41.0218925476
2022-04-06,90.1826019287,179.660003662,90.4901657104,420.40045166,102.360641479,41.3937644958,92.4820556641,40.5679473877
2022-04-07,89.9860076904,180.339996338,90.2659606934,422.518829346,102.225891113,41.4373779297,91.563079834,40.2711181641
2022-04-08,89.5329208374,181.470001221,89.8089447021,421.389038086,102.411132812,41.428653717,91.7134552002,40.3496894836
2022-04-11,89.1481781006,182.369995117,89.3777999878,414.186553955,102.234298706,40.9925613403,90.727645874,39.8433570862
2022-04-12,89.4303207397,183.770004272,89.8089447021,412.651855469,102.225891113,40.7221870422,90.5939865112,39.6862182617
2022-04-13,89.6098403931,184.649993896,90.0072860718,417.378234863,102.032226562,41.2018966675,91.2372589111,40.1139831543
2022-04-14,88.8831863403,184.039993286,89.196723938,412.181152344,102.02381134,41.0012817383,90.8446044922,39.6774902344
2022-04-18,88.6096496582,184.61000061,88.9380111694,412.350646973,101.990135193,40.8268547058,90.4770126343,39.5116119385
2022-04-19,88.0710144043,181.820007324,88.3516616821,419.007049561,101.484962463,41.0100097656,92.4486236572,39.3108329773
2022-04-20,88.5754165649,182.710006714,89.0414886475,418.69631958,102.234298706,41.3152732849,93.9858093262,39.0576629639
2022-04-21,88.0881347656,182.059997559,88.5500106812,412.435333252,102.63848114,40.8268547058,93.3341751099,38.3505439758
2022-04-22,88.0026397705,180.289993286,88.5930786133,401.118469238,102.234298706,40.0767669678,91.6967391968,38.0450019836
2022-04-25,88.5924758911,177.050003052,89.1622314453,403.444000244,102.158554077,39.8412895203,91.4628143311,37.6521453857
2022-04-26,88.8660812378,177.320007324,89.7572250366,391.75994873,102.377433777,38.7597770691,89.9590454102,36.8926467896
2022-04-27,88.5070266724,175.979995728,89.2570953369,392.861480713,102.20905304,38.9342193604,89.3658905029,37.4077072144
2022-04-28,88.4728469849,176.929992676,89.1277542114,402.784973145,102.790031433,39.5447425842,91.0116958618,37.8965797424
2022-04-29,87.942779541,176.910003662,88.6534500122,387.899719238,101.939590454,39.0476074219,86.8345489502,37.9227752686
2022-05-02,87.4640655518,173.630004883,87.992980957,390.234649658,100.461425781,38.9167709351,84.7376174927,37.8442001343
2022-05-03,87.6610336304,174.089996338,88.0966033936,392.023529053,100.826278687,39.230758667,85.7902755737,38.1322898865
2022-05-04,88.226272583,175.800003052,88.6663970947,403.961761475,101.615470886,39.9023361206,86.7760696411,38.5076751709
2022-05-05,87.3527603149,175.130004883,87.7771682739,389.603851318,100.546279907,38.6289558411,84.4619064331,37.1108894348
2022-05-06,86.9844741821,175.419998169,87.2764129639,387.27835083,100.283241272,38.2800750732,83.4594116211,36.6045608521
2022-05-09,87.4126968384,172.880004883,87.9239196777,374.87878418,99.8928909302,37.0939178467,79.7835235596,35.6180686951
2022-05-10,87.6781692505,171.419998169,88.2174453735,375.744934082,99.4431381226,37.2770690918,78.3298797607,35.7664871216
2022-05-11,88.0035858154,172.820007324,88.761390686,369.775817871,100.648101807,37.0851860046,78.1627807617,35.5133171082
2022-05-12,88.1663360596,170.169998169,89.0549316406,369.389770508,100.21534729,36.9456443787,78.772644043,35.3387107849
2022-05-13,87.7894897461,168.789993286,88.5886993408,378.221038818,100.732948303,37.9835319519,80.8528671265,36.2117118835
2022-05-16,87.9864959717,170.399993896,88.9599609375,376.686431885,100.766914368,38.0358734131,80.3432540894,36.133140564
2022-05-17,87.5069046021,169.330001831,88.2865600586,384.434967041,100.257759094,38.7685012817,81.4376754761,36.962474823
2022-05-18,87.8580169678,169.419998169,88.9167785645,368.937835693,100.953598022,37.8439826965,79.0734024048,36.1593284607
2022-05-19,88.0806808472,171.910003662,89.2362213135,366.678161621,100.597183228,38.2364768982,78.7225265503,36.6831245422
2022-05-20,88.3461608887,172.029998779,89.6506195068,366.838317871,100.639595032,38.4545173645,79.2237930298,36.822807312
2022-05-23,88.0549697876,172.830001831,89.1067199707,373.701812744,100.283241272,39.1173782349,80.1427459717,37.0847053528
2022-05-24,88.731552124,174.130004883,89.8750991821,370.849090576,100.826278687,38.9778213501,80.8194656372,36.4212303162
2022-05-25,89.0998077393,173.080001831,90.0564117432,374.125518799,100.911140442,38.9603805542,81.5045089722,36.6220207214
2022-05-26,89.0313034058,172.759994507,90.0132446289,381.601074219,101.326934814,39.387752533,81.6047668457,37.1720046997
2022-05-27,89.1768875122,172.850006104,90.1427459717,390.969116211,101.649414062,39.8761749268,83.7935943604,37.5735778809
2022-05-31,88.6116638184,171.13999939,89.2016906738,388.775299072,100.928123474,39.6930198669,82.7659988403,38.0973739624
2022-06-01,88.2478637695,172.229995728,88.6994628906,385.630615234,100.513511658,39.3354301453,82.080947876,37.8442001343
2022-06-02,88.3594055176,174.350006104,88.8291244507,392.974487305,100.977050781,40.1639938354,83.2087936401,38.525138855
2022-06-03,88.2135620117,172.580001831,88.65625,386.525115967,101.560768127,39.5447425842,82.09765625,37.9227752686
2022-06-06,87.6730728149,171.820007324,87.9906234741,387.702087402,100.899780273,39.6930198669,81.8386688232,38.1322898865
2022-06-07,88.0076522827,172.940002441,88.3450393677,391.420928955,101.140136719,39.7889442444,82.9665222168,38.3243560791
2022-06-08,87.6473312378,172.779998779,88.0165252686,387.165374756,100.891212463,39.2918014526,81.0533752441,38.4640312195
2022-06-09,87.5529403687,172.229995728,87.9387435913,377.957458496,100.874061584,38.4719619751,79.1318740845,37.6346855164
2022-06-10,86.8751678467,174.539993286,87.0743026733,366.998321533,100.427642822,37.5823326111,77.3775024414,37.3378753662
2022-06-13,85.4509963989,169.929992676,85.5269927979,353.064056396,98.7365646362,36.3002204895,73.5094528198,36.1244087219
2022-06-14,84.944770813,168.570007324,84.844078064,352.000152588,97.3802566528,35.9688034058,72.9497146606,36.6482009888
2022-06-15,85.8885269165,170.770004272,86.0283355713,357.018371582,98.727973938,36.6054878235,74.6790390015,37.189453125
2022-06-16,86.0944519043,172.690002441,86.5902328491,345.202514648,98.4361114502,35.7245864868,72.7157745361,36.0283851624
2022-06-17,86.0858688354,171.270004272,86.6161651611,345.946716309,98.4876098633,35.6024780273,73.2671737671,36.1855201721
2022-06-21,85.74269104,170.630004883,86.1666641235,354.655456543,98.144241333,36.1503486633,74.2863922119,36.7624588013
2022-06-22,86.4719161987,171.309997559,87.2558441162,354.012390137,98.7108001709,35.8145599365,75.2304382324,36.1556167603
2022-06-23,86.8322982788,170.259994507,87.7486038208,357.482666016,99.0027008057,35.6820144653,76.6597137451,36.3315200806
2022-06-24,86.6949996948,170.089996338,87.4374008179,368.848419189,99.0970916748,36.7423934937,78.2907714844,37.1054573059
2022-06-27,86.3089447021,169.899993896,86.9446792603,367.439605713,98.3845901489,36.6716995239,78.1730499268,37.1318473816
2022-06-28,86.3432617188,169.619995117,87.0570449829,359.931671143,98.0412139893,36.4772987366,77.2230072021,36.8855895996
2022-06-29,86.8408508301,169.490005493,87.7572174072,359.638641357,97.8695526123,36.2563896179,76.7437744141,36.788848877
2022-06-30,87.235496521,168.460006714,88.4314804077,356.716766357,97.7837142944,36.053150177,76.6008529663,36.6305389404
2022-07-01,87.9626617432,168.320007324,89.3795013428,360.489562988,99.3581619263,36.1326751709,77.9796905518,36.4106712341
2022-07-05,88.1259384155,164.75,89.7084579468,361.170379639,99.082069397,35.355052948,77.7610778809,36.1204299927
2022-07-06,87.5329055786,162.13999939,88.9465789795,362.390197754,98.1848602295,35.355052948,77.6181640625,35.8741874695
2022-07-07,87.3352432251,162.229995728,88.4011764526,367.817779541,98.0295715332,35.9294319153,77.8283462524,36.6217384338
2022-07-08,87.008605957,162.300003052,87.8643798828,367.515167236,97.9260559082,36.017791748,77.4163818359,36.5338020325
2022-07-11,87.4125747681,161.429992676,88.5570068359,363.316894531,98.0813293457,35.4169197083,77.2482223511,35.6279258728
2022-07-12,87.5329055786,160.830001831,88.764793396,360.101806641,98.0468521118,35.3815727234,76.94556427,35.4960021973
2022-07-13,87.8508987427,161.600006104,89.1457519531,358.210693359,98.5558242798,35.3373908997,76.5756454468,35.3904685974
2022-07-14,87.5415039062,159.330001831,88.6522598267,357.340789795,98.3142776489,34.8160362244,75.8862228394,35.1529998779
2022-07-15,87.8852920532,159.009994507,88.9552536011,364.167816162,98.8836517334,35.3462104797,77.1725692749,35.2761306763
2022-07-18,87.6016387939,159.160003662,88.6955108643,361.160949707,98.7542495728,35.5671386719,76.6260757446,35.44323349
2022-07-19,87.4813232422,159.539993286,88.2886428833,370.919158936,98.6507263184,36.4861373901,78.6102676392,35.9445343018
2022-07-20,87.4211654663,158.039993286,88.2020568848,373.283111572,98.5644607544,36.3094024658,78.4252853394,35.7950286865
2022-07-21,88.1517333984,160.270004272,89.2063140869,377.084381104,99.1769638062,36.7158851624,79.0474472046,36.2347755432
2022-07-22,88.8393554688,160.669998169,90.2279052734,373.585754395,100.013801575,36.59217453,79.4594116211,35.8653907776
2022-07-25,88.5127716064,160.229995728,89.9075622559,374.039581299,99.8240127563,36.892616272,79.5939483643,36.0324935913
2022-07-26,88.4955673218,160.039993286,89.9422302246,369.614379883,99.8240127563,36.3889389038,79.6780090332,35.6894950867
2022-07-27,88.804977417,161.669998169,90.1239929199,379.211883545,100.462409973,37.2195625305,80.1572341919,36.3930778503
2022-07-28,89.4410095215,163.63999939,91.0157241821,383.968139648,101.489028931,37.4581565857,82.7551574707,36.5074081421
2022-07-29,89.4495773315,164.100006104,91.0503540039,389.565887451,101.998023987,37.9618377686,83.2007522583,36.3403167725
2022-08-01,89.7596282959,165.029998779,91.582862854,388.412261963,102.045066833,37.9618377686,82.5281524658,36.1204299927
2022-08-02,88.8382034302,164.050003052,90.3166427612,385.849853516,100.842803955,37.3697891235,81.4688110352,35.909362793
2022-08-03,89.2343139648,164.449996948,90.6895751953,391.891967773,101.374252319,37.6348838806,81.7294311523,36.1028518677
2022-08-04,89.4496307373,167.169998169,91.1492385864,391.627197266,101.356811523,37.8204498291,81.6033248901,36.4018745422
2022-08-05,88.4506835938,165.289993286,89.8309936523,390.965332031,100.337509155,37.5553627014,81.830329895,36.3930778503
2022-08-08,88.8554153442,166.690002441,90.3600311279,390.511444092,101.025772095,37.6702346802,82.5617828369,36.4722366333
2022-08-09,88.657333374,167.199996948,90.0911636353,388.960784912,100.738250732,37.4404830933,83.0157775879,36.3930778503
2022-08-10,88.8812179565,166.779998779,90.1432342529,397.130462646,100.56401825,38.3329849243,84.2769012451,36.8504066467
2022-08-11,88.4076080322,166.339996338,89.5447998047,397.130462646,100.224243164,38.3329849243,84.0751342773,37.026309967
2022-08-12,88.8037567139,167.869995117,89.9003829956,403.853485107,100.616294861,38.6510887146,85.5212249756,37.4132881165
2022-08-15,88.9156799316,165.710006714,90.1865463257,405.517608643,100.511756897,38.3771591187,85.8659210205,37.2725601196
2022-08-16,88.7865066528,165.419998169,90.0825271606,406.312011719,100.537879944,38.4125061035,85.6389160156,37.2901611328
2022-08-17,88.2612228394,164.350006104,89.4754180908,403.428039551,100.232955933,38.0855522156,85.1260757446,37.2021980286
2022-08-18,88.4506835938,163.919998169,89.6488723755,404.600494385,100.746955872,37.9618377686,84.5627822876,36.9647407532
2022-08-19,87.8306274414,162.720001221,88.8770141602,399.163452148,100.572738647,37.3963050842,83.671585083,36.5513916016
2022-08-22,87.4517593384,161.63999939,88.4867401123,390.851867676,100.381065369,36.7954101562,81.8471374512,36.2963371277
2022-08-23,87.4172897339,162.770004272,88.2699127197,389.906341553,100.546585083,36.8661079407,80.7961959839,36.5250053406
2022-08-24,87.1847686768,163.25,87.9750595093,391.154388428,100.529174805,36.9102973938,81.2586212158,36.5513916016
2022-08-25,87.6670074463,163.75,88.5387649536,396.676605225,100.842803955,37.3432884216,82.4692993164,37.2285881042
2022-08-26,87.5034103394,161.759994507,88.4347229004,383.249450684,100.694694519,36.3535881042,80.3926391602,36.7360801697
2022-08-29,87.0814208984,161.86000061,87.9316940308,380.715332031,100.302635193,36.2652206421,79.669593811,36.5601806641
2022-08-30,87.1933517456,160.509994507,87.9056777954,376.535888672,100.128387451,35.9647789001,78.5682220459,36.1204299927
2022-08-31,86.7283325195,159.270004272,87.5414276123,373.67086792,99.2397994995,35.7527008057,78.1982803345,36.1732063293
2022-09-01,86.35206604,157.869995117,86.8455123901,374.843353271,98.487991333,35.2755279541,78.3412094116,36.0061035156
2022-09-02,86.6023406982,159.259994507,87.3320159912,370.890838623,99.0703659058,35.0546150208,77.2482223511,35.715877533
2022-09-06,85.7911834717,158.330001831,86.3589782715,369.491394043,98.1262664795,34.9043998718,77.9460525513,35.4080619812
2022-09-07,86.3866119385,159.940002441,86.9236907959,376.129333496,98.5321273804,35.2048416138,79.4678039551,35.7070808411
2022-09-08,86.1104660034,158.979995728,86.6022338867,378.587738037,97.9850997925,35.2578582764,79.6864242554,35.6015357971
2022-09-09,86.1018600464,159.820007324,86.6109390259,384.469238281,98.0292053223,36.1680221558,80.5523834229,36.0764656067
2022-09-12,85.9724502563,160.630004883,86.4024276733,388.601409912,97.7379837036,36.6275253296,81.334274292,36.6305389404
2022-09-13,85.4891433716,158.539993286,85.9158706665,371.704040527,97.4468536377,35.3727340698,78.2235183716,35.4696159363
2022-09-14,85.6013336182,157.929992676,85.9593582153,373.122436523,97.6939239502,35.531791687,77.3322982788,35.6455230713
2022-09-15,85.3424758911,154.979995728,85.6639556885,368.886169434,97.199798584,35.1871566772,75.9030303955,35.3376998901
2022-09-16,85.2820739746,155.839996338,85.7334365845,366.072052002,96.7938919067,34.9574165344,75.9114532471,34.8891601562
2022-09-19,85.152633667,155.960006714,85.4901657104,368.910919189,96.3527069092,35.0903663635,75.8021392822,35.0308799744
2022-09-20,84.77293396,155.070007324,84.9601898193,364.676391602,96.2027130127,34.5053825378,73.9608917236,34.9060935974
2022-09-21,85.040473938,155.789993286,85.2990341187,358.315002441,96.3880233765,34.0622024536,72.7922515869,34.3267059326
2022-09-22,84.1343994141,155.699996948,84.0131912231,355.305236816,95.2939224243,33.9026679993,71.8674240112,34.2286529541
2022-09-23,83.8755264282,153.009994507,84.1174697876,349.352142334,94.8880310059,32.7947311401,70.9121856689,33.4442481995
2022-09-26,82.7968673706,151.229995728,82.718711853,345.896148682,93.3703842163,32.2717895508,68.9235076904,32.9807357788
2022-09-27,82.443069458,151.539993286,82.1539535522,345.013153076,92.8762512207,32.0767974854,68.0056610107,32.9629058838
2022-09-28,83.7719955444,154.690002441,84.0045318604,351.801727295,94.5174636841,32.7947311401,69.4164428711,33.2214126587
2022-09-29,83.3318862915,154.660003662,83.6135635376,344.452972412,93.1939239502,32.3870124817,67.3767776489,32.5706977844
2022-09-30,83.1333999634,154.669998169,83.3963470459,339.126556396,92.5586471558,32.2274780273,68.133140564,32.526134491
2022-10-03,83.8088302612,158.429992676,84.3861236572,348.079864502,93.749786377,32.9454078674,69.348449707,33.0252990723
2022-10-04,84.0336685181,160.699996948,84.5602493286,358.865722656,94.1203842163,34.2572059631,70.7507095337,33.9523353577
2022-10-05,83.5925979614,159.809997559,83.7593536377,358.030151367,93.3791885376,33.84948349,69.3654403687,34.0147132874
2022-10-06,83.2640075684,159.630004883,83.2980194092,354.33682251,93.0703964233,33.2822189331,67.4362716675,33.7740516663
2022-10-07,82.8229446411,157.880004883,82.8888549805,344.452972412,93.0968475342,32.7592773438,65.813041687,33.1055259705
2022-10-10,82.4510879517,155.479995728,82.4013748169,341.822906494,92.5674285889,32.5376853943,65.1926193237,32.6509246826
2022-10-11,82.5029754639,155.160003662,82.6102981567,339.658203125,93.0968475342,32.1565666199,65.8555297852,32.1428451538
2022-10-12,82.5721511841,155.990005493,82.8801651001,338.53793335,93.2821502686,32.0767974854,65.1671447754,32.1339263916
2022-10-13,82.3127059937,154.910003662,82.5319519043,347.472167969,93.1762466431,32.7415542603,66.3569488525,32.2587280273
2022-10-14,81.8629989624,152.979995728,82.0705947876,339.553741455,93.2556915283,32.1831588745,64.7082214355,31.7862930298
2022-10-17,82.0359573364,153.419998169,82.1576385498,348.27923584,93.5115585327,33.0340461731,67.1473236084,32.5974502563
2022-10-18,82.1743240356,153.75,82.3665466309,352.371520996,93.2645111084,33.2556304932,67.8781967163,32.6063537598
2022-10-19,81.4652023315,151.690002441,81.504776001,349.874359131,92.7880172729,32.8745002747,66.1869735718,32.0358772278
2022-10-20,80.9722595215,151.449996948,80.8954391479,346.940551758,92.6997833252,32.7858734131,65.8980178833,32.2854652405
2022-10-21,81.0933074951,154.149993896,81.0782394409,355.371643066,92.9380264282,33.3974533081,66.4164352417,32.7578887939
2022-10-24,80.9809112549,153.649993896,80.9737854004,359.720184326,93.1586151123,33.3442687988,66.4079284668,31.4832305908
2022-10-25,81.7765350342,154,81.9835510254,365.464447021,93.5380249023,34.0887985229,69.016998291,31.741727829
2022-10-26,82.1397399902,154.979995728,82.4013748169,362.710998535,93.3968429565,34.434463501,68.9745025635,32.1695823669
2022-10-27,82.5548553467,154.740005493,82.9846115112,360.774139404,94.1203842163,34.2040138245,69.076499939,31.9378299713
2022-10-28,82.3473052979,153.160003662,82.5580825806,369.357177734,94.0056533813,34.4699287415,70.5977401733,31.7149791718
2022-10-31,82.0705566406,151.910003662,82.1837615967,366.689178467,93.8733215332,34.1862945557,70.5212554932,31.599111557
2022-11-01,82.2231140137,153.460006714,82.1689376831,365.084625244,93.8556747437,34.4787826538,70.4957504272,32.1250190735
2022-11-02,82.0844345093,152.38999939,82.0293502808,355.922424316,93.643913269,33.9558486938,68.5580673218,31.884349823
2022-11-03,81.7810592651,151.809997559,81.6716461182,352.257507324,92.6027145386,33.6810798645,68.4645767212,32.1428451538
2022-11-04,81.7723693848,156.470001221,81.497215271,357.327575684,92.9468612671,34.9662742615,69.3994293213,33.4531517029
2022-11-07,81.5123596191,155.850006104,81.2093276978,360.745605469,93.0615463257,35.1169471741,69.3994293213,33.3907699585
2022-11-08,81.8590621948,159.449996948,81.7501907349,362.691986084,93.1939239502,35.5424041748,69.6119003296,33.5333786011
2022-11-09,81.9544067383,158.649993896,82.0293502808,355.219818115,92.9997940063,35.0460510254,68.8980255127,32.9183349609
2022-11-10,83.7139587402,163.479995728,83.8700561523,374.740600586,94.5438919067,36.9960021973,73.9376754761,34.0236320496
2022-11-11,83.6533203125,164.559997559,83.6955795288,378.367584229,94.4909820557,37.6873512268,73.9291915894,34.7099914551
2022-11-14,83.4192504883,164.919998169,83.4949493408,375.148834229,93.7939300537,37.2530441284,72.1274719238,34.5941200256
2022-11-15,84.0346755981,165.5,84.1143569946,378.34854126,94.4026947021,37.4834861755,72.9093551636,35.3606948853
2022-11-16,84.5547485352,165.119995117,84.7337417603,375.462188721,94.6409606934,37.3416786194,72.2464523315,34.7991371155
2022-11-17,84.1993789673,163.919998169,84.1579589844,374.313323975,93.9968414307,37.2973556519,71.7535400391,34.9863166809
2022-11-18,84.0780258179,162.789993286,83.8613357544,376.0128479,93.5203475952,37.3594093323,72.6628875732,34.7367324829
2022-11-21,84.026008606,161.880004883,83.8090057373,374.6456604,94.0144958496,37.058052063,73.0453262329,34.4158401489
2022-11-22,84.4594268799,162.070007324,84.2888031006,379.687316895,94.3939056396,37.6075782776,73.444770813,34.5049819946
2022-11-23,84.9621353149,163.080001831,84.7424468994,382.079864502,94.9144973755,38.041885376,73.5042495728,34.6921615601
2022-11-25,84.9794998169,163.220001221,84.7162246704,381.994445801,94.8262481689,38.2014274597,73.9716644287,34.5673751831
2022-11-28,84.8407897949,161.929992676,84.7511749268,375.898895264,94.6056747437,37.6696243286,71.9915084839,34.4871482849
2022-11-29,84.5374069214,162.729995728,84.3935089111,375.253295898,94.1997909546,37.7671203613,73.1813049316,35.1645927429
2022-11-30,85.1961669922,164.809997559,85.1524658203,387.074066162,95.5938949585,38.4762001038,74.8555297852,36.1183662415
2022-12-01,85.9050979614,167.839996338,86.0824890137,386.789154053,96.6195526123,38.8041381836,74.6940536499,36.0292243958
2022-12-02,86.2612915039,167.259994507,86.2573318481,386.342926025,97.335105896,38.7686920166,74.4730834961,36.2520637512
2022-12-05,85.5836639404,164.38999939,85.3832244873,379.392913818,96.3368377686,38.1837081909,73.1133270264,35.8866004944
2022-12-06,85.8356018066,164.839996338,85.9076843262,373.92401123,96.3191680908,37.9266624451,72.4249343872,35.9133453369
2022-12-07,86.6001281738,166.330001831,86.6594009399,373.287963867,96.7343902588,37.9266624451,72.5693969727,35.6994171143
2022-12-08,86.3395080566,166.470001221,86.1699066162,376.212188721,96.7078857422,38.1393814087,73.0793304443,36.1094474792
2022-12-09,85.8269042969,167.059997559,85.5318450928,373.401885986,95.7891311646,38.165977478,72.9433517456,35.8063774109
2022-12-12,85.8442993164,165.679992676,85.4094314575,378.785247803,95.7979660034,38.2634735107,73.5042495728,35.7083282471
2022-12-13,86.4176864624,168.509994507,86.1786651611,381.652679443,96.0806655884,38.7598304749,74.8640365601,35.8955154419
2022-12-14,86.6088256836,168.100006104,86.4146347046,379.212493896,95.842124939,38.7420959473,74.3541107178,35.9579124451
2022-12-15,86.7359466553,165.350006104,86.5828094482,369.93637085,95.8589706421,37.7316741943,73.3597793579,35.2626457214
2022-12-16,86.5095443726,166.789993286,86.3638458252,365.568847656,95.3449478149,37.4391784668,71.4645843506,35.2180747986
2022-12-19,85.9783935547,166.320007324,85.6632232666,362.468933105,95.017036438,37.3584632874,70.5552368164,35.2860221863
2022-12-20,85.3949813843,169.080001831,85.0413970947,362.964935303,94.990447998,37.537815094,70.3767700195,35.1682434082
2022-12-21,85.6300735474,168.800003052,85.146484375,368.392120361,95.5044631958,37.9144477844,70.980178833,35.4943771362
2022-12-22,85.6039581299,166.759994507,85.1202316284,363.13659668,94.9815750122,37.5826568604,70.6819610596,35.1773147583
2022-12-23,85.3079147339,167.259994507,84.7348556519,365.22543335,94.7688751221,37.7709732056,71.311126709,35.104839325
2022-12-27,84.6896743774,168.669998169,84.0254669189,363.785186768,94.3345947266,37.8427124023,71.2852859497,35.6574516296
2022-12-28,84.5416488647,167.910003662,83.8240356445,359.264129639,94.2282562256,37.4122772217,70.0700378418,35.1410751343
2022-12-29,84.8551254272,168.850006104,84.2356567383,365.731018066,94.6182174683,38.0041275024,71.6041717529,35.748046875
2022-12-30,84.4545516968,169.63999939,83.8852996826,364.767608643,94.3345947266,37.6364555359,71.0870513916,35.3132019043
2023-01-03,84.9508895874,171.059997559,84.5421829224,363.231964111,94.6713867188,37.8427124023,71.1559753418,35.693687439
2023-01-04,85.4211120605,172.669998169,85.190284729,366.036224365,94.7334136963,38.4076652527,72.7677078247,36.6177368164
2023-01-05,85.3514633179,170.520004272,85.0676803589,361.85848999,94.7599945068,37.9772186279,70.8112411499,36.5090255737
2023-01-06,86.2831420898,173.710006714,86.1624221802,370.156646729,95.6285552979,39.026424408,72.7159881592,37.1341209412
2023-01-09,86.5008392334,174.100006104,86.381362915,369.946838379,95.8500900269,39.1967926025,72.7418441772,37.3334197998
2023-01-10,86.169960022,174.740005493,85.838394165,372.541229248,95.4601593018,39.2954406738,72.9055862427,37.5961418152
2023-01-11,86.7011108398,174.619995117,86.3901596069,377.252990723,95.8678283691,39.5913658142,75.5170669556,37.7501525879
2023-01-12,87.3280639648,176.63999939,87.1608657837,378.626556396,96.6211776733,40.1652832031,76.4737472534,37.9222793579
2023-01-13,87.0058746338,178.759994507,86.696685791,380.095458984,95.8678283691,40.3715400696,75.9996948242,38.1759414673
2023-01-17,86.8491287231,177.589996338,86.4251785278,379.399139404,95.5930938721,40.488117218,76.215171814,37.9766349792
2023-01-18,87.7112197876,177.080001831,87.5987472534,373.40914917,96.2489624023,40.308757782,75.1033554077,37.7501525879
2023-01-19,87.5109100342,179.88999939,87.4323730469,370.690856934,96.8427276611,40.263923645,74.6896514893,38.0491142273
2023-01-20,87.1539077759,179.289993286,86.8543167114,377.596374512,96.2932434082,40.6764297485,75.5773925781,38.4930114746
2023-01-23,86.9362182617,179.630004883,86.5740356445,382.12713623,96.2046051025,40.8468132019,75.9221191406,38.7738571167
2023-01-24,87.3193435669,180.279998779,87.0732498169,381.716918945,96.7541122437,40.8378448486,76.1117553711,38.810092926
2023-01-25,87.4238433838,181.11000061,87.1696166992,381.860076904,96.9490737915,41.0440940857,76.1462249756,38.8191490173
2023-01-26,87.2758331299,179.470001221,86.8543167114,386.05682373,96.9402084351,41.169631958,76.9994735718,39.118106842
2023-01-27,87.1451797485,179.220001221,86.7229766846,386.943847656,96.7275085449,41.1248016357,77.8613510132,38.8553924561
2023-01-30,86.9101257324,178.759994507,86.4514694214,382.08895874,96.2578125,40.7840385437,76.8701858521,38.15782547
2023-01-31,87.2670822144,179.410003662,86.8893432617,387.706878662,96.2932434082,41.0351257324,78.4818878174,38.2574768066
2023-02-01,87.882484436,181.669998169,87.5142745972,391.827362061,96.9402084351,41.402797699,78.9645385742,38.6470222473
2023-02-02,87.978515625,177.899993896,87.4791717529,397.531188965,96.8072891235,41.3938331604,80.757232666,38.3752403259
2023-02-03,87.1318206787,173.460006714,86.5400543213,393.305786133,95.9033050537,40.9275131226,79.2403335571,37.7682723999
2023-02-06,86.6517028809,173.820007324,85.7939987183,390.902160645,95.5222091675,40.488117218,78.6628875732,37.3787193298
2023-02-07,86.5033340454,173.979995728,85.5833740234,396.014587402,95.7703323364,40.8647499084,78.4904937744,37.4511985779
2023-02-08,86.6255340576,174.410003662,85.8993148804,391.684295654,96.2666549683,40.622631073,78.1199111938,37.3787193298
2023-02-09,86.2850952148,173.029998779,85.5131454468,388.288696289,95.7792053223,40.6585006714,77.2666397095,37.5236701965
2023-02-10,85.9097595215,173.36000061,85.1006546021,389.194885254,95.4335708618,40.5419158936,77.5338287354,37.2065925598
2023-02-13,86.1716156006,172.479995728,85.3025054932,393.763671875,95.5930938721,40.8916473389,78.2233200073,37.5417861938
2023-02-14,85.8661117554,172.61000061,84.916305542,393.582366943,95.2740325928,40.9275131226,77.6027755737,37.4330711365
2023-02-15,85.7002716064,170.88999939,84.661781311,394.860473633,95.2740325928,40.7212677002,77.9130554199,37.2518844604
2023-02-16,85.3423690796,170.75,84.3809051514,389.42376709,95.0436096191,40.532951355,77.1546020508,37.1794166565
2023-02-17,85.5431594849,171.259994507,84.6179199219,388.450897217,95.2297363281,40.5957260132,76.8529586792,36.8804664612
2023-02-21,84.7400817871,170.619995117,83.6963348389,380.658203125,94.8043289185,40.0845756531,75.3102111816,36.4727897644
2023-02-22,84.9670410156,169.660003662,83.8455352783,380.133636475,94.7511444092,39.8514289856,74.6293411255,36.3187789917
2023-02-23,85.2725524902,169.570007324,84.1702575684,382.155639648,95.0613327026,40.0845756531,75.1895446777,36.4456138611
2023-02-24,84.7837677002,168.350006104,83.6612167358,378.073364258,94.4409484863,39.4568557739,73.8708724976,35.748046875
2023-02-27,84.9495773315,169.009994507,83.9157409668,379.360992432,94.6359405518,39.8962593079,73.9829330444,35.9292297363
2023-02-28,84.9408493042,169.779998779,84.0474014282,377.95892334,94.990447998,39.6093025208,73.8795089722,35.711807251
2023-03-01,84.4543380737,170.759994507,83.3754653931,376.509094238,94.6359405518,39.8603897095,72.9486694336,36.4274940491
2023-03-02,84.2793807983,170.660003662,83.0324630737,379.437286377,94.7068481445,39.9231643677,73.801940918,36.5905609131
2023-03-03,84.9443588257,172.490005493,83.7008743286,385.522705078,95.7260437012,40.5060501099,74.9223632812,36.8623352051
2023-03-06,84.734375,171.619995117,83.5513763428,385.789703369,95.2119979858,40.4074058533,74.6293411255,36.7355041504
2023-03-07,84.6206054688,168.619995117,83.5601806641,379.876037598,94.6093292236,39.6720809937,72.8883514404,36.1919517517
2023-03-08,84.5331039429,168.539993286,83.533782959,380.496002197,94.1573410034,39.878326416,73.7243728638,36.3821983337
2023-03-09,84.83934021,170.199996948,84.0526733398,373.475921631,94.4054870605,39.4837493896,72.0350952148,35.6393318176
2023-03-10,85.828086853,173.869995117,85.6005783081,368.086853027,95.7969360352,39.0981521606,69.6477203369,35.4400177002
2023-03-13,86.5105895996,177.86000061,86.6383743286,367.562255859,96.5236663818,38.8739624023,70.5613174438,35.4037971497
2023-03-14,86.0030822754,176.830001831,85.8204574585,373.638153076,95.9919128418,39.3313140869,71.2421798706,35.4219017029
2023-03-15,86.8605651855,178.210006714,87.0605163574,371.301300049,97.1617889404,38.1565704346,71.1904602051,34.8330612183
2023-03-16,86.5193405151,178.570007324,86.2778091431,377.815795898,96.0628356934,38.7484207153,71.0353240967,35.2769546509
2023-03-17,87.0618438721,183.770004272,87.2980270386,373.398162842,96.2666549683,38.3000602722,69.4236450195,35.0957794189
2023-03-20,86.7118377686,183.839996338,86.9462127686,376.988586426,96.3553009033,38.8851318359,70.2165603638,35.1574134827
2023-03-21,86.4493408203,180.369995117,86.1898422241,381.93862915,96.1514358521,39.3891944885,69.9062957764,35.5291252136
2023-03-22,87.2806167603,183.440002441,87.3243789673,375.42791748,97.4719696045,39.2361831665,67.2948150635,35.6379165649
2023-03-23,87.4906082153,185.740005493,87.8256912231,376.442871094,97.649230957,39.2631721497,66.8724975586,36.0730743408
2023-03-24,87.6393508911,183.649993896,87.8520736694,378.913085938,97.4010925293,39.1281585693,68.5874023438,36.0005455017
2023-03-27,86.6943588257,181.949996948,86.7703018188,379.621612549,96.638885498,39.4702033997,68.5090484619,35.8282928467
2023-03-28,86.5631027222,183.440002441,86.7175140381,378.769439697,96.9402084351,39.5242118835,68.3436584473,36.2543945312
2023-03-29,86.6680984497,182.529998779,86.568031311,384.274871826,97.1263275146,39.9742622375,69.8583450317,36.3813209534
2023-03-30,86.7643661499,184.179992676,86.6999511719,386.524841309,97.2238311768,40.4693374634,70.7723770142,36.7348861694
2023-03-31,87.1843490601,183.220001221,87.1748733521,391.972808838,97.7113113403,40.6583595276,72.2870635986,36.6260910034
2023-04-03,87.5633010864,184.539993286,87.5855102539,393.466461182,97.8860778809,40.9914054871,71.7125396729,36.7802124023
2023-04-04,87.8878555298,187.979995728,88.149520874,391.283416748,98.1700134277,40.9824104309,71.6167602539,36.8164749146
2023-04-05,88.186126709,187.830001831,88.5196228027,390.258911133,98.4006958008,40.6673622131,71.2337417603,36.4901008606
2023-04-06,88.1071777344,186.490005493,88.546081543,391.78125,98.622543335,40.8023834229,71.7212524414,36.7076835632
2023-04-10,87.5018768311,185.11000061,87.6736221313,392.183441162,97.9215545654,40.8383865356,72.0520324707,36.6260910034
2023-04-11,87.5545349121,186.279998779,87.6383743286,392.288726807,98.0901565552,41.0184059143,72.3566970825,36.8980674744
2023-04-12,87.6598052979,187.190002441,87.8939361572,390.689819336,98.1256637573,41.2524452209,72.0084991455,36.6170272827
2023-04-13,87.624710083,189.720001221,87.6031417847,395.879180908,97.8860778809,41.8555183411,71.7908706665,37.0612564087
2023-04-14,87.1948699951,186.36000061,87.1713409424,394.912139893,97.4601593018,41.6484947205,70.6766204834,36.8618011475
2023-04-17,86.7562484741,185.529998779,86.6161575317,396.32925415,97.0165176392,41.6124916077,72.1477737427,37.0612564087
2023-04-18,86.8790740967,186.25,86.7571563721,396.58770752,97.114112854,41.7745094299,71.982383728,36.9887275696
2023-04-19,86.7474822998,185.36000061,86.5720901489,396.5206604,97.0165176392,41.6124916077,72.4089279175,36.6079673767
2023-04-20,87.1422271729,186.089996338,87.0744018555,394.356872559,97.3270797729,41.6304969788,71.6951065063,36.5626335144
2023-04-21,86.9930877686,184.25,86.8629226685,394.663238525,97.3714599609,41.7655067444,71.7038269043,36.218132019
2023-04-24,87.3352050781,184.809997559,87.2859115601,395.074951172,97.744140625,41.8465194702,71.4339599609,36.1728019714
2023-04-25,87.8790664673,185.75,88.149520874,388.80355835,98.3208389282,41.1894302368,70.728843689,35.5563201904
2023-04-26,87.5545349121,184.740005493,87.8058242798,387.156738281,97.974822998,41.1984291077,70.0498580933,35.8010902405
2023-04-27,87.2387313843,184.75,87.2329940796,394.864257812,97.6465148926,41.7204971313,71.634185791,36.2634620667
2023-04-28,87.6860961914,184.800003052,87.8851547241,398.23449707,97.7618484497,41.7295074463,72.5134048462,36.4810295105
2023-05-01,86.7882003784,183.970001221,86.850730896,397.832427979,96.9493408203,41.6935005188,71.9736862183,36.3631820679
2023-05-02,87.6324691772,187.520004272,87.9814147949,393.361114502,97.6896133423,41.2524452209,70.7549743652,35.9824066162
2023-05-03,88.0193939209,189.11000061,88.5555877686,390.66104126,98.1355514526,41.3334579468,70.4764099121,35.9733505249
2023-05-04,87.9138565063,190.440002441,88.5379257202,387.894042969,98.1088104248,41.2704429626,71.0596389771,36.2815856934
2023-05-05,87.6324691772,187.460006714,88.0609664917,395.074951172,97.9125671387,41.9365272522,72.2435302734,36.6714248657
2023-05-08,87.1487808228,187.690002441,87.522064209,395.180236816,97.5469207764,41.9545288086,71.8256988525,36.6804847717
2023-05-09,87.0696487427,189.020004272,87.4160614014,393.447174072,97.4041976929,41.7925109863,71.5209960938,36.4538383484
2023-05-10,87.6324691772,188.75,88.0697479248,395.285522461,97.7252883911,41.7295074463,72.208732605,36.4629020691
2023-05-11,87.8962783813,187.130004883,88.3965988159,394.596221924,97.9393386841,41.5404815674,71.416557312,36.3178520203
2023-05-12,87.4038314819,186.809997559,87.8665847778,394.079162598,97.5914916992,41.4504737854,71.4078521729,35.9098930359
2023-05-15,87.1839752197,187.210006714,87.6722488403,395.438812256,97.4488067627,41.8105201721,71.2859802246,36.5354347229
2023-05-16,86.9816894531,184.869995117,87.3895874023,392.796173096,97.1901397705,41.3784637451,69.5014266968,36.2815856934
2023-05-17,86.8498077393,184.229995728,87.1069107056,397.564331055,97.1455612183,41.5944862366,70.4415664673,36.4085121155
2023-05-18,86.4452896118,181.839996338,86.5680618286,401.394165039,96.8244628906,41.5134735107,70.1020889282,36.1818695068
2023-05-19,86.2518157959,183.63999939,86.2412109375,400.810119629,96.5925750732,41.7655067444,69.9889144897,36.1637306213
2023-05-22,86.1726531982,183.210006714,86.0822067261,400.972839355,96.4141845703,41.8015098572,70.4154663086,36.3994445801
2023-05-23,86.2693939209,183.429992676,86.2235565186,396.472808838,96.7085189819,41.2164382935,69.7538757324,35.8554916382
2023-05-24,86.0495452881,181.949996948,86.0027236938,393.60043335,96.4052581787,40.6313591003,68.2566070557,35.6016426086
2023-05-25,85.7329788208,180.199996948,85.4638595581,397.009002686,95.9682235718,40.5413513184,68.2478942871,35.5381889343
2023-05-26,85.8032989502,180.919998169,85.6228790283,402.15057373,96.0841903687,40.9194030762,69.0313644409,36.1274681091
2023-05-30,86.3749084473,182.039993286,86.2942199707,402.303741455,96.4677124023,40.5683479309,69.2925262451,35.656047821
2023-05-31,86.6827163696,182.320007324,86.6210708618,400.072875977,96.5925750732,40.1723022461,69.6407089233,35.4022026062
2023-06-01,86.9454421997,183.759994507,86.8619003296,403.874023438,96.7473220825,40.793384552,69.6494293213,36.0096130371
2023-06-02,86.4869537354,181.050003052,86.171257019,409.714477539,96.2732543945,41.3964614868,71.3469085693,36.5807647705
2023-06-05,86.4781646729,182.13999939,86.1446990967,408.929290771,96.398475647,41.135433197,70.8507232666,36.5444984436
2023-06-06,86.5839538574,182.339996338,86.1978149414,409.819763184,96.4521560669,41.4954719543,71.5297088623,36.8255462646
2023-06-07,86.1254425049,180.149993896,85.5691757202,408.402709961,96.0049057007,41.0994186401,72.8441925049,36.7439422607
2023-06-08,86.5839538574,182.529998779,86.1446990967,410.872955322,96.4789657593,41.5224761963,72.3915023804,36.943397522
2023-06-09,86.3811798096,182.039993286,85.8348007202,411.610168457,96.2106552124,41.5044784546,71.9736862183,37.0431213379
2023-06-12,86.5310440063,181.880004883,85.9764633179,415.344238281,96.2911224365,41.6935005188,71.9910812378,37.1337776184
2023-06-13,86.1254425049,180.539993286,85.3655090332,418.082580566,95.799156189,42.0985450745,72.4524612427,37.4420204163
2023-06-14,86.2048034668,180.63999939,85.4806137085,418.580474854,96.0406951904,42.2065696716,72.7223129272,37.7955932617
2023-06-15,86.8043823242,181.910003662,86.1446990967,423.769866943,96.6489334106,42.6026191711,73.1053314209,38.1582221985
2023-06-16,86.5310440063,181.630004883,85.7728118896,422.326477051,96.398475647,42.476600647,73.0531234741,38.022228241
2023-06-20,86.6897659302,179.75,86.029586792,420.135253906,96.6042022705,41.9061050415,72.1913146973,37.3449783325
2023-06-21,86.8308410645,179.490005493,86.1092681885,417.982635498,96.6131439209,41.9697036743,71.7560501099,37.2811660767
2023-06-22,86.3811798096,177.710006714,85.6222686768,419.491455078,96.2732543945,41.7153396606,70.728843689,37.1170959473
2023-06-23,86.6368560791,178.199996948,85.9764633179,416.320068359,96.5057983398,41.0430831909,69.7538757324,36.5975265503
2023-06-26,86.7426605225,178.509994507,86.1889343262,414.619140625,96.5505523682,41.1702766418,71.3643188477,36.7160263062
2023-06-27,86.5751266479,177.690002441,85.8879013062,419.164703369,96.2821884155,41.5063934326,72.2435302734,37.0624084473
2023-06-28,86.8308410645,177.279998779,86.2332382202,419.376159668,96.4789657593,41.5154838562,72.3479995728,36.9165649414
2023-06-29,86.1607208252,177.089996338,85.3478088379,421.029083252,95.8438949585,41.4609642029,73.1561508179,36.7616081238
2023-06-30,86.3635253906,178.270004272,85.5337371826,425.997528076,96.2643051147,41.9515342712,73.561088562,37.0806350708
2023-07-03,86.2618560791,178.470001221,85.1627197266,426.487579346,96.1510696411,42.0242004395,74.2829742432,37.4452476501
2023-07-05,85.8728790283,177.839996338,84.7544555664,425.853302002,95.6927261353,41.569984436,74.4502334595,37.2629394531
2023-07-06,85.3159713745,177.309997559,84.0621490479,422.518615723,95.1894836426,40.834148407,73.8780288696,36.5519485474
2023-07-07,85.333656311,178.63999939,83.955619812,421.451904297,95.1265563965,41.1793632507,73.7107772827,36.9894866943
2023-07-10,85.5723419189,178.779998779,84.3905639648,422.518615723,95.351234436,41.2883682251,74.0276870728,36.9986038208
2023-07-11,85.7579574585,179.449996948,84.5680541992,425.209442139,95.2434005737,41.6880836487,75.0840911865,37.3267478943
2023-07-12,86.4563522339,181.880004883,85.3935012817,428.630645752,96.2948608398,42.4875068665,75.4890441895,38.0377311707
2023-07-13,86.9955749512,182.009994507,86.103553772,432.032623291,96.7891235352,43.141582489,75.9732131958,38.4570274353
2023-07-14,86.5801010132,181.429992676,85.6775360107,431.763580322,96.2768707275,42.8781318665,75.8235702515,38.2200393677
2023-07-17,86.6773681641,181.559997559,85.8195495605,433.262817383,96.4566192627,42.8599624634,75.3305892944,38.2656059265
2023-07-18,86.7480697632,183.63999939,85.9171676636,436.482086182,96.4116973877,43.1688346863,74.9168167114,37.9921531677
2023-07-19,87.0132598877,183.669998169,86.210067749,437.452758789,96.7442169189,43.1597442627,75.7619476318,37.9374656677
2023-07-20,86.5624465942,182.740005493,85.5266494751,434.550537109,96.7082366943,42.9053840637,75.5154724121,37.700466156
2023-07-21,86.6242980957,182.179992676,85.5976333618,434.550537109,96.7082366943,42.9598960876,75.8675765991,37.6822395325
2023-07-24,86.4651947021,181.399993896,85.3935012817,436.491760254,96.7531890869,42.9144706726,76.4926376343,38.1835746765
2023-07-25,86.3679199219,182.410003662,85.2337265015,437.68347168,96.5824127197,43.0416564941,75.9468231201,38.4752655029
2023-07-26,86.6508560181,183.300003052,85.5266494751,437.750671387,96.6183853149,43.0961532593,76.2901611328,38.7122612
2023-07-27,85.9082565308,180.419998169,84.5946960449,434.848327637,95.908416748,42.9144706726,74.6351013184,38.2838363647
2023-07-28,86.244178772,181.86000061,84.8698196411,439.105682373,96.2768707275,43.2687568665,74.5735015869,39.213596344
2023-07-31,86.3502502441,182.350006104,84.9763565063,439.941802979,96.3038406372,43.2687568665,75.0576705933,39.2591705322
2023-08-01,85.7785491943,180.460006714,84.4798355103,438.682861328,95.7283935547,42.7872924805,74.9344329834,38.7122612
2023-08-02,85.5746612549,179.600006104,84.3107528687,432.580474854,95.5572967529,41.9606170654,74.5030593872,37.8736534119
2023-08-03,84.9984588623,179.539993286,83.6878890991,431.340698242,94.962928772,41.8334312439,73.693145752,38.0377311707
2023-08-04,85.6987609863,180.190002441,84.5776901245,429.389892578,95.8814697266,41.9515342712,73.0945205688,38.0833053589
2023-08-07,85.7164535522,179.779998779,84.373046875,433.137817383,95.9625320435,42.287651062,74.0100708008,38.0195007324
2023-08-08,85.9203567505,178.63999939,84.8001708984,431.254272461,95.944519043,41.9697036743,73.5346832275,37.6275444031
2023-08-09,85.9823913574,177.789993286,84.853553772,428.37121582,95.8994827271,42.0060386658,73.5258865356,37.6913528442
2023-08-10,85.4239578247,177.600006104,84.2039871216,428.524993896,95.4041976929,42.1332168579,73.244178772,37.7642745972
2023-08-11,85.1580276489,177.600006104,83.7590637207,428.275054932,95.2690963745,41.8970184326,73.3586273193,37.2173728943
2023-08-14,85.095993042,177.059997559,83.6256027222,430.639221191,95.0709915161,41.7244262695,72.8744354248,37.0441703796
2023-08-15,84.865524292,176.589996338,83.4654312134,425.622650146,94.7737960815,41.1430282593,72.0557327271,36.652217865
2023-08-16,84.6616210938,175.570007324,83.1450805664,422.499450684,94.4946594238,40.8159828186,71.1666030884,36.4061050415
2023-08-17,84.5729980469,175.300003052,83.0382995605,419.279998779,94.4676208496,40.5434532166,70.594367981,36.5246009827
2023-08-18,84.7591629028,175.330001831,83.2874679565,419.481842041,94.6297225952,40.5434532166,70.8144454956,36.2967224121
2023-08-21,84.3336715698,175.809997559,82.7713394165,422.211120605,94.377571106,40.6706314087,70.1630020142,36.3787727356
2023-08-22,84.4223098755,176.100006104,82.8069458008,421.067504883,94.5396652222,40.5797920227,70.365486145,36.3149604797
2023-08-23,85.2289505005,177.88999939,83.705657959,425.757202148,95.3951721191,41.0158424377,71.4746932983,36.8527565002
2023-08-24,85.0339660645,177.850006104,83.394241333,419.856628418,94.962928772,40.4980278015,71.2017745972,36.6978034973
2023-08-25,84.9807662964,177.619995117,83.3675537109,422.816558838,94.9449081421,40.7523956299,71.2546157837,36.6704559326
2023-08-28,85.1669006348,178.130004883,83.5988998413,425.497802734,94.9989395142,41.1793632507,71.9236679077,37.0350570679
2023-08-29,85.7164535522,179.869995117,84.1950759888,431.648223877,95.4672393799,41.7062454224,72.7952194214,37.5272750854
2023-08-30,85.681022644,180.320007324,84.1861801147,433.426116943,95.323135376,41.6971702576,73.0593032837,37.3905448914
2023-08-31,85.8051376343,180.020004272,84.3552474976,432.791870117,95.5212631226,41.5609016418,72.5223083496,36.943901062
2023-09-01,85.3607177734,180.11000061,83.8396224976,433.599121094,95.0271377563,41.6244888306,72.6455612183,37.3449783325
2023-09-05,84.8985595703,178.63999939,83.3311233521,431.725097656,94.8374481201,41.2520294189,71.8004226685,37.126209259
2023-09-06,84.8185348511,177.830001831,83.1170196533,428.822814941,94.6929550171,41.0885124207,71.6507644653,36.9530334473
2023-09-07,85.0851974487,178.020004272,83.4024734497,427.506286621,95.0361785889,40.9249992371,72.0997467041,36.5701828003
2023-09-08,85.1296234131,178.080001831,83.4203186035,428.150177002,95.2529754639,40.8704872131,71.8180465698,36.6431121826
2023-09-11,85.0318603516,178.410003662,83.27759552,430.965942383,95.1626586914,41.3337936401,71.8268432617,37.0624084473
2023-09-12,85.0585174561,177.490005493,83.3935623169,428.601837158,95.2078170776,41.1521110535,71.7916259766,36.9621315002
2023-09-13,85.1829605103,177.080001831,83.4917068481,429.101623535,95.3342666626,41.0703430176,71.0081481934,36.9256782532
2023-09-14,85.0674209595,177.169998169,83.3043441772,432.801452637,95.1807174683,41.6244888306,72.2934341431,37.1444396973
2023-09-15,84.8718719482,178.339996338,83.0456466675,427.586883545,94.9458694458,41.5336494446,72.0205154419,36.9530334473
2023-09-18,84.9962997437,179.38999939,83.1259460449,427.83770752,95.1445922852,41.3781585693,71.3778610229,36.8960494995
2023-09-19,84.7474517822,179.220001221,82.8226242065,426.950439453,94.8735809326,41.3873062134,71.0521469116,36.7122573853
2023-09-20,84.7030105591,179.350006104,82.7601547241,423.02532959,94.6748657227,41.2501068115,71.1137695312,36.6019821167
2023-09-21,84.1252822876,178.050003052,82.1446304321,416.033416748,94.1780471802,40.5641326904,68.6928329468,36.0138511658
2023-09-22,84.4808120728,178.619995117,82.4657897949,415.097961426,94.5032653809,40.6098670959,68.1734466553,36.4365653992
2023-09-25,83.814201355,177.699996948,81.8591690063,416.843505859,93.7896270752,40.4543762207,68.1118087769,36.2987251282
2023-09-26,83.70753479,176.279998779,81.832359314,410.719512939,93.5547637939,39.8781547546,66.8705291748,35.8760070801
2023-09-27,83.4142303467,174.100006104,81.4666137695,410.883514404,93.401222229,39.7866897583,66.4215545654,35.9219551086
2023-09-28,83.6631011963,173.229995728,81.6896514893,413.265563965,93.8799819946,40.1159667969,67.0589141846,35.9954681396
2023-09-29,83.5831222534,171.449996948,81.7074813843,412.262634277,93.6902618408,39.9879112244,67.2544631958,36.0322265625
2023-10-02,83.0011367798,169.649993896,81.0447006226,412.09866333,93.1211624146,39.3659629822,66.0188827515,35.9035835266
2023-10-03,82.3505401611,169.160003662,80.373878479,406.582244873,92.4606552124,38.8720550537,64.7299804688,35.4440994263
2023-10-04,82.9298324585,169.13999939,80.8837356567,409.54296875,92.8678283691,38.8903503418,65.5210952759,35.2970695496
2023-10-05,82.9833068848,168.830001831,81.0357513428,409.38861084,92.7320861816,39.247051239,65.8855285645,35.4440994263
2023-10-06,82.6624450684,169.699996948,80.561706543,414.249267578,92.3973312378,39.6586418152,66.0633239746,35.931137085
2023-10-09,83.5180587769,172.820007324,81.5903091431,416.901367188,93.3111572266,39.6312065125,66.7833328247,35.7105941772
2023-10-10,83.4378662109,172.529998779,81.4293060303,419.071289062,93.3473587036,40.1342582703,67.1033401489,36.2803497314
2023-10-11,83.8210678101,173.789993286,81.8765335083,420.787902832,93.7635574341,40.3080368042,68.2678222656,36.3906173706
2023-10-12,83.0991744995,173.259994507,81.0894317627,418.222595215,93.1663970947,39.9604721069,67.2722396851,36.0046615601
2023-10-13,83.4556808472,178.830001831,81.6082077026,416.13949585,93.7725982666,39.6037635803,67.1033401489,35.8668136597
2023-10-16,82.9922180176,177.960006714,81.125213623,420.517883301,93.5011825562,39.9147415161,67.9033584595,36.1241264343
2023-10-17,82.395072937,178.289993286,80.3291702271,420.498626709,93.0487670898,39.9238891602,67.8055953979,35.9678993225
2023-10-18,82.0118637085,180.869995117,79.9534988403,414.895385742,92.8497238159,39.247051239,66.365562439,35.379776001
2023-10-19,81.6999282837,183.089996338,79.5599594116,411.249969482,92.7682952881,38.9269332886,64.7921981812,35.251121521
2023-10-20,81.9940338135,183.589996338,80.025062561,406.196472168,93.0487670898,38.5610809326,64.3566360474,34.8284034729
2023-10-23,82.3148880005,182.970001221,80.4007339478,405.492462158,93.0668792725,38.5793762207,63.7255058289,34.7548866272
2023-10-24,82.6089706421,182.949996948,80.5438308716,408.549591064,93.1483078003,38.7714424133,64.5433044434,35.1867866516
2023-10-25,81.9940338135,183.720001221,79.8372192383,402.686065674,92.7592391968,38.4330291748,63.1566200256,34.8100280762
2023-10-26,82.5466003418,184.009994507,80.4454421997,397.864105225,93.2568817139,38.1494941711,64.3655395508,34.6813697815
2023-10-27,82.519859314,186.149993896,80.5706787109,396.06060791,93.3926010132,38.030582428,63.3343887329,34.718120575
2023-10-30,82.3238067627,185.100006104,80.3023300171,400.795806885,93.2478179932,38.5519256592,63.7343864441,35.0305709839
2023-10-31,82.2703170776,184.089996338,80.1323776245,403.312927246,93.0126037598,38.6342544556,64.818862915,34.8651542664
2023-11-01,83.17943573,183.509994507,81.0553436279,407.61416626,93.8232192993,39.0275421143,65.2188644409,35.1132736206
2023-11-02,83.6800231934,184.119995117,81.5576019287,415.425872803,94.2503433228,39.9055938721,67.3611297607,35.6554641724
2023-11-03,84.1895751953,184.789993286,82.1854553223,419.2159729,94.7320022583,40.4177894592,68.9700241089,36.3079147339
2023-11-06,83.7694320679,183.350006104,81.710067749,420.180328369,94.486656189,40.2897415161,67.9744644165,36.4181938171
2023-11-07,84.2163696289,182.589996338,82.1764831543,421.376220703,94.7410964966,39.9879112244,67.4144592285,36.4273796082
2023-11-08,84.5024261475,180.770004272,82.5083618164,421.684844971,94.9501113892,39.896446228,67.636680603,36.2619743347
2023-11-09,83.7962341309,181.490005493,81.6921310425,418.396148682,94.1503829956,39.8781547546,66.5700073242,35.9403419495
2023-11-10,83.9929046631,179.509994507,81.7818374634,424.925140381,94.1867370605,40.0885238647,67.1922454834,36.1884536743
2023-11-13,83.9839935303,180.509994507,81.7369766235,424.520111084,94.1231002808,40.1434020996,66.6322174072,36.2527770996
2023-11-14,85.0387802124,182.119995117,82.9657669067,432.756134033,94.8955993652,41.2318153381,70.3300704956,37.0982131958
2023-11-15,84.5113601685,181.63999939,82.3200073242,433.672271729,94.486656189,41.1952323914,70.5345153809,37.3555259705
2023-11-16,84.9762039185,183.690002441,82.938873291,434.202758789,94.8319854736,41.103767395,70.3833999634,36.9695625305
2023-11-17,85.1460418701,183.669998169,82.9926986694,434.742797852,94.9319458008,41.6159629822,70.3300704956,37.1165962219
2023-11-20,85.2801437378,183.369995117,83.1092834473,438.089294434,95.2136764526,41.7988967896,70.8456268311,37.5117416382
2023-11-21,85.3695526123,185.350006104,83.2169342041,437.134490967,95.0137405396,41.6342544556,70.3478469849,37.2911987305
2023-11-22,85.4499969482,184.559997559,83.1900253296,438.822174072,95.104598999,41.7165718079,70.694519043,37.1901130676
2023-11-24,85.0566864014,185.520004272,82.7594833374,439.092285156,94.7047424316,41.9909667969,70.8989639282,37.3095703125
2023-11-27,85.5393600464,186.770004272,83.3873519897,438.301452637,95.0137405396,41.8812179565,71.1567382812,37.1349716187
2023-11-28,85.9148483276,189.259994507,83.7550888062,438.735443115,95.3863449097,41.9543838501,71.6278762817,37.4382324219
2023-11-29,86.3349761963,189.539993286,84.1945800781,438.42678833,95.7680282593,42.0549888611,72.1256561279,37.2268714905
2023-11-30,86.0488891602,188.75,83.7819671631,440.153045654,95.5953826904,42.0366973877,72.650100708,37.337146759
2023-12-01,86.8055648804,192.009994507,84.5724868774,442.756988525,96.0836791992,42.4665718079,74.4367980957,37.4933700562
2023-12-04,86.4738388062,187.86000061,84.2217254639,440.432769775,95.6828079224,42.0915794373,74.9790344238,37.1625518799
2023-12-05,87.0475769043,187.149993896,84.8153152466,440.346008301,96.2020950317,41.9543838501,74.4812469482,37.0338935852
2023-12-06,87.2717285156,187.839996338,85.166053772,438.571502686,96.3022918701,42.0366973877,74.2590255737,36.9879455566
2023-12-07,87.2985992432,188.149993896,85.0401306152,441.917907715,96.2202987671,42.2379226685,74.4723434448,37.1349716187
2023-12-08,86.859336853,185.63999939,84.4915313721,443.817779541,96.1018676758,42.3385238647,74.3479156494,36.9511871338
2023-12-11,86.8682861328,183.589996338,84.5005187988,445.5440979,95.901473999,42.4574317932,74.5523681641,37.1165962219
2023-12-12,87.1282806396,183.490005493,84.6804046631,447.57901001,95.8467788696,42.4665718079,74.5079116821,37.1165962219
2023-12-13,88.2219848633,187.630004883,85.939453125,453.751159668,97.1495513916,43.1525535583,77.3612976074,37.465801239
2023-12-14,88.9340515137,188.729995728,86.6538238525,455.207427979,98.2154312134,43.5275611877,79.5924453735,37.9620361328
2023-12-15,88.7272415161,187,86.5816650391,454.45791626,98.0514144897,43.0793838501,78.4724349976,37.7414855957
2023-12-18,88.547416687,187.850006104,86.3922653198,457.014343262,97.7599258423,43.2276496887,78.2946395874,37.7367897034
2023-12-19,88.6553344727,189.130004883,86.5546112061,459.793365479,97.8236618042,43.6446342468,78.8902053833,37.9996376038
2023-12-20,88.9789886475,188.100006104,86.9785232544,453.421813965,98.2154312134,43.1905822754,77.93019104,37.2017211914
2023-12-21,88.9699707031,189.429992676,86.8432693481,457.721221924,98.0514144897,43.9226264954,78.6212997437,37.9245414734
2023-12-22,88.8531036377,190.270004272,86.7620697021,458.640991211,97.8601303101,44.0245475769,78.9272460938,37.7931175232
2023-12-26,89.032913208,191.720001221,86.8161849976,460.577636719,97.9147720337,44.2191467285,79.5121612549,38.0371818542
2023-12-27,89.599319458,192.589996338,87.4926757812,461.410430908,98.3611984253,44.4693489075,79.8991088867,38.2437057495
2023-12-28,89.4015350342,191.470001221,87.1589660645,461.584686279,98.0423202515,44.3952102661,80.4660110474,38.4783935547
2023-12-29,89.2307128906,191.169998169,86.9424591064,460.248443604,97.9238967896,44.3859443665,79.5121612549,38.5816459656
2024-01-02,88.8081512451,190.720001221,86.6177444458,457.672729492,97.7872467041,43.8948249817,80.1960678101,38.131061554
2024-01-03,88.8531036377,189.130004883,86.8252334595,453.935058594,97.9421157837,43.5427093506,78.2793426514,38.018409729
2024-01-04,88.4934692383,189.320007324,86.3020553589,452.472869873,97.4866256714,43.6446342468,78.1353607178,37.9526977539
2024-01-05,88.2867202759,189.350006104,85.9863739014,453.09262085,97.2679595947,43.6724357605,77.9373931885,38.009021759
2024-01-08,88.619354248,187.869995117,86.2750091553,459.560943604,97.5321502686,44.1264839172,79.0532226562,38.0747413635
2024-01-09,88.6013946533,187.929992676,86.2389221191,458.863800049,97.3408508301,43.7280349731,78.522315979,37.6335334778
2024-01-10,88.4305648804,187.5,86.1036071777,461.458831787,97.2588577271,43.968952179,78.6123046875,37.5959854126
2024-01-11,88.9340515137,187.869995117,86.5636444092,461.255401611,97.7781219482,43.9226264954,77.8833999634,37.7555656433
2024-01-12,89.0958480835,189.710006714,86.7981719971,461.575012207,98.1971969604,44.0801544189,78.3513259888,37.933921814
2024-01-16,88.4305648804,187.910003662,86.0945739746,459.880462646,97.696144104,43.292514801,77.7754211426,37.1453895569
2024-01-17,88.1877670288,185.839996338,85.8149871826,457.324157715,97.3955154419,42.8199195862,76.3536224365,36.6478691101
2024-01-18,88.1069030762,187.369995117,85.6255645752,461.391021729,97.4228439331,43.2091140747,75.9396896362,36.8637771606
2024-01-19,88.1248931885,187.929992676,85.6345901489,467.142822266,97.4957199097,43.348110199,76.8485565186,37.2017211914
2024-01-22,88.2867202759,187.220001221,85.896156311,468.130554199,97.5412597656,43.4593048096,77.3074798584,36.9107093811
2024-01-23,88.0709228516,187.949996948,85.6797027588,469.495819092,97.2224197388,43.3851737976,76.7765731812,37.1172294617
2024-01-24,87.8731613159,186.399993896,85.4361419678,470.009033203,96.9946670532,43.6539077759,75.6787414551,37.5959854126
2024-01-25,88.2687149048,187.13999939,85.8059768677,472.56539917,97.3226318359,43.7650985718,76.6505813599,37.6898574829
2024-01-26,88.1698303223,187.009994507,85.6526260376,471.965026855,97.2315444946,43.9504241943,76.4346237183,37.6992416382
2024-01-29,88.5204696655,188.330001831,86.1667633057,475.702758789,97.6596984863,44.2098770142,76.9385299683,37.7086334229
2024-01-30,88.6912536621,188.589996338,86.2840270996,475.33480835,97.6141433716,44.1542854309,76.2186431885,37.3519096375
2024-01-31,89.0958480835,188.449996948,87.005607605,467.578613281,98.2518463135,43.904094696,75.4897460938,37.2111053467
2024-02-01,89.6035079956,190.410003662,87.5445175171,473.698242188,98.4249420166,44.3674087524,76.8575592041,37.4645652771
2024-02-02,88.7829666138,188.61000061,86.4052276611,478.685058594,97.4775009155,44.0523490906,75.9036941528,37.2017211914
2024-02-05,88.0525512695,187.570007324,85.5643157959,476.942108154,96.9308853149,43.7650985718,74.3109512329,37.2955932617
2024-02-06,88.5124511719,188.550003052,86.025428772,478.326812744,97.2588577271,44.0338172913,75.3097915649,38.2155456543
2024-02-07,88.3320846558,188.5,85.8717422485,482.31628418,97.0766525269,44.0616149902,75.2018051147,38.1873817444
2024-02-08,88.0615768433,188.330001831,85.5914459229,482.529296875,97.0037765503,43.9874916077,75.8137054443,37.9902496338
2024-02-09,88.0345458984,187.600006104,85.4377288818,485.318054199,96.8671264648,44.1450195312,75.9306869507,38.1404457092
2024-02-12,88.0525512695,187.11000061,85.5191116333,485.105041504,96.9035644531,44.2562141418,75.9486846924,38.3094139099
2024-02-13,87.2410354614,184.529998779,84.5787277222,478.423614502,96.2841033936,43.4685707092,74.3829345703,37.6053695679
2024-02-14,87.6287765503,184.419998169,84.8952255249,482.771331787,96.6940383911,44.006023407,74.9678268433,38.1498336792
2024-02-15,87.836151123,185.660003662,85.1302947998,486.102386475,96.8124694824,44.4971389771,76.7135772705,38.384513855
2024-02-16,87.5566101074,186.339996338,84.7595825195,483.681671143,96.7122421265,44.5342025757,75.9216995239,38.5722579956
2024-02-20,87.6377792358,187.470001221,84.9042663574,481.018768311,96.7577972412,44.691734314,75.7867126465,38.647354126
2024-02-21,87.3762664795,187.479995728,84.6329727173,481.454437256,96.6484909058,44.7195281982,76.2096633911,38.6849060059
2024-02-22,87.4484329224,187.559997559,84.6420059204,491.418365479,96.5209350586,45.1921195984,76.3536224365,39.0228424072
2024-02-23,87.7730484009,188.619995117,85.0308456421,491.757293701,96.7669143677,45.2662506104,76.3176269531,39.0322380066
2024-02-26,87.5836791992,188.199996948,84.9042663574,489.956237793,96.7304763794,45.1643180847,75.4807434082,38.9008140564
2024-02-27,87.4664459229,188,84.7143630981,490.866455078,96.6120452881,45.2477149963,75.5707626343,39.0228424072
2024-02-28,87.6377792358,188.339996338,85.0218048096,490.217681885,96.9217758179,45.0067939758,76.3356399536,38.4220619202
2024-02-29,87.782081604,189.309997559,85.1935958862,491.979980469,97.2224197388,45.1087188721,76.9835357666,38.5065422058
2024-03-01,88.2034912109,192.88999939,85.58253479,496.598846436,97.5868301392,45.5905723572,77.9013900757,39.0228424072
2024-03-04,87.9864425659,196.009994507,85.3921432495,496.06628418,97.5048141479,45.4701080322,78.6303024292,38.8632659912
2024-03-05,88.4657516479,197.190002441,85.9179763794,491.10848999,97.9512023926,45.3589134216,77.6764221191,38.6004180908
2024-03-06,88.6014099121,198.809997559,86.1264724731,493.597045898,97.987663269,45.9056282043,78.063369751,39.0791778564
2024-03-07,88.7913208008,199.940002441,86.271522522,498.496704102,97.9330062866,46.4338111877,78.0453720093,39.2669143677
2024-03-08,88.8727035522,201.630004883,86.3349914551,495.504669189,98.0149841309,46.3040809631,78.9452514648,39.2012023926
2024-03-11,88.7732543945,202,86.2261962891,495.078674316,97.8418960571,46.0724220276,78.5672988892,39.3044700623
2024-03-12,88.547164917,199.789993286,85.8726348877,500.404296875,97.6505889893,46.4245414734,78.3963241577,39.6424064636
2024-03-13,88.3843841553,201.190002441,85.6822357178,499.620025635,97.5139389038,46.4338111877,78.0003890991,39.4171142578
2024-03-14,87.8236618042,200.350006104,85.0476379395,498.632354736,96.9217758179,46.1280288696,76.8305358887,39.2012023926
2024-03-15,87.8145980835,199.710006714,84.9025802612,495.208404541,96.8580169678,46.0879516602,76.6595916748,39.08751297
2024-03-18,87.7241668701,200.029998779,84.8028411865,498.151519775,96.7669143677,46.0972671509,76.6955795288,39.172077179
2024-03-19,87.9412155151,199.800003052,85.0476379395,500.919830322,96.9035644531,46.1718254089,76.6685943604,39.0123443604
2024-03-20,88.1220932007,202.179992676,85.2470855713,505.553009033,97.2861938477,46.675113678,77.1725158691,39.3224182129
2024-03-21,88.1854171753,201.970001221,85.256149292,507.22366333,97.459274292,46.7030715942,77.7304229736,39.3506011963
2024-03-22,88.4657516479,200.350006104,85.6731948853,506.262115479,97.7963562012,46.5446357727,76.7520675659,39.0969085693
2024-03-25,88.3029937744,200.990005493,85.4465103149,504.863342285,97.4866256714,46.4793891907,76.2801437378,39.0969085693
2024-03-26,88.3934249878,201.63999939,85.5734634399,503.930877686,97.5139389038,46.5446357727,75.971572876,39.0123443604
2024-03-27,88.6827926636,203.100006104,85.8998413086,508.165893555,97.8145675659,46.8521995544,77.9319152832,39.1157073975
2024-03-28,88.5742950439,205.720001221,85.8182449341,508.068786621,97.8510131836,46.7589988708,78.4855041504,39.2472457886
2024-04-01,87.9302825928,207.820007324,85.0417404175,507.184783936,97.2174835205,46.572593689,77.1695556641,39.4069747925
2024-04-02,87.8667907715,210.88999939,84.8598937988,503.96005249,97.2448272705,46.2836685181,76.1984558105,39.5385284424
2024-04-03,87.9212112427,212.740005493,84.9598922729,504.513641357,97.2448272705,46.5353126526,76.2801437378,39.5949058533
2024-04-04,88.1298294067,211.520004272,85.2508773804,498.355499268,97.6094436646,46.1625022888,75.7900772095,39.4539642334
2024-04-05,87.6944351196,215.13999939,84.6871261597,503.561798096,97.1992645264,46.3302688599,76.1803283691,39.5761108398
2024-04-08,87.6127929688,216.479995728,84.4961929321,503.843444824,97.1627807617,46.5539512634,76.9971160889,39.8204116821
2024-04-09,87.9121246338,217.669998169,84.8326263428,504.426239014,97.418006897,46.5632705688,78.0226669312,40.1680526733
2024-04-10,86.8599319458,215.61000061,83.7051544189,499.375366211,96.4791183472,45.8642654419,74.7917556763,39.7264442444
2024-04-11,86.8780975342,219.800003052,83.5869445801,503.144134521,96.3970718384,46.0320281982,75.0458831787,39.8579902649
2024-04-12,87.0413665771,216.88999939,83.9324798584,496.199188232,96.7343444824,45.2304954529,74.156463623,39.08751297
2024-04-15,86.5152587891,220.949996948,83.3960113525,489.982757568,96.4244232178,45.072052002,72.8949584961,38.8432197571
2024-04-16,86.2703475952,221.220001221,83.0686721802,489.089141846,96.0324707031,44.5967254639,71.8694152832,38.364025116
2024-04-17,86.6694717407,219.589996338,83.5960617065,486.194549561,96.4061965942,44.6246871948,71.3430480957,38.4297904968
2024-04-18,86.4245605469,220.339996338,83.3050765991,485.194152832,96.2785568237,44.578086853,71.3521118164,38.5331459045
2024-04-19,86.5152587891,221.029998779,83.4142150879,480.959106445,96.4244232178,44.606048584,71.6969833374,38.4203948975
2024-04-22,86.5696792603,215.570007324,83.4232940674,485.388366699,96.4335632324,45.0906906128,72.3322753906,38.749256134
2024-04-23,86.7510986328,215.039993286,83.532409668,491.148254395,96.5246810913,45.54737854,72.9947891235,39.0687255859
2024-04-24,86.524307251,214.63999939,83.2778015137,490.915161133,96.3241577148,45.4168968201,73.1309356689,39.1908721924
2024-04-25,86.2794113159,215.919998169,82.9595794678,489.050262451,96.1782989502,45.2211799622,72.7134552002,39.3130187988
2024-04-26,86.469909668,216.619995117,83.1868896484,493.683502197,96.4244232178,45.5567016602,72.7497558594,39.7640304565
2024-04-29,86.7329483032,216.179992676,83.5233001709,495.431854248,96.6614303589,45.8083457947,73.4939498901,40.1586608887
2024-04-30,86.3791885376,211.869995117,83.1323318481,487.583618164,96.1965255737,45.1652603149,72.2505874634,39.623085022
2024-05-01,86.6839904785,213.789993286,83.461555481,486.000305176,96.3552856445,45.109336853,72.2778244019,39.6700630188
2024-05-02,87.0752563477,213.130004883,83.8536834717,490.546051025,96.7039718628,45.7710609436,73.2942810059,40.6378593445
2024-05-03,87.5210952759,212.960006714,84.3187561035,496.626525879,97.1994552612,46.1904678345,73.784362793,40.9949188232
2024-05-06,87.584777832,215.199996948,84.3917160034,501.755187988,97.2453384399,46.5539512634,73.8478927612,40.9197387695
2024-05-07,87.7667617798,214.210006714,84.6105957031,502.308807373,97.2269821167,46.6191940308,74.5467224121,40.6284675598
2024-05-08,87.584777832,213.580001831,84.3734588623,502.357299805,97.1168670654,46.572593689,73.9204940796,40.5908851624
2024-05-09,87.748588562,216.949996948,84.6288375854,505.251800537,97.4655609131,46.9174385071,75.4361190796,40.7506141663
2024-05-10,87.5665817261,218.710006714,84.3552398682,505.902770996,97.3095779419,46.9360771179,75.2273788452,40.8351783752
2024-05-13,87.6120681763,216.259994507,84.4555587769,505.970550537,97.3462600708,46.9267578125,75.4724273682,41.1546401978
2024-05-14,87.8486633301,218.089996338,84.7017822266,508.29208374,97.529800415,47.2529602051,76.0532608032,41.3613586426
2024-05-15,88.4309997559,220.88999939,85.3401641846,514.586242676,98.0252838135,47.7282905579,77.1060180664,41.7184028625
2024-05-16,88.3308792114,220.029998779,85.1760101318,513.527526855,97.8876495361,47.4580001831,77.0515670776,41.8781356812
2024-05-17,88.0488128662,223.660003662,84.911529541,514.26574707,97.7958908081,47.6257629395,77.0424880981,42.1788063049
2024-05-20,87.9669189453,224.559997559,84.7838516235,514.858154297,97.759185791,47.6444015503,76.5887145996,42.0848503113
2024-05-21,88.1306991577,224.229995728,85.0027313232,516.12097168,97.9427185059,47.5698394775,76.5615005493,41.840549469
2024-05-22,88.0215148926,220.11000061,84.8932952881,514.634887695,97.9243469238,47.1224822998,75.8717498779,41.7184028625
2024-05-23,87.7758560181,215.720001221,84.5923690796,510.875823975,97.5481262207,46.8615112305,74.2381515503,41.3989448547
2024-05-24,87.8759613037,215.919998169,84.7017822266,514.25604248,97.6674194336,47.243637085,74.2925872803,41.5304870605
2024-05-28,87.466506958,218.190002441,84.2275772095,514.61541748,97.3737792969,47.2529602051,73.8025360107,41.4177322388
2024-05-29,87.1298599243,216.160003662,83.8171844482,511.01184082,97.1443939209,46.442111969,73.0855407715,40.9009475708
2024-05-30,87.5392913818,216.570007324,84.2367019653,507.621917725,97.5205993652,46.8615112305,74.156463623,40.8257789612
2024-05-31,87.8213500977,215.300003052,84.6288375854,512.245361328,97.9059906006,47.2716026306,75.5450286865,40.4781303406
2024-06-03,88.3525619507,217.220001221,85.1831054688,512.663085938,98.3189697266,47.3927574158,75.3725967407,40.8821563721
2024-06-04,88.6720275879,215.270004272,85.6496047974,513.23614502,98.623840332,47.2529602051,75.9534301758,40.2432289124
2024-06-05,88.9458465576,217.820007324,85.9605865479,519.335998535,98.8733062744,47.5791625977,75.8626708984,40.7600059509
2024-06-06,88.9732284546,219.429992676,85.9240036011,519.326293945,98.7901535034,47.7003288269,76.0078887939,40.9479255676
2024-06-07,88.1882858276,211.600006104,85.0184707642,518.695007324,97.9771347046,47.113155365,75.2909240723,40.6096763611
2024-06-10,88.1152420044,213.539993286,84.8355712891,520.297668457,97.8385467529,47.1784057617,75.5450286865,40.8257789612
2024-06-11,88.4164657593,214.149993896,85.2837524414,521.550537109,98.1064910889,46.647151947,75.2727508545,40.7318153381
2024-06-12,88.8363265991,214.720001221,85.7593612671,525.83416748,98.2542877197,47.2156829834,75.9443435669,41.0512809753
2024-06-13,89.2835617065,212.970001221,86.3264465332,526.892883301,98.6423110962,46.5539512634,76.2529296875,41.0043029785
2024-06-14,89.3748168945,215.729995728,86.5276794434,527.213500977,98.7624282837,46.1345481873,76.2347717285,41.1170539856
2024-06-17,89.0553741455,214.61000061,86.1252365112,531.409606934,98.623840332,46.3023071289,75.9352722168,41.3425598145
2024-06-18,89.3748168945,215.470001221,86.5002365112,532.75970459,99.0211029053,46.4887161255,76.2347717285,41.6714248657
2024-06-20,89.2196807861,218.160003662,86.2807235718,531.3125,99.0395889282,46.4887161255,76.0169677734,41.5962486267
2024-06-21,89.2287902832,214.779998779,86.2990341187,530.600158691,98.8917694092,46.1792182922,76.2075424194,41.4547691345
2024-06-24,89.3018341064,215.630004883,86.3722000122,528.875244141,98.9471893311,46.5837211609,76.7974624634,41.4264755249
2024-06-25,89.2926940918,214.559997559,86.4453659058,530.91192627,99.0672988892,46.6495704651,75.8535995483,41.303855896
2024-06-26,88.8910903931,212.580001831,85.9240036011,531.574584961,98.7716522217,46.3391456604,75.6176223755,41.1906661987
2024-06-27,89.037109375,214.990005493,86.1160812378,532.412658691,98.9564437866,46.4520263672,76.3527450562,41.1718063354
2024-06-28,88.5990066528,215.009994507,85.6587524414,530.317443848,98.6515808105,46.4896507263,76.9619522095,41.2755508423
2024-07-01,88.1238098145,215.570007324,85.0211257935,531.408935547,98.259147644,46.5272789001,76.2360687256,41.369884491
2024-07-02,88.4168167114,215.559997559,85.3422164917,534.985107422,98.444694519,46.6307601929,76.5944061279,41.5207977295
2024-07-03,88.8928909302,217.990005493,85.9110488892,537.372680664,98.8343276978,47.1857719421,76.5208969116,42.133895874
2024-07-05,89.3415374756,220.929992676,86.388130188,540.471252441,99.2796020508,47.4867973328,76.7322463989,42.124458313
2024-07-08,89.3690109253,218.190002441,86.4156646729,541.094970703,99.2424926758,47.2798423767,76.9803009033,42.124458313
2024-07-09,89.286605835,218.559997559,86.2963867188,541.621154785,99.0940551758,47.1199302673,76.9619522095,42.3036727905
2024-07-10,89.3781585693,219.36000061,86.378944397,546.980712891,99.2796020508,47.7784194946,77.5316162109,42.4734535217
2024-07-11,89.8359298706,223.25,86.9294433594,542.264282227,99.5764312744,47.9665565491,79.7552261353,42.8035774231
2024-07-12,90.0831375122,223.11000061,87.1129379272,545.684692383,99.7341537476,48.4463195801,80.3616485596,43.001663208
2024-07-15,89.7718582153,223.830001831,86.8376922607,547.18536377,99.6692199707,48.0794410706,80.9037780762,42.5583496094
2024-07-16,90.138092041,228.289993286,87.2230072021,550.430297852,99.9753417969,48.361656189,81.8960952759,42.8318824768
2024-07-17,90.2021560669,227.229995728,87.2964096069,542.712585449,100.012458801,48.0888442993,82.4566040039,42.2093467712
2024-07-18,89.9549713135,225.779998779,87.0486907959,538.541931152,99.7898025513,47.6184997559,81.7307128906,41.8414916992
2024-07-19,89.7718582153,221.729995728,86.773475647,534.965637207,99.5486221313,47.3362808228,81.5837097168,41.4359054565
2024-07-22,89.735244751,221.800003052,86.6908950806,540.481201172,99.4279937744,47.7972335815,82.4290313721,41.7565994263
2024-07-23,89.7260894775,222.580001831,86.7551345825,539.633239746,99.3723602295,47.552646637,82.3647079468,41.3227233887
2024-07-24,89.4514083862,221.800003052,86.562461853,527.403869629,99.0755081177,46.9600028992,81.1518554688,40.8888320923
2024-07-25,89.6986083984,218.330001831,86.7551345825,524.655883789,99.3167037964,46.668384552,80.885383606,40.7850837708
2024-07-26,90.0190658569,220.630004883,87.1679763794,530.531921387,99.6321105957,47.2798423767,82.3003997803,41.2378311157
2024-07-29,90.1655426025,220.320007324,87.3147659302,530.843688965,99.7341537476,47.091709137,82.7230529785,41.0963478088
2024-07-30,90.2571258545,222.520004272,87.4982833862,528.154174805,99.8083648682,47.1951828003,83.3662490845,40.9831581116
2024-07-31,90.7423629761,226.550003052,88.1404953003,536.739074707,100.355705261,47.8912963867,83.0722198486,41.7754669189
2024-08-01,91.1225891113,225.770004272,88.5168609619,529.138427734,100.488571167,46.668384552,83.9083709717,41.0869140625
2024-08-02,92.1419830322,225.339996338,89.8880004883,519.286621094,100.971733093,45.8499717712,83.8624191284,40.6435966492
2024-08-05,92.0685195923,222.479995728,89.9800262451,504.163208008,101.259757996,44.7775726318,81.4642486572,39.5211601257
2024-08-06,91.5174942017,220.699996948,89.1794204712,508.811187744,100.6743927,44.8528213501,83.0722198486,39.7946929932
2024-08-07,91.241973877,220.550003052,88.8573226929,505.410461426,100.367782593,45.069190979,82.5025405884,40.1059608459
2024-08-08,91.1042098999,224.009994507,88.5904693604,517.094177246,100.274856567,45.8405609131,83.3111114502,40.9737243652
2024-08-09,91.4256362915,224.559997559,88.9493637085,519.374389648,100.535018921,46.0004844666,83.6970214844,41.0774803162
2024-08-12,91.5817718506,228.410003662,89.1978225708,519.647338867,100.804473877,46.0192985535,83.0813980103,41.2566947937
2024-08-13,91.9491119385,228.059997559,89.5935287476,528.19317627,101.018196106,46.77186203,83.8072891235,41.5679588318
2024-08-14,92.114402771,226.199996948,89.7131729126,529.85949707,100.962432861,46.9505958557,84.0278167725,41.303855896
2024-08-15,91.7286987305,226.910003662,89.1517944336,538.94152832,100.748733521,47.5244216919,83.9634933472,41.7565994263
2024-08-16,91.9491119385,231.990005493,89.3266677856,540.149780273,100.71157074,47.806640625,83.9175643921,42.190486908
2024-08-19,92.0501556396,231.61000061,89.4462814331,545.314453125,100.776618958,48.361656189,84.6158676147,42.624370575
2024-08-20,92.325668335,232.460006714,89.8051681519,544.427612305,101.176147461,48.2299575806,84.5148010254,42.2093467712
2024-08-21,92.5001907349,232.149993896,89.9892272949,546.298583984,101.399124146,48.6532745361,84.9650268555,42.4074249268
2024-08-22,92.123588562,229.369995117,89.5751266479,542.010925293,101.083229065,48.3146209717,85.2131118774,41.9075202942
2024-08-23,92.546081543,232.020004272,89.9892272949,547.770019531,101.622123718,49.2459182739,87.0875473022,42.5111808777
2024-08-26,92.4634246826,232.759994507,89.8787841797,546.464233398,101.63143158,49.0483703613,87.0507888794,42.2376480103
2024-08-27,92.4909744263,233.38999939,89.8420028687,547.214538574,101.63143158,49.2365112305,87.1794128418,42.2848129272
2024-08-28,92.4083480835,231.75,89.7959671021,544.037841797,101.622123718,48.9919281006,86.8394622803,42.0112800598
2024-08-29,92.2889328003,232.949996948,89.639541626,544.086486816,101.482780457,49.123626709,86.5729980469,42.0678634644
2024-08-30,92.0685195923,231.289993286,89.3266677856,549.280395508,101.157562256,49.2835502625,87.4091339111,42.1810569763
2024-09-03,92.45728302,230.289993286,89.915512085,537.976745605,101.362030029,48.4274978638,87.3631973267,41.5396614075
2024-09-04,92.8626327515,230.429992676,90.4416122437,536.875610352,101.631568909,48.2769851685,87.6112823486,41.5207977295
2024-09-05,93.1021575928,232.350006104,90.6539077759,535.569885254,101.696617126,48.286403656,87.3264465332,41.6339912415
2024-09-06,93.2219238281,230.630004883,90.7830886841,526.556152344,101.761680603,47.3833236694,87.2437438965,41.0303192139
2024-09-09,93.3600997925,231.600006104,90.9123077393,532.451538086,101.994018555,47.8912963867,88.2177200317,41.3132858276
2024-09-10,93.6457061768,232.619995117,91.299949646,534.770751953,102.217102051,47.7031593323,89.4949035645,41.2189674377
2024-09-11,93.6180648804,232.25,91.2353363037,540.256958008,102.282150269,47.9759635925,89.3203201294,41.4736366272
2024-09-12,93.5351486206,236.330001831,91.0876846313,544.807617188,102.300735474,48.4086875916,89.697052002,41.7471733093
2024-09-13,93.7285995483,238.679992676,91.263053894,547.653076172,102.644622803,48.5403900146,90.6342697144,41.9358139038
2024-09-16,93.9497375488,238.660003662,91.5030136108,548.461853027,102.997810364,48.9260787964,90.9374847412,42.0961685181
2024-09-17,93.8575973511,237.339996338,91.3368835449,548.685974121,102.960632324,48.6908950806,90.3034667969,42.1433296204
2024-09-18,93.562789917,235.509994507,90.9400024414,547.05871582,102.579582214,48.5215797424,90.1932144165,41.9924125671
2024-09-19,93.5719909668,239.169998169,90.8661575317,556.393859863,102.886276245,49.45287323,90.2116088867,42.8696098328
2024-09-20,93.489074707,242.210006714,90.8385009766,555.432128906,102.746864319,49.0038719177,89.853263855,42.8450126648
2024-09-23,93.452255249,242.679992676,90.7830886841,556.820068359,102.756149292,49.2019615173,90.7445144653,43.1950378418
2024-09-24,93.581237793,246.070007324,90.8846206665,558.413269043,103.007095337,49.5038070679,90.8731765747,44.6992073059
2024-09-25,93.2219238281,245.729995728,90.5154266357,557.18170166,102.616752625,49.192527771,90.2667236328,44.2451171875
2024-09-26,93.2403488159,246.979995728,90.4508514404,559.390686035,102.486618042,50.2867393494,89.4489746094,45.6546783447
2024-09-27,93.5075073242,245.020004272,90.810798645,558.579406738,102.737571716,49.9754524231,89.5629272461,45.6452178955
2024-09-30,93.2956237793,243.059997559,90.5615921021,560.817810059,102.672531128,49.8150978088,90.2671279907,45.2668075562
2024-10-01,93.542350769,245.61000061,90.89112854,555.793762207,103.009338379,49.4660797119,89.6833953857,45.6073760986
2024-10-02,93.3483047485,245.660003662,90.6319503784,556.028320312,102.916275024,49.3811836243,89.368347168,46.5533943176
2024-10-03,92.9694290161,245.490005493,90.1691207886,555.01184082,102.478973389,48.9189720154,88.5529632568,45.8533401489
2024-10-04,92.3687973022,245,89.2989654541,560.055358887,101.781143188,49.2113876343,88.126739502,46.411491394
2024-10-07,92.0546264648,244.169998169,88.9750137329,554.992248535,101.669487,48.9378433228,87.3484115601,46.818271637
2024-10-08,92.2116928101,242.369995117,89.0490646362,560.241149902,101.836982727,48.8623733521,87.5244674683,45.4465560913
2024-10-09,91.9714431763,241.050003052,88.7158050537,564.121582031,101.650871277,48.8812408447,87.6171112061,45.1343688965
2024-10-10,91.9160079956,242.820007324,88.7065582275,563.134338379,101.855575562,48.7963447571,86.8387985229,45.2289733887
2024-10-11,91.9437255859,245.470001221,88.7343215942,566.506469727,101.864891052,49.0415992737,87.8209686279,45.550617218
2024-10-14,91.8605728149,245.070007324,88.576965332,571.139648438,101.762519836,49.1453552246,88.3491134644,45.3330307007
2024-10-15,92.230178833,245.919998169,89.0305557251,566.701965332,101.874198914,48.4473228455,89.414680481,44.4248542786
2024-10-16,92.3502960205,247.149993896,89.169380188,569.165161133,101.892814636,48.6359825134,90.3968582153,44.8411064148
2024-10-17,91.8975296021,248.630004883,88.7065582275,569.214050293,101.585746765,48.6171226501,89.6833953857,44.6992073059
2024-10-18,91.9621963501,251.270004272,88.808380127,571.403625488,101.753234863,48.8906784058,90.3505249023,45.2478942871
2024-10-21,91.3246154785,251.220001221,88.1233901978,570.465209961,101.018180847,48.3341255188,88.5807647705,44.9262466431
2024-10-22,91.3430938721,253.929992676,88.0400695801,570.162109375,101.15776062,48.0888710022,88.7104797363,44.8694839478
2024-10-23,91.1120834351,250.869995117,87.8364257812,564.952331543,100.906517029,47.6266670227,89.3590774536,44.5856819153
2024-10-24,91.287651062,252.800003052,88.0308227539,566.174133301,101.008850098,47.7964553833,89.5536727905,44.5383834839
2024-10-25,91.1028366089,253.320007324,87.8364257812,565.978637695,100.73903656,47.645526886,88.7104797363,44.5005455017
2024-10-28,90.9549789429,253.330001831,87.6327667236,567.728393555,100.543655396,47.9945526123,88.9884567261,44.6424369812
2024-10-29,91.0566482544,256.089996338,87.6698150635,568.647155762,100.692527771,47.834186554,88.3491134644,44.47215271
2024-10-30,90.964225769,257.5,87.5401992798,566.926818848,100.887908936,47.598361969,88.7382659912,44.15051651
2024-10-31,90.9457550049,253.509994507,87.4939346313,555.813354492,100.776275635,47.2587814331,87.2372283936,44.0559082031
2024-11-01,90.5842056274,252.470001221,86.9757995605,558.159118652,100.346969604,47.362537384,86.2735900879,44.065372467
2024-11-04,90.9642868042,252.830001831,87.4400787354,556.95690918,100.514595032,47.4285697937,87.2186889648,44.2072715759
2024-11-05,91.1774749756,253.399993896,87.4865188599,563.691467285,100.607719421,47.9285202026,88.3769073486,44.8505630493
2024-11-06,90.4637145996,245.699996948,86.5858230591,577.708068848,100.449424744,47.3153839111,86.4959640503,44.4248542786
2024-11-07,91.1496887207,249.649993896,87.2822189331,582.175048828,100.821891785,48.0322799683,87.5337295532,45.389793396
2024-11-08,91.3072891235,247.960006714,87.4679412842,584.696777344,101.101249695,47.4002723694,88.8401947021,44.2640342712
2024-11-11,91.1033325195,242.13999939,87.2265167236,585.25390625,100.766029358,47.3814048767,88.3954467773,44.0086135864
2024-11-12,90.5749435425,240.050003052,86.6786880493,583.435852051,100.235221863,46.6079139709,87.1723632812,43.2612609863
2024-11-13,90.5564117432,237.630004883,86.6229553223,583.719360352,100.048995972,46.3437957764,87.6541900635,43.0342216492
2024-11-14,90.5193252563,237.009994507,86.6136856079,579.965881348,100.03036499,46.3815231323,86.8666000366,42.769329071
2024-11-15,90.5286026001,236.589996338,86.6508407593,572.53729248,100.058288574,46.2494659424,86.9129257202,42.6841926575
2024-11-18,90.6120452881,241.089996338,86.8458175659,574.883239746,100.300415039,46.560749054,87.5429992676,43.0436706543
2024-11-19,90.7418060303,243.25,87.0315093994,576.984680176,100.458709717,46.5041465759,87.9692306519,43.1098976135
2024-11-20,90.6491394043,244.619995117,86.9015197754,577.180175781,100.412162781,46.3720932007,87.8580245972,43.1004333496
2024-11-21,90.6027755737,246.660003662,86.8551101685,580.278686523,100.281768799,46.4852790833,88.5066375732,42.9490699768
2024-11-22,90.6676483154,249.839996338,86.9107971191,582.077331543,100.356292725,46.6928024292,89.1737670898,42.9585342407
2024-11-25,91.4834136963,242.479995728,87.8486404419,584.051513672,100.905700684,46.9192008972,90.4153823853,42.9774551392
2024-11-26,91.3443527222,242.949996948,87.6629333496,587.101257324,100.672920227,46.6362113953,90.7767562866,42.7504081726
2024-11-27,91.5946273804,243.490005493,88.0157928467,585.32232666,100.989517212,46.8814697266,91.3604888916,42.9112358093
2024-11-29,91.9561538696,245.589996338,88.3871841431,588.958374023,101.278190613,47.4474372864,90.952796936,43.1098976135
2024-12-02,91.9673309326,243.440002441,88.3797302246,590.014038086,101.222221375,47.4946060181,89.6277923584,43.3274841309
2024-12-03,91.7906265259,243.929992676,88.1282577515,590.287780762,101.268852234,47.6926956177,89.1737670898,43.5072250366
2024-12-04,92.0881958008,244.669998169,88.4635467529,593.953125,101.558044434,47.7021255493,88.9328613281,43.5734443665
2024-12-05,92.1067962646,242.86000061,88.4542312622,592.975646973,101.436759949,47.9190788269,88.7197570801,43.8572502136
2024-12-06,92.3671646118,242.949996948,88.7336578369,594.099731445,101.520713806,47.8530502319,88.5900344849,43.8761711121
2024-12-09,92.0975036621,245.36000061,88.4263076782,591.040344238,101.334136963,47.7398605347,88.8401947021,44.9451637268
2024-12-10,91.9859085083,248.589996338,88.2679519653,589.202819824,101.296836853,47.3908462524,87.5522613525,44.1126708984
2024-12-11,91.7720413208,250.960006714,88.0071792603,593.757629395,101.147575378,47.7304229736,87.3484115601,44.1883544922
2024-12-12,91.4000778198,247.279998779,87.6718826294,590.698303223,100.821090698,47.2682113647,87.2094268799,43.9234733582
2024-12-13,91.0560150146,244.289993286,87.2620620728,590.580993652,100.541244507,47.1455841064,86.9592514038,43.9423904419
2024-12-16,91.1396865845,244.880004883,87.2900009155,593.102722168,100.42931366,46.9474945068,86.6534805298,43.71534729
2024-12-17,91.1396865845,243.940002441,87.2900009155,590.659118652,100.373329163,46.8343048096,86.2365188599,43.6112823486
2024-12-18,90.4455947876,239.259994507,86.6153182983,573.055419922,99.7380828857,45.6740570068,82.6784744263,42.5990486145
2024-12-19,90.2123794556,239.600006104,86.2228469849,572.879455566,99.3363571167,45.5608596802,81.3997879028,42.778793335
2024-12-20,90.4549179077,242.100006104,86.5405426025,579.760253906,99.5325164795,45.5445861816,82.7711181641,43.0171318054
2024-12-23,90.1750640869,240.960006714,86.157409668,583.232055664,99.4017410278,45.8126602173,83.0948181152,43.2012138367
2024-12-24,90.277671814,241.440002441,86.2041549683,589.71472168,99.6259536743,45.9945755005,83.6467971802,43.3756065369
2024-12-26,90.3429946899,243.070007324,86.2695770264,589.75390625,99.6259536743,46.176486969,83.8713302612,43.26902771
2024-12-27,90.1563949585,241.399993896,86.0452880859,583.545959473,99.3737106323,46.0615921021,83.0293273926,43.1140174866
2024-12-30,90.510925293,240.630004883,86.549911499,576.886657715,99.6633224487,45.7743759155,82.6176986694,42.736164093
2024-12-31,90.3989562988,242.130004883,86.3910598755,574.787963867,99.5418701172,45.7839393616,83.3380661011,42.6683425903
2025-01-02,90.4082946777,245.419998169,86.437789917,573.375671387,99.6913375854,45.6881980896,82.5989837646,42.5520820618
2025-01-03,90.3149871826,243.490005493,86.2975769043,580.544799805,99.4858093262,45.9562759399,83.684211731,42.7652282715
2025-01-06,90.2217178345,243.190002441,86.2135009766,583.889099121,99.4858093262,46.4062652588,82.6083450317,42.7555351257
2025-01-07,89.9045333862,244.559997559,85.8210220337,577.288879395,99.327003479,46.2530822754,81.8224868774,42.4842605591
2025-01-08,90.0071563721,245.86000061,85.9705505371,578.132263184,99.5885772705,46.1956367493,82.0376663208,42.2129821777
2025-01-10,89.5033950806,248.210006714,85.3444519043,569.305664062,99.2335662842,45.5062942505,80.0355987549,41.4766578674
2025-01-13,89.4194030762,245.740005493,85.1949386597,570.188354492,99.2335662842,45.3818283081,81.0179138184,41.1763114929
2025-01-14,89.4473953247,247.029998779,85.2229614258,570.972900391,99.270942688,45.5541610718,81.7570037842,41.6704177856
2025-01-15,90.2217178345,248.880004883,86.1200332642,581.358947754,99.9622650146,46.1190376282,82.2247695923,42.1064071655
2025-01-16,90.4176177979,250.600006104,86.3256378174,580.240783691,100.093055725,46.2722320557,83.9274520874,42.0870285034
2025-01-17,90.4176177979,249.270004272,86.3910598755,586.06640625,100.130432129,46.5020065308,83.8713302612,42.4358139038
2025-01-21,90.7161560059,253.130004883,86.6807327271,591.430969238,100.205169678,47.4019813538,85.4430389404,42.8330459595
2025-01-22,90.5015792847,254.429992676,86.4564666748,594.755615234,100.093055725,47.2966690063,83.9555206299,42.7942886353
2025-01-23,90.3523254395,254.070007324,86.2321853638,598.00189209,100.186477661,47.6221961975,84.5729751587,42.9589958191
2025-01-24,90.5015792847,255.649993896,86.4097518921,596.256164551,100.363998413,47.8902740479,84.862991333,43.1915245056
2025-01-27,91.0053482056,252.990005493,86.970413208,587.821838379,100.78440094,47.8041038513,85.9949951172,42.4939498901
2025-01-28,90.9773635864,255.179992676,86.9797744751,592.872680664,100.849777222,47.7562294006,84.9565353394,42.736164093
2025-01-29,90.9213867188,254.199996948,86.8769836426,590.214782715,100.728347778,47.7562294006,83.8339004517,42.7652282715
2025-01-30,91.0520095825,258.049987793,87.0638580322,593.382568359,100.831077576,48.2732391357,84.9004211426,43.4240531921
2025-01-31,90.8654098511,258.559997559,86.9237060547,590.224731445,100.905838013,47.8136787415,84.7133102417,43.0171318054
2025-02-03,90.9515304565,259.940002441,86.9855728149,586.252746582,101.139389038,47.2200775146,84.5355606079,42.7652282715
2025-02-04,91.120010376,262.5,87.2011795044,590.18560791,101.307556152,47.7945251465,84.6010437012,43.4531135559
2025-02-05,91.6067504883,264.130004883,87.7073974609,592.578369141,101.755981445,48.2540931702,85.7891769409,43.2593460083
2025-02-06,91.513130188,263.429992676,87.6042785645,594.637939453,101.57849884,48.4551544189,86.0043563843,43.4628067017
2025-02-07,91.2229690552,263.899993896,87.313659668,589.194946289,101.307556152,48.072177887,85.7236862183,43.4821853638
2025-02-10,91.2510604858,268.369995117,87.294921875,593.196350098,101.354278564,48.3785591125,85.6862716675,43.918170929
2025-02-11,91.0451431274,267.390014648,87.0699310303,593.647460938,101.326225281,48.5700378418,86.0604934692,43.7340774536
2025-02-12,90.5677719116,267.670013428,86.4699783325,591.734924316,100.718994141,48.6657829285,85.2652816772,43.9472312927
2025-02-13,91.1106567383,270.309997559,87.1168136597,597.982299805,101.279525757,49.2976799011,86.1166229248,44.1797523499
2025-02-14,91.4476089478,266.290008545,87.4824066162,597.952880859,101.466362,49.3168334961,85.7236862183,44.4510383606
2025-02-18,91.0825805664,270.700012207,87.0136871338,599.708312988,101.139389038,49.651927948,86.1072692871,44.6641807556
2025-02-19,91.2136001587,270.850006104,87.1543197632,601.120727539,101.344940186,49.2210884094,86.1727523804,44.5382347107
2025-02-20,91.3540115356,270.989990234,87.3324127197,598.619812012,101.550460815,49.4125671387,86.5843887329,45.0129699707
2025-02-21,91.7471466064,270.739990234,87.8480148315,588.380981445,101.755981445,49.0583267212,85.7330551147,44.9548416138
2025-02-24,91.9062423706,272.209991455,88.0354919434,585.703552246,101.980201721,49.0104522705,86.0698547363,44.2669487
2025-02-25,92.4772262573,268.619995117,88.7292098999,582.790771484,102.409950256,49.3647003174,87.1270065308,44.2475700378
2025-02-26,92.6269760132,269.029998779,88.9729614258,583.084960938,102.494026184,49.4412956238,86.7621383667,44.6738700867
2025-02-27,92.4865722656,264.929992676,88.8698196411,573.777709961,102.372573853,48.8572616577,87.1082992554,43.8890991211
2025-02-28,92.8984298706,263.269989014,89.3572921753,582.731933594,103.082595825,48.895565033,87.8473739624,43.3368530273
2025-03-03,93.099357605,266.739990234,89.6816558838,572.522460938,103.362861633,49.2593841553,88.2590179443,42.9202423096
2025-03-04,92.8646316528,269.059997559,89.3996047974,565.745605469,102.998512268,49.1253471375,87.2392807007,43.2884063721
2025-03-05,92.5454101562,269.619995117,88.9013214111,571.826171875,102.475349426,50.2838287354,88.2122344971,44.5769805908
2025-03-06,92.4515151978,268.25,88.8543319702,561.675598145,102.428642273,49.8146896362,85.9482269287,44.344455719
2025-03-07,92.3388519287,268.390014648,88.7415084839,564.823730469,102.2604599,50.3412780762,86.4627761841,44.5285453796
2025-03-10,92.780128479,266.040008545,89.3619995117,549.77923584,102.718238831,49.1827888489,85.6301422119,43.530620575
2025-03-11,92.4515151978,269.160003662,89.0423583984,545.20904541,102.437980652,49.0487518311,84.6291122437,43.8406600952
2025-03-12,92.1792373657,270.329986572,88.7790985107,548.102233887,102.316513062,49.4125671387,84.367149353,43.9956741333
2025-03-13,92.4609069824,275.130004883,89.1363677979,540.795776367,102.466018677,49.0391769409,82.7018890381,43.8600387573
2025-03-14,92.2731170654,275.239990234,88.8261260986,551.966308594,102.223098755,49.9774513245,84.3577957153,44.6448097229
2025-03-17,92.3951721191,276.730010986,88.9013214111,556.22265625,102.251121521,50.5710525513,85.798538208,45.2551803589
2025-03-18,92.4890670776,279.959991455,89.0047607422,550.210876465,102.363227844,50.5040283203,85.3494873047,45.138923645
2025-03-19,92.7613372803,281.109985352,89.2773895264,556.203063965,102.886398315,50.7338218689,85.4523925781,45.206741333
2025-03-20,92.8176651001,280.75,89.408996582,554.594604492,102.97984314,50.3412780762,85.3962478638,44.799823761
2025-03-21,92.7050018311,278.489990234,89.3338012695,554.777587891,102.85836792,50.0642585754,84.4513473511,44.5932502747
2025-03-24,92.348236084,277.25,88.8167190552,564.71295166,102.596794128,50.1315879822,85.7517547607,44.7290229797
2025-03-25,92.4327392578,278.470001221,88.9671478271,566.070373535,102.764953613,50.4009056091,84.7895889282,44.6805305481
2025-03-26,92.2074127197,278.239990234,88.7603225708,559.31237793,102.634162903,49.7949409485,85.1203994751,44.4089813232
2025-03-27,92.1604766846,281.970001221,88.6850814819,557.827148438,102.849029541,49.8526535034,84.9030075073,44.6999282837
2025-03-28,92.6956253052,284.059997559,89.3996047974,546.593322754,103.372215271,49.2851600647,84.7895889282,43.9434547424
2025-03-31,92.8740234375,288.140014648,89.6628723145,550.262512207,103.78326416,48.8908042908,85.5740737915,43.8949584961
2025-04-01,93.2178268433,287.570007324,89.9778823853,551.816711426,103.848136902,49.0639343262,85.6118850708,44.040435791
2025-04-02,93.1142120361,288.160003662,89.8929748535,555.308837891,103.688301086,49.1985969543,86.1317138672,44.0792312622
2025-04-03,93.6040496826,286.420013428,90.8172912598,527.942749023,104.337051392,48.1694145203,83.1922912598,43.2839698792
2025-04-04,93.6888122559,279.720001221,91.0719604492,497.035461426,103.989173889,45.1203536987,79.5818099976,40.8593635559
2025-04-07,92.5019378662,273.709991455,89.9873046875,496.150146484,102.738670349,44.1392669678,77.493019104,39.2106361389
2025-04-08,92.0215377808,275.200012207,89.5345993042,488.379058838,102.484802246,43.9084281921,75.4136886597,38.6869239807
2025-04-09,92.2287597656,285.380004883,89.2516555786,539.668273926,102.701057434,47.188331604,79.9126281738,41.2085037231
2025-04-10,91.5034332275,292.350006104,88.6951828003,516.020568848,101.478744507,46.2553329468,78.0884780884,40.6750907898
2025-04-11,91.4092407227,297.929992676,88.1952972412,525.227783203,101.516365051,47.524974823,79.0430679321,41.8001060486
2025-04-14,91.9461746216,296.230010986,88.9026794434,530.323303223,102.0052948,48.0732269287,80.6781921387,42.1880455017
2025-04-15,92.134552002,297.779998779,89.1667480469,528.837890625,101.995887756,48.4002571106,80.9239273071,42.1977386475
2025-04-16,92.426574707,307.470001221,89.5534439087,517.082885742,102.277954102,48.2944564819,80.8672103882,41.6643257141
2025-04-17,92.1910858154,306.119995117,89.2987976074,517.820617676,102.513008118,48.8138504028,82.077003479,41.9940719604
2025-04-21,91.6352920532,315.589996338,88.817779541,505.495117188,101.986488342,48.5830116272,80.3662796021,42.0425682068
2025-04-22,91.8048553467,311.109985352,88.8838119507,518.646911621,102.362579346,49.535243988,81.9257888794,42.7020568848
2025-04-23,92.0309371948,303.649993896,88.9781112671,526.683654785,102.663452148,49.6795196533,82.077003479,43.1190872192
2025-04-24,92.5395965576,308.070007324,89.4591445923,537.769775391,103.208770752,50.3143424988,82.3794708252,43.6622009277
2025-04-25,92.8787155151,304.730010986,89.7986602783,541.655395508,103.25579071,50.4297637939,82.2376861572,43.5167236328
2025-04-28,93.1330718994,309.070007324,90.157081604,541.861816406,103.613082886,50.7760276794,82.7480697632,43.6331100464
2025-04-29,93.3591384888,306.059997559,90.4683151245,545.27532959,103.791717529,50.9299240112,83.1922912598,43.7882766724
2025-04-30,93.2743530273,303.769989014,90.6097869873,545.491638184,103.91394043,50.852973938,83.4852828979,43.8852615356
2025-05-01,93.0201416016,297.459991455,90.2152023315,549.35748291,103.559654236,50.641368866,83.7593765259,43.8658638
2025-05-02,92.5665130615,297.980010986,89.6096038818,557.512268066,103.021110535,51.5647468567,84.7895889282,45.0393753052
2025-05-05,92.4058609009,306.880004883,89.4487380981,554.315307617,102.917182922,51.6609268188,84.6005630493,45.3982162476
2025-05-06,92.6326675415,315.480010986,89.6758575439,549.682189941,103.228965759,51.651309967,83.9484100342,45.1751480103
2025-05-07,92.7744140625,310.75,89.912399292,551.99395752,103.33290863,51.4685592651,84.0429229736,44.6126441956
2025-05-08,92.2924346924,304.630004883,89.2121887207,555.83996582,102.964424133,51.2954292297,83.7121200562,44.5350532532
2025-05-09,92.38697052,306.839996338,89.2784194946,555.131774902,103.058921814,51.6320724487,84.2697677612,44.8550987244
2025-05-12,92.0751037598,298.190002441,88.71068573,573.477539062,102.255828857,51.8821525574,84.6856231689,45.8637390137
2025-05-13,91.9805984497,299.459991455,88.6444396973,577.264709473,102.501480103,51.9687194824,83.6081542969,45.9413261414
2025-05-14,91.7159957886,293.160003662,88.3132476807,578.002441406,102.397544861,51.7571105957,82.7858734131,46.3195610046
2025-05-15,92.2357559204,297.839996338,88.8904571533,580.825622559,102.690437317,52.3053703308,84.2981185913,46.2419776917
2025-05-16,92.2924346924,294.239990234,88.9188690186,584.504577637,102.869941711,52.420791626,85.3472290039,46.2904663086
2025-05-19,92.2641067505,298.029998779,88.8715286255,585.143981934,102.879386902,52.8440055847,85.3661422729,46.4844360352
2025-05-20,92.1034469604,303.579986572,88.7580108643,583.176574707,102.728240967,53.0940856934,84.8652038574,46.3874588013
2025-05-21,91.4986190796,305.820007324,88.1429290771,573.34954834,102.170799255,52.8055305481,82.6062927246,46.271068573
2025-05-22,91.7632217407,303.109985352,88.4741287231,573.575866699,102.473121643,52.7478218079,82.228225708,46.1643829346
2025-05-23,91.8955459595,309.75,88.7295913696,569.660766602,102.567596436,52.9305725098,82.313293457,46.3583526611
2025-05-27,92.3113632202,304.5,89.0986480713,581.504333496,102.86050415,53.6711921692,83.7499313354,46.1934814453
2025-05-28,92.1412658691,303.809997559,88.8526153564,578.140136719,102.624305725,53.1806526184,83.6648635864,45.9122276306
2025-05-29,92.4814605713,305.609985352,89.2216567993,580.422180176,102.917182922,53.3922538757,84.4209823608,46.1158943176
2025-05-30,92.7082748413,303.600006104,89.4865951538,579.773132324,103.25730896,53.4595909119,84.4209823608,45.5824813843
2025-06-02,92.4645843506,311.670013428,89.1828079224,583.038879395,102.909698486,54.0751686096,84.5344009399,45.9025344849
2025-06-03,92.3982315063,308.910003662,89.0973587036,586.363769531,102.814994812,53.6808128357,84.3642807007,46.0092086792
2025-06-04,92.9481430054,310.899993896,89.7524261475,586.206298828,103.212799072,53.9597473145,84.6005630493,46.4650344849
2025-06-05,92.7111206055,309.329986572,89.4866027832,583.37322998,102.909698486,53.9597473145,84.5344009399,46.5814170837
2025-06-06,92.2370376587,305.179992676,88.7745742798,589.364013672,102.360343933,54.1328811646,84.940826416,46.7850875854
2025-06-09,92.3507995605,306.619995117,88.9359664917,589.895141602,102.502418518,54.1521186829,85.0542297363,47.1245307922
2025-06-10,92.5594177246,306.709991455,89.0878677368,593.239624023,102.54977417,54.2771568298,85.7820129395,47.4736709595
2025-06-11,92.8723144531,308.369995117,89.4581222534,591.547668457,102.72026062,54.2675437927,85.3188858032,47.6288490295
2025-06-12,93.2136535645,312.200012207,89.847366333,593.898681641,103.013900757,54.6907539368,85.7347488403,47.6385421753
2025-06-13,92.8817977905,316.290008545,89.515083313,587.258850098,102.862342834,54.0270767212,84.9030075073,46.9208641052
2025-06-16,92.6921615601,311.779998779,89.2587509155,592.846191406,102.72026062,54.2963981628,84.9691772461,47.35729599
2025-06-17,92.9765930176,311.940002441,89.6954574585,587.780212402,103.260147095,53.6134872437,84.6667327881,46.8238792419
2025-06-18,93.0429763794,310.260009766,89.7524261475,587.691650391,103.335922241,53.7577667236,84.9597244263,46.6977958679
2025-06-20,93.1283035278,310.130004883,89.8093719482,586.311462402,103.515892029,53.3224525452,84.9030075073,46.2591362
2025-06-23,93.3179397583,311.079986572,90.1226730347,592.102783203,103.601135254,53.7296447754,86.1789627075,46.6384658813
2025-06-24,93.6972122192,306.190002441,90.4359588623,598.643920898,103.733734131,54.4373817444,86.4057998657,47.6500244141
2025-06-25,93.6877288818,307.119995117,90.4739379883,598.979248047,103.790565491,54.1659164429,84.3264770508,47.7667427063
2025-06-26,93.9437103271,306.779998779,90.7967147827,603.665527344,104.093666077,54.7573165894,84.2482070923,48.0877113342
2025-06-27,93.678237915,301.220001221,90.5593719482,606.664794922,103.96105957,55.0966453552,84.458190918,48.0390815735
2025-06-30,94.0574874878,304.829986572,90.9201278687,609.565368652,104.226257324,55.2711486816,85.0022201538,48.107170105
2025-07-01,93.9709396362,307.549987793,90.7515563965,609.368041992,104.169250488,55.2323722839,85.6225967407,48.3016967773
2025-07-02,93.8567962646,309.25,90.5610656738,612.130615234,104.121711731,55.406879425,85.8230285645,48.4378662109
2025-07-03,93.666557312,307.140014648,90.2468185425,616.95501709,103.941146851,55.4747467041,85.91847229,48.6518516541
2025-07-07,93.3336334229,307.369995117,89.9610977173,612.357421875,103.808059692,54.7863998413,85.1835479736,48.0779876709
2025-07-08,93.2955703735,304.160003662,89.8277511597,612.022033691,103.72252655,55.1838951111,85.0594787598,48.2627868652
2025-07-09,93.6855926514,305.519989014,90.294418335,615.692138672,104.112220764,55.5620040894,85.1262969971,48.2530632019
2025-07-10,93.6570510864,306.200012207,90.2468185425,617.428466797,104.083702087,55.6007766724,85.660774231,48.3016967773
2025-07-11,93.2670669556,309.140014648,89.8277511597,615.258056641,103.912628174,55.1354217529,85.6703262329,48.2336120605
2025-07-14,93.2575302124,308.010009766,89.7896575928,616.432128906,103.979141235,55.2032852173,86.2238922119,48.2919692993
2025-07-15,92.9816665649,306.730010986,89.4372940063,613.797912598,103.703536987,54.6506690979,84.954498291,48.642124176
2025-07-16,93.1148376465,308.260009766,89.6849060059,615.849975586,104.05519104,54.912437439,85.7562179565,48.8658294678
2025-07-17,93.1529083252,307.589996338,89.6563491821,619.618713379,104.150230408,55.0384712219,85.660774231,49.1673545837
2025-07-18,93.3240966797,308.390014648,89.903968811,619.164916992,104.264282227,54.912437439,85.842124939,49.108997345
2025-07-21,93.5809249878,313.130004883,90.2182388306,620.338989258,104.530410767,55.2711486816,86.1952590942,49.3618850708
2025-07-22,93.7616653442,316.100006104,90.4753723145,620.427734375,104.625450134,55.532913208,87.6746368408,49.3716087341
2025-07-23,93.5524139404,312.179992676,90.1515808105,625.706054688,104.216766357,56.7157058716,87.8464355469,49.828754425
2025-07-24,93.4953460693,310.269989014,90.0182418823,625.913146973,104.292808533,56.3182106018,87.5410232544,49.5855903625
2025-07-25,93.6475296021,307.399993896,90.2277526855,628.557250977,104.387840271,56.2503433228,87.5505599976,49.4494247437
2025-07-28,93.5238723755,305.410003662,90.0277709961,628.399414062,104.25478363,55.4165763855,86.1475372314,49.0603599548
2025-07-29,94.0280075073,306.25,90.6182403564,626.741943359,104.815544128,55.3971862793,87.5314712524,49.0895462036
2025-07-30,93.7616653442,300.959991455,90.3039398193,625.952697754,104.406852722,54.9802970886,86.2907104492,48.6907577515
2025-07-31,93.8092498779,302.959991455,90.3801345825,623.604614258,104.235771179,54.5052452087,85.0785751343,48.4378662109
2025-08-01,94.6204986572,309.109985352,91.4206695557,613.383483887,104.963661194,54.3113479614,84.8685913086,48.1849784851
2025-08-04,94.6968383789,310.910003662,91.5448760986,622.706787109,105.268547058,55.0675582886,85.7371292114,48.6323928833
2025-08-05,94.725479126,311.160003662,91.4779968262,619.549682617,105.173271179,55.1645088196,86.1284561157,48.7880210876
2025-08-06,94.687286377,310.5,91.4111022949,624.295166016,105.087524414,55.5910873413,85.4603500366,49.0020065308
2025-08-07,94.6109466553,313.119995117,91.3442230225,623.772277832,105.201850891,55.9885826111,85.7084960938,49.3618850708
2025-08-08,94.4295959473,313.049987793,91.1340103149,628.636169434,105.135162354,56.2503433228,85.0022201538,49.3035202026
2025-08-11,94.4964370728,308.549987793,91.162689209,627.393066406,105.135162354,56.0273590088,84.4390945435,49.2451629639
2025-08-12,94.4964370728,308.269989014,91.1435623169,634.072265625,104.95413208,56.6575317383,84.9163208008,49.8093032837
2025-08-13,94.8400039673,309.209991455,91.4684371948,636.242858887,105.354278564,56.9193000793,85.7084960938,50.3734397888
2025-08-14,94.5727767944,307.25,91.1722335815,636.302001953,105.039878845,56.822353363,85.0976638794,49.8093032837
2025-08-15,94.4295959473,307.429992676,90.9906997681,634.812316895,104.839797974,57.074420929,85.5844192505,49.9551963806
2025-08-18,94.3246231079,306.950012207,90.9047012329,634.674133301,104.725471497,57.0162506104,84.8590545654,50.3345298767
2025-08-19,94.5059509277,305.269989014,91.1340103149,631.230895996,104.83026886,56.9483833313,86.3193435669,49.9746513367
2025-08-20,94.5632095337,308.359985352,91.2677841187,629.553771973,104.944618225,57.0938072205,86.567489624,49.9551963806
2025-08-21,94.343711853,307.290008545,91.0002441406,627.028076172,104.963661194,56.822353363,86.3097991943,49.8676605225
2025-08-22,94.8686447144,310.579986572,91.506652832,636.657165527,105.678237915,57.7433738708,87.9800643921,50.7430419922
2025-08-25,94.725479126,309.829986572,91.3251113892,633.855224609,105.478157043,57.0259399414,87.4742202759,50.5290565491
2025-08-26,94.8400039673,312.079986572,91.5640029907,636.509155273,105.725860596,57.045337677,87.2451553345,50.4220695496
2025-08-27,94.9354553223,312.709991455,91.7359695435,637.959533691,105.964042664,56.9774703979,87.7891769409,50.0816459656
2025-08-28,95.0499801636,315.029998779,91.946182251,640.21875,106.030738831,57.2101478577,87.5601043701,50.2664489746
2025-08-29,94.9258956909,318.070007324,91.8697280884,636.400634766,105.916412354,56.9193000793,88.037322998,50.1205482483
2025-09-02,94.6740722656,325.589996338,91.5955810547,631.684814453,105.72228241,56.4151611328,86.577041626,50.0524635315
2025-09-03,95.0187911987,328.140014648,91.9119186401,635.108215332,105.961364746,56.5411949158,86.6247634888,50.1886329651
2025-09-04,95.401802063,326.690002441,92.3241195679,640.41607666,106.123939514,56.8902168274,87.2737731934,49.9746513367
2025-09-05,95.8518371582,331.049987793,92.7746810913,638.561279297,106.592521667,57.1616668701,88.2568511963,50.5485153198
2025-09-08,96.1774291992,334.820007324,93.0622558594,640.129943848,106.812484741,57.7142868042,87.7414474487,51.0445632935
2025-09-09,95.9859085083,334.059997559,92.841758728,641.609863281,106.602104187,57.5591659546,87.5410232544,51.2390937805
2025-09-10,96.1774291992,335.260009766,93.0910186768,643.464660645,106.764663696,57.5979499817,87.397857666,51.4725265503
2025-09-11,96.3593597412,334.760009766,93.2348251343,648.812072754,106.936820984,58.2378196716,88.9917755127,52.1144752502
2025-09-12,96.2731933594,335.420013428,92.9663925171,648.594909668,106.793357849,57.9954490662,88.5813598633,52.0172119141
2025-09-15,96.4359664917,338.910003662,93.1197738647,652.047973633,106.89855957,58.4608001709,88.4381942749,52.3673667908
2025-09-16,96.4742736816,339.589996338,93.1772994995,651.150268555,106.994186401,58.3929367065,87.9705200195,52.6980705261
2025-09-17,96.3019104004,336.970001221,92.9759674072,650.341186523,106.927246094,58.1893424988,87.8559875488,53.0287628174
2025-09-18,96.0338058472,335.619995117,92.6692276001,653.379882812,106.630775452,58.3735466003,88.0468673706,52.7856063843
2025-09-19,96.0338058472,339.179992676,92.6308670044,656.616027832,106.573410034,58.1076087952,87.4742202759,52.7171669006
2025-09-22,95.9188766479,345.049987793,92.4775085449,659.722473145,106.315200806,58.4193344116,87.4933013916,52.8638191223
2025-09-23,96.0721054077,346.459991455,92.7363357544,656.131286621,106.602104187,58.3316612244,87.9705200195,52.8540420532
2025-09-24,95.8901672363,343.320007324,92.4871063232,654.043701172,106.410820007,57.9225196838,87.1052474976,52.7562675476
2025-09-25,95.756111145,344.75,92.2857818604,651.026306152,106.238693237,57.5328636169,86.845085144,52.4531898499
2025-09-26,95.823135376,346.739990234,92.2378387451,654.75604248,106.257820129,57.8738098145,87.7026519775,52.3554191589
2025-09-29,96.005065918,352.459991455,92.5062561035,656.596252441,106.391708374,58.166053772,87.7315597534,52.7367172241
2025-09-30,95.9954986572,355.470001221,92.4679031372,659.069519043,106.363014221,58.3706207275,88.0880661011,52.9713668823
2025-10-01,96.2404708862,356.029998779,92.7794647217,661.315368652,106.552711487,58.8089904785,88.2229690552,53.3037796021
2025-10-02,96.3461456299,354.790008545,92.8756027222,662.077026367,106.504806519,58.9356269836,87.7604598999,53.4504318237
2025-10-03,96.2404708862,357.640014648,92.6929168701,662.067260742,106.389831543,59.4811477661,88.0880661011,53.5677604675
2025-10-06,96.0291137695,364.380004883,92.4236831665,664.44152832,106.207824707,59.5980453491,87.2594146729,53.7535171509
2025-10-07,96.1924514771,366.260009766,92.6544570923,661.978149414,106.504806519,59.0817489624,86.941444397,53.4602127075
2025-10-08,96.2020492554,372.299987793,92.6736755371,665.925537109,106.581443787,59.266834259,86.488571167,53.7632980347
2025-10-09,96.0867614746,365.429992676,92.6063842773,663.996337891,106.45690155,58.7602844238,86.0164337158,53.294002533
2025-10-10,96.4806365967,369.119995117,93.1833114624,646.049987793,106.830543518,57.6497612,84.9179840088,51.3679504395
2025-10-13,96.6631698608,378.089996338,93.2313766479,655.963012695,107.09879303,58.2537307739,85.457572937,52.7953796387
2025-10-14,96.8168716431,380.790008545,93.4717559814,655.161682129,106.983818054,58.4290733337,86.3344039917,52.326084137
2025-10-15,96.7784423828,387.390014648,93.3659896851,658.0703125,106.955078125,58.8382148743,87.5870285034,53.118019104
2025-10-16,97.1242828369,396.450012207,93.7986984253,653.588623047,107.204170227,59.0914916992,87.2786865234,53.294002533
2025-10-17,96.9897766113,388.989990234,93.6448287964,657.29864502,106.993408203,59.1401977539,87.8471908569,53.1669044495
2025-10-20,97.1531066895,403.149993896,93.7698516846,664.134887695,107.089202881,59.6564941406,88.7336502075,53.8024024963
2025-10-21,97.2491836548,377.239990234,93.9429244995,664.124938965,107.319122314,59.1207122803,88.4831314087,53.3233337402
2025-10-22,97.2395706177,377.279998779,93.9621505737,660.672241211,107.491577148,59.1401977539,88.8589172363,53.294002533
2025-10-23,97.0666503906,378.790008545,93.6544570923,664.58996582,107.280815125,59.4421844482,88.801109314,53.694858551
2025-10-24,97.1627197266,377.519989014,93.7409973145,670.021362305,107.271232605,59.6370124817,89.0612716675,53.9490585327
2025-10-27,97.22996521,367.010009766,93.7409973145,677.926147461,107.242492676,60.0753746033,89.3117828369,54.3987960815
2025-10-28,97.2875900269,364.380004883,93.8275375366,679.726623535,107.328712463,60.0656318665,87.5581207275,54.3694648743
2025-10-29,96.8264694214,363,93.2217559814,680.053161621,106.76348114,59.7246818542,85.3034057617,54.5258979797
2025-10-30,96.6439361572,370.130004883,93.0871353149,672.573852539,106.533531189,59.4519195557,85.7080993652,53.9588317871
2025-10-31,96.5863189697,368.119995117,93.1256027222,674.780029297,106.705986023,59.4032173157,85.9297180176,53.7437438965
2025-11-03,96.4677581787,368.779998779,93.0812454224,676.046325684,106.630065918,59.5493392944,85.8044586182,53.8610610962
2025-11-04,96.515953064,362.320007324,93.1970062256,668.032775879,106.678108215,58.7602844238,85.9489822388,53.1082420349
2025-11-05,96.2557449341,366.510009766,92.7532806396,670.347839355,106.284057617,59.1304588318,86.0260620117,53.5775337219
2025-11-06,96.6123275757,366.070007324,93.2259216309,663.155456543,106.572387695,58.8576965332,85.6117324829,53.372215271
2025-11-07,96.5737838745,368.309997559,93.2645187378,663.808349609,106.591621399,59.0427856445,86.941444397,53.3233337402
2025-11-10,96.5352325439,378.380004883,93.1391067505,674.166625977,106.610839844,59.7636489868,86.8932571411,54.0370483398
2025-11-11,96.8243713379,379.869995117,93.4284896851,675.710021973,107.043357849,60.1338195801,87.8664627075,54.0957107544
2025-11-12,96.7858123779,385.989990234,93.4477767944,676.085998535,106.812683105,60.5234832764,87.2112426758,54.0859336853
2025-11-13,96.4966812134,382.869995117,93.1776885986,664.867004395,106.572387695,59.8123626709,86.1416854858,53.6068649292
2025-11-14,96.3810195923,375.959991455,93.0233688354,664.758056641,106.44745636,59.7344245911,86.324760437,53.6264152527
2025-11-17,96.4003067017,371.649993896,93.1294631958,658.564941406,106.466659546,58.9648513794,85.6117324829,53.010471344
2025-11-18,96.4581222534,374.350006104,93.2838058472,653.034606934,106.543556213,58.3608818054,85.9586181641,52.834487915
2025-11-19,96.4581222534,374.959991455,93.2162857056,655.557434082,106.409004211,58.166053772,85.2841262817,52.7171669006
2025-11-20,96.5737838745,374.850006104,93.4381332397,645.565246582,106.457054138,57.3770027161,84.9276123047,52.0914421082
2025-11-21,96.8050994873,374.269989014,93.7468032837,651.995849609,106.706954956,58.2245063782,86.3055038452,51.8861274719
2025-11-24,96.9978713989,380.200012207,93.891494751,661.592285156,106.755012512,58.5070075989,86.5367507935,52.4140777588
2025-11-25,97.1520767212,380.079986572,94.1326217651,667.815246582,106.947242737,59.0622673035,87.3365020752,52.6487236023
2025-11-26,97.3062744141,383.119995117,94.2097930908,672.425476074,107.17791748,59.6954536438,87.7219161987,52.9029273987
2025-11-28,97.1713409424,387.880004883,94.0458145142,676.095825195,106.937637329,59.9779586792,88.0109863281,53.0886878967
2025-12-01,96.7516860962,389.75,93.5408172607,673.009155273,106.515426636,59.6759719849,86.9992599487,53.0398025513
2025-12-02,96.8773956299,387.239990234,93.6182098389,674.25567627,106.544342041,59.8708076477,86.6909179688,52.9224815369
2025-12-03,97.0611038208,386.880004883,93.8116912842,676.590515137,106.785324097,60.1922721863,86.9125366211,52.8540420532
2025-12-04,96.8290481567,387.130004883,93.5214538574,677.085144043,106.640731812,60.3481369019,86.7005615234,52.9713668823
2025-12-05,96.7226791382,386.440002441,93.3279876709,678.371276855,106.467216492,60.4358062744,86.6041946411,53.1864585876
2025-12-08,96.5679855347,385.420013428,93.1344833374,676.333251953,106.255172729,60.3091697693,85.9393463135,52.9909210205
2025-12-09,96.4809494019,387.399993896,92.9990386963,675.749572754,106.120201111,60.2409820557,85.6117324829,52.9029273987
2025-12-10,96.7903594971,389.049987793,93.2989654541,680.231262207,106.467216492,60.9228858948,85.9200744629,53.3428916931
2025-12-11,96.809715271,393.239990234,93.3086242676,681.814147949,106.419036865,61.1761550903,86.2958602905,53.2255630493
2025-12-12,96.5099487305,395.440002441,93.0570983887,674.483276367,106.255172729,60.8644294739,86.1898727417,52.7367172241
2025-12-15,96.6066589355,395.799987793,93.1344833374,673.464233398,106.17804718,61.2151184082,86.4596710205,52.5802841187
2025-12-16,96.7903594971,395.890014648,93.3957061768,671.624084473,106.19732666,60.8449478149,85.82371521,52.2869796753
2025-12-17,96.7613525391,399.290008545,93.3763427734,664.233825684,106.312995911,60.4163246155,86.1416854858,51.9447860718
2025-12-18,97.0030975342,398.570007324,93.6182098389,669.249694824,106.515426636,60.8936538696,85.6888198853,52.3847503662
2025-12-19,96.8614501953,399.019989014,93.4075927734,675.315368652,106.304634094,61.2601852417,85.3612136841,52.9460105896
2025-12-22,96.8226547241,408.230010986,93.3105316162,679.522521973,106.149925232,61.5474700928,85.7997512817,53.2849655151
2025-12-23,96.8226547241,413.640014648,93.2717132568,682.628173828,106.198265076,61.9536209106,85.7414016724,53.5341911316
2025-12-24,97.0360946655,411.929992676,93.5143585205,685.02947998,106.420661926,62.0923080444,86.3053665161,53.514251709
2025-12-26,97.0554885864,416.739990234,93.6017074585,684.960021973,106.411003113,62.2210922241,86.40259552,53.8532028198
2025-12-29,97.171913147,398.600006104,93.7375869751,682.519042969,106.50769043,62.1319351196,86.57762146,53.4444694519
2025-12-30,97.133102417,398.890014648,93.6405334473,681.68560791,106.488349915,62.2012786865,86.7526473999,53.6438522339
2025-12-31,96.9002609253,396.309997559,93.3299484253,676.635009766,106.275627136,61.8842773438,86.0428314209,53.59400177
