Date,nav,fees,gross_traded_notional,gross_turnover,rebalance
2015-01-02,100000,0,0,0,False
2015-01-05,99330.8938076,0,0,0,False
2015-01-06,99150.5562372,0,0,0,False
2015-01-07,99797.7259352,0,0,0,False
2015-01-08,100525.975101,0,0,0,False
2015-01-09,100419.977378,0,0,0,False
2015-01-12,100329.04007,0,0,0,False
2015-01-13,100316.691327,0,0,0,False
2015-01-14,100233.650579,0,0,0,False
2015-01-15,100555.786239,0,0,0,False
2015-01-16,101152.471632,0,0,0,False
2015-01-20,101440.406678,0,0,0,False
2015-01-21,101707.635528,0,0,0,False
2015-01-22,102460.777218,0,0,0,False
2015-01-23,102203.823542,0,0,0,False
2015-01-26,102378.565423,0,0,0,False
2015-01-27,102111.540518,0,0,0,False
2015-01-28,101528.64475,0,0,0,False
2015-01-29,101737.836833,0,0,0,False
2015-01-30,101301.632502,0,0,0,False
2015-02-02,101828.48045,1.07490462039,2149.80924077,0.0211118396156,True
2015-02-03,102320.753562,0,0,0,False
2015-02-04,102137.928282,0,0,0,False
2015-02-05,102628.510143,0,0,0,False
2015-02-06,101588.610807,0,0,0,False
2015-02-09,101363.6773,0,0,0,False
2015-02-10,101709.350004,0,0,0,False
2015-02-11,101468.756553,0,0,0,False
2015-02-12,102206.098941,0,0,0,False
2015-02-13,102452.111553,0,0,0,False
2015-02-17,102168.045722,0,0,0,False
2015-02-18,102480.91316,0,0,0,False
2015-02-19,102262.815812,0,0,0,False
2015-02-20,102629.217405,0,0,0,False
2015-02-23,102654.752372,0,0,0,False
2015-02-24,102983.013061,0,0,0,False
2015-02-25,103023.988079,0,0,0,False
2015-02-26,102780.784707,0,0,0,False
2015-02-27,102848.298721,0,0,0,False
2015-03-02,102834.647525,1.91079279908,3821.58559817,0.0371617415117,True
2015-03-03,102504.30118,0,0,0,False
2015-03-04,102190.011355,0,0,0,False
2015-03-05,102274.012821,0,0,0,False
2015-03-06,100809.566477,0,0,0,False
2015-03-09,101063.295625,0,0,0,False
2015-03-10,100198.662147,0,0,0,False
2015-03-11,100217.644968,0,0,0,False
2015-03-12,100904.511214,0,0,0,False
2015-03-13,100509.588484,0,0,0,False
2015-03-16,101267.296926,0,0,0,False
2015-03-17,101159.968311,0,0,0,False
2015-03-18,102608.281615,0,0,0,False
2015-03-19,102059.007345,0,0,0,False
2015-03-20,103082.343484,0,0,0,False
2015-03-23,103181.662892,0,0,0,False
2015-03-24,103105.845667,0,0,0,False
2015-03-25,102324.665506,0,0,0,False
2015-03-26,101977.13756,0,0,0,False
2015-03-27,102133.311451,0,0,0,False
2015-03-30,102563.354512,0,0,0,False
2015-03-31,102095.769632,0,0,0,False
2015-04-01,102485.265586,0.741513405199,1483.02681041,0.0144705297083,True
2015-04-02,102725.045315,0,0,0,False
2015-04-06,103370.136807,0,0,0,False
2015-04-07,103155.590614,0,0,0,False
2015-04-08,103370.474701,0,0,0,False
2015-04-09,103311.560541,0,0,0,False
2015-04-10,103605.336889,0,0,0,False
2015-04-13,103317.603741,0,0,0,False
2015-04-14,103532.276423,0,0,0,False
2015-04-15,103876.664656,0,0,0,False
2015-04-16,103935.166705,0,0,0,False
2015-04-17,103366.585021,0,0,0,False
2015-04-20,103541.950584,0,0,0,False
2015-04-21,103685.767625,0,0,0,False
2015-04-22,103666.499678,0,0,0,False
2015-04-23,104004.215205,0,0,0,False
2015-04-24,104153.09578,0,0,0,False
2015-04-27,104294.054219,0,0,0,False
2015-04-28,104357.8748,0,0,0,False
2015-04-29,103759.885273,0,0,0,False
2015-04-30,102955.637031,0,0,0,False
2015-05-01,103326.162108,1.28527234844,2570.5446969,0.0248776560543,True
2015-05-04,103472.818606,0,0,0,False
2015-05-05,102707.41393,0,0,0,False
2015-05-06,102370.401094,0,0,0,False
2015-05-07,102532.348591,0,0,0,False
2015-05-08,103595.112914,0,0,0,False
2015-05-11,102862.144939,0,0,0,False
2015-05-12,102870.427117,0,0,0,False
2015-05-13,103115.725449,0,0,0,False
2015-05-14,103903.536594,0,0,0,False
2015-05-15,104288.637329,0,0,0,False
2015-05-18,104093.372739,0,0,0,False
2015-05-19,103727.165986,0,0,0,False
2015-05-20,103808.330556,0,0,0,False
2015-05-21,104053.747077,0,0,0,False
2015-05-22,103843.248833,0,0,0,False
2015-05-26,103091.269102,0,0,0,False
2015-05-27,103587.176255,0,0,0,False
2015-05-28,103447.612905,0,0,0,False
2015-05-29,103027.357037,0,0,0,False
2015-06-01,102968.65862,0.381848997757,763.697995527,0.00741677296447,True
2015-06-02,102829.178958,0,0,0,False
2015-06-03,102628.373647,0,0,0,False
2015-06-04,102136.751755,0,0,0,False
2015-06-05,101603.303497,0,0,0,False
2015-06-08,101469.790595,0,0,0,False
2015-06-09,101226.777633,0,0,0,False
2015-06-10,101992.986904,0,0,0,False
2015-06-11,102313.290244,0,0,0,False
2015-06-12,101919.730908,0,0,0,False
2015-06-15,101723.13943,0,0,0,False
2015-06-16,102002.365,0,0,0,False
2015-06-17,102146.376249,0,0,0,False
2015-06-18,102833.627836,0,0,0,False
2015-06-19,102688.504817,0,0,0,False
2015-06-22,102782.259083,0,0,0,False
2015-06-23,102707.767667,0,0,0,False
2015-06-24,102344.763066,0,0,0,False
2015-06-25,102111.989958,0,0,0,False
2015-06-26,101970.801293,0,0,0,False
2015-06-29,100991.584045,0,0,0,False
2015-06-30,100982.216285,0,0,0,False
2015-07-01,101243.744155,0.245070612553,490.141225141,0.00484118838946,True
2015-07-02,101356.497972,0,0,0,False
2015-07-06,101040.765545,0,0,0,False
2015-07-07,101186.190725,0,0,0,False
2015-07-08,100239.851813,0,0,0,False
2015-07-09,100445.295016,0,0,0,False
2015-07-10,101280.437928,0,0,0,False
2015-07-13,101598.648611,0,0,0,False
2015-07-14,101912.69153,0,0,0,False
2015-07-15,101844.238482,0,0,0,False
2015-07-16,102304.338233,0,0,0,False
2015-07-17,102188.603816,0,0,0,False
2015-07-20,101877.782239,0,0,0,False
2015-07-21,101743.283079,0,0,0,False
2015-07-22,101488.04318,0,0,0,False
2015-07-23,101223.987747,0,0,0,False
2015-07-24,100786.657036,0,0,0,False
2015-07-27,100443.533547,0,0,0,False
2015-07-28,101002.246788,0,0,0,False
2015-07-29,101325.36876,0,0,0,False
2015-07-30,101208.727327,0,0,0,False
2015-07-31,101535.389618,0,0,0,False
2015-08-03,101312.422599,1.11832949962,2236.65899923,0.0220766047532,True
2015-08-04,101127.884408,0,0,0,False
2015-08-05,101150.904202,0,0,0,False
2015-08-06,100917.271298,0,0,0,False
2015-08-07,100971.607071,0,0,0,False
2015-08-10,101636.120312,0,0,0,False
2015-08-11,101247.754563,0,0,0,False
2015-08-12,101239.979701,0,0,0,False
2015-08-13,101025.526525,0,0,0,False
2015-08-14,101178.258194,0,0,0,False
2015-08-17,101388.423614,0,0,0,False
2015-08-18,101072.864477,0,0,0,False
2015-08-19,100896.681728,0,0,0,False
2015-08-20,100049.509047,0,0,0,False
2015-08-21,98696.4110769,0,0,0,False
2015-08-24,96492.0055575,0,0,0,False
2015-08-25,95984.1479062,0,0,0,False
2015-08-26,97326.3801539,0,0,0,False
2015-08-27,98535.6624926,0,0,0,False
2015-08-28,98515.8543253,0,0,0,False
2015-08-31,98032.1193545,0,0,0,False
2015-09-01,96574.2647683,2.56790691367,5135.81382737,0.0531785282775,True
2015-09-02,97353.9659243,0,0,0,False
2015-09-03,97413.6293856,0,0,0,False
2015-09-04,96439.5782381,0,0,0,False
2015-09-08,97712.9563649,0,0,0,False
2015-09-09,97073.0822025,0,0,0,False
2015-09-10,97356.959179,0,0,0,False
2015-09-11,97641.1418651,0,0,0,False
2015-09-14,97435.7169196,0,0,0,False
2015-09-15,97789.8987303,0,0,0,False
2015-09-16,98536.7378014,0,0,0,False
2015-09-17,98868.7713047,0,0,0,False
2015-09-18,98027.9471565,0,0,0,False
2015-09-21,98039.0079903,0,0,0,False
2015-09-22,97185.0338483,0,0,0,False
2015-09-23,97034.9664105,0,0,0,False
2015-09-24,97064.5986937,0,0,0,False
2015-09-25,97054.892521,0,0,0,False
2015-09-28,95835.1856033,0,0,0,False
2015-09-29,95953.2542455,0,0,0,False
2015-09-30,96862.5087225,0,0,0,False
2015-10-01,97048.0632425,0.44102950432,882.059008658,0.00908884701804,True
2015-10-02,98224.4068803,0,0,0,False
2015-10-05,99067.8070573,0,0,0,False
2015-10-06,99137.1992793,0,0,0,False
2015-10-07,99690.5515497,0,0,0,False
2015-10-08,100094.5274,0,0,0,False
2015-10-09,100276.042012,0,0,0,False
2015-10-12,100413.712294,0,0,0,False
2015-10-13,99962.954134,0,0,0,False
2015-10-14,100163.399315,0,0,0,False
2015-10-15,100978.552197,0,0,0,False
2015-10-16,101050.785173,0,0,0,False
2015-10-19,100982.250094,0,0,0,False
2015-10-20,100862.836031,0,0,0,False
2015-10-21,100556.08338,0,0,0,False
2015-10-22,101440.426202,0,0,0,False
2015-10-23,101795.647217,0,0,0,False
2015-10-26,101626.537392,0,0,0,False
2015-10-27,101463.614002,0,0,0,False
2015-10-28,101637.486983,0,0,0,False
2015-10-29,101188.974482,0,0,0,False
2015-10-30,101032.761906,0,0,0,False
2015-11-02,101626.723786,2.03451032582,4069.02065167,0.0400380829196,True
2015-11-03,101503.640515,0,0,0,False
2015-11-04,101148.749378,0,0,0,False
2015-11-05,101062.649031,0,0,0,False
2015-11-06,100430.871539,0,0,0,False
2015-11-09,99781.8781778,0,0,0,False
2015-11-10,99923.319146,0,0,0,False
2015-11-11,99823.1645426,0,0,0,False
2015-11-12,99166.0339899,0,0,0,False
2015-11-13,98655.4565664,0,0,0,False
2015-11-16,99477.1260926,0,0,0,False
2015-11-17,99362.5178404,0,0,0,False
2015-11-18,100054.855121,0,0,0,False
2015-11-19,100315.207594,0,0,0,False
2015-11-20,100431.294986,0,0,0,False
2015-11-23,100221.540544,0,0,0,False
2015-11-24,100365.98661,0,0,0,False
2015-11-25,100334.11797,0,0,0,False
2015-11-27,100193.533796,0,0,0,False
2015-11-30,100089.719711,0,0,0,False
2015-12-01,100814.801354,0.677349171456,1354.69834293,0.0134374042594,True
2015-12-02,99968.5192042,0,0,0,False
2015-12-03,99205.8813693,0,0,0,False
2015-12-04,100337.4559,0,0,0,False
2015-12-07,99874.7288342,0,0,0,False
2015-12-08,99415.7816673,0,0,0,False
2015-12-09,99075.936416,0,0,0,False
2015-12-10,99019.2537127,0,0,0,False
2015-12-11,98242.4724006,0,0,0,False
2015-12-14,98184.7169997,0,0,0,False
2015-12-15,98615.4441995,0,0,0,False
2015-12-16,99561.8554607,0,0,0,False
2015-12-17,98733.4169471,0,0,0,False
2015-12-18,98215.5555347,0,0,0,False
2015-12-21,98685.7630719,0,0,0,False
2015-12-22,99011.5449348,0,0,0,False
2015-12-23,99687.0767514,0,0,0,False
2015-12-24,99692.8491802,0,0,0,False
2015-12-28,99510.276638,0,0,0,False
2015-12-29,99904.054368,0,0,0,False
2015-12-30,99442.8531192,0,0,0,False
2015-12-31,98992.288735,0,0,0,False
2016-01-04,98357.4200865,1.02703534745,2054.07069489,0.0208835209888,True
2016-01-05,98527.6791259,0,0,0,False
2016-01-06,98075.7997098,0,0,0,False
2016-01-07,97005.6174273,0,0,0,False
2016-01-08,96438.1149727,0,0,0,False
2016-01-11,96330.7349487,0,0,0,False
2016-01-12,96650.9071848,0,0,0,False
2016-01-13,95751.4477639,0,0,0,False
2016-01-14,96222.5278235,0,0,0,False
2016-01-15,95072.2414305,0,0,0,False
2016-01-19,95266.5952819,0,0,0,False
2016-01-20,94578.0977573,0,0,0,False
2016-01-21,94807.3182526,0,0,0,False
2016-01-22,95993.0725711,0,0,0,False
2016-01-25,95399.7127595,0,0,0,False
2016-01-26,96349.6673267,0,0,0,False
2016-01-27,95894.8460519,0,0,0,False
2016-01-28,96057.9546935,0,0,0,False
2016-01-29,97405.962146,0,0,0,False
2016-02-01,97374.6027502,1.47225616756,2944.51233516,0.0302385604982,True
2016-02-02,96476.124825,0,0,0,False
2016-02-03,97031.0168287,0,0,0,False
2016-02-04,97304.6330699,0,0,0,False
2016-02-05,96534.4306485,0,0,0,False
2016-02-08,95980.1378377,0,0,0,False
2016-02-09,95650.4507364,0,0,0,False
2016-02-10,95817.7739279,0,0,0,False
2016-02-11,95629.0193388,0,0,0,False
2016-02-12,96330.0111004,0,0,0,False
2016-02-16,96845.1446401,0,0,0,False
2016-02-17,97726.9479201,0,0,0,False
2016-02-18,97935.1368116,0,0,0,False
2016-02-19,97846.1891585,0,0,0,False
2016-02-22,98424.2120771,0,0,0,False
2016-02-23,97885.6014787,0,0,0,False
2016-02-24,98023.7390167,0,0,0,False
2016-02-25,98778.9877295,0,0,0,False
2016-02-26,98422.3416021,0,0,0,False
2016-02-29,98333.4879904,0,0,0,False
2016-03-01,99472.8363731,0.821886082995,1643.77216601,0.0165246980435,True
2016-03-02,99871.6173625,0,0,0,False
2016-03-03,100449.061313,0,0,0,False
2016-03-04,100680.829501,0,0,0,False
2016-03-07,100699.62196,0,0,0,False
2016-03-08,100136.692702,0,0,0,False
2016-03-09,100274.058423,0,0,0,False
2016-03-10,100372.989307,0,0,0,False
2016-03-11,101233.632897,0,0,0,False
2016-03-14,101013.169672,0,0,0,False
2016-03-15,100698.049432,0,0,0,False
2016-03-16,101616.705459,0,0,0,False
2016-03-17,102158.800049,0,0,0,False
2016-03-18,102289.655168,0,0,0,False
2016-03-21,102136.440746,0,0,0,False
2016-03-22,102062.074798,0,0,0,False
2016-03-23,101443.508936,0,0,0,False
2016-03-24,101280.717637,0,0,0,False
2016-03-28,101513.157504,0,0,0,False
2016-03-29,102506.987803,0,0,0,False
2016-03-30,102653.393747,0,0,0,False
2016-03-31,102615.695611,0,0,0,False
2016-04-01,102584.681763,1.08569382303,2171.38764605,0.0211665584795,True
2016-04-04,102343.831313,0,0,0,False
2016-04-05,101829.506441,0,0,0,False
2016-04-06,102377.235906,0,0,0,False
2016-04-07,101918.19118,0,0,0,False
2016-04-08,102337.891229,0,0,0,False
2016-04-11,102476.046981,0,0,0,False
2016-04-12,103013.885252,0,0,0,False
2016-04-13,103552.830323,0,0,0,False
2016-04-14,103299.64866,0,0,0,False
2016-04-15,103406.695255,0,0,0,False
2016-04-18,103780.43337,0,0,0,False
2016-04-19,104390.219613,0,0,0,False
2016-04-20,104126.004908,0,0,0,False
2016-04-21,103703.360562,0,0,0,False
2016-04-22,103578.362182,0,0,0,False
2016-04-25,103446.264504,0,0,0,False
2016-04-26,103641.620707,0,0,0,False
2016-04-27,103937.437711,0,0,0,False
2016-04-28,103683.464574,0,0,0,False
2016-04-29,103607.143956,0,0,0,False
2016-05-02,103952.470522,0.879107119996,1758.21424001,0.0169134928917,True
2016-05-03,103361.283103,0,0,0,False
2016-05-04,102977.346147,0,0,0,False
2016-05-05,103059.81248,0,0,0,False
2016-05-06,103294.92037,0,0,0,False
2016-05-09,103075.435965,0,0,0,False
2016-05-10,103831.606033,0,0,0,False
2016-05-11,103410.451416,0,0,0,False
2016-05-12,103296.632955,0,0,0,False
2016-05-13,102859.61665,0,0,0,False
2016-05-16,103382.604916,0,0,0,False
2016-05-17,102881.65522,0,0,0,False
2016-05-18,102362.134244,0,0,0,False
2016-05-19,102039.271,0,0,0,False
2016-05-20,102469.663998,0,0,0,False
2016-05-23,102344.2606,0,0,0,False
2016-05-24,102842.455851,0,0,0,False
2016-05-25,103238.352639,0,0,0,False
2016-05-26,103369.328038,0,0,0,False
2016-05-27,103398.409196,0,0,0,False
2016-05-31,103351.358208,0,0,0,False
2016-06-01,103373.316902,0.787361127746,1574.72225553,0.0152332372479,True
2016-06-02,103617.948425,0,0,0,False
2016-06-03,104278.439102,0,0,0,False
2016-06-06,104500.52347,0,0,0,False
2016-06-07,104790.359107,0,0,0,False
2016-06-08,105209.636949,0,0,0,False
2016-06-09,105010.726559,0,0,0,False
2016-06-10,104238.06717,0,0,0,False
2016-06-13,103825.185327,0,0,0,False
2016-06-14,103508.423436,0,0,0,False
2016-06-15,103844.281595,0,0,0,False
2016-06-16,103855.408824,0,0,0,False
2016-06-17,103973.236325,0,0,0,False
2016-06-20,104421.386984,0,0,0,False
2016-06-21,104423.646468,0,0,0,False
2016-06-22,104400.367285,0,0,0,False
2016-06-23,105215.40823,0,0,0,False
2016-06-24,103244.323845,0,0,0,False
2016-06-27,102622.746462,0,0,0,False
2016-06-28,103717.962589,0,0,0,False
2016-06-29,104670.791473,0,0,0,False
2016-06-30,105517.057432,0,0,0,False
2016-07-01,105944.859939,1.3821710193,2764.3420386,0.0260919309977,True
2016-07-05,105566.94065,0,0,0,False
2016-07-06,105854.140208,0,0,0,False
2016-07-07,105609.474546,0,0,0,False
2016-07-08,106626.138607,0,0,0,False
2016-07-11,106794.143162,0,0,0,False
2016-07-12,107013.584145,0,0,0,False
2016-07-13,107181.616246,0,0,0,False
2016-07-14,107370.465643,0,0,0,False
2016-07-15,107064.530978,0,0,0,False
2016-07-18,107264.152656,0,0,0,False
2016-07-19,107165.155165,0,0,0,False
2016-07-20,107246.939955,0,0,0,False
2016-07-21,107280.330313,0,0,0,False
2016-07-22,107432.197974,0,0,0,False
2016-07-25,107144.225737,0,0,0,False
2016-07-26,107300.904455,0,0,0,False
2016-07-27,107597.783656,0,0,0,False
2016-07-28,107663.26141,0,0,0,False
2016-07-29,108221.09036,0,0,0,False
2016-08-01,107991.96547,0.911982401944,1823.96480388,0.0168896768649,True
2016-08-02,107561.172075,0,0,0,False
2016-08-03,107584.064995,0,0,0,False
2016-08-04,107823.080778,0,0,0,False
2016-08-05,107861.344486,0,0,0,False
2016-08-08,107941.67787,0,0,0,False
2016-08-09,108309.476818,0,0,0,False
2016-08-10,108372.637994,0,0,0,False
2016-08-11,108453.441832,0,0,0,False
2016-08-12,108462.679648,0,0,0,False
2016-08-15,108636.460361,0,0,0,False
2016-08-16,108349.223442,0,0,0,False
2016-08-17,108487.337788,0,0,0,False
2016-08-18,108780.905829,0,0,0,False
2016-08-19,108353.799941,0,0,0,False
2016-08-22,108375.247033,0,0,0,False
2016-08-23,108497.428321,0,0,0,False
2016-08-24,108136.300346,0,0,0,False
2016-08-25,108030.375769,0,0,0,False
2016-08-26,107647.096059,0,0,0,False
2016-08-29,108104.616944,0,0,0,False
2016-08-30,107873.498163,0,0,0,False
2016-08-31,107639.704833,0,0,0,False
2016-09-01,107877.076596,0.582453396681,1164.9067934,0.0107984063027,True
2016-09-02,108363.950941,0,0,0,False
2016-09-06,109061.327992,0,0,0,False
2016-09-07,109070.392943,0,0,0,False
2016-09-08,108676.72955,0,0,0,False
2016-09-09,106905.114036,0,0,0,False
2016-09-12,107608.055202,0,0,0,False
2016-09-13,106339.504739,0,0,0,False
2016-09-14,106450.70992,0,0,0,False
2016-09-15,106956.434226,0,0,0,False
2016-09-16,106611.544628,0,0,0,False
2016-09-19,106794.645569,0,0,0,False
2016-09-20,106892.855965,0,0,0,False
2016-09-21,108009.194098,0,0,0,False
2016-09-22,108621.940881,0,0,0,False
2016-09-23,108251.605548,0,0,0,False
2016-09-26,107843.29781,0,0,0,False
2016-09-27,108089.748676,0,0,0,False
2016-09-28,108464.626856,0,0,0,False
2016-09-29,107799.868541,0,0,0,False
2016-09-30,108066.742415,0,0,0,False
2016-10-03,107813.161959,0.269408979046,538.817958078,0.00499768861118,True
2016-10-04,106950.048417,0,0,0,False
2016-10-05,107074.331462,0,0,0,False
2016-10-06,106896.267054,0,0,0,False
2016-10-07,106678.855514,0,0,0,False
2016-10-10,106972.061827,0,0,0,False
2016-10-11,106085.011255,0,0,0,False
2016-10-12,106181.369357,0,0,0,False
2016-10-13,106127.87077,0,0,0,False
2016-10-14,106015.979278,0,0,0,False
2016-10-17,105991.898809,0,0,0,False
2016-10-18,106610.44243,0,0,0,False
2016-10-19,106875.221571,0,0,0,False
2016-10-20,106738.576138,0,0,0,False
2016-10-21,106739.538041,0,0,0,False
2016-10-24,106814.564436,0,0,0,False
2016-10-25,106764.57333,0,0,0,False
2016-10-26,106383.695963,0,0,0,False
2016-10-27,106008.01758,0,0,0,False
2016-10-28,105944.059449,0,0,0,False
2016-10-31,106135.008206,0,0,0,False
2016-11-01,105765.120925,0.43750361765,875.007235336,0.00827308292359,True
2016-11-02,105455.691602,0,0,0,False
2016-11-03,105256.08717,0,0,0,False
2016-11-04,105174.710149,0,0,0,False
2016-11-07,106081.361633,0,0,0,False
2016-11-08,106193.21602,0,0,0,False
2016-11-09,105883.5273,0,0,0,False
2016-11-10,105360.113124,0,0,0,False
2016-11-11,104794.236856,0,0,0,False
2016-11-14,104580.124051,0,0,0,False
2016-11-15,105084.423483,0,0,0,False
2016-11-16,104858.972513,0,0,0,False
2016-11-17,104896.098453,0,0,0,False
2016-11-18,104479.33007,0,0,0,False
2016-11-21,104971.238194,0,0,0,False
2016-11-22,105259.895719,0,0,0,False
2016-11-23,104825.782455,0,0,0,False
2016-11-25,104962.421337,0,0,0,False
2016-11-28,105028.15828,0,0,0,False
2016-11-29,105226.499508,0,0,0,False
2016-11-30,104793.488615,0,0,0,False
2016-12-01,104355.249194,1.72884451374,3457.6890275,0.0331332805192,True
2016-12-02,104632.440012,0,0,0,False
2016-12-05,104981.385339,0,0,0,False
2016-12-06,105246.379571,0,0,0,False
2016-12-07,106185.935479,0,0,0,False
2016-12-08,106231.712473,0,0,0,False
2016-12-09,106191.652235,0,0,0,False
2016-12-12,106115.728642,0,0,0,False
2016-12-13,106549.12647,0,0,0,False
2016-12-14,105346.123211,0,0,0,False
2016-12-15,105218.380491,0,0,0,False
2016-12-16,105297.97734,0,0,0,False
2016-12-19,105552.724552,0,0,0,False
2016-12-20,105622.638751,0,0,0,False
2016-12-21,105512.583053,0,0,0,False
2016-12-22,105342.444686,0,0,0,False
2016-12-23,105517.603065,0,0,0,False
2016-12-27,105638.365244,0,0,0,False
2016-12-28,105451.049303,0,0,0,False
2016-12-29,105885.16797,0,0,0,False
2016-12-30,105866.986374,0,0,0,False
2017-01-03,106389.741418,0.855735158621,1711.47031727,0.0160866689638,True
2017-01-04,106968.58777,0,0,0,False
2017-01-05,107501.062277,0,0,0,False
2017-01-06,107307.776198,0,0,0,False
2017-01-09,107277.856256,0,0,0,False
2017-01-10,107318.490449,0,0,0,False
2017-01-11,107624.695196,0,0,0,False
2017-01-12,107655.300246,0,0,0,False
2017-01-13,107734.932333,0,0,0,False
2017-01-17,107914.849555,0,0,0,False
2017-01-18,107611.04243,0,0,0,False
2017-01-19,107282.769186,0,0,0,False
2017-01-20,107566.717546,0,0,0,False
2017-01-23,107845.527481,0,0,0,False
2017-01-24,108028.379483,0,0,0,False
2017-01-25,108262.614714,0,0,0,False
2017-01-26,108076.577139,0,0,0,False
2017-01-27,108002.337277,0,0,0,False
2017-01-30,107651.943396,0,0,0,False
2017-01-31,107997.521393,0,0,0,False
2017-02-01,107918.683729,0.791984807729,1583.96961545,0.0146773286747,True
2017-02-02,108124.925213,0,0,0,False
2017-02-03,108516.098673,0,0,0,False
2017-02-06,108590.337886,0,0,0,False
2017-02-07,108556.567256,0,0,0,False
2017-02-08,108898.082507,0,0,0,False
2017-02-09,108981.190866,0,0,0,False
2017-02-10,109281.260573,0,0,0,False
2017-02-13,109411.468439,0,0,0,False
2017-02-14,109426.811102,0,0,0,False
2017-02-15,109683.866016,0,0,0,False
2017-02-16,109854.635702,0,0,0,False
2017-02-17,109895.698633,0,0,0,False
2017-02-21,110282.643248,0,0,0,False
2017-02-22,110292.131427,0,0,0,False
2017-02-23,110550.850135,0,0,0,False
2017-02-24,110637.079086,0,0,0,False
2017-02-27,110557.099798,0,0,0,False
2017-02-28,110339.406562,0,0,0,False
2017-03-01,110811.015468,1.08229367991,2164.58735985,0.0195338541872,True
2017-03-02,110141.771465,0,0,0,False
2017-03-03,110302.39894,0,0,0,False
2017-03-06,110040.027395,0,0,0,False
2017-03-07,109737.744375,0,0,0,False
2017-03-08,109254.200711,0,0,0,False
2017-03-09,109070.038068,0,0,0,False
2017-03-10,109432.527658,0,0,0,False
2017-03-13,109533.468479,0,0,0,False
2017-03-14,109208.517242,0,0,0,False
2017-03-15,110456.542796,0,0,0,False
2017-03-16,110473.285424,0,0,0,False
2017-03-17,110573.338278,0,0,0,False
2017-03-20,110694.843945,0,0,0,False
2017-03-21,110262.002204,0,0,0,False
2017-03-22,110472.271155,0,0,0,False
2017-03-23,110500.282755,0,0,0,False
2017-03-24,110551.030849,0,0,0,False
2017-03-27,110644.806122,0,0,0,False
2017-03-28,110842.890221,0,0,0,False
2017-03-29,111051.992079,0,0,0,False
2017-03-30,110902.643581,0,0,0,False
2017-03-31,110868.388434,0,0,0,False
2017-04-03,111062.526715,0.665365136578,1330.73027316,0.0119817398387,True
2017-04-04,111070.435965,0,0,0,False
2017-04-05,110936.689899,0,0,0,False
2017-04-06,111009.424153,0,0,0,False
2017-04-07,110882.56978,0,0,0,False
2017-04-10,110962.314338,0,0,0,False
2017-04-11,111321.369335,0,0,0,False
2017-04-12,111353.863621,0,0,0,False
2017-04-13,111115.054593,0,0,0,False
2017-04-17,111581.400507,0,0,0,False
2017-04-18,111554.881238,0,0,0,False
2017-04-19,111193.658111,0,0,0,False
2017-04-20,111624.402797,0,0,0,False
2017-04-21,111536.570373,0,0,0,False
2017-04-24,112133.136603,0,0,0,False
2017-04-25,112247.65075,0,0,0,False
2017-04-26,112224.20023,0,0,0,False
2017-04-27,112235.928319,0,0,0,False
2017-04-28,112208.776447,0,0,0,False
2017-05-01,112192.251037,0.407251394179,814.502788395,0.00725985818346,True
2017-05-02,112375.81387,0,0,0,False
2017-05-03,111950.887487,0,0,0,False
2017-05-04,111848.456706,0,0,0,False
2017-05-05,112267.322249,0,0,0,False
2017-05-08,111991.829956,0,0,0,False
2017-05-09,111883.125416,0,0,0,False
2017-05-10,112059.239795,0,0,0,False
2017-05-11,111992.533214,0,0,0,False
2017-05-12,112198.929604,0,0,0,False
2017-05-15,112552.842588,0,0,0,False
2017-05-16,112673.449733,0,0,0,False
2017-05-17,112238.536989,0,0,0,False
2017-05-18,112233.748434,0,0,0,False
2017-05-19,112837.218798,0,0,0,False
2017-05-22,113084.916931,0,0,0,False
2017-05-23,112992.381069,0,0,0,False
2017-05-24,113283.422243,0,0,0,False
2017-05-25,113466.796429,0,0,0,False
2017-05-26,113498.996502,0,0,0,False
2017-05-30,113442.041255,0,0,0,False
2017-05-31,113503.282329,0,0,0,False
2017-06-01,113951.559967,0.511423511329,1022.84702267,0.00897611610023,True
2017-06-02,114537.371004,0,0,0,False
2017-06-05,114355.519296,0,0,0,False
2017-06-06,114399.43558,0,0,0,False
2017-06-07,114363.070067,0,0,0,False
2017-06-08,114230.222883,0,0,0,False
2017-06-09,113978.953317,0,0,0,False
2017-06-12,113918.612888,0,0,0,False
2017-06-13,114303.700273,0,0,0,False
2017-06-14,114314.949461,0,0,0,False
2017-06-15,113934.806839,0,0,0,False
2017-06-16,114124.200405,0,0,0,False
2017-06-19,114353.307052,0,0,0,False
2017-06-20,113929.773271,0,0,0,False
2017-06-21,113959.38304,0,0,0,False
2017-06-22,114080.662041,0,0,0,False
2017-06-23,114259.994475,0,0,0,False
2017-06-26,114355.86203,0,0,0,False
2017-06-27,113852.56747,0,0,0,False
2017-06-28,114368.594069,0,0,0,False
2017-06-29,113598.305315,0,0,0,False
2017-06-30,113647.578924,0,0,0,False
2017-07-03,113497.339588,0.47474014062,949.480281284,0.0083656261304,True
2017-07-05,113566.149444,0,0,0,False
2017-07-06,112899.014645,0,0,0,False
2017-07-07,113032.952716,0,0,0,False
2017-07-10,113129.482745,0,0,0,False
2017-07-11,113260.447588,0,0,0,False
2017-07-12,114002.765241,0,0,0,False
2017-07-13,114076.036464,0,0,0,False
2017-07-14,114604.117348,0,0,0,False
2017-07-17,114672.383937,0,0,0,False
2017-07-18,114915.372647,0,0,0,False
2017-07-19,115291.880499,0,0,0,False
2017-07-20,115337.459832,0,0,0,False
2017-07-21,115412.764526,0,0,0,False
2017-07-24,115359.251269,0,0,0,False
2017-07-25,115248.13196,0,0,0,False
2017-07-26,115633.432749,0,0,0,False
2017-07-27,115447.046834,0,0,0,False
2017-07-28,115596.020004,0,0,0,False
2017-07-31,115629.246413,0,0,0,False
2017-08-01,115941.563423,0.635783270729,1271.56654149,0.0109672453188,True
2017-08-02,115856.17032,0,0,0,False
2017-08-03,115851.829445,0,0,0,False
2017-08-04,115805.488881,0,0,0,False
2017-08-07,115919.429186,0,0,0,False
2017-08-08,115715.523318,0,0,0,False
2017-08-09,115803.268315,0,0,0,False
2017-08-10,115056.861274,0,0,0,False
2017-08-11,115170.139473,0,0,0,False
2017-08-14,115626.616197,0,0,0,False
2017-08-15,115408.776118,0,0,0,False
2017-08-16,115827.115784,0,0,0,False
2017-08-17,115129.850704,0,0,0,False
2017-08-18,115079.422269,0,0,0,False
2017-08-21,115255.984026,0,0,0,False
2017-08-22,115629.302566,0,0,0,False
2017-08-23,115753.080328,0,0,0,False
2017-08-24,115548.844154,0,0,0,False
2017-08-25,115897.130385,0,0,0,False
2017-08-28,116064.637981,0,0,0,False
2017-08-29,116056.708599,0,0,0,False
2017-08-30,116213.057659,0,0,0,False
2017-08-31,116825.894429,0,0,0,False
2017-09-01,116892.039471,0.579239507337,1158.47901471,0.00991062590171,True
2017-09-05,116796.854969,0,0,0,False
2017-09-06,116979.300783,0,0,0,False
2017-09-07,117440.73108,0,0,0,False
2017-09-08,117312.319517,0,0,0,False
2017-09-11,117619.696076,0,0,0,False
2017-09-12,117657.483647,0,0,0,False
2017-09-13,117391.501679,0,0,0,False
2017-09-14,117565.02126,0,0,0,False
2017-09-15,117619.641572,0,0,0,False
2017-09-18,117519.452588,0,0,0,False
2017-09-19,117599.536942,0,0,0,False
2017-09-20,117382.541777,0,0,0,False
2017-09-21,117132.610776,0,0,0,False
2017-09-22,117208.644176,0,0,0,False
2017-09-25,117208.534385,0,0,0,False
2017-09-26,117020.441664,0,0,0,False
2017-09-27,116845.671166,0,0,0,False
2017-09-28,117005.246758,0,0,0,False
2017-09-29,117199.439471,0,0,0,False
2017-10-02,117247.880849,1.03684661619,2073.6932324,0.0176862462627,True
2017-10-03,117511.635038,0,0,0,False
2017-10-04,117585.849459,0,0,0,False
2017-10-05,117745.403147,0,0,0,False
2017-10-06,117644.790408,0,0,0,False
2017-10-09,117731.911265,0,0,0,False
2017-10-10,118111.003104,0,0,0,False
2017-10-11,118327.488219,0,0,0,False
2017-10-12,118372.115841,0,0,0,False
2017-10-13,118770.049386,0,0,0,False
2017-10-16,118626.754855,0,0,0,False
2017-10-17,118483.387423,0,0,0,False
2017-10-18,118431.588508,0,0,0,False
2017-10-19,118453.792047,0,0,0,False
2017-10-20,118397.462471,0,0,0,False
2017-10-23,118192.769267,0,0,0,False
2017-10-24,118138.359919,0,0,0,False
2017-10-25,117819.876219,0,0,0,False
2017-10-26,117623.863548,0,0,0,False
2017-10-27,118245.829666,0,0,0,False
2017-10-30,118243.272173,0,0,0,False
2017-10-31,118348.246482,0,0,0,False
2017-11-01,118544.884056,0.596981330091,1193.9626602,0.0100717686558,True
2017-11-02,118708.951505,0,0,0,False
2017-11-03,118751.24612,0,0,0,False
2017-11-06,119082.721572,0,0,0,False
2017-11-07,118985.561172,0,0,0,False
2017-11-08,119181.717143,0,0,0,False
2017-11-09,118941.426108,0,0,0,False
2017-11-10,118590.389602,0,0,0,False
2017-11-13,118585.695794,0,0,0,False
2017-11-14,118506.51769,0,0,0,False
2017-11-15,118224.627576,0,0,0,False
2017-11-16,118778.256465,0,0,0,False
2017-11-17,118806.595167,0,0,0,False
2017-11-20,118714.147828,0,0,0,False
2017-11-21,119248.640737,0,0,0,False
2017-11-22,119489.924912,0,0,0,False
2017-11-24,119618.55938,0,0,0,False
2017-11-27,119453.893307,0,0,0,False
2017-11-28,119919.438822,0,0,0,False
2017-11-29,119551.631881,0,0,0,False
2017-11-30,119702.144936,0,0,0,False
2017-12-01,119712.446793,0.696467118818,1392.93423771,0.0116355998997,True
2017-12-04,119540.80816,0,0,0,False
2017-12-05,119283.319871,0,0,0,False
2017-12-06,119159.572539,0,0,0,False
2017-12-07,119132.202273,0,0,0,False
2017-12-08,119505.725001,0,0,0,False
2017-12-11,119621.744982,0,0,0,False
2017-12-12,119680.614988,0,0,0,False
2017-12-13,120056.012247,0,0,0,False
2017-12-14,119762.083458,0,0,0,False
2017-12-15,120133.126112,0,0,0,False
2017-12-18,120653.778199,0,0,0,False
2017-12-19,120178.062987,0,0,0,False
2017-12-20,120007.948344,0,0,0,False
2017-12-21,120240.416317,0,0,0,False
2017-12-22,120447.715134,0,0,0,False
2017-12-26,120555.680761,0,0,0,False
2017-12-27,120831.965193,0,0,0,False
2017-12-28,121056.719022,0,0,0,False
2017-12-29,121092.554813,0,0,0,False
2018-01-02,121655.345643,0.856047222362,1712.09444475,0.0140732196219,True
2018-01-03,122028.813565,0,0,0,False
2018-01-04,122324.687134,0,0,0,False
2018-01-05,122672.496083,0,0,0,False
2018-01-08,122743.721864,0,0,0,False
2018-01-09,122564.634664,0,0,0,False
2018-01-10,122389.172547,0,0,0,False
2018-01-11,122854.964085,0,0,0,False
2018-01-12,123437.23357,0,0,0,False
2018-01-16,123310.888661,0,0,0,False
2018-01-17,123741.505436,0,0,0,False
2018-01-18,123444.481722,0,0,0,False
2018-01-19,123754.235523,0,0,0,False
2018-01-22,124275.36252,0,0,0,False
2018-01-23,124684.671644,0,0,0,False
2018-01-24,124857.984314,0,0,0,False
2018-01-25,124788.598393,0,0,0,False
2018-01-26,125387.528804,0,0,0,False
2018-01-29,124612.325973,0,0,0,False
2018-01-30,123811.808086,0,0,0,False
2018-01-31,124057.72304,0,0,0,False
2018-02-01,123746.508577,1.86555423675,3731.10847353,0.0301507676342,True
2018-02-02,122055.286552,0,0,0,False
2018-02-05,119673.517533,0,0,0,False
2018-02-06,120564.681146,0,0,0,False
2018-02-07,119773.737683,0,0,0,False
2018-02-08,117627.189452,0,0,0,False
2018-02-09,118391.432628,0,0,0,False
2018-02-12,119273.243199,0,0,0,False
2018-02-13,119480.18144,0,0,0,False
2018-02-14,120418.228482,0,0,0,False
2018-02-15,121206.196214,0,0,0,False
2018-02-16,121336.466733,0,0,0,False
2018-02-20,120595.30004,0,0,0,False
2018-02-21,120037.729892,0,0,0,False
2018-02-22,120318.86772,0,0,0,False
2018-02-23,121372.339838,0,0,0,False
2018-02-26,122079.657048,0,0,0,False
2018-02-27,120807.173413,0,0,0,False
2018-02-28,120265.703062,0,0,0,False
2018-03-01,119585.946505,1.38457390458,2769.14780914,0.0231558626166,True
2018-03-02,119813.59661,0,0,0,False
2018-03-05,120336.611908,0,0,0,False
2018-03-06,120757.305809,0,0,0,False
2018-03-07,120677.555008,0,0,0,False
2018-03-08,120962.399232,0,0,0,False
2018-03-09,121809.223126,0,0,0,False
2018-03-12,121884.993137,0,0,0,False
2018-03-13,121554.821258,0,0,0,False
2018-03-14,121472.536288,0,0,0,False
2018-03-15,121323.914829,0,0,0,False
2018-03-16,121297.224162,0,0,0,False
2018-03-19,120522.244803,0,0,0,False
2018-03-20,120507.020787,0,0,0,False
2018-03-21,120696.031019,0,0,0,False
2018-03-22,119287.202607,0,0,0,False
2018-03-23,118292.211166,0,0,0,False
2018-03-26,119813.035237,0,0,0,False
2018-03-27,119077.412352,0,0,0,False
2018-03-28,119013.575226,0,0,0,False
2018-03-29,119868.554172,0,0,0,False
2018-04-02,118796.841178,1.0560222184,2112.04443681,0.0177784665098,True
2018-04-03,119342.64472,0,0,0,False
2018-04-04,119864.819382,0,0,0,False
2018-04-05,120157.265753,0,0,0,False
2018-04-06,119222.606222,0,0,0,False
2018-04-09,119592.244166,0,0,0,False
2018-04-10,120457.825762,0,0,0,False
2018-04-11,120341.335843,0,0,0,False
2018-04-12,120398.382903,0,0,0,False
2018-04-13,120377.948442,0,0,0,False
2018-04-16,120764.44802,0,0,0,False
2018-04-17,121363.439942,0,0,0,False
2018-04-18,121415.555032,0,0,0,False
2018-04-19,120878.096724,0,0,0,False
2018-04-20,120132.224007,0,0,0,False
2018-04-23,119943.210094,0,0,0,False
2018-04-24,119355.591748,0,0,0,False
2018-04-25,119207.952014,0,0,0,False
2018-04-26,119899.106485,0,0,0,False
2018-04-27,120204.759949,0,0,0,False
2018-04-30,119696.081778,0,0,0,False
2018-05-01,119627.675442,1.29176081781,2583.52163563,0.021596120873,True
2018-05-02,119305.286439,0,0,0,False
2018-05-03,119366.728406,0,0,0,False
2018-05-04,120033.539623,0,0,0,False
2018-05-07,120162.876836,0,0,0,False
2018-05-08,120106.796509,0,0,0,False
2018-05-09,120477.533625,0,0,0,False
2018-05-10,121286.217405,0,0,0,False
2018-05-11,121387.710479,0,0,0,False
2018-05-14,121290.722899,0,0,0,False
2018-05-15,120283.587255,0,0,0,False
2018-05-16,120481.574382,0,0,0,False
2018-05-17,120317.348736,0,0,0,False
2018-05-18,120241.632068,0,0,0,False
2018-05-21,120761.923648,0,0,0,False
2018-05-22,120665.054551,0,0,0,False
2018-05-23,120777.589286,0,0,0,False
2018-05-24,120812.935317,0,0,0,False
2018-05-25,120731.306187,0,0,0,False
2018-05-29,120165.507099,0,0,0,False
2018-05-30,120931.277637,0,0,0,False
2018-05-31,120545.811078,0,0,0,False
2018-06-01,120988.365624,0.882438905493,1764.87781103,0.014587063225,True
2018-06-04,121234.058525,0,0,0,False
2018-06-05,121280.552141,0,0,0,False
2018-06-06,121732.860335,0,0,0,False
2018-06-07,121644.917541,0,0,0,False
2018-06-08,121758.162494,0,0,0,False
2018-06-11,121893.066316,0,0,0,False
2018-06-12,121813.625837,0,0,0,False
2018-06-13,121535.308915,0,0,0,False
2018-06-14,121742.403533,0,0,0,False
2018-06-15,121352.062544,0,0,0,False
2018-06-18,121075.612509,0,0,0,False
2018-06-19,120701.652915,0,0,0,False
2018-06-20,120732.683833,0,0,0,False
2018-06-21,120356.232325,0,0,0,False
2018-06-22,120770.407589,0,0,0,False
2018-06-25,119889.5183,0,0,0,False
2018-06-26,119978.345703,0,0,0,False
2018-06-27,119410.506558,0,0,0,False
2018-06-28,119727.985317,0,0,0,False
2018-06-29,120074.951625,0,0,0,False
2018-07-02,119717.624769,1.15421513758,2308.43027517,0.0192821067401,True
2018-07-03,119893.904994,0,0,0,False
2018-07-05,120437.522084,0,0,0,False
2018-07-06,120995.575605,0,0,0,False
2018-07-09,121514.177366,0,0,0,False
2018-07-10,121615.347844,0,0,0,False
2018-07-11,120798.102826,0,0,0,False
2018-07-12,121454.965549,0,0,0,False
2018-07-13,121521.848316,0,0,0,False
2018-07-16,121357.009437,0,0,0,False
2018-07-17,121381.381651,0,0,0,False
2018-07-18,121412.780406,0,0,0,False
2018-07-19,121222.999929,0,0,0,False
2018-07-20,121283.716108,0,0,0,False
2018-07-23,121064.176751,0,0,0,False
2018-07-24,121475.544992,0,0,0,False
2018-07-25,122138.834931,0,0,0,False
2018-07-26,121807.406137,0,0,0,False
2018-07-27,121596.579489,0,0,0,False
2018-07-30,121323.161467,0,0,0,False
2018-07-31,121731.2731,0,0,0,False
2018-08-01,121446.104728,1.15549310618,2310.98621239,0.0190287224939,True
2018-08-02,121374.547791,0,0,0,False
2018-08-03,121797.871682,0,0,0,False
2018-08-06,121752.153431,0,0,0,False
2018-08-07,121980.29886,0,0,0,False
2018-08-08,121956.363742,0,0,0,False
2018-08-09,121931.340835,0,0,0,False
2018-08-10,121295.689217,0,0,0,False
2018-08-13,120790.77102,0,0,0,False
2018-08-14,121082.517433,0,0,0,False
2018-08-15,120289.73376,0,0,0,False
2018-08-16,120792.918414,0,0,0,False
2018-08-17,121274.712246,0,0,0,False
2018-08-20,121616.039318,0,0,0,False
2018-08-21,121838.322678,0,0,0,False
2018-08-22,121986.966911,0,0,0,False
2018-08-23,121573.976267,0,0,0,False
2018-08-24,122296.821328,0,0,0,False
2018-08-27,122887.539473,0,0,0,False
2018-08-28,122735.63953,0,0,0,False
2018-08-29,123119.590847,0,0,0,False
2018-08-30,122585.988281,0,0,0,False
2018-08-31,122517.439171,0,0,0,False
2018-09-04,121942.741241,1.15752643734,2315.05287469,0.0189845732184,True
2018-09-05,121700.550089,0,0,0,False
2018-09-06,121636.773905,0,0,0,False
2018-09-07,121133.64054,0,0,0,False
2018-09-10,121274.435467,0,0,0,False
2018-09-11,121336.177021,0,0,0,False
2018-09-12,121600.611843,0,0,0,False
2018-09-13,121999.801778,0,0,0,False
2018-09-14,121838.859898,0,0,0,False
2018-09-17,121701.150858,0,0,0,False
2018-09-18,121972.012971,0,0,0,False
2018-09-19,122060.467912,0,0,0,False
2018-09-20,122750.407794,0,0,0,False
2018-09-21,122683.346311,0,0,0,False
2018-09-24,122248.364125,0,0,0,False
2018-09-25,122337.221261,0,0,0,False
2018-09-26,122216.931504,0,0,0,False
2018-09-27,122224.629125,0,0,0,False
2018-09-28,122191.124058,0,0,0,False
2018-10-01,122249.3973,0.688784750862,1377.56950178,0.0112684542474,True
2018-10-02,122241.073139,0,0,0,False
2018-10-03,121830.544902,0,0,0,False
2018-10-04,121014.3946,0,0,0,False
2018-10-05,120627.693648,0,0,0,False
2018-10-08,120483.259455,0,0,0,False
2018-10-09,120442.214865,0,0,0,False
2018-10-10,118667.66399,0,0,0,False
2018-10-11,117880.936721,0,0,0,False
2018-10-12,118491.407458,0,0,0,False
2018-10-15,118327.963718,0,0,0,False
2018-10-16,119620.65362,0,0,0,False
2018-10-17,119328.931935,0,0,0,False
2018-10-18,118398.591201,0,0,0,False
2018-10-19,118540.564727,0,0,0,False
2018-10-22,118242.354832,0,0,0,False
2018-10-23,117999.806381,0,0,0,False
2018-10-24,116560.949057,0,0,0,False
2018-10-25,117417.913238,0,0,0,False
2018-10-26,116673.918304,0,0,0,False
2018-10-29,116305.012999,0,0,0,False
2018-10-30,117059.806769,0,0,0,False
2018-10-31,117421.037579,0,0,0,False
2018-11-01,118456.260855,2.07378343462,4147.56686924,0.0350128750494,True
2018-11-02,118114.440953,0,0,0,False
2018-11-05,118420.381732,0,0,0,False
2018-11-06,118699.35455,0,0,0,False
2018-11-07,119887.356526,0,0,0,False
2018-11-08,119404.091646,0,0,0,False
2018-11-09,118775.177639,0,0,0,False
2018-11-12,117733.113875,0,0,0,False
2018-11-13,117812.959976,0,0,0,False
2018-11-14,117742.322765,0,0,0,False
2018-11-15,118295.608582,0,0,0,False
2018-11-16,118677.470911,0,0,0,False
2018-11-19,117881.596185,0,0,0,False
2018-11-20,116704.387572,0,0,0,False
2018-11-21,117218.174595,0,0,0,False
2018-11-23,116780.802895,0,0,0,False
2018-11-26,117586.370672,0,0,0,False
2018-11-27,117650.665448,0,0,0,False
2018-11-28,118991.385291,0,0,0,False
2018-11-29,118903.363656,0,0,0,False
2018-11-30,119106.211746,0,0,0,False
2018-12-03,120132.02392,0.558665088931,1117.33017787,0.00930080877165,True
2018-12-04,118518.811979,0,0,0,False
2018-12-06,118492.285327,0,0,0,False
2018-12-07,117477.481348,0,0,0,False
2018-12-10,117254.948198,0,0,0,False
2018-12-11,117278.951122,0,0,0,False
2018-12-12,117678.857476,0,0,0,False
2018-12-13,117666.886099,0,0,0,False
2018-12-14,116689.491095,0,0,0,False
2018-12-17,115769.627454,0,0,0,False
2018-12-18,115990.926039,0,0,0,False
2018-12-19,115158.644431,0,0,0,False
2018-12-20,114657.85084,0,0,0,False
2018-12-21,113497.092454,0,0,0,False
2018-12-24,112443.484227,0,0,0,False
2018-12-26,114514.0713,0,0,0,False
2018-12-27,114923.932231,0,0,0,False
2018-12-28,115272.957472,0,0,0,False
2018-12-31,115727.200421,0,0,0,False
2019-01-02,115702.95226,3.31947276756,6638.94553515,0.0573775771677,True
2019-01-03,115010.062695,0,0,0,False
2019-01-04,116652.183325,0,0,0,False
2019-01-07,117019.618173,0,0,0,False
2019-01-08,117560.964685,0,0,0,False
2019-01-09,118132.495279,0,0,0,False
2019-01-10,118347.550216,0,0,0,False
2019-01-11,118330.909246,0,0,0,False
2019-01-14,117932.932545,0,0,0,False
2019-01-15,118520.605071,0,0,0,False
2019-01-16,118816.368193,0,0,0,False
2019-01-17,119152.387871,0,0,0,False
2019-01-18,119723.149681,0,0,0,False
2019-01-22,118920.231448,0,0,0,False
2019-01-23,119145.271025,0,0,0,False
2019-01-24,119327.410581,0,0,0,False
2019-01-25,120127.684246,0,0,0,False
2019-01-28,119779.46395,0,0,0,False
2019-01-29,120017.467851,0,0,0,False
2019-01-30,121141.385731,0,0,0,False
2019-01-31,121767.917853,0,0,0,False
2019-02-01,121530.638331,2.13476599692,4269.53199387,0.0351307049536,True
2019-02-04,121797.737147,0,0,0,False
2019-02-05,122314.842638,0,0,0,False
2019-02-06,121943.57933,0,0,0,False
2019-02-07,121442.382785,0,0,0,False
2019-02-08,121518.952874,0,0,0,False
2019-02-11,121368.452928,0,0,0,False
2019-02-12,122110.565495,0,0,0,False
2019-02-13,122101.872044,0,0,0,False
2019-02-14,122228.977678,0,0,0,False
2019-02-15,122989.956003,0,0,0,False
2019-02-19,123440.703221,0,0,0,False
2019-02-20,123557.65858,0,0,0,False
2019-02-21,123130.208177,0,0,0,False
2019-02-22,123693.944288,0,0,0,False
2019-02-25,123795.065917,0,0,0,False
2019-02-26,123900.476398,0,0,0,False
2019-02-27,123549.042605,0,0,0,False
2019-02-28,123217.398034,0,0,0,False
2019-03-01,123256.410304,1.17038324973,2340.76649947,0.0189908522171,True
2019-03-04,123144.703836,0,0,0,False
2019-03-05,123234.773942,0,0,0,False
2019-03-06,122965.744052,0,0,0,False
2019-03-07,122429.963179,0,0,0,False
2019-03-08,122487.449232,0,0,0,False
2019-03-11,123324.673418,0,0,0,False
2019-03-12,123693.278713,0,0,0,False
2019-03-13,124194.47274,0,0,0,False
2019-03-14,123928.597862,0,0,0,False
2019-03-15,124540.908678,0,0,0,False
2019-03-18,124763.649367,0,0,0,False
2019-03-19,124811.406712,0,0,0,False
2019-03-20,125009.186877,0,0,0,False
2019-03-21,125522.573919,0,0,0,False
2019-03-22,124463.798161,0,0,0,False
2019-03-25,124645.292981,0,0,0,False
2019-03-26,125024.963089,0,0,0,False
2019-03-27,124743.802693,0,0,0,False
2019-03-28,124819.748253,0,0,0,False
2019-03-29,125185.367154,0,0,0,False
2019-04-01,125684.834537,0.45261855422,905.23710844,0.00720241110893,True
2019-04-02,125844.08858,0,0,0,False
2019-04-03,125948.740996,0,0,0,False
2019-04-04,126111.382656,0,0,0,False
2019-04-05,126449.179102,0,0,0,False
2019-04-08,126468.896937,0,0,0,False
2019-04-09,126226.647708,0,0,0,False
2019-04-10,126662.446231,0,0,0,False
2019-04-11,126300.215154,0,0,0,False
2019-04-12,126637.200604,0,0,0,False
2019-04-15,126546.752762,0,0,0,False
2019-04-16,126297.31289,0,0,0,False
2019-04-17,126170.253384,0,0,0,False
2019-04-18,126352.706621,0,0,0,False
2019-04-22,126207.461578,0,0,0,False
2019-04-23,126748.214684,0,0,0,False
2019-04-24,126628.815215,0,0,0,False
2019-04-25,126559.281626,0,0,0,False
2019-04-26,127070.90888,0,0,0,False
2019-04-29,126987.359461,0,0,0,False
2019-04-30,127174.563986,0,0,0,False
2019-05-01,126639.278186,0.518491504976,1036.98300998,0.00818844500055,True
2019-05-02,126370.023737,0,0,0,False
2019-05-03,127214.605081,0,0,0,False
2019-05-06,126809.68204,0,0,0,False
2019-05-07,125739.501198,0,0,0,False
2019-05-08,125615.566152,0,0,0,False
2019-05-09,125384.026413,0,0,0,False
2019-05-10,125845.787003,0,0,0,False
2019-05-13,124520.679004,0,0,0,False
2019-05-14,125121.18376,0,0,0,False
2019-05-15,125569.010716,0,0,0,False
2019-05-16,125879.13136,0,0,0,False
2019-05-17,125321.913251,0,0,0,False
2019-05-20,124814.739002,0,0,0,False
2019-05-21,125365.784418,0,0,0,False
2019-05-22,125242.475572,0,0,0,False
2019-05-23,124805.280541,0,0,0,False
2019-05-24,125138.261441,0,0,0,False
2019-05-28,124638.424701,0,0,0,False
2019-05-29,124253.726533,0,0,0,False
2019-05-30,124695.630228,0,0,0,False
2019-05-31,124541.801939,0,0,0,False
2019-06-03,124899.819925,2.50818397156,5016.36794318,0.0401623253877,True
2019-06-04,125853.418319,0,0,0,False
2019-06-05,126281.774219,0,0,0,False
2019-06-06,126653.466311,0,0,0,False
2019-06-07,127548.209663,0,0,0,False
2019-06-10,127530.274446,0,0,0,False
2019-06-11,127669.656188,0,0,0,False
2019-06-12,127530.101501,0,0,0,False
2019-06-13,127899.461813,0,0,0,False
2019-06-14,127638.899157,0,0,0,False
2019-06-17,127733.915708,0,0,0,False
2019-06-18,128729.02205,0,0,0,False
2019-06-19,129240.777546,0,0,0,False
2019-06-20,130365.621656,0,0,0,False
2019-06-21,130058.769295,0,0,0,False
2019-06-24,130316.565372,0,0,0,False
2019-06-25,129690.357966,0,0,0,False
2019-06-26,129373.634432,0,0,0,False
2019-06-27,129786.141698,0,0,0,False
2019-06-28,130150.386107,0,0,0,False
2019-07-01,130426.495373,1.80917209625,3618.34419253,0.027742016621,True
2019-07-02,131068.785487,0,0,0,False
2019-07-03,131678.044074,0,0,0,False
2019-07-05,131066.235083,0,0,0,False
2019-07-08,130619.767428,0,0,0,False
2019-07-09,130618.500155,0,0,0,False
2019-07-10,131216.580769,0,0,0,False
2019-07-11,130918.480719,0,0,0,False
2019-07-12,131246.895331,0,0,0,False
2019-07-15,131385.195544,0,0,0,False
2019-07-16,130960.01104,0,0,0,False
2019-07-17,130975.17435,0,0,0,False
2019-07-18,131493.970172,0,0,0,False
2019-07-19,130830.481877,0,0,0,False
2019-07-22,130970.748045,0,0,0,False
2019-07-23,131313.777634,0,0,0,False
2019-07-24,131656.099944,0,0,0,False
2019-07-25,131024.674814,0,0,0,False
2019-07-26,131402.337604,0,0,0,False
2019-07-29,131448.092981,0,0,0,False
2019-07-30,131192.442946,0,0,0,False
2019-07-31,130423.022533,0,0,0,False
2019-08-01,130585.865208,1.07255043204,2145.10086408,0.0164266112744,True
2019-08-02,130097.494768,0,0,0,False
2019-08-05,128507.431777,0,0,0,False
2019-08-06,129558.918378,0,0,0,False
2019-08-07,129940.151586,0,0,0,False
2019-08-08,131198.127646,0,0,0,False
2019-08-09,130614.203312,0,0,0,False
2019-08-12,130226.624223,0,0,0,False
2019-08-13,130917.436249,0,0,0,False
2019-08-14,129245.455583,0,0,0,False
2019-08-15,129810.527548,0,0,0,False
2019-08-16,130577.448046,0,0,0,False
2019-08-19,130906.171866,0,0,0,False
2019-08-20,130764.001499,0,0,0,False
2019-08-21,131214.484229,0,0,0,False
2019-08-22,130961.149589,0,0,0,False
2019-08-23,130041.857174,0,0,0,False
2019-08-26,130685.199028,0,0,0,False
2019-08-27,130819.254141,0,0,0,False
2019-08-28,131119.211368,0,0,0,False
2019-08-29,131746.250105,0,0,0,False
2019-08-30,131836.169246,0,0,0,False
2019-09-03,131771.117729,1.63779081195,3275.58162394,0.0248578062363,True
2019-09-04,132826.016269,0,0,0,False
2019-09-05,132938.365387,0,0,0,False
2019-09-06,132981.541196,0,0,0,False
2019-09-09,132754.179026,0,0,0,False
2019-09-10,132353.233765,0,0,0,False
2019-09-11,132884.592542,0,0,0,False
2019-09-12,133162.807746,0,0,0,False
2019-09-13,132778.844136,0,0,0,False
2019-09-16,132774.132053,0,0,0,False
2019-09-17,133142.196096,0,0,0,False
2019-09-18,132989.203634,0,0,0,False
2019-09-19,133158.598248,0,0,0,False
2019-09-20,133287.838582,0,0,0,False
2019-09-23,133395.14298,0,0,0,False
2019-09-24,133110.209622,0,0,0,False
2019-09-25,132863.046556,0,0,0,False
2019-09-26,132947.52155,0,0,0,False
2019-09-27,132492.312743,0,0,0,False
2019-09-30,132610.479409,0,0,0,False
2019-10-01,131998.679456,0.978451571747,1956.90314358,0.0148250622358,True
2019-10-02,131064.44281,0,0,0,False
2019-10-03,131915.507721,0,0,0,False
2019-10-04,132756.590043,0,0,0,False
2019-10-07,132245.888295,0,0,0,False
2019-10-08,131502.973681,0,0,0,False
2019-10-09,132041.689347,0,0,0,False
2019-10-10,132203.418453,0,0,0,False
2019-10-11,132765.045602,0,0,0,False
2019-10-14,132779.94094,0,0,0,False
2019-10-15,133189.713087,0,0,0,False
2019-10-16,133316.65343,0,0,0,False
2019-10-17,133570.344968,0,0,0,False
2019-10-18,133428.803384,0,0,0,False
2019-10-21,133724.288945,0,0,0,False
2019-10-22,133647.113774,0,0,0,False
2019-10-23,133941.618915,0,0,0,False
2019-10-24,134136.113991,0,0,0,False
2019-10-25,134257.155726,0,0,0,False
2019-10-28,134340.535254,0,0,0,False
2019-10-29,134265.871326,0,0,0,False
2019-10-30,134760.034049,0,0,0,False
2019-10-31,134875.026926,0,0,0,False
2019-11-01,135548.09749,1.3894074705,2778.81494098,0.0205003722596,True
2019-11-04,135643.006914,0,0,0,False
2019-11-05,135107.410844,0,0,0,False
2019-11-06,135259.034288,0,0,0,False
2019-11-07,134992.89991,0,0,0,False
2019-11-08,134852.782692,0,0,0,False
2019-11-11,134722.940692,0,0,0,False
2019-11-12,134782.261423,0,0,0,False
2019-11-13,134888.032189,0,0,0,False
2019-11-14,135196.787539,0,0,0,False
2019-11-15,135631.759051,0,0,0,False
2019-11-18,135842.619062,0,0,0,False
2019-11-19,135891.538552,0,0,0,False
2019-11-20,135732.056287,0,0,0,False
2019-11-21,135391.2615,0,0,0,False
2019-11-22,135459.078545,0,0,0,False
2019-11-25,135994.752811,0,0,0,False
2019-11-26,136305.038564,0,0,0,False
2019-11-27,136448.912399,0,0,0,False
2019-11-29,136044.99898,0,0,0,False
2019-12-02,135404.873767,0.80199674482,1603.99348968,0.0118458364513,True
2019-12-03,135487.94285,0,0,0,False
2019-12-04,135878.666337,0,0,0,False
2019-12-05,135906.690426,0,0,0,False
2019-12-06,136273.376216,0,0,0,False
2019-12-09,136045.912568,0,0,0,False
2019-12-10,136004.971408,0,0,0,False
2019-12-11,136502.833575,0,0,0,False
2019-12-12,136716.544688,0,0,0,False
2019-12-13,137129.401082,0,0,0,False
2019-12-16,137594.470353,0,0,0,False
2019-12-17,137527.222143,0,0,0,False
2019-12-18,137501.247191,0,0,0,False
2019-12-19,137841.621635,0,0,0,False
2019-12-20,138117.084362,0,0,0,False
2019-12-23,138187.641006,0,0,0,False
2019-12-24,138376.042006,0,0,0,False
2019-12-26,138943.506286,0,0,0,False
2019-12-27,139075.125002,0,0,0,False
2019-12-30,138677.760763,0,0,0,False
2019-12-31,138870.190213,0,0,0,False
2020-01-02,139800.439155,1.5400176947,3080.03538942,0.0220314147742,True
2020-01-03,139540.042157,0,0,0,False
2020-01-06,139858.953697,0,0,0,False
2020-01-07,139611.706025,0,0,0,False
2020-01-08,139734.693686,0,0,0,False
2020-01-09,140093.859429,0,0,0,False
2020-01-10,140172.612647,0,0,0,False
2020-01-13,140623.496254,0,0,0,False
2020-01-14,140563.715017,0,0,0,False
2020-01-15,140830.030335,0,0,0,False
2020-01-16,141325.54775,0,0,0,False
2020-01-17,141533.104036,0,0,0,False
2020-01-21,141345.99501,0,0,0,False
2020-01-22,141413.252142,0,0,0,False
2020-01-23,141527.354906,0,0,0,False
2020-01-24,141190.539023,0,0,0,False
2020-01-27,140104.331706,0,0,0,False
2020-01-28,140588.198109,0,0,0,False
2020-01-29,140798.13034,0,0,0,False
2020-01-30,140827.613917,0,0,0,False
2020-01-31,139775.327363,0,0,0,False
2020-02-03,140090.325726,1.45916394258,2918.3278852,0.0208315418887,True
2020-02-04,140921.547049,0,0,0,False
2020-02-05,141558.616268,0,0,0,False
2020-02-06,141912.398487,0,0,0,False
2020-02-07,141584.222499,0,0,0,False
2020-02-10,142184.455217,0,0,0,False
2020-02-11,142415.59508,0,0,0,False
2020-02-12,142836.173107,0,0,0,False
2020-02-13,142724.742353,0,0,0,False
2020-02-14,142968.694131,0,0,0,False
2020-02-18,142930.508372,0,0,0,False
2020-02-19,143257.796649,0,0,0,False
2020-02-20,143084.860568,0,0,0,False
2020-02-21,142874.188712,0,0,0,False
2020-02-24,140623.30459,0,0,0,False
2020-02-25,138569.406727,0,0,0,False
2020-02-26,138424.435386,0,0,0,False
2020-02-27,135555.898686,0,0,0,False
2020-02-28,134956.105373,0,0,0,False
2020-03-02,137352.606429,2.26864188333,4537.28376671,0.033033292516,True
2020-03-03,136806.99866,0,0,0,False
2020-03-04,139368.865997,0,0,0,False
2020-03-05,137682.543107,0,0,0,False
2020-03-06,136866.718921,0,0,0,False
2020-03-09,131078.442209,0,0,0,False
2020-03-10,133158.356314,0,0,0,False
2020-03-11,128873.927378,0,0,0,False
2020-03-12,120428.380263,0,0,0,False
2020-03-13,125081.782452,0,0,0,False
2020-03-16,118111.345191,0,0,0,False
2020-03-17,120094.616793,0,0,0,False
2020-03-18,114949.477701,0,0,0,False
2020-03-19,115768.054088,0,0,0,False
2020-03-20,115108.408565,0,0,0,False
2020-03-23,115233.057248,0,0,0,False
2020-03-24,120757.38393,0,0,0,False
2020-03-25,122415.547401,0,0,0,False
2020-03-26,125967.728486,0,0,0,False
2020-03-27,124230.026079,0,0,0,False
2020-03-30,125888.220517,0,0,0,False
2020-03-31,124668.011485,0,0,0,False
2020-04-01,121927.251337,7.21652587819,14433.0517564,0.11836728375,True
2020-04-02,123652.170516,0,0,0,False
2020-04-03,122676.291301,0,0,0,False
2020-04-06,127289.904622,0,0,0,False
2020-04-07,127443.87047,0,0,0,False
2020-04-08,129323.319334,0,0,0,False
2020-04-09,131465.086532,0,0,0,False
2020-04-13,130731.558276,0,0,0,False
2020-04-14,132776.423427,0,0,0,False
2020-04-15,130938.467811,0,0,0,False
2020-04-16,131097.759103,0,0,0,False
2020-04-17,132746.529327,0,0,0,False
2020-04-20,131459.040682,0,0,0,False
2020-04-21,129461.299189,0,0,0,False
2020-04-22,131247.966365,0,0,0,False
2020-04-23,131322.457666,0,0,0,False
2020-04-24,132101.112764,0,0,0,False
2020-04-27,133059.609913,0,0,0,False
2020-04-28,133212.731303,0,0,0,False
2020-04-29,135229.00595,0,0,0,False
2020-04-30,133836.139572,0,0,0,False
2020-05-01,131866.856072,2.98630813474,5972.61626952,0.0452917525471,True
2020-05-04,132121.152672,0,0,0,False
2020-05-05,132634.835656,0,0,0,False
2020-05-06,131751.263745,0,0,0,False
2020-05-07,133071.508364,0,0,0,False
2020-05-08,134171.874747,0,0,0,False
2020-05-11,133821.693728,0,0,0,False
2020-05-12,132580.219775,0,0,0,False
2020-05-13,131729.880032,0,0,0,False
2020-05-14,132323.63917,0,0,0,False
2020-05-15,132497.978256,0,0,0,False
2020-05-18,134902.8898,0,0,0,False
2020-05-19,134288.377176,0,0,0,False
2020-05-20,135617.623851,0,0,0,False
2020-05-21,134861.616733,0,0,0,False
2020-05-22,134960.605515,0,0,0,False
2020-05-26,136180.336774,0,0,0,False
2020-05-27,137247.440232,0,0,0,False
2020-05-28,137334.050857,0,0,0,False
2020-05-29,137758.46451,0,0,0,False
2020-06-01,138763.571025,2.55256960855,5105.13921718,0.0367895209936,True
2020-06-02,139448.695398,0,0,0,False
2020-06-03,140428.461535,0,0,0,False
2020-06-04,140013.965069,0,0,0,False
2020-06-05,141629.221505,0,0,0,False
2020-06-08,142862.059811,0,0,0,False
2020-06-09,142302.890434,0,0,0,False
2020-06-10,142332.277586,0,0,0,False
2020-06-11,137692.008179,0,0,0,False
2020-06-12,138936.454654,0,0,0,False
2020-06-15,139518.160922,0,0,0,False
2020-06-16,140679.721754,0,0,0,False
2020-06-17,140530.418927,0,0,0,False
2020-06-18,140435.708429,0,0,0,False
2020-06-19,140184.430486,0,0,0,False
2020-06-22,140858.177875,0,0,0,False
2020-06-23,141313.720961,0,0,0,False
2020-06-24,139349.819995,0,0,0,False
2020-06-25,140223.872276,0,0,0,False
2020-06-26,138830.300775,0,0,0,False
2020-06-29,139854.379144,0,0,0,False
2020-06-30,140477.476805,0,0,0,False
2020-07-01,141034.113502,0.528203096183,1056.40619238,0.00749040221329,True
2020-07-02,141726.640705,0,0,0,False
2020-07-06,143131.723992,0,0,0,False
2020-07-07,142307.891537,0,0,0,False
2020-07-08,143042.377401,0,0,0,False
2020-07-09,142608.060158,0,0,0,False
2020-07-10,143108.919651,0,0,0,False
2020-07-13,142547.487752,0,0,0,False
2020-07-14,143575.190408,0,0,0,False
2020-07-15,144299.185982,0,0,0,False
2020-07-16,143736.790252,0,0,0,False
2020-07-17,144250.269423,0,0,0,False
2020-07-20,144871.948332,0,0,0,False
2020-07-21,145348.044752,0,0,0,False
2020-07-22,145989.155983,0,0,0,False
2020-07-23,145375.043473,0,0,0,False
2020-07-24,145023.11743,0,0,0,False
2020-07-27,146074.334382,0,0,0,False
2020-07-28,145941.558404,0,0,0,False
2020-07-29,147169.397982,0,0,0,False
2020-07-30,146508.952037,0,0,0,False
2020-07-31,146549.273229,0,0,0,False
2020-08-03,147226.728709,1.87390179344,3747.80358688,0.0254556758701,True
2020-08-04,148201.798371,0,0,0,False
2020-08-05,148673.151832,0,0,0,False
2020-08-06,149310.90722,0,0,0,False
2020-08-07,148874.052904,0,0,0,False
2020-08-10,149002.015281,0,0,0,False
2020-08-11,147628.46773,0,0,0,False
2020-08-12,148699.749312,0,0,0,False
2020-08-13,148576.462101,0,0,0,False
2020-08-14,148352.286641,0,0,0,False
2020-08-17,149204.137316,0,0,0,False
2020-08-18,149521.26925,0,0,0,False
2020-08-19,148431.84921,0,0,0,False
2020-08-20,148738.033696,0,0,0,False
2020-08-21,148787.664276,0,0,0,False
2020-08-24,149544.980732,0,0,0,False
2020-08-25,149762.808995,0,0,0,False
2020-08-26,150506.738644,0,0,0,False
2020-08-27,150089.208829,0,0,0,False
2020-08-28,151027.461553,0,0,0,False
2020-08-31,150608.283885,0,0,0,False
2020-09-01,151367.310979,2.20243150808,4404.86301613,0.0291000672255,True
2020-09-02,152307.437135,0,0,0,False
2020-09-03,149857.363669,0,0,0,False
2020-09-04,149266.623305,0,0,0,False
2020-09-08,147598.92127,0,0,0,False
2020-09-09,149136.934541,0,0,0,False
2020-09-10,147904.174306,0,0,0,False
2020-09-11,148198.349591,0,0,0,False
2020-09-14,149320.726078,0,0,0,False
2020-09-15,149821.751303,0,0,0,False
2020-09-16,149680.218255,0,0,0,False
2020-09-17,149098.911721,0,0,0,False
2020-09-18,148172.221418,0,0,0,False
2020-09-21,146574.772334,0,0,0,False
2020-09-22,146975.728911,0,0,0,False
2020-09-23,145036.426083,0,0,0,False
2020-09-24,145201.086706,0,0,0,False
2020-09-25,146095.553149,0,0,0,False
2020-09-28,147562.785097,0,0,0,False
2020-09-29,147388.953663,0,0,0,False
2020-09-30,147599.953771,0,0,0,False
2020-10-01,148397.066292,1.1872885763,2374.57715261,0.0160013820602,True
2020-10-02,147915.192211,0,0,0,False
2020-10-05,149042.50493,0,0,0,False
2020-10-06,148029.441804,0,0,0,False
2020-10-07,149021.353383,0,0,0,False
2020-10-08,149916.601724,0,0,0,False
2020-10-09,150766.756303,0,0,0,False
2020-10-12,151763.403593,0,0,0,False
2020-10-13,150844.143571,0,0,0,False
2020-10-14,150446.855862,0,0,0,False
2020-10-15,150129.247057,0,0,0,False
2020-10-16,150076.888957,0,0,0,False
2020-10-19,149072.407185,0,0,0,False
2020-10-20,149514.997489,0,0,0,False
2020-10-21,149401.648931,0,0,0,False
2020-10-22,149410.245709,0,0,0,False
2020-10-23,149825.69204,0,0,0,False
2020-10-26,148430.934859,0,0,0,False
2020-10-27,148173.403681,0,0,0,False
2020-10-28,145347.356608,0,0,0,False
2020-10-29,145860.032387,0,0,0,False
2020-10-30,145088.273537,0,0,0,False
2020-11-02,146342.111087,0.726369531912,1452.73906381,0.00992695706231,True
2020-11-03,147870.556885,0,0,0,False
2020-11-04,149670.59899,0,0,0,False
2020-11-05,151644.18987,0,0,0,False
2020-11-06,151533.034904,0,0,0,False
2020-11-09,152143.739542,0,0,0,False
2020-11-10,152241.868344,0,0,0,False
2020-11-11,152848.733224,0,0,0,False
2020-11-12,152189.270126,0,0,0,False
2020-11-13,153568.351422,0,0,0,False
2020-11-16,154632.100176,0,0,0,False
2020-11-17,154414.220871,0,0,0,False
2020-11-18,153456.472023,0,0,0,False
2020-11-19,153906.114859,0,0,0,False
2020-11-20,153789.801418,0,0,0,False
2020-11-23,153775.618176,0,0,0,False
2020-11-24,154806.906798,0,0,0,False
2020-11-25,154651.914493,0,0,0,False
2020-11-27,154971.24358,0,0,0,False
2020-11-30,153922.247937,0,0,0,False
2020-12-01,155341.972615,4.49105838017,8982.11676035,0.0578198984897,True
2020-12-02,155473.214388,0,0,0,False
2020-12-03,155922.106573,0,0,0,False
2020-12-04,156516.819799,0,0,0,False
2020-12-07,156530.010523,0,0,0,False
2020-12-08,156805.00589,0,0,0,False
2020-12-09,155920.865691,0,0,0,False
2020-12-10,156127.251801,0,0,0,False
2020-12-11,156025.499081,0,0,0,False
2020-12-14,155644.911059,0,0,0,False
2020-12-15,156997.334835,0,0,0,False
2020-12-16,157265.316283,0,0,0,False
2020-12-17,157985.3009,0,0,0,False
2020-12-18,157411.657652,0,0,0,False
2020-12-21,156781.482435,0,0,0,False
2020-12-22,156572.945413,0,0,0,False
2020-12-23,156966.783111,0,0,0,False
2020-12-24,157351.427774,0,0,0,False
2020-12-28,157920.974978,0,0,0,False
2020-12-29,158094.915417,0,0,0,False
2020-12-30,158525.703045,0,0,0,False
2020-12-31,158769.304211,0,0,0,False
2021-01-04,158371.133644,1.46602912544,2932.05825088,0.0185136712849,True
2021-01-05,159139.419042,0,0,0,False
2021-01-06,159092.462999,0,0,0,False
2021-01-07,159795.923065,0,0,0,False
2021-01-08,159898.313944,0,0,0,False
2021-01-11,158917.427306,0,0,0,False
2021-01-12,159282.799091,0,0,0,False
2021-01-13,159597.902786,0,0,0,False
2021-01-14,159639.231542,0,0,0,False
2021-01-15,158781.333316,0,0,0,False
2021-01-19,159654.513352,0,0,0,False
2021-01-20,161081.288019,0,0,0,False
2021-01-21,161085.064722,0,0,0,False
2021-01-22,160589.158647,0,0,0,False
2021-01-25,161051.153619,0,0,0,False
2021-01-26,160924.008352,0,0,0,False
2021-01-27,158704.437976,0,0,0,False
2021-01-28,159355.033017,0,0,0,False
2021-01-29,157505.849638,0,0,0,False
2021-02-01,159194.19759,1.50120323914,3002.40647836,0.018859846724,True
2021-02-02,160037.116157,0,0,0,False
2021-02-03,160045.357331,0,0,0,False
2021-02-04,160310.663794,0,0,0,False
2021-02-05,160848.503401,0,0,0,False
2021-02-08,161648.716469,0,0,0,False
2021-02-09,161957.58784,0,0,0,False
2021-02-10,162077.263828,0,0,0,False
2021-02-11,162226.042752,0,0,0,False
2021-02-12,162417.220177,0,0,0,False
2021-02-16,161959.724687,0,0,0,False
2021-02-17,161721.933531,0,0,0,False
2021-02-18,161153.135229,0,0,0,False
2021-02-19,161141.472312,0,0,0,False
2021-02-22,160618.755559,0,0,0,False
2021-02-23,160772.790966,0,0,0,False
2021-02-24,161366.371074,0,0,0,False
2021-02-25,158527.12911,0,0,0,False
2021-02-26,157812.426682,0,0,0,False
2021-03-01,159614.107158,2.43661282861,4873.22565722,0.03053083059,True
2021-03-02,159232.309171,0,0,0,False
2021-03-03,158005.738672,0,0,0,False
2021-03-04,156569.23424,0,0,0,False
2021-03-05,157725.431419,0,0,0,False
2021-03-08,156844.419237,0,0,0,False
2021-03-09,158608.817587,0,0,0,False
2021-03-10,159277.171586,0,0,0,False
2021-03-11,160250.023964,0,0,0,False
2021-03-12,160008.935593,0,0,0,False
2021-03-15,160621.358183,0,0,0,False
2021-03-16,160616.220052,0,0,0,False
2021-03-17,161001.116467,0,0,0,False
2021-03-18,159478.8885,0,0,0,False
2021-03-19,159534.713407,0,0,0,False
2021-03-22,160096.39088,0,0,0,False
2021-03-23,159264.283524,0,0,0,False
2021-03-24,158827.387013,0,0,0,False
2021-03-25,159242.37291,0,0,0,False
2021-03-26,160653.231883,0,0,0,False
2021-03-29,160099.596394,0,0,0,False
2021-03-30,159709.064416,0,0,0,False
2021-03-31,160042.243498,0,0,0,False
2021-04-01,161502.300905,1.60790277593,3215.80555185,0.0199116267562,True
2021-04-05,162471.036028,0,0,0,False
2021-04-06,162612.690134,0,0,0,False
2021-04-07,162499.3407,0,0,0,False
2021-04-08,163254.140466,0,0,0,False
2021-04-09,163372.529478,0,0,0,False
2021-04-12,163138.50658,0,0,0,False
2021-04-13,163798.413206,0,0,0,False
2021-04-14,163535.886861,0,0,0,False
2021-04-15,165010.940708,0,0,0,False
2021-04-16,165337.424485,0,0,0,False
2021-04-19,164913.328167,0,0,0,False
2021-04-20,164301.863019,0,0,0,False
2021-04-21,165327.768663,0,0,0,False
2021-04-22,164628.59381,0,0,0,False
2021-04-23,165524.586433,0,0,0,False
2021-04-26,165707.51287,0,0,0,False
2021-04-27,165444.203134,0,0,0,False
2021-04-28,165658.789698,0,0,0,False
2021-04-29,165940.771933,0,0,0,False
2021-04-30,165165.592818,0,0,0,False
2021-05-03,165794.832536,1.27212353473,2544.2470695,0.0153456383955,True
2021-05-04,164990.898837,0,0,0,False
2021-05-05,165344.657147,0,0,0,False
2021-05-06,166349.355044,0,0,0,False
2021-05-07,167350.670806,0,0,0,False
2021-05-10,166532.881217,0,0,0,False
2021-05-11,165542.547563,0,0,0,False
2021-05-12,163263.097898,0,0,0,False
2021-05-13,164307.930736,0,0,0,False
2021-05-14,165973.418852,0,0,0,False
2021-05-17,165991.472887,0,0,0,False
2021-05-18,165752.878013,0,0,0,False
2021-05-19,165212.034186,0,0,0,False
2021-05-20,166474.288914,0,0,0,False
2021-05-21,166376.195684,0,0,0,False
2021-05-24,167312.6307,0,0,0,False
2021-05-25,167609.413407,0,0,0,False
2021-05-26,167725.986934,0,0,0,False
2021-05-27,167733.778736,0,0,0,False
2021-05-28,168060.022945,0,0,0,False
2021-06-01,168437.077255,1.38478856732,2769.5771347,0.0164426645856,True
2021-06-02,168842.078748,0,0,0,False
2021-06-03,167911.52747,0,0,0,False
2021-06-04,169142.141934,0,0,0,False
2021-06-07,169228.722545,0,0,0,False
2021-06-08,169328.221946,0,0,0,False
2021-06-09,169246.451708,0,0,0,False
2021-06-10,169930.932072,0,0,0,False
2021-06-11,169735.900291,0,0,0,False
2021-06-14,169715.643157,0,0,0,False
2021-06-15,169445.346908,0,0,0,False
2021-06-16,168242.110638,0,0,0,False
2021-06-17,167775.168373,0,0,0,False
2021-06-18,166503.57696,0,0,0,False
2021-06-21,167809.117739,0,0,0,False
2021-06-22,168071.235587,0,0,0,False
2021-06-23,167847.094164,0,0,0,False
2021-06-24,168383.56087,0,0,0,False
2021-06-25,168730.935909,0,0,0,False
2021-06-28,168827.37668,0,0,0,False
2021-06-29,168686.262859,0,0,0,False
2021-06-30,168600.290974,0,0,0,False
2021-07-01,168980.518243,1.67311037474,3346.22074957,0.0198022094682,True
2021-07-02,169759.056368,0,0,0,False
2021-07-06,169728.517804,0,0,0,False
2021-07-07,170202.19988,0,0,0,False
2021-07-08,169295.071301,0,0,0,False
2021-07-09,170417.870797,0,0,0,False
2021-07-12,170745.746506,0,0,0,False
2021-07-13,170206.610689,0,0,0,False
2021-07-14,170843.292016,0,0,0,False
2021-07-15,170657.79163,0,0,0,False
2021-07-16,169796.79088,0,0,0,False
2021-07-19,168624.583915,0,0,0,False
2021-07-20,169692.529616,0,0,0,False
2021-07-21,170234.075103,0,0,0,False
2021-07-22,170494.968804,0,0,0,False
2021-07-23,171053.065353,0,0,0,False
2021-07-26,171014.394833,0,0,0,False
2021-07-27,170741.027495,0,0,0,False
2021-07-28,171185.174764,0,0,0,False
2021-07-29,171687.996438,0,0,0,False
2021-07-30,171197.349474,0,0,0,False
2021-08-02,171386.09859,0.708024906024,1416.04981204,0.00826230349939,True
2021-08-03,172031.268934,0,0,0,False
2021-08-04,171677.381426,0,0,0,False
2021-08-05,171974.100268,0,0,0,False
2021-08-06,171183.942169,0,0,0,False
2021-08-09,170687.641947,0,0,0,False
2021-08-10,170693.537875,0,0,0,False
2021-08-11,171357.940413,0,0,0,False
2021-08-12,171399.921696,0,0,0,False
2021-08-13,172138.699229,0,0,0,False
2021-08-16,172182.939479,0,0,0,False
2021-08-17,171306.66287,0,0,0,False
2021-08-18,170611.684776,0,0,0,False
2021-08-19,170373.404554,0,0,0,False
2021-08-20,170881.153043,0,0,0,False
2021-08-23,171937.417209,0,0,0,False
2021-08-24,172188.168719,0,0,0,False
2021-08-25,172068.093481,0,0,0,False
2021-08-26,171550.491283,0,0,0,False
2021-08-27,172950.152287,0,0,0,False
2021-08-30,173274.661442,0,0,0,False
2021-08-31,173269.29265,0,0,0,False
2021-09-01,173791.689445,1.35270557573,2705.41115146,0.0155668553699,True
2021-09-02,174100.465091,0,0,0,False
2021-09-03,174328.57284,0,0,0,False
2021-09-07,173525.599977,0,0,0,False
2021-09-08,173279.993939,0,0,0,False
2021-09-09,173144.360527,0,0,0,False
2021-09-10,172289.15347,0,0,0,False
2021-09-13,172825.483151,0,0,0,False
2021-09-14,172597.127417,0,0,0,False
2021-09-15,172992.883375,0,0,0,False
2021-09-16,172237.198372,0,0,0,False
2021-09-17,171168.891241,0,0,0,False
2021-09-20,169827.362087,0,0,0,False
2021-09-21,170178.947147,0,0,0,False
2021-09-22,170963.767513,0,0,0,False
2021-09-23,171359.634398,0,0,0,False
2021-09-24,170869.084316,0,0,0,False
2021-09-27,170600.012408,0,0,0,False
2021-09-28,168454.39583,0,0,0,False
2021-09-29,168426.197152,0,0,0,False
2021-09-30,167971.298165,0,0,0,False
2021-10-01,169003.939518,1.20117162002,2402.34324011,0.0142146163738,True
2021-10-04,168034.357567,0,0,0,False
2021-10-05,168519.070475,0,0,0,False
2021-10-06,168651.769744,0,0,0,False
2021-10-07,169229.85816,0,0,0,False
2021-10-08,168992.478033,0,0,0,False
2021-10-11,168413.928299,0,0,0,False
2021-10-12,168657.184637,0,0,0,False
2021-10-13,169741.126712,0,0,0,False
2021-10-14,171152.206489,0,0,0,False
2021-10-15,171383.557664,0,0,0,False
2021-10-18,171346.029266,0,0,0,False
2021-10-19,171909.749345,0,0,0,False
2021-10-20,172479.030706,0,0,0,False
2021-10-21,172317.365779,0,0,0,False
2021-10-22,172631.425582,0,0,0,False
2021-10-25,173148.269156,0,0,0,False
2021-10-26,173195.243525,0,0,0,False
2021-10-27,172988.236678,0,0,0,False
2021-10-28,173731.84889,0,0,0,False
2021-10-29,173265.425288,0,0,0,False
2021-11-01,173761.571215,2.13934211657,4278.6842332,0.024623577728,True
2021-11-02,173972.004542,0,0,0,False
2021-11-03,174281.19584,0,0,0,False
2021-11-04,174869.803111,0,0,0,False
2021-11-05,175645.630216,0,0,0,False
2021-11-08,175741.50544,0,0,0,False
2021-11-09,175812.469892,0,0,0,False
2021-11-10,174768.906221,0,0,0,False
2021-11-11,175018.13941,0,0,0,False
2021-11-12,175656.759636,0,0,0,False
2021-11-15,175451.83095,0,0,0,False
2021-11-16,175369.837073,0,0,0,False
2021-11-17,175496.701912,0,0,0,False
2021-11-18,175581.291665,0,0,0,False
2021-11-19,175180.743389,0,0,0,False
2021-11-22,173992.414144,0,0,0,False
2021-11-23,173702.977957,0,0,0,False
2021-11-24,173948.746696,0,0,0,False
2021-11-26,172056.898701,0,0,0,False
2021-11-29,172823.640154,0,0,0,False
2021-11-30,171461.154721,0,0,0,False
2021-12-01,170693.451927,1.66760060014,3335.20120033,0.0195389370801,True
2021-12-02,172079.758956,0,0,0,False
2021-12-03,171746.605362,0,0,0,False
2021-12-06,172529.145466,0,0,0,False
2021-12-07,174376.721764,0,0,0,False
2021-12-08,174521.921525,0,0,0,False
2021-12-09,173659.289599,0,0,0,False
2021-12-10,174329.779992,0,0,0,False
2021-12-13,173789.195693,0,0,0,False
2021-12-14,172871.982606,0,0,0,False
2021-12-15,174139.174808,0,0,0,False
2021-12-16,174012.44508,0,0,0,False
2021-12-17,173115.917317,0,0,0,False
2021-12-20,172099.836317,0,0,0,False
2021-12-21,173508.005084,0,0,0,False
2021-12-22,174679.784977,0,0,0,False
2021-12-23,175158.476141,0,0,0,False
2021-12-27,176400.990465,0,0,0,False
2021-12-28,176262.960702,0,0,0,False
2021-12-29,176167.547819,0,0,0,False
2021-12-30,176404.764414,0,0,0,False
2021-12-31,176338.261053,0,0,0,False
2022-01-03,176089.135956,2.90686656896,5813.73313799,0.0330153086124,True
2022-01-04,176206.811697,0,0,0,False
2022-01-05,174271.298195,0,0,0,False
2022-01-06,173801.006368,0,0,0,False
2022-01-07,173601.446596,0,0,0,False
2022-01-10,173292.956648,0,0,0,False
2022-01-11,174632.704956,0,0,0,False
2022-01-12,175195.952544,0,0,0,False
2022-01-13,174217.281641,0,0,0,False
2022-01-14,173711.057549,0,0,0,False
2022-01-18,171781.624342,0,0,0,False
2022-01-19,171555.90757,0,0,0,False
2022-01-20,170809.495126,0,0,0,False
2022-01-21,169557.467795,0,0,0,False
2022-01-24,169441.339896,0,0,0,False
2022-01-25,168665.004257,0,0,0,False
2022-01-26,167544.445498,0,0,0,False
2022-01-27,166929.96781,0,0,0,False
2022-01-28,168536.128695,0,0,0,False
2022-01-31,170306.943447,0,0,0,False
2022-02-01,170838.047206,1.74054155516,3481.08311041,0.0203763020097,True
2022-02-02,171779.400591,0,0,0,False
2022-02-03,169696.730994,0,0,0,False
2022-02-04,169554.128312,0,0,0,False
2022-02-07,169584.316733,0,0,0,False
2022-02-08,170045.20088,0,0,0,False
2022-02-09,171636.763485,0,0,0,False
2022-02-10,169549.559968,0,0,0,False
2022-02-11,168779.290381,0,0,0,False
2022-02-14,168086.226025,0,0,0,False
2022-02-15,169263.042776,0,0,0,False
2022-02-16,169803.783973,0,0,0,False
2022-02-17,168551.867236,0,0,0,False
2022-02-18,168120.496922,0,0,0,False
2022-02-22,167193.338673,0,0,0,False
2022-02-23,165735.18322,0,0,0,False
2022-02-24,166120.000908,0,0,0,False
2022-02-25,168114.176618,0,0,0,False
2022-02-28,168184.212666,0,0,0,False
2022-03-01,167535.84286,2.98385244189,5967.70488376,0.035619832136,True
2022-03-02,168067.060783,0,0,0,False
2022-03-03,167634.383095,0,0,0,False
2022-03-04,167086.695172,0,0,0,False
2022-03-07,164452.656697,0,0,0,False
2022-03-08,164503.483481,0,0,0,False
2022-03-09,166268.039807,0,0,0,False
2022-03-10,165435.726628,0,0,0,False
2022-03-11,164270.557063,0,0,0,False
2022-03-14,162939.035714,0,0,0,False
2022-03-15,163966.964712,0,0,0,False
2022-03-16,166652.827693,0,0,0,False
2022-03-17,167809.748651,0,0,0,False
2022-03-18,168669.971551,0,0,0,False
2022-03-21,167881.063781,0,0,0,False
2022-03-22,168541.923688,0,0,0,False
2022-03-23,167949.095841,0,0,0,False
2022-03-24,168951.31591,0,0,0,False
2022-03-25,168745.47892,0,0,0,False
2022-03-28,168961.193841,0,0,0,False
2022-03-29,170721.740026,0,0,0,False
2022-03-30,170536.803911,0,0,0,False
2022-03-31,169054.731814,0,0,0,False
2022-04-01,169445.677113,3.53838008479,7076.76016956,0.0417633103167,True
2022-04-04,170191.072985,0,0,0,False
2022-04-05,168333.842745,0,0,0,False
2022-04-06,167366.359929,0,0,0,False
2022-04-07,167438.34843,0,0,0,False
2022-04-08,167197.799314,0,0,0,False
2022-04-11,165730.07178,0,0,0,False
2022-04-12,165655.472328,0,0,0,False
2022-04-13,166825.237116,0,0,0,False
2022-04-14,165481.420873,0,0,0,False
2022-04-18,165230.535003,0,0,0,False
2022-04-19,165661.005185,0,0,0,False
2022-04-20,166356.090676,0,0,0,False
2022-04-21,164810.332438,0,0,0,False
2022-04-22,162572.780349,0,0,0,False
2022-04-25,162617.652674,0,0,0,False
2022-04-26,160534.088564,0,0,0,False
2022-04-27,160456.464143,0,0,0,False
2022-04-28,162359.2926,0,0,0,False
2022-04-29,159552.163256,0,0,0,False
2022-05-02,158811.354416,1.8292198524,3658.43970487,0.0230361209386,True
2022-05-03,159542.186826,0,0,0,False
2022-05-04,162108.828339,0,0,0,False
2022-05-05,158442.996907,0,0,0,False
2022-05-06,157526.955765,0,0,0,False
2022-05-09,154744.782187,0,0,0,False
2022-05-10,154837.856445,0,0,0,False
2022-05-11,154362.497718,0,0,0,False
2022-05-12,154085.953516,0,0,0,False
2022-05-13,155871.266633,0,0,0,False
2022-05-16,155940.198467,0,0,0,False
2022-05-17,157177.424769,0,0,0,False
2022-05-18,154633.88871,0,0,0,False
2022-05-19,155013.375974,0,0,0,False
2022-05-20,155428.204371,0,0,0,False
2022-05-23,156654.074431,0,0,0,False
2022-05-24,156690.768932,0,0,0,False
2022-05-25,157263.556526,0,0,0,False
2022-05-26,158533.564329,0,0,0,False
2022-05-27,160375.605239,0,0,0,False
2022-05-31,159420.741586,0,0,0,False
2022-06-01,158543.956929,0.819186043926,1638.37208788,0.0103338131222,True
2022-06-02,160497.205445,0,0,0,False
2022-06-03,158893.667468,0,0,0,False
2022-06-06,158712.081918,0,0,0,False
2022-06-07,159683.535625,0,0,0,False
2022-06-08,158480.037102,0,0,0,False
2022-06-09,156389.583973,0,0,0,False
2022-06-10,154047.825276,0,0,0,False
2022-06-13,149580.259459,0,0,0,False
2022-06-14,148768.20924,0,0,0,False
2022-06-15,150912.06108,0,0,0,False
2022-06-16,148817.464756,0,0,0,False
2022-06-17,148796.493369,0,0,0,False
2022-06-21,150131.488412,0,0,0,False
2022-06-22,150377.203215,0,0,0,False
2022-06-23,151043.903041,0,0,0,False
2022-06-24,153293.305955,0,0,0,False
2022-06-27,152770.493723,0,0,0,False
2022-06-28,151563.16572,0,0,0,False
2022-06-29,151605.355777,0,0,0,False
2022-06-30,151235.872839,0,0,0,False
2022-07-01,152376.061311,2.35051931851,4701.0386371,0.0308510804164,True
2022-07-05,151656.69784,0,0,0,False
2022-07-06,151105.469743,0,0,0,False
2022-07-07,152168.797242,0,0,0,False
2022-07-08,151921.387365,0,0,0,False
2022-07-11,150994.12497,0,0,0,False
2022-07-12,150527.046785,0,0,0,False
2022-07-13,150484.918755,0,0,0,False
2022-07-14,149512.42462,0,0,0,False
2022-07-15,151050.411874,0,0,0,False
2022-07-18,150651.545051,0,0,0,False
2022-07-19,152684.459575,0,0,0,False
2022-07-20,152645.063329,0,0,0,False
2022-07-21,154210.185822,0,0,0,False
2022-07-22,154164.008649,0,0,0,False
2022-07-25,154237.572531,0,0,0,False
2022-07-26,153277.003647,0,0,0,False
2022-07-27,155548.207668,0,0,0,False
2022-07-28,157209.453198,0,0,0,False
2022-07-29,158336.02097,0,0,0,False
2022-08-01,158361.85862,2.14830495542,4296.60991089,0.0271312275707,True
2022-08-02,156798.652217,0,0,0,False
2022-08-03,158054.870372,0,0,0,False
2022-08-04,158607.167989,0,0,0,False
2022-08-05,157540.2592,0,0,0,False
2022-08-08,158066.194634,0,0,0,False
2022-08-09,157669.209039,0,0,0,False
2022-08-10,159482.387539,0,0,0,False
2022-08-11,159162.406613,0,0,0,False
2022-08-12,160785.866009,0,0,0,False
2022-08-15,160693.8185,0,0,0,False
2022-08-16,160705.813902,0,0,0,False
2022-08-17,159663.320598,0,0,0,False
2022-08-18,159718.683159,0,0,0,False
2022-08-19,158042.730813,0,0,0,False
2022-08-22,156099.459744,0,0,0,False
2022-08-23,156048.96405,0,0,0,False
2022-08-24,156191.098369,0,0,0,False
2022-08-25,157742.04661,0,0,0,False
2022-08-26,154895.03401,0,0,0,False
2022-08-29,154165.138034,0,0,0,False
2022-08-30,153155.79271,0,0,0,False
2022-08-31,152233.719562,0,0,0,False
2022-09-01,151608.955368,0.888165540935,1776.33108185,0.0117164627339,True
2022-09-02,151171.210523,0,0,0,False
2022-09-06,150290.609024,0,0,0,False
2022-09-07,151993.447706,0,0,0,False
2022-09-08,152037.476242,0,0,0,False
2022-09-09,153604.229295,0,0,0,False
2022-09-12,154567.688045,0,0,0,False
2022-09-13,150685.278213,0,0,0,False
2022-09-14,150918.144307,0,0,0,False
2022-09-15,149515.043667,0,0,0,False
2022-09-16,148974.126592,0,0,0,False
2022-09-19,149313.205003,0,0,0,False
2022-09-20,147894.9734,0,0,0,False
2022-09-21,146838.831809,0,0,0,False
2022-09-22,145625.165857,0,0,0,False
2022-09-23,143568.725431,0,0,0,False
2022-09-26,141611.542547,0,0,0,False
2022-09-27,141055.041354,0,0,0,False
2022-09-28,143751.053882,0,0,0,False
2022-09-29,141934.62158,0,0,0,False
2022-09-30,141093.729278,0,0,0,False
2022-10-03,143726.438215,1.91288499246,3825.769985,0.0266180607773,True
2022-10-04,146609.091471,0,0,0,False
2022-10-05,145683.556478,0,0,0,False
2022-10-06,144371.284936,0,0,0,False
2022-10-07,142113.351918,0,0,0,False
2022-10-10,141010.457551,0,0,0,False
2022-10-11,140515.979468,0,0,0,False
2022-10-12,140410.923764,0,0,0,False
2022-10-13,141848.709941,0,0,0,False
2022-10-14,139826.94573,0,0,0,False
2022-10-17,142027.553216,0,0,0,False
2022-10-18,142851.195415,0,0,0,False
2022-10-19,141379.663432,0,0,0,False
2022-10-20,140681.221425,0,0,0,False
2022-10-21,142618.197671,0,0,0,False
2022-10-24,142759.024999,0,0,0,False
2022-10-25,144790.121053,0,0,0,False
2022-10-26,145037.757122,0,0,0,False
2022-10-27,144882.575319,0,0,0,False
2022-10-28,145932.982066,0,0,0,False
2022-10-31,145101.524511,0,0,0,False
2022-11-01,145392.625234,2.39445870818,4788.91741633,0.0329372864796,True
2022-11-02,143521.417119,0,0,0,False
2022-11-03,142652.43202,0,0,0,False
2022-11-04,144898.230218,0,0,0,False
2022-11-07,145195.031039,0,0,0,False
2022-11-08,146320.509602,0,0,0,False
2022-11-09,144893.316008,0,0,0,False
2022-11-10,150753.925842,0,0,0,False
2022-11-11,151824.902003,0,0,0,False
2022-11-14,150815.455626,0,0,0,False
2022-11-15,152026.945813,0,0,0,False
2022-11-16,151672.945313,0,0,0,False
2022-11-17,151108.037859,0,0,0,False
2022-11-18,151148.260876,0,0,0,False
2022-11-21,150685.527206,0,0,0,False
2022-11-22,151982.39104,0,0,0,False
2022-11-23,152985.506199,0,0,0,False
2022-11-25,153104.108407,0,0,0,False
2022-11-28,151634.945805,0,0,0,False
2022-11-29,151769.254713,0,0,0,False
2022-11-30,154690.825465,0,0,0,False
2022-12-01,155607.268623,1.91646303199,3832.92606396,0.0246317469104,True
2022-12-02,155721.689582,0,0,0,False
2022-12-05,153560.485711,0,0,0,False
2022-12-06,152906.262646,0,0,0,False
2022-12-07,153382.779546,0,0,0,False
2022-12-08,153833.267023,0,0,0,False
2022-12-09,153110.146476,0,0,0,False
2022-12-12,153712.711689,0,0,0,False
2022-12-13,155171.326836,0,0,0,False
2022-12-14,154881.189594,0,0,0,False
2022-12-15,152723.000806,0,0,0,False
2022-12-16,151783.414346,0,0,0,False
2022-12-19,150891.631817,0,0,0,False
2022-12-20,150945.334721,0,0,0,False
2022-12-21,152079.77566,0,0,0,False
2022-12-22,150900.925929,0,0,0,False
2022-12-23,151168.505802,0,0,0,False
2022-12-27,150898.020615,0,0,0,False
2022-12-28,149686.30125,0,0,0,False
2022-12-29,151420.20059,0,0,0,False
2022-12-30,150776.950439,0,0,0,False
2023-01-03,151260.653577,1.69122116338,3382.44232677,0.0223614299466,True
2023-01-04,152747.543358,0,0,0,False
2023-01-05,151501.830019,0,0,0,False
2023-01-06,154381.592838,0,0,0,False
2023-01-09,154671.386049,0,0,0,False
2023-01-10,154938.182431,0,0,0,False
2023-01-11,156324.271764,0,0,0,False
2023-01-12,157578.086676,0,0,0,False
2023-01-13,157818.113723,0,0,0,False
2023-01-17,157551.88867,0,0,0,False
2023-01-18,157054.139287,0,0,0,False
2023-01-19,156901.848756,0,0,0,False
2023-01-20,157872.773741,0,0,0,False
2023-01-23,158532.416071,0,0,0,False
2023-01-24,158830.753607,0,0,0,False
2023-01-25,159121.303945,0,0,0,False
2023-01-26,159620.055542,0,0,0,False
2023-01-27,159630.808653,0,0,0,False
2023-01-30,158356.346619,0,0,0,False
2023-01-31,159666.917782,0,0,0,False
2023-02-01,161116.716174,1.7409158384,3481.83167686,0.0216103836876,True
2023-02-02,161624.686039,0,0,0,False
2023-02-03,159597.742205,0,0,0,False
2023-02-06,158591.506537,0,0,0,False
2023-02-07,159381.162362,0,0,0,False
2023-02-08,158835.096348,0,0,0,False
2023-02-09,158021.507895,0,0,0,False
2023-02-10,157813.386552,0,0,0,False
2023-02-13,158789.724109,0,0,0,False
2023-02-14,158504.223316,0,0,0,False
2023-02-15,158275.178314,0,0,0,False
2023-02-16,157187.607482,0,0,0,False
2023-02-17,157189.105365,0,0,0,False
2023-02-21,155130.84257,0,0,0,False
2023-02-22,154849.605346,0,0,0,False
2023-02-23,155508.314503,0,0,0,False
2023-02-24,153925.700489,0,0,0,False
2023-02-27,154572.617307,0,0,0,False
2023-02-28,154295.075151,0,0,0,False
2023-03-01,154071.678491,0.692755676922,1385.51135392,0.00899260096223,True
2023-03-02,154461.672401,0,0,0,False
2023-03-03,156336.709498,0,0,0,False
2023-03-06,156029.943473,0,0,0,False
2023-03-07,154219.201027,0,0,0,False
2023-03-08,154462.593028,0,0,0,False
2023-03-09,153414.118652,0,0,0,False
2023-03-10,153325.908008,0,0,0,False
2023-03-13,154080.303279,0,0,0,False
2023-03-14,154694.563513,0,0,0,False
2023-03-15,154358.350736,0,0,0,False
2023-03-16,155252.618074,0,0,0,False
2023-03-17,155114.066799,0,0,0,False
2023-03-20,155811.641343,0,0,0,False
2023-03-21,156192.190107,0,0,0,False
2023-03-22,155948.874655,0,0,0,False
2023-03-23,156527.758778,0,0,0,False
2023-03-24,156768.862759,0,0,0,False
2023-03-27,156249.328973,0,0,0,False
2023-03-28,156349.994017,0,0,0,False
2023-03-29,157417.321513,0,0,0,False
2023-03-30,158368.184893,0,0,0,False
2023-03-31,159477.599957,0,0,0,False
2023-04-03,160172.406768,1.05216580987,2104.33161977,0.0131378296615,True
2023-04-04,160441.418921,0,0,0,False
2023-04-05,160200.46429,0,0,0,False
2023-04-06,160445.13831,0,0,0,False
2023-04-10,159976.404849,0,0,0,False
2023-04-11,160316.183973,0,0,0,False
2023-04-12,160325.151627,0,0,0,False
2023-04-13,161518.766118,0,0,0,False
2023-04-14,160548.761033,0,0,0,False
2023-04-17,160538.112496,0,0,0,False
2023-04-18,160771.572734,0,0,0,False
2023-04-19,160465.931327,0,0,0,False
2023-04-20,160447.690344,0,0,0,False
2023-04-21,160240.889588,0,0,0,False
2023-04-24,160580.256763,0,0,0,False
2023-04-25,159701.928759,0,0,0,False
2023-04-26,159186.002802,0,0,0,False
2023-04-27,160464.596578,0,0,0,False
2023-04-28,161323.732912,0,0,0,False
2023-05-01,160510.610889,0.804360910435,1608.72182088,0.010022476086,True
2023-05-02,160387.043146,0,0,0,False
2023-05-03,160498.824305,0,0,0,False
2023-05-04,160332.109019,0,0,0,False
2023-05-05,161335.495255,0,0,0,False
2023-05-08,161025.333832,0,0,0,False
2023-05-09,160693.372605,0,0,0,False
2023-05-10,161290.20296,0,0,0,False
2023-05-11,161011.632782,0,0,0,False
2023-05-12,160469.243404,0,0,0,False
2023-05-15,160872.049281,0,0,0,False
2023-05-16,159695.036928,0,0,0,False
2023-05-17,160369.207059,0,0,0,False
2023-05-18,160213.791481,0,0,0,False
2023-05-19,160277.898175,0,0,0,False
2023-05-22,160307.019893,0,0,0,False
2023-05-23,159336.122745,0,0,0,False
2023-05-24,158151.245706,0,0,0,False
2023-05-25,158091.316591,0,0,0,False
2023-05-26,159277.195496,0,0,0,False
2023-05-30,159483.059291,0,0,0,False
2023-05-31,159176.162714,0,0,0,False
2023-06-01,160409.216645,0.851904902665,1703.80980532,0.010621588911,True
2023-06-02,161210.943434,0,0,0,False
2023-06-05,160995.588942,0,0,0,False
2023-06-06,161525.593822,0,0,0,False
2023-06-07,160742.808763,0,0,0,False
2023-06-08,161801.500934,0,0,0,False
2023-06-09,161655.756575,0,0,0,False
2023-06-12,162308.533019,0,0,0,False
2023-06-13,162575.263494,0,0,0,False
2023-06-14,162887.425627,0,0,0,False
2023-06-15,164369.396987,0,0,0,False
2023-06-16,163872.039913,0,0,0,False
2023-06-20,162983.294465,0,0,0,False
2023-06-21,162744.796273,0,0,0,False
2023-06-22,162180.299494,0,0,0,False
2023-06-23,161399.704408,0,0,0,False
2023-06-26,161592.949486,0,0,0,False
2023-06-27,162299.978201,0,0,0,False
2023-06-28,162448.734144,0,0,0,False
2023-06-29,162192.061903,0,0,0,False
2023-06-30,163438.136692,0,0,0,False
2023-07-03,163603.251904,2.51580754254,5031.61508512,0.0307545091808,True
2023-07-05,162920.883434,0,0,0,False
2023-07-06,161453.448894,0,0,0,False
2023-07-07,161712.257571,0,0,0,False
2023-07-10,162141.60346,0,0,0,False
2023-07-11,163029.453958,0,0,0,False
2023-07-12,164825.617461,0,0,0,False
2023-07-13,166138.902025,0,0,0,False
2023-07-14,165549.658003,0,0,0,False
2023-07-17,165758.635939,0,0,0,False
2023-07-18,166436.604935,0,0,0,False
2023-07-19,166812.022459,0,0,0,False
2023-07-20,165859.972628,0,0,0,False
2023-07-21,165912.359613,0,0,0,False
2023-07-24,166120.341318,0,0,0,False
2023-07-25,166345.839652,0,0,0,False
2023-07-26,166723.221001,0,0,0,False
2023-07-27,165222.141568,0,0,0,False
2023-07-28,166458.929662,0,0,0,False
2023-07-31,166726.339901,0,0,0,False
2023-08-01,165631.689866,1.11108435877,2222.16871751,0.0134162358226,True
2023-08-02,164027.759781,0,0,0,False
2023-08-03,163357.502851,0,0,0,False
2023-08-04,163732.728415,0,0,0,False
2023-08-07,164376.050229,0,0,0,False
2023-08-08,163897.989884,0,0,0,False
2023-08-09,163557.713813,0,0,0,False
2023-08-10,163230.147266,0,0,0,False
2023-08-11,162758.720311,0,0,0,False
2023-08-14,162718.902377,0,0,0,False
2023-08-15,161449.497607,0,0,0,False
2023-08-16,160495.598961,0,0,0,False
2023-08-17,159852.512044,0,0,0,False
2023-08-18,159988.471035,0,0,0,False
2023-08-21,160073.750349,0,0,0,False
2023-08-22,159982.04623,0,0,0,False
2023-08-23,161730.095104,0,0,0,False
2023-08-24,160520.333581,0,0,0,False
2023-08-25,160954.846862,0,0,0,False
2023-08-28,161827.137254,0,0,0,False
2023-08-29,163560.68273,0,0,0,False
2023-08-30,163770.140305,0,0,0,False
2023-08-31,163534.961276,0,0,0,False
2023-09-01,163454.857691,0.676779959962,1353.55991999,0.00828090602358,True
2023-09-05,162454.720901,0,0,0,False
2023-09-06,161817.118515,0,0,0,False
2023-09-07,161743.181158,0,0,0,False
2023-09-08,161812.742395,0,0,0,False
2023-09-11,162453.750222,0,0,0,False
2023-09-12,162006.674777,0,0,0,False
2023-09-13,161959.37135,0,0,0,False
2023-09-14,162810.857698,0,0,0,False
2023-09-15,162055.690182,0,0,0,False
2023-09-18,162083.386302,0,0,0,False
2023-09-19,161718.392282,0,0,0,False
2023-09-20,161141.988363,0,0,0,False
2023-09-21,159044.164686,0,0,0,False
2023-09-22,159277.859471,0,0,0,False
2023-09-25,158828.145891,0,0,0,False
2023-09-26,157368.858344,0,0,0,False
2023-09-27,156898.394677,0,0,0,False
2023-09-28,157550.546315,0,0,0,False
2023-09-29,157186.727845,0,0,0,False
2023-10-02,156069.249682,1.02580599888,2051.61199781,0.0131454371526,True
2023-10-03,154422.289086,0,0,0,False
2023-10-04,155179.423241,0,0,0,False
2023-10-05,155458.533789,0,0,0,False
2023-10-06,156222.447579,0,0,0,False
2023-10-09,157428.072288,0,0,0,False
2023-10-10,158050.617337,0,0,0,False
2023-10-11,158891.625574,0,0,0,False
2023-10-12,157670.059999,0,0,0,False
2023-10-13,157968.51594,0,0,0,False
2023-10-16,158431.308007,0,0,0,False
2023-10-17,158003.633331,0,0,0,False
2023-10-18,156670.686164,0,0,0,False
2023-10-19,155856.518444,0,0,0,False
2023-10-20,155191.105855,0,0,0,False
2023-10-23,155168.908279,0,0,0,False
2023-10-24,155964.133955,0,0,0,False
2023-10-25,154521.806901,0,0,0,False
2023-10-26,154313.58257,0,0,0,False
2023-10-27,154146.370064,0,0,0,False
2023-10-30,154875.45568,0,0,0,False
2023-10-31,155137.162286,0,0,0,False
2023-11-01,156493.867315,1.26955287403,2539.1057481,0.0162248220547,True
2023-11-02,158672.545771,0,0,0,False
2023-11-03,160165.835936,0,0,0,False
2023-11-06,159711.886744,0,0,0,False
2023-11-07,159817.576135,0,0,0,False
2023-11-08,159821.850345,0,0,0,False
2023-11-09,158803.803414,0,0,0,False
2023-11-10,159737.777246,0,0,0,False
2023-11-13,159739.235256,0,0,0,False
2023-11-14,162810.409267,0,0,0,False
2023-11-15,162577.619774,0,0,0,False
2023-11-16,162977.583875,0,0,0,False
2023-11-17,163455.153445,0,0,0,False
2023-11-20,164171.416316,0,0,0,False
2023-11-21,164060.152378,0,0,0,False
2023-11-22,164288.395571,0,0,0,False
2023-11-24,164353.096898,0,0,0,False
2023-11-27,164623.229094,0,0,0,False
2023-11-28,165297.031082,0,0,0,False
2023-11-29,165633.261886,0,0,0,False
2023-11-30,165639.501716,0,0,0,False
2023-12-01,167201.360669,1.86741702596,3734.83405191,0.0223370929777,True
2023-12-04,166110.320737,0,0,0,False
2023-12-05,166256.602201,0,0,0,False
2023-12-06,166293.471767,0,0,0,False
2023-12-07,166853.488159,0,0,0,False
2023-12-08,166566.636009,0,0,0,False
2023-12-11,166701.557421,0,0,0,False
2023-12-12,167054.755657,0,0,0,False
2023-12-13,169701.574208,0,0,0,False
2023-12-14,171053.331249,0,0,0,False
2023-12-15,170269.910261,0,0,0,False
2023-12-18,170568.016299,0,0,0,False
2023-12-19,171445.293949,0,0,0,False
2023-12-20,170322.447217,0,0,0,False
2023-12-21,171551.986932,0,0,0,False
2023-12-22,171716.869025,0,0,0,False
2023-12-26,172382.300266,0,0,0,False
2023-12-27,173180.465313,0,0,0,False
2023-12-28,173004.978775,0,0,0,False
2023-12-29,172618.979094,0,0,0,False
2024-01-02,171734.497107,0.91313212004,1826.26424009,0.0106341740329,True
2024-01-03,170805.459514,0,0,0,False
2024-01-04,170404.755354,0,0,0,False
2024-01-05,170323.273315,0,0,0,False
2024-01-08,171527.955529,0,0,0,False
2024-01-09,171033.946689,0,0,0,False
2024-01-10,171329.818672,0,0,0,False
2024-01-11,171602.471283,0,0,0,False
2024-01-12,172132.720722,0,0,0,False
2024-01-16,170637.616383,0,0,0,False
2024-01-17,169446.105019,0,0,0,False
2024-01-18,170207.954341,0,0,0,False
2024-01-19,171175.994675,0,0,0,False
2024-01-22,171390.559211,0,0,0,False
2024-01-23,171401.763178,0,0,0,False
2024-01-24,171323.164967,0,0,0,False
2024-01-25,172123.125637,0,0,0,False
2024-01-26,172054.939105,0,0,0,False
2024-01-29,173078.032966,0,0,0,False
2024-01-30,172955.290145,0,0,0,False
2024-01-31,172168.528633,0,0,0,False
2024-02-01,173826.549521,1.17579289456,2351.58578911,0.0135282549712,True
2024-02-02,173228.970534,0,0,0,False
2024-02-05,172116.372374,0,0,0,False
2024-02-06,173141.522162,0,0,0,False
2024-02-07,173457.151266,0,0,0,False
2024-02-08,173277.939701,0,0,0,False
2024-02-09,173605.876161,0,0,0,False
2024-02-12,173670.637099,0,0,0,False
2024-02-13,171340.012234,0,0,0,False
2024-02-14,172566.38157,0,0,0,False
2024-02-15,173724.359166,0,0,0,False
2024-02-16,173304.817202,0,0,0,False
2024-02-20,173273.804444,0,0,0,False
2024-02-21,173230.568494,0,0,0,False
2024-02-22,174725.710175,0,0,0,False
2024-02-23,175126.340229,0,0,0,False
2024-02-26,174602.870698,0,0,0,False
2024-02-27,174678.66546,0,0,0,False
2024-02-28,174598.689671,0,0,0,False
2024-02-29,175150.658541,0,0,0,False
2024-03-01,176763.479624,2.13185950604,4263.71901212,0.0241207493717,True
2024-03-04,176835.27449,0,0,0,False
2024-03-05,176522.719014,0,0,0,False
2024-03-06,177507.943276,0,0,0,False
2024-03-07,178583.48855,0,0,0,False
2024-03-08,178483.772122,0,0,0,False
2024-03-11,178239.962605,0,0,0,False
2024-03-12,178687.088492,0,0,0,False
2024-03-13,178524.136539,0,0,0,False
2024-03-14,177572.786527,0,0,0,False
2024-03-15,177040.693411,0,0,0,False
2024-03-18,177347.852913,0,0,0,False
2024-03-19,177776.442943,0,0,0,False
2024-03-20,179057.742056,0,0,0,False
2024-03-21,179345.765964,0,0,0,False
2024-03-22,179063.059443,0,0,0,False
2024-03-25,178740.748098,0,0,0,False
2024-03-26,178749.465793,0,0,0,False
2024-03-27,179970.8032,0,0,0,False
2024-03-28,180181.884494,0,0,0,False
2024-04-01,179580.99637,1.5193217143,3038.64342859,0.0169205972914,True
2024-04-02,179191.804319,0,0,0,False
2024-04-03,179621.714518,0,0,0,False
2024-04-04,178737.730207,0,0,0,False
2024-04-05,179439.066292,0,0,0,False
2024-04-08,179787.816519,0,0,0,False
2024-04-09,180373.364421,0,0,0,False
2024-04-10,178023.405694,0,0,0,False
2024-04-11,178917.252947,0,0,0,False
2024-04-12,177356.2487,0,0,0,False
2024-04-15,176395.864934,0,0,0,False
2024-04-16,175615.475311,0,0,0,False
2024-04-17,175445.978437,0,0,0,False
2024-04-18,175228.901698,0,0,0,False
2024-04-19,174942.845089,0,0,0,False
2024-04-22,175395.677542,0,0,0,False
2024-04-23,176481.289732,0,0,0,False
2024-04-24,176225.248146,0,0,0,False
2024-04-25,175823.115767,0,0,0,False
2024-04-26,176825.352302,0,0,0,False
2024-04-29,177495.472759,0,0,0,False
2024-04-30,175380.725584,0,0,0,False
2024-05-01,175567.005859,1.6596076132,3319.21522638,0.0189055103743,True
2024-05-02,177002.122448,0,0,0,False
2024-05-03,178354.085644,0,0,0,False
2024-05-06,179342.460302,0,0,0,False
2024-05-07,179497.757018,0,0,0,False
2024-05-08,179206.064298,0,0,0,False
2024-05-09,180369.090967,0,0,0,False
2024-05-10,180442.925788,0,0,0,False
2024-05-13,180386.95631,0,0,0,False
2024-05-14,181259.914047,0,0,0,False
2024-05-15,183071.667275,0,0,0,False
2024-05-16,182669.615133,0,0,0,False
2024-05-17,183032.839136,0,0,0,False
2024-05-20,183042.552968,0,0,0,False
2024-05-21,183180.521805,0,0,0,False
2024-05-22,182240.236273,0,0,0,False
2024-05-23,180853.797567,0,0,0,False
2024-05-24,181569.791879,0,0,0,False
2024-05-28,181423.765317,0,0,0,False
2024-05-29,179948.114888,0,0,0,False
2024-05-30,180261.055692,0,0,0,False
2024-05-31,181220.808452,0,0,0,False
2024-06-03,181930.926851,1.41584159204,2831.68318416,0.0155644848094,True
2024-06-04,181935.457034,0,0,0,False
2024-06-05,183292.566851,0,0,0,False
2024-06-06,183551.255959,0,0,0,False
2024-06-07,181736.472363,0,0,0,False
2024-06-10,182103.934525,0,0,0,False
2024-06-11,182173.297972,0,0,0,False
2024-06-12,183444.754623,0,0,0,False
2024-06-13,183397.8509,0,0,0,False
2024-06-14,183536.215503,0,0,0,False
2024-06-17,183769.437054,0,0,0,False
2024-06-18,184450.260609,0,0,0,False
2024-06-20,184369.411484,0,0,0,False
2024-06-21,183817.775453,0,0,0,False
2024-06-24,184053.98525,0,0,0,False
2024-06-25,184100.893371,0,0,0,False
2024-06-26,183469.098786,0,0,0,False
2024-06-27,184027.947873,0,0,0,False
2024-06-28,183618.528815,0,0,0,False
2024-07-01,183366.863115,1.63326778827,3266.53557653,0.0178140500738,True
2024-07-02,184082.421551,0,0,0,False
2024-07-03,185348.569595,0,0,0,False
2024-07-05,186451.833117,0,0,0,False
2024-07-08,186204.728836,0,0,0,False
2024-07-09,186159.778661,0,0,0,False
2024-07-10,187351.261945,0,0,0,False
2024-07-11,187982.644439,0,0,0,False
2024-07-12,188882.422223,0,0,0,False
2024-07-15,188654.116929,0,0,0,False
2024-07-16,189980.265917,0,0,0,False
2024-07-17,188905.305915,0,0,0,False
2024-07-18,187726.292989,0,0,0,False
2024-07-19,186579.120566,0,0,0,False
2024-07-22,187556.958148,0,0,0,False
2024-07-23,187291.900186,0,0,0,False
2024-07-24,185183.670798,0,0,0,False
2024-07-25,184543.545002,0,0,0,False
2024-07-26,186231.267255,0,0,0,False
2024-07-29,186247.566293,0,0,0,False
2024-07-30,186354.343622,0,0,0,False
2024-07-31,188529.08436,0,0,0,False
2024-08-01,187150.658984,2.1072842431,4214.56848619,0.0225194025727,True
2024-08-02,186224.901649,0,0,0,False
2024-08-05,183231.063261,0,0,0,False
2024-08-06,183413.453752,0,0,0,False
2024-08-07,182967.866295,0,0,0,False
2024-08-08,185124.549622,0,0,0,False
2024-08-09,185807.093177,0,0,0,False
2024-08-12,186280.435891,0,0,0,False
2024-08-13,188017.185388,0,0,0,False
2024-08-14,188199.767821,0,0,0,False
2024-08-15,189366.3771,0,0,0,False
2024-08-16,190303.195555,0,0,0,False
2024-08-19,191403.107595,0,0,0,False
2024-08-20,191420.709653,0,0,0,False
2024-08-21,192074.86254,0,0,0,False
2024-08-22,190827.903467,0,0,0,False
2024-08-23,192876.663468,0,0,0,False
2024-08-26,192557.786765,0,0,0,False
2024-08-27,192831.422095,0,0,0,False
2024-08-28,192066.532361,0,0,0,False
2024-08-29,192138.458138,0,0,0,False
2024-08-30,192580.214474,0,0,0,False
2024-09-03,190934.324754,0.686374502577,1372.74900529,0.00718961387529,True
2024-09-04,191066.972479,0,0,0,False
2024-09-05,191237.731157,0,0,0,False
2024-09-06,189536.568159,0,0,0,False
2024-09-09,190822.96643,0,0,0,False
2024-09-10,191382.38146,0,0,0,False
2024-09-11,192117.618259,0,0,0,False
2024-09-12,193236.514845,0,0,0,False
2024-09-13,194107.505715,0,0,0,False
2024-09-16,194665.600912,0,0,0,False
2024-09-17,194305.653911,0,0,0,False
2024-09-18,193591.874296,0,0,0,False
2024-09-19,195660.656208,0,0,0,False
2024-09-20,195446.704024,0,0,0,False
2024-09-23,195902.336686,0,0,0,False
2024-09-24,196989.768565,0,0,0,False
2024-09-25,196212.160222,0,0,0,False
2024-09-26,197414.344317,0,0,0,False
2024-09-27,197202.055519,0,0,0,False
2024-09-30,197026.475713,0,0,0,False
2024-10-01,196713.142287,1.50085970905,3001.71941818,0.015259257624,True
2024-10-02,196714.284871,0,0,0,False
2024-10-03,195775.35571,0,0,0,False
2024-10-04,196012.109953,0,0,0,False
2024-10-07,195034.32,0,0,0,False
2024-10-08,195224.026839,0,0,0,False
2024-10-09,195293.475304,0,0,0,False
2024-10-10,195209.044868,0,0,0,False
2024-10-11,196121.272146,0,0,0,False
2024-10-14,196575.269994,0,0,0,False
2024-10-15,195941.062094,0,0,0,False
2024-10-16,196693.480284,0,0,0,False
2024-10-17,196377.19539,0,0,0,False
2024-10-18,197241.025447,0,0,0,False
2024-10-21,196055.340164,0,0,0,False
2024-10-22,196098.959207,0,0,0,False
2024-10-23,194869.702321,0,0,0,False
2024-10-24,195392.116884,0,0,0,False
2024-10-25,195076.777309,0,0,0,False
2024-10-28,195407.729492,0,0,0,False
2024-10-29,195588.829055,0,0,0,False
2024-10-30,195303.468877,0,0,0,False
2024-10-31,193387.853046,0,0,0,False
2024-11-01,193204.484177,2.20294318296,4405.8863659,0.0228040055527,True
2024-11-04,193565.931456,0,0,0,False
2024-11-05,194995.742155,0,0,0,False
2024-11-06,194663.132608,0,0,0,False
2024-11-07,196678.848163,0,0,0,False
2024-11-08,196459.537505,0,0,0,False
2024-11-11,195781.770146,0,0,0,False
2024-11-12,194260.767753,0,0,0,False
2024-11-13,193909.370256,0,0,0,False
2024-11-14,193329.301223,0,0,0,False
2024-11-15,192446.365697,0,0,0,False
2024-11-18,193476.386549,0,0,0,False
2024-11-19,193999.354108,0,0,0,False
2024-11-20,193956.280481,0,0,0,False
2024-11-21,194500.216169,0,0,0,False
2024-11-22,195181.318986,0,0,0,False
2024-11-25,195714.004983,0,0,0,False
2024-11-26,195761.218527,0,0,0,False
2024-11-27,196084.124223,0,0,0,False
2024-11-29,197231.127259,0,0,0,False
2024-12-02,197099.825661,2.31898245873,4637.96491745,0.0235307684035,True
2024-12-03,197153.917996,0,0,0,False
2024-12-04,197806.085543,0,0,0,False
2024-12-05,197731.838682,0,0,0,False
2024-12-06,197982.808035,0,0,0,False
2024-12-09,197869.226722,0,0,0,False
2024-12-10,197311.582463,0,0,0,False
2024-12-11,198001.767944,0,0,0,False
2024-12-12,196767.968836,0,0,0,False
2024-12-13,196148.47112,0,0,0,False
2024-12-16,196271.588936,0,0,0,False
2024-12-17,195805.16239,0,0,0,False
2024-12-18,191808.51902,0,0,0,False
2024-12-19,191421.632824,0,0,0,False
2024-12-20,192702.395939,0,0,0,False
2024-12-23,192984.238894,0,0,0,False
2024-12-24,193962.614976,0,0,0,False
2024-12-26,194254.788834,0,0,0,False
2024-12-27,193143.508799,0,0,0,False
2024-12-30,192396.489346,0,0,0,False
2024-12-31,192282.099911,0,0,0,False
2025-01-02,192267.455095,1.14917401734,2298.34803471,0.0119538394916,True
2025-01-03,193090.438708,0,0,0,False
2025-01-06,193501.637113,0,0,0,False
2025-01-07,192458.031586,0,0,0,False
2025-01-08,192674.346968,0,0,0,False
2025-01-10,190748.248635,0,0,0,False
2025-01-13,190542.464405,0,0,0,False
2025-01-14,191050.623581,0,0,0,False
2025-01-15,193345.429208,0,0,0,False
2025-01-16,193799.854178,0,0,0,False
2025-01-17,194517.167312,0,0,0,False
2025-01-21,196398.614506,0,0,0,False
2025-01-22,196434.588278,0,0,0,False
2025-01-23,196943.151419,0,0,0,False
2025-01-24,197266.920485,0,0,0,False
2025-01-27,196509.336461,0,0,0,False
2025-01-28,197089.130177,0,0,0,False
2025-01-29,196562.501438,0,0,0,False
2025-01-30,197889.14777,0,0,0,False
2025-01-31,197104.299277,0,0,0,False
2025-02-03,196432.32535,1.12581832576,2251.63665153,0.0114625927414,True
2025-02-04,197682.942326,0,0,0,False
2025-02-05,198795.051892,0,0,0,False
2025-02-06,199065.406569,0,0,0,False
2025-02-07,198069.391844,0,0,0,False
2025-02-10,199108.80229,0,0,0,False
2025-02-11,199058.293688,0,0,0,False
2025-02-12,198502.862659,0,0,0,False
2025-02-13,200311.95533,0,0,0,False
2025-02-14,200280.066572,0,0,0,False
2025-02-18,200797.117356,0,0,0,False
2025-02-19,200768.583101,0,0,0,False
2025-02-20,200924.932635,0,0,0,False
2025-02-21,199849.744381,0,0,0,False
2025-02-24,199675.801738,0,0,0,False
2025-02-25,199896.166579,0,0,0,False
2025-02-26,200187.923615,0,0,0,False
2025-02-27,198342.355254,0,0,0,False
2025-02-28,199456.855342,0,0,0,False
2025-03-03,199056.985286,2.26432033363,4528.64066728,0.0227502147035,True
2025-03-04,198214.328186,0,0,0,False
2025-03-05,199703.614143,0,0,0,False
2025-03-06,197893.94215,0,0,0,False
2025-03-07,198563.248787,0,0,0,False
2025-03-10,196161.638255,0,0,0,False
2025-03-11,195557.084011,0,0,0,False
2025-03-12,195986.540051,0,0,0,False
2025-03-13,195351.215134,0,0,0,False
2025-03-14,197289.463527,0,0,0,False
2025-03-17,198580.020645,0,0,0,False
2025-03-18,198149.681711,0,0,0,False
2025-03-19,199254.455403,0,0,0,False
2025-03-20,198783.484382,0,0,0,False
2025-03-21,198234.977738,0,0,0,False
2025-03-24,199105.174895,0,0,0,False
2025-03-25,199467.021061,0,0,0,False
2025-03-26,198197.136344,0,0,0,False
2025-03-27,198382.428189,0,0,0,False
2025-03-28,197272.267862,0,0,0,False
2025-03-31,197971.941071,0,0,0,False
2025-04-01,198455.363714,2.27703137859,4554.06275717,0.0229472785229,True
2025-04-02,198945.429374,0,0,0,False
2025-04-03,195202.889469,0,0,0,False
2025-04-04,188650.186344,0,0,0,False
2025-04-07,186067.009985,0,0,0,False
2025-04-08,184503.688653,0,0,0,False
2025-04-09,193865.989953,0,0,0,False
2025-04-10,190349.551868,0,0,0,False
2025-04-11,192715.693372,0,0,0,False
2025-04-14,194189.062244,0,0,0,False
2025-04-15,194502.400612,0,0,0,False
2025-04-16,193948.479987,0,0,0,False
2025-04-17,194330.580597,0,0,0,False
2025-04-21,192933.8312,0,0,0,False
2025-04-22,195073.418041,0,0,0,False
2025-04-23,195770.529383,0,0,0,False
2025-04-24,198189.036108,0,0,0,False
2025-04-25,198622.353801,0,0,0,False
2025-04-28,199461.093605,0,0,0,False
2025-04-29,199983.451536,0,0,0,False
2025-04-30,199864.657377,0,0,0,False
2025-05-01,199514.80665,1.37404002322,2748.08004643,0.0137737201911,True
2025-05-02,200993.032227,0,0,0,False
2025-05-05,201243.088867,0,0,0,False
2025-05-06,201358.59287,0,0,0,False
2025-05-07,201191.678816,0,0,0,False
2025-05-08,200643.766767,0,0,0,False
2025-05-09,201117.283257,0,0,0,False
2025-05-12,202625.936654,0,0,0,False
2025-05-13,203032.692423,0,0,0,False
2025-05-14,202356.778894,0,0,0,False
2025-05-15,203843.569648,0,0,0,False
2025-05-16,204255.01648,0,0,0,False
2025-05-19,204853.645144,0,0,0,False
2025-05-20,204969.031998,0,0,0,False
2025-05-21,203133.377192,0,0,0,False
2025-05-22,203088.748518,0,0,0,False
2025-05-23,203392.151766,0,0,0,False
2025-05-27,205189.914338,0,0,0,False
2025-05-28,204262.978123,0,0,0,False
2025-05-29,205149.525558,0,0,0,False
2025-05-30,205051.135217,0,0,0,False
2025-06-02,206189.991787,3.10856869986,6217.13739969,0.0301520147326,True
2025-06-03,206078.972783,0,0,0,False
2025-06-04,206921.20353,0,0,0,False
2025-06-05,206337.303799,0,0,0,False
2025-06-06,206461.586152,0,0,0,False
2025-06-09,206816.554968,0,0,0,False
2025-06-10,207548.932313,0,0,0,False
2025-06-11,207694.348406,0,0,0,False
2025-06-12,208763.751046,0,0,0,False
2025-06-13,207447.657812,0,0,0,False
2025-06-16,207844.132286,0,0,0,False
2025-06-17,207051.870322,0,0,0,False
2025-06-18,207071.635972,0,0,0,False
2025-06-20,206631.437933,0,0,0,False
2025-06-23,207947.962018,0,0,0,False
2025-06-24,209232.948287,0,0,0,False
2025-06-25,208957.656605,0,0,0,False
2025-06-26,210052.301238,0,0,0,False
2025-06-27,210024.887836,0,0,0,False
2025-06-30,211032.008054,0,0,0,False
2025-07-01,211203.328422,1.57675406159,3153.50812324,0.014931036382,True
2025-07-02,211661.446083,0,0,0,False
2025-07-03,211938.710251,0,0,0,False
2025-07-07,210635.884948,0,0,0,False
2025-07-08,210576.856922,0,0,0,False
2025-07-09,211598.284262,0,0,0,False
2025-07-10,211897.51646,0,0,0,False
2025-07-11,211302.939475,0,0,0,False
2025-07-14,211460.964837,0,0,0,False
2025-07-15,210468.237969,0,0,0,False
2025-07-16,211237.747856,0,0,0,False
2025-07-17,211730.146444,0,0,0,False
2025-07-18,211821.358214,0,0,0,False
2025-07-21,212789.102697,0,0,0,False
2025-07-22,213487.737052,0,0,0,False
2025-07-23,214356.090397,0,0,0,False
2025-07-24,213878.654789,0,0,0,False
2025-07-25,214015.772305,0,0,0,False
2025-07-28,213010.749782,0,0,0,False
2025-07-29,213482.916831,0,0,0,False
2025-07-30,212323.93599,0,0,0,False
2025-07-31,211761.641135,0,0,0,False
2025-08-01,211608.664943,0.748507219279,1497.01443858,0.00707442270252,True
2025-08-04,213438.915568,0,0,0,False
2025-08-05,213256.628977,0,0,0,False
2025-08-06,213874.375599,0,0,0,False
2025-08-07,214303.782633,0,0,0,False
2025-08-08,214718.003824,0,0,0,False
2025-08-11,214104.487188,0,0,0,False
2025-08-12,215305.574758,0,0,0,False
2025-08-13,216239.393103,0,0,0,False
2025-08-14,215634.877003,0,0,0,False
2025-08-15,215606.828116,0,0,0,False
2025-08-18,215440.153514,0,0,0,False
2025-08-19,215176.89435,0,0,0,False
2025-08-20,215394.607982,0,0,0,False
2025-08-21,214691.784236,0,0,0,False
2025-08-22,217276.334994,0,0,0,False
2025-08-25,216279.437709,0,0,0,False
2025-08-26,216798.913606,0,0,0,False
2025-08-27,217052.065504,0,0,0,False
2025-08-28,217699.316411,0,0,0,False
2025-08-29,217285.024013,0,0,0,False
2025-09-02,216622.807145,1.65257508139,3305.15016279,0.0152575113958,True
2025-09-03,217509.745851,0,0,0,False
2025-09-04,218484.666905,0,0,0,False
2025-09-05,219347.951362,0,0,0,False
2025-09-08,220360.860626,0,0,0,False
2025-09-09,220228.880182,0,0,0,False
2025-09-10,220717.727633,0,0,0,False
2025-09-11,222076.3639,0,0,0,False
2025-09-12,221768.330896,0,0,0,False
2025-09-15,222803.204473,0,0,0,False
2025-09-16,222770.990711,0,0,0,False
2025-09-17,222320.057411,0,0,0,False
2025-09-18,222394.606555,0,0,0,False
2025-09-19,222709.819852,0,0,0,False
2025-09-22,223518.30181,0,0,0,False
2025-09-23,223410.471331,0,0,0,False
2025-09-24,222459.935007,0,0,0,False
2025-09-25,221795.494563,0,0,0,False
2025-09-26,222615.398502,0,0,0,False
2025-09-29,223600.18537,0,0,0,False
2025-09-30,224251.708352,0,0,0,False
2025-10-01,225064.445599,2.08991173818,4179.82347639,0.018571501387,True
2025-10-02,225176.17287,0,0,0,False
2025-10-03,225629.171962,0,0,0,False
2025-10-06,226114.88637,0,0,0,False
2025-10-07,225747.101994,0,0,0,False
2025-10-08,226661.655928,0,0,0,False
2025-10-09,225496.915866,0,0,0,False
2025-10-10,223077.282616,0,0,0,False
2025-10-13,225498.680884,0,0,0,False
2025-10-14,225819.029137,0,0,0,False
2025-10-15,227048.38688,0,0,0,False
2025-10-16,227599.785914,0,0,0,False
2025-10-17,227458.136268,0,0,0,False
2025-10-20,229711.686269,0,0,0,False
2025-10-21,227743.309443,0,0,0,False
2025-10-22,227464.630783,0,0,0,False
2025-10-23,228032.914188,0,0,0,False
2025-10-24,228770.773761,0,0,0,False
2025-10-27,229320.413084,0,0,0,False
2025-10-28,229159.561515,0,0,0,False
2025-10-29,228233.0482,0,0,0,False
2025-10-30,227553.153657,0,0,0,False
2025-10-31,227606.837005,0,0,0,False
2025-11-03,227795.055235,1.23255101842,2465.10203682,0.010821519792,True
2025-11-04,226049.421936,0,0,0,False
2025-11-05,226590.561771,0,0,0,False
2025-11-06,225896.280547,0,0,0,False
2025-11-07,226366.313631,0,0,0,False
2025-11-10,228546.722617,0,0,0,False
2025-11-11,229402.337953,0,0,0,False
2025-11-12,229914.791462,0,0,0,False
2025-11-13,227708.358164,0,0,0,False
2025-11-14,227148.495335,0,0,0,False
2025-11-17,225626.878957,0,0,0,False
2025-11-18,224970.187071,0,0,0,False
2025-11-19,225005.857165,0,0,0,False
2025-11-20,223470.647314,0,0,0,False
2025-11-21,224922.118783,0,0,0,False
2025-11-24,226694.498344,0,0,0,False
2025-11-25,227942.891921,0,0,0,False
2025-11-26,229181.285564,0,0,0,False
2025-11-28,229956.56322,0,0,0,False
2025-12-01,229074.002943,1.26144099678,2522.88199358,0.0110133322355,True
2025-12-02,229181.608285,0,0,0,False
2025-12-03,229758.646419,0,0,0,False
2025-12-04,229714.511993,0,0,0,False
2025-12-05,229773.121913,0,0,0,False
2025-12-08,229158.953834,0,0,0,False
2025-12-09,229025.433485,0,0,0,False
2025-12-10,230365.563068,0,0,0,False
2025-12-11,230949.777979,0,0,0,False
2025-12-12,229810.341068,0,0,0,False
2025-12-15,229987.558938,0,0,0,False
2025-12-16,229597.776106,0,0,0,False
2025-12-17,228758.104563,0,0,0,False
2025-12-18,229733.66951,0,0,0,False
2025-12-19,230527.292753,0,0,0,False
2025-12-22,231735.779493,0,0,0,False
2025-12-23,232646.56249,0,0,0,False
2025-12-24,233125.462047,0,0,0,False
2025-12-26,233590.759911,0,0,0,False
2025-12-29,232257.582336,0,0,0,False
2025-12-30,232251.324616,0,0,0,False
2025-12-31,231088.025932,0,0,0,False
