Date,SPY,VEA,VWO,AGG,IEF,TIP,GLD,VNQ
2015-01-02,30000,15000,5000,20000,10000,5000,10000,5000
2015-01-05,29458.2206095,14665.6895013,4920.37205727,20043.4686802,10061.0142252,5003.9921412,10150.7714931,5027.36509984
2015-01-06,29180.7484518,14502.5219148,4896.35887121,20094.1783031,10128.6039535,5004.43420828,10266.4797394,5077.23079505
2015-01-07,29544.3767678,14657.7345206,5008.84576804,20090.5578318,10126.7214922,5008.42401544,10205.9956554,5155.06988399
2015-01-08,30068.6398849,14880.5992631,5093.5276243,20059.765598,10085.4244107,5000.44393432,10163.0435291,5174.53085657
2015-01-09,29827.684979,14808.9648174,5068.24937351,20108.6659446,10135.176647,5015.52276323,10278.7517754,5176.96107746
2015-01-12,29594.0346051,14793.0505729,5022.74778737,20124.9705369,10170.8450753,5014.19516155,10392.7064916,5216.48983917
2015-01-13,29510.7991778,14864.6850185,5058.13720489,20130.4022033,10180.2274126,5006.20994555,10357.6439135,5208.58645057
2015-01-14,29332.623764,14824.8833452,5039.18093805,20179.2967939,10227.1634492,5035.92740353,10340.9887208,5253.58616396
2015-01-15,29063.9192083,14908.4582928,5054.34468245,20271.6658207,10314.4703213,5075.84601464,10601.3324422,5265.74945649
2015-01-16,29445.0746152,15071.6344457,5104.90285385,20193.786354,10238.4254381,5047.45849237,10739.8312304,5311.35820245
2015-01-20,29507.8703336,15139.2972904,5087.20864604,20228.1990592,10261.9037585,5059.43351554,10887.0963319,5269.39774251
2015-01-21,29656.8249147,15250.7259138,5200.95993966,20191.9770776,10213.084324,5038.58727497,10889.7266272,5265.74945649
2015-01-22,30097.855309,15306.4482566,5310.91971274,20181.1137449,10187.7385271,5039.91861111,10977.3844098,5359.39864664
2015-01-23,29932.8312981,15214.9108326,5265.41779263,20231.8348796,10254.3832785,5070.52347091,10889.7266272,5344.19536199
2015-01-26,30002.9315486,15417.8800924,5271.73710486,20222.7693114,10230.921816,5062.09665463,10781.0304952,5389.19839939
2015-01-27,29607.1751906,15429.8259484,5243.93239825,20211.8944668,10244.9990681,5078.06335218,10904.6282897,5391.02180374
2015-01-28,29227.4774448,15226.8513346,5182.0010011,20297.0187135,10323.8535951,5097.57685619,10818.7233685,5355.14243606
2015-01-29,29497.6477748,15433.799691,5187.05792033,20280.7313889,10287.2373803,5091.813179,10585.5540145,5373.99548407
2015-01-30,29126.7122223,15183.0694939,5048.02637212,20353.1657588,10377.3632617,5128.62611712,10821.352995,5263.31628091
2015-02-02,30548.5441349,15274.2720674,5091.42402248,20365.6960899,10182.848045,5091.42402248,10182.848045,5091.42402248
2015-02-03,30990.3075551,15491.6259544,5181.60438728,20287.6449546,10096.944283,5068.07180203,10068.8923816,5135.6622436
2015-02-04,30872.297211,15380.9739364,5146.53350996,20318.5033178,10113.5676119,5078.64745115,10112.9774748,5114.4277685
2015-02-05,31183.9553546,15542.9970296,5185.35806893,20276.7515089,10076.6164527,5056.61504204,10130.4451174,5175.77156887
2015-02-06,31097.7218753,15357.2645366,5100.18901144,20158.7686186,9963.91808547,5016.95670563,9868.42921016,5025.36276336
2015-02-09,30958.5418971,15286.1257041,5093.92868327,20155.1477095,9959.29804039,5008.14791566,9912.5143034,4989.9730462
2015-02-10,31288.3494438,15416.5412261,5085.16005382,20133.3531385,9934.35568586,4991.40263549,9854.2888283,5005.89899208
2015-02-11,31306.5100537,15333.5476937,5062.61446619,20124.2835866,9930.66314635,4982.14911641,9737.83724347,4991.15124666
2015-02-12,31607.5721734,15570.6672113,5180.35205688,20127.9121753,9934.35568586,4974.2191186,9760.2954597,5050.72505965
2015-02-13,31737.6914585,15681.3181659,5232.95489785,20104.3263486,9901.0998266,4964.08309743,9813.53099572,5017.10676276
2015-02-17,31787.6065197,15716.893962,5216.67327888,20022.6331854,9830.88452681,4938.9681915,9649.667057,5004.7190005
2015-02-18,31790.6323541,15823.5883879,5221.68226951,20078.8993492,9878.00328176,4959.67661561,9677.11584691,5051.31505544
2015-02-19,31767.9329926,15831.500382,5205.4016434,20062.5745397,9853.06184738,4955.71254419,9643.84450949,4942.78735369
2015-02-20,31958.5661644,15989.5722629,5231.70389127,20066.2012086,9847.51521687,4956.15031716,9588.94566043,4990.56268376
2015-02-23,31954.0330162,15926.3390447,5181.60438728,20102.4966952,9892.78080098,4965.40476373,9601.42272927,5030.67093435
2015-02-24,32044.7856352,16021.1925936,5252.99450087,20191.4374364,9958.3742154,4995.36531569,9587.28234741,4931.58101591
2015-02-25,32017.5727373,16036.9953158,5235.46286818,20205.9671504,9967.61062499,5003.73957887,9623.8809455,4932.75885814
2015-02-26,31979.7526088,15993.5256018,5231.70389127,20133.3531385,9908.49226679,5000.21420791,9654.65763069,4879.08536128
2015-02-27,31870.8113628,16005.3834916,5235.46286818,20184.1821789,9943.59577603,5029.29457649,9662.14412584,4917.42434095
2015-03-02,30850.3942576,15425.1971288,5141.73237627,20566.9295051,10283.4647525,5141.73237627,10283.4647525,5141.73237627
2015-03-03,30723.7813851,15337.7287334,5094.92306881,20540.854618,10261.2979165,5148.9985308,10264.7967185,5131.92020912
2015-03-04,30594.2579338,15269.2792551,5035.79339825,20552.0231089,10269.004202,5153.99655144,10232.7941807,5082.86272515
2015-03-05,30627.7322849,15318.7108397,5025.93801917,20561.3334619,10274.7882305,5144.91397778,10223.0155897,5097.58041724
2015-03-06,30196.9774033,15113.3501258,4944.63683788,20427.2584805,10169.7083579,5085.41669113,9943.88287051,4928.33571003
2015-03-09,30322.1322915,15120.9517578,4924.92575421,20479.4003896,10216.9479459,5077.69499781,9953.66146142,4967.58102685
2015-03-10,29830.2471703,14805.298311,4822.68571694,20527.8338878,10260.3248038,5083.60075001,9904.76850688,4963.9030004
2015-03-11,29760.3851943,14843.3320521,4860.87067258,20568.7817442,10278.6452082,5092.22682886,9845.20849186,4968.1947761
2015-03-12,30138.7577425,15025.8766142,4887.97280232,20585.550211,10288.280462,5080.87420929,9842.54172675,5054.6574464
2015-03-13,29953.952159,14934.6048448,4828.84150429,20546.4526274,10272.8592623,5064.52356908,9856.76470011,5051.58981742
2015-03-16,30354.1405733,15101.9400035,4885.5087948,20591.1344565,10308.5259997,5071.79163563,9850.5420221,5103.71344069
2015-03-17,30263.9153256,15086.7295767,4916.30302987,20587.4162141,10329.7408151,5076.78535423,9797.2046851,5101.8733102
2015-03-18,30627.7322849,15398.5755565,5043.18509532,20738.230168,10448.3157954,5154.45209024,9989.21991216,5208.57071227
2015-03-19,30488.0325877,15212.2255738,4954.49058948,20665.6153138,10399.1453217,5151.27192274,9982.10808637,5206.1179498
2015-03-20,30757.142547,15539.2911894,5016.08198909,20728.9276802,10441.5644066,5166.71148536,10095.8945862,5336.72959976
2015-03-23,30697.2115737,15611.5471116,5030.86505772,20732.6518214,10455.0614318,5164.44191745,10159.8996618,5329.98431675
2015-03-24,30524.7193554,15596.3346384,5050.5754904,20788.5178717,10486.8788613,5189.42198255,10184.7903739,5284.60709375
2015-03-25,30077.4280744,15512.6808727,4963.08564663,20749.398659,10441.5644066,5188.06014621,10199.0140255,5193.43367451
2015-03-26,30005.7820214,15386.622095,4934.70399065,20674.9315656,10382.7653903,5160.35497441,10265.6858663,5166.29165675
2015-03-27,30074.4905458,15421.0018547,4945.81057779,20704.7089648,10423.2468784,5162.62597633,10228.34912,5173.07753361
2015-03-30,30441.4013425,15432.459046,5046.99665781,20714.0271829,10422.287188,5147.18402369,10111.8958551,5247.10321594
2015-03-31,30175.3474909,15214.7263664,5043.29478759,20749.398659,10449.2764446,5158.99218205,10103.8955597,5200.83814209
2015-04-01,30745.5796757,15372.7898379,5124.26327929,20497.0531172,10248.5265586,5124.26327929,10248.5265586,5124.26327929
2015-04-02,30856.1970835,15487.7654723,5203.44216685,20469.4948806,10219.3071898,5105.46490045,10220.1569616,5163.21666006
2015-04-06,31063.9512463,15637.2458089,5266.53556875,20482.3562945,10232.5009205,5125.60649177,10345.1609423,5216.77953373
2015-04-07,30981.7446172,15637.2458089,5254.1637248,20486.0406646,10240.9826046,5136.79835867,10293.7408363,5124.87399857
2015-04-08,31086.3712361,15710.0620339,5360.55760154,20487.8722012,10231.559447,5124.26327929,10237.0016423,5132.78725953
2015-04-09,31223.8893248,15733.0559288,5429.8388834,20436.4323539,10190.0850134,5105.91059635,10166.0773116,5026.2711291
2015-04-10,31394.2823494,15763.725064,5418.70317959,20436.4323539,10187.2596571,5100.985798,10281.3291799,5022.61930707
2015-04-13,31252.2780582,15679.4011118,5400.14541366,20458.4785559,10207.9973418,5102.32853935,10207.7453051,5009.22941544
2015-04-14,31312.0729645,15798.2164197,5414.99247486,20480.5092693,10238.1600558,5115.75783736,10145.6870231,5026.88037854
2015-04-15,31452.5644024,15871.031618,5447.15887754,20508.073314,10243.8107684,5131.42739329,10233.4553581,4989.14292443
2015-04-16,31443.5975088,15909.354434,5496.64331636,20497.0531172,10251.3528507,5137.2468814,10197.9931928,5001.92540392
2015-04-17,31081.8795223,15717.7300877,5384.06351765,20513.5776042,10272.0867921,5169.92496551,10248.5265586,4978.79597285
2015-04-20,31365.8825934,15744.5533895,5366.74417618,20498.8749733,10253.2367336,5156.04950047,10170.5103359,4986.09888199
2015-04-21,31328.5104325,15878.7017251,5408.80687922,20476.8539404,10231.559447,5137.69257729,10229.0223338,4994.62029001
2015-04-22,31482.4604778,15913.1910275,5471.90223911,20416.227369,10172.1754925,5113.96845784,10091.6073731,5004.96724159
2015-04-23,31561.6772238,15982.1798988,5499.1195126,20447.456423,10203.2824876,5126.95017539,10165.1912478,5018.3582356
2015-04-24,31634.919715,16070.3322313,5526.33613344,20482.3562945,10239.1015293,5148.88632874,10022.4565226,5028.70702448
2015-04-27,31503.3924151,16131.6571554,5549.84172322,20489.7056739,10223.077763,5149.78054737,10224.5899859,5022.00895525
2015-04-28,31603.5245646,16158.4835373,5563.45101263,20410.7133983,10175.9488733,5120.23599753,10313.2450611,5012.2723555
2015-04-29,31473.4908285,16016.6722811,5504.06929444,20364.7913939,10138.2431411,5110.83351015,10240.5479265,4911.2368978
2015-04-30,31158.1146523,15855.7088569,5431.07698152,20364.7913939,10135.4131056,5119.34036549,10059.6914919,4831.50018317
2015-05-01,30997.8486325,15498.9243162,5166.30810541,20665.2324216,10332.6162108,5166.30810541,10332.6162108,5166.30810541
2015-05-04,31086.1267209,15513.7885754,5192.04516214,20625.886763,10311.3290835,5146.34805367,10425.8177821,5171.47646557
2015-05-05,30730.134142,15279.7429185,5138.22727648,20607.1773802,10293.9146976,5144.07982257,10455.0575591,5059.08013361
2015-05-06,30603.6239119,15313.1753113,5070.37422245,20537.8663675,10243.5930413,5102.80097658,10449.5753187,5049.39194441
2015-05-07,30725.7134574,15261.159858,5063.35555818,20588.4384439,10287.1381195,5115.95394791,10363.6831689,5126.90603752
2015-05-08,31130.2549168,15591.7968284,5140.56888852,20655.8639386,10326.8075783,5137.27465185,10413.9393623,5198.60674914
2015-05-11,30981.6765206,15454.3444754,5091.43330118,20524.7465507,10225.2116692,5090.55271961,10373.7344076,5120.44529484
2015-05-12,30888.9967321,15454.3444754,5077.39381249,20522.8905863,10232.9427624,5095.54225512,10462.3676776,5135.94881542
2015-05-13,30894.8873622,15565.7940774,5090.26588969,20521.0050682,10219.403996,5087.82855066,10649.6854563,5086.85504854
2015-05-14,31217.0386511,15751.5381067,5138.22727648,20552.8480595,10254.2356457,5097.35598064,10707.2510712,5185.04180235
2015-05-15,31250.8745168,15770.1181818,5190.87682487,20639.0105203,10327.7774424,5132.73866708,10739.2319683,5238.00920701
2015-05-18,31347.9668537,15718.1086993,5140.56888852,20560.3389054,10258.1064685,5105.52180357,10738.3180292,5224.44309028
2015-05-19,31337.6663873,15658.6685799,5152.26954251,20489.1738985,10212.6283772,5081.02481221,10589.3780242,5206.35636456
2015-05-20,31315.6036454,15688.3821712,5145.24840949,20521.0050682,10234.8824908,5094.63324396,10606.7393814,5201.83614554
2015-05-21,31406.8026402,15773.8359881,5130.03873197,20584.6890804,10295.8467514,5114.14022239,10571.103425,5177.29023704
2015-05-22,31331.7866056,15677.2436794,5142.9092662,20562.2145723,10272.6246923,5122.75959605,10562.8793674,5170.83105426
2015-05-26,30994.922302,15413.4814458,5066.86705047,20612.7846784,10336.4899116,5126.83916556,10408.457122,5131.42742647
2015-05-27,31289.1256431,15543.504157,5079.73419016,20633.38549,10330.684157,5122.30174852,10406.6292438,5181.81162599
2015-05-28,31253.8144077,15510.0647983,5008.37087822,20625.886763,10340.3616938,5119.13023532,10418.5076636,5171.47646557
2015-05-29,31059.632446,15361.4669876,4953.38527247,20633.38549,10346.1597739,5135.45901664,10425.8177821,5112.05026811
2015-06-01,30890.597586,15445.298793,5148.432931,20593.731724,10296.865862,5148.432931,10296.865862,5148.432931
2015-06-02,30859.9375978,15497.7198816,5166.68570149,20512.9960722,10225.1654976,5127.38387584,10338.4145363,5100.87579502
2015-06-03,30941.6912853,15587.5854646,5141.13111666,20432.2367575,10137.9595265,5095.80932988,10264.3493884,5027.61077778
2015-06-04,30680.3438233,15407.8583105,5065.6880224,20475.4273635,10187.3781934,5109.99502338,10192.0904049,5017.9706133
2015-06-05,30627.79115,15239.3656081,5041.35120905,20385.2817874,10113.7483787,5095.80932988,10137.8965119,4962.0595217
2015-06-08,30439.438148,15224.3900169,5038.91759191,20415.3276835,10128.2796705,5102.67220995,10167.7033942,4953.06187965
2015-06-09,30435.0558424,15138.2756033,5002.41365578,20357.1052559,10095.340925,5091.23118688,10190.2842404,4917.07092347
2015-06-10,30800.0765954,15452.7890961,5075.4231329,20306.4095845,10056.5879368,5072.92872856,10276.9946071,4951.77722278
2015-06-11,30899.364889,15497.7198816,5054.73867111,20415.3276835,10136.0348712,5098.09551176,10230.0267502,4981.9819851
2015-06-12,30662.8388275,15374.1589676,5055.95259092,20390.9174881,10130.2235052,5100.84114539,10227.3171589,4977.48122409
2015-06-15,30531.4315717,15276.8090995,5004.84470514,20415.3276835,10154.4404069,5117.31687359,10272.4788513,4950.49023793
2015-06-16,30697.8757376,15273.060939,5015.79726616,20449.1399157,10193.1905183,5147.51836193,10235.4459328,4990.33632871
2015-06-17,30747.5077711,15231.874302,5047.43621482,20451.0112523,10199.0114739,5153.46667292,10283.3172165,5032.75134524
2015-06-18,31067.2707207,15377.9041192,5092.45813191,20445.3735797,10191.2562732,5141.11108078,10416.0927023,5102.16122789
2015-06-19,30929.346535,15344.2067823,5046.21940625,20509.2277643,10245.5091142,5153.00770277,10398.028301,5062.95921152
2015-06-22,31087.7959542,15610.0483499,5111.92835292,20407.8226182,10159.2841708,5130.12854626,10264.3493884,5010.90170254
2015-06-23,31109.8151555,15666.216596,5158.16900442,20360.8617324,10128.2796705,5118.68944961,10196.6068498,4969.12920845
2015-06-24,30883.8680012,15538.9055156,5131.39696907,20392.7947403,10158.3146509,5127.83851154,10169.5095587,4942.13511832
2015-06-25,30789.9768346,15535.167385,5113.14484052,20370.2539095,10133.1282292,5122.34965231,10155.9616023,4892.00750462
2015-06-26,30784.1059449,15521.139616,5065.98524338,20321.423659,10084.6857952,5099.46808777,10166.7999674,4927.19297978
2015-06-29,30138.5530297,15054.8211099,4954.22534024,20441.621047,10201.9152389,5136.99238953,10212.8650866,4850.59080344
2015-06-30,30201.6415409,15032.0743794,5020.54445655,20428.4723934,10173.8164216,5127.38387584,10149.6389929,4848.64422431
2015-07-01,30373.1232465,15186.5616232,5062.18720774,20248.748831,10124.3744155,5062.18720774,10124.3744155,5062.18720774
2015-07-02,30345.319316,15224.6115954,5085.71646359,20276.8108479,10160.2934617,5084.40647574,10104.4835898,5074.85622152
2015-07-06,30258.9480025,14912.5830992,4944.54772482,20349.7376048,10232.121961,5104.3579553,10131.6068786,5106.86231888
2015-07-07,30449.2355998,14908.7767933,4869.01222109,20377.7839458,10259.2996379,5121.13491285,10014.0712473,5186.87636669
2015-07-08,29938.3823535,14547.2844407,4689.45645434,20426.399171,10300.068072,5127.48157074,10043.9067961,5166.87295437
2015-07-09,29992.539995,14783.2059457,4784.80782271,20351.599131,10228.2414914,5094.38245413,10068.3185148,5142.19966147
2015-07-10,30370.1959515,15232.2141403,4919.78250583,20265.5789869,10157.3703985,5070.34828727,10080.071871,5184.87578634
2015-07-13,30705.3980751,15296.9042271,4950.74016229,20235.6632818,10130.2003961,5052.66698228,10034.8656998,5192.20978636
2015-07-14,30838.6034216,15403.4526053,4963.12341906,20269.3177153,10162.2274609,5060.82567567,10012.2626141,5202.87861832
2015-07-15,30828.3525182,15342.5688244,4902.44730563,20323.5547495,10201.0590178,5074.88481859,9959.82397974,5211.54726846
2015-07-16,31075.7357943,15471.948998,4960.64728552,20340.382946,10197.1795076,5081.23052203,9923.65890479,5253.55427493
2015-07-17,31102.078763,15449.1131759,4959.41002784,20342.2503507,10198.1474665,5079.41896377,9823.30114944,5234.88391863
2015-07-20,31118.1869418,15483.3659024,4928.45107684,20306.7304721,10177.7618105,5065.81605101,9556.58432522,5240.88565967
2015-07-21,30995.2271274,15441.5076109,4929.68736361,20340.382946,10205.909365,5077.60501936,9526.74877644,5226.21486997
2015-07-22,30939.6058385,15312.1334775,4864.05768857,20349.7376048,10218.5369598,5079.87185333,9475.21376882,5248.88598844
2015-07-23,30765.4076208,15262.6605608,4823.19387978,20407.7016104,10260.2752714,5088.48820857,9432.71985748,5183.54073771
2015-07-24,30446.3109905,15099.0377277,4753.85081352,20403.9452466,10269.9817217,5083.04446644,9524.94014331,5205.54592594
2015-07-27,30269.1881635,15003.9072605,4647.35732968,20430.1300614,10303.9562161,5093.47572054,9480.63828863,5214.88050631
2015-07-28,30640.997587,15190.3649091,4691.93388241,20409.5670556,10274.8339875,5081.23052203,9495.10390474,5218.21493972
2015-07-29,30851.7789343,15243.643125,4735.27447201,20392.7310211,10260.2752714,5080.78001861,9508.66589407,5252.22002333
2015-07-30,30859.0837436,15236.0224596,4705.55633867,20394.6003852,10271.9205175,5088.03436455,9427.29464787,5226.21486997
2015-07-31,30812.2497106,15308.3191181,4745.18224251,20475.0163558,10332.1114453,5107.9872758,9486.96712502,5267.55634473
2015-08-03,30393.7267797,15196.8633899,5065.62112995,20262.4845198,10131.2422599,5065.62112995,10131.2422599,5065.62112995
2015-08-04,30334.3240467,15212.0249824,5081.74982188,20203.2093889,10078.9683763,5037.26647955,10151.6798356,5028.66147612
2015-08-05,30434.2863959,15291.5827482,5087.12558417,20166.1709072,10040.0039825,5021.51294861,10114.6976618,4995.52397391
2015-08-06,30185.1101654,15223.3836475,5050.83708113,20190.2556061,10075.1702201,5030.51543998,10159.4657909,5002.53334672
2015-08-07,30127.1507689,15208.2300737,5045.4616701,20225.4286036,10115.0846219,5044.46705157,10184.7697742,5021.01450672
2015-08-10,30506.7270028,15393.8849076,5131.4791357,20199.5036036,10073.2720798,5037.26647955,10288.9045128,5005.08259044
2015-08-11,30231.4617341,15151.3986591,5021.27003727,20266.1806193,10139.7970207,5057.96818333,10341.4585971,5038.21971177
2015-08-12,30267.6780504,15052.8934132,4943.31445878,20253.2132764,10135.9951132,5046.26565508,10486.4684871,5054.15124717
2015-08-13,30230.0077653,15049.1055209,4933.90757731,20210.6170853,10109.385512,5032.76357594,10399.8517766,5059.88771209
2015-08-14,30340.1186573,15075.6277833,4948.69232866,20201.3555277,10098.9307353,5027.36492326,10398.8783466,5087.28989203
2015-08-17,30509.6269662,15045.3136193,4896.27548496,20236.5556454,10116.9846379,5026.91444343,10426.1284475,5130.62436913
2015-08-18,30421.248522,14927.8618955,4839.82541448,20199.5036036,10100.8382537,5014.76096165,10424.1823299,5144.64349563
2015-08-19,30180.7588913,14806.6142607,4773.96881379,20262.4845198,10162.6084657,5031.86498472,10564.3265548,5114.05523714
2015-08-20,29550.5497999,14442.8893985,4701.39356404,20293.9672293,10190.1699505,5045.8175437,10748.2654786,5076.45608231
2015-08-21,28661.0053029,14079.1685458,4550.8606282,20329.1654099,10231.0343603,5047.61898935,10815.4173009,4982.14053959
2015-08-24,27454.1606876,13605.5667421,4326.40850204,20321.7364048,10248.1448196,5030.06259169,10757.0241214,4748.90168828
2015-08-25,27131.0951975,13741.9699554,4385.54715619,20273.5960643,10192.0709042,5017.91289944,10623.6931643,4618.26256479
2015-08-26,28172.7668296,14098.1090095,4537.42016868,20179.1363129,10129.3431818,4987.75727707,10478.6825318,4743.16484247
2015-08-27,28869.6166011,14283.7638434,4720.20767825,20206.9151742,10123.6421962,5012.06234585,10484.5223695,4834.93228412
2015-08-28,28871.0705699,14245.8769019,4651.66319642,20188.3862476,10125.5469012,5026.46254252,10578.9242927,4827.92367307
2015-08-31,28637.8188862,14139.7938668,4642.25420735,20173.5747292,10108.4392553,5021.96011261,10590.6032257,4717.67507143
2015-09-01,28972.2794305,14486.1397152,4828.71323842,19314.8529537,9657.42647683,4828.71323842,9657.42647683,4828.71323842
2015-09-02,29522.2102347,14710.8623309,4901.45379845,19290.053029,9631.17321248,4813.4977586,9606.13296478,4878.58259542
2015-09-03,29543.3650442,14730.9172008,4923.28007301,19318.394215,9654.70597752,4813.9339728,9537.15077839,4891.8821239
2015-09-04,29096.1758765,14401.8680709,4769.06266353,19359.1399864,9684.58687161,4821.76073239,9506.19762248,4800.78641439
2015-09-08,29827.3944173,14819.2049149,4929.09805543,19313.0924937,9642.03201859,4800.01983492,9508.85065374,4873.26397627
2015-09-09,29428.5436567,14763.0213416,4901.45379845,19320.1787148,9645.66232423,4810.8905118,9385.92192404,4817.40993081
2015-09-10,29588.6904432,14859.3327022,4937.82712036,19298.9108054,9623.92687267,4812.19185374,9408.0314175,4828.04796393
2015-09-11,29723.1532065,14855.3166325,4956.74155193,19321.9373255,9649.2756825,4825.66840855,9388.57563002,4920.47342757
2015-09-14,29612.8610327,14746.9729868,4956.74155193,19327.257539,9658.32825546,4816.53893814,9393.88169254,4923.13492293
2015-09-15,29982.9925871,14855.3166325,5007.66230142,19240.4531797,9582.28360991,4783.93512074,9365.58156789,4971.67373096
2015-09-16,30242.8485989,15067.9952854,5124.05122798,19224.5036346,9579.56400257,4782.62921589,9490.27876019,5024.8670759
2015-09-17,30174.868816,15076.018932,5124.05122798,19344.9619965,9659.23538588,4820.02180737,9587.56107123,5082.05206775
2015-09-18,29681.7666157,14714.8677845,4998.93171555,19360.9189385,9704.50806231,4835.23591832,9658.31104549,5073.40707617
2015-09-21,29835.1445284,14714.8677845,5010.57262346,19309.5438355,9649.2756825,4804.80267722,9598.17319627,5116.62766247
2015-09-22,29447.9023031,14369.772423,4913.09508659,19355.6042727,9697.26172251,4816.53893814,9532.72928453,5052.12981768
2015-09-23,29400.8195471,14301.5544414,4838.89480271,19339.6565768,9686.39310476,4813.06336956,9570.75764029,5083.82692787
2015-09-24,29294.5188468,14253.4019459,4830.16725873,19364.4712952,9700.88310848,4813.4977586,9771.51154409,5036.14693596
2015-09-25,29286.918416,14384.7963243,4821.3168987,19330.8098957,9675.53251472,4787.84964126,9711.37369487,5056.29513542
2015-09-28,28551.9079753,14106.6874771,4713.65247424,19376.8592376,9730.76400257,4789.1514395,9588.44496517,4977.71803183
2015-09-29,28568.6000957,14078.4762593,4751.99845759,19406.9812249,9764.26271476,4802.62890688,9549.53271548,5030.77387081
2015-09-30,29101.6586088,14364.641663,4880.31194769,19414.0748429,9766.06627201,4812.19185374,9450.48194184,5073.08159242
2015-10-01,29114.4189727,14557.2094864,4852.40316212,19409.6126485,9704.80632425,4852.40316212,9704.80632425,4852.40316212
2015-10-02,29549.3304809,14797.522628,4979.55902723,19468.1222891,9751.63141093,4880.37428583,9910.30438752,4887.56237077
2015-10-05,30075.147381,15094.8610454,5078.94675387,19395.4082842,9697.61016337,4865.51264935,9890.29999165,4970.02078852
2015-10-06,29972.1081785,15111.1487704,5065.79162041,19443.3048317,9717.41842651,4879.49866964,9989.41249106,4958.51629115
2015-10-07,30217.5917352,15290.3652415,5191.48697631,19429.1060094,9693.1047024,4878.62397032,9974.86358726,5015.40932732
2015-10-08,30490.3576963,15416.6278317,5258.71825432,19402.5076953,9667.89821151,4876.87548857,9923.9438114,5057.59841066
2015-10-09,30508.5432001,15449.2150829,5264.56632007,19386.5557268,9673.29555359,4863.32865168,10081.2505386,5049.28693806
2015-10-12,30537.332996,15420.7067364,5235.33465793,19436.21281,9705.71414762,4872.06876827,10121.2586366,5085.08354118
2015-10-13,30344.8874956,15237.415652,5141.793113,19437.9751931,9714.71532706,4869.44650408,10171.2696262,5045.45122296
2015-10-14,30199.4062314,15261.8558221,5181.25512211,19510.6799612,9767.83140829,4886.05433012,10348.5800556,5007.73638402
2015-10-15,30663.1103014,15542.9000775,5299.6434103,19484.0705629,9734.52093315,4876.87548857,10301.2975057,5076.13391755
2015-10-16,30802.5149798,15534.7540693,5315.71993898,19464.5698125,9726.41606322,4863.76600134,10228.5543741,5114.48993372
2015-10-19,30817.6663394,15469.5860039,5261.642664,19484.0705629,9721.92123043,4855.46231754,10185.8178363,5186.08313996
2015-10-20,30778.2667195,15416.6278317,5249.9506774,19445.06352,9688.60366984,4849.78135637,10250.3777298,5184.16452586
2015-10-21,30587.3452057,15404.4136472,5173.9484312,19491.1755161,9721.92123043,4852.84234553,10159.4491622,5164.98784174
2015-10-22,31104.067971,15587.702586,5286.48865364,19494.7187559,9731.81606234,4869.44650408,10155.8119363,5210.3737326
2015-10-23,31445.023348,15730.2614839,5321.5668743,19461.0339622,9676.89761959,4862.45395237,10138.5352864,5159.87468976
2015-10-26,31367.7425632,15673.2351354,5261.642664,19469.8976037,9702.11031025,4861.14419559,10132.1703144,5158.59460496
2015-10-27,31307.1260613,15534.7540693,5213.40930989,19498.2601483,9726.41606322,4872.06876827,10154.9024563,5156.67712569
2015-10-28,31663.2327979,15620.2876915,5156.41026289,19439.746813,9675.99599599,4847.59506652,10073.0666068,5161.15174836
2015-10-29,31645.05006,15506.2425043,5099.40782463,19356.4123255,9616.57740636,4834.48145335,9976.6825471,5154.12036056
2015-10-30,31508.6739941,15494.0229556,5092.10075691,19407.8299444,9635.4787318,4849.34354827,9938.49271521,5106.81926007
2015-11-02,30488.0171357,15244.0085679,5081.33618929,20325.3447571,10162.6723786,5081.33618929,10162.6723786,5081.33618929
2015-11-03,30576.4120353,15244.0085679,5144.31592434,20288.0478007,10135.9651833,5072.6274962,10011.9970701,5030.26643749
2015-11-04,30483.6714499,15144.7879309,5115.68984556,20288.0478007,10125.4773536,5065.75560158,9917.47343846,5007.84595738
2015-11-05,30453.2384243,15124.9377405,5122.84701104,20278.7371311,10118.8024284,5049.72037982,9886.58937357,5027.77654247
2015-11-06,30437.3051247,15053.5025616,5065.58931816,20181.7766753,10050.1307984,5028.64621721,9742.46445143,4871.4563925
2015-11-09,30153.2829492,14894.7543511,4946.78959668,20168.7324331,10032.9624225,5026.81326343,9770.54100388,4788.00215795
2015-11-10,30222.835082,14890.7893307,4933.9048537,20206.019697,10052.0325666,5024.9788679,9749.95162728,4842.80712082
2015-11-11,30104.001867,14962.2266003,4939.63021707,20179.909889,10047.2640937,5024.5223115,9717.19612544,4848.41343862
2015-11-12,29683.7610882,14783.6281994,4888.10305385,20198.5603057,10052.987198,5024.5223115,9719.06756239,4815.40427084
2015-11-13,29350.4525405,14668.5380728,4823.69114765,20237.714356,10091.1368544,5031.39757022,9691.92708543,4760.59893942
2015-11-16,29796.788594,14843.1609997,4928.18096642,20254.4882939,10104.4913889,5028.64621721,9705.96536165,4815.40427084
2015-11-17,29775.0601649,14863.0049181,4922.45301991,20269.4012609,10101.6349893,5037.80906377,9577.7501527,4815.40427084
2015-11-18,30247.4571083,15005.8825934,4961.10097547,20254.4882939,10096.858085,5045.13895654,9586.17340404,4857.7557046
2015-11-19,30221.3829935,15085.2509492,4998.31454577,20263.8183485,10118.8024284,5063.00953501,9691.92708543,4872.70170855
2015-11-20,30331.514257,15053.5025616,5041.25753867,20250.7644137,10105.4507044,5067.12959603,9647.9408198,4933.73509444
2015-11-23,30296.7355456,14962.2266003,4999.74930006,20256.3531417,10118.8024284,5073.08789728,9570.26369086,4944.32193938
2015-11-24,30337.3093864,14982.0642465,5012.62961478,20274.9958044,10128.3346899,5078.58483628,9633.90325759,4918.164774
2015-11-25,30332.9610556,15005.8825934,4973.98424236,20284.321982,10134.0596678,5075.83252209,9588.98091648,4938.09499055
2015-11-27,30367.742412,15001.9113009,4865.20049332,20278.7371311,10144.5512449,5078.58483628,9475.74005923,4981.06631824
2015-11-30,30241.6778488,14982.0642465,4872.35765881,20286.1945839,10148.36696,5076.29292317,9538.44355048,4944.32193938
2015-12-01,30244.4404062,15122.2202031,5040.74006769,20162.9602708,10081.4801354,5040.74006769,10081.4801354,5040.74006769
2015-12-02,29935.7907808,14963.7012418,4990.68655391,20138.8680194,10053.1610277,5023.51888322,9924.758228,4938.03446937
2015-12-03,29516.6121249,14892.3745982,4975.96290054,19990.6492176,9947.43395215,4992.24450852,10030.2253848,4860.37868255
2015-12-04,30092.2681099,14999.3656073,4995.1021697,20055.4859434,9984.24851441,5004.93455308,10252.9873128,4953.06368919
2015-12-07,29909.9605842,14876.5204058,4924.43789437,20085.1366158,10016.344614,5003.12209711,10119.9213863,4939.28523667
2015-12-08,29708.9656005,14650.6380881,4865.54973311,20092.5593639,10022.0073246,5004.48096362,10136.6776748,4934.90291867
2015-12-09,29477.8458683,14618.9349221,4830.21645681,20092.5593639,10037.1051092,4994.96271702,10116.9644827,4907.34749601
2015-12-10,29553.9451175,14614.9726787,4781.63633314,20088.8441498,10015.3994403,4984.08512843,10108.0937719,4872.27709285
2015-12-11,28981.1451799,14353.4291269,4646.19564974,20138.8680194,10095.6327462,5000.40198677,10163.2913113,4863.50838027
2015-12-14,29127.5791794,14385.1281177,4722.74741279,20044.3671812,10021.0649281,4964.59457031,10033.1822884,4886.05332179
2015-12-15,29433.3570361,14440.6099629,4791.94209346,20046.2276683,9995.57671292,4961.87683728,10006.5686519,4939.28523667
2015-12-16,29864.0096654,14733.8629435,4872.90985185,20011.0185748,9969.14702693,4947.37195945,10127.806964,5035.72847476
2015-12-17,29408.941762,14563.4593397,4830.21645681,20038.8126002,10010.6819033,4964.59457031,9906.03016913,5010.68014567
2015-12-18,28885.0300175,14408.9047093,4805.19045901,20081.4271617,10046.5494404,4978.19369561,10057.8241545,4952.43589666
2015-12-21,29123.2977286,14501.0070357,4839.06894286,20062.9048515,10051.2734575,4969.1261857,10167.2341001,4971.85076986
2015-12-22,29387.5685713,14608.6608543,4876.05285635,20048.0785553,10022.9562013,4962.32947581,10114.0075791,4991.89084141
2015-12-23,29751.4866423,14847.8880828,4948.54387733,20044.3671812,10000.2951756,4966.86014027,10084.437039,5043.19861295
2015-12-24,29702.3862108,14808.0151384,4933.74849012,20054.0171378,10018.6348782,4975.47120797,10157.3775041,5043.19861295
2015-12-28,29634.5144739,14764.1496805,4908.59838141,20054.0171378,10020.5298543,4976.83340271,10080.4942502,5071.13945723
2015-12-29,29950.7758583,14919.6541637,4905.64097396,20003.8972678,9967.58253764,4957.79310582,10073.5945578,5125.11590292
2015-12-30,29738.4850765,14827.9411726,4837.58910051,20000.1878138,9971.36693541,4963.23522833,9996.71205587,5107.33573625
2015-12-31,29441.0028581,14640.5560784,4839.06894286,20054.0171378,9982.71087138,4971.39175566,10000.6548447,5062.88624607
2016-01-04,29507.2260259,14753.613013,4917.87100432,19671.4840173,9835.74200865,4917.87100432,9835.74200865,4917.87100432
2016-01-05,29557.121271,14737.3058852,4928.7046835,19680.6010807,9832.96553702,4914.74560671,9863.46456871,5012.77049296
2016-01-06,29184.2838862,14468.0871766,4840.49762042,19755.2916668,9892.32590093,4930.37774833,10005.9005165,4999.03519407
2016-01-07,28484.1045033,14194.7978262,4684.20329758,19753.4754136,9913.65577862,4926.35797446,10147.3810421,4901.64159145
2016-01-08,28171.4588842,14019.4003633,4642.42010604,19797.2162164,9938.70578317,4930.37774833,10102.4514009,4836.08447028
2016-01-11,28199.3388578,14080.590268,4622.30387583,19740.7164234,9907.16553779,4904.47316359,10012.5921186,4863.55470368
2016-01-12,28426.8663955,14137.6903096,4639.32579002,19784.4478058,9951.68989777,4917.87100432,9961.92702689,4831.0889549
2016-01-13,27717.8846328,13925.5865925,4586.71050736,19830.0048618,9990.64950746,4928.14391595,10010.6805449,4761.78720123
2016-01-14,28172.9184014,14088.7443658,4645.51640712,19822.7115878,9970.24057914,4923.67812521,9848.16906137,4750.54929567
2016-01-15,27568.1616106,13599.2678423,4450.53479681,19846.3907061,10016.6222778,4923.67812521,9949.49997417,4718.08609748
2016-01-19,27604.8492908,13717.5599243,4512.43461557,19826.3497464,10003.6354385,4918.7663176,9939.94064675,4743.05930193
2016-01-20,27251.0868363,13403.4765921,4418.03614137,19842.7468952,10052.7927006,4921.44616685,10072.8172671,4615.69515763
2016-01-21,27403.7661797,13505.4519357,4425.77510751,19815.4183139,10027.7490537,4903.57878733,10084.2881683,4641.29070638
2016-01-22,27965.9599347,13897.034436,4575.88000429,19830.0048618,10005.4909608,4910.72442732,10037.4469534,4770.53099281
2016-01-25,27543.2006713,13697.1650691,4500.0541754,19819.0564725,10038.881279,4920.10483671,10140.68944,4740.5608155
2016-01-26,27918.9730706,13945.9803798,4565.04711914,19844.5631484,10046.3015516,4932.61251772,10256.3589792,4839.83056026
2016-01-27,27615.127168,13856.2436578,4535.6451618,19848.2163797,10053.7209159,4945.1159822,10294.5970182,4746.17976828
2016-01-28,27758.9801613,13909.2677184,4608.37627765,19864.602224,10066.7086634,4955.38842532,10184.6629296,4709.9682939
2016-01-29,28435.6687754,14149.9289313,4770.86121759,19922.9126179,10120.5070017,4975.48729469,10223.8563908,4806.7399166
2016-02-01,29212.3808251,14606.1904125,4868.73013751,19474.92055,9737.46027502,4868.73013751,9737.46027502,4868.73013751
2016-02-02,28685.9152084,14277.1112512,4723.56051201,19533.8862275,9806.43380745,4883.61623028,9741.06446775,4824.5371205
2016-02-03,28857.875638,14403.6849173,4849.58643595,19532.1031325,9795.68242189,4889.74574386,9845.60393336,4856.73460581
2016-02-04,28903.1471101,14433.2140233,4883.08781137,19551.7595876,9818.97811247,4890.62388188,9964.56223256,4859.26031057
2016-02-05,28352.5266723,14218.0519346,4832.03766768,19533.8862275,9831.51978986,4877.04810697,10122.2721354,4767.08811432
2016-02-08,27970.8722874,13960.6908923,4765.03778173,19608.9403262,9904.96992771,4880.55101422,10258.3534441,4630.72216417
2016-02-09,27972.3749499,13808.8040392,4704.41721971,19607.164607,9906.76547479,4869.6068977,10235.8234579,4545.4940901
2016-02-10,27948.2502368,13779.2683061,4718.7744843,19655.4040556,9936.33156613,4887.5568287,10315.1287615,4577.05968866
2016-02-11,27584.7044408,13597.8589742,4650.17884651,19667.9115354,9982.01553911,4904.6345923,10729.6803686,4512.03504199
2016-02-12,28153.4088336,13813.0287944,4726.75160642,19614.3025186,9905.87383239,4886.24513301,10666.5966825,4563.80369948
2016-02-16,28628.589591,14078.817257,4838.41944723,19566.0667579,9876.31387219,4866.10399045,10343.0657243,4647.76800005
2016-02-17,29096.232402,14331.9612757,4938.92111787,19555.3294654,9852.12566332,4857.78464316,10407.0514899,4687.54186273
2016-02-18,28977.0430716,14264.4568667,4914.99179786,19614.3025186,9897.80788455,4871.35720313,10660.2883139,4734.88915523
2016-02-19,28963.4835267,14239.1414708,4894.25398154,19617.8613327,9897.80788455,4875.29917938,10596.3032358,4762.03854704
2016-02-22,29382.8385922,14412.1222781,5015.4934685,19623.2364328,9887.95602428,4887.12143391,10407.9521943,4807.49165307
2016-02-23,29011.7521126,14171.6370619,4907.01590356,19626.8044666,9907.66237246,4902.00385247,10563.8600008,4794.86570841
2016-02-24,29144.5037249,14129.4469443,4907.01590356,19633.9663495,9907.66237246,4912.95348031,10599.0067241,4789.18351748
2016-02-25,29497.4980382,14298.2118325,4914.99179786,19683.9870491,9937.22408441,4933.09370431,10626.9436869,4887.03753621
2016-02-26,29429.6099897,14247.5810406,4871.92041338,19648.2513924,9888.85204607,4920.39468959,10553.9467519,4861.78527843
2016-02-29,29198.7966464,14184.3013869,4902.23028512,19671.4795693,9904.96992771,4937.03476201,10691.8301569,4842.84525609
2016-03-01,29841.8509119,14920.925456,4973.64181865,19894.5672746,9947.28363731,4973.64181865,9947.28363731,4973.64181865
2016-03-02,29975.9132733,15024.7543585,5050.15658067,19872.7689653,9930.03054267,4984.25997332,10024.145867,5009.58780169
2016-03-03,30093.4047168,15184.8241054,5104.8144463,19896.3834887,9941.83669144,4994.42855218,10197.2966049,5036.07270778
2016-03-04,30191.3160751,15301.6265243,5217.24829883,19865.4966273,9908.23832648,4978.9518239,10181.2483054,5036.70351985
2016-03-07,30215.4140107,15288.6484778,5206.31744684,19860.0592079,9888.26441855,4959.04661156,10231.9263658,5049.94542084
2016-03-08,29885.5261996,15119.930475,5115.74409639,19909.0913755,9945.46887523,4978.06751897,10184.6269287,4998.23723281
2016-03-09,30033.155778,15184.8241054,5148.53785425,19900.0028235,9906.42179131,4974.97013189,10100.1632799,5025.98265893
2016-03-10,30057.2509805,15171.8403961,5136.04573814,19909.0913755,9871.00955082,4957.72293791,10262.3333309,5007.69499745
2016-03-11,30542.2926546,15565.5217761,5248.47878941,19872.7689653,9842.86877029,4955.95200824,10085.8046142,5119.94531875
2016-03-14,30503.1352174,15530.9185597,5218.80956295,19883.6718609,9850.12693204,4950.20309823,9955.73051772,5120.57392261
2016-03-15,30453.4115311,15373.1864242,5130.7421676,19865.4966273,9848.30951032,4940.47296018,9963.33193679,5123.09827499
2016-03-16,30629.6623618,15533.9583605,5238.67611801,19950.8699098,9900.0643615,4993.10673436,10185.4711012,5184.89651188
2016-03-17,30823.9791283,15677.3465778,5345.04479799,19992.6353508,9910.96268596,5004.16240191,10146.6179001,5258.0512062
2016-03-18,30945.0946913,15651.2772284,5381.02318209,20008.9775362,9928.21755369,5020.97393884,10118.7453857,5235.34565201
2016-03-21,30989.0104937,15620.8622323,5402.9225455,19965.3940107,9900.0643615,5022.29714854,10047.7955856,5188.0943684
2016-03-22,30972.354849,15603.4785133,5379.45751102,19952.678642,9879.18262926,5009.47055132,10077.3577338,5188.0943684
2016-03-23,30767.9610622,15434.0164163,5296.552263,19996.2733902,9924.58448335,5014.77870074,9849.30613978,5160.03648052
2016-03-24,30754.3282502,15334.0801349,5288.73272154,19998.0952157,9914.59486975,5003.27902489,9825.65642121,5161.95099884
2016-03-28,30772.4980445,15429.677565,5302.81094097,20012.6193166,9929.12005872,5009.47055132,9848.46132285,5208.49970354
2016-03-29,31057.141756,15612.1675414,5354.43161304,20072.5543798,9996.3159021,5062.1066453,10030.9031136,5321.36685158
2016-03-30,31193.4261455,15729.4886744,5415.43669638,20065.2857827,9982.69676435,5065.20124862,9890.69314726,5311.16528811
2016-03-31,31117.71047,15590.4415734,5409.17841905,20128.853274,10019.0150561,5070.50615033,9936.30359495,5343.68707308
2016-04-01,30775.404529,15387.7022645,5129.23408817,20516.9363527,10258.4681763,5129.23408817,10258.4681763,5129.23408817
2016-04-04,30675.7593639,15353.010244,5059.71888279,20537.3618304,10270.5718018,5135.4933494,10190.0375543,5121.87828678
2016-04-05,30369.3736375,15066.7651836,4965.06178985,20565.2045197,10311.5588726,5140.86017233,10322.5126148,5088.16965042
2016-04-06,30701.0418244,15309.6330662,5028.66047709,20561.4816024,10289.2021234,5127.44405294,10259.3456808,5100.42707911
2016-04-07,30333.6715924,15092.7890033,4923.65032972,20606.0478424,10342.2910037,5145.32752249,10405.8574658,5068.55642034
2016-04-08,30415.476474,15379.0318029,5009.43359246,20585.6242728,10326.4600427,5135.04783369,10390.0657323,5096.75147766
2016-04-11,30344.0884923,15392.0420171,5075.98807656,20600.477778,10324.600461,5122.08145069,10530.4363249,5086.33238029
2016-04-12,30626.676435,15626.239438,5154.37673333,20567.0592996,10283.6152062,5100.62072448,10532.1913338,5123.10608128
2016-04-13,30936.0395692,15873.4482036,5250.5134293,20576.3465568,10291.0680612,5105.09323324,10419.8941904,5100.42707911
2016-04-14,30937.5269306,15890.7993009,5223.8904235,20541.0656657,10266.8490063,5093.02257129,10274.2599098,5072.23485163
2016-04-15,30903.3149318,15847.4311665,5192.8320178,20598.622998,10297.5838614,5111.35155655,10345.3223759,5110.23634712
2016-04-18,31120.4697083,15990.5469141,5210.57816299,20596.7605853,10287.3389097,5110.45724238,10329.5306424,5134.7512045
2016-04-19,31218.6248271,16268.1135998,5290.4456652,20594.9058053,10270.5718018,5119.39803923,10490.9573258,5137.20254875
2016-04-20,31248.3747415,16272.452222,5256.42918983,20544.7809502,10218.4163444,5097.93918887,10437.4409328,5050.17133849
2016-04-21,31080.3028939,16177.0443613,5198.74815714,20516.9363527,10201.6510525,5091.68133453,10476.9199319,4960.07647851
2016-04-22,31080.3028939,16164.0284949,5179.51899969,20518.7873162,10190.4735859,5088.55006253,10342.6905319,5014.01029669
2016-04-25,31026.7686196,16094.6376713,5138.10829717,20496.5070585,10179.2970274,5082.73913079,10372.5196593,5055.68703991
2016-04-26,31072.8687713,16155.3535115,5198.74815714,20487.2217096,10157.8737011,5080.50123504,10413.7529979,5075.30062372
2016-04-27,31136.8253151,16181.3773312,5229.80807804,20548.5019593,10213.756494,5111.35155655,10443.5821253,5072.23485163
2016-04-28,30854.2400571,15973.2025995,5176.56244523,20589.3395573,10249.1521075,5138.17394708,10640.9784594,5061.81540052
2016-04-29,30687.6582558,15921.157221,5166.21090601,20587.4866856,10245.429312,5135.94027201,10848.0253344,5015.23596881
2016-05-02,31185.7411565,15592.8705782,5197.62352608,20790.4941043,10395.2470522,5197.62352608,10395.2470522,5197.62352608
2016-05-03,30914.338156,15331.7220165,5052.9136313,20828.0869636,10456.9426465,5199.89486401,10371.6292614,5205.75556359
2016-05-04,30741.886027,15146.3937185,4981.30414245,20837.4914455,10475.9235609,5205.7955809,10308.367046,5280.18462626
2016-05-05,30735.8903989,15133.7562759,4981.30414245,20890.1137351,10504.4009381,5222.59205345,10296.5581506,5295.19678553
2016-05-06,30848.3618855,15167.4495356,4993.23759258,20858.1631793,10479.7219612,5204.43563517,10390.1862809,5353.3643001
2016-05-09,30873.8466884,15116.9096461,4917.15420621,20871.3182696,10499.6554786,5207.6116989,10176.7818439,5412.15813354
2016-05-10,31257.7265892,15340.1392931,5015.61663248,20880.7150382,10497.7585883,5223.50106479,10204.6173731,5411.53145368
2016-05-11,30965.321296,15230.6323568,5000.69905564,20880.7150382,10513.8937052,5222.59205345,10300.775889,5295.82202143
2016-05-12,30974.3106778,15218.0025993,4991.74514713,20861.9215011,10485.4200238,5218.96362682,10219.8003306,5326.46904894
2016-05-13,30704.3991406,15049.5165397,4902.23471892,20901.3829153,10525.2842865,5231.67121493,10266.1922357,5278.93559843
2016-05-16,31007.3123472,15234.8415441,4958.9273951,20865.6759661,10487.3206099,5225.77049803,10273.7840362,5328.97251945
2016-05-17,30717.8926873,15146.3937185,4938.03965438,20837.4914455,10473.0786874,5229.399877,10309.2107224,5230.14842722
2016-05-18,30726.8928965,15133.7562759,4899.25021011,20751.0230484,10388.6047023,5184.00597429,10130.3892952,5148.21184095
2016-05-19,30620.4224517,15032.668812,4839.57722812,20764.1646403,10399.0436046,5181.73654105,10110.9892429,5090.66847931
2016-05-20,30813.8687529,15171.6675057,4893.28424923,20777.3293723,10405.6850305,5179.01284022,10097.4929947,5131.32325201
2016-05-23,30771.8804084,15121.1254205,4882.8413341,20773.5768356,10412.335696,5181.73654105,10068.8144326,5131.94993187
2016-05-24,31170.7453192,15306.4482292,4941.02263483,20762.2903003,10395.2470522,5176.74483549,9894.2107439,5195.74673543
2016-05-25,31382.189332,15458.0821697,4997.71531101,20766.0640487,10390.5052884,5180.83086291,9867.21889108,5195.74673543
2016-05-26,31391.1868343,15491.7765272,5030.53611977,20798.0068912,10422.7764463,5195.81074128,9833.47891416,5205.75556359
2016-05-27,31526.1520769,15470.7152208,5029.04329223,20794.2504977,10402.842929,5189.00053687,9752.50335569,5233.90128654
2016-05-31,31466.1606072,15415.959557,5042.46995199,20807.4094447,10415.1833414,5181.28322581,9789.61675111,5233.27532867
2016-06-01,31011.9950707,15505.9975353,5168.66584511,20674.6633804,10337.3316902,5168.66584511,10337.3316902,5168.66584511
2016-06-02,31106.387101,15510.2358306,5209.99096503,20727.0904974,10369.4210797,5186.35899059,10313.2578273,5195.20613389
2016-06-03,31013.4620008,15633.1618603,5291.11044163,20839.431033,10465.6864959,5219.92986807,10599.4646978,5216.19270462
2016-06-06,31171.2887768,15739.1424432,5335.49591206,20811.3415856,10438.3233653,5225.82710749,10603.0312212,5176.07305867
2016-06-07,31219.9477287,15857.8290729,5387.53441478,20830.0678838,10453.4213405,5239.89228042,10594.1152528,5207.55113358
2016-06-08,31321.7170067,15908.6941399,5431.92027722,20837.5580197,10465.6864959,5252.1401369,10751.0388812,5240.88199154
2016-06-09,31278.9470739,15709.4655377,5370.69758696,20852.5421257,10481.7330253,5253.95602613,10810.7766176,5252.60856567
2016-06-10,30982.5020538,15285.5730375,5234.47964914,20880.6315731,10518.5395,5253.95602613,10854.4653388,5227.91999122
2016-06-13,30743.5681503,15065.1529591,5168.66584511,20897.4771896,10539.304032,5247.15203143,10934.7104147,5229.15470493
2016-06-14,30683.0965503,14851.1499867,5153.72002931,20888.1121234,10536.4739644,5233.99504099,10946.3011056,5215.57463529
2016-06-15,30640.3212929,14949.9864568,5201.48180293,20933.0491045,10568.5596843,5258.49170543,11027.4379824,5264.95356537
2016-06-16,30731.7634891,14954.2811006,5189.15768871,20946.1544459,10579.8872939,5248.05688376,10911.5283527,5294.57956972
2016-06-17,30617.3216384,15096.0894206,5212.26888188,20931.1799254,10544.0247867,5234.90179626,11051.511165,5285.93871116
2016-06-20,30814.4999474,15448.4634511,5287.76275451,20873.1337688,10498.7180181,5219.92986807,10985.5321827,5293.34699342
2016-06-21,30901.9726465,15568.7764547,5327.82210374,20858.1515799,10475.1270878,5204.05213608,10774.2202629,5313.52419613
2016-06-22,30851.5672225,15542.9964384,5335.52648813,20871.2722582,10495.8907025,5218.11683326,10779.5703882,5305.42695359
2016-06-23,31253.3250488,15951.2339842,5468.02865005,20835.677338,10445.8732702,5219.92986807,10709.1330816,5332.20698915
2016-06-24,30131.0462716,14644.8800249,5158.34171914,20948.025542,10590.2681838,5252.59446601,11234.2915779,5284.8760594
2016-06-27,29591.4049974,14361.2644898,5104.41730041,21032.2919671,10681.8146801,5268.01786889,11294.9211152,5288.61404294
2016-06-28,30125.117318,14743.7175998,5250.78570783,21058.4988157,10679.9276626,5286.16534349,11173.6620406,5400.08810062
2016-06-29,30638.0743073,15010.1435111,5374.04409808,21043.5147097,10636.5161678,5282.98979709,11220.0254843,5465.48339783
2016-06-30,31056.1520645,15194.9247858,5427.96930082,21086.5825117,10660.107098,5292.97124113,11276.1973775,5522.15305231
2016-07-01,31783.4579817,15891.7289908,5297.24299695,21188.9719878,10594.4859939,5297.24299695,10594.4859939,5297.24299695
2016-07-05,31554.8194148,15577.838592,5192.7596177,21245.398494,10652.5729942,5305.84210908,10681.9412464,5355.76818148
2016-07-06,31744.082261,15582.3211924,5192.7596177,21284.8935883,10654.4470911,5318.51565354,10744.6447035,5332.4761002
2016-07-07,31724.4025575,15515.0568229,5170.37330595,21269.8421628,10640.3936379,5307.65160303,10704.217988,5277.53646757
2016-07-08,32196.783415,15730.302344,5285.30190912,21301.8269226,10661.0005196,5319.41709335,10768.5719006,5362.93450272
2016-07-11,32310.3400352,15945.5409476,5328.5866436,21245.398494,10604.7921627,5293.6263713,10667.0896656,5398.76884181
2016-07-12,32545.0200915,16169.7482106,5410.6810528,21181.4328191,10542.0249214,5275.97600979,10490.5293347,5398.17170531
2016-07-13,32540.482177,16156.2923391,5401.72333814,21211.5414369,10569.195234,5287.29030775,10587.060833,5428.03058005
2016-07-14,32722.1754882,16295.2990667,5476.35551684,21192.7185048,10525.1635055,5273.71485102,10505.380286,5379.6584241
2016-07-15,32678.264572,16214.5868962,5456.95143899,21115.6140696,10484.88088,5267.83234209,10464.9523117,5381.44846715
2016-07-18,32766.0864044,16250.461534,5504.71465104,21119.370198,10482.0701894,5264.21382663,10481.4537184,5395.78213447
2016-07-19,32732.7684869,16120.4234659,5456.95143899,21162.6348766,10510.1761865,5264.66171182,10495.479442,5422.05955664
2016-07-20,32869.0309932,16237.0068154,5485.31095295,21143.8311672,10488.6236179,5255.15927007,10345.320103,5422.65703476
2016-07-21,32744.8813743,16196.6518831,5470.38421341,21162.6348766,10512.0457368,5257.4218462,10502.9052324,5433.40515017
2016-07-22,32891.755912,16205.6193897,5506.20595787,21166.3948495,10503.6173021,5252.89669395,10424.5249668,5481.18290251
2016-07-25,32802.4141909,16178.7157171,5461.42763802,21141.9473362,10495.1843209,5241.5842858,10351.9206657,5471.03158199
2016-07-26,32817.5668556,16254.9418285,5494.26562955,21141.9473362,10501.7422959,5250.63553519,10395.6482919,5444.1566817
2016-07-27,32782.7399253,16326.6887983,5501.72899933,21204.0311024,10546.7097089,5270.99730292,10563.1336359,5401.75418271
2016-07-28,32820.5876004,16326.6887983,5498.74410713,21202.1395823,10552.3347274,5278.24000326,10532.607135,5451.91945622
2016-07-29,32873.5770645,16515.0248823,5528.59530767,21258.5641662,10592.6164436,5290.00407623,10641.513272,5521.19514744
2016-08-01,32397.589641,16198.7948205,5399.5982735,21598.393094,10799.196547,5399.5982735,10799.196547,5399.5982735
2016-08-02,32190.013197,16119.1707056,5370.33148624,21535.0676947,10773.287374,5373.00933508,10886.9475857,5313.34469638
2016-08-03,32284.0906324,16057.2436185,5399.5982735,21558.0906636,10779.0467252,5388.40482039,10835.1319701,5282.45829168
2016-08-04,32318.4471326,16150.1405044,5425.93838204,21598.393094,10804.958689,5410.79221173,10853.5179506,5260.89281386
2016-08-05,32582.7677173,16207.6444718,5485.93213136,21525.4658188,10737.7786621,5397.73302139,10659.6311679,5264.39149511
2016-08-08,32563.3622349,16260.7253196,5521.05190377,21538.9084451,10732.0146595,5401.4630405,10650.4381776,5273.71408882
2016-08-09,32582.7677173,16393.4336943,5557.63296788,21594.5484285,10770.4035121,5414.52514151,10693.8954281,5302.26992843
2016-08-10,32502.1368116,16450.9297003,5544.46347207,21619.503518,10799.196547,5415.9256572,10744.0386055,5296.4436824
2016-08-11,32652.9583877,16574.789561,5608.84928714,21561.9353291,10747.3707587,5401.4630405,10669.6594208,5236.41604654
2016-08-12,32624.5930218,16530.5617766,5586.90049976,21613.74435,10785.765193,5415.45801012,10647.0952141,5258.56158204
2016-08-15,32718.6677754,16601.3362403,5648.35851919,21575.3622948,10754.0892265,5401.4630405,10683.8665375,5253.31672716
2016-08-16,32549.9210688,16561.5236141,5619.09322114,21561.9353291,10735.8557774,5394.00154695,10736.5174158,5190.37546823
2016-08-17,32611.1518557,16561.5236141,5598.60572545,21602.2279717,10753.1235979,5410.3269902,10739.024479,5211.35355431
2016-08-18,32684.3220025,16645.5640247,5643.97017647,21632.9461443,10772.3236059,5419.65567632,10790.0035568,5192.12064177
2016-08-19,32636.5296998,16521.7144,5610.31392957,21584.9602556,10735.8557774,5410.79221173,10694.7313283,5158.90233852
2016-08-22,32635.035939,16534.9792095,5540.07512935,21617.587058,10759.8504383,5421.98906062,10678.8524111,5186.87778708
2016-08-23,32700.7426449,16605.7616346,5512.27186759,21623.3403532,10758.8838794,5429.45394996,10677.1812481,5189.79274362
2016-08-24,32533.4896992,16557.1004945,5528.36841444,21615.6647252,10755.0492734,5421.05764734,10558.5082751,5167.06181657
2016-08-25,32511.096695,16504.0185094,5526.90339971,21592.6300109,10737.7786621,5418.25710107,10549.3159225,5190.37546823
2016-08-26,32449.8632263,16389.0082999,5483.00582494,21558.0906636,10696.5003659,5397.26440409,10534.2729055,5139.0903684
2016-08-29,32609.6527313,16450.9297003,5523.9789548,21617.587058,10740.6532211,5416.85658537,10555.1659492,5189.79274362
2016-08-30,32555.8853851,16415.5481551,5515.19817402,21606.0648069,10739.6941045,5412.19418276,10449.02893,5179.88442499
2016-08-31,32463.3043924,16358.0441878,5462.51981846,21602.2279717,10727.2172157,5413.12608115,10428.1358863,5185.12927988
2016-09-01,32363.1229787,16181.5614893,5393.85382978,21575.4153191,10787.7076596,5393.85382978,10787.7076596,5393.85382978
2016-09-02,32509.0183219,16346.4578799,5475.77364847,21546.6275564,10759.7139098,5387.79298286,10897.9179919,5440.64864975
2016-09-06,32607.2630212,16502.675102,5570.62884898,21592.6719586,10809.8971664,5413.42975194,11082.1766713,5482.58547178
2016-09-07,32604.2955495,16502.675102,5563.44317582,21604.1757338,10815.6873985,5420.42080774,11044.2916232,5515.40355284
2016-09-08,32529.8521117,16467.9628911,5551.94448985,21529.3631031,10762.612295,5401.30902406,10985.7416451,5447.94399017
2016-09-09,31751.2570558,16120.8073102,5376.60689781,21435.3501658,10711.4669576,5364.02242722,10913.4163609,5232.18686114
2016-09-12,32206.7987102,16246.6524634,5421.1594609,21452.6204793,10721.1195238,5365.88477686,10899.6397409,5294.18004626
2016-09-13,31743.814316,15904.4116193,5285.88480318,21393.1423087,10681.5574527,5342.11711907,10827.3144567,5161.26266361
2016-09-14,31731.9043284,15895.692285,5304.79441165,21420.0137523,10705.6776595,5350.50397114,10864.3383018,5177.78521039
2016-09-15,32048.9960527,16035.2038651,5389.15906322,21433.4299398,10708.5723086,5349.10720891,10794.5959695,5197.36981856
2016-09-16,31925.1107942,15839.0127071,5352.79592234,21448.7937013,10720.1490364,5357.96302922,10767.9039325,5199.81550452
2016-09-19,31931.0992055,15943.6480657,5397.88857191,21431.5253413,10701.8218638,5351.43514597,10790.2906116,5246.93676361
2016-09-20,31932.5909615,16013.4060872,5399.34099131,21439.1847575,10718.2248748,5350.50397114,10800.6230766,5238.98124442
2016-09-21,32291.6871135,16318.5917131,5530.25217451,21492.9139707,10735.5918347,5375.67273795,10958.1890621,5306.29549127
2016-09-22,32495.1727943,16479.9044182,5554.97840823,21537.0381469,10767.4339078,5402.24309673,10984.0198961,5401.15021313
2016-09-23,32317.1244945,16322.9474753,5482.25212648,21531.2794223,10772.2639272,5417.15783206,10990.9082061,5417.67206462
2016-09-26,32055.2838845,16179.072323,5415.34393264,21558.146959,10803.1411173,5419.48866696,10982.298147,5430.52277983
2016-09-27,32254.2809302,16257.5563731,5472.06873573,21584.993008,10821.4757624,5424.1498538,10902.2233498,5373.00066324
2016-09-28,32414.3800365,16401.4259467,5525.88723734,21590.753686,10816.6578858,5430.678703,10867.7824568,5417.06090386
2016-09-29,32121.1216545,16200.8779109,5434.25061579,21590.753686,10823.4045943,5429.74366438,10854.8670397,5344.84937512
2016-09-30,32363.5052746,16309.867916,5473.52590877,21567.7285547,10796.3944087,5429.74366438,10817.8431947,5308.13349293
2016-10-03,32343.9485876,16171.9742938,5390.65809794,21562.6323918,10781.3161959,5390.65809794,10781.3161959,5390.65809794
2016-10-04,32179.0799389,16124.3281862,5336.58177808,21489.5338976,10731.9901778,5364.25742559,10407.084556,5317.19245647
2016-10-05,32321.470273,16210.951931,5417.69625787,21460.6734148,10707.8128654,5355.45560164,10390.7385904,5209.53252752
2016-10-06,32343.9485876,16124.3281862,5417.69625787,21460.6734148,10685.5680551,5358.23643854,10294.3850832,5211.43103091
2016-10-07,32233.0300366,16020.3863425,5399.19548512,21464.5231737,10701.042096,5356.84650004,10301.2670077,5202.56487256
2016-10-10,32400.927754,16085.3483323,5436.19595736,21454.8997541,10672.9941697,5349.43317474,10337.4002293,5234.8624555
2016-10-11,31991.7035152,15851.4747506,5335.15756846,21422.1953779,10670.0921443,5345.26575899,10284.9216985,5184.20044092
2016-10-12,32033.6766055,15829.8218623,5329.46609625,21429.9007612,10670.0921443,5343.41410749,10301.2670077,5243.73077247
2016-10-13,31928.7519145,15786.5116525,5296.73395985,21460.6734148,10692.3388245,5351.75133874,10326.2158712,5284.89379422
2016-10-14,31945.2390472,15799.5038287,5310.96496575,21424.1290557,10659.4470214,5346.65617744,10268.575733,5261.46344895
2016-10-17,31834.331209,15773.5161511,5301.00265344,21460.6734148,10682.6660296,5370.74300534,10296.1054002,5272.86094516
2016-10-18,32033.6766055,15942.4233096,5394.92571828,21495.2977824,10703.9385119,5373.98507529,10359.7676327,5306.42779472
2016-10-19,32119.1199119,15998.7279125,5423.38880333,21506.8529246,10708.7795839,5381.39696075,10419.1287444,5317.82673001
2016-10-20,32059.1598848,15998.7279125,5416.27491026,21499.1534069,10699.1095939,5373.05780969,10387.2972999,5305.79532003
2016-10-21,32074.155248,15964.086173,5417.69625787,21512.6109438,10710.7111511,5379.07735689,10395.0403676,5286.16054246
2016-10-24,32210.551722,15942.4233096,5444.73549106,21479.9026573,10696.2019589,5370.74300534,10371.8118211,5298.19447083
2016-10-25,32102.630101,15929.43335,5440.4642932,21479.9026573,10694.2703917,5379.07735689,10450.0997021,5288.69547801
2016-10-26,32038.1760179,15851.4747506,5400.61897924,21437.5846375,10671.0588628,5373.52000264,10391.5990771,5219.66363526
2016-10-27,31952.7380679,15834.1500016,5359.35017116,21383.7212514,10634.3001856,5350.36140024,10410.5258464,5082.87065546
2016-10-28,31858.3012931,15825.4837479,5329.46609625,21383.7212514,10636.2373624,5356.38238729,10459.5630867,5094.90422406
2016-10-31,31859.7930626,15812.496005,5372.15660969,21410.6480565,10644.939699,5366.57222994,10490.5340444,5177.86849858
2016-11-01,31729.5362774,15864.7681387,5288.25604623,21153.0241849,10576.5120925,5288.25604623,10576.5120925,5288.25604623
2016-11-02,31538.5683374,15747.1231039,5227.57100817,21177.7898271,10608.2716634,5290.53781863,10654.9328843,5210.8969589
2016-11-03,31394.2179828,15738.4076657,5214.86930705,21149.2109641,10601.5316602,5275.47670208,10711.8100661,5170.56282204
2016-11-04,31359.628922,15607.6883584,5159.82730129,21193.0272489,10634.2470557,5289.16828228,10719.5656868,5211.55729372
2016-11-07,32051.3295345,15821.1942929,5334.83190696,21168.2616067,10589.9837387,5286.43062831,10526.5292341,5302.80069051
2016-11-08,32195.6852627,15860.4104196,5360.23672838,21133.9696769,10552.4576381,5277.30448453,10482.5787442,5330.57306562
2016-11-09,32537.0272231,15834.2674502,5219.10166997,20937.7366546,10391.7527789,5238.05043277,10475.6844209,5249.90666997
2016-11-10,32618.2258089,15781.9826265,5068.09015195,20852.009729,10329.2071105,5228.9252348,10319.7041345,5161.9683278
2016-11-11,32543.0374553,15655.6254987,4974.94197845,20813.9007129,10308.0331343,5214.31905401,10091.3347675,5193.04425506
2016-11-14,32568.6071377,15585.9064534,4950.94995518,20730.0832968,10248.3735175,5174.15749526,10006.0196523,5316.02654325
2016-11-15,32822.7295332,15681.7628927,5044.09777389,20745.3226513,10248.3735175,5177.35292243,10093.0586771,5271.72551448
2016-11-16,32761.0742772,15537.9715433,5003.16884821,20791.0407148,10257.9977143,5188.30495704,10062.8961766,5256.51828168
2016-11-17,32929.4870544,15642.5512263,5004.58058198,20712.9286347,10212.7664971,5179.63422193,10011.1900661,5202.96017016
2016-11-18,32855.8059606,15503.1198261,4993.28919544,20646.244621,10167.5371378,5171.87430414,9923.28974393,5218.16928104
2016-11-21,33103.918124,15638.190162,5042.68426615,20663.3973504,10176.2036522,5184.19776672,9960.34591034,5202.3009622
2016-11-22,33168.5798394,15686.1172666,5097.7273363,20682.4460603,10185.8194891,5188.76036571,9956.89874864,5293.54661269
2016-11-23,33186.6212829,15629.4791841,5048.3312012,20610.0567106,10149.2575731,5171.41889548,9759.55317941,5271.06442843
2016-11-25,33309.9317949,15659.9787575,5075.14562761,20608.141403,10140.5984897,5162.74721455,9704.39990719,5301.4781428
2016-11-28,33153.5421687,15603.3328695,5100.55115862,20680.5442816,10186.7818159,5170.51044267,9806.95083091,5325.94471205
2016-11-29,33218.2065709,15690.4783309,5103.37320696,20703.4100779,10197.3692684,5175.52939614,9761.27643152,5376.85622568
2016-11-30,33138.504498,15668.6908505,5111.8389972,20621.4847769,10129.051497,5178.26421267,9630.28757438,5315.36620844
2016-12-01,31306.5747583,15653.2873792,5217.76245972,20871.0498389,10435.5249194,5217.76245972,10435.5249194,5217.76245972
2016-12-02,31322.2652785,15696.9242501,5211.93471969,20936.9486582,10482.3694547,5220.53612988,10491.6599291,5269.80159196
2016-12-05,31510.4725461,15819.1117326,5246.90409023,20954.3938487,10478.3817659,5227.93099069,10435.5249194,5308.6654456
2016-12-06,31610.2712859,15928.2117274,5268.76049626,20950.5158313,10482.3694547,5238.0976101,10425.2334177,5342.91974796
2016-12-07,32023.7632412,16137.6796525,5347.44304515,21004.7884488,10517.2490024,5242.72262386,10462.6569954,5449.63246942
2016-12-08,32102.1827237,16150.772724,5372.21112342,20966.0161254,10477.380761,5237.63835838,10438.3315629,5487.17909457
2016-12-09,32296.0889187,16198.7728353,5347.44304515,20902.0582773,10423.5676172,5213.60291025,10328.868187,5481.25044373
2016-12-12,32259.0242363,16146.402783,5303.72840162,20882.6917412,10425.5580993,5212.67867212,10368.1626223,5517.48208567
2016-12-13,32474.3147837,16316.5959606,5357.64030817,20909.8162746,10431.5372307,5210.82971798,10333.545688,5514.84650605
2016-12-14,32206.2588435,16050.4003267,5203.19201076,20795.4599012,10344.8379033,5169.69347503,10181.9812334,5394.29951753
2016-12-15,32338.8678138,16024.2164173,5226.50590124,20770.2586761,10315.9326837,5137.33940586,10042.5784243,5362.68116901
2016-12-16,32275.6115033,16028.5818912,5194.44930183,20783.8278117,10328.890991,5134.5657357,10109.0056494,5443.04445591
2016-12-19,32345.8940283,16015.4910533,5159.47993129,20838.1082794,10376.7259639,5155.82703577,10159.5266585,5501.67160166
2016-12-20,32470.6692025,16050.4003267,5168.26439776,20818.7181926,10354.8056841,5160.91321281,10084.6802169,5514.18751759
2016-12-21,32380.306684,16050.4003267,5152.15844369,20863.2977293,10371.7430342,5173.85254661,10090.2935037,5430.53078525
2016-12-22,32324.3899398,16006.399387,5103.84570962,20863.1093236,10367.2500397,5190.03244853,10065.9680711,5421.44976714
2016-12-23,32371.716258,16041.5967884,5128.73466497,20868.9283122,10377.2351123,5196.03951848,10097.778362,5435.57404899
2016-12-27,32452.0260418,16019.5996689,5153.6247192,20853.3946546,10362.2642279,5193.72892315,10156.720015,5447.00699354
2016-12-28,32183.8274374,15988.8001279,5185.83442956,20886.4264917,10400.1909808,5207.13037602,10184.7878768,5414.05158326
2016-12-29,32176.6611063,16045.9991159,5266.36017065,20950.5276067,10432.1337989,5213.60291025,10318.5766852,5481.30657562
2016-12-30,32059.0522631,16076.7997737,5238.54086205,20993.2721503,10463.081376,5230.70418297,10254.9568173,5550.57894832
2017-01-03,31916.9224255,15958.4612127,5319.48707091,21277.9482836,10638.9741418,5319.48707091,10638.9741418,5319.48707091
2017-01-04,32106.8043994,16153.7631314,5368.02030237,21283.8600574,10651.1538965,5331.22958824,10676.5336003,5397.22279495
2017-01-05,32081.2968512,16296.982629,5423.90799033,21372.377692,10720.2060591,5349.54082654,10842.1808195,5414.56940926
2017-01-06,32196.0883689,16231.8889664,5401.8460926,21301.55961,10671.4674951,5327.46868109,10762.246286,5415.21069816
2017-01-09,32089.8044013,16192.8265997,5393.0213335,21336.9646767,10712.0829651,5335.92271093,10850.8480477,5366.38552134
2017-01-10,32089.8044013,16210.1793282,5422.43548007,21331.0688001,10707.0070086,5340.14924032,10897.0754692,5320.77072108
2017-01-11,32180.4979058,16323.0315509,5469.49877688,21356.6334958,10719.1867633,5357.05632894,10930.7825813,5288.00779348
2017-01-12,32099.7240034,16336.0483005,5482.73444375,21364.5026132,10725.2839701,5361.74993717,10970.2685803,5314.98839716
2017-01-13,32173.4049247,16396.8070859,5476.85176161,21327.1362286,10701.9320294,5352.35980754,10999.1600758,5307.28041924
2017-01-17,32060.0455952,16353.4076387,5470.96944742,21399.9136413,10755.750459,5369.26398299,11157.1026023,5348.39618829
2017-01-18,32130.8898274,16279.6265956,5450.38042788,21307.4654224,10679.5964527,5342.96676474,11062.7226884,5357.39425072
2017-01-19,32011.869705,16249.2494062,5435.67225077,21252.3875623,10638.9741418,5338.74363405,11053.0914551,5302.78103057
2017-01-20,32129.4828095,16327.3675298,5444.49627397,21260.2527053,10644.0530301,5339.67924831,11080.0578796,5341.32806941
2017-01-23,32045.8722181,16362.0862062,5519.50157504,21319.2591626,10699.8993014,5361.28334386,11151.3244502,5386.30122331
2017-01-24,32251.3496891,16431.5290672,5559.2107833,21285.8154139,10659.2848086,5352.35980754,11101.2446824,5387.58523095
2017-01-25,32530.4980134,16592.1123094,5607.74364681,21228.7961074,10606.4749249,5334.98515456,11009.7538445,5352.25071344
2017-01-26,32496.4829151,16540.0342948,5584.21255032,21242.543217,10620.6952258,5342.96676474,10907.6692379,5341.97293294
2017-01-27,32445.4854381,16500.9708265,5590.09265685,21260.2527053,10633.8942763,5351.88933,10929.819311,5289.93273255
2017-01-30,32244.256708,16383.7892347,5562.15028465,21250.4143215,10630.8490933,5350.48081056,10976.0467324,5253.95621122
2017-01-31,32241.42757,16440.2087363,5565.09456926,21301.55961,10667.4079026,5361.74993717,11128.2111068,5291.86196117
2017-02-01,32375.6051187,16187.8025594,5395.93418646,21583.7367458,10791.8683729,5395.93418646,10791.8683729,5395.93418646
2017-02-02,32396.9287992,16213.3584317,5414.43301301,21595.7297505,10795.9931236,5396.40817114,10851.8231416,5460.25078246
2017-02-03,32620.2488752,16281.5023799,5448.58545957,21601.7161713,10804.2406439,5390.72525147,10878.9902579,5490.08963366
2017-02-06,32561.9321462,16162.257497,5435.77989414,21663.7257319,10855.7861596,5403.98360197,11026.0669115,5480.80594361
2017-02-07,32563.3596201,16149.4757774,5415.85668429,21685.7236608,10875.372782,5401.61612682,11003.5840519,5461.57855231
2017-02-08,32606.0297196,16175.0359737,5458.54653049,21747.7211235,10919.6980029,5414.40489952,11071.9703397,5504.67591779
2017-02-09,32799.4663249,16234.6530101,5487.00856399,21695.7326176,10854.7510097,5403.98360197,10987.6587228,5517.93701455
2017-02-10,32928.8965177,16294.2808566,5536.81035849,21691.7302447,10847.5376488,5408.24701586,11016.6991129,5557.05881795
2017-02-13,33108.1190204,16353.897893,5558.1558156,21659.7253753,10831.04558,5399.7221467,10941.7560094,5559.04659899
2017-02-14,33240.3915284,16345.3817913,5566.69143519,21611.7331934,10791.8683729,5386.93778088,10953.9340761,5529.87292396
2017-02-15,33413.9192946,16405.0107187,5607.95939013,21577.7281456,10771.2574969,5394.03873738,11002.6470577,5511.30517492
2017-02-16,33385.4759303,16439.0772878,5592.30612612,21623.7241818,10814.5505395,5394.03873738,11061.6655468,5543.79735226
2017-02-17,33438.1029758,16383.7161403,5573.80694357,21671.712331,10843.4089358,5406.35254609,11024.1936377,5554.40512289
2017-02-21,33637.2292646,16456.1105724,5619.34199629,21669.7182016,10838.2599314,5405.88003036,11030.7511682,5625.35208281
2017-02-22,33607.3609529,16443.3375007,5633.57265704,21683.7234825,10855.7861596,5415.82538461,11045.7402177,5606.78507163
2017-02-23,33630.1146338,16473.1460189,5636.41893159,21719.7226596,10884.6475277,5428.61024009,11142.2299013,5635.96022237
2017-02-24,33672.7897863,16332.6043956,5576.65321812,21799.7318088,10935.1549217,5444.2375347,11213.4257424,5662.48167805
2017-02-27,33725.4092523,16341.1204974,5553.88515775,21759.7242098,10895.988611,5429.55820946,11159.0922246,5692.32163603
2017-02-28,33634.3844229,16302.7980394,5505.50347446,21753.7277074,10890.8356443,5429.55820946,11169.3970175,5653.2020462
2017-03-01,33243.3046403,16621.6523201,5540.55077338,22162.2030935,11081.1015468,5540.55077338,11081.1015468,5540.55077338
2017-03-02,33033.9543626,16518.4316414,5441.89055429,22121.1528078,11049.3711613,5523.04815863,10943.3560127,5510.56676619
2017-03-03,33054.7465564,16600.1425541,5488.40215305,22137.5791137,11059.9408518,5535.68876838,10936.8410308,5489.05791147
2017-03-06,32956.3240978,16544.2389942,5496.85839064,22127.3175741,11057.8307705,5529.85607153,10863.314401,5464.28709503
2017-03-07,32857.8720875,16501.2260117,5503.9048439,22098.6071405,11041.9630404,5520.13155886,10775.8268929,5438.21279957
2017-03-08,32796.8844433,16415.2153289,5448.93594969,22045.2685993,11004.940705,5496.30713117,10708.8152449,5337.83330844
2017-03-09,32838.4688309,16484.0291148,5402.42470355,21977.56349,10974.2709424,5481.7206135,10653.9033562,5257.65701692
2017-03-10,32953.5462233,16613.045139,5447.52898634,22010.397527,10997.5407037,5491.93575033,10677.1712501,5241.36207831
2017-03-13,32970.1839186,16690.4584649,5516.59008183,21973.4749723,10970.0375854,5479.29312982,10679.0323692,5254.39795666
2017-03-14,32844.0147294,16565.7422107,5485.58223179,21981.6788379,10981.6739885,5475.40231937,10621.3284468,5253.09447763
2017-03-15,33128.2420238,16823.7742591,5613.84333757,22108.8583607,11077.9186632,5524.99406654,10819.5706469,5359.3414378
2017-03-16,33063.0678667,16892.5760374,5651.89658302,22084.2343808,11047.2468707,5521.10476416,10864.2453156,5348.91360556
2017-03-17,33005.015707,16918.3855735,5646.26202981,22131.4246666,11076.865145,5533.25877126,10888.443414,5373.68297127
2017-03-20,32968.7999067,16909.787125,5701.23127665,22164.2298095,11103.3086553,5541.52498405,10936.8410308,5369.12115734
2017-03-21,32545.5040376,16810.8705826,5632.16594969,22209.3686129,11140.3228711,5545.41277837,11032.70464,5345.65273189
2017-03-22,32622.0852114,16832.3737991,5659.13451024,22240.1511675,11161.4805212,5554.65068839,11059.695482,5342.69977523
2017-03-23,32587.2805122,16879.6821853,5661.95760511,22246.2932314,11149.8390434,5548.33038352,11044.8036891,5382.09610512
2017-03-24,32563.6045497,16922.8523567,5677.48921099,22227.8402095,11156.1966909,5564.37520107,11062.4875157,5376.18511423
2017-03-27,32530.1838625,16961.7009262,5660.54535243,22281.1766869,11183.6866148,5575.0704056,11124.8453008,5327.59697229
2017-03-28,32766.9016221,17039.4100728,5674.66435301,22229.8834364,11145.6138061,5556.597099,11079.2404277,5350.57940389
2017-03-29,32797.5271962,17056.6801062,5683.13822171,22279.1086936,11177.3411467,5571.18261129,11106.2312698,5380.78283367
2017-03-30,32901.9659202,16991.9237576,5650.66240464,22238.0893658,11145.6138061,5557.56829354,11026.1896581,5390.63037475
2017-03-31,32825.3773585,16966.022528,5608.3022293,22254.4991608,11167.8270043,5574.09870837,11049.4575519,5422.80389304
2017-04-03,33318.7580146,16659.3790073,5553.12633577,22212.5053431,11106.2526715,5553.12633577,11106.2526715,5553.12633577
2017-04-04,33339.9996529,16650.8941029,5565.61063392,22192.0659825,11090.5246194,5546.83640527,11131.3782326,5553.12633577
2017-04-05,33240.8953782,16561.7768564,5555.90139413,22216.5915733,11111.494686,5557.47982697,11131.3782326,5561.17195127
2017-04-06,33334.3305419,16574.5127966,5546.19007565,22214.5515367,11104.1544596,5554.57816563,11090.4332946,5590.67328211
2017-04-07,33300.3559398,16553.2919521,5544.80220002,22165.4941981,11070.6121963,5532.80771201,11116.488906,5598.71667568
2017-04-10,33320.1727883,16553.2919521,5518.44468873,22194.1080715,11090.5246194,5535.70637577,11116.488906,5633.576936
2017-04-11,33280.5340833,16621.1862082,5523.99757706,22257.4702944,11141.8921424,5546.35079666,11277.4763769,5672.46185569
2017-04-12,33134.7072186,16608.4588517,5543.41536373,22306.5255806,11176.4799962,5567.15802662,11354.712451,5662.40613243
2017-04-13,32919.4863278,16502.3750153,5514.28244763,22335.145611,11210.0282859,5575.38539559,11408.6851947,5649.66631541
2017-04-17,33211.1575853,16638.1603087,5561.44943217,22322.8746062,11192.2040307,5562.317428,11375.18492,5718.05219561
2017-04-18,33112.0483025,16540.5667415,5496.25045789,22412.8209277,11256.1517856,5574.41517756,11429.1576637,5733.47018125
2017-04-19,33051.1679591,16464.1865081,5456.01800123,22378.0807875,11226.797911,5564.25336769,11327.7267891,5725.42678767
2017-04-20,33320.1727883,16612.7002309,5512.89769004,22343.3180715,11201.6404602,5558.44754702,11349.1293085,5726.09670015
2017-04-21,33213.9796207,16621.1862082,5507.34861266,22349.4546001,11206.8824746,5550.70728545,11381.6988229,5705.3127489
2017-04-24,33579.2716974,16986.1111289,5571.16075065,22316.7606535,11183.8202226,5549.25545559,11304.4627488,5642.29394527
2017-04-25,33774.6557075,17096.4417092,5611.39008927,22243.1695148,11126.1681079,5540.06286456,11190.0033584,5665.75939803
2017-04-26,33753.4215812,17032.79527,5590.58130892,22271.7813358,11155.5199737,5551.6745059,11244.9061526,5623.52010178
2017-04-27,33781.7395923,17058.2489101,5572.54585469,22292.2227486,11162.8541736,5556.51310612,11203.0311642,5608.77276926
2017-04-28,33708.1162691,17045.5194077,5596.1317721,22331.0511714,11174.3817842,5564.73747751,11238.3922497,5550.44631554
2017-05-01,33657.675311,16828.8376555,5609.61255183,22438.4502073,11219.2251037,5609.61255183,11219.2251037,5609.61255183
2017-05-02,33670.3722285,16929.1087814,5637.31456257,22469.4034926,11242.4704769,5609.61255183,11217.3503912,5600.18138552
2017-05-03,33629.475734,16874.7971916,5597.14796146,22446.6935276,11219.2251037,5597.34626244,11060.7857913,5525.41591506
2017-05-04,33668.9656165,16995.9590158,5537.58850001,22428.122797,11193.8776316,5576.2509128,10949.2214438,5498.47078865
2017-05-05,33801.5263237,17167.2532337,5569.44560481,22432.2558287,11195.9898367,5580.66645358,10969.8468575,5550.33811061
2017-05-08,33795.8824179,17087.8749189,5534.81809139,22388.9055159,11168.5301595,5559.07689487,10945.4713035,5511.27065386
2017-05-09,33764.857147,17058.6279413,5597.14796146,22390.9854708,11155.8559181,5554.17320894,10879.8456375,5481.63213102
2017-05-10,33825.4960888,17083.6914971,5641.47069436,22397.1695117,11151.6264548,5556.1358961,10878.9079236,5524.7417288
2017-05-11,33756.4000173,17050.2674364,5638.70132348,22395.1081648,11160.0793178,5572.81772626,10922.0334635,5497.12576474
2017-05-12,33699.9883934,17125.4739501,5669.17408875,22477.6592182,11217.1199729,5581.64729183,10952.971584,5474.89510528
2017-05-15,33886.1350306,17225.7471888,5721.80666387,22469.4034926,11209.727255,5566.92612751,10982.0342768,5491.0625532
2017-05-16,33855.1072657,17313.4807266,5727.34540564,22498.2871607,11224.5126908,5570.8530178,11029.8476708,5454.01579489
2017-05-17,33254.3742237,17104.5821954,5641.47069436,22613.859049,11314.301621,5603.23280792,11230.4755244,5476.24087333
2017-05-18,33388.3390488,17138.0051998,5537.58850001,22601.4661566,11311.1323027,5612.06439479,11138.5988767,5506.55395451
2017-05-19,33605.5109568,17334.3724812,5635.9291853,22601.4661566,11307.9579312,5621.87631459,11193.9125511,5536.19322149
2017-05-22,33776.1374766,17380.3267353,5634.54380803,22587.040863,11295.2877324,5613.04573837,11240.7882312,5557.74634607
2017-05-23,33850.8799479,17363.6194588,5631.77478306,22543.6905502,11265.7128182,5604.70532861,11169.5369972,5562.46118509
2017-05-24,33929.844749,17401.2195464,5651.1645302,22582.9098988,11288.9490958,5608.14306309,11213.6002509,5607.59110925
2017-05-25,34092.0141391,17397.0392939,5680.25261003,22593.2145661,11295.2877324,5599.30996024,11201.4128316,5608.26529551
2017-05-26,34084.9636213,17351.0818706,5694.10430722,22584.9733133,11302.6804503,5612.55405593,11300.7890445,5567.8498383
2017-05-30,34055.3524444,17321.842288,5684.40977956,22628.3029506,11331.2012832,5624.8218613,11263.2883574,5532.82229018
2017-05-31,34046.8928207,17355.2621231,5642.85468798,22651.0149831,11336.4828066,5626.29236069,11308.289325,5536.19322149
2017-06-01,34185.4679902,17092.7339951,5697.57799836,22790.3119935,11395.1559967,5697.57799836,11395.1559967,5697.57799836
2017-06-02,34299.2529306,17256.2264224,5715.62580982,22865.2461546,11445.1672799,5720.49390268,11479.1659518,5756.19255254
2017-06-05,34273.9618674,17182.6482676,5715.62580982,22829.8613301,11426.0124655,5705.54667759,11490.4934038,5731.36947397
2017-06-06,34164.3954167,17141.7826534,5719.78914252,22875.6626378,11462.1856505,5712.02401324,11619.8117265,5703.78433939
2017-06-07,34227.6031995,17129.5246227,5715.62580982,22848.6026749,11440.9035398,5698.57325133,11558.4559552,5743.78101326
2017-06-08,34244.4622521,17104.9961597,5726.73242204,22825.6926556,11422.8138981,5692.59661392,11482.9417692,5729.98711274
2017-06-09,34192.4938376,17043.6874037,5687.85823914,22806.9658792,11412.1804656,5687.61471752,11378.1651788,5769.98759582
2017-06-12,34185.4679902,16990.5585915,5667.03186771,22806.9658792,11410.0491038,5675.65837093,11361.1743609,5821.70672342
2017-06-13,34352.6299927,17137.7024995,5693.41119854,22813.2157691,11414.3067456,5685.12300137,11372.5018129,5834.80925286
2017-06-14,34309.0836513,17117.2624581,5689.24786584,22886.0583088,11473.8934032,5686.11825434,11310.2019073,5843.08361239
2017-06-15,34243.0660264,16933.3320564,5639.26776416,22871.5022882,11453.6734161,5658.22096558,11263.0052709,5872.739051
2017-06-16,34250.5390635,17084.5602522,5657.31488219,22886.0583088,11460.0614034,5663.20593375,11264.8928195,5857.56774122
2017-06-19,34535.6771678,17145.8710751,5694.80047853,22854.8421588,11428.1377291,5656.72706221,11178.9953158,5858.25606493
2017-06-20,34302.7683387,16990.5585915,5626.77429894,22890.2394706,11456.8638524,5662.70574746,11155.3969976,5844.46597362
2017-06-21,34294.2990622,16974.8435915,5648.14743718,22894.3894142,11455.799696,5671.67223946,11187.4903647,5832.74123436
2017-06-22,34278.7716413,17007.9219819,5669.10347937,22904.8100598,11466.4432923,5690.10489778,11225.2478178,5838.25887076
2017-06-23,34319.7068916,17045.1415011,5690.05917485,22908.9579221,11469.634745,5694.58865574,11273.3885885,5858.51699561
2017-06-26,34342.2899725,17078.2209249,5750.13036564,22929.7846448,11479.2060539,5703.55463577,11172.3878155,5900.2876172
2017-06-27,34065.6236291,17074.0901309,5690.05917485,22861.085805,11422.8138981,5676.65259998,11214.8645002,5847.37773148
2017-06-28,34370.5225503,17227.0866,5723.58530588,22869.4169103,11412.1804656,5681.13891774,11223.3602692,5861.30304964
2017-06-29,34068.4533462,17053.4123905,5659.32269861,22825.6926556,11369.6233589,5658.72063991,11168.6119982,5794.46822668
2017-06-30,34131.9642243,17086.4928479,5704.03033193,22796.5556397,11343.0255483,5650.74837696,11140.2937283,5794.46822668
2017-07-03,34049.2018763,17024.6009382,5674.86697939,22699.4679175,11349.7339588,5674.86697939,11349.7339588,5674.86697939
2017-07-05,34127.9249394,17032.8599175,5665.18024601,22711.9533151,11358.2979422,5683.4092892,11391.7736626,5594.75013203
2017-07-06,33815.8433413,16929.651048,5602.92565386,22668.2523476,11336.8992117,5668.83626525,11386.885776,5489.72100161
2017-07-07,34035.1411821,16958.5507695,5618.14673152,22659.9273652,11318.7025332,5651.24839932,11270.5431836,5520.69255133
2017-07-10,34071.6920594,16987.4504911,5658.26325986,22670.3325552,11333.6869524,5648.7404093,11289.1190922,5470.19792585
2017-07-11,34046.391222,17041.11477,5698.38390831,22691.1491633,11348.6611642,5666.82482532,11303.784244,5464.13829084
2017-07-12,34302.2374659,17193.8558494,5806.29314985,22759.8001653,11381.8371582,5683.4092892,11343.8681964,5531.46396699
2017-07-13,34359.8781473,17243.3973448,5822.89377929,22734.8439026,11370.0701021,5681.39990964,11323.3372824,5540.21599546
2017-07-14,34520.1299795,17367.237671,5882.38137097,22757.730338,11386.1191499,5680.8997539,11416.2153336,5593.40375112
2017-07-17,34515.9189464,17338.3389812,5851.94402247,22768.1292998,11400.0297538,5692.4563906,11467.0544268,5638.51211622
2017-07-18,34534.1906737,17375.4935552,5861.62903912,22820.1427933,11441.7676898,5708.53297234,11547.2230777,5626.39284619
2017-07-19,34721.1585672,17458.0606508,5918.34997368,22826.3875681,11441.7676898,5713.0596136,11544.2901965,5668.80623927
2017-07-20,34736.6196402,17515.8559669,5905.89898658,22832.6406472,11444.9748455,5698.98674539,11559.932478,5642.55052222
2017-07-21,34705.69502,17470.4455088,5893.44868617,22872.1687431,11465.309968,5707.52957029,11659.6549132,5638.51211622
2017-07-24,34697.2581086,17437.421972,5915.58468992,22851.3583632,11457.8146962,5707.52957029,11664.5427998,5627.74106894
2017-07-25,34781.6123771,17449.8027031,5905.89898658,22770.2219637,11393.6154425,5685.42175932,11626.4138528,5635.14487466
2017-07-26,34783.0152301,17561.2622982,5948.78732219,22813.9083988,11429.9924678,5702.00364774,11720.2697797,5674.19360475
2017-07-27,34750.6803344,17495.2193517,5918.34997368,22780.6126213,11411.8019136,5697.98488862,11711.4711362,5680.9266144
2017-07-28,34709.9085273,17511.7269931,5940.48460406,22826.3875681,11431.0611794,5711.5493596,11799.4613008,5665.44047118
2017-07-31,34690.2240503,17548.8733133,5950.16962072,22815.9803021,11434.2754802,5711.5493596,11805.3270631,5672.84722384
2017-08-01,34782.4690268,17391.2345134,5797.07817113,23188.3126845,11594.1563423,5797.07817113,11594.1563423,5797.07817113
2017-08-02,34799.352567,17383.0987223,5810.50070481,23171.4141386,11583.3177324,5794.01400625,11570.1319821,5744.34046645
2017-08-03,34731.8481089,17358.6974495,5789.02478417,23217.899343,11623.4282289,5809.84360946,11588.3899973,5732.69792393
2017-08-04,34795.1323007,17383.0987223,5803.79110354,23179.8644636,11591.9923371,5801.67598552,11498.0589018,5751.87506668
2017-08-07,34859.8224229,17395.3074925,5849.42518638,23177.747674,11598.4988068,5808.31100466,11484.6053187,5745.71127952
2017-08-08,34774.03592,17305.809724,5841.37179942,23156.6218614,11588.7349724,5812.39638371,11518.2392763,5718.31338052
2017-08-09,34772.6275144,17261.06389,5809.15958403,23177.747674,11602.8340443,5823.11834897,11657.5802717,5699.13698725
2017-08-10,34281.8043624,17012.9019284,5674.93557969,23200.9923804,11646.1895161,5837.92569328,11744.0681148,5658.04369882
2017-08-11,34332.4351812,17008.8380998,5692.38414062,23220.0098201,11659.2045204,5834.35170486,11799.8048063,5623.11119958
2017-08-14,34672.7742825,17126.8141871,5742.0462494,23209.4427055,11631.0167012,5811.37673662,11716.1997691,5716.9455654
2017-08-15,34668.5490658,17110.5405715,5738.02155461,23175.6350928,11596.3255096,5794.01400625,11625.8686736,5699.8216443
2017-08-16,34729.0312978,17216.313989,5807.81579834,23217.899343,11618.0068591,5804.22771505,11711.395337,5722.42544499
2017-08-17,34187.5822775,17021.0407696,5733.99352867,23251.7237891,11659.2045204,5818.52262402,11770.9752808,5686.80791397
2017-08-18,34134.1296971,17069.8656831,5775.60225049,23236.9230952,11661.3633634,5819.54592763,11752.7172657,5629.27498674
2017-08-21,34160.8522745,17073.9244282,5790.36856986,23253.8237454,11668.9580303,5821.58731125,11796.9220004,5689.54766639
2017-08-22,34518.0724408,17159.3593847,5841.37179942,23232.6916202,11646.1895161,5814.43828969,11744.0681148,5673.1114003
2017-08-23,34394.3109674,17167.4972092,5869.55998625,23285.5356101,11686.310337,5830.26475873,11788.2728495,5731.32860983
2017-08-24,34314.1481859,17147.1567149,5882.98118747,23255.9468474,11667.8749953,5815.4589815,11751.756086,5713.52115592
2017-08-25,34394.3109674,17248.8571532,5932.64263001,23272.8559142,11687.3882098,5825.15868787,11794.999641,5740.91718121
2017-08-28,34395.709472,17248.8571532,5931.30217547,23281.3062393,11698.2319819,5829.75597991,11982.3900898,5697.08488983
2017-08-29,34435.0977985,17175.6309668,5919.22076257,23315.1159562,11725.3377985,5838.94534038,11956.4433703,5690.91660575
2017-08-30,34598.2401727,17151.2215602,5925.93169629,23310.8907936,11715.5739641,5837.41273558,11950.6777585,5723.10897781
2017-08-31,34806.3797434,17297.6800333,5946.06516369,23342.5816168,11734.0020787,5852.22060225,12090.9799337,5755.98525743
2017-09-01,35067.6118412,17533.8059206,5844.60197353,23378.4078941,11689.2039471,5844.60197353,11689.2039471,5844.60197353
2017-09-05,34815.7543688,17406.2125576,5800.0669693,23474.0792825,11770.55622,5882.50153072,11819.0223167,5828.66172388
2017-09-06,34934.6007342,17533.8059206,5841.98245862,23448.5704326,11742.3539612,5875.33019954,11758.7494264,5843.90764968
2017-09-07,34930.3697398,17677.8640715,5870.79907309,23505.9605925,11793.3418709,5899.91194373,11881.1501493,5881.33363883
2017-09-08,34889.3273514,17673.7494175,5832.81448153,23478.3311095,11784.6594125,5900.93836175,11866.3134408,5886.18594244
2017-09-11,35261.4556322,17805.4533199,5900.92707041,23414.551592,11717.4041428,5878.40265612,11701.2589496,5940.24271303
2017-09-12,35380.3094684,17842.4996071,5890.44901079,23380.5369759,11689.2039471,5868.67286168,11735.5676,5870.24417597
2017-09-13,35397.2907224,17760.1777247,5851.15303637,23357.148759,11665.3393071,5857.917695,11647.4769424,5854.99749175
2017-09-14,35385.9723767,17809.5700312,5862.93857787,23369.9063523,11667.5096638,5867.13558763,11698.4772436,5903.51142694
2017-09-15,35433.6015693,17817.8013965,5902.23715295,23365.6650862,11681.6128563,5864.06365393,11640.0585882,5914.601269
2017-09-18,35508.9725377,17846.6142611,5896.99812314,23355.0260138,11636.0518699,5861.50309915,11531.5678101,5882.71887367
2017-09-19,35544.518867,17933.0507975,5902.23715295,23342.2641962,11623.0348873,5854.84628418,11555.6771077,5843.90764968
2017-09-20,35557.3189323,17887.1744628,5885.27629781,23323.1425916,11600.2554256,5838.45496883,11462.9498019,5827.96929606
2017-09-21,35462.0456055,17858.240216,5890.57384248,23318.8780915,11585.0691179,5825.14081601,11375.785908,5816.87717876
2017-09-22,35469.1528791,17899.5678007,5854.79396054,23335.8980727,11605.6792543,5839.99276577,11427.7129729,5775.84646954
2017-09-25,35396.640758,17821.0458012,5746.12862824,23391.161263,11640.3905202,5856.37885229,11547.3312823,5809.45727999
2017-09-26,35417.9650692,17754.9171395,5744.80099125,23382.6618333,11630.6259781,5851.77016742,11418.4403838,5819.26010123
2017-09-27,35555.8919989,17779.7079298,5712.99621831,23314.6410498,11570.9638623,5833.84785261,11310.8770769,5766.74517703
2017-09-28,35598.5480922,17837.5805383,5715.64694113,23316.7616828,11568.7976317,5829.75106953,11332.2039611,5805.95684121
2017-09-29,35723.6799371,17940.9015574,5773.95569153,23297.614732,11554.6975339,5816.9462041,11273.7860131,5817.85780217
2017-10-02,35174.3642546,17587.1821273,5862.39404244,23449.5761697,11724.7880849,5862.39404244,11724.7880849,5862.39404244
2017-10-03,35249.6472571,17656.1361081,5943.04977639,23468.8510653,11741.3430555,5868.08025824,11730.6136056,5853.91391199
2017-10-04,35291.4684347,17623.6832565,5949.77092267,23462.4324741,11738.0316422,5873.25146415,11763.6216798,5883.58958532
2017-10-05,35500.564557,17607.4659167,5987.41224374,23451.7178248,11725.8904921,5867.04865543,11700.5171807,5904.78627617
2017-10-06,35460.1374187,17587.1821273,5964.55797211,23417.4152246,11711.539288,5862.39404244,11755.8548126,5885.70952226
2017-10-09,35401.5902115,17595.2928163,5944.39519278,23449.5761697,11724.7880849,5864.45988643,11851.9681267,5899.84077706
2017-10-10,35494.9981656,17757.5409212,6002.1966551,23451.7178248,11729.2050491,5874.8033536,11883.0348544,5917.50628052
2017-10-11,35550.7572944,17818.3821939,6019.67453732,23455.9990103,11742.4465106,5882.04145886,11920.8974058,5937.28980763
2017-10-12,35497.7789199,17818.3821939,6019.67453732,23483.8405261,11753.4873493,5892.89993592,11930.6056193,5975.4467594
2017-10-13,35541.0039024,17907.6118876,6073.44700517,23541.7183292,11793.2138296,5901.17175468,12020.8934126,5990.98926463
2017-10-16,35588.38903,17891.3945478,6068.0686372,23518.1452509,11773.343254,5887.72767466,11938.3724864,5961.31397396
2017-10-17,35613.4890607,17850.8289881,6038.49190026,23509.5743813,11768.9336252,5876.86972527,11856.8218631,5968.37787939
2017-10-18,35648.3400421,17883.2818397,6043.87026822,23473.1428741,11739.1371931,5869.63320304,11812.1634882,5962.01959919
2017-10-19,35658.093434,17850.8289881,5999.51043895,23490.2803639,11751.2710078,5877.38684586,11882.0638109,5944.357157
2017-10-20,35842.1066155,17826.4989402,6023.70814841,23421.7112827,11702.7158387,5863.94171049,11806.3387082,5910.44122712
2017-10-23,35702.7051315,17781.8770265,5969.93765911,23447.4196421,11713.7556295,5864.45988643,11824.7848324,5887.82945921
2017-10-24,35765.4344565,17822.4324907,5986.06814638,23398.1445784,11678.4356343,5856.18806767,11779.155414,5852.5011309
2017-10-25,35588.38903,17749.424175,5972.62387526,23383.140245,11659.6727055,5849.98473127,11781.0967604,5835.5446966
2017-10-26,35634.3947667,17729.1444238,5941.70501952,23357.4255117,11644.2243338,5847.40018366,11682.0717971,5787.49751192
2017-10-27,35925.7538534,17798.1024427,6014.29682887,23408.863477,11681.7501913,5866.0133589,11737.4094291,5813.64008456
2017-10-30,35791.9187609,17838.659926,5965.90404802,23473.1428741,11723.6898693,5881.52539361,11759.7382462,5808.6930548
2017-10-31,35847.6778897,17919.7769116,5999.51043895,23458.14279,11715.9604439,5884.10994122,11715.0798713,5807.9881949
2017-11-01,35563.4652167,17781.7326083,5927.24420278,23708.9768111,11854.4884056,5927.24420278,11854.4884056,5927.24420278
2017-11-02,35577.2792395,17817.8727445,5945.7917978,23721.9756091,11870.1322583,5936.10696615,11862.3191443,5977.47374543
2017-11-03,35696.0566149,17801.8106839,5911.34524281,23743.6910713,11889.1384321,5940.27364904,11806.5264374,5962.40398879
2017-11-06,35751.3102873,17833.9368042,5968.31332035,23765.3721905,11903.6728143,5950.18033983,11907.3447722,6002.59104282
2017-11-07,35726.4397248,17773.7025775,5931.21943025,23771.8758824,11908.1414269,5958.51795354,11864.2764557,6051.38772081
2017-11-08,35787.2107823,17850.0028628,5952.41761024,23756.6920157,11893.609164,5954.87270337,11905.3867141,6081.52529094
2017-11-09,35657.3865426,17729.5264135,5929.89153789,23739.3423981,11889.1384321,5953.83036891,11954.3277113,6087.98270323
2017-11-10,35646.3348406,17685.3562465,5907.37261523,23643.8905247,11828.7809025,5927.76669749,11856.4457169,6094.44205865
2017-11-13,35679.4754336,17617.0879911,5895.44628284,23643.8905247,11823.1890437,5927.24420278,11874.0645057,6125.29780993
2017-11-14,35596.6227416,17601.0239314,5855.70310772,23667.7524198,11839.9572023,5934.541075,11898.5350043,6112.3822081
2017-11-15,35418.4457938,17516.6936154,5808.01077761,23713.3018735,11882.4339238,5951.22108132,11883.8533026,6050.66720791
2017-11-16,35719.5411793,17685.3562465,5911.34524281,23687.2742275,11852.2525098,5938.7125368,11882.8742736,6100.90024818
2017-11-17,35614.5657326,17617.0879911,5944.46845524,23713.3018735,11867.9027206,5949.1364124,12025.7818958,6074.35008614
2017-11-20,35675.3464654,17649.2201084,5969.63861283,23700.290197,11848.9039645,5940.27364904,11874.0645057,6056.41032531
2017-11-21,35908.7553161,17785.7506223,6043.82899291,23724.1585314,11851.1335022,5939.75593324,11893.6413527,6101.6164862
2017-11-22,35876.9934647,17845.9888469,6063.70123044,23765.3721905,11889.1384321,5957.47933601,12003.2687085,6087.98270323
2017-11-24,35959.855832,17958.4272694,6041.17970789,23761.0342495,11879.0811398,5950.18033983,11972.9255292,6095.87531193
2017-11-27,35941.9007468,17845.9888469,5978.91241034,23761.0342495,11886.9025363,5949.1364124,12022.8455555,6067.17254958
2017-11-28,36306.5367672,17934.3311799,6014.6823079,23761.0342495,11889.1384321,5948.61975859,12020.8874974,6044.20862974
2017-11-29,36284.4333631,17858.0348926,5931.21943025,23702.4709729,11851.1335022,5932.45746806,11945.5186903,6046.3635618
2017-11-30,36602.1026735,17894.1750288,5892.80089765,23663.4123324,11814.2518186,5926.20027535,11853.5093765,6055.69253279
2017-12-01,35913.7340379,17956.867019,5985.62233965,23942.4893586,11971.2446793,5985.62233965,11971.2446793,5985.62233965
2017-12-04,35870.2850468,17884.1172545,6006.00331094,23940.2978119,11965.5908167,5987.73221199,11930.8781773,5955.90353
2017-12-05,35741.2746729,17859.8680036,5996.49214656,23964.4221499,11974.6348573,5994.05167768,11846.2060987,5906.37026447
2017-12-06,35748.0575577,17779.0344849,5921.75747413,23988.55515,11999.493666,6000.37274622,11821.5921398,5900.70931984
2017-12-07,35860.776641,17831.5788875,5929.90932932,23957.8410131,11978.0228956,5992.4707427,11666.0317395,5915.571024
2017-12-08,36056.3315861,17932.6157562,5997.8507891,23949.0639986,11968.9820645,5989.83620725,11665.0477219,5945.9968769
2017-12-11,36164.9695227,17968.9946622,6037.25675577,23940.2978119,11961.0698663,5985.09393658,11618.7733591,5945.28906721
2017-12-12,36228.7957076,17981.1142579,5993.77619481,23929.3335819,11950.901472,5989.83620725,11632.5571159,5974.30045039
2017-12-13,36224.7216958,18057.9079114,6058.99903621,23997.3256679,11999.493666,6000.37274622,11732.9817376,5984.20978604
2017-12-14,36076.7064017,17973.0365393,6020.95104542,24003.8981423,11994.9737854,6000.37274622,11709.3525474,5982.79225056
2017-12-15,36377.1225579,17960.9129199,6037.25675577,24010.4879413,11992.7101008,6000.37274622,11733.9665063,6020.29658357
2017-12-18,36607.7929637,18162.9926929,6099.76297876,23979.7629766,11965.5908167,5989.83620725,11788.1175163,6059.92204633
2017-12-19,36467.2098277,18106.4064132,6083.45793506,23909.6031651,11911.34583,5971.92339644,11796.978181,5931.13823851
2017-12-20,36448.0978844,18094.2827937,6091.61112356,23854.7603592,11876.3111384,5951.90231613,11828.4840183,5862.49871002
2017-12-21,36523.1710057,18152.2371553,6151.95605161,23875.8269264,11884.6908366,5967.52092795,11845.22133,5839.79208321
2017-12-22,36513.6245472,18197.1162757,6202.47048762,23886.7889909,11889.2192757,5971.21280383,11907.2489871,5880.03376577
2017-12-26,36469.9448619,18201.2044262,6209.29836633,23906.5388978,11893.7455751,5976.48988894,11988.9667597,5909.49198496
2017-12-27,36487.6845315,18246.0936061,6207.93305725,23981.1381072,11944.6763393,6001.28796813,12034.2571051,5928.89447796
2017-12-28,36562.7647877,18303.2291305,6237.96652374,23963.5884093,11929.9634591,6003.39570334,12095.2992424,5960.5117658
2017-12-29,36424.8952813,18307.3072216,6268.00399017,23987.7149128,11949.2037086,6018.69695275,12174.0642112,5962.66853512
2018-01-02,36496.603693,18248.3018465,6082.76728216,24331.0691286,12165.5345643,6082.76728216,12165.5345643,6082.76728216
2018-01-03,36727.4485655,18361.2188792,6141.3806067,24333.2997015,12178.2534896,6088.64900871,12133.4558697,6065.10744407
2018-01-04,36882.2466078,18526.5565647,6179.15318579,24317.7076891,12172.4770278,6090.25232862,12195.6686911,5960.62503919
2018-01-05,37128.0306449,18615.2822027,6233.85950657,24302.0980786,12157.4413982,6089.18380955,12183.0319667,5963.56847634
2018-01-08,37195.9383042,18607.2144282,6235.16268917,24295.4217584,12151.6583797,6082.76728216,12181.0873989,5994.47162337
2018-01-09,37280.1219395,18623.3479891,6233.85950657,24228.5419683,12093.8511429,6062.99101861,12124.7075393,5917.2135596
2018-01-10,37223.0791271,18574.9512828,6206.50730019,24228.5419683,12090.3793647,6060.85181528,12153.8693822,5850.99230601
2018-01-11,37494.6742738,18695.9420543,6246.88497247,24239.6904331,12098.4801804,6054.44015956,12193.7248649,5831.1271464
2018-01-12,37739.0931069,18873.3833897,6313.31357655,24235.2292874,12090.3793647,6060.31863834,12341.4801304,5784.03607606
2018-01-16,37610.1014421,18853.2179298,6282.05182238,24241.9166064,12096.1634761,6070.47281729,12361.8936429,5795.07092422
2018-01-17,37968.5893377,18954.0352889,6370.6243545,24215.1805288,12069.5683661,6066.19711712,12261.7699066,5835.5405363
2018-01-18,37904.7654602,18909.6704818,6381.04472722,24161.6885755,12031.4170542,6060.85181528,12234.5518899,5760.49171811
2018-01-19,38077.2141466,18994.3602444,6440.95996234,24110.418396,12000.2027418,6050.69763634,12288.9879232,5791.39447273
2018-01-22,38386.8315254,19095.1835679,6493.05991792,24101.5071034,11995.5769826,6047.48774875,12311.3460036,5844.36967053
2018-01-23,38468.301315,19155.6799477,6516.50448452,24159.4558029,12030.2619804,6056.57503252,12372.5865411,5925.30654024
2018-01-24,38453.3479543,19216.1624107,6576.42162767,24134.9546977,12007.1342774,6052.29933235,12523.2586583,5894.40535524
2018-01-25,38469.6499568,19147.6062089,6552.97515304,24197.3491445,12033.7293873,6063.52419555,12439.6600405,5884.10430623
2018-01-26,38915.0400655,19308.9219359,6640.24513857,24152.7728834,11997.8827591,6059.78437881,12449.3813964,5863.50024618
2018-01-29,38657.0472718,19131.4766243,6536.04268337,24110.418396,11967.8278916,6045.3517932,12379.3910453,5784.77026762
2018-01-30,38260.5276799,18986.2944581,6452.68288165,24072.5382531,11940.0842646,6030.92137279,12325.9272958,5742.83188002
2018-01-31,38279.541162,18950.0014017,6491.75864334,24092.5892115,11943.549486,6045.88713533,12408.5536298,5845.84237012
2018-02-01,37123.952573,18561.9762865,6187.32542884,24749.3017153,12374.6508577,6187.32542884,12374.6508577,6187.32542884
2018-02-02,36315.7813417,18160.084142,6048.21418451,24675.6497854,12328.8150196,6179.62418511,12212.3215812,6134.79631211
2018-02-05,34796.9604682,17419.3400058,5853.95975526,24774.622329,12430.1355073,6202.722905,12243.2412679,5952.5352946
2018-02-06,35482.5336555,17758.1900549,5999.33802164,24703.28031,12375.8526912,6177.42422748,12114.7310207,5953.33116459
2018-02-07,35290.0495806,17517.841459,5828.89411488,24648.0192608,12339.6713552,6163.67713715,12057.7231478,5927.86162728
2018-02-08,33966.3545851,17084.4272955,5634.63846173,24606.592742,12350.5265527,6151.02919042,12076.0819652,5757.53865951
2018-02-09,34476.5786625,17202.6290392,5719.8604151,24574.3809318,12328.8150196,6131.78081399,12055.7902528,5901.59749338
2018-02-12,34982.8561157,17431.1656191,5798.81595839,24581.2743952,12325.1981379,6136.18128605,12113.7653103,5903.98637672
2018-02-13,35069.8725171,17364.1745302,5843.93288716,24588.176926,12345.7021469,6140.58120131,12182.3683421,5945.37288922
2018-02-14,35543.1848614,17706.9716303,5964.24734902,24505.3148211,12270.9244266,6135.08158564,12390.1095952,5902.39421229
2018-02-15,35996.7204376,17821.230208,6075.78638893,24535.2348551,12274.5401702,6138.3823573,12404.6040968,5959.69769998
2018-02-16,36007.264678,17884.2761883,6053.22731259,24583.5775056,12303.4911572,6148.27799056,12364.0214091,5992.3304916
2018-02-20,35781.8177915,17703.0284642,5999.33802164,24558.2455578,12290.2197735,6143.32794669,12197.8278168,5921.49466741
2018-02-21,35603.8245812,17636.0432027,5991.81832952,24479.9942075,12254.033885,6125.73218333,12141.7863915,5804.49711082
2018-02-22,35649.9780309,17710.908969,5999.33802164,24482.3018516,12270.9244266,6131.23124219,12203.6257649,5870.55941297
2018-02-23,36218.2023222,17888.2232393,6097.0927952,24544.4472968,12317.9564078,6153.77760622,12188.1655529,5964.47461774
2018-02-26,36638.7865728,18030.0587274,6154.74193221,24562.8517786,12332.4341775,6161.47717952,12218.1187921,5981.18788738
2018-02-27,36181.299778,17754.2488314,5989.31115353,24509.9097078,12293.8412076,6146.08304422,12090.5749924,5841.90469788
2018-02-28,35814.7714143,17569.0559988,5911.60889227,24576.6659075,12322.7830898,6154.87786344,12078.0141231,5837.92577243
2018-03-01,35875.7839514,17937.8919757,5979.29732524,23917.189301,11958.5946505,5979.29732524,11958.5946505,5979.29732524
2018-03-02,36060.7135135,17990.8848558,5994.51027688,23879.0570702,11914.2347852,5974.50413447,12022.8364436,5976.85553085
2018-03-05,36477.5102243,18064.2506479,6012.26088729,23865.5947463,11899.070589,5970.77549799,12002.700989,6044.44832593
2018-03-06,36569.9820106,18215.0572165,6030.01273588,23870.0821876,11897.8960759,5969.17866654,12132.1436154,6072.95330029
2018-03-07,36556.5716051,18194.676267,6028.74359695,23865.5947463,11897.8960759,5969.17866654,12054.4781859,6110.41586405
2018-03-08,36733.4778077,18247.6631189,6032.54729918,23903.7357933,11922.4090887,5975.03587233,12025.7128326,6121.81741947
2018-03-09,37372.7359363,18382.1657317,6140.31948146,23858.8657884,11896.7259617,5965.98338579,12037.2191202,6155.20771993
2018-03-12,37325.8170302,18410.6886123,6161.87131772,23872.3325204,11924.7394195,5970.24376013,12037.2191202,6182.08135674
2018-03-13,37084.5978573,18296.5689585,6102.28122097,23903.7357933,11944.5873717,5975.03587233,12060.2309639,6187.78322027
2018-03-14,36894.3069352,18325.1119328,6109.88738725,23944.1029285,11967.9258714,5985.1556096,12052.5601055,6193.48551813
2018-03-15,36854.0873941,18321.0269017,6085.79727312,23946.3378329,11963.2652097,5985.69058319,11975.8537161,6191.85591789
2018-03-16,36894.0524107,18296.5689585,6066.77938107,23932.8931414,11949.253532,5975.56976734,11947.0883629,6235.01860786
2018-03-19,36394.8644848,18145.768418,6009.72570489,23908.2144184,11937.5831825,5971.84167015,11972.9773271,6181.26959692
2018-03-20,36456.762975,18162.0663458,6061.70901628,23870.0821876,11914.2347852,5962.78864432,11919.2820498,6160.09478334
2018-03-21,36386.7967587,18206.8972011,6094.67381651,23867.8450791,11922.4090887,5975.56976734,12127.3498776,6114.48943032
2018-03-22,35477.2312765,17872.686199,5901.9547608,23912.6930435,11971.431815,5993.14354184,12079.4081099,6078.65386084
2018-03-23,34721.0413236,17652.580785,5815.74122481,23912.6930435,11987.7727238,5996.34475476,12235.6980092,5970.33930153
2018-03-26,35670.9734574,17968.4222081,5990.92139963,23903.7357933,11955.0898065,5985.69058319,12299.9398024,6038.2621862
2018-03-27,35064.1520244,17821.1440776,5901.99623998,23973.2580726,12022.7892711,6008.59413991,12224.1917216,6061.28680454
2018-03-28,34960.5488776,17907.0583298,5861.34664877,23986.7115803,12020.4611398,6008.59413991,12055.437226,6213.41728377
2018-03-29,35407.2580549,18103.4271611,5968.05523071,24056.2581042,12044.9730528,6021.37580221,12061.1900041,6206.01676178
2018-04-02,35639.0523534,17819.5261767,5939.8420589,23759.3682356,11879.6841178,5939.8420589,11879.6841178,5939.8420589
2018-04-03,36095.8427078,17958.5198968,5997.58815398,23732.6947823,11841.6639294,5936.15852606,11790.068483,5990.10824119
2018-04-04,36482.0388662,17999.4006389,6016.83393404,23741.5873861,11834.7509709,5933.00166774,11804.0703695,6053.13554851
2018-04-05,36769.9551817,18134.2944388,6029.66549633,23708.2504722,11804.8042078,5916.16030687,11743.3936287,6050.74202111
2018-04-06,35950.5032705,17987.1370186,5923.16021497,23761.5886628,11856.641645,5939.8420589,11798.4696149,6005.2637364
2018-04-09,36127.6818024,18142.4782168,5918.03046667,23781.5899395,11858.9463257,5938.78977279,11838.6100181,5986.11762422
2018-04-10,36702.1307515,18342.7860228,6028.38352827,23763.811269,11838.2052831,5936.15852606,11866.6152156,5979.73516542
2018-04-11,36509.7173065,18256.9386729,6036.08159015,23783.8147247,11849.7265194,5953.52656144,11959.0312277,5992.49924022
2018-04-12,36810.0915626,18326.4425602,6034.79837139,23730.467818,11807.107805,5944.05226626,11819.9403613,5925.48215872
2018-04-13,36702.1307515,18342.7860228,5971.9237787,23737.1378156,11817.4794099,5952.4721495,11897.4200781,5956.59843626
2018-04-16,37003.8718738,18375.4930258,5977.05415236,23741.5873861,11811.7106652,5947.20965604,11914.2230542,5993.2982064
2018-04-17,37399.7730226,18469.5181304,5982.18827812,23748.2508466,11818.6214566,5956.15515089,11925.4252756,6063.50778148
2018-04-18,37427.4490607,18579.8967364,6024.53262127,23681.5813768,11772.5408452,5944.05226626,11934.760104,6050.74202111
2018-04-19,37219.8199204,18494.0433632,5991.16893341,23623.7914367,11740.2894015,5934.5800969,11911.4226769,5962.98089505
2018-04-20,36904.2131535,18404.1101477,5920.59627885,23559.32932,11701.1184981,5914.05307736,11820.8733456,5907.93018634
2018-04-23,36898.685633,18383.6667649,5880.81649716,23548.2315422,11689.5994288,5912.47517965,11726.5906527,5903.14439574
2018-04-24,36401.751691,18301.9113041,5853.86952847,23517.1085184,11675.7724282,5896.16208767,11783.5340319,5925.48215872
2018-04-25,36491.727041,18261.0265463,5810.24196655,23486.0072849,11650.4317759,5887.21871866,11706.9872993,5914.31138095
2018-04-26,36862.6906886,18395.9364086,5870.55199775,23525.9967642,11683.8382688,5902.47846161,11665.9131996,5991.70069542
2018-04-27,36897.299549,18416.3737679,5901.34799739,23554.8841076,11703.4220952,5921.42120596,11715.3884312,6094.62279484
2018-04-30,36613.5366811,18318.2648056,5861.5694664,23559.32932,11716.0929631,5926.16074511,11630.4398545,6070.68794228
2018-05-01,35888.3026327,17944.1513163,5981.38377211,23925.5350885,11962.7675442,5981.38377211,11962.7675442,5981.38377211
2018-05-02,35647.2270967,17920.0995894,5941.87801095,23925.5350885,11965.1344128,5988.87365472,11956.9657752,5959.57281072
2018-05-03,35568.669825,17956.1752113,5923.43950751,23952.69937,11995.8139491,5996.36568912,12017.8865637,5955.67829009
2018-05-04,36029.1496014,18024.3086472,5952.4122816,23968.5527681,11997.0029238,5997.96931908,12043.0287926,6021.11528893
2018-05-07,36151.0494644,18020.3085565,5936.60895028,23957.2219516,11991.0946171,5999.04037821,12045.9296772,6061.62324107
2018-05-08,36151.0494644,18020.3085565,5966.89866864,23930.0643144,11971.0305306,5988.33893208,12047.8633543,6031.24268843
2018-05-09,36500.4791284,18076.4180975,5974.79840894,23902.8933885,11943.8802434,5984.59103205,12022.7218631,6071.7514635
2018-05-10,36841.7738298,18204.6769137,6093.32018492,23957.2219516,11968.6692024,5996.36568912,12104.9167886,6119.27284451
2018-05-11,36954.1989648,18240.7426928,6072.2490765,23968.5527681,11969.8526367,5996.36568912,12087.5107436,6098.23790698
2018-05-14,36971.8133563,18272.8123182,6090.68693816,23945.9088533,11943.8802434,5981.38377211,12038.1934932,6046.04392415
2018-05-15,36717.1873843,18120.5037437,5974.79840894,23839.482011,11877.7830013,5962.12030834,11843.8268517,5947.88554564
2018-05-16,36871.580088,18176.6152533,6059.08155908,23812.3177294,11852.9951504,5953.56313227,11825.4535992,5929.96787048
2018-05-17,36840.4340643,18200.6669802,5974.79840894,23780.624222,11845.9122741,5942.32481169,11832.2225757,5900.36539903
2018-05-18,36748.3169548,18136.5375721,5919.48867468,23841.7521609,11891.9476458,5958.37509807,11837.0578752,5908.15608615
2018-05-21,37024.6189234,18252.7744619,5957.67813335,23844.0267403,11900.2139564,5960.51560248,11843.8268517,5978.26897854
2018-05-22,36921.675568,18240.7426928,5981.38377211,23844.0267403,11895.4901921,5957.84037543,11837.0578752,5986.83733539
2018-05-23,37023.265055,18068.400199,5955.04552837,23909.6794756,11949.7830097,5974.96333479,11849.6286207,6046.82406267
2018-05-24,36947.424922,18008.2748188,5933.97441994,23975.3477143,11980.4736269,5981.91741885,11951.1632683,6034.35912786
2018-05-25,36859.3788195,17908.0756945,5948.46144877,24027.4127719,12027.6857844,5990.48051238,11914.4175013,6055.39365392
2018-05-29,36435.4722927,17547.3430986,5816.76958824,24185.9024569,12157.525589,6025.79426253,11912.4838242,6084.21598685
2018-05-30,36921.675568,17799.8567032,5868.13041503,24124.7789476,12105.5940995,6014.55863171,11929.8898691,6166.79340258
2018-05-31,36695.5113877,17703.6635753,5874.71385284,24104.3941088,12099.6869009,6018.30276608,11903.7804328,6145.75805359
2018-06-01,36296.5096872,18148.2548436,6049.4182812,24197.6731248,12098.8365624,6049.4182812,12098.8365624,6049.4182812
2018-06-04,36468.9661412,18229.8258314,6112.44495494,24140.6405594,12056.1079621,6036.99355885,12086.9841554,6102.09536171
2018-06-05,36495.4932987,18209.4330845,6058.80385599,24158.8900899,12086.9725113,6050.50132882,12134.3952906,6086.06268083
2018-06-06,36800.6223773,18364.4047414,6145.9705601,24104.1437245,12038.3063248,6037.53562419,12141.3094459,6100.56753726
2018-06-07,36796.6393898,18258.3728729,6052.09847354,24156.608342,12089.3446542,6055.90302885,12135.3832424,6100.56753726
2018-06-08,36905.4325075,18290.9940572,6048.07328343,24122.393255,12072.7240839,6045.63952804,12150.1995048,6122.706274
2018-06-11,36954.5061374,18409.264378,6040.02943868,24097.2984809,12060.852248,6045.63952804,12171.9299225,6113.54618216
2018-06-12,37002.2697557,18295.074209,6036.00620921,24104.1437245,12053.7335949,6040.77718573,12131.4321889,6150.18896888
2018-06-13,36884.2006513,18303.2305065,5991.75264568,24081.3284722,12039.4918402,6036.99355885,12167.9788689,6030.33237077
2018-06-14,36977.0618189,18258.3728729,5959.56680992,24142.9289855,12077.4772667,6052.65984274,12186.7454312,6087.59050527
2018-06-15,36929.8806837,18131.9462545,5927.38554899,24152.0381681,12086.9725113,6054.82160579,11985.2462224,6083.77154899
2018-06-18,36853.9230391,18005.513627,5858.98868737,24156.608342,12092.9000884,6059.68340658,11962.5286065,6085.46671236
2018-06-19,36712.6720262,17809.7644883,5791.93682351,24181.703116,12124.9546015,6069.40917424,11931.9088836,6079.3038016
2018-06-20,36775.3177437,17846.4638213,5810.71189437,24136.0726115,12085.779211,6052.65984274,11878.5707912,6147.10791673
2018-06-21,36544.7603222,17724.1193577,5728.90884268,24142.9289855,12117.832612,6063.46649193,11857.8283253,6176.387388
2018-06-22,36611.402841,17914.0797685,5775.47465212,24165.7353334,12120.2058671,6072.10921197,11886.4721447,6224.92776991
2018-06-25,36113.0182856,17662.1719571,5699.88878397,24152.0381681,12136.8175405,6074.81033274,11842.0241112,6208.74912111
2018-06-26,36192.9635224,17682.8210907,5676.94343579,24190.8301074,12142.7562387,6083.45359431,11779.7967135,6228.78100043
2018-06-27,35893.1389544,17521.770268,5551.4181535,24234.1632814,12189.048058,6103.44123821,11712.6303106,6204.89629382
2018-06-28,36098.3687192,17583.7136625,5604.05801991,24231.8837597,12177.1784463,6095.33895893,11677.0715823,6260.37216807
2018-06-29,36150.3317418,17715.8629091,5695.83941266,24252.4105858,12167.6820897,6097.4985559,11719.5444659,6275.78186433
2018-07-02,35915.2874307,17957.6437154,5985.88123845,23943.5249538,11971.7624769,5985.88123845,11971.7624769,5985.88123845
2018-07-03,35788.4673198,17995.7356011,5991.61485581,23993.2148804,12002.2099818,5998.65278127,12093.0499508,6030.95962281
2018-07-05,36080.4299804,18109.9804727,5985.88123845,24015.8204093,12003.3783023,6005.57076672,12133.8189215,6102.64199254
2018-07-06,36385.6057796,18232.6831385,6059.01836423,24040.6565733,12013.9161807,6014.08406576,12114.4534855,6135.15801763
2018-07-09,36713.2363825,18397.7035086,6169.44309865,24018.0730428,11983.4818154,6001.84340845,12144.0109698,6086.38514021
2018-07-10,36845.3358145,18418.8613345,6163.70531493,24000.0057784,11974.1078775,5992.79816107,12121.587997,6098.9455658
2018-07-11,36575.8325224,18097.2804409,6048.9808883,24009.0251117,11998.6973556,5999.18419819,11990.1084748,6078.99383367
2018-07-12,36907.4254691,18249.6110411,6133.59219273,24038.4039398,11994.0196938,5994.3945375,12040.0500557,6097.46861939
2018-07-13,36936.5039604,18300.3926967,6137.89119055,24060.9962696,12013.9161807,6006.10324647,11987.0509381,6078.99383367
2018-07-16,36903.4608428,18304.6164629,6103.47351536,24033.8898735,11994.0196938,5990.13576231,11980.9358647,6046.47742184
2018-07-17,37052.7426047,18325.7783936,6150.79859994,24024.8507417,11986.9878718,5982.15388018,11851.4944411,6006.57511779
2018-07-18,37130.6884821,18334.2402926,6145.06220501,24018.0730428,11977.6205037,5972.57509022,11854.5519778,5979.968812
2018-07-19,36990.6506676,18258.0770448,6074.7922351,24054.2163709,12010.4101243,5981.0894521,11803.5909589,6050.17307511
2018-07-20,36948.3841447,18368.0837837,6153.6671446,24006.7812775,11968.2531356,5966.72047002,11880.0324873,5991.79366491
2018-07-23,37017.0815098,18338.4702159,6135.02542347,23923.1852574,11909.7090013,5938.51764271,11822.9563949,5979.23130564
2018-07-24,37203.3664508,18452.7109827,6226.80427038,23957.0847514,11917.905859,5941.70880131,11827.0333697,5948.93050679
2018-07-25,37520.4201518,18592.3497607,6325.75968692,23959.335185,11909.7090013,5942.7732294,11892.2634118,5996.22450412
2018-07-26,37431.9042199,18516.1844606,6264.09396221,23945.7775873,11896.832292,5936.91914062,11799.513984,6016.18049036
2018-07-27,37178.2457384,18562.7279834,6272.69681862,23963.853651,11915.5714079,5945.96810792,11805.6298351,5951.88594654
2018-07-30,36984.0520869,18550.0279517,6264.09396221,23938.9998883,11900.349298,5942.7732294,11787.2838372,5955.58121308
2018-07-31,37166.3655541,18566.9579067,6292.77524247,23959.335185,11916.7353486,5951.82007103,11821.9369568,6055.346835
2018-08-01,36433.8314184,18216.9157092,6072.3052364,24289.2209456,12144.6104728,6072.3052364,12144.6104728,6072.3052364
2018-08-02,36632.3133178,18079.441623,6002.58719725,24298.3917464,12158.9904109,6075.58853217,12079.2145036,6048.02045944
2018-08-03,36789.261042,18104.4402178,6040.23456031,24351.2555643,12190.1529089,6087.60862306,12121.4054255,6113.51333975
2018-08-06,36924.1843575,18016.9633212,5994.22149165,24367.3401845,12196.1505153,6088.70160565,12059.1744394,6105.41751555
2018-08-07,37046.1198388,18129.436792,6048.60094106,24323.6784215,12170.9789124,6080.50613853,12086.5978546,6094.3799608
2018-08-08,37030.53892,18125.268339,6034.65584791,24323.6784215,12181.763866,6081.04909706,12120.3512359,6059.05801418
2018-08-09,36979.9614469,18091.9449616,6026.2914926,24358.1470594,12215.3122078,6095.26167515,12102.4195509,6062.00244038
2018-08-10,36732.1952547,17750.3459932,5906.37786955,24410.9997151,12268.0434944,6114.93699214,12097.1461886,6015.6437092
2018-08-13,36594.692302,17662.8690966,5811.56406388,24424.8005648,12264.4574582,6113.84727057,11914.6707935,6003.86947027
2018-08-14,36828.1797207,17687.8575885,5846.42308346,24401.8155197,12252.4711937,6106.19367498,11926.2733171,6033.30333468
2018-08-15,36553.1626092,17417.0859514,5674.92105506,24436.2774604,12282.4312622,6118.21593989,11727.9770304,6079.66245095
2018-08-16,36848.933361,17537.8983489,5715.35608647,24450.0649156,12278.8273294,6114.3902291,11718.4836907,6128.96445304
2018-08-17,36978.6593016,17654.5362316,5764.15682347,24463.8613005,12283.6247434,6117.12078329,11827.1247714,6185.6282908
2018-08-20,37057.796563,17729.5219131,5789.25461542,24512.1062315,12321.9772104,6129.14739622,11886.1923839,6190.04300462
2018-08-21,37144.7085953,17846.1618164,5851.99977043,24491.4272812,12305.1935319,6125.32114192,11920.9991501,6152.51139053
2018-08-22,37122.6572921,17933.6427542,5886.85879001,24512.1062315,12327.9669871,6138.44073743,11947.3683757,6117.92574301
2018-08-23,37073.359552,17800.337121,5794.83400297,24498.3321709,12326.7701503,6143.3605178,11834.5081224,6102.47462973
2018-08-24,37296.4880803,17933.6427542,5881.28210303,24525.900384,12330.3617792,6149.37056325,12041.2435591,6138.53210525
2018-08-27,37590.9544456,18179.4258993,5977.49075559,24493.7333759,12302.8009769,6140.07993955,12086.5978546,6116.45622557
2018-08-28,37609.1060367,18137.7635952,5948.20977327,24447.7766803,12275.2435303,6128.05550064,11990.6142919,6198.87012171
2018-08-29,37811.4831658,18237.7418098,5981.67259567,24443.1845826,12271.6485457,6128.05550064,12045.4619271,6200.3427199
2018-08-30,37658.3992943,18075.2792317,5822.7201384,24454.6570133,12294.4096969,6133.52095705,11986.3951193,6160.60682965
2018-08-31,37659.7036808,17962.8037403,5861.76099806,24452.3687779,12296.8112003,6126.41575501,11972.6834117,6184.89160661
2018-09-04,36582.8223724,18291.4111862,6097.13706207,24388.5482483,12194.2741241,6097.13706207,12194.2741241,6097.13706207
2018-09-05,36484.3555648,18154.2954321,6031.86591408,24377.0640475,12193.0845488,6091.12202525,12236.3865783,6132.37597851
2018-09-06,36374.5263636,18090.0250202,6028.89711732,24418.4535351,12218.142341,6096.58891103,12260.1424907,6149.99812614
2018-09-07,36303.8396267,17944.3488836,6002.19482694,24331.055914,12163.2451086,6079.09845142,12226.6686999,6083.18902868
2018-09-10,36366.960885,18042.8961558,5930.98788124,24354.068897,12170.3992367,6080.73802967,12218.0300365,6110.35434514
2018-09-11,36486.8832066,18068.6043206,5938.4041266,24312.6704932,12126.2415346,6068.16684646,12225.588661,6109.61783181
2018-09-12,36495.704873,18145.7329714,5975.49181825,24328.7621945,12140.56202,6073.63319059,12328.1701112,6112.55466431
2018-09-13,36711.5619986,18261.4093215,6051.15339572,24344.8672703,12139.366886,6064.88768996,12283.8984031,6142.65681328
2018-09-14,36717.8778319,18299.9798817,6043.73248131,24298.8791985,12116.6982502,6053.956085,12203.9920026,6103.7441668
2018-09-17,36523.4958482,18317.1172727,5996.25974754,24298.8791985,12119.0840713,6055.04697056,12267.7011152,6123.5666336
2018-09-18,36721.6682043,18505.638965,6043.73248131,24245.9899066,12068.9595929,6042.476329,12249.3445734,6094.20291897
2018-09-19,36760.7975833,18569.91769,6125.32662408,24199.9996057,12048.6623254,6035.91801601,12296.8555743,6022.99049375
2018-09-20,37058.7103819,18771.2955429,6175.7631264,24232.1785502,12049.8563477,6044.11590725,12338.9680285,6079.51990905
2018-09-21,37024.8456513,18775.5871646,6200.98030009,24250.5840327,12054.6291016,6044.66080838,12254.7431201,6077.31613207
2018-09-24,36901.839563,18694.1710487,6123.84114823,24227.5933404,12041.5037503,6038.65064642,12252.5838662,5968.18076216
2018-09-25,36867.5953589,18784.1454688,6162.41395658,24216.091307,12029.5635272,6036.46508374,12272.0204469,5968.92611212
2018-09-26,36757.2907256,18791.8932488,6173.66636431,24273.5814123,12068.9595929,6046.84907932,12207.2321192,5897.45896163
2018-09-27,36860.0015289,18740.2919535,6191.67452657,24289.6641973,12068.9595929,6049.0368086,12099.2512984,5925.74921865
2018-09-28,36863.8006248,18606.9815065,6152.65636279,24264.3953891,12074.9219221,6046.30201158,12175.9175823,6006.14865837
2018-10-01,36674.81919,18337.409595,6112.469865,24449.87946,12224.93973,6112.469865,12224.93973,6112.469865
2018-10-02,36653.4481123,18219.0504646,6047.03391396,24477.758935,12256.5029369,6122.45566912,12366.1181879,6098.70491923
2018-10-03,36673.5651203,18189.4622142,5996.46643705,24361.5880901,12165.4547473,6093.05461027,12317.2483393,6033.70534315
2018-10-04,36386.9366751,17956.9585885,5859.6428028,24291.881539,12133.898311,6078.07865016,12323.7648162,5983.23321752
2018-10-05,36183.2757528,17868.1938374,5832.87371189,24238.4614183,12104.7623487,6061.43692479,12358.5163219,5980.17333207
2018-10-08,36183.2757528,17770.9732575,5843.28363706,24229.1690089,12109.6213516,6058.66559228,12221.6819058,6066.58894888
2018-10-09,36130.4729311,17707.5657779,5828.41124755,24264.017791,12132.6908951,6075.85927746,12228.1975542,6074.99939114
2018-10-10,34986.4521545,17305.9823498,5666.30423079,24257.0417438,12138.7573139,6069.75861129,12258.6050181,5984.76256823
2018-10-11,34215.8284745,17065.0341316,5615.73924548,24329.0624103,12188.5276761,6079.74112013,12573.5410043,5813.46265868
2018-10-12,34691.0344104,17149.5832262,5758.51212029,24336.0317174,12173.9540528,6070.31166953,12513.8122941,5798.16796752
2018-10-15,34496.1779223,17119.9898684,5701.99753848,24319.7632608,12181.2403003,6074.19461063,12597.4328198,5837.16739743
2018-10-16,35250.4576144,17415.8876944,5832.87371189,24333.7131085,12180.0272422,6074.7493165,12575.7134395,5957.23149267
2018-10-17,35256.7495849,17310.2112857,5762.97458462,24284.9257122,12144.8226043,6060.3297099,12574.6272219,5934.29123194
2018-10-18,34747.6016034,17035.4397524,5612.7646252,24268.6550089,12166.6768328,6055.88931686,12588.7447362,5922.81932556
2018-10-19,34728.7538004,17124.2167613,5664.81638674,24247.7493343,12152.1088517,6050.34225814,12598.5190374,5974.05829724
2018-10-22,34572.8599613,17043.9006886,5724.30523288,24243.1053763,12154.5304541,6047.01457212,12565.9391383,5890.69940851
2018-10-23,34396.8685737,16870.5817355,5667.7917189,24273.305707,12186.093661,6048.67923895,12639.7861914,5916.69955467
2018-10-24,33354.6804205,16405.5989997,5502.71008186,24336.0317174,12251.6450624,6068.65029798,12669.1082663,5972.52421047
2018-10-25,33953.0878953,16587.3676526,5606.81467276,24315.1282896,12222.511357,6043.13053259,12640.872409,6049.00042898
2018-10-26,33355.9409768,16447.8699717,5563.68748395,24370.8849929,12277.1407221,6073.63935554,12681.0533455,5903.70145494
2018-10-29,33171.1300197,16380.2335563,5455.11936089,24345.3263736,12275.9231503,6067.53923859,12631.0981079,5978.64319202
2018-10-30,33662.6777813,16583.1387168,5566.66032451,24310.4753448,12249.2200747,6051.45112067,12575.7134395,6060.46996734
2018-10-31,34022.2282184,16718.4115477,5630.6109231,24298.8575862,12218.8721828,6037.58347387,12505.1242105,5989.34943636
2018-11-01,35536.8782564,17768.4391282,5922.81304273,23691.2521709,11845.6260855,5922.81304273,11845.6260855,5922.81304273
2018-11-02,35326.3993932,17817.2182044,5943.95464525,23620.8598192,11779.6436803,5904.81709587,11847.6578366,5873.89027792
2018-11-05,35521.2825119,17808.344703,5971.13686054,23636.7579677,11786.7144338,5915.72395919,11819.2195195,5961.20177599
2018-11-06,35746.0632471,17901.4677121,5948.48411089,23639.0325653,11773.7522965,5913.54291021,11785.7025994,5991.30910875
2018-11-07,36511.3586552,18123.1852334,6054.19573781,23659.458059,11773.7522965,5917.90608711,11784.6867239,6062.81373271
2018-11-08,36445.0761823,17941.3775732,5907.71060725,23616.3215489,11757.2531429,5909.72513042,11759.2952586,6067.33220218
2018-11-09,36089.0757709,17812.7841326,5806.52916882,23645.8410632,11803.2103084,5923.90275803,11627.2601043,6066.57433303
2018-11-12,35414.7402691,17506.8128175,5729.5141572,23684.441488,11838.5629831,5936.4458127,11543.9761293,6078.62021837
2018-11-13,35348.4734388,17573.3260379,5797.46951469,23693.5289536,11847.9891971,5931.53669922,11548.0380818,6072.59805261
2018-11-14,35106.8164945,17591.0655399,5842.77573685,23695.7969962,11872.7308229,5932.08371472,11643.5102391,6057.54322087
2018-11-15,35473.2125791,17648.7127597,5957.54521075,23725.3099555,11880.9765741,5936.9928282,11656.7135221,6016.14515276
2018-11-16,35565.4641232,17666.4436893,5978.68789756,23763.9125653,11917.5086186,5961.53138257,11743.0451238,6080.87751085
2018-11-19,34963.8893954,17520.1139614,5904.68831299,23761.6401526,11935.1805838,5958.80385754,11748.1229519,6089.15696909
2018-11-20,34316.8458878,17196.4117168,5780.85665494,23752.5592421,11932.8273094,5950.08074052,11748.1229519,6026.68306884
2018-11-21,34433.7770999,17449.1698838,5889.58876896,23768.4442805,11930.4696629,5947.34943925,11767.4207135,6031.95474603
2018-11-23,34203.805232,17333.8754441,5827.67185564,23761.6401526,11937.5404164,5938.08038565,11758.279383,6019.91002605
2018-11-26,34756.0027465,17568.8930376,5868.4478893,23757.1018824,11928.1131094,5931.53669922,11745.0761001,6031.19920759
2018-11-27,34872.9361932,17515.6809611,5910.73001005,23763.9125653,11939.8947839,5915.72395919,11674.9954081,6056.79156695
2018-11-28,35675.8969221,17772.8699854,6042.11342799,23809.323673,11938.7154141,5922.81304273,11718.6687593,6110.9840667
2018-11-29,35597.9405461,17688.6204777,6001.33920149,23820.6769962,11969.3495167,5957.71468171,11755.2325312,6112.48970526
2018-11-30,35814.9267611,17626.5424006,5993.78888732,23813.8619433,11992.9227029,5958.80385754,11734.919669,6170.44552449
2018-12-03,36039.6071761,18019.803588,6006.60119602,24026.4047841,12013.202392,6006.60119602,12013.202392,6006.60119602
2018-12-04,34871.8383096,17563.4878942,5895.3126498,24090.6011186,12068.6742451,6024.73515999,12086.4724069,5917.69019501
2018-12-06,34818.9324243,17397.9651211,5847.82886436,24150.2129439,12099.3511325,6025.28444378,12088.5360072,6064.17438935
2018-12-07,34009.8778443,17214.544605,5730.60635429,24182.3001066,12134.7639283,6034.07678387,12186.5731626,5984.73856269
2018-12-10,34074.3951056,17066.917413,5663.83123781,24198.3447884,12141.84321,6019.24069374,12144.2626637,5946.1130852
2018-12-11,34082.1449002,17084.8086698,5721.70096932,24205.2314563,12111.1575828,5995.06406527,12129.8150995,5949.0283788
2018-12-12,34253.7544682,17353.2294118,5807.76422063,24186.9022231,12078.1176573,5986.27335349,12155.6144338,5857.20170807
2018-12-13,34242.1430922,17321.9126856,5816.66676452,24193.764681,12085.1914766,5987.37137831,12128.7829057,5891.05311491
2018-12-14,33609.8690484,17084.8086698,5743.95910472,24200.6425453,12104.0772086,5991.76619143,12080.2800313,5874.08829518
2018-12-17,32950.5040134,16937.1825588,5681.63881154,24241.9009273,12139.480172,6002.2063829,12163.8704097,5652.84417792
2018-12-18,32914.3693758,16955.0727345,5717.25040764,24313.1203866,12169.4043395,6017.83871742,12192.7655382,5711.10453954
2018-12-19,32421.4518177,16771.6587047,5622.28461244,24336.089152,12211.9838155,6028.29573478,12118.4633295,5648.41726453
2018-12-20,31893.6912543,16709.0284955,5665.31606053,24313.1203866,12196.602765,6011.23265709,12305.2502577,5563.60896286
2018-12-21,31240.2073635,16382.4465747,5619.31674267,24301.6316021,12207.2489996,6008.48135319,12251.5879888,5486.17182929
2018-12-24,30414.7499394,16203.414011,5575.83924404,24317.7114986,12238.0001758,6017.28834809,12385.7440547,5290.73695557
2018-12-26,31951.4485288,16614.8329202,5674.44908754,24271.7849725,12180.0516666,6005.17588056,12348.5937377,5467.73450608
2018-12-27,32196.7543817,16628.395682,5662.49628238,24310.8204288,12210.789733,6005.17588056,12442.502905,5466.99693793
2018-12-28,32155.2224073,16736.8999385,5702.83438067,24400.4153406,12277.0290862,6022.78987035,12493.0693798,5484.6970691
2018-12-31,32436.8559768,16773.0662223,5692.37740744,24462.4415714,12323.1427406,6027.19282503,12512.6771258,5499.44655155
2019-01-02,34710.8856781,17355.442839,5785.14761302,23140.5904521,11570.295226,5785.14761302,11570.295226,5785.14761302
2019-01-03,33882.5962088,17214.9222655,5694.44620515,23236.1339886,11662.2740006,5818.9032456,11675.1934944,5825.59328608
2019-01-04,35017.5183528,17744.2520819,5874.33628273,23166.6373781,11568.0863434,5806.77298161,11580.7851256,5893.79477852
2019-01-07,35293.6108885,17800.4603113,5886.42704899,23127.5690695,11535.9469984,5803.07980517,11620.8370727,5951.68697818
2019-01-08,35625.2037747,17926.9461888,5919.68501041,23110.1891957,11507.1414489,5807.82631714,11589.3673739,6074.60537574
2019-01-09,35791.7000811,18147.1049814,6005.84892247,23129.7347923,11513.7926627,5814.68418166,11663.7497692,6065.879888
2019-01-10,35917.9578031,18222.0556345,6051.19908742,23103.6733033,11508.248961,5800.96949295,11595.0888727,6148.35706139
2019-01-11,35931.8317045,18109.630215,6013.40686409,23136.2548455,11542.5992358,5816.26600553,11615.1155738,6165.80480132
2019-01-14,35712.622639,18015.9393785,5971.08109747,23103.6733033,11535.9469984,5805.71496458,11642.76997,6145.18419353
2019-01-15,36121.9051026,18128.3703984,6010.38318439,23108.0213924,11524.868807,5800.44308527,11622.7439964,6203.86910459
2019-01-16,36209.3263394,18184.5786278,6069.3411656,23127.5690695,11518.2186167,5799.91355659,11659.9351941,6247.4856233
2019-01-17,36484.0310105,18245.4744233,6098.06091256,23110.1891957,11497.1687224,5795.16600429,11644.6776213,6277.61998135
2019-01-18,36969.6294215,18442.2110668,6129.80541718,23092.8218044,11460.6085413,5788.30970027,11540.732451,6299.03127834
2019-01-22,36470.1571091,18156.4689127,6027.01432102,23112.3549185,11500.4953529,5792.00287671,11581.7382237,6279.99973337
2019-01-23,36546.4683116,18250.157509,6085.9683497,23136.2548455,11494.9547219,5785.14761302,11565.5268253,6280.79284922
2019-01-24,36565.8984164,18273.5818982,6137.3633588,23175.3293954,11531.5159265,5794.11006793,11547.4077755,6302.20374176
2019-01-25,36875.287841,18503.1102225,6197.83048495,23164.465414,11504.9284719,5785.14761302,11716.1992671,6380.71493143
2019-01-28,36595.0245941,18414.1136726,6132.8294562,23151.4461118,11508.248961,5777.2343323,11757.2050398,6443.36178177
2019-01-29,36546.4683116,18465.6388163,6140.3888351,23212.2465441,11541.4917237,5794.11006793,11823.0051868,6494.1183654
2019-01-30,37125.0299282,18671.7539522,6249.22836862,23264.35912,11568.0863434,5825.75902946,11890.7122576,6546.45673184
2019-01-31,37451.0689834,18676.4325576,6315.7399796,23333.8494892,11621.2735355,5858.46132652,11896.4337564,6614.65822429
2019-02-01,36459.1914994,18229.5957497,6076.53191656,24306.1276662,12153.0638331,6076.53191656,12153.0638331,6076.53191656
2019-02-04,36715.6928922,18293.6443326,6089.72046349,24285.6732602,12126.2121614,6064.45480222,12100.3516597,6121.98757506
2019-02-05,36869.6080405,18440.0282801,6158.58748481,24337.9352557,12147.2266535,6072.6866881,12131.5884204,6157.18181477
2019-02-06,36820.9962099,18321.0865372,6085.322888,24324.3170818,12156.5624819,6068.84524964,12049.5922027,6116.85667871
2019-02-07,36469.9974628,18087.7873261,6028.17809071,24335.665922,12196.2518592,6078.18002631,12078.876247,6167.44585098
2019-02-08,36514.539455,18023.7409308,6004.73155287,24390.2081092,12212.6075847,6080.92398827,12124.7554023,6167.44585098
2019-02-11,36534.7916912,17987.144397,5969.56627395,24365.2106925,12193.923014,6068.29786496,12065.2102107,6184.30878376
2019-02-12,37004.5960162,18225.0235074,6028.17809071,24369.7537032,12177.5802026,6069.3942586,12090.5903116,6145.44940442
2019-02-13,37124.752051,18229.5957497,5985.68468029,24326.577729,12147.2266535,6068.29786496,12042.7591845,6176.97813058
2019-02-14,37042.4065002,18229.5957497,5997.40760091,24362.9370156,12204.4318743,6085.31335284,12110.1130078,6196.7725768
2019-02-15,37446.0776823,18476.6193447,5987.15030659,24381.1242595,12192.7585913,6085.31335284,12182.3486222,6238.5638435
2019-02-19,37510.8649853,18568.1101322,6048.69058959,24394.7576346,12213.7752359,6099.59083447,12367.8164704,6237.09733895
2019-02-20,37586.4721025,18641.3119505,6075.06768344,24397.0095955,12211.4313242,6101.78578746,12346.3418025,6198.23833352
2019-02-21,37452.8230413,18595.5588998,6061.87983311,24342.4847812,12175.249205,6091.35570001,12206.7523648,6204.10435174
2019-02-22,37685.0323697,18664.1775374,6130.74824761,24403.8393127,12211.4313242,6107.27533567,12250.6788037,6240.76135683
2019-02-25,37736.3266462,18723.6516903,6212.80311926,24397.0095955,12192.7585913,6102.88434682,12237.9891256,6191.64280221
2019-02-26,37709.3359765,18801.4148126,6193.7548535,24424.2828607,12228.9493199,6111.67065596,12258.4881801,6172.57973867
2019-02-27,37693.1189516,18741.9472226,6145.39893788,24372.0360665,12185.7505321,6097.39534004,12171.6109158,6141.7846387
2019-02-28,37622.9067365,18664.1775374,6098.51213151,24328.8644356,12154.2293319,6087.51317869,12103.2799896,6157.91469313
2019-03-01,36976.9230912,18488.4615456,6162.8205152,24651.2820608,12325.6410304,6162.8205152,12325.6410304,6162.8205152
2019-03-04,36842.438013,18416.4055628,6185.00656219,24681.3330721,12363.7199888,6171.72880937,12293.2796794,6190.79214828
2019-03-05,36792.3282573,18429.9168673,6257.47277961,24697.5079435,12370.8634205,6169.50338348,12309.4607407,6207.72054938
2019-03-06,36569.4814434,18375.8694954,6226.41372001,24734.5080446,12405.3772327,6176.74260823,12298.336454,6179.01505321
2019-03-07,36263.5603027,18141.6713971,6125.84705132,24803.8534806,12447.0322867,6194.00888147,12288.2236764,6165.76610279
2019-03-08,36191.0269724,18119.1439408,6081.47847281,24836.2230591,12464.8832014,6199.57848758,12422.7250833,6172.39001493
2019-03-11,36715.8468448,18285.7919783,6205.70908646,24838.5350144,12455.354976,6198.4646762,12362.0476467,6262.92319564
2019-03-12,36854.3093172,18294.8016685,6230.85444486,24884.769713,12489.8753579,6210.15749882,12436.8838977,6291.62681493
2019-03-13,37098.2539076,18429.9168673,6244.16326069,24873.2275681,12485.11453,6217.39892043,12523.8544016,6322.54328484
2019-03-14,37074.5090445,18411.9061024,6211.62349075,24836.2230591,12467.2592355,6215.72655571,12379.2402172,6332.11015693
2019-03-15,37257.6856352,18596.560597,6295.92554765,24898.6458529,12506.5371605,6237.44532839,12435.8723885,6312.23616823
2019-03-18,37392.781753,18659.619813,6366.91597636,24894.0263502,12489.8753579,6236.89061957,12442.9514099,6280.58808749
2019-03-19,37402.0555752,18709.156955,6368.39528053,24880.1480063,12481.5439091,6231.32101345,12477.3350078,6261.45096491
2019-03-20,37289.466458,18691.1418823,6366.91597636,24981.8828565,12568.4191633,6272.53368213,12558.238771,6280.58808749
2019-03-21,37710.6328216,18709.156955,6381.70761181,24986.4935434,12562.4659386,6271.97732566,12507.6741119,6392.46561073
2019-03-22,36984.8530773,18348.8468865,6189.4423654,25111.3545587,12655.2933226,6290.91102067,12537.0017068,6346.09522271
2019-03-25,36957.0473939,18348.8468865,6217.89365925,25157.5760335,12687.423436,6289.23920517,12633.0742505,6354.19211634
2019-03-26,37232.5135099,18461.4453983,6238.63766591,25162.1999441,12676.7126683,6278.1016406,12570.3745669,6404.97769503
2019-03-27,37037.8286312,18434.4249432,6170.47436744,25215.3638968,12713.6079894,6280.88507061,12504.6403558,6386.57743857
2019-03-28,37178.2166675,18423.1105988,6223.82001609,25217.6912799,12714.7971014,6285.89777103,12327.6640488,6448.55076959
2019-03-29,37412.641667,18486.4368961,6297.91529612,25215.3638968,12694.5646778,6297.03808169,12338.7883356,6442.61830289
2019-04-01,37705.4503612,18852.7251806,6284.24172687,25136.9669075,12568.4834537,6284.24172687,12568.4834537,6284.24172687
2019-04-02,37723.9285769,18866.3798378,6265.30471092,25164.8196992,12589.8816495,6290.37748522,12615.0223754,6328.37424533
2019-04-03,37783.2843426,19012.1075782,6295.89671062,25118.4042655,12550.6470757,6270.85396756,12596.4069645,6321.14009091
2019-04-04,37883.531133,18975.67998,6336.6853524,25136.9669075,12563.7285417,6275.31398665,12628.4665319,6311.0102231
2019-04-05,38066.9074362,19016.6569622,6387.6699451,25155.5361711,12569.6743649,6282.56983862,12615.0223754,6355.14200884
2019-04-08,38095.9273077,19030.3224616,6383.29837585,25143.9306572,12549.4572561,6276.43297997,12669.8341992,6319.69369966
2019-04-09,37900.693326,18916.4751038,6374.5593843,25157.8625711,12572.0518209,6282.56983862,12736.0221513,6286.4135119
2019-04-10,38029.9824457,18993.8905264,6405.15069284,25206.5977833,12601.7722043,6305.44043364,12775.3210013,6344.29114358
2019-04-11,38019.4273152,18957.4607598,6330.85889726,25176.4252131,12573.2405489,6290.93423116,12611.9191494,6339.94903894
2019-04-12,38276.6535994,19098.6239372,6370.19057967,25127.6855865,12514.9819607,6279.22056068,12599.5094015,6370.33497875
2019-04-15,38251.5862874,19107.7400526,6336.6853524,25123.0416152,12531.6274276,6282.56983862,12575.7227363,6337.77945206
2019-04-16,38276.6535994,19139.6095931,6387.6699451,25078.9614103,12488.828853,6268.06473642,12462.9966516,6194.52810053
2019-04-17,38182.9869223,19171.485639,6403.69373348,25076.6261814,12491.2074006,6266.94739353,12439.2099865,6138.09612739
2019-04-18,38258.1753838,19135.0580407,6410.97714798,25109.1251517,12520.9288755,6284.80177367,12448.5180864,6185.12216107
2019-04-22,38291.1612894,19116.8388205,6373.10242493,25078.9614103,12503.0979554,6278.66436488,12448.5180864,6117.11722612
2019-04-23,38635.469646,19162.3760289,6387.6699451,25123.0416152,12525.6805128,6293.1672665,12422.663393,6198.14627682
2019-04-24,38549.7260541,18993.8905264,6313.37953183,25181.0713916,12573.2405489,6314.92216907,12458.859806,6243.72518653
2019-04-25,38525.9747647,18980.2271955,6301.72247461,25178.7427843,12557.7881764,6314.92216907,12469.2015256,6230.70253623
2019-04-26,38705.3850338,19053.0888973,6330.85889726,25229.7955678,12591.0725606,6328.86997519,12551.9368602,6279.90108767
2019-04-29,38766.0658053,19125.9527675,6319.2039135,25185.7087413,12564.9161781,6311.01834577,12496.0906277,6218.40308154
2019-04-30,38785.846569,19139.6095931,6323.5747916,25201.9516048,12589.8816495,6321.61467337,12534.355069,6277.73003535
2019-05-01,37991.7834559,18995.8917279,6331.96390931,25327.8556373,12663.9278186,6331.96390931,12663.9278186,6331.96390931
2019-05-02,37909.7436136,18959.4951996,6340.7645389,25271.7859919,12627.9652343,6306.19919726,12615.5441382,6338.52582303
2019-05-03,38280.8135396,19146.0320113,6422.90630009,25313.8365633,12644.7458696,6323.56269691,12690.2233495,6392.48475116
2019-05-06,38123.2768283,18964.0385367,6286.49723742,25346.5477358,12677.1163698,6333.08605903,12707.0520719,6372.06720081
2019-05-07,37486.6269059,18645.5477897,6167.69012985,25376.9290464,12720.2752059,6336.44698578,12749.1250818,6256.86005237
2019-05-08,37434.5535267,18672.8446443,6151.55587425,25372.2471546,12696.2928264,6320.2023224,12717.5709263,6250.29887711
2019-05-09,37321.2705435,18536.3452052,6065.01936565,25386.2750957,12729.858491,6330.84507303,12748.0730359,6266.33960295
2019-05-10,37508.7515535,18659.1994668,6114.88774418,25390.9414699,12721.4681733,6344.85095937,12772.2652773,6333.42235851
2019-05-13,36566.1511347,18240.6014758,5908.07503666,25432.9986917,12785.0096154,6358.29245742,12902.6908857,6326.85970634
2019-05-14,36896.8505607,18413.5017764,5990.21401416,25454.0273026,12773.0195241,6362.77442941,12880.6027361,6350.19341663
2019-05-15,37112.9570789,18495.39884,6006.34826976,25498.4166031,12813.7792434,6375.65927051,12873.2400195,6393.21139117
2019-05-16,37456.6826072,18609.1469282,5991.68032181,25468.0330757,12788.6016995,6365.5742813,12780.6800398,6418.73240603
2019-05-17,37214.512802,18504.4941805,5877.27492088,25475.0559135,12794.5994914,6359.41515937,12690.2233495,6406.33743397
2019-05-20,36968.4619851,18422.5992836,5856.73826272,25440.0015783,12773.0195241,6351.01118578,12689.1713036,6313.7358789
2019-05-21,37301.7480134,18549.9925492,5935.94601676,25437.67615,12758.6358085,6354.37211253,12659.7204374,6367.69333012
2019-05-22,37187.1883524,18477.2016591,5911.00834789,25479.7267214,12796.9920172,6356.61144181,12647.0982937,6386.64873899
2019-05-23,36732.7996899,18290.6540145,5836.20404029,25554.4973325,12874.9171748,6370.05735777,12744.9177006,6401.233231
2019-05-24,36816.1295087,18481.751496,5845.00432191,25563.8389481,12871.3250906,6380.70121288,12758.5918902,6420.91897215
2019-05-28,36473.7205543,18322.5050392,5862.60697293,25601.2320125,12927.6603944,6384.05937843,12709.1561638,6357.48418572
2019-05-29,36228.9552809,18199.6572772,5912.47465554,25608.2437663,12922.8676534,6395.26209944,12713.363545,6272.90225512
2019-05-30,36327.9044537,18267.9026636,5938.87793614,25676.0070572,12969.6240662,6416.54980966,12799.6128541,6299.1513869
2019-05-31,35838.3739071,18126.8533877,5960.87672642,25795.1625352,13055.9340489,6456.87872172,12972.1114723,6335.61114
2019-06-03,37469.9459774,18734.9729887,6244.99099623,24979.9639849,12489.9819925,6244.99099623,12489.9819925,6244.99099623
2019-06-04,38283.2988907,18978.5257217,6246.51962313,24957.3327247,12444.2408426,6232.49483621,12493.975364,6217.03031597
2019-06-05,38614.9105564,18969.1561644,6200.68980874,24943.7543969,12444.2408426,6236.29657943,12525.9215746,6346.80429547
2019-06-06,38865.9954282,19048.7762138,6199.16335628,24939.2418517,12441.9483467,6232.49483621,12566.8522999,6358.99397863
2019-06-07,39254.9453495,19273.5987534,6243.46381896,25009.3822674,12491.1209195,6255.31115499,12637.7329308,6382.65446805
2019-06-10,39435.0822614,19325.1212823,6301.51250115,24943.7543969,12429.3709947,6221.62708154,12511.9451551,6361.86077252
2019-06-11,39425.5289832,19418.7945526,6367.20214338,24939.2418517,12429.3709947,6213.4786626,12496.9702022,6379.06879727
2019-06-12,39355.9331653,19264.2336567,6298.45669698,24970.9067691,12461.392728,6216.73813671,12561.8611567,6400.57919126
2019-06-13,39518.3342489,19273.5987534,6304.56975494,25025.2243637,12492.2692591,6218.90934385,12638.7314641,6427.82462533
2019-06-14,39474.661456,19142.4539447,6226.6605201,25018.4309164,12501.4151882,6209.13092151,12634.7380926,6431.40811769
2019-06-17,39489.6651211,19156.665518,6252.65370061,25011.6353274,12499.1268757,6197.17756327,12626.7521112,6500.23949053
2019-06-18,39903.1603695,19421.8723886,6394.16512132,25079.5333915,12523.1447444,6222.71375047,12690.6445323,6493.787752
2019-06-19,39993.242765,19530.8010201,6438.77290397,25165.5009117,12557.4516527,6258.57222715,12767.5148397,6528.92122609
2019-06-20,40375.3413689,19720.232906,6538.75264091,25208.4953802,12578.0318234,6293.89109813,13088.9740122,6561.90242636
2019-06-21,40316.6463248,19649.1973427,6512.60652523,25142.8675098,12526.5772132,6265.63717324,13175.8273676,6469.40983796
2019-06-24,40267.3094043,19677.6093377,6517.21922393,25188.1300302,12570.0258672,6277.5899988,13371.4987643,6447.18274549
2019-06-25,39872.344542,19573.4245883,6446.46460079,25192.6490005,12589.4702484,6266.72490753,13397.4545368,6351.82554162
2019-06-26,39832.5841325,19597.0971619,6509.52825192,25136.0869126,12538.0125007,6260.74769573,13274.6615993,6224.9161776
2019-06-27,39973.8295372,19644.4623819,6546.44361293,25206.2209032,12575.7508318,6272.70158665,13261.6829514,6305.04989262
2019-06-28,40179.5270442,19753.3865527,6541.82946461,25194.9149107,12581.4684756,6274.87279379,13297.6225335,6326.76433147
2019-07-01,39127.9486119,19563.9743059,6521.32476865,26085.2990746,13042.6495373,6521.32476865,13042.6495373,6521.32476865
2019-07-02,39229.8479548,19624.6709054,6512.25547537,26132.2218708,13089.0240855,6524.73982038,13321.2370814,6634.78829303
2019-07-03,39543.4785632,19727.3931328,6519.81464441,26174.4450755,13113.9883993,6541.80453878,13343.2046127,6713.91510788
2019-07-05,39498.4884159,19591.9928572,6474.46461639,26064.189688,13030.7508617,6521.89505344,13194.4247919,6690.02879893
2019-07-08,39281.4657746,19475.2591552,6448.76757311,26050.101992,13017.6765391,6523.03118501,13109.550101,6713.91510788
2019-07-09,39330.4154854,19381.873513,6432.13911078,26043.0692227,13009.3503972,6529.85851472,13155.4826273,6736.31128377
2019-07-10,39518.3400437,19465.92257,6474.46461639,26061.8343529,13016.4802669,6541.23536349,13363.17468,6775.12887585
2019-07-11,39610.9884473,19470.5842659,6460.8613888,25965.635641,12952.2723601,6520.75448385,13250.3415901,6687.0425423
2019-07-12,39788.3123171,19493.9411213,6460.8613888,25993.7977386,12966.545126,6532.13355163,13333.2188172,6678.08527005
2019-07-15,39801.5586936,19512.6120928,6491.0923664,26031.3279989,12993.8943855,6548.63186849,13333.2188172,6672.85932095
2019-07-16,39673.1845346,19423.8947431,6478.99855071,26003.185843,12965.3542815,6537.82364027,13220.3857272,6657.1837201
2019-07-17,39403.2077769,19386.5440045,6463.88306191,26071.2224573,13025.9896545,6551.47552593,13438.0635755,6634.78829303
2019-07-18,39547.4515793,19442.5723114,6504.69773096,26113.4523092,13058.0990357,6565.1274116,13627.7815011,6634.78829303
2019-07-19,39327.7697974,19414.5603568,6462.37222535,26082.9481709,13034.3157965,6554.88724916,13427.0798099,6526.54847131
2019-07-22,39424.3777645,19433.2423229,6454.81305631,26115.8032128,13040.2591638,6556.59422028,13425.082346,6520.57595806
2019-07-23,39706.2601178,19545.2945388,6454.81305631,26089.9875874,13018.8597849,6554.88724916,13349.1954805,6594.47981906
2019-07-24,39892.8708006,19549.9584336,6474.46461639,26127.5289265,13037.8861591,6556.59422028,13417.0940143,6599.70277291
2019-07-25,39702.2871017,19353.8637574,6436.6730451,26087.6499782,13015.2937645,6545.7854373,13322.2350516,6560.88667845
2019-07-26,39968.2953275,19409.8854675,6442.7185283,26092.3384911,13012.9185887,6541.23536349,13344.2025828,6590.74325423
2019-07-29,39895.5075201,19405.2193738,6441.20840406,26104.0664205,13024.8085799,6535.54971287,13433.0706777,6608.6622916
2019-07-30,39797.5946459,19199.7771178,6377.71765252,26101.7177326,13030.7508617,6545.21737151,13478.0037102,6661.66385385
2019-07-31,39362.1816773,19078.3685265,6312.71606441,26113.4523092,13064.0456596,6555.45642445,13301.2670141,6635.53485718
2019-08-01,39175.7595625,19587.8797813,6529.29326042,26117.1730417,13058.5865208,6529.29326042,13058.5865208,6529.29326042
2019-08-02,38880.7809955,19433.8725328,6467.18565037,26126.4872864,13085.6628122,6533.81913952,13008.806295,6560.88005601
2019-08-05,37711.5233961,18938.157948,6239.45737163,26240.8572406,13198.6877669,6556.45348977,13190.6935029,6431.6010614
2019-08-06,38240.3318725,19068.1050344,6338.19176731,26310.8635967,13219.8769283,6580.78566402,13297.9125631,6502.85095168
2019-08-07,38262.9328341,19145.1097919,6365.26535432,26296.8636448,13219.8769283,6584.17910992,13499.9038012,6566.02012193
2019-08-08,39013.6629443,19342.4278251,6448.07550106,26322.5349874,13221.0539251,6601.15790051,13567.8715792,6681.34298284
2019-08-09,38747.9080511,19202.8582604,6384.37400279,26287.5186164,13201.0417605,6594.36440238,13522.8781664,6673.26005235
2019-08-12,38276.2232801,19039.229667,6312.71131809,26383.209508,13284.6246281,6620.96144302,13654.0298309,6655.6345482
2019-08-13,38871.4794842,19226.9263551,6387.56102879,26345.8799677,13237.5372451,6610.21075976,13572.6583922,6665.18301642
2019-08-14,37722.1440472,18707.1470753,6210.79102204,26427.5445214,13325.8356105,6622.65926703,13665.5170135,6563.81702601
2019-08-15,37821.7953789,18745.6539871,6245.82542029,26548.9221475,13410.5976207,6652.08161014,13756.4606174,6629.19076582
2019-08-16,38379.8590443,18967.040115,6328.63669265,26527.8991319,13375.2791329,6632.8429079,13668.3888091,6697.50221245
2019-08-19,38842.2513083,19082.5381852,6349.33922934,26457.8883782,13311.7062841,6607.94644389,13508.5191882,6745.98284856
2019-08-20,38544.6254573,19029.603789,6360.48669136,26530.2232954,13370.5679269,6616.43281129,13613.823231,6698.23829701
2019-08-21,38858.1890382,19188.4205766,6409.85445202,26516.2365365,13335.2483662,6609.6442679,13570.7433749,6726.1476171
2019-08-22,38846.2357408,19121.0462302,6344.56056638,26446.223584,13305.8180812,6603.9859556,13536.2803663,6756.99906496
2019-08-23,37848.3852752,18885.220152,6253.78885799,26553.577071,13395.2923705,6641.89631768,13801.4540302,6662.24309912
2019-08-26,38266.9082622,19048.8578115,6293.60041836,26541.9166745,13382.3400409,6634.54238349,13803.3690475,6713.66438934
2019-08-27,38116.7784481,19044.0414727,6296.78669394,26625.9141871,13440.0289786,6665.66310113,13935.4774903,6694.5637688
2019-08-28,38385.1761231,19048.8578115,6320.67325495,26628.2625377,13444.7391117,6678.67644868,13896.2276688,6716.59841207
2019-08-29,38875.4684189,19198.0487211,6393.92982787,26611.9054398,13418.8408901,6682.6374875,13796.6672172,6768.75210273
2019-08-30,38858.1890382,19294.2984351,6433.74326428,26635.2526189,13422.3697347,6657.17508215,13761.2474304,6773.8936423
2019-09-03,39531.3353187,19765.6676594,6588.55588646,26354.2235458,13177.1117729,6588.55588646,13177.1117729,6588.55588646
2019-09-04,39980.0266861,20042.8691614,6696.75170148,26400.523222,13197.9070573,6604.82396878,13259.3842941,6643.73017791
2019-09-05,40493.98242,20206.2247922,6747.57308983,26287.0894506,13091.6310255,6575.09279639,12941.1442273,6595.62758496
2019-09-06,40525.264719,20250.7714536,6768.88378981,26314.874479,13099.7143436,6580.70387194,12830.8451368,6610.48340272
2019-09-09,40545.6604094,20290.3759975,6786.91990185,26203.7452459,13018.8527852,6547.04396476,12782.928477,6578.65224448
2019-09-10,40536.1421134,20349.7769854,6786.91990185,26062.5242698,12924.1336596,6509.46077785,12673.5329799,6510.74307715
2019-09-11,40824.3815473,20473.5234099,6837.73742775,26067.1616363,12911.4227444,6502.16627054,12750.3811818,6517.81832356
2019-09-12,40965.7968888,20582.4318262,6880.35960019,26025.4797413,12882.5430909,6497.11815727,12776.6005644,6552.47787737
2019-09-13,40938.5964921,20676.4835846,6916.42564436,25870.381484,12764.7154079,6458.9736446,12670.8208202,6482.44705858
2019-09-16,40812.1496616,20527.9799492,6860.68580794,25939.8309983,12820.1677478,6497.67893752,12776.6005644,6539.03838614
2019-09-17,40915.4964263,20607.1773811,6868.88502386,25979.1844174,12853.6665904,6506.09391432,12801.9149741,6609.7773682
2019-09-18,40939.9601977,20552.7301666,6834.45820488,26009.2783365,12858.2857795,6485.90037024,12721.4510191,6587.13955993
2019-09-19,40937.2327866,20636.8837031,6791.83603244,26046.3141604,12864.0642326,6498.80049802,12772.9834318,6610.48340272
2019-09-20,40743.8123507,20592.327717,6803.31215376,26141.2419887,12937.9933288,6534.70134418,12923.9662966,6610.48340272
2019-09-23,40734.2571978,20562.6237262,6827.90130412,26152.8147316,12956.4805952,6543.67928325,12996.2937726,6621.09236963
2019-09-24,40414.6248941,20475.4279901,6744.73186917,26224.5796649,13021.1692113,6558.26502483,13065.0041161,6606.40685166
2019-09-25,40653.6695726,20440.5487632,6751.3737439,26115.7745554,12935.6853108,6524.0448829,12822.7086578,6619.24106907
2019-09-26,40568.9862238,20485.3938165,6748.05280654,26159.7609887,12963.4046493,6527.97198117,12819.0915253,6674.85955912
2019-09-27,40350.4247708,20395.694385,6663.38937464,26192.1637984,12981.8919156,6517.87411812,12753.0933414,6637.78103881
2019-09-30,40537.5518901,20470.4462425,6683.3111364,26199.1165839,12992.2843028,6523.48355715,12555.0974104,6649.18828596
2019-10-01,39599.6038367,19799.8019184,6599.93397279,26399.7358912,13199.8679456,6599.93397279,13199.8679456,6599.93397279
2019-10-02,38900.0808124,19405.843782,6568.5700577,26418.4066599,13245.579978,6599.93397279,13353.9583777,6572.06916925
2019-10-03,39218.781613,19542.0323191,6647.80796095,26521.0980766,13314.7390203,6620.92542244,13414.4604699,6635.66283836
2019-10-04,39749.4986997,19692.798752,6679.17341243,26563.1018342,13340.5297729,6641.35282568,13414.4604699,6675.67427588
2019-10-07,39578.0054946,19668.4870902,6627.99771694,26490.7498693,13295.9922739,6623.19758203,13300.0744005,6661.3838673
2019-10-08,38963.5504239,19483.6615776,6571.87022864,26500.094009,13324.1193151,6616.95341206,13416.351566,6626.37314844
2019-10-09,39333.5643672,19639.3039948,6621.39660686,26486.0810827,13290.1302552,6603.33642849,13428.6415268,6639.23508499
2019-10-10,39599.6038367,19765.7542153,6692.38024177,26395.0671046,13206.9013032,6582.34112306,13311.4180921,6649.9525359
2019-10-11,40010.1180876,20101.3461608,6781.52480342,26308.7175353,13116.6464475,6561.91647395,13237.6812123,6647.09488081
2019-10-14,39965.5686602,20028.3906975,6766.66788861,26353.0589694,13152.9845743,6572.69725152,13290.6203626,6649.9525359
2019-10-15,40361.2300655,20252.114869,6812.88871852,26266.7225331,13089.6832912,6550.57054832,13197.9768495,6658.52621221
2019-10-16,40296.4168203,20266.7132427,6831.04734066,26313.3841331,13115.4655249,6560.78287287,13273.6048254,6659.23867064
2019-10-17,40415.2623584,20320.2079999,6852.50843834,26306.3842364,13110.7854937,6569.8604947,13292.5114587,6702.82448788
2019-10-18,40238.3354076,20295.8895122,6834.35135259,26325.0506275,13122.5031419,6580.07281926,13278.3318443,6754.26867887
2019-10-21,40511.1294831,20422.342008,6883.87465802,26252.707418,13074.4484317,6559.08026796,13214.9923868,6805.71429194
2019-10-22,40378.7883972,20373.7050325,6878.92209702,26292.3800655,13104.9202804,6578.93811653,13253.7519227,6785.70786215
2019-10-23,40496.2720828,20470.9858094,6882.22380436,26313.3841331,13109.6120251,6583.47968157,13284.9485169,6800.71286225
2019-10-24,40562.4517352,20505.0266866,6890.47960908,26320.392785,13107.2661527,6587.44838699,13379.4831261,6783.56550962
2019-10-25,40728.5521867,20519.6182343,6921.84275598,26283.0534365,13079.135917,6588.58419137,13410.6797202,6725.6892838
2019-10-28,40958.1268045,20612.0298529,6976.32092701,26227.032375,13029.9056085,6556.80976085,13295.3473816,6684.96254372
2019-10-29,40945.9521169,20587.7090898,6936.70197538,26229.3547297,13041.6275162,6540.35767294,13258.4789417,6725.6892838
2019-10-30,41071.5522609,20670.3914931,6963.11409767,26304.0487487,13104.9202804,6564.75433242,13331.2709947,6749.98184072
2019-10-31,40962.1759243,20621.7590682,6908.63515845,26406.733599,13188.1471028,6585.17787988,13464.5636974,6737.83449571
2019-11-01,40664.4292469,20332.2146234,6777.40487448,27109.6194979,13554.809749,6777.40487448,13554.809749,6777.40487448
2019-11-04,40827.8088303,20441.525334,6826.83840997,27042.400313,13485.9072082,6772.73814201,13515.8260107,6729.9626655
2019-11-05,40782.6451366,20436.7783014,6860.32691241,26941.5805215,13413.3696766,6759.90859026,13297.139861,6615.66184448
2019-11-06,40791.9413041,20417.7657129,6849.1638309,26982.3900834,13452.0595766,6781.48741627,13354.1878541,6630.03850989
2019-11-07,40935.4024487,20508.0682819,6895.40643038,26855.160669,13344.4682325,6743.57898917,13146.9110129,6563.90384596
2019-11-08,41036.3610675,20465.2916255,6833.21508745,26840.751744,13326.3371391,6739.49927775,13063.2388821,6548.08786867
2019-11-11,40957.9910156,20446.279037,6794.94389139,26845.5569655,13340.8442068,6742.9970628,13031.861833,6562.46668018
2019-11-12,41044.3266511,20451.0349634,6743.9141458,26874.3613365,13346.8860771,6741.82981361,13067.0415013,6512.86693411
2019-11-13,41057.6190505,20384.4964624,6700.85951403,26922.3776074,13383.1504568,6747.66209704,13119.336583,6572.5304175
2019-11-14,41117.3833272,20370.23313,6697.66932009,26999.19151,13450.8490095,6763.40920569,13174.4839919,6623.56804472
2019-11-15,41414.9144475,20493.8116199,6742.31793572,26984.7803385,13439.9714501,6755.24468818,13141.2063587,6659.51221203
2019-11-18,41445.468598,20517.5734644,6740.7261781,27035.2025899,13462.9393292,6768.65786452,13180.1886461,6691.86239183
2019-11-19,41433.5067825,20479.5505109,6764.64484081,27054.401011,13488.3228598,6780.90492382,13186.8450433,6703.36257958
2019-11-20,41279.4188865,20355.9809149,6739.13145217,27119.2232014,13537.8870297,6807.14765192,13193.4999896,6699.76716134
2019-11-21,41213.0196102,20327.4653673,6747.10285558,27080.8083875,13504.0426877,6791.98586609,13121.2386181,6605.59810715
2019-11-22,41304.6686214,20351.2294353,6734.34579023,27095.2195589,13501.62265,6794.31753409,13096.5179661,6581.15698904
2019-11-25,41624.7838285,20508.0682819,6794.94389139,27121.6269354,13507.6623272,6801.89955916,13033.763868,6602.00411964
2019-11-26,41719.0984877,20522.3271674,6767.83206643,27160.0305169,13533.0469543,6816.48055077,13096.5179661,6689.70485474
2019-11-27,41905.0576779,20579.3582625,6788.56498767,27126.4254174,13497.9975279,6803.0656762,13027.1074709,6721.3353786
2019-11-29,41749.6347178,20422.5216393,6707.23619151,27092.8248108,13487.1090031,6787.32083185,13107.9272746,6690.42451068
2019-12-02,40621.46213,20310.731065,6770.24368834,27080.9747534,13540.4873767,6770.24368834,13540.4873767,6770.24368834
2019-12-03,40349.041467,20234.7677313,6742.88667366,27203.752342,13661.2424268,6812.22735585,13670.2032006,6813.821653
2019-12-04,40598.0075309,20410.4355781,6802.43167128,27158.0150658,13608.7915338,6807.56344633,13651.5318472,6841.88966384
2019-12-05,40670.9959574,20391.4408578,6837.83306065,27126.7142776,13577.0772716,6797.6515077,13659.3935486,6845.58394506
2019-12-06,41042.4886714,20567.1131468,6863.58374655,27088.1952454,13535.6084294,6792.98646727,13523.7818235,6859.61868551
2019-12-09,40913.4422142,20457.9112735,6837.83306065,27102.6384775,13546.5882705,6794.73430242,13519.8517225,6872.91324666
2019-12-10,40867.8255467,20476.9037728,6852.31772786,27093.0081575,13530.7250628,6792.98646727,13558.1765797,6833.02809314
2019-12-11,40983.8499753,20590.8432207,6944.04771293,27165.2333098,13586.8373759,6816.89409266,13651.5318472,6763.59604025
2019-12-12,41337.0626101,20752.2672483,7038.99409992,27049.6807092,13479.498326,6783.65582095,13603.3794884,6672.00638544
2019-12-13,41361.8493074,20870.9598185,7030.94672975,27158.0150658,13558.7779048,6811.05968209,13664.3072994,6673.48527398
2019-12-16,41645.9862791,21079.8662048,7090.49172737,27102.6384775,13495.3549046,6795.31729111,13663.3236496,6721.49181889
2019-12-17,41655.1219224,21003.8962078,7143.59718133,27105.0393136,13496.5735366,6804.64737197,13660.375699,6657.97090995
2019-12-18,41657.7289659,20951.6807167,7182.21946583,27052.0882892,13459.9825368,6797.06625717,13661.3593488,6739.12161096
2019-12-19,41828.466138,20970.6665527,7187.04968522,27081.2714859,13470.4895089,6808.09667459,13696.7362554,6798.84533391
2019-12-20,42011.8604406,21003.8962078,7193.48548452,27086.0866459,13470.4895089,6804.598177,13710.493858,6836.17403894
2019-12-23,42076.0341583,21032.6748083,7206.35932973,27066.7922862,13458.2733585,6792.92426673,13752.7488162,6801.83398242
2019-12-24,42077.3618601,21013.4890747,7199.84190347,27100.5591017,13481.4803983,6801.09459027,13882.4646401,6819.75043778
2019-12-26,42301.3433903,21109.4021954,7260.14026554,27124.6798613,13501.0227035,6805.76189254,13991.5433104,6849.61266677
2019-12-27,42290.8580634,21166.9416277,7269.91752824,27160.8497608,13520.5694279,6808.09667459,13986.6295596,6871.26236015
2019-12-30,42057.7013226,21013.4890747,7229.17518931,27160.8497608,13512.0202219,6810.43258757,14016.110565,6877.98204158
2019-12-31,42159.8772062,21128.5812658,7247.10166866,27098.1470257,13463.1589348,6803.42767594,14042.6421204,6927.25431515
2020-01-02,41940.1317466,20970.0658733,6990.02195777,27960.0878311,13980.0439155,6990.02195777,13980.0439155,6990.02195777
2020-01-03,41622.5411776,20715.1332152,6865.66666748,28041.9737725,14073.4705615,7022.24406341,14165.538432,7033.47426773
2020-01-06,41781.3386286,20785.942619,6853.38197218,28019.6408225,14058.3212205,7004.34308632,14314.1278768,7041.8574707
2020-01-07,41663.8469731,20752.8928371,6850.31379669,27989.8712661,14038.1220992,6982.85937,14370.4561244,6963.34355885
2020-01-08,41885.905162,20781.2262194,6881.01812728,27957.6128175,14005.2905333,6976.29920506,14262.6557936,6984.68582768
2020-01-09,42169.9242107,20866.1979413,6916.33071777,27987.384687,14015.3969457,6975.7019855,14182.0482056,6980.87473505
2020-01-10,42048.5675841,20795.3819779,6950.10322385,28034.53254,14045.6944857,6996.58559155,14267.5119581,7034.23528544
2020-01-13,42337.7428162,20918.1264409,7045.29003503,28017.1634958,14029.2798447,6995.39288685,14161.6543895,7118.84634508
2020-01-14,42273.2038648,20932.2953187,7013.05055846,28041.9737725,14057.0559205,7004.93972775,14149.0286583,7092.16719565
2020-01-15,42368.731912,20918.1264409,6968.52709208,28084.1484673,14092.4112346,7010.31065683,14231.5775266,7156.19700418
2020-01-16,42721.1808808,21031.4271721,7003.83827159,28084.1484673,14063.3732848,6998.9715791,14209.2409483,7213.36714617
2020-01-17,42854.1454195,21083.3600448,7048.36244346,28051.896958,14052.012992,6987.63481394,14235.4630509,7220.22831372
2020-01-21,42770.2252844,20913.4100414,6873.34169189,28131.3101989,14107.5617176,7010.31065683,14251.0021845,7288.83323463
2020-01-22,42775.3987996,20965.3341678,6914.7948663,28146.1926641,14110.0900337,7005.53694731,14255.856867,7240.04779662
2020-01-23,42824.451869,20913.4100414,6851.84964816,28183.4150185,14145.437354,7019.85691958,14287.9057742,7301.02828074
2020-01-24,42443.6135608,20833.1569056,6799.64762993,28235.5128988,14195.9328734,7035.37422168,14371.4267645,7275.87416877
2020-01-27,41763.261656,20394.1097395,6570.89535806,28322.3673723,14291.8889774,7051.48354008,14469.5162482,7240.80881433
2020-01-28,42200.9089735,20568.7848887,6626.1648463,28297.5594086,14243.9126383,7040.74110378,14340.3499794,7269.77627046
2020-01-29,42166.0462408,20573.5012883,6656.87058787,28362.0786189,14312.0915246,7066.40304448,14418.0441651,7243.0948695
2020-01-30,42302.8887494,20526.2979345,6566.29062561,28364.5490064,14325.9778495,7074.16169553,14419.0148052,7248.43325112
2020-01-31,41534.7560714,20176.9541957,6449.61177071,28448.9284662,14397.9400741,7104.59214248,14502.5357955,7160.00884732
2020-02-03,42027.0977179,21013.5488589,7004.51628631,28018.0651453,14009.0325726,7004.51628631,14009.0325726,7004.51628631
2020-02-04,42667.649691,21351.6038801,7171.72427731,27924.9806232,13927.77817,6974.40922513,13826.7897585,7076.61142367
2020-02-05,43160.3786303,21557.3796589,7211.45778063,27883.342345,13867.4551221,6953.74383066,13843.787177,7081.07172395
2020-02-06,43305.6209517,21630.8739261,7208.14621158,27900.4789393,13877.3069376,6966.73190738,13918.3830359,7104.85657701
2020-02-07,43074.806036,21420.1965628,7110.47280234,27981.3194559,13943.7819489,6995.06776332,13955.209095,7103.36883453
2020-02-10,43396.3723787,21469.1919845,7155.16947508,28013.16572,13970.8719394,7005.69328077,13991.0914134,7182.89902533
2020-02-11,43471.5698999,21616.1759803,7246.22278924,27978.8674645,13937.6344338,6985.03245716,13942.9347025,7237.15735238
2020-02-12,43751.6620614,21704.3681933,7338.93302906,27949.4617978,13901.93036,6977.95049292,13931.6026099,7280.26456285
2020-02-13,43704.9742319,21547.5878362,7261.12446959,27969.0754504,13914.2331747,6992.70748948,14010.9214949,7324.11820586
2020-02-14,43774.9885684,21532.8853519,7246.22278924,27998.4697231,13948.7117489,6998.01996253,14069.4651168,7399.93086994
2020-02-18,43662.1814068,21385.9058946,7221.38944476,28035.2154124,13970.8719394,7013.37002716,14249.8190088,7391.75523833
2020-02-19,43870.9449399,21474.093569,7280.99160163,28027.873111,13968.4031472,7010.41897067,14332.9128565,7292.15845298
2020-02-20,43690.7215621,21317.3132119,7181.66050597,28091.5588028,14009.0325726,7023.99668733,14391.4579193,7379.11930645
2020-02-21,43240.772392,21219.3246377,7155.16947508,28147.9044719,14065.6668891,7036.98304999,14607.6926889,7400.67510708
2020-02-24,41806.6796352,20391.3267458,6903.53054727,28238.5461178,14175.2334456,7069.45209909,14738.9446883,7299.59131104
2020-02-25,40539.8327108,20043.4640172,6848.89840662,28287.5517643,14214.6351474,7057.64444496,14475.4969486,7101.88328743
2020-02-26,40390.7345527,20058.1687706,6891.94195748,28258.152934,14207.2454517,7054.10317717,14538.7621558,7025.32638621
2020-02-27,38576.7113143,19445.7407495,6726.39013139,28263.0455228,14276.185919,7074.76628621,14541.5948187,6651.46394422
2020-02-28,38414.6312587,19337.9512756,6708.17992501,28471.2824898,14436.2348286,7085.98315768,14010.9214949,6490.9209427
2020-03-02,41205.7819287,20602.8909643,6867.63032145,27470.5212858,13735.2606429,6867.63032145,13735.2606429,6867.63032145
2020-03-03,40025.9553,20438.0296184,6834.37388284,27657.6949041,13894.8631815,6937.27142151,14167.0194047,6851.79094637
2020-03-04,41708.3684567,20999.598123,6930.81923588,27636.3731371,13864.3540456,6926.99895043,14191.8758332,7110.47821526
2020-03-05,40321.9097475,20448.3358388,6797.7919532,27721.6690033,13987.5796145,6948.6891455,14498.4337691,6958.13403498
2020-03-06,39655.3410813,20149.5174906,6669.75061469,27925.4377045,14129.5733577,6994.92520967,14503.9571077,6838.21635465
2020-03-09,36558.477394,18511.1768442,6172.55493715,27889.9072913,14256.3194151,6851.07415207,14527.8920433,6311.04013148
2020-03-10,38450.1938457,19201.5492409,6483.51165482,27574.7656793,13994.6163564,6654.71272385,14221.3341074,6577.67270595
2020-03-11,36575.8089668,18202.0570481,6202.48588472,27181.4633168,13854.9636057,6504.01279974,14170.7011622,6182.43459365
2020-03-12,33076.3346552,16167.0104363,5578.91237831,26093.9190276,13862.0109355,6488.60077835,13605.4565665,5556.13548548
2020-03-13,35903.9023462,17187.1114904,5969.68470146,26503.8186723,13771.6439654,6514.28969051,13190.2692252,6041.06236059
2020-03-16,31975.1656706,15327.2348311,5248.0008041,26946.8930863,14135.4464855,6469.19335463,13039.2918825,4970.11907662
2020-03-17,33701.5800374,16022.7543723,5577.2484866,26250.293316,13781.0280526,6288.24063304,13216.0457419,5257.42615302
2020-03-18,31995.1662206,15069.6342056,5123.28648489,25250.4181329,13589.7411172,6211.17721131,12952.7558315,4757.29849749
2020-03-19,32063.1569047,15291.1666392,5151.55545107,25814.3166267,13634.3375012,6331.62268056,12707.8775182,4774.02076681
2020-03-20,30681.4209204,15152.0636854,5174.83541657,26070.2086244,13981.7096631,6613.61234276,12898.4411288,4536.1167837
2020-03-23,29896.949683,14893.8307033,5074.54381833,26688.6300483,14147.1853295,6738.05210941,13468.288975,4325.57658153
2020-03-24,32605.7109748,16218.6453401,5394.4102845,26908.9740369,14050.9494668,6742.04972158,14121.9097981,4714.73430741
2020-03-25,33093.8250691,16803.4296858,5571.00287516,27183.8211603,14059.1614695,6807.12251663,13928.5859229,4968.59870156
2020-03-26,35026.1712735,17517.5870446,5795.9083096,27266.7481857,14093.1953291,6841.94361913,14107.1813634,5318.99336065
2020-03-27,33982.8875496,16979.3775563,5482.70619777,27382.8499803,14197.6431945,6864.20616442,14016.042062,5324.31337391
2020-03-30,35086.5129776,17326.1070628,5562.67310086,27408.9226259,14230.5039109,6755.17620931,14077.7216845,5440.60294554
2020-03-31,34563.5321527,17253.6592732,5589.32975406,27335.4643655,14256.3194151,6731.20213797,13629.3929068,5309.11147965
2020-04-01,36578.175401,18289.0877005,6096.36256683,24385.4502673,12192.7251337,6096.36256683,12192.7251337,6096.36256683
2020-04-02,37422.2378245,18639.2562734,6275.33456957,24421.5876289,12194.7218555,6189.51354944,12392.6056287,6116.91318642
2020-04-03,36881.321491,18271.8626286,6154.76336143,24438.5862658,12203.7323561,6244.06352796,12453.7936115,6028.16805808
2020-04-06,39358.4983459,19253.485265,6458.07532718,24557.6161001,12148.688127,6239.94759942,12798.8947311,6474.69912675
2020-04-07,39398.6237944,19362.5504764,6495.75207453,24591.6251867,12094.641357,6235.82968154,12730.3632442,6534.48465562
2020-04-08,40721.1719648,19546.2439901,6571.11204995,24614.9988046,12079.6316721,6193.11672758,12616.9615658,6980.08255933
2020-04-09,41340.8417735,19965.2982925,6559.80664948,24921.0707399,12105.6521869,6254.35732798,12946.5615305,7371.49803076
2020-04-13,40963.4022442,19804.5644828,6584.29815544,24804.1573678,12079.6316721,6265.68060748,13168.4700479,7061.35369801
2020-04-14,42171.5265684,20160.4769522,6716.17173972,24816.9132363,12095.6496384,6284.20626459,13272.0808026,7259.3982248
2020-04-15,41275.4485727,19506.0645081,6567.342431,24918.9404961,12203.7323561,6290.89638913,13204.367197,6971.67586103
2020-04-16,41474.5833519,19529.0255356,6605.02220268,24950.8252453,12216.7408098,6236.34541594,13192.94549,6892.27105226
2020-04-17,42595.0341289,20080.1100473,6712.40298486,24921.0707399,12184.7120921,6206.49399268,12936.7718516,7109.93349001
2020-04-20,41844.6126269,19787.3499987,6663.42386138,24884.9333783,12216.7408098,6187.45558517,13028.9608993,6845.56352228
2020-04-21,40574.070112,19379.7715779,6478.79937442,24897.6892468,12250.7689549,6218.8477463,12940.034663,6721.31751345
2020-04-22,41474.5833519,19741.4200028,6646.46554465,24897.6892468,12212.7401511,6256.41479492,13194.5762733,6824.07699983
2020-04-23,41471.6083418,19706.9804468,6620.09160548,24957.2002263,12220.7450759,6252.81310878,13325.9265263,6767.09233479
2020-04-24,42049.680072,19919.3749141,6610.67209461,24944.4482954,12223.7428643,6288.32368513,13268.8179912,6796.0528469
2020-04-27,42655.9672937,20194.924449,6735.01032942,24829.6750112,12158.6951848,6275.97042883,13180.7071465,7028.66006975
2020-04-28,42459.8100039,20355.6503179,6751.96518976,24927.4398145,12211.7354772,6297.58601635,13121.9665834,7086.57789975
2020-04-29,43571.3431881,20895.2549776,6934.70637941,24944.4482954,12205.7380966,6289.86641233,13194.5762733,7193.07232755
2020-04-30,43165.6608964,20481.9419247,6814.13430717,24889.1840219,12176.7125786,6243.03653516,12955.5358178,7109.93349001
2020-05-01,39560.0568217,19780.0284108,6593.34280361,26373.3712145,13186.6856072,6593.34280361,13186.6856072,6593.34280361
2020-05-04,39669.1515079,19797.0372247,6676.32697639,26395.9302696,13188.856663,6599.88214147,13232.902354,6561.06553496
2020-05-05,40035.6773527,19848.0597451,6706.50158439,26375.6137689,13179.105443,6607.51136896,13289.0235889,6593.34280361
2020-05-06,39764.2849496,19729.0032763,6689.52785377,26269.5545011,13130.349343,6575.36303863,13118.1853363,6474.99544625
2020-05-07,40244.1251278,20029.4801219,6732.90506922,26350.7975566,13210.5262575,6616.7730673,13319.5593839,6567.34178002
2020-05-08,40910.0078745,20352.6266721,6883.78243438,26280.8319426,13167.1851179,6614.59223752,13239.5049263,6723.34354209
2020-05-11,40918.4004915,20346.9540177,6849.8336756,26201.8564748,13130.349343,6591.70718128,13156.9746615,6625.61788252
2020-05-12,40102.8416278,20074.833909,6829.08752428,26269.5545011,13173.6826801,6597.70393793,13208.1430227,6324.37257203
2020-05-13,39393.5814673,19904.7523058,6808.34353554,26312.4342291,13200.7721116,6603.69491685,13335.2403357,6171.06112978
2020-05-14,39865.0150252,19757.3508637,6829.08752428,26393.6668541,13221.3591042,6611.32466959,13453.2580099,6192.57711914
2020-05-15,40048.2616105,19763.0182899,6744.2210338,26409.4690404,13212.6865848,6622.76562197,13529.1857024,6168.37037201
2020-05-18,41268.1411022,20551.0493275,6998.82612795,26371.1015407,13131.4280437,6622.22093977,13426.84898,6533.2737385
2020-05-19,40844.257928,20329.949125,6929.04542767,26400.4383256,13168.2647938,6614.59223752,13556.4208409,6445.40849742
2020-05-20,41538.1191766,20698.4442342,7015.80202115,26468.1342659,13171.5184516,6634.20867534,13588.6075938,6502.78943246
2020-05-21,41251.3512003,20471.6766056,6944.13424548,26488.4403361,13180.185119,6627.12413004,13390.535462,6508.16963416
2020-05-22,41329.6760692,20414.9892731,6812.11379366,26501.9895374,13205.1034947,6630.93690542,13469.7650703,6596.03137164
2020-05-26,41838.8857394,21021.6012409,6962.99288889,26459.1160677,13170.4387756,6606.42042882,13278.2942515,6842.58738076
2020-05-27,42461.4050753,21242.6975222,6970.53643276,26497.475223,13181.2745482,6612.95871618,13302.2274742,6978.8652402
2020-05-28,42383.0662032,21384.430231,6925.27387199,26479.4283962,13169.3532477,6633.66451839,13346.7945224,7012.03986606
2020-05-29,42571.9187579,21356.0826436,7045.97619663,26549.3814936,13211.6049582,6636.38740412,13445.005739,6942.1073168
2020-06-01,41629.0713074,20814.5356537,6938.17855124,27752.714205,13876.3571025,6938.17855124,13876.3571025,6938.17855124
2020-06-02,41973.7763716,21041.6601413,7099.78486359,27776.3744589,13853.5687437,6922.81897276,13786.4823358,6994.22951072
2020-06-03,42532.3753242,21528.365268,7237.78438392,27707.7981235,13771.5206089,6900.06014153,13532.1192026,7218.43848238
2020-06-04,42420.6618981,21409.3876395,7146.99345052,27625.0308722,13716.8180948,6873.88935038,13674.5619362,7146.6218269
2020-06-05,43507.8789272,21831.2004117,7312.23308257,27641.5891226,13648.4458447,6873.32005053,13397.3057587,7417.24830686
2020-06-08,44033.7784953,22090.7773104,7370.3387136,27672.3295613,13663.2613011,6888.11252298,13542.2933139,7601.16859255
2020-06-09,43705.4208503,21804.1602683,7330.39010325,27707.7981235,13712.2598081,6894.94302433,13672.8658197,7475.05243638
2020-06-10,43461.559724,21766.3080572,7366.70830889,27821.2992679,13814.824332,6947.85061574,13868.726519,7285.00076148
2020-06-11,40956.0358743,20571.1855839,6990.83607665,27774.0049425,13863.8248886,6950.12726671,13768.6763472,6817.31719926
2020-06-12,41446.5175493,20922.6875,7150.62718664,27802.3671373,13833.0564538,6931.35243756,13788.1771585,7061.66923047
2020-06-15,41833.4413239,20987.5873351,7121.57478755,27894.5993629,13821.6576628,6934.19893683,13763.5892915,7161.51222131
2020-06-16,42638.6426412,21268.7933564,7148.80990215,27840.1986703,13793.1693961,6930.78204078,13756.8061194,7302.51962752
2020-06-17,42461.5213542,21317.4626223,7214.18133974,27816.5667807,13814.824332,6926.22928731,13783.0901028,7196.54310841
2020-06-18,42477.8687734,21220.1191034,7215.99445996,27844.937703,13845.5855933,6957.52432562,13755.958708,7117.71976214
2020-06-19,42235.1168714,21122.7880523,7228.70712286,27854.391768,13850.1459295,6971.17874683,13907.7281416,7014.37385371
2020-06-22,42506.067617,21366.2815016,7307.12103298,27847.3050376,13837.6126908,6988.81607319,13997.6029083,7007.37101321
2020-06-23,42701.7456797,21469.5621822,7380.06643259,27842.5703685,13833.0564538,6992.79568759,14115.4577749,6978.46638159
2020-06-24,41612.4829502,20942.3317502,7268.82563515,27837.8487907,13859.2676267,6983.12636538,14066.2807472,6779.65612929
2020-06-25,42058.5865644,21219.5306237,7299.8277423,27870.9478365,13861.5426709,6989.38427613,14057.8027524,6866.24980924
2020-06-26,41059.6301428,20898.8490851,7212.29492848,27904.0447004,13899.1444365,7001.33134622,14120.5448306,6734.46130521
2020-06-29,41663.1208542,21089.0851217,7259.70673145,27927.6962268,13912.8172469,7009.29715653,14128.1767078,6864.47909894
2020-06-30,42196.8077218,21083.6541523,7223.23611378,27951.3368438,13887.7528191,6997.91774092,14190.918786,6945.85262741
2020-07-01,42310.2340505,21155.1170253,7051.70567509,28206.8227003,14103.4113502,7051.70567509,14103.4113502,7051.70567509
2020-07-02,42543.2545527,21367.1050588,7218.59783088,28240.2812761,14120.8141736,7071.18471333,14133.8833034,7031.51979611
2020-07-06,43200.0067168,21725.8521204,7536.57606156,28237.8913778,14099.9278669,7084.93569482,14218.5274743,7028.00667965
2020-07-07,42754.4527226,21426.9003918,7417.11418355,28280.8941421,14145.1787518,7086.65339383,14308.2500889,6888.44786279
2020-07-08,43081.47085,21600.8377566,7615.62893154,28271.334549,14123.1354534,7074.04901786,14397.1267267,6878.79411593
2020-07-09,42836.2106493,21350.7990543,7620.90029963,28345.4147933,14168.375915,7092.38365985,14358.1911313,6835.78465495
2020-07-10,43273.5897562,21551.912262,7568.19624674,28311.9518163,14140.5361922,7084.93569482,14320.9474895,6856.85019282
2020-07-13,42898.8802593,21437.765243,7531.3054958,28309.5751219,14155.6125242,7100.40768921,14338.7220421,6775.21937621
2020-07-14,43454.7997595,21736.7269462,7534.81813652,28354.9743864,14154.4565748,7101.55098084,14405.5916604,6832.27196303
2020-07-15,43854.038445,21981.3220015,7541.84582498,28357.3554821,14149.8140151,7097.54117542,14418.2877694,6898.98126854
2020-07-16,43709.5882757,21845.4427864,7434.68139884,28376.4746682,14160.2529991,7111.86490735,14282.0106025,6816.47461396
2020-07-17,43836.3216625,21954.1461585,7468.06111374,28405.131441,14156.7757699,7125.04203376,14399.6659485,6905.1252953
2020-07-20,44190.5848879,22079.1605223,7573.4668125,28436.2067204,14166.0577622,7134.77989594,14469.0747886,6822.61694254
2020-07-21,44284.5960927,22166.1316983,7629.68430845,28452.9360083,14181.1382635,7150.82243152,14643.4415741,6839.29437505
2020-07-22,44536.6777525,22225.9245377,7603.33147967,28476.8217871,14185.7756114,7150.82243152,14866.056157,6943.74622638
2020-07-23,44005.2693348,22041.1148408,7552.38775883,28510.2803628,14199.7001633,7154.25838187,14997.2535887,6914.77904216
2020-07-24,43721.8641863,21932.4089752,7533.06181616,28500.7163684,14192.7394509,7152.54178748,15125.9130902,6863.87175574
2020-07-27,44040.7028998,22236.7918825,7638.46671259,28481.6037842,14170.6982371,7152.54178748,15424.7069103,6928.82216801
2020-07-28,43761.3716154,22133.5171956,7555.89799253,28500.7163684,14204.3406383,7165.72057084,15553.3664118,7066.62761073
2020-07-29,44299.5743332,22367.252387,7689.41524746,28534.1837467,14222.9056651,7182.33530454,15670.175781,7203.55551729
2020-07-30,44141.5219842,22068.2906838,7599.81643193,28555.6708247,14242.6235144,7189.78326957,15554.2123886,7157.03293985
2020-07-31,44490.3443377,21638.8884253,7555.89799253,28567.620316,14246.1038706,7210.98166378,15695.5679991,7143.8686238
2020-08-03,44168.0186128,22084.0093064,7361.33643546,29445.3457419,14722.6728709,7361.33643546,14722.6728709,7361.33643546
2020-08-04,44338.6141015,22258.5003331,7444.56498534,29502.0638411,14773.0966744,7377.68968929,15035.9378629,7471.33088346
2020-08-05,44614.0026232,22378.4666663,7520.99661325,29445.3457419,14723.8756188,7381.19480257,15175.5201087,7433.74965765
2020-08-06,44912.2267614,22427.5428929,7531.18811755,29487.2692939,14740.6839125,7389.3700218,15376.9610178,7445.66520191
2020-08-07,44944.4742043,22334.8389064,7378.32331027,29452.7441491,14709.4738986,7369.51334391,15132.6932977,7551.99179392
2020-08-10,45078.8058235,22422.089423,7376.62369192,29425.6242137,14693.8651195,7360.7497161,15080.3499556,7563.90733818
2020-08-11,44706.7106746,22514.7809015,7349.44763999,29344.2349317,14643.4445493,7344.39758842,14270.6194842,7454.8319601
2020-08-12,45330.015457,22961.9179097,7439.46768173,29285.0476736,14600.2339999,7349.06994665,14204.0013451,7529.99529842
2020-08-13,45248.0714288,22863.7704596,7410.59511436,29176.5384562,14570.2170342,7330.3788245,14539.4723834,7437.41840035
2020-08-14,45249.4102377,22721.9977513,7420.7850672,29149.4117187,14577.4173555,7318.11458798,14476.818659,7438.33126334
2020-08-17,45393.1492205,22896.4812732,7500.61438037,29188.8751813,14601.4281259,7333.88224857,14790.8775019,7498.82938462
2020-08-18,45491.2214329,22891.0303048,7527.7904323,29230.7987333,14626.6405665,7366.59213464,14924.11378,7463.08186513
2020-08-19,45301.8067541,22765.6105016,7441.16807581,29186.4014877,14607.4332434,7344.39758842,14453.0273308,7332.00422798
2020-08-20,45442.8636565,22694.7253982,7420.7850672,29238.1948732,14649.4496668,7337.38961414,14552.9545394,7401.67088087
2020-08-21,45604.0651697,22574.7665697,7468.34257629,29267.7794328,14660.2506875,7362.50255428,14436.372191,7413.58509507
2020-08-24,46066.1684389,22847.4000433,7543.07846448,29255.4495098,14639.8449275,7377.10578527,14354.685404,7461.24815881
2020-08-25,46227.3654894,22896.4812732,7612.71860053,29193.806697,14605.0352918,7374.76904309,14372.1331847,7480.49941506
2020-08-26,46690.8343436,23065.523833,7619.51086812,29188.8751813,14599.0237079,7389.3700218,14541.8515162,7411.74917199
2020-08-27,46792.9274452,22831.0496397,7575.34716566,29087.7666385,14547.4025452,7360.16806437,14373.7196767,7520.82765352
2020-08-28,47095.1858608,22989.1827581,7667.06915293,29127.2142296,14571.4143934,7383.53154476,14623.5383032,7570.3253103
2020-08-31,46924.5680586,22831.0496397,7505.70935679,29191.3420728,14587.0264056,7416.82533483,14658.4338647,7493.32915236
2020-09-01,45410.1932937,22705.0966468,7568.36554895,30273.4621958,15136.7310979,7568.36554895,15136.7310979,7568.36554895
2020-09-02,46067.0011177,22981.2586447,7548.21893094,30334.8150802,15157.8544983,7571.34307871,14937.9611651,7708.98461903
2020-09-03,44481.6358211,22461.4209348,7415.58632617,30342.478911,15177.7361326,7545.13277718,14816.900387,7616.47237908
2020-09-04,44118.4529854,22504.7384667,7402.15805895,30191.6403597,15093.2414163,7521.89885689,14857.7994166,7576.69374467
2020-09-08,42913.020369,22228.5764689,7264.48937476,30224.8862737,15125.5496293,7529.04894813,14829.1695966,7484.1806098
2020-09-09,43760.429872,22613.0385072,7358.50718106,30222.321495,15118.0956885,7533.2174898,14973.1349796,7558.18932784
2020-09-10,43000.5859036,22363.9471721,7247.70039862,30224.8862737,15136.7310979,7539.77150083,14924.8744242,7465.67753536
2020-09-11,43022.4783568,22569.7209752,7301.42573566,30260.6758473,15160.343604,7535.60123638,14924.0556448,7424.04819078
2020-09-14,43589.1322284,22721.3360634,7422.30314344,30263.2288932,15146.6752591,7530.83374321,15041.8450497,7605.37169783
2020-09-15,43809.365944,22862.1223896,7506.24572384,30265.7960184,15139.2168595,7536.19387104,15005.853704,7696.95679284
2020-09-16,43635.5055527,22862.1223896,7479.38458884,30250.4401982,15130.5200379,7536.19387104,15048.3890442,7737.66257219
2020-09-17,43251.7223336,22894.6161281,7465.9547881,30258.125148,15135.484873,7540.36413549,14965.7734538,7586.87086071
2020-09-18,42753.7791907,22732.1673095,7407.19260487,30222.321495,15121.8221016,7533.81184723,14985.4041892,7415.72267984
2020-09-21,42277.9466983,22177.465905,7345.4875969,30227.4440127,15149.1587914,7520.11291329,14684.3879306,7192.76848584
2020-09-22,42708.5225227,22172.0130185,7281.06902542,30250.4401982,15149.1587914,7522.49665987,14613.2227704,7278.80592501
2020-09-23,41718.0740537,21943.381808,7167.4850384,30186.5413076,15149.1587914,7514.75106268,14297.4822121,7059.55180893
2020-09-24,41829.2776192,21910.7191418,7147.14443012,30189.0873138,15156.6116175,7520.11291329,14350.6516994,7097.4819705
2020-09-25,42505.5221082,21992.3782915,7145.44835709,30199.3229629,15169.0370815,7530.23938577,14309.7526698,7243.85229245
2020-09-28,43211.5098716,22351.6601667,7216.64815367,30224.8862737,15166.5524346,7545.72598609,14453.7168046,7392.08540608
2020-09-29,42976.1906,22318.9975005,7213.25677436,30229.994712,15177.7361326,7558.23563091,14575.5963621,7338.9459509
2020-09-30,43302.0189293,22264.5605516,7330.22984041,30181.4211365,15136.7310979,7535.60123638,14488.0718397,7361.3191395
2020-10-01,44519.1198876,22259.5599438,7419.8533146,29679.4132584,14839.7066292,7419.8533146,14839.7066292,7419.8533146
2020-10-02,44096.4420215,22210.862698,7338.20355309,29649.2400708,14825.0875467,7421.02907399,14826.4195142,7547.90773282
2020-10-05,44878.3938885,22557.1459931,7433.46199287,29553.6854987,14731.2796743,7398.6641962,14898.6674099,7591.20627614
2020-10-06,44240.4129819,22324.4846665,7455.57455631,29578.8328941,14765.3901386,7399.8399556,14723.447541,7541.45907005
2020-10-07,45010.4943797,22535.5060649,7525.31672434,29558.7158995,14722.7496008,7399.25066205,14716.8039835,7552.51606822
2020-10-08,45409.4007133,22703.2352613,7581.45098346,29596.4289274,14749.5565309,7428.67971038,14769.1212068,7678.72839037
2020-10-09,45814.9066082,22854.7320423,7634.18307302,29603.9802895,14742.2453514,7431.03518795,15037.3483463,7648.3254039
2020-10-12,46551.9508641,22968.3589492,7709.0284954,29661.8149207,14758.0822356,7435.74670863,14994.1658562,7684.25556293
2020-10-13,46248.1568842,22714.0576945,7675.00679972,29669.3570654,14790.9770825,7435.74670863,14758.3252675,7552.51606822
2020-10-14,45957.5532858,22665.3653871,7640.98818153,29686.9646205,14795.850474,7435.74670863,14803.9989332,7460.38827163
2020-10-15,45900.7620937,22416.4617685,7579.74989868,29661.8149207,14780.0124976,7433.38953444,14857.9760955,7499.08024825
2020-10-16,45873.0220832,22486.8112883,7610.36942479,29646.728327,14771.4857007,7436.33317447,14806.4901089,7445.64885002
2020-10-19,45175.5926776,22389.4167967,7586.55346844,29611.5224342,14747.1176508,7418.67246534,14813.9636359,7329.56805626
2020-10-20,45356.5605168,22513.8587293,7663.0999756,29586.3704301,14715.4460667,7412.20041604,14885.380295,7382.08105949
2020-10-21,45270.7050313,22438.1189809,7678.40973866,29551.1622331,14695.9481317,7409.84550401,14997.4882685,7359.97104273
2020-10-22,45519.0233608,22459.7564398,7680.11082344,29498.353394,14644.786258,7398.6641962,14850.5025685,7359.04866817
2020-10-23,45673.5754723,22584.1983724,7715.82898766,29541.1106488,14665.4943494,7407.4894609,14834.7242779,7403.27047039
2020-10-26,44829.5309111,22162.1654522,7615.4711404,29581.3354206,14704.4803896,7413.3756099,14827.2507509,7297.32518458
2020-10-27,44674.9744291,21994.4362559,7642.68695819,29649.2400708,14737.3697755,7428.09154791,14866.2808591,7180.32378496
2020-10-28,43148.0413502,21350.5669116,7452.17315612,29606.4966421,14736.1486971,7418.67246534,14626.2878886,7008.96949689
2020-10-29,43586.5756458,21453.3639776,7530.42074806,29553.6854987,14674.0200541,7393.36338198,14565.6659017,7102.93717868
2020-10-30,43132.1849207,21345.1519912,7452.17315612,29473.2036942,14626.5061248,7371.00076635,14632.1002095,7055.95267452
2020-11-02,43902.6333261,21951.3166631,7317.10555436,29268.4222174,14634.2111087,7317.10555436,14634.2111087,7317.10555436
2020-11-03,44677.7687052,22512.0589944,7336.89413504,29255.9459018,14601.3335368,7311.26868591,14717.2894771,7457.99744869
2020-11-04,45676.2712172,22742.9545189,7572.7168813,29450.6970311,14724.3107974,7323.52527061,14709.0646044,7471.05866883
2020-11-05,46567.0913524,23292.6933432,7701.34638523,29478.1714222,14721.8726339,7329.36046099,15047.1366187,7506.51765349
2020-11-06,46556.4581742,23342.1740019,7729.38306713,29413.2498107,14671.9551896,7296.09394666,15068.524049,7455.19666451
2020-11-09,47141.4853479,23979.8806718,7787.10336596,29275.9144026,14563.5905468,7275.08177962,14401.4257488,7719.25767844
2020-11-10,47072.3278956,24155.7962928,7699.69795842,29228.4783633,14522.189766,7282.0865811,14449.1345289,7832.15695747
2020-11-11,47422.0217615,24359.2031199,7732.68066665,29245.945662,14545.32232,7294.92545426,14386.6189697,7862.01526944
2020-11-12,46961.9795255,24007.3618429,7674.96260551,29368.3035525,14628.119518,7315.35365479,14473.8116572,7759.37776988
2020-11-13,47612.1475642,24348.2021216,7772.26006571,29373.2922514,14608.642573,7314.76856956,14572.5189154,7966.51936134
2020-11-16,48206.4617215,24661.5612294,7862.96232687,29370.7910494,14597.6844732,7304.84952901,14571.6955496,8056.09429725
2020-11-17,47947.1960638,24650.5677575,7851.41886382,29430.7216778,14635.4252814,7317.10555436,14518.2294841,8063.55618821
2020-11-18,47370.1712695,24518.6260242,7825.03210052,29450.6970311,14630.5565906,7319.4369456,14435.1511157,7906.80094604
2020-11-19,47569.5884551,24667.0604742,7844.81918942,29505.6366765,14646.3833812,7327.02683232,14408.0064,7937.59344986
2020-11-20,47243.8489358,24749.5215487,7899.24039693,29535.5917118,14671.9551896,7343.36894526,14451.6021162,7894.67257424
2020-11-23,47527.0469434,24766.0167741,7897.59271602,29528.1018108,14642.7332267,7337.53095811,14166.9949123,7909.60083455
2020-11-24,48292.8953389,25161.8344476,8003.13454795,29488.1579568,14619.5919455,7339.86570548,13949.8384422,7951.588414
2020-11-25,48218.4278965,25112.3537889,7966.85573199,29478.1714222,14624.4704544,7352.1234089,13943.2577909,7956.25399916
2020-11-27,48352.7130158,25288.2744274,8041.06328251,29528.1018108,14668.3006715,7370.21574333,13801.7769273,7920.79770154
2020-11-30,48138.6592625,24788.0087355,7843.1715085,29568.0525175,14658.5632899,7378.38735916,13709.6503203,7837.75494313
2020-12-01,46602.5917846,23301.2958923,7767.09863077,31068.3945231,15534.1972615,7767.09863077,15534.1972615,7767.09863077
2020-12-02,46700.6253155,23336.7105188,7763.89888195,31034.1229579,15508.2395921,7772.64853668,15651.038203,7705.93038222
2020-12-03,46687.8898035,23417.6516403,7840.68995905,31086.8641856,15549.7737228,7794.22199589,15774.2666963,7770.74856995
2020-12-04,47090.2485672,23645.300276,7893.48653804,31002.4782213,15488.7614608,7777.57758965,15729.5399053,7889.42724083
2020-12-07,46993.4746851,23473.2969298,7893.48653804,31049.9441224,15536.7925636,7797.92350694,15964.131311,7820.96086659
2020-12-08,47130.9828263,23528.9422194,7915.88188533,31052.5733586,15552.3736739,7810.86817263,16019.8127673,7793.57098681
2020-12-09,46708.2590395,23559.2939856,7823.09351138,31007.7631789,15530.2979161,7801.00239455,15745.969814,7745.18585061
2020-12-10,46692.9831657,23609.8879582,7928.68015698,31084.2156875,15565.3490219,7818.87965421,15715.846922,7711.40923451
2020-12-11,46638.2453201,23528.9422194,7875.88791957,31118.4872526,15596.5100802,7818.26293242,15745.0575055,7704.1058508
2020-12-14,46429.4301078,23534.0050796,7847.09018027,31100.0368519,15587.4189684,7818.26293242,15658.3394561,7670.32748203
2020-12-15,47057.118542,23792.0031729,7920.68006135,31118.4872526,15571.8425071,7832.44104169,15877.4146544,7827.34760291
2020-12-16,47130.9828263,23872.9442944,7963.87522312,31105.3073631,15558.8590234,7831.82491007,15965.0436195,7836.4790234
2020-12-17,47394.5316714,24029.7706032,8027.87092295,31103.9903373,15547.5608007,7836.32609386,16133.0016894,7912.24878136
2020-12-18,47205.2852494,23888.1305665,8003.87208326,31088.1547265,15534.568019,7832.62576314,16105.6171155,7753.40412905
2020-12-21,47036.517598,23620.1775925,7896.19641124,31088.1547265,15544.9608497,7831.39231957,16054.499987,7709.58295042
2020-12-22,46957.2355603,23543.6252066,7838.25432935,31133.0250994,15570.9475754,7838.792981,15927.6194744,7763.44518624
2020-12-23,46999.431686,23809.0225097,7918.72996568,31111.9045311,15538.4638777,7842.49154122,16033.5043578,7713.23464227
2020-12-24,47182.2745426,23870.268574,7873.6628568,31140.9368855,15560.5454467,7845.57396982,16097.4021612,7780.76333706
2020-12-28,47587.6202326,24018.2781644,7889.75928654,31146.2146198,15561.8506523,7851.1244659,16038.9823868,7827.14516931
2020-12-29,47496.8202029,24207.1092298,7975.0605956,31151.4899464,15559.2507013,7847.42472535,16097.4021612,7760.35785472
2020-12-30,47564.5884615,24258.1464623,8086.11763945,31169.9644244,15569.638883,7853.58899238,16220.6306544,7803.02752793
2020-12-31,47806.2598624,24094.825933,8065.19408978,31193.7190445,15580.0293891,7870.23575929,16280.8764384,7878.16369501
2021-01-04,47511.3400932,23755.6700466,7918.5566822,31674.2267288,15837.1133644,7918.5566822,15837.1133644,7918.5566822
2021-01-05,47838.5701755,24025.851561,8102.59941628,31642.0316751,15800.1498646,7916.07677592,15884.0169722,7930.12260113
2021-01-06,48124.5802696,24286.0251791,8025.52215546,31486.3953218,15707.7511547,7892.52923234,15626.0438161,7943.61586973
2021-01-07,48839.5906484,24356.069137,8088.44347968,31454.1806848,15652.3088578,7887.57297859,15589.5629377,7928.19434103
2021-01-08,49117.8627095,24586.2190663,8252.0376497,31416.6344763,15607.4329603,7856.59105439,15056.244968,8005.29105956
2021-01-11,48786.7572437,24266.0093866,8156.08250651,31365.649183,15577.0708026,7839.85924944,15026.7130178,7899.28591663
2021-01-12,48797.0675466,24381.0843512,8245.74431504,31392.4783944,15574.4380612,7850.39395778,15123.99536,7917.59710423
2021-01-13,48928.4825228,24336.0533444,8272.48692095,31491.7685079,15628.555129,7867.7420322,15058.8506504,8013.96367792
2021-01-14,48757.1421827,24521.1790566,8354.28259157,31430.0441862,15592.9074093,7871.45922251,15051.0336033,8061.18328992
2021-01-15,48401.5704404,24125.9146813,8258.32674118,31462.2490316,15635.1529277,7880.13563227,14864.2859659,8153.69789549
2021-01-19,48781.612704,24296.0330754,8407.7649746,31505.1806657,15644.3976413,7898.72336326,14990.2321394,8130.56878889
2021-01-20,49456.6849849,24481.1474715,8554.0547727,31507.8733785,15651.0001645,7910.49891446,15234.3074394,8285.7208935
2021-01-21,49501.7761119,24536.1841114,8555.62616158,31462.2490316,15628.555129,7929.70884629,15224.752829,8246.21250106
2021-01-22,49326.564633,24366.0725068,8494.28046941,31462.2490316,15652.3088578,7917.31465308,15104.8861391,8265.48235622
2021-01-25,49521.1020934,24351.0651888,8536.75252238,31542.7586971,15715.6718203,7937.76483462,15117.9158763,8328.12258651
2021-01-26,49443.8109015,24361.0662955,8483.27013935,31532.0049812,15710.3909829,7925.9904697,15080.5655536,8386.90902785
2021-01-27,48235.37464,23790.6954203,8267.76426798,31534.697694,15728.8709611,7923.51293596,14985.0207747,8238.5012815
2021-01-28,48650.2062171,23975.8143429,8307.0921288,31513.2196374,15687.951853,7939.00211865,14998.9173055,8282.82941377
2021-01-29,47676.2497586,23450.4699481,8129.34202219,31478.3465584,15660.2307045,7930.94494404,14992.8378218,8187.42788055
2021-02-01,47758.2592771,23879.1296386,7959.70987952,31838.8395181,15919.419759,7959.70987952,15919.419759,7959.70987952
2021-02-02,48433.5755646,24145.4072271,8084.38557027,31789.9465669,15879.1943665,7971.55345187,15725.7155004,8007.33790937
2021-02-03,48471.6475304,24210.7119364,8114.42923975,31751.9275109,15840.3024653,7967.19116086,15701.9597649,7987.18772218
2021-02-04,49022.5722541,24220.7612621,8126.4438712,31738.340089,15834.9313249,7961.57900667,15363.8891176,8042.14686883
2021-02-05,49215.5209597,24401.6218545,8186.52985953,31697.6025592,15801.4141617,7959.70987952,15515.5638909,8070.54023574
2021-02-08,49570.945742,24557.3750405,8228.58816047,31730.1896147,15808.1139968,7967.19116086,15671.8074502,8114.50530319
2021-02-09,49537.9427889,24698.0451477,8320.21703035,31743.7671423,15820.1873707,7971.55345187,15722.9745076,8142.90040078
2021-02-10,49516.3660262,24642.7806738,8338.24201647,31773.6480919,15860.4139624,7978.40771354,15780.5381443,8186.8671989
2021-02-11,49596.3368113,24803.5539776,8425.36717228,31735.6265623,15848.3465845,7969.05790164,15643.4829287,8204.27081329
2021-02-12,49841.3307265,24919.103043,8440.38698106,31662.3069242,15796.0478181,7955.97102863,15595.9700635,8206.10359249
2021-02-16,49798.1688363,25069.827021,8464.41962056,31512.9145439,15682.0534877,7917.3272872,15372.1134901,8142.90040078
2021-02-17,49809.5824795,24914.0806527,8485.45248529,31575.3924434,15692.7909718,7914.21127983,15197.5961809,8132.82703786
2021-02-18,49597.6040645,24753.3164392,8375.79525269,31559.0914949,15691.4466877,7881.1784994,15196.6829814,8098.01980907
2021-02-19,49510.0213956,24868.863232,8420.85940628,31461.3253811,15628.4176323,7847.52227886,15259.7272095,8144.73577599
2021-02-22,49129.192997,24793.5001067,8182.02276885,31363.5419522,15602.9337957,7846.89824215,15488.1525689,8212.51312769
2021-02-23,49188.8584549,24803.5539776,8228.58816047,31371.6825321,15615.0119662,7848.76915908,15452.5182686,8263.8084466
2021-02-24,49730.8873123,24893.9797286,8176.01511547,31360.8358463,15593.5525875,7842.53714434,15441.5542975,8327.00904231
2021-02-25,48532.5886062,24471.9648621,7998.76502909,31072.9348753,15385.6922124,7746.55481042,15150.9979095,8167.6308053
2021-02-26,48282.521496,24120.2816402,7884.60408241,31325.5130019,15523.8093068,7842.53714434,14784.6027407,8048.55726935
2021-03-01,47884.2321473,23942.1160737,7980.70535789,31922.8214316,15961.4107158,7980.70535789,15961.4107158,7980.70535789
2021-03-02,47510.5916675,23932.3327466,7905.23304727,31928.3674587,15990.4086087,8013.1595809,16048.3674388,7903.84862228
2021-03-03,46881.2781401,23785.5739887,7899.31453742,31811.8706233,15904.7776779,7992.79734124,15871.4896961,7858.63666731
2021-03-04,46301.123784,23545.8570268,7729.13475918,31720.3372153,15826.0468927,7962.25276348,15715.3635378,7769.11826075
2021-03-05,47152.9110108,23736.6507146,7783.88629765,31698.1505846,15803.9479111,7970.52423806,15725.2455319,7854.11513011
2021-03-08,46918.1505558,23619.2397251,7581.15138876,31573.3334473,15741.7947567,7926.61397097,15562.203184,7921.93220832
2021-03-09,47588.0136164,23922.5494195,7745.41199185,31692.6121236,15816.3743451,7976.25012812,15893.2288768,7974.37708516
2021-03-10,47884.2321473,24025.2887378,7732.0940141,31745.3006428,15849.5271379,8012.52242335,15974.2570065,8053.94947668
2021-03-11,48369.7371787,24201.4041157,7964.42679462,31742.5162799,15844.0045526,8019.52506506,15960.4231195,8147.98685769
2021-03-12,48434.8885708,24260.108504,7823.8422268,31562.2237385,15729.3633852,7956.52382773,15957.4588228,8284.5265175
2021-03-15,48723.7366683,24318.8106793,7819.40400972,31595.5226002,15748.6986054,7980.06820034,16027.6158544,8407.50156571
2021-03-16,48662.2785923,24357.9528393,7853.43810252,31584.4179355,15745.9373128,7996.61358605,16042.4388455,8373.14283766
2021-03-17,48828.2145875,24485.144943,7859.35927357,31581.648705,15719.6970094,7989.6152083,16157.0618348,8380.37490528
2021-03-18,48117.7695963,24250.3185381,7738.01318925,31459.6159307,15621.6248321,7932.97945513,16063.1889222,8295.37803592
2021-03-19,48028.7452892,24333.4889893,7814.96446203,31484.5717919,15611.9596908,7948.24930746,16130.3831648,8182.35071123
2021-03-22,48412.2467612,24343.8100564,7798.3692159,31545.5881791,15663.0602684,7986.43246622,16106.6672837,8240.21664892
2021-03-23,48031.1913012,23975.1859764,7670.94162321,31626.0345769,15740.4110244,8002.97663366,15989.0784899,8228.46389835
2021-03-24,47787.0396181,23871.968667,7491.64989456,31664.8618112,15761.1238051,8023.97846742,16044.4140381,8182.35071123
2021-03-25,48055.874154,24024.3393944,7503.50487735,31648.2186855,15740.4110244,8018.25014082,15986.1141932,8265.66043985
2021-03-26,48830.2920778,24353.6376419,7690.20272691,31595.5226002,15687.9242458,8020.15917693,16031.5692551,8443.92415809
2021-03-29,48805.6173245,24235.6822736,7647.23165762,31542.8139045,15634.0586724,7998.5232313,15840.8576253,8394.81170457
2021-03-30,48676.1366271,24206.1906654,7678.34974002,31567.782376,15620.2472718,7984.52282097,15570.1084777,8405.72643738
2021-03-31,48873.4496105,24137.3865022,7712.42840793,31573.3334473,15598.1458214,7986.43246622,15806.2736616,8354.79358034
2021-04-01,48450.6902714,24225.3451357,8075.11504523,32300.4601809,16150.2300905,8075.11504523,16150.2300905,8075.11504523
2021-04-05,49146.1070448,24590.5487768,8092.02731031,32235.3058979,16104.6365472,8051.96275727,16144.2480285,8106.1996656
2021-04-06,49117.0813679,24376.3016451,8130.46546884,32348.601371,16182.9937694,8056.463141,16273.8649501,8126.91842098
2021-04-07,49173.933248,24420.1214341,8012.07409044,32297.6160937,16173.0255897,8061.60898096,16227.9999391,8132.96132373
2021-04-08,49407.3500529,24561.3282761,8095.10145173,32376.9342396,16228.5809506,8079.61727137,16402.4838471,8102.74437727
2021-04-09,49766.5447912,24619.7648927,8025.91359481,32340.1102536,16185.8440021,8062.2544372,16278.8505088,8093.24699711
2021-04-12,49784.6878252,24488.2879863,7973.63800298,32331.6062786,16175.8732775,8063.53982245,16180.1419218,8140.73146518
2021-04-13,49932.2469318,24653.8481688,7975.17610922,32425.0754296,16242.8308415,8093.12333563,16294.802167,8181.31022207
2021-04-14,49761.7111502,24678.1993169,8018.22582504,32399.5892198,16222.8817577,8093.12333563,16224.0124049,8138.14385076
2021-04-15,50296.2633959,24868.1018778,8088.95178819,32527.0485556,16326.8834393,8136.85468451,16486.2372791,8280.59968771
2021-04-16,50464.3922864,25014.1912269,8115.09061964,32442.0730935,16282.7213745,8134.28268573,16585.9423693,8298.73082868
2021-04-19,50216.4507278,24941.1509372,8098.17697385,32416.5765977,16265.6276131,8120.13485004,16540.0773584,8315.13310912
2021-04-20,49848.7881811,24527.2471923,8036.675506,32467.5618749,16314.0688441,8125.27884759,16598.9029965,8383.33957622
2021-04-21,50320.4713189,24751.2461838,8099.71646079,32498.7156871,16322.6106352,8132.9960722,16763.4173082,8438.59499666
2021-04-22,49860.8702978,24648.9788161,8085.87764678,32507.214519,16335.4366822,8142.64291003,16654.7376036,8392.83533456
2021-04-23,50401.4953761,24931.407847,8196.57987469,32501.5546313,16314.0688441,8146.50397888,16590.9264067,8442.04947407
2021-04-26,50506.7194127,24970.3582834,8207.34109553,32473.2346202,16296.9712654,8151.00497674,16634.7968899,8467.08632623
2021-04-27,50495.8208827,24892.4552182,8219.64180331,32393.9139029,16232.8626617,8150.36259118,16592.9209345,8466.22513961
2021-04-28,50481.3159877,24960.6239629,8285.75551881,32410.9167099,16254.2241376,8176.08564965,16641.7769764,8448.090755
2021-04-29,50803.0291561,24984.9663413,8267.30445714,32393.9139029,16225.7332627,8172.22765148,16572.9802208,8520.61694069
2021-04-30,50469.2259274,24644.1160407,8145.84031803,32427.9143738,16239.9793364,8167.08365392,16517.1456137,8554.28755365
2021-05-03,49738.4497609,24869.2248804,8289.74162681,33158.9665073,16579.4832536,8289.74162681,16579.4832536,8289.74162681
2021-05-04,49431.5918112,24567.7203349,8187.99880253,33199.5529023,16601.2788614,8308.70248234,16457.9607349,8236.09290749
2021-05-05,49447.0550084,24859.4990686,8219.30423286,33225.6285772,16621.6181434,8345.96694012,16526.132382,8099.45279471
2021-05-06,49841.9192118,25063.7433064,8300.6991951,33231.443902,16628.8842106,8336.16286019,16801.7813161,8144.72104223
2021-05-07,50204.677459,25355.5198506,8374.26762406,33222.7274842,16634.700436,8353.81480545,16952.943878,8252.01926823
2021-05-10,49707.5272724,25224.217012,8217.73695833,33170.5603677,16601.2788614,8357.73718359,17004.3198523,8249.50370947
2021-05-11,49263.8948245,24922.714656,8195.82533582,33098.0908564,16573.6735123,8335.50747234,17007.2837059,8145.55719979
2021-05-12,48217.2679919,24485.0487449,7986.07621162,32982.1417405,16493.7623355,8321.12313919,16838.3365151,7939.3412196
2021-05-13,48796.4836586,24655.2504518,7976.68521505,33057.5123447,16548.9704402,8323.08308464,16907.4971183,8042.44842235
2021-05-14,49545.7671534,25049.1502097,8108.16830357,33132.8855768,16585.3007759,8352.50962604,17061.6235338,8138.01367288
2021-05-17,49419.7024523,25010.2469624,8112.86520748,33103.8851588,16569.3123158,8368.85266103,17260.2092602,8146.39886874
2021-05-18,48993.9196662,25097.7770793,8230.26109834,33063.3040194,16569.3123158,8356.42889513,17293.8006056,8148.07433323
2021-05-19,48865.4685004,24874.0899759,8208.34666457,33016.9259497,16519.910062,8299.54819398,17305.6575274,8122.08731214
2021-05-20,49391.1547109,25219.3562956,8238.08763163,33129.9766005,16588.2030529,8309.35351752,17384.69714,8213.45996474
2021-05-21,49350.7215164,25214.4912002,8150.43270782,33144.4689261,16594.0127943,8324.39323853,17392.5997445,8205.07555622
2021-05-24,49853.8085708,25370.1063789,8227.12936052,33176.3599258,16609.9921766,8344.66051709,17423.2287439,8307.34502673
2021-05-25,49743.203161,25370.1063789,8313.22122667,33257.5274603,16671.0165068,8368.20038223,17581.3064615,8304.83183
2021-05-26,49841.9192118,25370.1063789,8374.26762406,33245.930972,16652.1296601,8349.23766127,17550.6789697,8341.71645634
2021-05-27,49868.0843944,25418.7376275,8389.919285,33205.3445769,16623.0770629,8348.58413885,17557.595633,8322.43601725
2021-05-28,49957.2936451,25491.6812162,8433.74744972,33205.3445769,16621.6181434,8353.81480545,17623.7908752,8372.73223292
2021-06-01,50531.1231764,25265.5615882,8421.85386273,33687.4154509,16843.7077255,8421.85386273,16843.7077255,8421.85386273
2021-06-02,50610.5864159,25337.4761822,8441.75632603,33731.6107476,16862.864901,8411.28489207,16926.0809744,8520.41830916
2021-06-03,50422.7548672,25203.2353189,8346.83656841,33652.0538792,16820.1315843,8382.8726187,16594.6982928,8488.94434035
2021-06-04,50883.9152856,25442.9520713,8421.85386273,33790.5475895,16912.9653512,8423.17834371,16773.6448831,8493.08454654
2021-06-07,50834.5433704,25500.4777025,8388.17234797,33766.9723193,16899.7071399,8404.67623829,16840.8674181,8593.30600897
2021-06-08,50845.3857371,25486.097374,8352.96066766,33828.8430674,16948.3381065,8413.26692566,16788.7941524,8664.53591484
2021-06-09,50769.5247574,25385.4199644,8346.83656841,33896.624303,17001.3867244,8413.92510332,16756.6015939,8676.13269305
2021-06-10,51005.5221957,25466.9185659,8405.01379276,33967.3287761,17061.7998469,8457.5360928,16828.5599009,8738.25290059
2021-06-11,51089.8095371,25510.0681858,8368.27125948,33952.6005668,17036.7542222,8435.73247321,16639.1983685,8703.46567772
2021-06-14,51204.2000653,25548.4258018,8401.95208684,33867.1518813,16983.7029755,8431.10710312,16541.6772949,8737.42594848
2021-06-15,51110.284291,25553.215647,8345.30502805,33881.8907593,16986.6524576,8444.98008814,16479.1876425,8643.83099419
2021-06-16,50824.9188916,25385.4199644,8232.01297268,33772.8561349,16870.2333488,8368.33458046,16200.8259588,8587.50878678
2021-06-17,50808.0543058,25198.4454737,8279.47628852,33878.94085,16930.655672,8400.0496181,15702.8056488,8576.74051657
2021-06-18,50122.6403693,24719.0227619,8215.17152789,33970.286687,17026.4362923,8403.35613266,15615.6980725,8430.96511694
2021-06-21,50840.1899421,25059.263666,8255.18748811,33881.8907593,16971.9129333,8388.81809442,15806.9536247,8604.9012313
2021-06-22,51111.9885434,25083.4265897,8219.79089561,33917.2469966,17002.8588367,8435.07054525,15740.6773774,8560.1758021
2021-06-23,51050.3823894,24948.1064463,8267.49892795,33899.5635436,16968.9608224,8437.05382894,15730.2624353,8545.26576982
2021-06-24,51352.3909404,25155.9239949,8329.05956418,33911.3471779,16966.0179122,8421.19506002,15720.7937808,8526.83243919
2021-06-25,51534.7933973,25238.0874331,8396.77523293,33843.5819454,16930.655672,8429.78449729,15772.8684911,8584.38924021
2021-06-28,51638.6855726,25073.7627153,8416.78149453,33940.8222668,16983.7029755,8442.33737669,15771.9222036,8559.36207499
2021-06-29,51666.4676546,25068.9296989,8410.62577461,33958.4923839,16992.54485,8446.96337183,15606.2308627,8536.00826256
2021-06-30,51709.9557471,24899.7698061,8358.29974936,33982.0596526,17019.0717877,8458.19614561,15681.9757646,8490.96232135
2021-07-01,50694.1554729,25347.0777365,8449.02591216,33796.1036486,16898.0518243,8449.02591216,16898.0518243,8449.02591216
2021-07-02,51081.6531168,25440.2832835,8439.64025183,33869.5098166,16959.5856321,8484.86455721,17008.8750189,8474.64469092
2021-07-06,50988.6049531,25288.2132661,8287.92718293,33978.1460617,17048.9642159,8506.76695638,17093.2637928,8536.63137562
2021-07-07,51168.7874638,25376.5110671,8295.74798437,34036.8619722,17098.778169,8500.79499244,17158.3344489,8566.38378188
2021-07-08,50751.8710869,25008.592243,8137.77897291,34075.0115224,17142.7387247,8489.5116359,17147.1503572,8542.41675842
2021-07-09,51293.6445602,25440.2832835,8286.36511844,33963.4425339,17056.2920635,8490.83776868,17204.0885388,8682.9169301
2021-07-12,51477.3583983,25533.4888306,8291.0575993,33942.8974061,17047.5015195,8513.40635309,17182.7365268,8757.29987266
2021-07-13,51301.8791839,25391.2277324,8295.74798437,33869.5098166,16994.7543378,8513.40635309,17205.1047102,8634.98057087
2021-07-14,51378.427259,25454.9999488,8336.41335745,33984.0009321,17068.0158361,8535.97119488,17390.1487584,8695.3147295
2021-07-15,51202.9518998,25248.9666343,8344.23346028,34057.4124082,17139.8041901,8561.85760633,17393.2003756,8709.36505497
2021-07-16,50801.3366566,25052.74443,8287.92718293,34028.0504718,17136.8735735,8561.85760633,17224.4228279,8703.57813064
2021-07-19,50051.1030673,24562.1867282,8165.9296665,34207.1362549,17283.399182,8565.17480961,17244.7571171,8544.89708907
2021-07-20,50768.3518998,24782.9432809,8172.18910204,34174.8362671,17261.4182511,8563.84805305,17222.3889336,8746.55382857
2021-07-21,51179.3968666,25141.0444219,8242.57002759,34063.2699327,17161.785121,8541.94440635,17158.3344489,8745.72987783
2021-07-22,51286.5741951,25175.3854986,8255.08191269,34142.5495495,17201.3471398,8565.83849977,17191.8867242,8676.30528426
2021-07-23,51814.2107934,25327.455516,8126.8298509,34119.0530999,17174.9755079,8604.33252925,17138.0001598,8748.20789618
2021-07-26,51941.396407,25356.8954196,7971.98985862,34089.6938176,17163.2478174,8641.4991784,17097.3315814,8752.3407529
2021-07-27,51704.6741064,25263.6832996,7799.94270598,34168.9760885,17236.5119276,8639.51060299,17125.7998965,8801.92886743
2021-07-28,51683.4745765,25376.5110671,8020.47393734,34201.2707682,17251.1623989,8668.71234641,17212.2210133,8771.3486566
2021-07-29,51897.8253784,25567.8299073,8048.62742532,34145.4796388,17198.4165231,8653.44809642,17403.3667445,8773.00272421
2021-07-30,51645.7865234,25401.0388427,7993.88530825,34192.4698841,17246.7651679,8666.72189969,17266.1091291,8784.57271904
2021-08-02,51415.8295769,25707.9147885,8569.30492949,34277.219718,17138.609859,8569.30492949,17138.609859,8569.30492949
2021-08-03,51834.1121126,25890.7415192,8590.929244,34288.9999827,17142.9655994,8577.22616308,17126.4846925,8579.80962028
2021-08-04,51579.1488383,25816.6182204,8612.55132974,34286.0529252,17138.609859,8560.72770333,17130.5259007,8553.14664893
2021-08-05,51905.7912072,25950.0242695,8585.93753172,34209.5807673,17076.2378782,8530.36770132,17062.8244846,8653.33642771
2021-08-06,51991.5507421,25846.2618023,8527.72416682,34056.6417615,16976.1450042,8511.23047445,16636.4053214,8637.98289643
2021-08-09,51949.2748067,25816.6182204,8557.66478245,33994.8783406,16939.8790395,8496.05139825,16341.3477822,8591.92757718
2021-08-10,52013.8886818,25870.9710398,8589.26509227,33950.7521293,16907.9675231,8503.9683161,16346.4004489,8510.32464352
2021-08-11,52143.1356623,26034.0206708,8620.86837378,33983.1007309,16926.8299078,8517.83109143,16571.735197,8560.41877939
2021-08-12,52299.4012424,25974.7290934,8564.31618891,33986.0504434,16909.4159909,8511.23047445,16575.7764052,8579.00185695
2021-08-13,52394.5759419,26108.1395561,8547.68210083,34109.582595,17006.6080528,8533.00893456,16813.2378616,8625.86418601
2021-08-16,52517.9499827,25959.9061991,8479.48754015,34127.2198045,17044.3224854,8541.58677726,16897.1071943,8615.35949523
2021-08-17,52173.6849486,25673.328035,8326.4643307,34100.7600078,17035.6187572,8518.48955013,16871.8454028,8606.47183811
2021-08-18,51602.6367511,25609.0976996,8336.4432977,34103.7017552,17026.9137369,8519.80955022,16884.9820278,8528.09995775
2021-08-19,51682.5387306,25327.4627071,8208.37047746,34162.5181186,17064.6307538,8523.11047524,16835.4683615,8569.30492949
2021-08-20,52093.7829691,25411.4591083,8208.37047746,34165.462521,17048.6743495,8496.71293963,16844.5622364,8612.12844192
2021-08-23,52552.0261097,25678.2689998,8326.4643307,34165.462521,17053.0275057,8516.5104748,17049.6878596,8595.96940785
2021-08-24,52635.4510838,25801.7953261,8512.75423047,34115.4501598,17006.6080528,8516.5104748,17041.6039014,8557.99548942
2021-08-25,52745.8985035,25821.5591852,8521.07053159,34050.7582666,16939.8790395,8513.21016632,16923.3789024,8552.3388856
2021-08-26,52434.5250086,25658.5051406,8451.21107625,34053.692049,16939.8790395,8514.53016641,16942.5781106,8555.57069242
2021-08-27,52903.337133,25925.3238592,8557.66478245,34147.8093815,16994.9996363,8578.54431357,17197.2174002,8645.25578041
2021-08-30,53135.9778518,25920.3784808,8582.61294288,34186.0467879,17028.3712496,8577.22616308,17112.3381509,8731.70981509
2021-08-31,53057.2681522,25920.3784808,8687.40026858,34136.0397368,16996.4493962,8552.14801102,17146.6938173,8772.91478683
2021-09-01,52137.5068336,26068.7534168,8689.58447226,34758.3378891,17379.1689445,8689.58447226,17379.1689445,8689.58447226
2021-09-02,52297.9285833,26191.9069501,8655.06200644,34794.308742,17399.9414894,8692.96203343,17333.0842472,8735.27103935
2021-09-03,52285.2214613,26319.9843366,8694.51426012,34734.3474111,17358.4003616,8680.81308243,17518.4481478,8736.84377852
2021-09-07,52098.2824711,26255.9412432,8766.845717,34641.4069429,17290.1503554,8659.21585181,17175.3717901,8638.38560497
2021-09-08,52034.8186312,26063.8273635,8636.9802436,34698.360343,17337.6317787,8694.30955134,17132.3577391,8681.70828851
2021-09-09,51812.0964761,26034.2710435,8648.48455044,34809.2997503,17386.5883709,8740.20718863,17208.1425401,8505.27060681
2021-09-10,51403.5798784,25960.3780435,8635.33477822,34740.3416524,17331.7007278,8715.90740814,17121.092452,8380.81852929
2021-09-13,51535.1235223,26157.4179765,8663.2805223,34785.3146775,17352.4653488,8715.90740814,17178.4439991,8437.52969681
2021-09-14,51257.017353,26044.1231502,8582.72834679,34863.2614348,17417.7504898,8720.63436572,17289.0482102,8422.56406618
2021-09-15,51685.146132,26147.5746703,8579.44255581,34830.285,17388.0741051,8725.35631394,17187.660626,8449.34397244
2021-09-16,51603.2222132,26073.6794701,8490.67333297,34770.3290742,17333.1785381,8711.1835814,16798.4980084,8456.43415389
2021-09-17,51100.5505251,25748.5577503,8457.79706678,34740.3416524,17282.7414943,8686.21254663,16771.8716764,8380.81852929
2021-09-20,50248.4858642,25259.0061746,8227.67201454,34806.3053322,17370.2717079,8694.30955134,16891.6925144,8329.61892741
2021-09-21,50201.0192484,25476.5775634,8294.03838407,34821.293638,17359.8834545,8688.23695435,17004.343823,8333.55408096
2021-09-22,50690.7307297,25615.0504846,8413.49579329,34833.2848232,17376.2080414,8679.4618075,16940.8494206,8414.68641326
2021-09-23,51306.6144138,25926.573305,8453.31517446,34662.384085,17218.9407668,8648.41629724,16745.2437817,8398.1465743
2021-09-24,51391.1296185,25689.2140985,8360.40401933,34602.4200516,17167.0113856,8626.81844044,16723.7383189,8308.34838304
2021-09-27,51244.1062522,25689.2140985,8405.20091492,34554.4445008,17121.0209791,8630.86850822,16758.557729,8196.59942487
2021-09-28,50211.4448301,25120.544254,8307.31004261,34410.5421713,17055.7398,8611.96944426,16595.7244027,8141.12088526
2021-09-29,50295.9487026,25041.421585,8240.94440734,34434.5326493,17073.5448385,8616.693271,16520.9647132,8202.146985
2021-09-30,49681.2208982,24967.2491706,8297.35648227,34428.5357054,17094.3147421,8618.0451721,16817.9563737,8066.61962092
2021-10-01,50701.1818554,25350.5909277,8450.1969759,33800.7879036,16900.3939518,8450.1969759,16900.3939518,8450.1969759
2021-10-04,50047.3374574,25115.3125811,8333.67673173,33777.2747859,16879.9262445,8449.53674729,16979.4593618,8451.83365677
2021-10-05,50568.0837494,25260.4797775,8413.04486803,33697.9242958,16827.3044713,8458.12950046,16900.3939518,8393.70986085
2021-10-06,50778.2398567,25075.2616961,8380.95892272,33712.6104055,16831.6840926,8453.50300956,16945.5741861,8473.93757441
2021-10-07,51217.2536941,25285.5121374,8544.76285255,33618.5552894,16764.439742,8446.23193627,16856.2415381,8496.86097064
2021-10-08,51123.8560593,25290.5257367,8576.84730319,33545.0850626,16727.8904505,8448.21323344,16863.428448,8416.63173953
2021-10-11,50753.7246919,25215.4242025,8553.2062077,33492.1706282,16686.9654388,8442.92284599,16831.5973466,8437.91693735
2021-10-12,50628.7906882,25205.421504,8529.56361754,33615.6217707,16762.976834,8458.79278569,16907.5824285,8548.43500799
2021-10-13,50810.9419817,25485.757653,8641.01844649,33692.0360969,16795.1439036,8497.13617388,17208.4392947,8610.65316179
2021-10-14,51665.6011995,25761.0935663,8654.5279642,33756.7163483,16834.6177106,8513.66878748,17250.5392009,8715.44171123
2021-10-15,52059.0743563,25966.3348629,8747.40561821,33674.4058876,16751.2839736,8499.78197893,16976.3790338,8708.89195265
2021-10-18,52213.2208361,25871.2257044,8735.58507046,33650.9007055,16727.8904505,8481.93074206,16934.2791275,8730.99662907
2021-10-19,52616.0238513,26051.4324138,8835.21636233,33553.8935542,16667.9567384,8461.43736809,16988.7003461,8735.08871063
2021-10-20,52822.6864999,26141.5480185,8836.90757429,33530.3857269,16660.6474002,8476.64157726,17137.5886151,8872.62529416
2021-10-21,52960.4552495,26011.3882107,8765.98129848,33459.8410832,16616.7926716,8495.81571665,17122.1869747,8884.90457394
2021-10-22,52905.5885202,26131.5341837,8744.02767828,33524.5001732,16659.187093,8513.00733622,17226.92283,8926.6577673
2021-10-25,53189.3053604,26111.5087412,8776.11287626,33556.8429441,16679.6534999,8533.50254416,17346.0325051,8955.31068474
2021-10-26,53237.1813629,26161.573461,8717.0071482,33618.5552894,16700.1225076,8563.25195654,17217.6802789,8979.87152062
2021-10-27,53001.3252865,26021.3953638,8671.41542183,33730.2485504,16793.6731935,8603.58397778,17262.8605132,8903.73437107
2021-10-28,53512.7341008,26286.7263514,8662.97206668,33703.7966235,16749.8210656,8528.87483062,17258.7539314,9028.1699199
2021-10-29,53621.305613,26091.4877533,8554.89517766,33694.9749059,16757.1304038,8507.05549751,17111.9181699,8926.6577673
2021-11-01,52128.4713644,26064.2356822,8688.07856074,34752.3142429,17376.1571215,8688.07856074,17376.1571215,8688.07856074
2021-11-02,52339.2324163,26004.7898773,8596.35739565,34822.1852088,17418.6323352,8722.68527243,17338.8157473,8729.30628928
2021-11-03,52658.7773018,26183.136109,8659.20367146,34752.3142429,17364.0151815,8710.47065957,17194.6368601,8758.64181365
2021-11-04,52906.9322188,26163.3201059,8640.52027332,34867.7767306,17458.074761,8768.14516942,17389.6404075,8675.39344496
2021-11-05,53090.496388,26217.8152164,8643.91718646,35004.4775895,17553.6500602,8798.68138817,17616.8003021,8719.79208502
2021-11-08,53135.8134341,26232.680525,8733.93951913,34940.6860392,17477.7979967,8827.85743297,17680.0731423,8712.6573504
2021-11-09,52960.1909321,26168.277413,8713.55804026,35037.893901,17558.198568,8879.42808383,17767.2024879,8727.7204661
2021-11-10,52534.1323173,25836.340626,8689.77889655,34800.935918,17408.011509,8852.28791231,17960.1326576,8687.286384
2021-11-11,52551.1248231,25925.5170482,8839.24984019,34737.1279885,17351.8853781,8850.93087239,18060.7468719,8701.5565881
2021-11-12,52947.7312401,26103.8676883,8846.04366648,34731.0567625,17388.2990614,8849.57132524,18094.9765968,8695.21329536
2021-11-15,52965.8551007,26059.2827836,8829.05759736,34603.4463633,17320.024248,8850.93087239,18066.9701705,8756.26381373
2021-11-16,53175.4847978,25999.8281617,8825.66143591,34591.3066413,17304.8562626,8838.03867978,17936.2761521,8698.38494173
2021-11-17,53046.3069995,25935.4272539,8793.38963349,34673.3418979,17367.0506665,8855.67831827,18100.1632066,8725.34393589
2021-11-18,53226.4697098,25955.243257,8688.07856074,34703.7144069,17377.6728412,8861.10835836,18042.0769762,8726.9275545
2021-11-19,53131.2917121,25757.0744096,8672.79207574,34770.5470298,17424.7019567,8844.82137213,17904.1213876,8675.39344496
2021-11-22,52981.719949,25618.3535714,8582.76823968,34603.4463633,17297.2682244,8773.57583631,17502.7028017,8632.57915838
2021-11-23,53051.9748654,25573.7642582,8591.26014669,34466.7427745,17225.9727596,8739.64983841,17351.2623444,8702.35096941
2021-11-24,53193.616053,25440.0029312,8581.07091065,34545.7342286,17279.067451,8766.79063673,17334.6658264,8807.79865812
2021-11-26,52007.2241416,24746.4119654,8329.6858074,34791.8236193,17502.067043,8810.21779448,17306.6609828,8562.80734734
2021-11-29,52645.1862549,24865.3145964,8341.57387586,34810.0345673,17462.6300113,8789.86282254,17282.8028946,8626.23513077
2021-11-30,51620.8257987,24622.5498231,8355.16378353,34867.7767306,17567.2982804,8798.00130119,17166.6304337,8462.90857007
2021-12-01,51208.035578,25604.017789,8534.67259634,34138.6903853,17069.3451927,8534.67259634,17069.3451927,8534.67259634
2021-12-02,51992.3684833,25961.3557822,8635.36634932,34132.736557,17032.5419112,8559.79584748,16974.8352867,8790.75873856
2021-12-03,51539.9607387,25831.8952123,8515.5761411,34269.7440874,17132.6592349,8577.65153842,17117.6276487,8761.49076055
2021-12-06,52150.3699781,26080.4730549,8571.12988451,34150.6194202,17047.260085,8538.63788454,17075.5086437,8915.14651485
2021-12-07,53229.0831711,26639.7852976,8696.13156953,34097.0082426,16982.4760564,8552.52218777,17136.1180017,9043.59723686
2021-12-08,53370.0424164,26676.0294645,8748.21330001,34007.6553892,16928.0041658,8537.97608825,17145.3631782,9108.6375229
2021-12-09,53009.7036164,26442.9838488,8704.81121768,34010.648337,16970.6965477,8502.93077232,17040.5813764,8976.93388238
2021-12-10,53508.71329,26479.2395365,8720.43565999,34019.5817517,16982.4760564,8502.26775612,17112.4909171,9004.57502437
2021-12-13,53034.7125147,26209.9474497,8586.75586345,34138.6903853,17063.4613235,8510.86622832,17155.6366415,9089.12528639
2021-12-14,52669.8414777,26075.295646,8567.6586399,34073.1715511,17034.0118977,8483.75331865,16995.3806458,8972.86942963
2021-12-15,53492.7985365,26396.3802556,8536.40821864,34046.3846683,17008.9789703,8491.02697836,17068.3169058,9098.88027437
2021-12-16,53021.0750063,26401.5530563,8558.97899175,34093.1868896,17058.4994653,8508.72164236,17274.8019189,9095.62810937
2021-12-17,52456.7744166,26096.0052819,8499.95093047,34134.9198056,17096.8106599,8509.38953816,17237.8196455,9084.24703888
2021-12-20,51898.9865995,25969.2589922,8382.13529034,34084.245458,17082.0767923,8504.73439594,17164.881818,9013.51697111
2021-12-21,52820.6551858,26295.3251587,8524.14438366,34057.4051296,17014.2821687,8523.36106431,17157.6916477,9115.14034588
2021-12-22,53348.7906016,26563.5366025,8571.48177252,34087.230389,17030.4991009,8550.64110043,17318.9743627,9208.63104761
2021-12-23,53680.7305978,26726.5708379,8622.32574845,34045.4867839,16995.1265714,8531.34714621,17358.0116422,9198.87681313
2021-12-27,54440.4366181,26931.669505,8650.37767672,34063.3830084,17001.0261344,8559.95565451,17399.1023605,9355.03950742
2021-12-28,54395.9413262,26931.669505,8620.5716866,34048.4556812,16998.0717755,8554.6313966,17324.1110943,9389.5082368
2021-12-29,54465.5308205,26926.4137552,8583.75482727,33947.1016416,16911.1280937,8561.95019265,17318.9743627,9452.69412569
2021-12-30,54314.9618976,26863.3078909,8694.20694187,34021.6313865,16967.1275148,8606.52720504,17443.2763717,9493.72520563
2021-12-31,54178.0712808,26852.7871747,8671.41719916,34009.705024,16947.9706097,8595.88295887,17562.4416492,9519.98515707
2022-01-03,52826.7407869,26413.3703935,8804.45679782,35217.8271913,17608.9135956,8804.45679782,17608.9135956,8804.45679782
2022-01-04,52809.047124,26511.0591131,8769.10543222,35214.7093765,17599.6403308,8770.87151569,17738.6299228,8793.74888161
2022-01-05,51794.9999669,26279.6780507,8638.30142891,35105.9118504,17525.4542121,8699.59091719,17685.2780675,8542.08370148
2022-01-06,51746.3450906,26135.7131186,8687.7942703,35068.609523,17482.1808049,8661.89497247,17468.7372784,8549.73130999
2022-01-07,51541.7623378,26243.687944,8731.9848329,34966.0420539,17424.9872136,8651.61580258,17548.239907,8493.1265045
2022-01-10,51477.6214613,26002.0275341,8749.66012839,34934.9530661,17420.351267,8662.5830152,17601.590166,8444.17000991
2022-01-11,51946.4945399,26310.5363682,8919.35009163,35000.2237803,17462.0830161,8722.89514439,17813.9472783,8457.17473728
2022-01-12,52086.9364163,26593.3276849,9055.45714835,35000.2237803,17465.17319,8666.69304944,17861.0228203,8467.11845455
2022-01-13,51369.2554165,26403.0820349,8942.3307644,35062.4045422,17520.819637,8668.75089414,17800.3491316,8450.28922054
2022-01-14,51390.2641693,26341.3811692,8960.00605989,34866.5784684,17400.2603361,8629.6832624,17749.0899129,8373.79417096
2022-01-18,50480.1605402,25955.7513216,8827.43437211,34655.2051145,17268.887484,8588.55841432,17719.7993868,8285.82770861
2022-01-19,49955.99881,25950.6127742,8862.78806158,34729.8041967,17310.6178616,8570.74093518,18001.1991375,8174.14579312
2022-01-20,49403.0943158,25786.071125,8917.58473102,34748.4497879,17347.7081778,8581.02136176,17956.216232,8069.34939437
2022-01-21,48433.2723272,25431.2838256,8777.9407561,34885.2184871,17448.1751762,8634.48008268,17897.6351798,8049.46195983
2022-01-24,48638.9481248,25148.4902561,8661.27977782,34844.8178487,17432.7188205,8654.35603486,17995.9683444,8064.76068879
2022-01-25,48045.1191699,25014.8046716,8659.51209335,34810.6194048,17409.533601,8639.27941635,18053.5038764,8032.63202343
2022-01-26,47924.5822149,24896.5369821,8569.36560755,34614.8016898,17285.8854978,8584.44838007,17761.6425394,7907.18258642
2022-01-27,47687.9416083,24732.0065966,8493.35672444,34729.8041967,17358.528587,8619.40283582,17532.5491238,7776.37813772
2022-01-28,48872.2844282,24845.1199694,8507.49820022,34754.6659138,17398.7131918,8649.55858624,17480.2443848,8028.04402024
2022-01-31,49752.5306753,25241.0404283,8779.70998982,34751.559244,17398.7131918,8672.86407013,17583.8067463,8126.71910119
2022-02-01,51251.4141617,25625.7070808,8541.90236028,34167.6094411,17083.8047206,8541.90236028,17083.8047206,8541.90236028
2022-02-02,51749.268167,25832.4458504,8526.51545759,34204.3388759,17118.7990175,8551.44918595,17145.750459,8650.83357743
2022-02-03,50532.9007892,25418.9615178,8454.70741417,34066.5712959,17045.7815134,8497.58181697,17121.3793812,8558.84726567
2022-02-04,50770.5166907,25486.1534295,8459.83688124,33852.2646491,16914.962531,8448.49097541,17147.7818986,8474.12125684
2022-02-07,50607.5772345,25532.6750874,8459.83688124,33882.8775355,16919.5274736,8445.0829966,17274.7197601,8462.01976406
2022-02-08,51023.9743882,25656.719255,8536.77439173,33778.7838565,16864.7697398,8434.17322857,17327.5263444,8422.47967567
2022-02-09,51770.7645937,26065.0360241,8663.29525206,33800.2082183,16887.5850127,8450.53850353,17386.4256981,8612.91018269
2022-02-10,50840.6716387,25760.0909042,8615.42172458,33487.9271813,16732.4268622,8383.03548181,17320.4170804,8409.56909515
2022-02-11,49838.1648266,25403.4633564,8482.06382262,33708.3585977,16905.835343,8458.03717817,17650.4555203,8332.91173607
2022-02-14,49675.2180123,25253.5700492,8418.80339246,33512.4262597,16788.7098397,8435.53617093,17744.898095,8257.06420565
2022-02-15,50476.328728,25672.2242098,8610.29300677,33457.300593,16738.5116542,8400.76307621,17576.3242431,8331.2972652
2022-02-16,50532.9007892,25780.765687,8675.26400856,33497.1184463,16773.493814,8417.12710534,17757.0836339,8370.03048861
2022-02-17,49453.4402277,25387.9516082,8562.42097783,33567.5327435,16863.2444961,8436.21826502,17999.7887631,8281.2701549
2022-02-18,49133.234341,25253.5700492,8495.73940442,33637.9443004,16918.0076241,8464.17291045,17986.5867297,8231.24156276
2022-02-22,48605.9482949,24989.9744949,8364.09057556,33601.2093849,16916.4850776,8490.0818965,18024.1613904,8201.38755869
2022-02-23,47743.7476998,24757.3865856,8287.1523158,33451.1895254,16828.2596392,8496.21949753,18105.4003821,8065.82757459
2022-02-24,48462.2389982,24436.9342465,8119.59571891,33512.4262597,16867.8067415,8530.99321516,17988.6181693,8201.38755869
2022-02-25,49531.5197526,25051.9920497,8270.05409223,33546.0919394,16863.2444961,8523.49204886,17928.7038706,8399.07836863
2022-02-28,49404.7890644,24700.5343298,8176.01835817,33787.9614195,17054.9127472,8671.44729054,18114.5410858,8274.00837013
2022-03-01,50260.7528581,25130.376429,8376.79214301,33507.168572,16753.584286,8376.79214301,16753.584286,8376.79214301
2022-03-02,51185.3663558,25436.1272174,8403.43060801,33105.0452887,16501.7873305,8322.41261274,16579.2407945,8533.65057548
2022-03-03,50930.5417067,25033.8240433,8286.22338543,33216.9214055,16572.883281,8312.58718232,16677.943902,8603.45818842
2022-03-04,50516.7404999,24390.144605,8129.946051,33349.9518072,16737.2869268,8376.13731347,16943.6093034,8642.87866532
2022-03-07,49027.5471969,23671.369389,7842.25389759,33156.4527954,16666.1962241,8421.34146308,17195.4398859,8472.05584468
2022-03-08,48655.84557,23816.2026679,7875.9961608,33038.5152247,16558.0750139,8461.96300088,17665.8898846,8430.99595857
2022-03-09,49960.33585,24728.0826554,8074.89317145,32968.9909159,16455.8668772,8378.10120461,17141.0155183,8560.75361441
2022-03-10,49734.7380466,24449.151452,7950.58292891,32784.5503051,16380.3259537,8359.75701548,17194.5165324,8582.10439322
2022-03-11,49102.362601,24218.4987916,7788.97774583,32778.4996608,16375.8809808,8418.72035252,17073.6754626,8513.94146818
2022-03-14,48743.5033034,24374.050974,7602.51082554,32461.0259458,16168.5245703,8325.69034526,16816.3117971,8447.41795236
2022-03-15,49815.3950193,24588.6123535,7598.96126117,32533.5904398,16161.1158448,8263.4492757,16501.7551111,8504.08540634
2022-03-16,50920.0215625,25420.0312362,8190.32600096,32557.7659934,16138.8896684,8215.62401553,16605.0693557,8605.09985993
2022-03-17,51557.0679826,25650.690947,8129.946051,32612.2082806,16107.790602,8327.65602882,16686.2456379,8738.14312109
2022-03-18,52121.7656075,25870.6106031,8257.81052737,32684.7700722,16155.1922756,8302.10333752,16539.5760069,8738.14312109
2022-03-21,52106.5250807,25732.5221726,8153.44119426,32364.2696839,15944.8629286,8228.72837341,16665.9515673,8684.76278062
2022-03-22,52716.2411695,25968.9490811,8279.89393859,32276.5934421,15857.4722428,8190.72854366,16545.1104975,8706.93477224
2022-03-23,52037.3346091,25641.1706054,8222.90167855,32409.6211415,15964.1214165,8293.58637123,16771.1111113,8609.24890755
2022-03-24,52821.7694657,25845.3561991,8272.76912785,32337.0647546,15875.2468864,8242.48636589,16892.8755346,8663.74757546
2022-03-25,53079.7334352,25882.9698914,8208.65439178,32080.0461378,15712.3179011,8186.14413942,16823.691587,8771.92143618
2022-03-28,53457.2842319,25802.3701294,8235.36834631,32158.6639786,15747.8671883,8176.97055118,16517.436637,8865.23277793
2022-03-29,54118.5938747,26307.458211,8361.81875592,32309.8517182,15826.3692404,8147.48948013,16524.8164269,9125.34231889
2022-03-30,53784.427271,26210.7436669,8351.13426365,32397.5333647,15888.5804931,8187.45320103,16657.6498314,9059.28181929
2022-03-31,52956.6196234,25807.7448569,8215.77608956,32382.408105,15918.1983392,8161.24627767,16664.1062679,8948.63225459
2022-04-01,50833.7031339,25416.851567,8472.28385565,33889.1354226,16944.5677113,8472.28385565,16944.5677113,8472.28385565
2022-04-04,51269.1779893,25527.0132533,8620.06457693,33917.7106794,16933.4498549,8466.09071904,17026.6941245,8430.8717877
2022-04-05,50621.5772612,25222.7493004,8468.67702764,33574.8472625,16731.6739038,8404.83230301,16920.0245663,8389.4611204
2022-04-06,50115.3949942,24897.4933192,8374.96328825,33489.1299917,16672.8866037,8367.66599919,16959.6718499,8489.15388262
2022-04-07,50367.9240627,24923.7258977,8313.68501289,33416.125112,16631.576647,8356.65057332,17023.8622786,8404.79884553
2022-04-08,50233.2431055,24918.4784642,8329.90550122,33247.8722096,16547.3710791,8371.79350957,17130.5332772,8418.60216786
2022-04-11,49374.6442726,24656.177918,8225.37679041,33104.998759,16467.9323149,8357.33786804,17215.4915363,8328.11232084
2022-04-12,49191.6948477,24493.5533691,8192.93660128,33209.7718673,16547.3710791,8356.65057332,17347.6505889,8315.84340131
2022-04-13,49755.1204323,24782.0887882,8281.24561127,33276.4361337,16583.9156377,8340.819095,17430.7204706,8374.89094683
2022-04-14,49135.582936,24661.423057,8191.13476231,33006.5945954,16434.5689055,8340.1311766,17373.1372024,8338.84823821
2022-04-18,49155.7881718,24556.5088042,8156.89037165,32905.0172922,16386.9008676,8337.37825565,17426.9451561,8305.10608331
2022-04-19,49949.2893291,24666.672785,8115.44098766,32704.9961612,16278.8654978,8296.08194673,17163.5734004,8486.08507702
2022-04-20,49912.2476094,24850.282479,8063.17584474,32892.304901,16405.966677,8357.33786804,17247.5881911,8627.1871059
2022-04-21,49165.8835138,24556.5088042,7917.19617491,32711.3537733,16315.4114622,8390.37853252,17186.228168,8567.37200883
2022-04-22,47816.8147678,24105.3465416,7854.11921065,32679.6053768,16323.3467637,8357.33786804,17019.1420552,8417.06776505
2022-04-25,48094.0383161,23963.7117266,7773.01676902,32898.6398479,16428.2136357,8351.14597879,16713.2911699,8395.59523
2022-04-26,46701.1976224,23313.204353,7616.22370282,33000.2426496,16537.8416887,8369.03871758,16738.7792238,8257.56060608
2022-04-27,46832.5098277,23418.1277837,7722.55425259,32866.9084504,16445.6923849,8355.27411285,16612.2838632,8203.11346768
2022-04-28,48015.4765466,23785.3448772,7823.47849794,32854.2158913,16421.8611773,8402.76730046,16701.9623457,8354.18596334
2022-04-29,46241.0246492,23486.3283578,7828.8863774,32657.3763995,16334.470243,8333.24637951,16700.0754087,7970.75544086
2022-05-02,47643.4063247,23821.7031623,7940.56772078,31762.2708831,15881.1354416,7940.56772078,15881.1354416,7940.56772078
2022-05-03,47861.8090419,24013.9010854,8001.01545594,31833.7991551,15899.83741,7969.40604534,15923.2087376,8039.20989443
2022-05-04,49319.3373741,24424.9865472,8079.77976491,32039.0637127,16002.6748277,8031.78455587,16079.615162,8131.58639476
2022-05-05,47566.3927083,23645.5260138,7786.70257767,31721.8507739,15842.1851706,7947.27467251,16018.3335208,7914.73146995
2022-05-06,47282.474392,23431.969393,7680.46340797,31588.108947,15751.807929,7926.48384578,16044.8578687,7820.78998115
2022-05-09,45768.6221683,22705.8997661,7473.47507816,31743.6165137,15868.6711345,7895.63017931,15812.536402,7476.33094454
2022-05-10,45874.3696506,22818.010162,7504.61661537,31840.0218959,15921.6471933,7860.08128481,15678.9963241,7340.11331926
2022-05-11,45145.6054845,22700.5548378,7451.49582991,31958.1957884,16019.8194462,7955.32277338,15807.0487021,7324.45485544
2022-05-12,45098.4733003,22615.1387277,7414.85948063,32017.2979729,16072.7982589,7921.11744015,15564.6645914,7381.60374431
2022-05-13,46176.6751075,23250.4496513,7598.03482373,31880.4475463,15988.6517938,7962.02912207,15438.441912,7576.53667679
2022-05-16,45989.3162921,23282.4888652,7581.54878672,31951.9896712,16055.6577713,7964.71383248,15585.7012395,7528.78200829
2022-05-17,46935.3281575,23730.944459,7755.56184087,31777.8277351,15934.1211391,7924.46970994,15487.834002,7631.3377255
2022-05-18,45043.296975,23165.028871,7587.04359879,31905.3329682,16047.864137,7979.46948811,15496.0655518,7409.78712036
2022-05-19,44767.4153482,23405.2821125,7696.94784416,31986.1925808,16105.5177533,7951.29811991,15723.8148657,7376.90734906
2022-05-20,44786.9686843,23538.7488709,7726.25644333,32082.6007335,16180.3091033,7954.6503897,15734.7902655,7423.87988079
2022-05-23,45624.9267573,23944.4987446,7781.20856602,31976.855699,16082.1451122,7926.48384578,15807.9628535,7509.99285261
2022-05-24,45276.6404083,23859.0732943,7641.99652188,32222.5542188,16220.823609,7969.40604534,15926.8681346,7573.40669986
2022-05-25,45676.6566582,23848.397448,7684.12688281,32356.2849634,16253.5472343,7976.1136001,15830.8292,7637.60053908
2022-05-26,46589.3406668,24110.000047,7799.52594024,32331.4078532,16245.7563539,8008.97838724,15801.5596066,7646.99547438
2022-05-27,47733.0767023,24408.9727778,7883.78506128,32384.2762145,16269.1289951,8034.46745717,15809.792552,7852.10547893
2022-05-31,47465.2354908,24296.8600469,7993.68930665,32179.0171981,16099.2855998,7977.45595531,15653.3861276,7755.81186037
2022-06-01,47563.1870788,23781.5935394,7927.19784646,31708.7913858,15854.3956929,7927.19784646,15854.3956929,7927.19784646
2022-06-02,48468.9708712,24282.5303495,8069.83359887,31748.870022,15877.571771,7963.75578063,16049.5503362,8036.12271568
2022-06-03,47673.5136555,23908.1406072,7943.65692429,31696.4662458,15846.6716973,8009.79180915,15886.615024,7928.81150456
2022-06-06,47818.6798077,23997.7867622,7987.54380318,31502.2603075,15727.6957082,7957.66168847,15816.6547736,7903.79906715
2022-06-07,48277.3569705,24055.7811593,8027.77577275,31622.4797676,15791.0450187,7976.61787719,15919.7543857,8012.7246732
2022-06-08,47752.482356,23755.2163057,8057.03342566,31493.0109697,15732.325469,7956.9859711,15905.0254684,7827.95713634
2022-06-09,46616.7897363,23259.5540198,7883.31096757,31459.0949036,15718.4225496,7955.63333295,15854.3956929,7642.38277044
2022-06-10,45265.1037939,22721.6978464,7821.13835526,31215.5609914,15563.9099074,7920.42563011,16067.0393453,7472.94940654
2022-06-13,43546.469346,21946.5526596,7566.9543552,30703.8346628,15287.3393147,7787.0553883,15642.6720711,7099.38166124
2022-06-14,43415.2488104,21746.1830094,7676.67275102,30521.9401578,15165.2731819,7680.08746381,15517.4804876,7045.32337798
2022-06-15,44034.1895256,22131.112575,7790.04845333,30861.0459914,15376.950756,7786.37786581,15719.9981849,7212.33772839
2022-06-16,42576.8368373,21598.5332321,7546.84036806,30935.0379522,15477.3858825,7763.3595507,15896.7409791,7022.72995406
2022-06-17,42668.6257186,21524.7083435,7579.75532747,30931.9539258,15482.0210982,7767.42107539,15766.0249981,7075.98288193
2022-06-21,43742.7506055,21855.9424682,7700.60625422,30808.6449565,15401.675997,7740.34063387,15707.1107334,7174.41676299
2022-06-22,43663.4356171,21652.9297902,7573.49148092,31070.6665789,15596.3591442,7785.02342254,15769.7065251,7265.59065626
2022-06-23,44091.4550075,21572.7948454,7610.33782507,31200.1573077,15684.4364232,7808.04474619,15673.0499364,7403.6269492
2022-06-24,45493.2924736,22213.8836287,7772.45390849,31150.8238511,15628.8111083,7815.48906967,15657.4009885,7561.15092684
2022-06-27,45319.5312204,22171.1431464,7777.98181899,31012.1084567,15540.7406478,7759.29622088,15639.9105747,7549.78163711
2022-06-28,44393.5121689,22053.6114329,7726.3983755,31024.4390795,15560.8252185,7732.21517766,15614.1356717,7458.02859532
2022-06-29,44357.3702499,21920.0531916,7706.13416472,31203.2303686,15685.9760402,7718.67676203,15602.1696554,7411.74534416
2022-06-30,43996.9899228,21797.1777646,7672.97309424,31345.0325307,15806.4957374,7711.9069525,15507.3545325,7397.94230433
2022-07-01,45712.8183933,22856.4091966,7618.80306555,30475.2122622,15237.6061311,7618.80306555,15237.6061311,7618.80306555
2022-07-05,45799.1511227,22364.5095063,7558.07112117,30531.7804827,15293.6873476,7597.63223702,14914.4219395,7597.44408252
2022-07-06,45953.8333374,22364.5095063,7506.54575163,30326.3205611,15163.8006124,7528.8340646,14678.1448508,7583.4810592
2022-07-07,46642.091989,22727.8438193,7662.96812413,30257.8392071,15070.8192379,7516.92649735,14686.2920032,7604.01636399
2022-07-08,46603.7184472,22783.7375079,7644.56774585,30144.6736903,14979.3050251,7508.98889921,14692.6295982,7563.76645101
2022-07-11,46071.345537,22403.6444993,7455.01639103,30284.631202,15097.3855307,7520.89529642,14613.8696477,7547.33686543
2022-07-12,45663.6479392,22381.2850934,7427.41183254,30326.3205611,15132.8094223,7518.25157546,14559.5539171,7517.76644396
2022-07-13,45423.8403917,22353.3370426,7405.32930325,30436.4912743,15197.7560415,7557.2796597,14629.2605551,7481.62448643
2022-07-14,45313.5300035,22023.5442514,7355.63982084,30329.2995053,15113.6244617,7538.75781734,14423.7625186,7414.26624177
2022-07-15,46179.2488717,22358.9160353,7381.40450114,30448.407051,15165.2794802,7582.41753222,14394.7930238,7539.94537818
2022-07-18,45797.9553356,22498.6683547,7416.37016879,30350.1336119,15120.9979899,7572.49494952,14408.3729925,7486.55164766
2022-07-19,47035.3704847,23079.9984294,7521.26557533,30308.4495393,15051.6342774,7564.55676636,14442.7725408,7680.41196156
2022-07-20,47335.1376587,22968.2014,7489.98205868,30287.607503,15036.8729135,7557.94190624,14306.9811423,7662.33874657
2022-07-21,47817.1675469,23225.3297415,7581.99751971,30540.7173153,15208.080802,7604.90875867,14508.8586827,7723.12545516
2022-07-22,47373.5150704,23147.074234,7504.70507523,30778.9482662,15382.2438248,7669.07764055,14545.0691697,7763.37536815
2022-07-25,47431.0637736,23337.1243579,7539.67074288,30665.8012521,15327.6310707,7654.52459726,14505.2368052,7776.5199311
2022-07-26,46869.9145769,23018.5136828,7467.89952939,30659.8407205,15333.5413392,7654.52459726,14488.0363403,7784.73286036
2022-07-27,48086.9510378,23543.9404166,7615.12171275,30767.0377759,15364.5286273,7703.47701927,14635.5967688,7831.55430941
2022-07-28,48690.0804868,23694.8676129,7639.04491844,30987.3950617,15516.552856,7782.19835941,14813.9362494,8085.37765367
2022-07-29,49399.9174835,24013.4807011,7604.08164542,30990.3634329,15522.4566211,7821.22819872,14855.5795527,8128.91333469
2022-08-01,47508.557586,23754.278793,7918.09293099,31672.371724,15836.185862,7918.09293099,15836.185862,7918.09293099
2022-08-02,47195.1371788,23383.8096745,7871.82411021,31347.239909,15617.2355463,7824.80445077,15742.1460232,7816.45532439
2022-08-03,47934.1770117,23549.6903362,7914.23956526,31487.0105423,15681.7217084,7866.04169689,15780.5292125,7841.46029841
2022-08-04,47901.7916672,23665.8065606,7979.7894307,31562.9867132,15761.2050819,7864.68839441,16041.5389998,7829.36114105
2022-08-05,47820.8357714,23499.930673,7977.86107536,31210.5005692,15533.2588141,7785.59656639,15861.1347886,7851.14094189
2022-08-08,47765.3185712,23571.8107813,7995.21376468,31353.3132646,15624.7381098,7839.00169497,15995.4788797,7921.31956816
2022-08-09,47575.6500459,23428.0457907,7977.86107536,31283.4185256,15578.2464906,7816.6917398,16044.4176658,7964.87770585
2022-08-10,48574.9223221,23986.5207899,8078.11381074,31362.4179138,15587.2503582,7803.17233084,16004.1148777,8085.87513541
2022-08-11,48574.9223221,23986.5207899,8116.67422758,31195.3010277,15483.7711826,7776.80779617,15961.8924909,8066.51677644
2022-08-12,49397.2472871,24185.5713777,8201.50513768,31335.0851215,15545.2573748,7807.22868632,16108.7103132,8205.26071039
2022-08-15,49600.7941792,24014.162395,8170.65563348,31374.5780854,15594.7397292,7799.11715935,15901.4390409,8238.33227731
2022-08-16,49697.961411,24036.2804531,8174.51401662,31328.9983055,15576.7531018,7801.1441531,15873.6099841,8216.55247647
2022-08-17,49345.2090105,23831.6919963,8155.23129949,31143.6478922,15471.7739412,7777.48385542,15770.9341473,8167.34845574
2022-08-18,49488.6175571,23754.278793,8103.1774127,31210.5005692,15501.7670448,7817.36720706,15729.6708277,8113.30374727
2022-08-19,48823.5869711,23400.4017986,8012.56561777,30991.7090109,15368.3000426,7803.84898208,15614.5197955,8027.79859449
2022-08-22,47806.9574045,23024.3971981,7956.65418407,30858.0225015,15300.8152297,7788.97627063,15510.8834273,7852.75352847
2022-08-23,47691.3055916,23068.6357013,8006.78138799,30845.8596378,15263.3222012,7801.81962035,15619.3180602,7751.92184917
2022-08-24,47843.9601616,23096.2868544,8012.56561777,30763.8128034,15212.3372233,7800.46868584,15665.3781803,7796.28884213
2022-08-25,48519.4088546,23367.2270985,8161.0163655,30933.9744435,15309.8111819,7824.80445077,15713.3578991,7912.44631596
2022-08-26,46877.0694972,22747.9310201,8053.05188125,30876.2479524,15291.8205968,7813.31203556,15522.3980912,7713.20293522
2022-08-29,46567.1093499,22692.6358748,8014.49230064,30727.345749,15204.8386176,7782.89055341,15531.9946207,7643.83096825
2022-08-30,46055.9016848,22504.6371551,7918.09293099,30766.8414049,15200.3399819,7769.36996046,15402.4487943,7538.16079719
2022-08-31,45705.4673224,22371.9311936,7929.66222677,30602.7558125,15137.355124,7700.42079714,15283.4600288,7502.66705642
2022-09-01,45482.6866104,22741.3433052,7580.44776839,30321.7910736,15160.8955368,7580.44776839,15160.8955368,7580.44776839
2022-09-02,45003.0969804,22598.9256817,7519.34582489,30409.672884,15245.8260078,7625.27211673,15294.3828124,7474.68821494
2022-09-06,44833.2913837,22502.0853374,7454.54070897,30124.8419462,15075.9597382,7552.60644153,15205.0718461,7542.21162215
2022-09-07,45638.7246861,22695.7734037,7517.49383712,30333.921571,15174.5433881,7583.84484246,15359.6867306,7689.45924724
2022-09-08,45937.0222078,22729.9520594,7495.27319632,30236.9552825,15118.4256397,7541.74108949,15267.4933946,7710.61337264
2022-09-09,46650.6708028,23316.7143404,7595.26126122,30233.9333741,15119.9453233,7545.13581468,15348.1631131,7794.40526566
2022-09-12,47152.0596247,23612.9457516,7711.91159425,30188.4922307,15083.5448376,7522.72099802,15425.9504619,7870.06254666
2022-09-13,45101.7691512,22804.0099122,7467.49980467,30018.7831426,14998.6050433,7500.31322801,15225.2381767,7569.05975449
2022-09-14,45273.8742719,22906.5507979,7504.5339383,30058.1777903,15006.1968022,7519.32979615,15166.6573455,7482.82356521
2022-09-15,44759.8547308,22684.372321,7439.72721614,29967.2821085,14954.6274496,7481.2978343,14883.3571812,7344.5248254
2022-09-16,44418.3957717,22536.2639931,7345.29511456,29946.072491,14966.7569491,7450.05591004,14965.9465257,7345.3398369
2022-09-19,44762.857813,22621.9737722,7375.13171375,29900.6206316,14924.2883839,7416.09867541,14977.4716085,7334.76240509
2022-09-20,44249.0493393,22244.8477934,7348.86015086,29767.2923197,14831.7688178,7404.55390855,14892.0013596,7156.59971075
2022-09-21,43477.1720549,21959.1395127,7226.8803335,29861.2366999,14890.9219379,7418.81692189,14961.1445299,7043.51981853
2022-09-22,43111.9735647,21856.2912208,7206.23701447,29543.0763631,14666.4482803,7334.60589261,14952.5018168,6954.03170385
2022-09-23,42389.6378787,21142.0291265,7041.09447775,29452.1753233,14684.6525188,7303.3651428,14694.1699788,6861.60098425
2022-09-26,41970.295039,20804.9003888,6943.51014199,29073.4134004,14440.466926,7186.55453408,14523.229481,6669.17263578
2022-09-27,41863.1542506,20679.1933687,6939.7563732,28949.1802826,14341.8752847,7148.521985,14552.9998031,6580.36000617
2022-09-28,42686.8652515,21142.0291265,6994.18039895,29415.821337,14664.936588,7274.84322668,14855.5079504,6716.87000244
2022-09-29,41795.1831331,20879.1820333,6857.18390016,29261.2807287,14596.6840124,7172.97269722,14852.6270461,6519.50802912
2022-09-30,41148.8872651,20776.3337414,6847.80188752,29191.5839484,14558.763843,7124.07655777,14853.5868591,6592.69517564
2022-10-03,43117.9314645,21558.9657322,7186.32191075,28745.287643,14372.6438215,7186.32191075,14372.6438215,7186.32191075
2022-10-04,44454.0153352,22417.386132,7388.04547895,28822.4041037,14402.3009043,7214.72981946,14578.5768164,7331.63288106
2022-10-05,44350.5100502,22150.578847,7401.61894824,28671.1229084,14265.8923574,7157.91400204,14497.8367747,7188.08258982
2022-10-06,43893.0038374,21779.3696882,7349.25085683,28558.4208776,14187.3179158,7134.24376638,14481.5079813,6988.1700126
2022-10-07,42668.6550182,21437.1647942,7203.77932468,28407.1422991,14117.6290339,7136.2713571,14322.7493632,6819.96072711
2022-10-10,42342.8590915,21292.1584472,7104.85785274,28279.6005177,14034.6014169,7095.68913165,14105.022428,6755.66866519
2022-10-11,42074.7093333,21042.7602115,6994.29948831,28297.3972279,14070.1852382,7136.2713571,14075.9930005,6824.3636107
2022-10-12,41935.937401,20990.5605227,6992.35876111,28321.1235581,14116.1489736,7150.47560387,14151.2901112,6753.02883249
2022-10-13,43042.6538626,21425.5670823,7019.51566066,28232.1373904,14056.8413052,7142.35763823,14053.3131979,6876.32380369
2022-10-14,42061.7692825,21060.1617719,6916.7135644,28077.8940018,13978.2629653,7148.44742832,13878.2244023,6705.47231369
2022-10-17,43142.6283245,21616.9692695,7093.22179033,28137.2163691,13993.0882581,7168.06072805,13918.1410763,6958.22739994
2022-10-18,43649.5547195,21761.970624,7095.15919721,28184.674263,14028.6694805,7149.12348684,13948.0785818,7033.96506173
2022-10-19,43340.2221061,21512.5648994,6971.02321309,27941.4551738,13881.8927146,7112.59819731,13761.1972301,6858.70989754
2022-10-20,42976.8006097,21454.5688509,7025.33369186,27772.3825018,13778.1104673,7105.83468801,13739.4241213,6828.76649428
2022-10-21,44021.1908611,21854.7772822,7128.13329789,27813.9003086,13809.2450116,7124.09704036,13984.3657122,6882.48815694
2022-10-24,44559.8606411,21819.9741613,6850.76702321,27775.3499286,13791.4544003,7141.00610602,13939.0061071,6881.6066315
2022-10-25,45271.4235623,22307.1829059,6907.01615399,28048.2380517,13963.4376725,7170.08948843,13970.7583844,7151.97483329
2022-10-26,44930.3437837,22533.3807253,7000.11751952,28172.8124063,14034.6014169,7159.26728872,14059.6628229,7147.57115911
2022-10-27,44690.4179282,22382.5780186,6949.68808011,28315.1913214,14133.9382854,7214.72981946,14037.8910983,7158.14076776
2022-10-28,45753.6304154,22556.5886305,6901.19563254,28244.0044806,14061.2918818,7205.93521048,13894.5545799,7315.7812352
2022-10-31,45423.1355454,22370.9828029,6875.98278051,28149.0834594,13997.5375352,7195.79140859,13781.1555671,7307.85541227
2022-11-01,43617.7875702,21808.8937851,7269.6312617,29078.5250468,14539.2625234,7269.6312617,14539.2625234,7269.6312617
2022-11-02,42523.1511322,21478.1219216,7215.1697623,29029.4804991,14514.5634346,7253.22918649,14437.8868118,7069.81437071
2022-11-03,42085.2921818,21304.3221597,7273.6651591,28922.1906604,14451.2699946,7172.58269536,14382.9356941,7060.17347479
2022-11-04,42691.0289052,22117.2472673,7570.17690372,28919.1174503,14420.4055834,7199.2387268,14824.4384547,7156.5769267
2022-11-07,43099.3914786,22212.5525331,7556.06042092,28827.1639823,14369.4657378,7208.12170686,14765.6982528,7156.5769267
2022-11-08,43331.9315812,22481.6672125,7588.33160009,28949.7767008,14465.167957,7218.37507215,15106.7722114,7178.48726704
2022-11-09,42439.2085997,22167.7085318,7449.15221273,28983.4956706,14514.5634346,7203.33865466,15030.9775165,7104.8713873
2022-11-10,44771.4167622,23401.1128089,7699.27197921,29605.7681006,14840.2644434,7322.93741519,15488.5864148,7624.56791794
2022-11-11,45204.7436983,23838.4123999,7854.58954586,29584.323084,14809.3919324,7318.83926014,15590.9090361,7623.69304636
2022-11-14,44820.1896962,23563.6997607,7828.36878117,29501.5433775,14773.8917172,7264.84880044,15625.0165765,7437.89691644
2022-11-15,45202.468576,23709.4614652,8001.83845449,29719.1908686,14883.4918987,7312.00092557,15679.9676942,7518.52593036
2022-11-16,44857.627125,23619.7638108,7874.76248578,29903.1166917,14993.0880303,7330.4559194,15643.9648888,7450.16636086
2022-11-17,44720.368706,23591.7281664,7917.11970329,29777.4388576,14891.206989,7280.56538757,15530.2735693,7399.33647978
2022-11-18,44923.4160776,23630.9790338,7860.64082357,29734.5218429,14838.7214253,7243.6583546,15423.2135085,7493.10980969
2022-11-21,44760.0739651,23440.3612633,7788.02549104,29716.125753,14829.461967,7281.93281811,15336.9984707,7532.54747819
2022-11-22,45362.4162352,23787.9535483,7808.19756772,29869.4058164,14914.3590098,7311.32016499,15354.9998734,7573.73882361
2022-11-23,45648.2612862,24062.6661875,7850.55478523,30047.1906157,14994.6283485,7351.64281962,15450.6897902,7579.87236569
2022-11-25,45638.0560501,24163.5814777,7822.31664023,30053.3316396,14989.9884945,7344.80743974,15463.9537534,7628.07291152
2022-11-28,44909.8018042,23827.1995899,7804.16194386,30004.2762991,14996.1727165,7327.72283114,15341.7344645,7423.87615537
2022-11-29,44832.6700544,23888.8688385,7957.46213019,29896.9837623,14932.8860264,7296.28492938,15417.5291594,7546.56981278
2022-11-30,46244.9339807,24337.3836525,8173.29333719,30129.9568314,15067.1785469,7404.26584878,15614.5947879,7719.21847969
2022-12-01,46682.1805868,23341.0902934,7780.36343114,31121.4537246,15560.7268623,7780.36343114,15560.7268623,7780.36343114
2022-12-02,46628.3246368,23319.7690575,7828.4846772,31250.4945046,15592.3323795,7837.98390703,15506.9539222,7757.34649713
2022-12-05,45789.5169259,22967.8952385,7749.56438383,31005.0055248,15434.3241011,7757.59760194,15240.8718733,7615.71006162
2022-12-06,45129.4666231,22813.2795649,7755.33982303,31096.2768559,15529.1282407,7756.17473762,15282.5918432,7544.00495721
2022-12-07,45052.7010842,22813.2795649,7709.14289961,31373.2472864,15665.0125191,7789.61082053,15420.7327453,7559.0526265
2022-12-08,45405.6302996,22941.2322207,7797.68727742,31278.8305741,15576.5289313,7787.47652404,15433.7123229,7612.16887259
2022-12-09,45066.4505208,22957.2300314,7732.24053755,31093.1259469,15461.1895493,7713.49310842,15488.4118705,7598.00491116
2022-12-12,45716.1767756,23015.874903,7711.06722224,31099.427765,15439.0614119,7714.20454058,15360.469309,7656.429762
2022-12-13,46062.2515305,23314.4387485,7751.48953023,31307.1528238,15578.1121723,7736.96914105,15622.8435135,7798.06937631
2022-12-14,45767.7417667,23303.7712468,7764.96390749,31376.3981954,15620.7672774,7717.76047267,15584.8328027,7744.95392491
2022-12-15,44648.1921447,22695.9921162,7614.82390636,31422.4512182,15651.1674352,7719.1169858,15329.8757018,7641.38129801
2022-12-16,44121.0690228,22520.0529122,7605.19899813,31340.4308454,15611.5864104,7677.72490419,15463.3793227,7443.97192994
2022-12-19,43746.9355463,22471.5018972,7619.87195819,31148.0070429,15484.9381642,7651.31958956,15419.8061378,7349.25148091
2022-12-20,43806.7988178,22579.3838632,7594.43811349,30936.6501468,15372.5335703,7649.17853509,15675.6898461,7330.66182789
2022-12-21,44461.8141674,22805.9323203,7664.8653562,31021.8186647,15391.5297039,7690.57000234,15649.7306908,7393.51475442
2022-12-22,43827.5168946,22606.3566492,7596.39703439,31012.3576458,15386.7841184,7648.46403111,15460.5980856,7362.45146965
2022-12-23,44079.6218195,22719.6308778,7580.74626142,30905.1078892,15317.1215147,7631.33620965,15506.9539222,7427.98730781
2022-12-27,43905.7962344,22762.7827463,7700.08062509,30681.1335373,15188.8886483,7596.36544838,15637.6777207,7425.29565447
2022-12-28,43360.1428645,22503.8715351,7588.57123602,30627.507277,15152.4768638,7587.80245919,15567.2173584,7298.71165646
2022-12-29,44140.6416201,22859.8755978,7719.64429725,30741.0726714,15226.8836739,7619.20438675,15654.3665574,7458.51178509
2022-12-30,44024.3662483,22638.7171088,7625.74130697,30595.9539635,15163.551276,7596.36544838,15727.6081567,7404.64693036
2023-01-03,45378.1960732,22689.0980366,7563.03267886,30252.1307155,15126.0653577,7563.03267886,15126.0653577,7563.03267886
2023-01-04,45728.5294255,23027.8229798,7758.82684136,30419.5831317,15242.022031,7567.98784087,15268.4304624,7734.34064533
2023-01-05,45206.6093624,22769.7430207,7735.7923291,30394.780297,15220.0859791,7570.11130758,15078.3161828,7526.39154021
2023-01-06,46243.2895578,23398.8082037,7868.24198702,30726.5633794,15415.9543109,7639.49820339,15360.3937352,7728.84346089
2023-01-09,46217.0784162,23500.9547049,7910.47084845,30804.0881996,15455.1266123,7657.19599417,15394.8796252,7731.59164765
2023-01-10,46541.1930019,23560.100459,7966.13825998,30686.2577542,15357.9800694,7626.04551757,15451.4718895,7748.99547897
2023-01-11,47129.8285218,23737.5262854,7998.77115926,30875.4075565,15456.7004933,7658.61306079,15440.8599123,8026.56477483
2023-01-12,47301.4266702,24081.6260361,8035.24260505,31098.6738223,15594.5932185,7718.79603269,15619.4797948,8128.24849599
2023-01-13,47484.9351613,24205.2900645,8088.99033918,30983.9379578,15511.5433532,7658.61306079,15806.9414173,8077.86236895
2023-01-17,47397.9446715,24275.1854336,8046.75986118,30928.1186744,15462.9659866,7636.66528912,15703.4837474,8100.76500653
2023-01-18,46649.621346,24167.6481148,7998.77115926,31235.1206575,15672.9378212,7689.06079424,15658.3872295,7982.59216478
2023-01-19,46310.0278898,24140.7672158,8062.1172804,31163.7877159,15643.1705851,7736.49504245,15906.8626611,7938.62036565
2023-01-20,47172.7271058,24388.0906984,8156.17339027,31036.6545095,15539.7462635,7692.59828013,15853.806823,8032.97667
2023-01-23,47738.7505122,24490.2463483,8215.68096489,30959.1324062,15489.5991111,7685.51721345,15883.8725175,8069.61699774
2023-01-24,47687.5024882,24484.8692536,8223.35886622,31095.5683737,15578.9171998,7729.41580424,15941.3485511,8089.77307039
2023-01-25,47705.3870649,24608.5287078,8225.27773534,31132.7821349,15596.1589094,7744.99073779,16014.7418758,8093.4367788
2023-01-26,48229.682334,24683.7965972,8288.62304819,31080.073734,15539.7462635,7744.28250923,15869.7241141,8184.12694199
2023-01-27,48340.4973216,24656.9179854,8232.95725323,31033.546344,15516.2472508,7727.29050905,15847.6177398,8275.73424866
2023-01-30,47733.9810375,24452.6089728,8085.15179266,30949.8405128,15467.6698843,7689.76780383,15806.9414173,8170.38519726
2023-01-31,48435.8220012,24603.1516131,8106.26662752,31076.9574177,15546.0131219,7692.59828013,15864.4188002,8341.68992008
2023-02-01,48335.0148521,24167.507426,8055.83580868,32223.3432347,16111.6716174,8055.83580868,16111.6716174,8055.83580868
2023-02-02,49038.6271692,24162.2746745,7999.18382343,32258.5544146,16105.209066,8044.79007063,15777.3232305,8238.72358995
2023-02-03,48517.3901949,23890.0758473,7872.66349485,31948.1018591,15932.3143955,7969.66802006,15383.5564215,8083.97197131
2023-02-06,48220.8839146,23633.5930883,7791.46252803,31772.0599471,15794.9630555,7937.99854115,15415.4836063,8025.06185649
2023-02-07,48851.54233,23853.4399066,7806.57057227,31717.6584365,15756.1863424,7958.61784393,15429.6724137,8007.47451712
2023-02-08,48317.3664754,23712.1110815,7791.46252803,31762.4647817,15814.3521143,7999.8627896,15467.8083014,7969.66827553
2023-02-09,47898.4923445,23733.0487677,7821.67702619,31637.638114,15743.2570258,7959.35519861,15345.4205338,7882.61888472
2023-02-10,48010.2779453,23664.9962775,7755.58330845,31500.0160275,15667.3160771,7930.63260241,15374.6872327,7909.87708139
2023-02-13,48573.8740353,23869.1403878,7825.45324209,31596.0292248,15704.4775035,7943.8891365,15296.6427023,7980.21787713
2023-02-14,48551.508633,23890.0758473,7802.79197089,31484.011963,15633.3767965,7917.37480029,15308.172377,7916.91092746
2023-02-15,48709.1732369,23769.6869351,7765.02424578,31423.2043507,15586.5180315,7917.37480029,15155.631533,7948.56518063
2023-02-16,48038.5123363,23659.763526,7749.91858702,31291.9743788,15534.807788,7898.22640282,15143.2154808,7871.18898214
2023-02-17,47918.5011163,23696.4061468,7687.60347065,31365.5969919,15578.4430026,7913.69373295,15188.4450955,7840.41580828
2023-02-21,46957.2104533,23398.0391086,7602.62469761,31071.1373112,15408.7760963,7878.34191868,15131.6858061,7683.02717841
2023-02-22,46892.5009937,23261.9474884,7570.52169393,31154.3550897,15436.2443979,7873.92222863,15046.5475486,7613.56590531
2023-02-23,47141.9311328,23398.0391086,7596.95997618,31266.3751489,15496.0268611,7899.69921016,15038.5660907,7670.71697486
2023-02-24,46638.3500644,23031.628487,7451.55459231,31087.1553629,15402.3107357,7848.1446131,14930.3684838,7536.18815014
2023-02-27,46797.1892189,23288.1156994,7489.32152227,31147.9517855,15449.1695007,7864.34866391,14988.9005284,7547.62038773
2023-02-28,46624.2328689,23120.61421,7444.00057019,31144.751532,15473.4086335,7893.8086148,15057.1894925,7537.06922946
2023-03-01,46221.5035472,23110.7517736,7703.58392453,30814.3356981,15407.1678491,7703.58392453,15407.1678491,7703.58392453
2023-03-02,46580.9781134,23147.1480445,7738.06884602,30750.5001115,15343.7835635,7709.3559662,15398.1459717,7793.6917845
2023-03-03,47328.0442703,23485.100779,7795.54290844,30993.1265607,15467.3010077,7792.32083621,15563.2616093,7912.01152595
2023-03-06,47360.8218649,23427.9075869,7768.72103393,30916.5110517,15439.6748883,7750.47632886,15484.7631535,7881.06756513
2023-03-07,46634.8406666,23001.5718077,7653.77210237,30875.0006615,15441.3018616,7701.41770102,15214.0820511,7697.21417542
2023-03-08,46710.9495744,23121.1513401,7694.00491413,30843.0745171,15436.4237615,7664.62481697,15206.8637232,7785.5003806
2023-03-09,45849.1412309,22892.3785715,7536.90559393,30954.8090633,15532.3108567,7684.8244786,15356.6409302,7607.10792682
2023-03-10,45187.5613185,22668.8122213,7494.7552053,31315.566979,15818.3522185,7798.09163577,15687.7739802,7354.9944493
2023-03-13,45123.1600325,22538.828699,7487.09538521,31564.5875649,16010.1292288,7857.24916285,16047.7803419,7451.47286407
2023-03-14,45869.0573005,22803.9977385,7490.92408517,31379.4164841,15858.9842553,7813.96319772,15954.846607,7523.37384439
2023-03-15,45582.1774823,22122.8902746,7366.39775664,31692.2810078,16088.1379459,7909.19381153,16079.3603546,7517.91210277
2023-03-16,46381.9185713,22466.0405806,7460.27109054,31567.7804577,15943.4994557,7819.73648149,16111.8421419,7501.52929497
2023-03-17,45839.5953044,22206.0845947,7421.95666236,31765.720326,16132.0281588,7836.32784076,16581.022444,7331.33146783
2023-03-20,46280.3675964,22545.3046519,7434.9908607,31638.0157485,16067.0154901,7843.54382441,16587.3376204,7415.06555026
2023-03-21,46888.0512376,22837.5563566,7513.59941147,31542.2400989,15927.2438213,7826.94873884,16274.2497019,7382.30074034
2023-03-22,46088.7747071,22748.8415521,7536.60630028,31845.5426463,16136.8977999,7934.4432333,16551.2473575,7106.52105861
2023-03-23,46213.3737746,22764.4895599,7628.63224206,31922.1609389,16229.536588,7948.87271641,16758.7698113,7061.92314658
2023-03-24,46516.6255311,22686.2097096,7613.29404729,31976.4317656,16234.4118684,7928.67367583,16570.1942637,7243.02189777
2023-03-27,46603.6066048,22884.5247092,7576.86654057,31631.6383139,16034.5084508,7866.62826477,16416.808581,7234.74750827
2023-03-28,46498.9910428,22915.8384187,7666.97732565,31583.7477055,16024.7536603,7891.15664712,16551.2473575,7217.28185923
2023-03-29,47174.856127,23176.7742021,7693.8193682,31622.0568518,15997.1303606,7906.30716965,16469.140426,7377.23700733
2023-03-30,47451.0698334,23463.8150649,7768.59034506,31657.1814564,16021.5081729,7914.24419272,16618.0144816,7473.76134617
2023-03-31,48119.880373,23573.4086248,7745.58264953,31810.4180417,16109.2702706,7953.92620285,16531.3972999,7633.71649427
2023-04-03,48051.7220304,24025.8610152,8008.6203384,32034.4813536,16017.2406768,8008.6203384,16017.2406768,8008.6203384
2023-04-04,47785.1197793,24020.5888376,8016.51623334,32153.2175494,16120.3843797,8031.85073076,16315.8174029,7997.92400822
2023-04-05,47660.0029932,23835.932942,7945.45068706,32262.3381788,16188.066941,8050.72417614,16302.7986079,7955.14976382
2023-04-06,47845.9171976,23915.0715024,7992.82771791,32233.4551945,16192.9055953,8068.87479278,16186.492958,8009.59335171
2023-04-10,47895.0344155,23936.1736279,7975.061539,32012.0096772,16033.3541771,8011.52288904,16066.7147466,8046.53377639
2023-04-11,47907.892326,24041.6864914,8034.28241225,32031.274304,16026.9082189,8025.31718291,16168.2653207,8080.55771722
2023-04-12,47712.6272528,24178.8614867,7973.08798058,32069.7868106,16073.6442065,8028.22223036,16247.249542,8041.67211795
2023-04-13,48346.373161,24532.3343865,8069.8156007,32056.9474476,16020.4650511,8008.6203384,16466.8420468,8017.36808589
2023-04-14,48228.2741852,24410.9938109,8026.38568669,31899.6931629,15941.4992725,7973.77350146,16175.2091195,7892.93229378
2023-04-17,48401.337933,24389.8916854,8069.8156007,31739.2262463,15839.9698496,7937.4766376,16103.1686969,8057.22584644
2023-04-18,48432.901308,24484.8534862,8054.02298021,31784.1612255,15865.7550777,7945.46146077,16165.6615617,8038.7556341
2023-04-19,48424.7132415,24389.8916854,7971.11525278,31736.0191967,15831.9110066,7937.4766376,16088.4136211,8086.39068491
2023-04-20,48160.4626836,24400.444984,7961.24413818,31880.4341185,15923.7714922,7962.88550345,16151.7739641,8006.67345976
2023-04-21,48197.8773395,24479.5768368,7886.23147506,31825.8724082,15885.0971381,7966.51650066,15992.070565,8007.64732509
2023-04-24,48248.1573598,24527.0599731,7876.36119108,31951.0338678,15962.4514272,7997.00763904,16040.6758322,7977.50947332
2023-04-25,47482.2694014,24141.9271773,7742.12682409,32150.0021264,16120.3843797,8044.19062829,16122.2638125,7898.76440945
2023-04-26,47281.1530473,24147.2015908,7795.42369958,32031.274304,16057.5307061,8015.88108442,16034.600836,7822.93753348
2023-04-27,48222.4266312,24453.1958261,7896.10175904,31915.7395755,15952.7741185,7989.02031906,16035.4683142,7999.87003484
2023-04-28,48634.0139352,24458.4769472,7943.4754674,32079.4051682,16072.0382978,7998.45641754,16039.808354,8098.05832435
2023-05-01,48153.1832668,24076.5916334,8025.53054447,32102.1221779,16051.0610889,8025.53054447,16051.0610889,8025.53054447
2023-05-02,47611.9805842,23821.8970608,7941.49155657,32414.4091018,16260.0250913,8086.81079337,16360.792651,7889.63630707
2023-05-03,47285.1667989,23868.6791802,7939.49283332,32557.5288501,16366.1391721,8123.72584504,16499.5170527,7858.57457265
2023-05-04,46950.2524822,23832.2901502,8007.5218291,32518.4915736,16362.8750128,8121.51220508,16615.5573881,7923.60837765
2023-05-05,47819.4214197,24216.9313829,8093.56122409,32414.4091018,16274.727203,8105.26705608,16355.5579689,8055.61989825
2023-05-08,47832.165074,24227.3266751,8095.56078927,32235.4974228,16175.1315706,8074.99860841,16375.6246941,8009.02899806
2023-05-09,47622.3971364,24133.7668421,8045.53882502,32206.227226,16155.5409751,8063.18389717,16491.6650295,7975.05267385
2023-05-10,47844.9087283,24097.3844207,8047.53923211,32414.4091018,16276.3501176,8089.76399751,16468.1076286,8051.73973362
2023-05-11,47761.4765776,23988.2283451,8015.52598324,32511.9895939,16336.7560988,8107.48322231,16326.7658858,7963.40707562
2023-05-12,47698.8923066,23936.251884,7925.4874579,32329.8382132,16238.8031211,8078.68821887,16298.8458061,7962.43639641
2023-05-15,47863.4627502,24144.1665401,8063.54754039,32248.5154924,16202.8874993,8066.87666547,16333.7459058,7948.8468876
2023-05-16,47543.6007208,23894.6685122,8007.5218291,32173.6919292,16150.6482612,8045.46404081,16129.5839835,7749.85765142
2023-05-17,48120.733121,24019.4142218,8035.53510571,32124.9101493,16098.4062032,8041.77379877,16073.7451553,7854.68930366
2023-05-18,48584.2918577,23972.6321025,7985.51398338,31975.2827772,15998.8204409,8015.19306687,15865.2218855,7816.83536701
2023-05-19,48513.5996675,24118.1728024,7981.51064343,31903.71867,15938.4144596,7995.99724001,16022.2690059,7804.21568667
2023-05-22,48533.2950776,24138.9633868,8033.53385669,31874.437185,15909.0285663,7981.22995621,15984.7528964,7851.77896751
2023-05-23,47988.616517,23801.1042735,7913.48080573,31910.2206496,15935.1517104,8005.59515344,16003.9462872,7778.00734824
2023-05-24,47640.9474645,23463.2407545,7857.45509444,31828.9007509,15894.3391447,7980.49102361,15874.8192465,7611.05222714
2023-05-25,48053.5168087,23411.2642933,7843.45056094,31711.8058536,15794.7505624,7944.31300984,15722.1348049,7610.08069722
2023-05-26,48675.8467029,23629.5764445,7973.50733121,31737.8165944,15824.1392757,7953.91281797,15784.9536531,7697.44267602
2023-05-30,48694.3859495,23426.8539274,7869.46258853,31949.24946,15948.2111674,7985.66102554,15882.6712697,7726.56390278
2023-05-31,48424.3645368,23198.1508897,7813.43771916,32063.1046557,16008.6171486,7995.99724001,15907.1020051,7765.38851863
2023-06-01,48122.7649936,24061.3824968,8020.46083227,32081.8433291,16040.9216645,8020.46083227,16040.9216645,8020.46083227
2023-06-02,48818.672093,24417.0986249,8147.67408786,31912.66649,15913.3794947,7981.16009255,15804.3589635,8215.93358711
2023-06-05,48725.1148051,24263.1348979,8139.59644886,31909.4234296,15908.4750021,7991.54107395,15899.5077793,8158.79550536
2023-06-06,48831.2171839,24475.4985041,8202.19454006,31948.4583917,15918.2839874,7995.99124059,15916.9660699,8236.98390445
2023-06-07,48662.3711694,24241.8922371,8184.01879025,31779.2731072,15802.1922088,7958.91368674,15725.7946579,8388.35290593
2023-06-08,48956.7080916,24491.4265621,8228.4436806,31948.4583917,15908.4750021,7998.21379397,15933.5519121,8336.22349944
2023-06-09,49044.5491816,24480.8108568,8250.65527612,31873.6371582,15851.2455889,7975.97055058,15890.777968,8288.10999448
2023-06-12,49489.4744657,24592.3027626,8270.84724947,31928.9352803,15877.4066402,7982.64137315,15876.8121348,8290.11311316
2023-06-13,49815.7559164,24831.2123821,8339.50250785,31779.2731072,15764.5807662,7941.8568229,15759.8387908,8343.24320042
2023-06-14,49875.0814693,24894.9291141,8418.25417773,31808.5563667,15785.8373249,7961.88067533,15768.568602,8374.31789677
2023-06-15,50493.4126357,25128.533131,8499.02292081,32029.7938977,15908.4750021,8012.30430171,15879.4308118,8418.42428581
2023-06-16,50321.4285304,25054.2029438,8468.73283664,31928.9352803,15839.7980156,7991.54107395,15854.9889386,8412.41229409
2023-06-20,50060.3379172,24717.7044373,8317.88821749,31987.5017993,15887.2170345,8008.59604034,15690.8780768,8313.17094198
2023-06-21,49803.8471707,24755.2171627,8303.67524336,32039.556861,15901.9319214,8009.33731312,15668.1824323,8263.04816841
2023-06-22,49983.6274136,24605.1842617,8267.13172246,31873.6371582,15811.9969673,7981.16009255,15512.8013818,8144.7604962
2023-06-23,49605.7474587,24208.6635946,8151.40745756,31967.9786879,15877.4066402,8000.43824481,15555.5739939,8032.48832995
2023-06-26,49403.0769702,24283.6867952,8177.80103889,32007.0192804,15916.6439904,8004.14840363,15582.6345441,8217.93846291
2023-06-27,49944.6939968,24481.9403786,8254.95111526,31945.2012555,15861.0517564,7981.90073285,15511.0551531,8319.18381226
2023-06-28,49969.8896301,24487.3022323,8222.46723033,32039.556861,15924.8256591,7998.21379397,15475.2647917,8331.21394562
2023-06-29,50166.8402844,24455.1446105,8187.95352741,31792.2903915,15761.3120438,7945.56571675,15458.6789494,8424.27637946
2023-06-30,50758.8449413,24744.5002055,8259.01075123,31867.1228857,15795.6477191,7980.41818728,15561.6851282,8470.90687375
2023-07-03,49080.9755713,24540.4877856,8180.16259521,32720.6503808,16360.3251904,8180.16259521,16360.3251904,8180.16259521
2023-07-05,49007.9817672,24275.2434224,8140.33616094,32573.1044937,16281.8949284,8141.16849544,16302.5727128,8198.58145362
2023-07-06,48624.2199327,23845.5439899,7985.01548401,32361.8595534,16148.8982391,8098.35456284,16253.9877835,8135.56934849
2023-07-07,48501.4608186,24047.1359433,8080.59859291,32368.5677632,16128.433264,8093.00095516,16375.9089037,8117.15133024
2023-07-10,48624.2199327,24110.7905807,8082.59028963,32459.1054432,16211.9889301,8112.11569723,16388.7426322,8152.04995454
2023-07-11,48933.8851891,24344.208739,8154.27553794,32529.5127061,16246.0859853,8102.94160764,16450.1612899,8268.38290304
2023-07-12,49327.6035975,24811.0406003,8309.59454818,32794.4262184,16404.6598629,8192.39579646,16672.9198474,8312.97698993
2023-07-13,49719.109434,25192.9951564,8401.19259695,32998.9629489,16541.0656715,8234.44576249,16684.8359818,8366.29447264
2023-07-14,49688.147474,25039.1503071,8349.42098244,32841.3663229,16459.2248245,8190.86526701,16631.6672784,8349.81554691
2023-07-17,49860.6824342,25028.540087,8359.37529931,32878.2614766,16486.5065725,8206.15757992,16643.5848115,8295.52767777
2023-07-18,50231.1618126,25208.9093727,8299.63773127,32905.0798458,16505.2596597,8202.33579985,16834.2583484,8249.96236431
2023-07-19,50342.8686027,25203.6009212,8287.69088435,33005.6711587,16561.5277153,8230.62528058,16837.0083331,8343.02956327
2023-07-20,50008.8755904,25055.0645234,8235.9167698,32834.669689,16430.2385169,8227.56422168,16751.7560078,8315.88730902
2023-07-21,50008.8755904,25086.8974112,8231.93504306,32858.1310594,16443.874994,8227.56422168,16700.4196951,8354.66159788
2023-07-24,50232.2751226,25060.3707472,8341.45502891,32797.7803233,16404.6598629,8231.38859807,16628.9172936,8423.4943412
2023-07-25,50369.4194668,25134.6422876,8405.17682373,32760.8822756,16373.9660644,8216.85960264,16721.5047766,8363.38835436
2023-07-26,50377.1529328,25166.4662649,8456.95010492,32868.2049499,16430.2385169,8219.92001246,16803.0909218,8401.19729776
2023-07-27,50043.1458723,25060.3707472,8363.3578594,32586.5238071,16251.2040612,8159.51862186,16539.0811941,8218.93940455
2023-07-28,50533.090091,25267.2600139,8566.47009078,32713.945065,16304.0571348,8190.86526701,16671.086058,8212.15594139
2023-07-31,50629.3123891,25267.2600139,8576.42607434,32754.1798538,16324.5235756,8193.15976303,16716.0048071,8265.47342411
2023-08-01,49689.5069598,24844.7534799,8281.5844933,33126.3379732,16563.1689866,8281.5844933,16563.1689866,8281.5844933
2023-08-02,48998.2910452,24364.7383702,8102.18393548,33047.5996306,16530.0185389,8266.78269242,16484.2355115,8233.91005656
2023-08-03,48857.8618332,24290.8869952,8137.28454135,32825.0792526,16407.8994817,8215.36316607,16478.7273524,8144.40022863
2023-08-04,48636.8945236,24359.4643795,8147.03407493,33095.5250116,16582.354423,8294.82730668,16538.3871722,8078.24152379
2023-08-07,49061.4211055,24554.6330458,8133.38456471,33102.3576046,16542.2319405,8301.84011032,16500.7557875,8179.42607009
2023-08-08,48848.0724048,24370.0145759,8049.5346588,33181.1018399,16625.9741416,8300.28178285,16396.1231718,8126.88730789
2023-08-09,48521.5092412,24391.1127537,8063.18498509,33205.0586376,16636.440421,8296.38563416,16318.107023,8125.91511735
2023-08-10,48538.9276486,24464.9596987,8078.78489167,32989.4003161,16509.0859803,8253.53789895,16300.6694208,8094.7814108
2023-08-11,48510.6171194,24327.8093601,7961.78804051,32886.7022295,16421.8540222,8241.85011289,16300.6694208,8107.43000607
2023-08-14,48778.4056887,24227.5924617,7924.73540615,32862.7454317,16395.6875759,8224.71181085,16251.105792,8053.91821015
2023-08-15,48210.1798385,23889.9994662,7840.8863163,32773.7419946,16364.2842505,8199.00105763,16207.9676486,7963.43703485
2023-08-16,47856.4157526,23700.0981455,7788.23622356,32694.9977594,16301.4761038,8174.85259206,16114.3499507,7865.17243292
2023-08-17,47491.7491747,23541.8518442,7813.58566372,32660.7729208,16280.5405535,8172.51345078,16089.5681363,7801.93029972
2023-08-18,47514.6119146,23541.8518442,7764.83636368,32732.6668849,16329.3926639,8186.53707797,16092.3215156,7826.25277018
2023-08-21,47823.7566709,23615.6987891,7782.38911482,32568.3487676,16228.200182,8164.72313348,16136.3769853,7754.25670616
2023-08-22,47694.2195806,23562.952237,7768.73797246,32602.579499,16235.1811918,8178.74610064,16162.9948527,7776.63479553
2023-08-23,48225.4205129,23816.1480912,7883.78687547,32914.0915287,16411.3832554,8252.75708514,16327.2858877,7899.22186792
2023-08-24,47557.0638815,23515.4752456,7850.63829808,32838.7915803,16350.3267184,8215.36316607,16323.6151821,7869.05950873
2023-08-25,47892.3345204,23663.1757806,7844.78792508,32818.2466595,16345.0943266,8213.80417857,16302.5040733,7874.89939746
2023-08-28,48196.0384008,23911.097644,7922.78582586,32890.1288382,16390.4521926,8218.47850096,16349.3143228,7948.84152894
2023-08-29,48892.6951912,24217.0356202,8028.08437922,33102.3576046,16507.3388581,8258.99171509,16509.0159254,8045.16343615
2023-08-30,49094.0767305,24211.7660596,7998.83414634,33088.6747404,16505.5947275,8246.52509531,16550.3194163,8074.34938888
2023-08-31,49022.2357382,24132.6406939,7903.28512656,33136.6060141,16538.7421835,8263.66537744,16522.7842226,8015.00192014
2023-09-01,49036.4573074,24518.2286537,8172.74288457,32690.9715383,16345.4857691,8172.74288457,16345.4857691,8172.74288457
2023-09-05,48824.5208301,24298.8374906,8124.86647739,32513.9767676,16246.3480906,8156.42875935,16212.0790513,8077.66343369
2023-09-06,48496.2967736,24202.5204603,8086.9679045,32483.3293471,16204.606145,8144.00173053,16138.5695098,8060.8266443
2023-09-07,48347.4083611,24106.2056769,8003.18314841,32585.4543012,16260.2586018,8173.52043508,16155.8127622,8111.3378708
2023-09-08,48420.2270124,24074.0962552,8019.14334218,32602.4683092,16263.737717,8192.16589952,16161.2577083,8079.64615104
2023-09-11,48738.6666774,24346.9993762,8110.90402103,32565.0275573,16235.9122323,8184.39826833,16191.2062964,8080.63579308
2023-09-12,48471.3060227,24239.9822013,8088.9589633,32575.2365465,16258.5212753,8188.28208392,16107.7138922,8076.67379166
2023-09-13,48527.8277086,24191.8180687,8080.9813709,32622.8950532,16277.6556653,8199.15729252,16070.5049143,7988.53127654
2023-09-14,48946.2476337,24518.2286537,8128.85610842,32578.6463605,16241.1271866,8185.95140087,16078.6723334,8133.12802029
2023-09-15,48356.5232035,24464.7211897,8086.9679045,32503.756091,16190.6911715,8165.75346005,16184.8529362,8102.42422593
2023-09-18,48384.8893106,24373.1318168,8074.4972813,32551.408754,16206.3464463,8182.84447962,16280.1436467,8030.12456657
2023-09-19,48284.5466656,24378.5200878,8034.27538906,32456.1063499,16147.210412,8159.53633676,16264.7158379,7993.48120336
2023-09-20,47840.6493585,24297.70501,8010.14225372,32439.0864981,16135.0312775,8142.44597334,16276.5141443,8000.41384752
2023-09-21,47049.9221202,23893.6431026,7881.43303339,32217.8313474,16015.0278322,8099.71744017,16158.5352352,7728.05457446
2023-09-22,46944.129897,23920.5822108,7973.94171588,32353.9901613,16077.6414943,8127.68760531,16210.2636077,7669.62277839
2023-09-25,47141.5364667,23828.9928378,7943.77613153,32098.695307,15959.373888,8066.31163922,16126.7712034,7662.68841759
2023-09-26,46448.9637589,23489.5789482,7851.26661421,32057.844741,15954.1470342,8046.11238608,15997.9024022,7523.04245897
2023-09-27,46467.5109617,23435.7029786,7861.32208727,31945.5166414,15882.8407901,8032.90715058,15800.0619762,7472.53209079
2023-09-28,46736.9009717,23629.6582667,7877.41000934,32040.8278111,15926.3245245,8074.08255121,15721.1061038,7544.23607662
2023-09-29,46623.4779586,23554.2292129,7885.45438779,32010.1979217,15929.8006648,8057.76580135,15559.5662414,7566.23565599
2023-10-02,46820.7749045,23410.3874523,7803.46248409,31213.8499364,15606.9249682,7803.46248409,15606.9249682,7803.46248409
2023-10-03,46194.0245415,23116.667317,7703.59593633,30969.1831039,15477.7435315,7748.11262549,15561.8483923,7651.11363798
2023-10-04,46530.4085158,23127.5472689,7671.63973547,31187.0348532,15575.9276528,7782.23333845,15560.0081023,7744.62377418
2023-10-05,46512.8710725,23339.6723022,7703.59593633,31207.144731,15605.2015891,7770.85827568,15531.4899249,7787.69995749
2023-10-06,47065.1167731,23584.4394597,7809.45111079,31086.479726,15513.9139224,7742.80613825,15611.5249912,7808.71545723
2023-10-09,47366.4362625,23568.1240689,7761.51722405,31408.246378,15711.9937904,7819.38386382,15898.5498635,7893.82083641
2023-10-10,47612.9729119,23867.2819116,7885.35071518,31378.0887342,15680.989129,7822.41751225,15871.8705723,7931.64585018
2023-10-11,47808.006757,23970.6255745,7909.31682945,31522.1975703,15767.1125355,7857.29455947,15987.7835722,8069.28817511
2023-10-12,47516.5481788,23763.9337115,7825.43128399,31250.7185238,15615.538925,7807.25310612,15939.0264164,7951.60985349
2023-10-13,47279.8759079,23551.8041411,7795.47073928,31384.7882013,15715.4405485,7858.05217241,16451.4383793,7931.64585018
2023-10-16,47777.3283666,23736.7383689,7851.39637084,31210.4958991,15622.4295027,7835.30780089,16371.403313,8026.20838461
2023-10-17,47775.1405203,23742.1783449,7817.44119739,30985.930337,15469.1339824,7797.39582657,16401.7603767,8014.65274551
2023-10-18,47138.5257787,23339.6723022,7689.61556482,30841.8186318,15396.7902622,7780.71619457,16639.1072464,7844.44018354
2023-10-19,46724.3501715,23149.3026356,7661.6531636,30724.5105332,15321.0056607,7773.89256344,16843.3359156,7658.46780037
2023-10-20,46150.1948022,22931.7353578,7569.77753154,30835.1134265,15410.5714176,7797.39582657,16889.3333383,7606.98415465
2023-10-23,46070.2083884,22942.6153096,7553.79901656,30955.7755624,15482.9151378,7798.91360979,16832.2969833,7532.38427083
2023-10-24,46417.5454635,23056.8343874,7647.67030478,31066.3698482,15510.4715719,7805.73724091,16830.4566933,7629.04844541
2023-10-25,45751.3583901,22855.5847689,7565.7837319,30835.1134265,15374.3980883,7773.13367183,16901.2931174,7465.14170571
2023-10-26,45203.5091859,22686.9704689,7537.82050157,31042.9145406,15491.524687,7814.83562885,16927.9710049,7608.03655287
2023-10-27,44998.6040277,22616.2553188,7545.80810085,31032.8581671,15515.6417091,7826.20877362,17124.839918,7486.15404915
2023-10-30,45536.595788,22926.2908447,7613.71761865,30959.1295996,15463.9653144,7814.07609791,17028.2464533,7533.43396366
2023-10-31,45822.5795495,22975.2506282,7577.76513082,30939.0139835,15431.237274,7794.36537482,16935.330761,7661.61958425
2023-11-01,46948.1601945,23474.0800972,7824.69336574,31298.773463,15649.3867315,7824.69336574,15649.3867315,7824.69336574
2023-11-02,47847.896466,24002.2060354,7945.51590309,31487.1346063,15746.357937,7860.31476669,15701.4064347,8081.71362176
2023-11-03,48284.4323896,24310.2787345,8090.90894264,31678.8689278,15867.577836,7900.48428449,15758.5426168,8274.7422039
2023-11-06,48395.5048664,24233.2611333,8115.48369521,31520.7773941,15775.7945723,7880.02284887,15635.7432218,8155.29901232
2023-11-07,48533.2452825,24051.7178421,8117.53067034,31688.9511423,15865.8455761,7901.24272815,15570.9310203,8088.1118738
2023-11-08,48568.79199,23996.7039587,8080.67151674,31796.588542,15929.9215185,7918.67420679,15415.7255245,8114.77308801
2023-11-09,48190.0067245,23985.7020998,8008.99848454,31530.8624794,15772.3315254,7851.9782492,15477.1258726,7986.79797835
2023-11-10,48942.002542,24112.2338021,8064.28806501,31604.8657036,15789.651179,7855.01011501,15308.2742646,8061.45157494
2023-11-13,48895.3521018,24145.2416732,8078.62199139,31601.5126209,15780.9898792,7849.70291821,15393.5523813,7994.2616904
2023-11-14,49843.9602631,24799.8947248,8267.02021038,31998.4079488,16018.2328972,7914.12799877,15530.8502013,8437.91502254
2023-11-15,49949.4791161,24777.891007,8324.36016628,31799.9502371,15893.5558434,7880.02284887,15489.9170696,8462.44348606
2023-11-16,50010.5795232,24722.8771236,8238.35150754,31974.8617293,16013.0405364,7908.82271081,15664.7374691,8444.31327459
2023-11-17,50072.7801102,25030.9498227,8271.11671087,32038.7683852,16023.4326231,7917.1592283,15663.0315425,8437.91502254
2023-11-20,50458.2226944,25140.9798839,8359.17149467,32089.2282607,16045.9416916,7940.65507484,15637.4478472,8499.76936902
2023-11-21,50348.2503975,25041.9516816,8310.02538982,32122.8710486,16066.7258651,7923.9807673,15806.2994552,8440.04777322
2023-11-22,50542.6342619,25091.4634883,8287.49931253,32153.1406582,16061.5305582,7931.55820485,15738.9290143,8481.64007288
2023-11-24,50573.7451002,25256.5051385,8314.11934009,32005.1456929,15978.4056482,7898.21086234,15820.7965789,8506.1685364
2023-11-27,50482.6586393,25190.4939851,8275.21151121,32186.7662213,16099.6284932,7923.9807673,15927.3942248,8537.09525197
2023-11-28,50532.6447689,25234.5014207,8342.79059315,32328.0550212,16170.6275835,7955.05532395,16139.7359026,8593.62046777
2023-11-29,50497.0945464,25295.0127918,8295.69061336,32486.1408133,16255.4803343,7986.8870517,16163.6136712,8653.34206356
2023-11-30,50695.9213098,25284.0109329,8320.26451586,32378.4919305,16175.8169983,7972.48871143,16096.2445316,8716.26278537
2023-12-01,50160.4082006,25080.2041003,8360.06803343,33440.2721337,16720.1360669,8360.06803343,16720.1360669,8360.06803343
2023-12-04,49897.0949966,24858.7384912,8286.30399312,33312.48067,16650.7898908,8325.18894497,16358.7566355,8420.96711439
2023-12-05,49887.2656972,24777.7125647,8257.6164653,33533.502884,16768.1436817,8370.37118194,16296.9295994,8365.0601266
2023-12-06,49686.2300765,24826.3258677,8247.37122343,33619.8532337,16837.4853327,8379.08912856,16357.0146733,8340.10223136
2023-12-07,50065.3478468,24945.1668972,8280.15429626,33630.2046949,16812.5900932,8371.9550562,16384.0091085,8364.06016561
2023-12-08,50280.5863384,25004.5806532,8239.17502993,33460.9868126,16704.1310147,8361.65058005,16165.440019,8350.08556083
2023-12-11,50476.1627738,25074.8061267,8276.05705009,33464.4343606,16705.9078455,8344.21468683,15986.9267596,8373.04781842
2023-12-12,50706.7001221,25080.2041003,8276.05705009,33564.5925368,16741.4716114,8339.45576204,15978.2196059,8368.05486838
2023-12-13,51405.9494944,25485.3359859,8353.92088831,33985.9222859,16990.387806,8452.80765496,16338.7287205,8688.52137247
2023-12-14,51570.9316738,25706.8106066,8464.56864994,34260.23307,17131.6202115,8545.5479403,16434.5153833,8939.10371339
2023-12-15,51486.0186973,25442.1229094,8415.39148896,34180.563263,17117.3542815,8531.27714031,16283.8682045,8813.31427616
2023-12-18,51775.6390202,25529.6867822,8414.34442439,34111.2890036,17079.909609,8505.9152376,16357.8863188,8793.34590349
2023-12-19,52090.4773906,25775.9524302,8472.95282173,34152.8623765,17112.005689,8511.46078896,16469.3479842,8860.23446801
2023-12-20,51368.6375709,25507.7952508,8295.03775348,34277.5442871,17195.8138799,8545.5479403,16379.6561961,8752.41433834
2023-12-21,51855.7220525,25940.1310308,8456.20829441,34274.0702874,17169.0739341,8531.27714031,16495.4707739,8830.03341827
2023-12-22,51959.9236893,26000.3242938,8426.90409574,34229.0493664,17153.0206149,8514.63384803,16568.6185714,8864.39454565
2023-12-26,52179.3283102,26115.2520178,8481.3242348,34298.3177477,17163.7193083,8519.38812608,16694.8835939,8930.08692719
2023-12-27,52273.676446,26263.0181653,8527.37381136,34516.5154999,17297.4627793,8558.23088311,16770.6423416,8973.54538605
2023-12-28,52293.4180215,26219.2328495,8579.7032236,34440.3226318,17231.4877551,8530.485867,16673.1137166,9037.21471026
2023-12-29,52142.0336734,26213.7605299,8602.72588543,34374.516494,17188.6839316,8520.18205467,16646.9895981,8930.08692719
2024-01-02,51520.349132,25760.174566,8586.72485534,34346.8994214,17173.4497107,8586.72485534,17173.4497107,8586.72485534
2024-01-03,51099.5984575,25553.5315249,8561.35681716,34364.2849348,17214.5879574,8600.32395154,17030.2779302,8381.49794072
2024-01-04,50934.999458,25613.3473032,8546.55915282,34225.1949259,17110.8589483,8560.32724031,17047.386767,8366.08155833
2024-01-05,51004.7650014,25629.662936,8559.24274239,34145.233957,17048.2696986,8541.12611236,17050.0880176,8344.88484943
2024-01-08,51732.9059308,25896.1262328,8574.0421248,34273.8814452,17105.4965757,8564.32476762,16916.8199069,8464.35854542
2024-01-09,51654.4282828,25662.2919628,8474.68662394,34266.9355018,17098.3417034,8547.52671165,16922.2224082,8407.51349446
2024-01-10,51946.5517426,25803.6769502,8466.2311839,34200.8664198,17071.5132013,8540.32687487,16883.5035662,8417.14873346
2024-01-11,51923.6515499,25776.4901988,8502.16701882,34395.591842,17162.7234529,8585.92360803,16916.8199069,8339.10370603
2024-01-12,51959.6302054,25868.9372427,8542.33100328,34458.1672975,17209.2225595,8622.72269938,17082.5043994,8389.20531503
2024-01-16,51768.8742802,25406.7020233,8364.76160828,34200.8664198,17069.7222143,8578.72511113,16920.4224904,8327.54223613
2024-01-17,51481.1103081,25129.3541756,8252.72509494,34106.9634022,17014.2893495,8552.32682616,16734.0279515,8175.30791065
2024-01-18,51938.918345,25357.7573637,8301.34537847,34075.6889526,16976.7330769,8554.72654844,16871.7972307,8130.98744505
2024-01-19,52586.4001649,25439.3288115,8377.44691591,34082.6466988,16978.5225513,8561.12580785,16922.2224082,8228.30131669
2024-01-22,52697.5894292,25504.5846265,8311.91403424,34145.233957,17030.3825179,8565.12467505,16858.2909774,8277.43899334
2024-01-23,52851.2776859,25461.0800036,8358.420243,34061.7734602,16987.466898,8537.12724516,16924.0236999,8220.59394238
2024-01-24,52909.0503441,25618.7895786,8466.2311839,33985.2884137,16939.1768043,8517.12821961,16784.453129,8103.04729419
2024-01-25,53196.821187,25684.0431549,8487.37021351,34138.2703094,17012.5029004,8545.9268968,16851.0871844,8207.1037909
2024-01-26,53129.237105,25792.8035929,8489.48342925,34100.0263109,16982.0984748,8537.92849247,16839.3808489,8183.98085109
2024-01-29,53549.9946503,25945.066415,8491.59836305,34235.6374466,17084.0349842,8575.52481148,16958.2413735,8237.9349219
2024-01-30,53508.5743648,25912.4418656,8411.26781704,34301.6888245,17107.2845375,8571.52460441,16981.6526705,8160.8554606
2024-01-31,52635.4572833,25765.6146027,8379.56013165,34458.1672975,17250.3502176,8627.521474,16969.0463761,8082.81125007
2024-02-01,52147.9648562,26073.9824281,8691.32747603,34765.3099041,17382.6549521,8691.32747603,17382.6549521,8691.32747603
2024-02-02,52696.9479503,25888.8271459,8630.35081697,34446.9476428,17156.4399586,8607.66452734,17218.331485,8583.46100701
2024-02-05,52505.0719623,25720.014831,8652.12800557,34163.5534279,16989.4702704,8559.39612006,17123.3898113,8403.34794533
2024-02-06,52657.50978,25877.9363181,8865.54586981,34341.9902211,17081.0278914,8588.35743391,17212.8542683,8516.30037983
2024-02-07,53096.6982711,25894.2725598,8859.01218225,34272.0097263,17050.5122191,8572.26796481,17208.2894567,8504.08888611
2024-02-08,53120.1481756,25850.7114904,8813.2799092,34167.0552648,16994.8571712,8565.83271614,17192.7702116,8573.28476225
2024-02-09,53427.153788,25943.2880105,8848.12358795,34156.5675149,16964.3354394,8553.76595117,17126.1284196,8586.51344906
2024-02-12,53403.7038835,26008.6352193,8887.32217345,34163.5534279,16980.4946271,8556.98357551,17081.3954946,8588.54869802
2024-02-13,52668.1663842,25545.7503766,8723.99237397,33848.6930034,16793.773979,8502.28261438,16845.865424,8411.48807838
2024-02-14,53146.7930456,25861.6023182,8850.3014838,33999.1328625,16856.6171158,8538.48156187,16835.8233957,8477.62978695
2024-02-15,53513.4984866,26150.2227065,8904.74445531,34079.5922268,16903.2919758,8548.93951467,16949.0243159,8675.0454844
2024-02-16,53247.0094714,26172.0043622,8948.29883251,33971.1329682,16829.6841265,8540.08902663,17011.1012962,8585.49711873
2024-02-20,52953.8587882,26264.5831242,8965.72022941,34002.625819,16858.4122445,8544.11173075,17114.2601881,8570.2323202
2024-02-21,53001.8202262,26280.9171241,8974.43181282,33901.1613538,16804.5447509,8534.45953145,17115.1725932,8618.06110198
2024-02-22,54098.7180664,26558.6511683,9052.82898382,33929.1612481,16806.3383647,8523.19582515,17122.4760132,8634.34050533
2024-02-23,54136.0296194,26602.2167214,9055.0086496,34055.10897,16883.5455606,8544.91681054,17219.2438901,8630.27000743
2024-02-26,53937.7569811,26542.3126847,9024.51987759,33981.6355187,16858.4122445,8541.69918621,17180.90198,8535.63222523
2024-02-27,54037.9599685,26591.3236518,9052.82898382,33936.1501211,16820.7054534,8531.24123341,17162.6441265,8545.81192103
2024-02-28,53966.5385473,26449.7384064,8913.45515376,34002.625819,16881.7504319,8558.59171397,17193.6826167,8632.3069819
2024-02-29,54160.5445124,26509.6379594,8933.05356154,34058.613767,16915.8609062,8585.13980957,17282.2346686,8705.57335595
2024-03-01,53029.0438871,26514.5219435,8838.17398118,35352.6959247,17676.3479624,8838.17398118,17676.3479624,8838.17398118
2024-03-04,52972.1745096,26444.4624154,8802.03196688,35265.7010151,17637.0242016,8830.74601576,17962.2628336,8920.87153242
2024-03-05,52442.759092,26379.7939589,8742.50028413,35457.8120982,17745.6305826,8871.17418587,18070.3982004,8812.65061198
2024-03-06,52708.4982121,26697.7518251,8850.93323885,35512.1850634,17788.6936855,8874.47634835,18218.8537838,8856.55111861
2024-03-07,53231.7056093,27004.9319849,8893.45315402,35588.3029337,17818.652545,8869.526214,18322.4068948,8854.50921445
2024-03-08,52912.2027514,26929.4836036,8878.57023334,35620.9218202,17831.7615157,8876.95072455,18477.2779161,8956.60355683
2024-03-11,52866.7131153,26794.755619,8901.95903781,35581.0617672,17809.2907953,8861.27460814,18511.184093,8913.72356949
2024-03-12,53435.4068897,26999.5409132,8978.49730426,35490.4432163,17736.2656813,8843.94844694,18308.660127,8894.32591277
2024-03-13,53351.6589022,27004.9319849,8927.4715053,35425.1993276,17696.9403448,8831.5724201,18436.9563013,8849.40575242
2024-03-14,53246.1909902,26827.0953936,8878.57023334,35200.4571263,17565.8695467,8777.9418188,18359.9794357,8716.68198207
2024-03-15,52880.5662883,26803.787328,8852.82103531,35196.8243113,17535.9091114,8772.16735304,18301.3301955,8697.28778767
2024-03-18,53194.8452845,26809.2050223,8871.9737455,35160.5787257,17515.30885,8763.91643815,18330.6541164,8701.37073041
2024-03-19,53490.4578549,26852.5665435,8835.79630802,35247.5736354,17565.8695467,8776.29246499,18309.5774172,8698.30917254
2024-03-20,53985.2093811,27145.2684589,8906.02406404,35320.0709224,17607.0637664,8810.94616933,18527.6785363,8755.48075784
2024-03-21,54163.6093123,27161.5281974,8912.4071488,35345.4517003,17608.9358011,8826.62159477,18508.4350191,8818.77719003
2024-03-22,54060.930936,27069.3852422,8854.94901822,35457.8120982,17695.0730374,8857.15018716,18359.9794357,8707.77948768
2024-03-25,53911.563684,27031.4391967,8854.94901822,35392.5773832,17648.2532587,8829.09873487,18418.6286759,8654.23814657
2024-03-26,53811.9909473,27069.3852422,8835.79630802,35428.8229687,17674.4743518,8831.5724201,18478.193808,8619.22974737
2024-03-27,54264.2248661,27248.2578954,8859.206712,35544.8039499,17741.8849372,8858.79954097,18611.98813,8841.63716835
2024-03-28,54253.8553538,27194.05433,8888.99847278,35501.3171978,17725.0318969,8862.10032151,18852.0832386,8904.44368204
2024-04-01,53874.2989109,26937.1494554,8979.04981848,35916.1992739,17958.099637,8979.04981848,17958.099637,8979.04981848
2024-04-02,53531.7607447,26770.0378584,9009.02488717,35890.265263,17919.6994387,8981.57529934,18223.3831585,8866.05766907
2024-04-03,53590.5641889,26915.5864552,9021.87072433,35912.49397,17940.8159228,8981.57529934,18383.2455046,8875.56245321
2024-04-04,52936.4326017,26699.9564528,8989.75656603,35997.7066105,18002.2626844,9015.25143092,18277.8230106,8818.54085014
2024-04-05,53489.4572747,26796.9910571,9017.58819915,35819.8644892,17883.2164309,8977.36710412,18590.6332825,8863.94845388
2024-04-08,53519.3744184,26926.3668521,9073.25320376,35786.5167542,17842.897431,8973.99744746,18706.4247699,8958.98564261
2024-04-09,53581.280117,26931.7570506,9152.46470871,35908.7824335,17913.9414228,8997.57024631,18809.2550156,9078.31342706
2024-04-10,53044.765143,26527.4590701,9051.84231624,35479.0014622,17675.85536,8910.85408418,18631.2469311,8702.38132707
2024-04-11,53445.0921184,26624.491468,9081.81564654,35486.421419,17650.8932173,8903.2762323,18993.3125584,8731.95028707
2024-04-12,52707.3844344,26160.8924788,8906.25905912,35553.1106563,17723.8592328,8934.42688303,18741.8539218,8628.46203407
2024-04-15,52047.0613049,26069.2502794,8850.59579289,35338.2154962,17610.5742173,8905.80241781,19092.685594,8481.67983112
2024-04-16,51952.1394499,25794.3258876,8741.40921925,35238.1785239,17541.4506382,8869.60151003,19116.0171475,8362.35293439
2024-04-17,51644.6694016,25810.4986894,8756.39414601,35401.2056622,17652.8184632,8904.11899879,18975.1655016,8301.10757463
2024-04-18,51538.4050299,25783.5454907,8779.94412313,35301.16869,17591.3717016,8892.33013308,19039.974347,8302.16218223
2024-04-19,51088.5489574,25799.7182924,8754.25331802,35338.2154962,17614.4182649,8905.80241781,19099.5986957,8342.28964624
2024-04-22,51559.0348601,26080.0306764,8829.18577457,35360.4442032,17616.3354554,8906.64659361,18627.7910395,8416.20893923
2024-04-23,52170.8629772,26344.1746713,8901.97827232,35434.5471646,17639.3771855,8915.0622794,18581.9915757,8493.29560589
2024-04-24,52146.1032911,26268.7052736,8929.80990544,35341.9114511,17585.6120746,8896.54185157,18547.4273856,8509.13691278
2024-04-25,51948.0095939,26155.5044868,8957.64153855,35241.8807115,17518.4137414,8883.07027149,18658.0343763,8460.56104766
2024-04-26,52440.1626531,26349.5670761,9060.40649741,35319.6920931,17566.4143921,8905.80241781,18718.5223683,8464.78480435
2024-04-29,52625.8765072,26495.1156729,9150.32474991,35427.1334405,17637.4535506,8927.6925023,18680.500968,8551.37536742
2024-04-30,51792.2193667,26123.1610896,9028.29146992,35282.6359379,17554.893527,8884.75369051,18308.0663473,8406.7041551
2024-05-01,52670.1017577,26335.0508788,8778.35029295,35113.4011718,17556.7005859,8778.35029295,17556.7005859,8778.35029295
2024-05-02,53162.7452682,26721.3686305,8992.50813673,35271.8926689,17639.187351,8810.1169962,17502.501516,8901.80187995
2024-05-03,53821.714462,26966.2204191,9071.51968704,35452.4902747,17737.0185129,8855.25750725,17488.5410546,8961.32372686
2024-05-06,54377.5313047,27178.4238178,9054.88354391,35478.2864008,17752.3661195,8859.43764757,17672.4918432,8969.03962479
2024-05-07,54437.529599,27216.5128636,8990.42988504,35552.0033043,17798.4089392,8857.76531342,17591.1926118,9053.91450199
2024-05-08,54442.7849482,27189.3073568,8982.11350174,35478.2864008,17748.5256069,8847.73339367,17539.455826,8977.85726436
2024-05-09,54756.4753852,27390.6294436,9017.45897491,35544.6418125,17802.2462421,8879.50079199,17816.2040233,9161.93429314
2024-05-10,54827.0240658,27401.5107555,9036.17168148,35470.9156375,17744.6931187,8865.29012206,17960.7382179,9136.58218947
2024-05-13,54834.3696483,27396.0700996,9106.86347195,35489.3410003,17765.7958771,8868.6320101,17759.5401632,9166.34403954
2024-05-14,55085.964943,27586.5086474,9152.60695665,35585.1794649,17817.5906389,8885.35326648,17909.8221934,9236.88793591
2024-05-15,55768.0920695,27864.0088259,9231.61513044,35821.0686115,17951.8785854,8930.49377752,18139.7619322,9364.7483427
2024-05-16,55653.3541374,27706.2119867,9266.96144774,35780.5124163,17917.3476742,8917.95474668,18069.1376107,9358.13511302
2024-05-17,55733.3584778,27804.1527021,9333.49504657,35666.2547698,17861.7123998,8909.59516109,18367.2381339,9357.03244477
2024-05-20,55797.56039,27815.0340141,9312.70408831,35633.0816996,17834.8544895,8906.25118784,18441.1467539,9301.92034425
2024-05-21,55934.4177527,27771.5043123,9258.64422031,35699.4247495,17880.8973092,8922.97174915,18414.0465924,9298.61511933
2024-05-22,55773.3639553,27510.3350099,9231.61513044,35655.1970798,17857.8767018,8921.29802486,18075.7074608,9214.84291038
2024-05-23,55365.976827,27357.9788267,9160.92418409,35555.6871407,17794.5748461,8887.02282037,17715.1952419,9016.43768061
2024-05-24,55732.3067465,27581.0657644,9190.03236978,35596.237155,17817.5906389,8897.89090719,17731.6192404,9023.04905706
2024-05-28,55771.253878,27586.5086474,9165.08153161,35430.3779851,17717.8384182,8871.1391212,17918.0348192,8963.53091659
2024-05-29,55380.7176019,27113.1314922,9050.72535226,35294.0111395,17631.5095355,8850.24119984,17751.3287905,8876.44977627
2024-05-30,55013.3359511,27357.9788267,9034.09174152,35459.861038,17719.7578721,8884.5150142,17784.998802,9006.51644618
2024-05-31,55514.3999267,27597.3921864,8957.16266356,35574.1155939,17802.2462421,8919.6256907,17680.704469,9175.1616791
2024-06-03,54579.2780552,27289.6390276,9096.54634253,36386.1853701,18193.0926851,9096.54634253,18193.0926851,9096.54634253
2024-06-04,54640.2872283,27209.1411704,8954.38081697,36517.7507219,18292.7258867,9124.75320433,18029.7722035,9166.64580159
2024-06-05,55289.6915062,27396.9746291,9069.36707741,36630.5174326,18359.144219,9147.83398428,18243.3457308,9155.69227195
2024-06-06,55288.6583335,27466.7444176,9111.18041735,36641.7941037,18351.3309685,9140.14062626,18378.1888049,9173.21828768
2024-06-07,55221.4501241,27128.6389201,9035.91776353,36318.5316277,18157.9306136,9064.91950462,17722.394354,9086.68945494
2024-06-10,55392.0730732,27166.211323,9084.00200103,36288.4500315,18118.86762,9052.09724125,17884.8764754,9117.35675976
2024-06-11,55525.4563193,26860.3054077,9063.09448226,36412.5028393,18214.5884933,9076.88765632,17935.9666033,9084.49617084
2024-06-12,55981.5013506,27187.6762467,9134.17766944,36585.4138903,18316.1672677,9090.56191374,17983.7071245,9165.54915954
2024-06-13,56094.2146447,26806.6387052,9123.72475885,36769.5984704,18437.2832419,9126.46213357,17837.1372322,9202.79171278
2024-06-14,56128.3483316,26565.138544,9148.81259306,36807.1800426,18480.2618227,9137.5754677,18068.2984309,9200.60027023
2024-06-17,56575.0753148,26661.7372905,9198.98911027,36675.6241169,18394.3095494,9124.75320433,17974.4941088,9164.45435904
2024-06-18,56718.8097817,26769.0750886,9272.16372836,36807.1800426,18474.4006628,9161.50824171,18046.5227927,9200.60027023
2024-06-20,56564.7370898,26769.0750886,9255.43652504,36743.2904273,18427.5179009,9163.2185827,18271.8218603,9174.31400896
2024-06-21,56488.899614,26590.8604286,9223.95641558,36747.0419863,18431.4285997,9149.54220765,17988.7321735,9197.31402718
2024-06-24,56305.2612881,26823.7807708,9217.66090297,36777.1235825,18447.0551007,9154.66970124,18059.9237753,9268.51012829
2024-06-25,56522.0910994,26861.6980358,9190.37723607,36773.3594554,18462.6816017,9165.7823295,17970.3061419,9154.59747145
2024-06-26,56592.6392508,26682.9496082,9165.19179043,36607.9672325,18351.3309685,9138.42887351,17804.4731358,9126.11792608
2024-06-27,56681.8624861,26747.9484373,9160.99534789,36668.1021468,18392.3542,9155.52593056,18006.3211229,9214.83820137
2024-06-28,56458.8011488,26769.6132493,9184.07917707,36487.6785517,18294.6796067,9127.31977464,18007.9952872,9288.3620196
2024-07-01,55010.0589345,27505.0294673,9168.34315576,36673.372623,18336.6863115,9168.34315576,18336.6863115,9168.34315576
2024-07-02,55380.2548655,27566.2033866,9201.78836293,36795.3096017,18405.9366226,9185.65612317,18335.8348669,9211.43772143
2024-07-03,55627.4101841,27894.3036942,9337.66242317,36993.4313948,18528.6179108,9222.01193098,18542.5347403,9202.59731647
2024-07-05,55948.1662058,28072.2576265,9335.57088244,37180.1389597,18631.5110452,9263.55949337,18792.6141618,9228.01474234
2024-07-08,56012.731884,27949.914298,9335.57088244,37191.5722381,18637.4494659,9260.09689989,18559.5467604,9257.84640674
2024-07-09,56067.2010798,27855.3807817,9375.28817556,37157.2787528,18611.7245368,9246.24652596,18591.0190625,9255.63974624
2024-07-10,56622.0084749,28244.6527535,9412.91477336,37195.3790976,18629.5299262,9263.55949337,18659.068441,9324.14898519
2024-07-11,56133.7759454,28355.8717061,9486.07642825,37385.8839968,18748.2572036,9291.25596995,18989.9572295,9591.56595948
2024-07-12,56487.8478319,28639.4880408,9529.9759574,37488.7612779,18787.8318658,9305.97270413,18978.0486856,9664.49585968
2024-07-15,56643.193397,28422.6044307,9431.72934038,37359.2201055,18728.4690498,9299.91387742,19039.2929964,9729.69373158
2024-07-16,56979.1004606,28589.4384973,9492.3493596,37511.6310099,18811.5707395,9328.47742613,19418.6661072,9849.03231709
2024-07-17,56180.183119,28428.163236,9354.38375864,37538.2917262,18827.4015916,9331.94073149,19328.5012323,9916.44051961
2024-07-18,55748.4479273,28150.114727,9272.86016791,37435.4239702,18773.9755509,9311.16517059,19205.162464,9829.1430116
2024-07-19,55378.2393599,27983.2784052,9182.97464133,37359.2201055,18714.6193167,9288.66116048,18860.6635402,9811.46403674
2024-07-22,55949.1960723,28255.7748743,9254.0464463,37343.9831426,18696.808991,9277.40559601,18866.6184611,9913.12456491
2024-07-23,55861.41733,28111.1850492,9157.89137,37340.1731081,18710.6636604,9272.21455332,18932.9662482,9905.3888665
2024-07-24,54595.4650174,27760.838245,9061.73291207,37225.8625485,18669.1095247,9244.5159411,18866.6184611,9759.52814857
2024-07-25,54311.0007322,27588.445373,9038.74033606,37328.7366546,18710.6636604,9267.02137497,18571.4553043,9727.4815659
2024-07-26,54919.2727294,27949.914298,9139.0776484,37462.0973866,18799.7021253,9296.45128393,18767.0967806,9897.65500314
2024-07-29,54951.5460912,27838.6976005,9107.72229113,37523.0547633,18831.3605387,9305.97270413,18740.7279547,9948.4843497
2024-07-30,54673.1346409,27899.8670097,9082.63732899,37561.1678083,18870.9401372,9312.89717922,18927.862772,10025.8367462
2024-07-31,55561.8209576,28311.3809679,9258.22783693,37763.102811,19009.4473412,9363.96829745,19270.6601043,9990.47604388
2024-08-01,56145.1976952,28072.5988476,9357.5329492,37430.1317968,18715.0658984,9357.5329492,18715.0658984,9357.5329492
2024-08-02,55099.853788,27580.2961055,9256.56753486,37848.8649472,19004.9650918,9402.52516664,18679.4206546,9352.40836052
2024-08-05,53495.1564668,26935.2120484,9000.93293705,37818.6886071,19024.4220414,9429.34615218,18442.3426599,9084.96234838
2024-08-06,53988.3388317,26980.4766767,9063.22996953,37592.345686,18855.1504511,9374.83671916,18294.7907539,9264.28466427
2024-08-07,53627.4985649,27110.6302668,9134.12113415,37479.1710916,18787.0495144,9346.28507245,18282.3571019,9200.75354828
2024-08-08,54867.2205359,27574.6351586,9331.75402796,37422.5822274,18730.6288772,9337.63176656,18569.1709694,9290.926059
2024-08-09,55109.1666305,27670.8345408,9355.38441616,37554.6135088,18806.5096902,9361.85818124,18614.7631347,9333.96307448
2024-08-12,55138.1284051,27682.1518452,9396.20046226,37618.7488084,18859.0411958,9386.9499265,18933.907027,9265.30822066
2024-08-13,56044.900065,28134.8440219,9467.09075808,37769.6399106,18942.7051113,9406.85181959,18904.893486,9346.26021546
2024-08-14,56221.7080719,28242.3584138,9406.94138985,37837.5358923,18968.0014041,9401.6591256,18750.7098773,9370.85364657
2024-08-15,57185.3735576,28587.5339039,9510.05359963,37679.1014886,18849.3094949,9381.75936387,18809.5654479,9363.68024343
2024-08-16,57313.5773342,28757.2980595,9608.87134973,37769.6399106,18886.282861,9378.29875197,19230.669081,9358.55820727
2024-08-19,57861.5843643,29091.1585398,9707.68823103,37811.1453056,18911.5727015,9384.35606609,19199.1688095,9436.43357702
2024-08-20,57767.484502,29011.9374089,9613.16667821,37924.3167661,18987.4519014,9421.56030824,19269.6295436,9425.16254495
2024-08-21,57966.0073636,29266.5767582,9658.27892158,37996.004769,19026.3674137,9442.32397965,19243.9312214,9475.37211273
2024-08-22,57511.0575201,29062.8652787,9544.42578422,37841.30911,18938.8143666,9412.9077128,19013.4849293,9503.03876553
2024-08-23,58122.1367153,29623.0718474,9681.90930979,38014.8551881,19026.3674137,9463.08978243,19233.1558114,9712.07739953
2024-08-26,57983.5838967,29504.240151,9619.61227731,37980.9024964,19003.0164933,9463.95653392,19294.4968475,9707.97806893
2024-08-27,58063.1963955,29617.4131952,9630.35407369,37992.2190156,18995.2398431,9463.95653392,19346.7207155,9722.32232269
2024-08-28,57726.1271916,29470.2882378,9568.05704122,37958.2788595,18985.5065291,9463.08978243,19210.773973,9684.41074672
2024-08-29,57731.2887601,29549.5093687,9580.94389545,37909.2270291,18952.4335861,9450.11408631,19310.2469833,9654.69442861
2024-08-30,58282.3979122,29645.7087509,9606.72368549,37818.6886071,18886.282861,9419.82964706,19172.6419988,9747.94101187
2024-09-03,57280.2974263,28640.1487132,9546.71623772,38186.8649509,19093.4324754,9546.71623772,19093.4324754,9546.71623772
2024-09-04,57163.0556396,28551.1351121,9542.38095489,38354.2831893,19205.1491039,9572.10258008,19105.039879,9573.82602056
2024-09-05,57024.0304447,28556.7052302,9568.39528197,38453.2121484,19250.2297614,9578.22910376,19264.2289354,9542.7002515
2024-09-06,56064.3062443,28022.6213676,9429.65834111,38502.6782035,19277.6611455,9584.35706457,19121.6229685,9533.66282351
2024-09-09,56692.0089312,28323.0377593,9494.69021366,38559.7478763,19305.1006301,9606.23966198,19202.0461452,9640.09521232
2024-09-10,56938.94388,28211.7730139,9473.01379951,38677.7095129,19387.4158436,9627.25063457,19286.6138291,9779.66094644
2024-09-11,57523.0797504,28373.1101659,9531.54230947,38666.2930575,19373.6952912,9633.37715825,19255.9373907,9760.58313605
2024-09-12,58007.6046178,28629.024269,9594.40697895,38632.0468422,19342.3416664,9635.12759358,19594.2119216,9801.75095493
2024-09-13,58310.5707557,28706.913426,9637.76068395,38711.9462748,19379.5810825,9667.51639586,19789.0505721,9904.16652381
2024-09-16,58396.684104,28935.0107788,9674.61365646,38803.2810695,19430.5361908,9700.78113437,19787.3932753,9937.30070284
2024-09-17,58420.5470739,28795.9225151,9685.45230188,38765.2251676,19395.258705,9697.27954513,19677.9509571,9868.01764556
2024-09-18,58247.2870953,28695.7889819,9650.76828584,38643.4632977,19310.9815611,9661.39059075,19526.224797,9855.9696869
2024-09-19,59241.2330821,29246.5583827,9852.36726608,38647.263531,19295.3006985,9690.27636664,19829.6771172,9857.97976429
2024-09-20,59138.8341667,28981.017834,9846.71430275,38613.0173158,19289.4278679,9677.14594591,20081.7254023,9818.82118908
2024-09-23,59286.6130165,29098.1685405,9927.15768933,38597.8100803,19277.6611455,9678.02044501,20120.6921203,9916.21364876
2024-09-24,59456.2467595,29276.6807874,10272.8484957,38651.0826709,19299.2213191,9701.65563347,20401.7595469,9930.27335224
2024-09-25,59325.1174002,29092.5893983,10168.4887258,38502.6782035,19220.8234862,9664.89146142,20373.5690538,9864.00249305
2024-09-26,59560.3158228,29739.7089835,10492.4364887,38510.2881234,19207.1110343,9652.63482122,20477.2070376,9774.64200581
2024-09-27,59473.9360308,29555.6130823,10490.2622721,38620.6303868,19283.5453168,9676.27072825,20314.7033875,9787.09431434
2024-09-30,59712.2667932,29460.7789446,10403.2953588,38533.1178832,19230.626658,9670.14492314,20152.1984722,9864.04667974
2024-10-01,59013.942686,29506.971343,9835.65711433,39342.6284573,19671.3142287,9835.65711433,19671.3142287,9835.65711433
2024-10-02,59038.8479648,29456.3300462,10039.6747891,39261.0153652,19615.2210198,9826.77113119,19675.3190564,9801.10549827
2024-10-03,58930.9186094,29180.6165719,9888.7015617,39101.6654339,19515.0520985,9785.01618923,19661.7036198,9711.68162519
2024-10-04,59466.437189,29355.045177,10009.0720968,38849.0479813,19326.726799,9718.38515674,19622.4582633,9664.93728987
2024-10-07,58928.838309,29191.8734802,10096.7980598,38716.9120405,19256.6148287,9707.72387101,19555.9820335,9579.57737763
2024-10-08,59486.1643992,29146.8549488,9800.97477598,38782.9719889,19272.6414598,9723.71689232,19411.8167896,9598.88558445
2024-10-09,59898.1870141,29158.1095817,9733.64868827,38681.9262914,19200.515015,9705.94638299,19306.0964255,9609.04590493
2024-10-10,59793.3619076,29107.4682848,9754.05103162,38658.6110155,19198.5137501,9725.4921949,19447.8590172,9523.68766614
2024-10-11,60151.4133641,29253.7648589,9823.416531,38670.2686534,19204.5224984,9726.38166739,19660.1014443,9631.40312828
2024-10-14,60643.3622874,29315.6562376,9776.49196396,38635.2957396,19170.4663201,9716.60694024,19628.0652665,9689.32523856
2024-10-15,60172.1710034,28899.2735056,9580.63522649,38790.7469563,19268.6356276,9727.2704114,19696.1424497,9806.18691359
2024-10-16,60433.7120744,29011.8107321,9670.40389189,38841.2665962,19298.6810201,9729.04789942,19794.6548572,9913.90321246
2024-10-17,60438.9031044,29000.5606503,9639.80202221,38650.8392568,19198.5137501,9699.72808883,19913.1914033,9835.65711433
2024-10-18,60671.3912571,29163.7391736,9758.13150029,38678.0372032,19220.5507807,9715.72038166,20124.6333537,9908.82179714
2024-10-21,60571.7507,28831.7502595,9688.76517824,38409.8794422,19072.3003149,9645.5351016,20120.6285259,9714.73064173
2024-10-22,60539.5676101,28685.4536855,9676.52377222,38417.6512008,19054.2674653,9658.86261936,20337.6762575,9728.9565965
2024-10-23,59986.39564,28409.7447622,9615.31921019,38320.4913827,19010.1934041,9634.87308739,20092.5959539,9800.08888052
2024-10-24,60116.1260253,28511.0250803,9605.11886119,38394.3327161,19052.2662004,9644.64417216,20247.1735055,9821.43032284
2024-10-25,60095.368386,28420.994844,9596.95874652,38316.6022945,19010.1934041,9618.88152304,20288.8215142,9728.9565965
2024-10-28,60281.1567107,28629.1918988,9627.55897085,38254.4153902,18966.1160406,9600.22591209,20289.6219909,9759.44257827
2024-10-29,60378.7104868,28533.5320705,9590.83557549,38297.1761068,18974.1343097,9614.4407169,20510.6745501,9689.32523856
2024-10-30,60196.045853,28392.8605374,9521.47172146,38258.3044783,18946.0819261,9633.09632785,20623.6040931,9732.00393959
2024-10-31,59016.0229864,28190.2976256,9501.06855543,38250.5359285,18936.0689968,9622.43722756,20304.0379042,9567.38382165
2024-11-01,57961.345253,28980.6726265,9660.22420883,38640.8968353,19320.4484177,9660.22420883,19320.4484177,9660.22420883
2024-11-04,57836.5032931,29021.0772111,9691.33201821,38803.0297087,19423.5814948,9676.36121045,19347.9977233,9766.04879596
2024-11-05,58535.8451733,29326.9919684,9832.35748825,38893.9703101,19433.8975142,9685.32612973,19391.616776,9895.73679502
2024-11-06,59991.3818747,28951.8198784,9739.03155129,38589.4984559,19233.8206325,9670.08738277,18802.3689718,9685.12386043
2024-11-07,60455.2499013,29390.4815525,9950.57017448,38882.117407,19388.515164,9705.94412205,19104.6453291,9801.32451261
2024-11-08,60717.1156887,29003.7622944,9703.77581098,38949.3456933,19429.7707675,9732.83741098,18975.3178445,9947.61199464
2024-11-11,60774.9700529,28992.2174604,9647.78125234,38862.3430416,19376.1417029,9700.56634563,18529.9375983,9897.81269145
2024-11-12,60586.1764569,28518.9259529,9483.94299849,38636.9458676,19254.4492816,9649.46645258,18369.9991254,9760.86161771
2024-11-13,60615.6170267,28357.3146171,9434.17033623,38629.0406778,19242.0690416,9631.53881741,18184.8070251,9814.81271377
2024-11-14,60225.841629,28380.3996166,9376.0993033,38613.2205345,19240.0099051,9629.74524598,18137.3602852,9726.62470355
2024-11-15,59454.4289804,28299.5951158,9357.43528669,38617.1780112,19248.2633985,9632.43339972,18105.2196232,9731.8118818
2024-11-18,59698.0409808,28490.0662022,9436.24179287,38652.7725199,19291.574749,9655.74248366,18449.5853596,9802.36246083
2024-11-19,59916.2624703,28455.4317005,9450.76038738,38708.1251216,19332.8235734,9670.98123062,18614.8811933,9850.08843042
2024-11-20,59936.5634703,28374.6295338,9448.68558564,38668.5959177,19303.94821,9666.50023991,18719.7210549,9837.63646893
2024-11-21,60258.3244967,28443.8868665,9415.50297452,38648.8182977,19293.6389697,9653.94744329,18875.834176,9910.26294439
2024-11-22,60445.1025703,28570.8683689,9417.57777626,38676.4913441,19306.0090412,9661.12172902,19119.1854025,9984.96275345
2024-11-25,60650.1090786,28709.3993735,9421.72570718,39024.4759149,19514.3377215,9714.01225563,18555.9560626,10123.9888694
2024-11-26,60966.8059467,28536.2408696,9371.95137237,38965.1560731,19473.0855075,9691.60289528,18591.923244,10164.4526185
2024-11-27,60782.075086,28686.3120398,9407.20878523,39071.9168177,19551.4682731,9722.08112367,18633.2477863,10229.8143108
2024-11-29,61159.6559398,29032.622045,9450.76038738,39226.1347377,19633.9676168,9749.87119831,18793.951096,10184.1642376
2024-12-02,59129.9476984,29564.9738492,9854.99128307,39419.9651323,19709.9825661,9854.99128307,19709.9825661,9854.99128307
2024-12-03,59157.3816052,29688.2828799,9895.87399516,39344.2243069,19653.9004979,9859.53126161,19749.6543492,9805.06909994
2024-12-04,59524.7145822,29694.1529293,9910.93581865,39471.7714513,19728.6748874,9887.6870022,19809.5684768,9778.5803946
2024-12-05,59426.7538204,29829.2044334,9975.488474,39479.7441698,19726.5973957,9875.87874977,19663.0230448,9755.14859458
2024-12-06,59539.4071673,29788.1022147,9979.79210004,39591.3458773,19788.9136406,9884.05249386,19670.3095476,9740.88499384
2024-12-09,59232.8019107,29717.6426253,10222.9382949,39475.7610807,19720.3700248,9865.88738012,19865.4341355,9768.39126947
2024-12-10,59048.6491355,29500.3843092,10033.5848226,39427.9280402,19685.0543667,9862.25584297,20126.9489188,9626.77702684
2024-12-11,59505.1224298,29711.7678266,10050.7993268,39336.2581288,19626.8982096,9847.72375198,20318.8354729,9604.36279711
2024-12-12,59198.5232901,29424.0451719,9990.55116515,39176.8233807,19552.1221187,9815.93721703,20020.885705,9589.0807872
2024-12-13,59186.7667753,29347.7107839,9994.85392353,39029.3477103,19460.7260937,9788.69140342,19778.8015957,9561.57283379
2024-12-16,59439.4890253,29224.4017532,9943.21214632,39065.2118627,19466.9568675,9777.79382077,19826.5715521,9527.95190864
2024-12-17,59194.5962961,29153.9421637,9919.54220308,39065.2118627,19466.9568675,9772.34317246,19750.4647843,9482.10504001
2024-12-18,57430.3911788,28431.6981276,9689.30601867,38767.7032348,19316.492699,9710.49562124,19371.5505801,9090.88155948
2024-12-19,57412.7564067,28361.2337889,9730.18959843,38667.7401266,19228.965811,9671.38361699,19399.0794273,8950.28404826
2024-12-20,58102.3353314,28351.1036795,9784.40053627,38771.6994046,19299.8166166,9690.48168443,19601.490518,9101.06816795
2024-12-23,58450.2718941,28517.9774051,9826.27065288,38651.7456368,19214.3723248,9677.74939187,19509.1911101,9136.66047825
2024-12-24,59099.950847,28631.2180663,9865.93689649,38695.7263959,19224.7972158,9699.57872585,19548.0536936,9197.35313541
2024-12-26,59103.877841,28744.4563529,9841.69516099,38723.725746,19239.3872991,9699.57872585,19680.02612,9222.0415886
2024-12-27,58481.7306639,28672.9353104,9806.43753108,38643.7434867,19189.3675593,9675.02035373,19544.8144243,9129.45946968
2024-12-30,57814.3496539,28494.1457645,9720.49342483,38795.7058551,19301.9060186,9703.21694818,19482.4726979,9084.19898327
2024-12-31,57604.0230355,28500.0989254,9705.06718139,38747.7125753,19266.4797651,9691.39235421,19603.9193523,9163.40672199
2025-01-02,57680.2365284,28840.1182642,9613.37275473,38453.4910189,19226.7455095,9613.37275473,19226.7455095,9613.37275473
2025-01-03,58401.4338925,29009.3391403,9661.52677836,38413.8044068,19195.5572998,9593.55338209,19075.5456142,9739.67819443
2025-01-06,58737.8624945,29293.389414,9659.33690142,38374.1340197,19176.8559139,9593.55338209,19052.0427116,9614.462276
2025-01-07,58073.8959993,29196.6945225,9598.05051068,38239.2254986,19089.5550614,9578.2395159,19159.3711594,9522.99931816
2025-01-08,58158.7384139,29160.4327342,9536.76325812,38282.8742819,19122.8153574,9603.46343626,19261.216274,9548.04321221
2025-01-10,57270.803417,28725.2936825,9370.41275962,38068.6087616,18983.5494288,9569.22923873,19445.3209502,9315.03039639
2025-01-13,57359.5999867,28646.7260732,9302.55846169,38032.8843206,18950.2925269,9569.22923873,19251.8155911,9429.35820573
2025-01-14,57438.5234486,28755.5090301,9414.18702937,38044.7903043,18956.5257565,9572.83349674,19352.8765185,9515.37799698
2025-01-15,58483.3352507,29112.0804725,9512.68581539,38374.1340197,19156.0654712,9639.49865924,19497.8100887,9569.8194304
2025-01-16,58370.8505905,29208.7825879,9508.30778515,38457.4564351,19201.7990146,9652.11098728,19632.5587889,9767.98798844
2025-01-17,58956.8944425,29353.8249252,9587.10543506,38457.4564351,19216.3511366,9655.71524529,19528.3635036,9761.45618853
2025-01-21,59496.5567921,29921.9230646,9676.84816059,38584.4341238,19280.7843689,9662.92228988,19830.7644894,9944.38121625
2025-01-22,59831.0083166,29855.4459287,9668.0921001,38493.167896,19230.8998645,9652.11098728,19932.6084086,9771.25477635
2025-01-23,60157.5760909,30060.9310011,9705.30277175,38429.6855417,19181.011966,9661.11979302,19904.4063599,9843.11789468
2025-01-24,59981.9600291,30230.1518772,9757.83568744,38493.167896,19220.5088857,9678.23836321,20028.1860028,9876.87174324
2025-01-27,59133.4867631,30175.7579907,9600.2395258,38707.4366613,19345.2192983,9718.77835691,19819.7966276,10008.6212375
2025-01-28,59641.5895519,30145.5378272,9654.9605948,38695.5339227,19347.3015669,9725.08268165,19991.3650676,9887.75896438
2025-01-29,59374.2113041,30145.5378272,9661.52677836,38671.7252004,19324.4373408,9713.37307347,19914.5900346,9757.09987935
2025-01-30,59692.8830482,30471.8939219,9810.36860314,38727.2832124,19366.0046499,9723.27944908,20216.2068333,9881.22805242
2025-01-31,59375.2121228,30181.8020235,9718.43686249,38647.9164781,19334.8300166,9730.48870081,20256.1621264,9859.45094628
2025-02-03,58929.697605,29464.8488025,9821.61626751,39286.46507,19643.232535,9821.61626751,19643.232535,9821.61626751
2025-02-04,59325.0259513,29823.2982907,9979.59847812,39359.2398814,19691.9212106,9837.94692642,19836.6872817,9829.22430618
2025-02-05,59565.5445613,30110.0640701,9935.09712563,39569.4870133,19806.2362253,9881.49337448,19959.8640327,9967.26548874
2025-02-06,59772.5710639,30235.5242474,9981.82464086,39529.0477745,19782.9497377,9864.25809101,19906.9652775,9992.26573605
2025-02-07,59225.4453692,29996.5507809,9986.27521416,39403.7128279,19717.3216757,9837.94692642,19942.482486,9959.65656367
2025-02-10,59627.6635555,30187.7295541,10086.4052285,39415.8469064,19713.0902749,9842.48412609,20280.2730245,9955.30961952
2025-02-11,59673.0088874,30307.2103365,10044.1256583,39326.9010133,19662.2824531,9839.75987998,20206.2175346,9998.78792509
2025-02-12,59480.7621041,30366.9542982,10093.0793362,39120.7007712,19526.800097,9780.79184289,20227.3765755,9906.39763376
2025-02-13,60108.7437221,30761.2515916,10146.4809592,39355.1995825,19672.8695696,9835.22490297,20426.8757741,10005.3092277
2025-02-14,60105.7865512,30773.2032403,10208.785481,39500.7459097,19755.4284035,9853.36851544,20123.0919076,9959.65656367
2025-02-18,60282.2413058,30982.2987751,10257.7365307,39343.0720951,19649.5813591,9821.61626751,20456.3485307,10004.2224917
2025-02-19,60424.2161841,30713.4592786,10228.8113087,39399.6659381,19681.3392628,9841.57727887,20467.6833193,10011.8305304
2025-02-20,60172.8259832,30832.940061,10337.8407174,39460.3165575,19721.5565223,9861.53532668,20478.2616867,10059.6557801
2025-02-21,59143.626218,30611.8976382,10324.4907497,39630.1310416,19837.9906832,9881.49337448,20459.3696036,9960.74507252
2025-02-24,58874.4929918,30582.0244671,10166.5067869,39698.8523721,19880.3270889,9903.26733941,20570.4551446,9999.87554753
2025-02-25,58581.7023985,30803.0716507,10162.0562136,39945.4885574,20036.983678,9945.00009302,20299.1651076,10122.6988799
2025-02-26,58611.2741073,30850.8663439,10259.9618173,40010.1728846,20092.0280692,9953.16468159,20330.1484007,10080.3073104
2025-02-27,57675.7160417,30486.4350806,10079.7284924,39949.5255607,20068.736413,9941.37048146,20020.3177762,10120.5254079
2025-02-28,58575.7880568,30510.3359977,9952.89766662,40127.4272335,20178.818304,10010.320506,19894.8740675,10206.3935102
2025-03-03,59717.0955859,29858.547793,9952.84926432,39811.3970573,19905.6985286,9952.84926432,19905.6985286,9952.84926432
2025-03-04,59010.2340156,29777.3013306,10038.2234659,39711.0229159,19843.094601,9917.76592535,20078.8310475,9837.85488401
2025-03-05,59644.4689846,30479.5142947,10337.0331714,39574.5165632,19732.4958529,9867.39037631,20120.6213413,9947.57355868
2025-03-06,58585.7109042,30195.1458956,10283.1125765,39534.3649491,19722.0660985,9862.89292675,20018.3842911,9692.26450827
2025-03-07,58914.0776178,30514.3371801,10325.8014465,39486.1875798,19697.0238501,9846.69858207,20028.8330032,9750.2895271
2025-03-10,57344.8579188,29812.1195914,10094.3909366,39674.887442,19834.7477493,9890.77828944,19853.4618,9656.39452792
2025-03-11,56868.1630861,29730.873129,10166.2865375,39534.3649491,19763.8003568,9863.7921228,20086.294088,9543.50974158
2025-03-12,57169.9378192,29951.3995715,10202.233011,39417.9327722,19705.3673149,9852.09596233,20173.6050572,9513.96854314
2025-03-13,56407.8359771,29725.0693148,10170.7802889,39538.3810893,19784.6666393,9866.49191489,20531.8105042,9326.17940514
2025-03-14,57572.9810784,30293.8038007,10352.7621862,39458.0778612,19715.8055364,9843.10106321,20540.0182545,9512.91374616
2025-03-17,58016.9404637,30653.6148479,10494.3020893,39510.2713707,19732.4958529,9845.79938602,20651.2123198,9675.38431508
2025-03-18,57389.8803,30612.9881483,10467.3431187,39550.4229847,19755.4551986,9856.59414652,20892.2523581,9624.74545622
2025-03-19,58014.8968856,30752.2773776,10483.0694797,39666.8518992,19815.9677564,9906.9704302,20978.0716303,9636.34994377
2025-03-20,57847.1261261,30514.3371801,10388.7086598,39690.9389526,19845.1791971,9915.96826787,20951.2074174,9630.01858079
2025-03-21,57866.2122543,30346.4219667,10340.8059765,39642.7615833,19828.4888806,9904.27137276,20782.5522674,9523.46343672
2025-03-24,58902.522807,30387.2336484,10372.2905441,39490.2004574,19713.7175534,9879.08433287,20690.016942,9670.10860944
2025-03-25,59044.1090283,30550.4803754,10361.0455502,39526.3359313,19747.1066535,9895.27647364,20781.0605703,9561.60647877
2025-03-26,58339.2146406,30183.1752397,10298.0755305,39429.9811926,19701.199816,9882.68258638,20763.8958049,9598.91153365
2025-03-27,58184.2974145,30218.1576722,10365.5437247,39409.9102793,19684.499339,9903.3721767,21042.2510456,9574.39653748
2025-03-28,57012.5504737,29874.1718458,10190.1237661,39638.7519681,19843.094601,9953.74992965,21198.2187991,9561.60647877
2025-03-31,57395.2661787,29635.1333169,10178.8778876,39715.0390561,19901.5293363,9993.32998354,21502.6935428,9650.0717685
2025-04-01,59536.6091141,29768.304557,9922.76818568,39691.0727427,19845.5363714,9922.76818568,19845.5363714,9922.76818568
2025-04-02,59913.3816257,29850.0077099,9931.50920879,39646.954756,19826.8091523,9907.49575238,19886.252696,9983.01847264
2025-04-03,56960.7995416,29225.5772283,9752.32854881,39855.5219616,20030.6765292,9969.48433571,19766.1739722,9642.3273512
2025-04-04,53626.1504409,27375.6364847,9206.0395293,39891.6128851,20086.8464071,9936.2443767,19303.7984374,9223.85778271
2025-04-07,53530.6320405,26780.3868578,8834.56409618,39386.2554945,19847.6145559,9816.75781572,18889.0407632,8981.75836149
2025-04-08,52692.1938453,26640.3312534,8716.56630055,39181.7066932,19747.7657829,9792.50052607,18991.868806,8740.75544509
2025-04-09,58225.8898846,28630.3299158,9284.70443989,39269.9394182,19685.3596688,9813.16387318,19694.4017885,9262.20096452
2025-04-10,55674.4916676,28064.2565146,9164.52095873,38961.1037656,19562.6239423,9696.37094661,20175.4095751,9050.77449705
2025-04-11,56667.8764469,28834.5796974,9417.99859622,38920.9976862,19452.3691021,9699.96561814,20560.490855,9161.41537039
2025-04-14,57217.6422973,29167.2178334,9505.40538942,39149.6179315,19608.3894356,9746.68322617,20443.1731668,9350.93296415
2025-04-15,57057.37816,29365.6351472,9507.58935596,39229.8268418,19666.6324498,9745.78437604,20550.139604,9379.41467682
2025-04-16,55789.1071629,29301.4432845,9387.40587481,39354.1667328,19751.9221519,9772.7360291,21218.8577978,9372.84095358
2025-04-17,55868.7025373,29616.5724447,9461.70113333,39253.8982858,19695.7573223,9795.19561848,21125.6923266,9513.06092867
2025-04-21,54538.8796278,29476.5168403,9472.62784197,39017.2477288,19589.6638994,9744.8862549,21779.2279836,9314.78102342
2025-04-22,55957.8530444,30054.259806,9621.21749952,39089.4458184,19604.2280184,9780.82203531,21470.0572818,9495.53453714
2025-04-23,56824.9533449,30141.7954267,9715.17877082,39185.708855,19625.0266909,9809.57065964,20955.2347065,9513.06092867
2025-04-24,58021.057079,30526.9581753,9837.5479375,39402.2901298,19731.1234794,9861.67626549,21260.2649079,9548.11813314
2025-04-25,58440.2844081,30596.9871347,9804.77039005,39546.6830605,19806.0071143,9866.16905816,21029.7679259,9531.68470931
2025-04-28,58462.5555719,30807.0740131,9830.9934594,39654.9850677,19885.0605802,9900.30859629,21329.276056,9590.84026001
2025-04-29,58830.8463393,30900.4467305,9865.9541139,39751.2416073,19953.7062961,9917.37727187,21121.5518262,9642.3273512
2025-04-30,58854.1843063,30853.7592145,9887.8058122,39715.1409383,19984.9093531,9929.05576263,20963.5157073,9676.2862823
2025-05-01,59854.4419951,29927.2209975,9975.74033251,39902.96133,19951.480665,9975.74033251,19951.480665,9975.74033251
2025-05-02,60742.9346985,30472.9040589,10242.6140479,39708.367753,19817.5499588,9923.86325586,19986.3598418,10098.4386123
2025-05-05,60394.6145431,30529.7429447,10324.2197375,39639.4526036,19781.9737977,9913.8520707,20583.3075364,10075.9256333
2025-05-06,59889.8199753,30524.0597324,10273.490751,39736.7461194,19832.2022416,9943.88562618,21160.1342036,9998.25422016
2025-05-07,60141.6952345,30416.0606643,10145.5691394,39797.5512939,19884.5144683,9953.8982812,20842.8790249,10009.5107097
2025-05-08,60560.7314503,30313.7470629,10127.9238219,39590.7960274,19729.6598838,9918.40274303,20432.3936899,9970.11208776
2025-05-09,60483.5715434,30512.6910535,10200.7068527,39631.3491744,19744.3071047,9927.50555755,20580.6240505,10036.52792
2025-05-12,62482.4074762,30660.4793706,10430.0864372,39497.5673174,19618.7503368,9850.14486283,20000.444561,10086.0562921
2025-05-13,62895.0330956,30711.6372985,10447.7308872,39457.0272616,19604.0997412,9873.80806499,20085.6263064,9957.72976759
2025-05-14,62975.4116006,30586.5840849,10533.7470386,39343.5203418,19530.8551999,9863.7961449,19663.0683549,9859.79612819
2025-05-15,63283.0071787,30910.5857978,10516.1034561,39566.4824668,19658.5075615,9892.01001939,19976.9686644,10039.9045034
2025-05-16,63683.8423547,30978.7956168,10527.1304783,39590.7960274,19664.7909679,9909.30139837,19735.5061006,10164.8535359
2025-05-19,63753.5077157,31228.8997897,10571.2420369,39578.6441563,19654.321436,9910.21123886,19989.7126641,10167.1061059
2025-05-20,63539.1517355,31376.6881068,10549.1879926,39509.7257341,19629.2164941,9895.65158615,20361.9660001,10107.4443491
2025-05-21,62468.462434,31206.1624319,10522.7191489,39250.2719951,19493.1885069,9841.95409359,20512.2105103,9838.40807121
2025-05-22,62493.1206202,31172.0586495,10498.4572711,39363.7789149,19566.4347355,9871.07633872,20330.4416925,9793.38029591
2025-05-23,62066.5566086,31280.0577176,10542.5688298,39420.5421932,19622.9314004,9880.17694845,20775.8062043,9803.51186338
2025-05-27,63356.9551374,31717.7372022,10505.0746989,39598.9158206,19704.54988,9908.3922928,20423.6738957,9974.61541049
2025-05-28,62990.4139923,31427.8460347,10441.1134594,39525.9489566,19650.1386851,9885.63966607,20377.3934857,9964.48384302
2025-05-29,63239.0507033,31552.8947396,10487.430249,39671.8826846,19731.7537901,9913.8520707,20498.1237441,10054.5375763
2025-05-30,63168.3346428,31592.6884973,10366.1243302,39769.1794731,19790.3460486,9946.6158826,20363.3087665,10054.5375763
2025-06-02,61856.9975362,30928.4987681,10309.4995894,41237.9983575,20618.9991787,10309.4995894,20618.9991787,10309.4995894
2025-06-03,62209.7488334,30702.9454803,10333.4581262,41208.4058546,20599.2433826,10300.0121698,20436.4065755,10288.7523608
2025-06-04,62193.0421175,30862.4831185,10435.8345202,41453.6592092,20750.6944907,10339.8642237,20568.0573768,10317.5684729
2025-06-05,61892.4701678,30862.4831185,10461.9735203,41347.9503109,20689.2363257,10309.4995894,20464.1911775,10309.4995894
2025-06-06,62528.0570988,30961.5076838,10507.7169848,41136.5155014,20524.6158627,10254.4652182,20189.6420806,10359.0657214
2025-06-09,62584.4066498,30972.5106558,10583.9543786,41187.2518255,20561.9296227,10268.6982584,20284.907611,10372.8959665
2025-06-10,62939.2365732,31044.0267004,10662.3696655,41280.2928051,20597.0490781,10273.4423504,20290.8614543,10461.6536858
2025-06-11,62759.7300343,31038.5284872,10697.2219513,41419.8406641,20682.6516483,10290.5216929,20400.6814969,10405.1724313
2025-06-12,63009.1587119,31280.585142,10699.3989876,41572.0734547,20772.6445914,10319.9385789,20654.0620463,10455.889533
2025-06-13,62304.7116195,30900.9924292,10538.211771,41424.0701089,20695.8210031,10304.7554974,20924.6419144,10354.4534687
2025-06-16,62897.4956854,31055.0318542,10636.2323789,41339.494824,20636.5571425,10290.5216929,20626.2754253,10362.5232827
2025-06-17,62360.025095,30664.4383514,10516.4294136,41466.3475435,20737.523372,10344.6075514,20636.8607086,10325.638287
2025-06-18,62350.6291862,30746.9595498,10488.1116637,41495.9536568,20750.6944907,10352.19871,20525.7182627,10361.3704521
2025-06-20,62204.1993545,30497.9799464,10389.5907058,41534.0084519,20763.8603177,10370.2280938,20517.1175939,10354.4534687
2025-06-23,62818.6244454,30730.8750943,10474.7864197,41618.5837367,20836.295297,10378.767765,20579.9650634,10510.064196
2025-06-24,63512.6007009,31135.6679509,10701.977846,41787.7343064,20908.7267485,10392.0515282,20256.4607979,10537.728408
2025-06-25,63548.17694,30980.4023372,10728.1922413,41783.5048617,20917.5074943,10397.7448972,20317.9858641,10284.141969
2025-06-26,64045.3636237,31318.6559048,10800.2803291,41897.6692468,20992.1332502,10428.1095315,20295.4928943,10274.5964574
2025-06-27,64363.5682817,31512.7362856,10789.358307,41779.2720143,20937.2597626,10414.825004,19927.6628813,10300.2052999
2025-06-30,64671.3021026,31612.5441282,10804.6506802,41948.4123762,21020.6662644,10441.3925304,20166.4868996,10366.5530722
2025-07-01,63360.9985265,31680.4992633,10560.1664211,42240.6656844,21120.3328422,10560.1664211,21120.3328422,10560.1664211
2025-07-02,63648.2459486,31780.5940651,10589.9370498,42189.3573542,21076.0005175,10555.3471756,21237.0775181,10584.8864541
2025-07-03,64149.8786201,31819.5217662,10636.7205386,42103.8434705,21002.8667413,10537.0423959,21092.1788197,10596.6578983
2025-07-07,63671.8288972,31424.6958448,10511.2570545,41954.191602,20936.3718054,10523.5506742,21107.9722329,10506.0168365
2025-07-08,63636.955834,31652.6934498,10551.659574,41937.0819664,20905.3384679,10514.8797448,20887.5329852,10490.7148999
2025-07-09,64018.5667822,31869.5713552,10549.5336963,42112.4000031,21013.9444958,10554.3850281,20980.9270493,10498.9558518
2025-07-10,64199.1070734,31891.8107546,10560.1664211,42099.5703484,21002.8667413,10551.4939448,21027.6261771,10564.8749988
2025-07-11,63973.4317094,31624.8898245,10545.2811067,41924.2694591,20905.3384679,10534.1513126,21229.524511,10566.0530842
2025-07-14,64095.5096425,31663.8153376,10558.0397093,41919.9826191,20896.4730683,10540.8940798,21151.9238601,10634.32652
2025-07-15,63821.6085447,31346.8426305,10634.5938268,41795.9797715,20814.4685659,10512.9546762,21064.0227015,10477.7672521
2025-07-16,64034.978382,31496.9892093,10683.5023594,41855.8412048,20872.0945511,10548.6036351,21169.0920715,10576.6464431
2025-07-17,64426.8449935,31569.2803857,10749.4245861,41872.9542699,20865.4486086,10558.2382588,21123.0803428,10564.8749988
2025-07-18,64379.6600573,31496.9892093,10736.6659835,41949.9047621,20923.0763694,10569.8002715,21178.0198768,10587.2416839
2025-07-21,64501.7379904,31702.7408507,10791.9546514,42065.3510771,20996.2154722,10596.7790743,21503.5284945,10630.7950867
2025-07-22,64510.9655489,31852.8852415,10794.0805292,42146.5952681,21056.0573634,10606.4136981,21707.4869299,10813.252473
2025-07-23,65059.7958493,32531.3182067,10894.0259741,42052.5351403,20980.7023546,10564.9833463,21438.2884529,10834.4410726
2025-07-24,65081.3289345,32303.3206017,10840.863184,42026.88269,20949.6707926,10572.6921281,21307.1230662,10796.7733919
2025-07-25,65356.2581372,32264.3929005,10811.0933893,42095.2903674,20998.4296026,10582.3259785,21110.0323345,10797.9495954
2025-07-28,65339.8465373,31786.156103,10726.0324247,42039.7054857,20951.8884742,10568.8373505,20973.3740423,10624.9093646
2025-07-29,65167.5056997,31775.0342152,10732.413394,42266.3181347,21089.3066069,10625.6844925,21031.0589811,10795.5953065
2025-07-30,65085.441354,31535.9125343,10645.2265517,42146.5952681,21016.1604018,10584.2533673,20667.7790408,10642.567472
2025-07-31,64841.291834,31263.4295663,10589.9370498,42167.9848848,21033.8929766,10566.9099617,20805.1247321,10493.0701297
2025-08-01,63482.5994829,31741.2997414,10580.4332471,42321.7329886,21160.8664943,10580.4332471,21160.8664943,10580.4332471
2025-08-04,64447.5219822,32183.253395,10678.6762748,42355.8781195,21189.616208,10611.1660217,21284.0910712,10688.7124958
2025-08-05,64120.7750038,32239.9144056,10712.8490373,42368.6885155,21174.1358646,10601.5621258,21301.2054216,10737.498603
2025-08-06,64611.9124893,32489.220623,10759.8358529,42351.6057126,21158.6519893,10592.9187733,21256.0232857,10654.2068732
2025-08-07,64557.7957711,32721.5296519,10838.857801,42317.4605816,21143.1716459,10604.4429869,21435.3813444,10685.1428503
2025-08-08,65061.1880055,32874.5110365,10826.0420727,42236.3462739,21094.5143449,10597.7207212,21430.5888249,10597.0925442
2025-08-11,64932.5320933,32744.1918268,10813.2280197,42266.2428852,21101.152562,10597.7207212,21122.5305164,10526.8885637
2025-08-12,65623.8009977,33112.4850518,10937.1016663,42266.2428852,21096.725318,10579.4727037,21103.3625274,10586.3836076
2025-08-13,65848.4482311,33265.4708952,11060.9744753,42419.9130368,21171.9231256,10619.8078361,21167.7126523,10685.1428503
2025-08-14,65854.5692887,33208.812114,10937.1016663,42300.3880162,21103.3617691,10588.1160563,21033.5367296,10608.9913628
2025-08-15,65700.3931779,33356.1285122,10969.1367989,42236.3462739,21061.3426851,10567.947721,21045.8585605,10669.6743862
2025-08-18,65686.0917597,33322.1319059,11052.4306564,42189.3941595,21041.4368637,10556.4235074,21013.0003447,10579.2443164
2025-08-19,65329.7312438,33282.4680837,10973.4087083,42270.4982298,21094.5143449,10566.9871776,20897.9903217,10761.29624
2025-08-20,65156.155992,33367.4584849,10969.1367989,42296.1087843,21125.4785636,10578.5136984,21109.5234429,10792.2322171
2025-08-21,64894.7571459,33208.812114,10949.9157193,42197.9321485,21063.5518922,10580.4332471,21036.2756106,10760.1063582
2025-08-22,65891.3272183,33747.0861415,11142.1315405,42432.7234327,21180.7687838,10652.4632355,21261.4989586,10968.3356826
2025-08-25,65601.3381694,33327.7946628,11095.1447249,42368.6885155,21138.7479339,10632.2949003,21210.1559072,10905.2728955
2025-08-26,65876.0087822,33339.1313238,11071.6525736,42419.9130368,21194.043452,10657.2636454,21364.1850615,10876.715731
2025-08-27,66026.1168217,33299.4675016,10996.9025349,42462.6063941,21233.848031,10681.2726161,21407.3135589,10944.5380455
2025-08-28,66259.9361661,33435.4516977,11037.4814863,42513.8309155,21282.505332,10687.9956509,21566.1352327,10915.9799299
2025-08-29,65864.7773681,33265.4708952,11005.4446785,42458.3305747,21264.8087177,10676.4714372,21774.2463194,10975.4740226
2025-09-02,64986.8421436,32493.4210718,10831.1403573,43324.5614291,21662.2807145,10831.1403573,21662.2807145,10831.1403573
2025-09-03,65339.0367942,32566.0127067,10860.6068439,43482.3110245,21737.0942972,10855.6340996,21831.9395281,10837.1105566
2025-09-04,65885.1020761,32767.0387378,10814.3021291,43657.5836975,21834.5794827,10872.2897193,21735.46675,10918.3043127
2025-09-05,65694.2831412,32923.3857261,10938.4838558,43863.5278664,21941.136918,10920.2954846,22025.5469971,11041.2913729
2025-09-08,65855.6651362,33241.6780407,11045.8265288,44012.5246513,22009.1481176,10942.8304779,22276.375408,10976.8122659
2025-09-09,66007.9171587,33152.3331379,11087.9220993,43924.8813321,21957.0007247,10921.2772039,22225.8101416,10951.7383833
2025-09-10,66198.7360936,33174.6715608,11138.4359585,44012.5246513,22015.9505007,10937.9312604,22305.6498221,10933.8277854
2025-09-11,66748.870304,33543.2170873,11277.3509285,44095.7793456,22049.9606114,10955.5685995,22272.383627,11133.2333967
2025-09-12,66726.5288722,33403.6189726,11256.303556,44056.3480566,21986.4765149,10940.8709472,22316.2952482,11081.8887282
2025-09-15,67081.7752192,33671.6470893,11332.0755829,44130.835975,22022.7510793,10951.6487566,22548.4926407,11063.9781303
2025-09-16,66989.4205878,33632.5597929,11403.6384656,44148.3660354,22036.3558453,10961.4456282,22593.7341788,11005.4701771
2025-09-17,66906.1833704,33515.2957067,11475.1988718,44069.4894921,21988.7409686,10954.5876618,22419.419641,10991.1416987
2025-09-18,67218.8001558,33621.3916801,11422.5808532,43946.8000174,21916.1972527,10924.2145459,22329.600508,11015.0215415
2025-09-19,67551.7301878,33468.2195733,11407.7708399,43946.8000174,21907.1250029,10918.3375172,22566.4556551,10943.3810587
2025-09-22,67871.3168971,33647.7640701,11439.5057573,43894.2063449,21870.8558515,10891.8842442,22957.0004613,10945.768184
2025-09-23,67501.8606962,33597.2669744,11437.3900411,43964.3265865,21932.0682769,10921.2772039,23050.8113753,11005.4701771
2025-09-24,67287.0928517,33361.6138612,11416.2320537,43881.0684009,21873.1257183,10901.6803342,22841.9007255,10897.2210621
2025-09-25,66976.6675108,33137.1837895,11350.6473281,43819.7219179,21825.5126459,10884.0461216,22937.0415564,10864.6736926
2025-09-26,67360.3775201,33333.5584543,11329.4901662,43850.3934137,21814.174138,10886.0056522,23069.4403633,10971.9587945
2025-09-29,67549.6957236,33501.8821066,11412.0014468,43933.648108,21877.6546258,10899.7223668,23450.0057171,10975.575275
2025-09-30,67804.1419007,33619.7064661,11462.7786354,43929.2699571,21868.5841804,10896.78268,23650.2688616,11020.1756704
2025-10-01,67519.3336796,33759.6668398,11253.2222799,45012.8891197,22506.4445599,11253.2222799,22506.4445599,11253.2222799
2025-10-02,67597.0978203,33832.3633134,11284.1827495,45062.3145379,22529.7657181,11248.1629506,22428.0585487,11194.2272315
2025-10-03,67596.1007643,34145.5229123,11308.9525748,45012.8891197,22485.4497802,11236.020238,22608.2217501,11236.0148231
2025-10-06,67838.5100178,34212.628697,11348.1685791,44914.034715,22420.1390625,11216.7981708,23034.2903877,11130.31674
2025-10-07,67587.0026278,33916.2455443,11286.2476399,44990.4298329,22476.1202064,11248.1629506,23153.1349396,11089.7582525
2025-10-08,67990.0251486,34022.4949103,11350.2334694,44994.9188356,22480.7822172,11256.2567495,23534.9522895,11031.9923081
2025-10-09,67793.0567248,33731.7068261,11251.1581949,44940.997278,22464.4587019,11243.1036213,23100.6653902,10971.7691288
2025-10-10,65960.7605799,33094.2040608,10844.5398933,45125.2176692,22604.409711,11282.5646173,23333.9289794,10831.6571053
2025-10-13,66972.8659503,33440.9165521,11145.8914708,45210.5907924,22616.0693647,11310.8949276,23900.9678128,10900.484013
2025-10-14,66891.0512694,33541.5730393,11046.8161963,45282.4790658,22674.3805886,11298.7522149,24071.6491466,11012.3276164
2025-10-15,67188.0181839,33776.443286,11214.0054703,45264.5052133,22648.7237982,11295.7169397,24488.8686842,11172.1053048
2025-10-16,66730.4442336,33921.838423,11251.1581949,45426.2591809,22753.6902937,11322.0240017,25061.5966382,11132.7749481
2025-10-17,67109.2320607,33949.7984367,11224.3258953,45363.3489129,22716.3645958,11299.7650477,24590.0111776,11205.2901412
2025-10-20,67807.2024576,34246.1815894,11358.4890041,45439.7404624,22746.6926508,11309.8820948,25485.1361347,11318.3618755
2025-10-21,67806.1867068,33938.6126793,11257.3504499,45484.6768779,22788.6766579,11334.1642971,23847.2346574,11286.4071163
2025-10-22,67453.6713067,33949.7984367,11251.1581949,45480.1807385,22793.3405194,11352.3775603,23849.7637985,11334.3402282
2025-10-23,67853.6652698,34123.1557773,11335.7848745,45399.3037547,22718.7002281,11330.1186063,23945.2191006,11326.966577
2025-10-24,68408.2029215,34234.9980219,11389.450279,45444.2366018,22739.693157,11329.1065793,23864.9347867,11360.1514134
2025-10-27,69215.2699457,34486.6425249,11484.3965782,45475.6881674,22739.693157,11326.071304,23200.5462069,11392.1051994
2025-10-28,69399.0959244,34481.0496462,11478.2043232,45502.6400253,22760.686086,11335.1771299,23034.2903877,11168.4179926
2025-10-29,69432.4349862,34285.3251706,11511.2296831,45286.9680685,22613.7355832,11275.4820397,22947.0533473,10880.8193212
2025-10-30,68668.8084481,34128.7442762,11391.5135587,45201.5949452,22581.079299,11251.1966144,23397.7767699,10932.4397453
2025-10-31,68894.0558742,34100.7864524,11346.1052994,45174.6466557,22590.4107235,11269.4098776,23270.7139564,10960.7081655
2025-11-03,68338.5165704,34169.2582852,11389.7527617,45559.0110469,22779.5055235,11389.7527617,22779.5055235,11389.7527617
2025-11-04,67528.4624583,33716.5006225,11230.5575508,45581.7721368,22807.835332,11394.8844278,22380.4724644,11408.9369432
2025-11-05,67762.4819296,33928.9057492,11329.796522,45458.88315,22699.2436453,11352.793683,22639.2885175,11419.1685742
2025-11-06,67035.4359369,33772.3954412,11286.3787662,45627.2871101,22814.9117159,11383.5918287,22612.1096085,11364.1701397
2025-11-07,67101.4339934,33878.599099,11276.042012,45609.0840033,22824.3574749,11385.646288,22750.4735927,11540.6771673
2025-11-10,68148.5060864,34292.2286375,11426.9679809,45590.8772933,22793.6657599,11387.6991174,23372.4969893,11534.2807523
2025-11-11,68304.5211239,34504.6315753,11439.373054,45727.4294197,22864.4856133,11433.8987807,23464.5335447,11663.4648409
2025-11-12,68342.5269226,34728.2196057,11437.3055418,45709.2191066,22869.2056921,11409.2591233,23842.5650622,11576.4904076
2025-11-13,67208.4486977,34320.1804246,11335.9990585,45572.6705834,22803.1077847,11383.5918287,23649.84326,11434.516527
2025-11-14,67197.4356537,34275.4597541,11340.1332762,45518.0468503,22765.3415528,11370.2472151,23223.0129896,11458.8180431
2025-11-17,66571.4011765,33833.8806174,11209.882429,45527.15561,22791.3057205,11372.2984147,22956.7848495,11364.1701397
2025-11-18,66012.364259,33487.3244236,11172.6680165,45554.4602702,22829.0775537,11380.5121771,23123.5643472,11410.2160237
2025-11-19,66267.385636,33375.5325972,11147.8586771,45554.4602702,22812.5535437,11366.1399265,23161.2430845,11320.6834294
2025-11-20,65257.3198386,32922.7771234,11015.5395111,45609.0840033,22866.8456527,11371.2724074,23154.4492998,11273.3594777
2025-11-21,65907.3609006,33409.0725529,10972.122562,45718.3278663,22942.385585,11397.9657092,23118.6216992,11456.2619077
2025-11-24,66877.4218931,33571.1710294,11083.7657996,45809.3686225,22977.7955117,11403.0990052,23484.918669,11486.9578133
2025-11-25,67506.4733891,33889.777625,11133.3852852,45882.1954624,23036.8058325,11423.6321889,23477.504697,11593.1174409
2025-11-26,67972.5009859,34253.0983244,11187.1406018,45955.0186991,23055.6917491,11448.2718463,23665.2857362,11644.2776212
2025-11-28,68343.5202559,34415.1989898,11226.4225264,45891.2934127,23015.5617435,11422.6061816,23959.3110877,11682.6490224
2025-12-01,68722.2008828,34361.1004414,11453.7001471,45814.8005886,22907.4002943,11453.7001471,22907.4002943,11453.7001471
2025-12-02,68849.4854311,34473.2857575,11428.3652165,45874.3277911,22926.3531196,11456.8094468,22759.8754747,11413.106048
2025-12-03,69087.900116,34658.3832923,11413.5860264,45961.3190827,22973.7351828,11482.7224652,22738.7174797,11442.2827743
2025-12-04,69138.407582,34748.1293487,11438.9217808,45851.4338248,22902.6583512,11467.174326,22753.4111296,11414.3756494
2025-12-05,69269.7369656,34798.6088971,11485.3698402,45801.0649313,22855.2800247,11448.5160668,22712.8565122,11401.6886752
2025-12-08,69061.6304998,34725.6922854,11443.1444066,45727.8129098,22807.8923564,11425.7148093,22652.9070661,11314.1595009
2025-12-09,69002.0299448,34686.4301704,11424.1425907,45686.5987126,22774.7230437,11411.201189,22769.2796259,11271.0282078
2025-12-10,69459.6634858,35079.0666961,11519.1508461,45833.113594,22848.1727153,11448.5160668,22866.2573569,11311.6223069
2025-12-11,69621.2948561,35224.8977229,11493.8142679,45842.2791285,22850.5380817,11443.335268,23112.5230738,11361.0955805
2025-12-12,68872.7260951,35045.4078066,11388.250272,45700.3307571,22788.9413995,11425.7148093,23241.827911,11347.1420181
2025-12-15,68768.669746,35247.3325896,11354.4692661,45746.1259152,22807.8923564,11417.4214292,23262.985906,11382.6617292
2025-12-16,68580.7687596,35034.1903732,11291.1315275,45833.113594,22871.8637469,11419.4945691,23268.2771984,11298.936337
2025-12-17,67826.1358618,34787.3914637,11217.2364009,45819.3779367,22867.1218038,11431.9325882,23468.1104791,11340.7980287
2025-12-18,68338.3154718,35062.2350548,11312.2446562,45933.851381,22926.3531196,11453.7001471,23425.7926955,11281.1769836
2025-12-19,68957.6925665,35273.2818275,11433.4462066,45866.7771537,22874.7746796,11431.0334345,23452.2401892,11238.046695
2025-12-22,69387.2927189,35438.6988839,11506.6419558,45848.4063444,22851.0051761,11414.3974507,23993.5555454,11295.7814177
2025-12-23,69704.4165336,35672.5583181,11560.4610754,45848.4063444,22841.4988694,11419.5954778,24311.5263458,11288.0995256
2025-12-24,69949.618315,35752.4136163,11556.1552493,45949.4765039,22900.9207598,11443.5100122,24211.0204886,11362.3471021
2025-12-26,69942.5258303,35826.5668472,11629.3501746,45958.6601022,22922.3118182,11442.4713913,24493.7261705,11375.1475772
2025-12-29,69693.2729811,35775.2306708,11541.0860935,46013.7905939,22955.5876284,11452.8682659,23427.5558617,11398.1902402
2025-12-30,69608.1693966,35815.1583199,11584.1418835,45995.4125591,22931.8199933,11450.7885628,23444.6009979,11421.2329033
2025-12-31,69092.4435442,35632.6306691,11573.3769063,45885.1551885,22855.7601979,11427.9142901,23292.9615259,11327.7836097
